<?xml version="1.0" encoding="UTF-8"?>
<osm version="0.6" generator="Overpass API 0.7.62.11 87bfad18">
<note>The data included in this document is from www.openstreetmap.org. The data is made available under ODbL.</note>
<meta osm_base="2026-07-07T11:30:02Z"/>

  <node id="21432799" lat="52.5221923" lon="13.4164399"/>
  <node id="21432801" lat="52.5207921" lon="13.4153600"/>
  <node id="21487184" lat="52.5226628" lon="13.4098307">
    <tag k="button_operated" v="yes"/>
    <tag k="crossing" v="traffic_signals"/>
    <tag k="crossing:island" v="no"/>
    <tag k="crossing:markings" v="dashes"/>
    <tag k="highway" v="crossing"/>
    <tag k="tactile_paving" v="yes"/>
    <tag k="traffic_signals:sound" v="yes"/>
    <tag k="traffic_signals:vibration" v="yes"/>
  </node>
  <node id="21487209" lat="52.5183639" lon="13.4070838"/>
  <node id="21582728" lat="52.5181988" lon="13.4097906"/>
  <node id="27411306" lat="52.5226495" lon="13.4101981"/>
  <node id="27411994" lat="52.5229212" lon="13.4088548"/>
  <node id="28795321" lat="52.5203488" lon="13.4158862"/>
  <node id="29219440" lat="52.5184209" lon="13.4072256"/>
  <node id="29219452" lat="52.5198792" lon="13.4140348"/>
  <node id="29219453" lat="52.5192976" lon="13.4148098"/>
  <node id="29219454" lat="52.5186548" lon="13.4153249"/>
  <node id="29219462" lat="52.5176577" lon="13.4139698"/>
  <node id="29219464" lat="52.5204791" lon="13.4119613"/>
  <node id="29219465" lat="52.5222631" lon="13.4094170">
    <tag k="button_operated" v="no"/>
    <tag k="crossing" v="traffic_signals"/>
    <tag k="crossing:island" v="no"/>
    <tag k="crossing:markings" v="dashes"/>
    <tag k="highway" v="crossing"/>
    <tag k="tactile_paving" v="yes"/>
    <tag k="traffic_signals:sound" v="yes"/>
    <tag k="traffic_signals:vibration" v="yes"/>
  </node>
  <node id="29221516" lat="52.5226466" lon="13.4086159"/>
  <node id="29221586" lat="52.5220341" lon="13.4162651"/>
  <node id="30731467" lat="52.5203663" lon="13.4145456"/>
  <node id="30731484" lat="52.5206803" lon="13.4151372"/>
  <node id="30731504" lat="52.5221620" lon="13.4094496">
    <tag k="railway" v="tram_crossing"/>
  </node>
  <node id="30731514" lat="52.5207280" lon="13.4150324"/>
  <node id="30731526" lat="52.5203233" lon="13.4146648"/>
  <node id="31154724" lat="52.5177727" lon="13.4081276"/>
  <node id="171445567" lat="52.5206829" lon="13.4066358"/>
  <node id="196731867" lat="52.5206399" lon="13.4159287"/>
  <node id="196741110" lat="52.5222865" lon="13.4086455"/>
  <node id="196741111" lat="52.5222125" lon="13.4087419"/>
  <node id="196761829" lat="52.5225804" lon="13.4103198"/>
  <node id="196761869" lat="52.5189520" lon="13.4087725">
    <tag k="crossing" v="unmarked"/>
    <tag k="crossing:island" v="no"/>
    <tag k="crossing:markings" v="no"/>
    <tag k="highway" v="crossing"/>
    <tag k="kerb" v="lowered"/>
    <tag k="tactile_paving" v="no"/>
  </node>
  <node id="196763697" lat="52.5212875" lon="13.4096872"/>
  <node id="196763698" lat="52.5217868" lon="13.4103371">
    <tag k="access" v="yes"/>
    <tag k="entrance" v="yes"/>
    <tag k="entrance_marker:s-train" v="yes"/>
    <tag k="level" v="0"/>
    <tag k="public_transport" v="entrance"/>
    <tag k="railway" v="train_station_entrance"/>
    <tag k="wheelchair" v="yes"/>
  </node>
  <node id="196763703" lat="52.5210830" lon="13.4124106"/>
  <node id="262467617" lat="52.5201041" lon="13.4159802"/>
  <node id="262467622" lat="52.5195865" lon="13.4134114"/>
  <node id="262467623" lat="52.5201608" lon="13.4145555"/>
  <node id="262467975" lat="52.5195936" lon="13.4129696"/>
  <node id="262468768" lat="52.5184540" lon="13.4103264"/>
  <node id="262477593" lat="52.5230633" lon="13.4085282"/>
  <node id="262487188" lat="52.5178455" lon="13.4156470"/>
  <node id="262487190" lat="52.5188131" lon="13.4152212"/>
  <node id="262819307" lat="52.5230454" lon="13.4134865"/>
  <node id="270718978" lat="52.5231638" lon="13.4109804"/>
  <node id="270727248" lat="52.5220952" lon="13.4087393">
    <tag k="disused:bus" v="yes"/>
    <tag k="disused:public_transport" v="stop_position"/>
    <tag k="disused:ref:BVG" v="107156"/>
  </node>
  <node id="270727260" lat="52.5229131" lon="13.4102480">
    <tag k="bench" v="yes"/>
    <tag k="bin" v="no"/>
    <tag k="bus" v="yes"/>
    <tag k="gtfs:stop_id" v="de:11000:900100031::3"/>
    <tag k="highway" v="bus_stop"/>
    <tag k="lit" v="no"/>
    <tag k="local_ref" v="2"/>
    <tag k="name" v="S+U Alexanderplatz/Memhardstraße"/>
    <tag k="public_transport" v="stop_position"/>
    <tag k="ref" v="2"/>
    <tag k="ref:BVG" v="107177"/>
    <tag k="shelter" v="no"/>
    <tag k="source" v="survey"/>
    <tag k="tactile_paving" v="no"/>
    <tag k="website" v="https://fahrinfo.vbb.de/bin/stboard.exe/dn?start=yes&amp;input=900100031"/>
  </node>
  <node id="271670135" lat="52.5227206" lon="13.4147974">
    <tag k="bus" v="yes"/>
    <tag k="local_ref" v="10"/>
    <tag k="name" v="U Alexanderplatz"/>
    <tag k="name:BVG" v="U Alexanderplatz [Bus]"/>
    <tag k="name:ja" v="U アレクサンダー広場"/>
    <tag k="public_transport" v="stop_position"/>
    <tag k="ref:BVG" v="105216"/>
    <tag k="website" v="https://qr.bvg.de/h105216"/>
  </node>
  <node id="295705005" lat="52.5206008" lon="13.4151719">
    <tag k="button_operated" v="no"/>
    <tag k="crossing" v="traffic_signals"/>
    <tag k="highway" v="crossing"/>
    <tag k="kerb" v="lowered"/>
    <tag k="tactile_paving" v="yes"/>
    <tag k="traffic_signals:sound" v="yes"/>
    <tag k="traffic_signals:vibration" v="yes"/>
  </node>
  <node id="302245549" lat="52.5199465" lon="13.4094104"/>
  <node id="302245552" lat="52.5210833" lon="13.4074194"/>
  <node id="315140141" lat="52.5220655" lon="13.4148647">
    <tag k="destination" v="Karl-Liebknecht-Straße;Memhardstr.;Karl-Marx-Alllee;Otto-Braun-Str.;Mollstr.;Senatsverwaltung für Bildung, Jugend und Familie;Tram M4; Tram M5, Tram M6"/>
    <tag k="entrance" v="yes"/>
    <tag k="entrance_marker:subway" v="yes"/>
    <tag k="level" v="0"/>
    <tag k="name" v="Alexanderplatz"/>
    <tag k="name:de" v="Alexanderplatz"/>
    <tag k="name:ja" v="アレクサンダー広場"/>
    <tag k="public_transport" v="entrance"/>
    <tag k="railway" v="subway_entrance"/>
    <tag k="ref" v="Q"/>
    <tag k="wheelchair" v="no"/>
  </node>
  <node id="315140146" lat="52.5204665" lon="13.4120532">
    <tag k="destination" v="Rathausstraße;Gontardstraße;Berliner Rathaus;Fernsehturm;Nikolaiviertel;Rathauspassagen;Tram"/>
    <tag k="entrance" v="yes"/>
    <tag k="entrance_marker:subway" v="yes"/>
    <tag k="level" v="0"/>
    <tag k="name" v="Alexanderplatz"/>
    <tag k="name:de" v="Alexanderplatz"/>
    <tag k="name:ja" v="アレクサンダー広場"/>
    <tag k="public_transport" v="entrance"/>
    <tag k="railway" v="subway_entrance"/>
    <tag k="ref" v="H"/>
    <tag k="wheelchair" v="no"/>
  </node>
  <node id="315294362" lat="52.5210577" lon="13.4126101">
    <tag k="bicycle" v="yes"/>
    <tag k="description:de" v="Fahrstuhl U8"/>
    <tag k="entrance" v="yes"/>
    <tag k="entrance_marker:subway" v="yes"/>
    <tag k="highway" v="elevator"/>
    <tag k="level" v="-3;-1;0"/>
    <tag k="public_transport" v="entrance"/>
    <tag k="wheelchair" v="yes"/>
  </node>
  <node id="315294363" lat="52.5207199" lon="13.4127713">
    <tag k="check_date:wheelchair" v="2022-06-30"/>
    <tag k="entrance" v="yes"/>
    <tag k="entrance_marker:subway" v="yes"/>
    <tag k="level" v="0"/>
    <tag k="name" v="Alexanderplatz"/>
    <tag k="name:de" v="Alexanderplatz"/>
    <tag k="name:ja" v="アレクサンダー広場"/>
    <tag k="public_transport" v="entrance"/>
    <tag k="railway" v="subway_entrance"/>
    <tag k="ref" v="J"/>
    <tag k="wheelchair" v="no"/>
  </node>
  <node id="320887602" lat="52.5202694" lon="13.4147437">
    <tag k="highway" v="traffic_signals"/>
  </node>
  <node id="322093125" lat="52.5202393" lon="13.4166000"/>
  <node id="322093144" lat="52.5204995" lon="13.4160239"/>
  <node id="322093163" lat="52.5205093" lon="13.4158804"/>
  <node id="322093198" lat="52.5204793" lon="13.4157413"/>
  <node id="323204755" lat="52.5175803" lon="13.4135930"/>
  <node id="341340978" lat="52.5188163" lon="13.4065712"/>
  <node id="437609972" lat="52.5190258" lon="13.4109395">
    <tag k="entrance" v="main"/>
  </node>
  <node id="437610024" lat="52.5188167" lon="13.4108585">
    <tag k="access" v="yes"/>
    <tag k="amenity" v="parking_entrance"/>
    <tag k="fee" v="yes"/>
    <tag k="foot" v="no"/>
    <tag k="maxheight" v="2"/>
    <tag k="maxlength" v="5"/>
    <tag k="motorcycle" v="no"/>
    <tag k="parking" v="multi-storey"/>
    <tag k="trailer" v="no"/>
  </node>
  <node id="526812433" lat="52.5223704" lon="13.4092706">
    <tag k="highway" v="traffic_signals"/>
  </node>
  <node id="539782280" lat="52.5180015" lon="13.4155768"/>
  <node id="539782360" lat="52.5190436" lon="13.4150517"/>
  <node id="539782362" lat="52.5194223" lon="13.4146668"/>
  <node id="540764470" lat="52.5181585" lon="13.4119886"/>
  <node id="540767799" lat="52.5179331" lon="13.4121554"/>
  <node id="540767877" lat="52.5183621" lon="13.4122642">
    <tag k="addr:city" v="Berlin"/>
    <tag k="addr:country" v="DE"/>
    <tag k="addr:housenumber" v="73a"/>
    <tag k="addr:postcode" v="10179"/>
    <tag k="addr:street" v="Klosterstraße"/>
    <tag k="addr:suburb" v="Mitte"/>
    <tag k="door" v="gate"/>
    <tag k="entrance" v="main"/>
    <tag k="level" v="-1"/>
    <tag k="wheelchair" v="no"/>
  </node>
  <node id="542562811" lat="52.5226112" lon="13.4083179"/>
  <node id="542562823" lat="52.5226090" lon="13.4084609"/>
  <node id="560470210" lat="52.5205022" lon="13.4158171"/>
  <node id="574262495" lat="52.5206131" lon="13.4122255"/>
  <node id="612043272" lat="52.5182993" lon="13.4159427">
    <tag k="access" v="permissive"/>
    <tag k="entrance" v="yes"/>
    <tag k="name" v="Eingang Ravelinplatz"/>
  </node>
  <node id="616476681" lat="52.5220007" lon="13.4147450">
    <tag k="level" v="-1"/>
  </node>
  <node id="616476945" lat="52.5219227" lon="13.4143930">
    <tag k="level" v="-1"/>
  </node>
  <node id="616476947" lat="52.5219665" lon="13.4144752"/>
  <node id="667465427" lat="52.5227473" lon="13.4152932">
    <tag k="button_operated" v="no"/>
    <tag k="crossing" v="traffic_signals"/>
    <tag k="highway" v="crossing"/>
    <tag k="tactile_paving" v="yes"/>
    <tag k="traffic_signals:sound" v="yes"/>
    <tag k="traffic_signals:vibration" v="yes"/>
  </node>
  <node id="667465428" lat="52.5225841" lon="13.4150880">
    <tag k="button_operated" v="no"/>
    <tag k="crossing" v="traffic_signals"/>
    <tag k="highway" v="crossing"/>
    <tag k="tactile_paving" v="yes"/>
    <tag k="traffic_signals:sound" v="yes"/>
    <tag k="traffic_signals:vibration" v="yes"/>
  </node>
  <node id="677136769" lat="52.5217302" lon="13.4165615"/>
  <node id="677136779" lat="52.5212645" lon="13.4169649"/>
  <node id="677136784" lat="52.5214414" lon="13.4164513"/>
  <node id="677136829" lat="52.5215202" lon="13.4173928"/>
  <node id="677136871" lat="52.5211918" lon="13.4174146"/>
  <node id="735963001" lat="52.5225331" lon="13.4099812">
    <tag k="button_operated" v="yes"/>
    <tag k="crossing" v="traffic_signals"/>
    <tag k="crossing:island" v="no"/>
    <tag k="crossing:markings" v="dashes"/>
    <tag k="highway" v="crossing"/>
    <tag k="tactile_paving" v="yes"/>
    <tag k="traffic_signals:sound" v="yes"/>
    <tag k="traffic_signals:vibration" v="yes"/>
  </node>
  <node id="735967920" lat="52.5209758" lon="13.4151293"/>
  <node id="735967921" lat="52.5208971" lon="13.4154630">
    <tag k="button_operated" v="no"/>
    <tag k="crossing" v="traffic_signals"/>
    <tag k="highway" v="crossing"/>
    <tag k="kerb" v="lowered"/>
    <tag k="tactile_paving" v="yes"/>
    <tag k="traffic_signals:sound" v="yes"/>
    <tag k="traffic_signals:vibration" v="yes"/>
  </node>
  <node id="735967923" lat="52.5211241" lon="13.4152796">
    <tag k="highway" v="traffic_signals"/>
  </node>
  <node id="735967926" lat="52.5208789" lon="13.4150294"/>
  <node id="768038173" lat="52.5200685" lon="13.4137608"/>
  <node id="768038174" lat="52.5217392" lon="13.4102410"/>
  <node id="768038180" lat="52.5225964" lon="13.4123572"/>
  <node id="768038185" lat="52.5221594" lon="13.4106647"/>
  <node id="768038188" lat="52.5229223" lon="13.4117988"/>
  <node id="768074045" lat="52.5208099" lon="13.4077802"/>
  <node id="768074054" lat="52.5182931" lon="13.4073958">
    <tag k="button_operated" v="no"/>
    <tag k="crossing" v="traffic_signals"/>
    <tag k="crossing:island" v="no"/>
    <tag k="highway" v="crossing"/>
    <tag k="image" v="https://storage13.openstreetcam.org/files/photo/2020/8/14/lth/2912326_8ef4c_5f3697b8c6a30.jpg"/>
    <tag k="survey:date" v="2020-08-14"/>
    <tag k="tactile_paving" v="yes"/>
    <tag k="traffic_signals:sound" v="yes"/>
    <tag k="traffic_signals:vibration" v="yes"/>
    <tag k="wheelchair" v="yes"/>
  </node>
  <node id="768074059" lat="52.5207706" lon="13.4077879"/>
  <node id="768074068" lat="52.5219109" lon="13.4087211">
    <tag k="bench" v="yes"/>
    <tag k="bin" v="yes"/>
    <tag k="bus" v="yes"/>
    <tag k="gtfs:stop_id" v="de:11000:900100031::4"/>
    <tag k="highway" v="bus_stop"/>
    <tag k="lit" v="yes"/>
    <tag k="local_ref" v="24"/>
    <tag k="name" v="S+U Alexanderplatz/Memhardstraße"/>
    <tag k="public_transport" v="stop_position"/>
    <tag k="shelter" v="yes"/>
    <tag k="tactile_paving" v="yes"/>
  </node>
  <node id="838990134" lat="52.5199242" lon="13.4160623"/>
  <node id="838990136" lat="52.5202080" lon="13.4138598"/>
  <node id="863119413" lat="52.5216447" lon="13.4103635"/>
  <node id="887157684" lat="52.5217023" lon="13.4079553"/>
  <node id="888363844" lat="52.5221176" lon="13.4109093"/>
  <node id="888371797" lat="52.5213665" lon="13.4119355"/>
  <node id="888375474" lat="52.5219665" lon="13.4106394">
    <tag k="level" v="0"/>
  </node>
  <node id="888375870" lat="52.5211652" lon="13.4115582"/>
  <node id="961807409" lat="52.5222639" lon="13.4163046">
    <tag k="button_operated" v="no"/>
    <tag k="crossing" v="traffic_signals"/>
    <tag k="highway" v="crossing"/>
    <tag k="kerb" v="lowered"/>
    <tag k="mapillary" v="2835772580006953"/>
    <tag k="survey:date" v="2018-05-19"/>
    <tag k="tactile_paving" v="yes"/>
    <tag k="traffic_signals:sound" v="yes"/>
    <tag k="traffic_signals:vibration" v="yes"/>
    <tag k="wheelchair" v="yes"/>
  </node>
  <node id="961807418" lat="52.5221005" lon="13.4161243">
    <tag k="button_operated" v="no"/>
    <tag k="crossing" v="traffic_signals"/>
    <tag k="highway" v="crossing"/>
    <tag k="kerb" v="lowered"/>
    <tag k="mapillary" v="976301449774760"/>
    <tag k="survey:date" v="2018-05-19"/>
    <tag k="tactile_paving" v="yes"/>
    <tag k="traffic_signals:sound" v="yes"/>
    <tag k="traffic_signals:vibration" v="yes"/>
    <tag k="wheelchair" v="yes"/>
  </node>
  <node id="961816249" lat="52.5207120" lon="13.4154605">
    <tag k="button_operated" v="no"/>
    <tag k="crossing" v="traffic_signals"/>
    <tag k="highway" v="crossing"/>
    <tag k="kerb" v="lowered"/>
    <tag k="tactile_paving" v="yes"/>
    <tag k="traffic_signals:sound" v="yes"/>
    <tag k="traffic_signals:vibration" v="yes"/>
  </node>
  <node id="961816257" lat="52.5206005" lon="13.4153613">
    <tag k="button_operated" v="no"/>
    <tag k="crossing" v="traffic_signals"/>
    <tag k="highway" v="crossing"/>
    <tag k="kerb" v="lowered"/>
    <tag k="tactile_paving" v="yes"/>
    <tag k="traffic_signals:sound" v="yes"/>
    <tag k="traffic_signals:vibration" v="yes"/>
  </node>
  <node id="961878738" lat="52.5178331" lon="13.4090573"/>
  <node id="962009671" lat="52.5183869" lon="13.4117700"/>
  <node id="962009695" lat="52.5187095" lon="13.4125499"/>
  <node id="967017840" lat="52.5227006" lon="13.4153933"/>
  <node id="1077038683" lat="52.5179238" lon="13.4120527">
    <tag k="level" v="-1"/>
  </node>
  <node id="1104281016" lat="52.5228292" lon="13.4148325">
    <tag k="access" v="yes"/>
    <tag k="addr:city" v="Berlin"/>
    <tag k="addr:housenumber" v="2"/>
    <tag k="addr:postcode" v="10178"/>
    <tag k="addr:street" v="Alexanderstraße"/>
    <tag k="amenity" v="parking_entrance"/>
    <tag k="capacity" v="650"/>
    <tag k="capacity:disabled" v="21"/>
    <tag k="fee" v="yes"/>
    <tag k="maxheight" v="2.1"/>
    <tag k="name" v="Am Alexanderplatz"/>
    <tag k="operator" v="Q-Park"/>
    <tag k="parking" v="underground"/>
    <tag k="website" v="https://www.q-park.de/de-de/staedte/berlin/am-alexanderplatz/"/>
  </node>
  <node id="1166137166" lat="52.5230897" lon="13.4154875"/>
  <node id="1166137168" lat="52.5227821" lon="13.4152166"/>
  <node id="1166137172" lat="52.5239166" lon="13.4136222"/>
  <node id="1256247780" lat="52.5227109" lon="13.4153718"/>
  <node id="1273546310" lat="52.5236856" lon="13.4132421"/>
  <node id="1275468904" lat="52.5230745" lon="13.4069855"/>
  <node id="1275468905" lat="52.5232400" lon="13.4136776">
    <tag k="button_operated" v="yes"/>
    <tag k="crossing" v="traffic_signals"/>
    <tag k="crossing:island" v="no"/>
    <tag k="crossing:kerb_extension" v="right"/>
    <tag k="highway" v="crossing"/>
    <tag k="mapillary" v="311290573724868"/>
    <tag k="survey:date" v="2017-12-05"/>
    <tag k="tactile_paving" v="yes"/>
    <tag k="traffic_signals:sound" v="yes"/>
    <tag k="traffic_signals:vibration" v="yes"/>
    <tag k="wheelchair" v="yes"/>
  </node>
  <node id="1275468906" lat="52.5229174" lon="13.4075828"/>
  <node id="1275468915" lat="52.5229987" lon="13.4073359"/>
  <node id="1566942145" lat="52.5225163" lon="13.4152257"/>
  <node id="1566942204" lat="52.5226822" lon="13.4154312"/>
  <node id="1615531694" lat="52.5226344" lon="13.4101710"/>
  <node id="1621775512" lat="52.5208375" lon="13.4115479"/>
  <node id="1621775517" lat="52.5208750" lon="13.4116285"/>
  <node id="1621775521" lat="52.5212254" lon="13.4109390"/>
  <node id="1621775524" lat="52.5212667" lon="13.4110223"/>
  <node id="1630500695" lat="52.5225725" lon="13.4096635"/>
  <node id="1711820637" lat="52.5211164" lon="13.4126501">
    <tag k="railway" v="tram_crossing"/>
  </node>
  <node id="1711820643" lat="52.5225389" lon="13.4102316">
    <tag k="button_operated" v="no"/>
    <tag k="crossing" v="traffic_signals"/>
    <tag k="crossing:island" v="no"/>
    <tag k="crossing:markings" v="dashes"/>
    <tag k="highway" v="crossing"/>
    <tag k="tactile_paving" v="yes"/>
    <tag k="traffic_signals:sound" v="yes"/>
    <tag k="traffic_signals:vibration" v="yes"/>
  </node>
  <node id="1711820647" lat="52.5225503" lon="13.4102558">
    <tag k="railway" v="tram_crossing"/>
  </node>
  <node id="1711820649" lat="52.5226626" lon="13.4102215"/>
  <node id="1752085816" lat="52.5226042" lon="13.4150453">
    <tag k="highway" v="traffic_signals"/>
  </node>
  <node id="1769671787" lat="52.5218868" lon="13.4144090"/>
  <node id="1769671796" lat="52.5219221" lon="13.4143197"/>
  <node id="1803575761" lat="52.5187477" lon="13.4067426"/>
  <node id="1803917769" lat="52.5207878" lon="13.4118617"/>
  <node id="1803917777" lat="52.5208540" lon="13.4117425"/>
  <node id="1813690786" lat="52.5210161" lon="13.4121267">
    <tag k="bicycle" v="yes"/>
    <tag k="highway" v="elevator"/>
    <tag k="indoor" v="yes"/>
    <tag k="level" v="0;1"/>
    <tag k="operator" v="DB InfraGO AG"/>
    <tag k="ref:operator_inventory" v="10455435"/>
    <tag k="ref:station" v="53"/>
    <tag k="wheelchair" v="yes"/>
  </node>
  <node id="1827996414" lat="52.5203426" lon="13.4056292">
    <tag k="bench" v="yes"/>
    <tag k="bin" v="yes"/>
    <tag k="bus" v="yes"/>
    <tag k="gtfs:stop_id" v="de:11000:900100515::4"/>
    <tag k="highway" v="bus_stop"/>
    <tag k="lit" v="yes"/>
    <tag k="name" v="Spandauer Straße/Marienkirche"/>
    <tag k="public_transport" v="stop_position"/>
    <tag k="ref:BVG" v="107173"/>
    <tag k="shelter" v="yes"/>
    <tag k="tactile_paving" v="no"/>
    <tag k="website" v="https://qr.bvg.de/h107173"/>
  </node>
  <node id="1827996501" lat="52.5205709" lon="13.4060789">
    <tag k="button_operated" v="yes"/>
    <tag k="crossing" v="traffic_signals"/>
    <tag k="crossing:island" v="no"/>
    <tag k="crossing:markings" v="dashes"/>
    <tag k="highway" v="crossing"/>
    <tag k="tactile_paving" v="yes"/>
    <tag k="traffic_signals:sound" v="yes"/>
    <tag k="traffic_signals:vibration" v="yes"/>
  </node>
  <node id="1827996603" lat="52.5208770" lon="13.4059901"/>
  <node id="1840339724" lat="52.5215406" lon="13.4116674">
    <tag k="check_date:wheelchair" v="2025-11-25"/>
    <tag k="destination" v="Dircksenstraße;Gontardstraße;Fernsehturm;Bahn;S-Bahn;Tram"/>
    <tag k="level" v="0"/>
    <tag k="name" v="Alexanderplatz"/>
    <tag k="name:ja" v="アレクサンダー広場"/>
    <tag k="railway" v="subway_entrance"/>
    <tag k="ref" v="K"/>
    <tag k="wheelchair" v="no"/>
  </node>
  <node id="1860777042" lat="52.5208095" lon="13.4114945"/>
  <node id="1860777043" lat="52.5208981" lon="13.4116720"/>
  <node id="1860777044" lat="52.5212038" lon="13.4108953"/>
  <node id="1860777050" lat="52.5212841" lon="13.4110574"/>
  <node id="1876468344" lat="52.5175344" lon="13.4084415"/>
  <node id="1986668243" lat="52.5213283" lon="13.4159358"/>
  <node id="1986691805" lat="52.5214528" lon="13.4156353"/>
  <node id="1987191204" lat="52.5223087" lon="13.4095035"/>
  <node id="2017413832" lat="52.5182699" lon="13.4130873"/>
  <node id="2017413838" lat="52.5184471" lon="13.4119856"/>
  <node id="2017413874" lat="52.5200469" lon="13.4141918"/>
  <node id="2017413876" lat="52.5200942" lon="13.4140591"/>
  <node id="2017413877" lat="52.5201700" lon="13.4142079"/>
  <node id="2017413878" lat="52.5204945" lon="13.4149257"/>
  <node id="2017413879" lat="52.5205463" lon="13.4147952"/>
  <node id="2017413880" lat="52.5206349" lon="13.4149194"/>
  <node id="2017413881" lat="52.5208077" lon="13.4151279"/>
  <node id="2017413883" lat="52.5208891" lon="13.4152199"/>
  <node id="2017413884" lat="52.5211382" lon="13.4154699"/>
  <node id="2017413886" lat="52.5215586" lon="13.4158728"/>
  <node id="2054664382" lat="52.5226451" lon="13.4149603"/>
  <node id="2054664417" lat="52.5231063" lon="13.4139657"/>
  <node id="2054664424" lat="52.5231694" lon="13.4138298"/>
  <node id="2054664430" lat="52.5231686" lon="13.4141131"/>
  <node id="2054725066" lat="52.5190704" lon="13.4086227"/>
  <node id="2058497143" lat="52.5223968" lon="13.4093217"/>
  <node id="2058497150" lat="52.5224487" lon="13.4098141"/>
  <node id="2058497175" lat="52.5225386" lon="13.4096020"/>
  <node id="2094267029" lat="52.5219067" lon="13.4145588"/>
  <node id="2094283181" lat="52.5217031" lon="13.4143623">
    <tag k="level" v="-5"/>
  </node>
  <node id="2094283182" lat="52.5217998" lon="13.4145532">
    <tag k="level" v="-1"/>
  </node>
  <node id="2094283183" lat="52.5218463" lon="13.4146432"/>
  <node id="2094392738" lat="52.5214883" lon="13.4117522">
    <tag k="level" v="-1"/>
  </node>
  <node id="2094735912" lat="52.5207699" lon="13.4127082">
    <tag k="level" v="-1"/>
  </node>
  <node id="2095738480" lat="52.5216604" lon="13.4142267">
    <tag k="bicycle" v="yes"/>
    <tag k="entrance" v="yes"/>
    <tag k="entrance_marker:subway" v="yes"/>
    <tag k="highway" v="elevator"/>
    <tag k="level" v="-5;-3;-1;0"/>
    <tag k="public_transport" v="entrance"/>
    <tag k="wheelchair" v="yes"/>
  </node>
  <node id="2095738481" lat="52.5217633" lon="13.4140397">
    <tag k="description:de" v="Aufzug zwischen U2 und U5"/>
    <tag k="highway" v="elevator"/>
    <tag k="indoor" v="yes"/>
    <tag k="level" v="-1;-3;-5"/>
    <tag k="wheelchair" v="yes"/>
  </node>
  <node id="2121324863" lat="52.5189822" lon="13.4088335"/>
  <node id="2121324871" lat="52.5194242" lon="13.4123579"/>
  <node id="2121324880" lat="52.5197882" lon="13.4117263"/>
  <node id="2121324881" lat="52.5198647" lon="13.4118728"/>
  <node id="2121324889" lat="52.5201687" lon="13.4115175"/>
  <node id="2121324896" lat="52.5202275" lon="13.4126675"/>
  <node id="2298016645" lat="52.5211803" lon="13.4075099"/>
  <node id="2348038038" lat="52.5225381" lon="13.4127826">
    <tag k="access" v="yes"/>
    <tag k="access:conditional" v="no @ (23:00-06:00)"/>
    <tag k="door" v="revolving"/>
    <tag k="entrance" v="yes"/>
  </node>
  <node id="2401396431" lat="52.5205281" lon="13.4088043">
    <tag k="addr:city" v="Berlin"/>
    <tag k="addr:housenumber" v="1A"/>
    <tag k="addr:postcode" v="10178"/>
    <tag k="addr:street" v="Panoramastraße"/>
    <tag k="entrance" v="yes"/>
  </node>
  <node id="2425782607" lat="52.5227076" lon="13.4071887">
    <tag k="entrance" v="yes"/>
    <tag k="wheelchair" v="limited"/>
    <tag k="wheelchair:description:de" v="Keine Automatiktüren"/>
    <tag k="wheelchair:description:en" v="No Automatic doors"/>
  </node>
  <node id="2425782608" lat="52.5227411" lon="13.4071459"/>
  <node id="2425782615" lat="52.5229472" lon="13.4068767"/>
  <node id="2425782616" lat="52.5229411" lon="13.4075203"/>
  <node id="2480337678" lat="52.5184577" lon="13.4069481">
    <tag k="button_operated" v="no"/>
    <tag k="crossing" v="traffic_signals"/>
    <tag k="crossing:island" v="no"/>
    <tag k="highway" v="crossing"/>
    <tag k="image" v="https://storage13.openstreetcam.org/files/photo/2020/8/15/lth/2917766_52852_5f38127a96e00.jpg"/>
    <tag k="survey:date" v="2020-08-15"/>
    <tag k="tactile_paving" v="yes"/>
    <tag k="traffic_signals:sound" v="yes"/>
    <tag k="traffic_signals:vibration" v="yes"/>
    <tag k="wheelchair" v="yes"/>
  </node>
  <node id="2531338705" lat="52.5204058" lon="13.4146884"/>
  <node id="2531338707" lat="52.5207001" lon="13.4150511"/>
  <node id="2548947450" lat="52.5185753" lon="13.4115349"/>
  <node id="2694711506" lat="52.5214434" lon="13.4099020"/>
  <node id="2694713812" lat="52.5216023" lon="13.4095774"/>
  <node id="2721065869" lat="52.5180175" lon="13.4122036"/>
  <node id="2721065871" lat="52.5182849" lon="13.4124831"/>
  <node id="2721065873" lat="52.5182945" lon="13.4124774">
    <tag k="barrier" v="entrance"/>
    <tag k="door" v="gate"/>
    <tag k="level" v="0"/>
    <tag k="wheelchair" v="yes"/>
  </node>
  <node id="2721065874" lat="52.5183175" lon="13.4120959"/>
  <node id="2721065875" lat="52.5184592" lon="13.4133646"/>
  <node id="2721065876" lat="52.5184881" lon="13.4121048"/>
  <node id="2776837145" lat="52.5209536" lon="13.4119786"/>
  <node id="2776837147" lat="52.5209551" lon="13.4120654">
    <tag k="access" v="yes"/>
    <tag k="entrance" v="yes"/>
    <tag k="level" v="0"/>
    <tag k="public_transport" v="entrance"/>
    <tag k="railway" v="train_station_entrance"/>
    <tag k="wheelchair" v="yes"/>
  </node>
  <node id="2776837148" lat="52.5209573" lon="13.4119168">
    <tag k="level" v="0"/>
  </node>
  <node id="2776837151" lat="52.5209665" lon="13.4118710"/>
  <node id="2776837154" lat="52.5209933" lon="13.4119023"/>
  <node id="2776837155" lat="52.5209986" lon="13.4120744"/>
  <node id="2776837159" lat="52.5210096" lon="13.4117798"/>
  <node id="2776837161" lat="52.5210172" lon="13.4119637"/>
  <node id="2776837163" lat="52.5210359" lon="13.4120718"/>
  <node id="2776837168" lat="52.5210457" lon="13.4118703">
    <tag k="level" v="-1"/>
  </node>
  <node id="2776837176" lat="52.5210574" lon="13.4118029">
    <tag k="level" v="0"/>
  </node>
  <node id="2776837177" lat="52.5210617" lon="13.4119208">
    <tag k="level" v="-1"/>
  </node>
  <node id="2776837178" lat="52.5210623" lon="13.4120587"/>
  <node id="2776837184" lat="52.5210824" lon="13.4118616">
    <tag k="level" v="-0.5"/>
  </node>
  <node id="2776837186" lat="52.5210837" lon="13.4118517">
    <tag k="level" v="-0.5"/>
  </node>
  <node id="2776837188" lat="52.5210844" lon="13.4118611"/>
  <node id="2776837189" lat="52.5210852" lon="13.4118544"/>
  <node id="2776837194" lat="52.5210857" lon="13.4118749">
    <tag k="level" v="-0.5"/>
  </node>
  <node id="2776837195" lat="52.5210862" lon="13.4117759">
    <tag k="level" v="0"/>
  </node>
  <node id="2776837197" lat="52.5210871" lon="13.4118723"/>
  <node id="2776837198" lat="52.5210866" lon="13.4118505"/>
  <node id="2776837200" lat="52.5210893" lon="13.4119416">
    <tag k="level" v="-1"/>
  </node>
  <node id="2776837201" lat="52.5210901" lon="13.4118798">
    <tag k="level" v="-0.5"/>
  </node>
  <node id="2776837202" lat="52.5210902" lon="13.4118761"/>
  <node id="2776837204" lat="52.5210931" lon="13.4118407">
    <tag k="level" v="-0.5"/>
  </node>
  <node id="2776837206" lat="52.5210935" lon="13.4118442"/>
  <node id="2776837207" lat="52.5211053" lon="13.4119661"/>
  <node id="2776837208" lat="52.5210941" lon="13.4118588"/>
  <node id="2776837210" lat="52.5210963" lon="13.4118775"/>
  <node id="2776837211" lat="52.5210756" lon="13.4120175"/>
  <node id="2776837213" lat="52.5210972" lon="13.4118446"/>
  <node id="2776837214" lat="52.5210980" lon="13.4118412">
    <tag k="level" v="-0.5"/>
  </node>
  <node id="2776837217" lat="52.5210993" lon="13.4118759"/>
  <node id="2776837218" lat="52.5211006" lon="13.4118790">
    <tag k="level" v="-0.5"/>
  </node>
  <node id="2776837219" lat="52.5211010" lon="13.4118477"/>
  <node id="2776837220" lat="52.5211032" lon="13.4118703"/>
  <node id="2776837221" lat="52.5211028" lon="13.4118453">
    <tag k="level" v="-0.5"/>
  </node>
  <node id="2776837223" lat="52.5211032" lon="13.4118516"/>
  <node id="2776837225" lat="52.5211043" lon="13.4118664"/>
  <node id="2776837227" lat="52.5211045" lon="13.4118563"/>
  <node id="2776837228" lat="52.5211049" lon="13.4118614"/>
  <node id="2776837229" lat="52.5211062" lon="13.4116383"/>
  <node id="2776837230" lat="52.5211065" lon="13.4118678">
    <tag k="level" v="-0.5"/>
  </node>
  <node id="2776837231" lat="52.5211067" lon="13.4118551">
    <tag k="level" v="-0.5"/>
  </node>
  <node id="2776837233" lat="52.5211103" lon="13.4117779">
    <tag k="level" v="0"/>
  </node>
  <node id="2776837237" lat="52.5211228" lon="13.4119295">
    <tag k="level" v="-1"/>
  </node>
  <node id="2776837240" lat="52.5211337" lon="13.4118022">
    <tag k="level" v="0"/>
  </node>
  <node id="2776837246" lat="52.5211432" lon="13.4118893">
    <tag k="level" v="0"/>
  </node>
  <node id="2776837248" lat="52.5211455" lon="13.4118397">
    <tag k="level" v="0"/>
  </node>
  <node id="2776837254" lat="52.5211682" lon="13.4115329">
    <tag k="level" v="-1"/>
  </node>
  <node id="2776837256" lat="52.5211788" lon="13.4115413">
    <tag k="level" v="0"/>
  </node>
  <node id="2776837261" lat="52.5212172" lon="13.4118311"/>
  <node id="2776837266" lat="52.5212577" lon="13.4114213">
    <tag k="level" v="1"/>
  </node>
  <node id="2776837268" lat="52.5212723" lon="13.4113993"/>
  <node id="2776837269" lat="52.5212653" lon="13.4117485"/>
  <node id="2776837273" lat="52.5212709" lon="13.4117173">
    <tag k="level" v="-1"/>
  </node>
  <node id="2776837274" lat="52.5212790" lon="13.4113640">
    <tag k="level" v="0"/>
  </node>
  <node id="2776837275" lat="52.5212734" lon="13.4117366"/>
  <node id="2776837278" lat="52.5212831" lon="13.4117391">
    <tag k="level" v="-1"/>
  </node>
  <node id="2776837280" lat="52.5212764" lon="13.4117312">
    <tag k="level" v="0"/>
  </node>
  <node id="2776837291" lat="52.5213426" lon="13.4115312"/>
  <node id="2776837292" lat="52.5213477" lon="13.4112660"/>
  <node id="2776837294" lat="52.5213489" lon="13.4112445">
    <tag k="level" v="0"/>
  </node>
  <node id="2776837295" lat="52.5213613" lon="13.4112662">
    <tag k="level" v="0"/>
  </node>
  <node id="2776837296" lat="52.5213552" lon="13.4116099">
    <tag k="level" v="1"/>
  </node>
  <node id="2776837300" lat="52.5213720" lon="13.4115840"/>
  <node id="2776837301" lat="52.5211008" lon="13.4114356">
    <tag k="access" v="yes"/>
    <tag k="entrance" v="yes"/>
    <tag k="entrance_marker:s-train" v="yes"/>
    <tag k="level" v="0"/>
    <tag k="public_transport" v="entrance"/>
    <tag k="railway" v="train_station_entrance"/>
    <tag k="wheelchair" v="yes"/>
  </node>
  <node id="2776837303" lat="52.5213813" lon="13.4115504">
    <tag k="level" v="0"/>
  </node>
  <node id="2776837304" lat="52.5213934" lon="13.4115726">
    <tag k="level" v="0"/>
  </node>
  <node id="2776837307" lat="52.5213952" lon="13.4115490">
    <tag k="level" v="0"/>
  </node>
  <node id="2776837310" lat="52.5214272" lon="13.4111226">
    <tag k="level" v="1"/>
  </node>
  <node id="2776837312" lat="52.5214397" lon="13.4111443">
    <tag k="level" v="1"/>
  </node>
  <node id="2776837313" lat="52.5214330" lon="13.4109070">
    <tag k="access" v="yes"/>
    <tag k="entrance" v="yes"/>
    <tag k="level" v="0"/>
    <tag k="public_transport" v="entrance"/>
    <tag k="railway" v="train_station_entrance"/>
    <tag k="wheelchair" v="yes"/>
  </node>
  <node id="2776837314" lat="52.5214368" lon="13.4111276">
    <tag k="level" v="1"/>
  </node>
  <node id="2776837316" lat="52.5214432" lon="13.4111192"/>
  <node id="2776837320" lat="52.5214512" lon="13.4114545"/>
  <node id="2776837321" lat="52.5214501" lon="13.4114329">
    <tag k="level" v="0"/>
  </node>
  <node id="2776837323" lat="52.5214622" lon="13.4114551">
    <tag k="level" v="0"/>
  </node>
  <node id="2776837326" lat="52.5215010" lon="13.4110291"/>
  <node id="2776837328" lat="52.5215193" lon="13.4112553"/>
  <node id="2776837331" lat="52.5215290" lon="13.4113119">
    <tag k="level" v="1"/>
  </node>
  <node id="2776837333" lat="52.5215396" lon="13.4113143">
    <tag k="level" v="1"/>
  </node>
  <node id="2776837334" lat="52.5215414" lon="13.4113337">
    <tag k="level" v="1"/>
  </node>
  <node id="2776837337" lat="52.5215462" lon="13.4113037"/>
  <node id="2776837338" lat="52.5215586" lon="13.4109387">
    <tag k="level" v="0"/>
  </node>
  <node id="2776837342" lat="52.5215746" lon="13.4113548"/>
  <node id="2776837343" lat="52.5216066" lon="13.4112188"/>
  <node id="2776837344" lat="52.5216140" lon="13.4107514"/>
  <node id="2776837346" lat="52.5216366" lon="13.4108161">
    <tag k="level" v="1"/>
  </node>
  <node id="2776837351" lat="52.5216593" lon="13.4111058">
    <tag k="level" v="0"/>
  </node>
  <node id="2776837352" lat="52.5216537" lon="13.4111389"/>
  <node id="2776837353" lat="52.5216447" lon="13.4108034"/>
  <node id="2776837354" lat="52.5216719" lon="13.4111275">
    <tag k="level" v="0"/>
  </node>
  <node id="2776837360" lat="52.5217372" lon="13.4109843">
    <tag k="level" v="1"/>
  </node>
  <node id="2776837361" lat="52.5217274" lon="13.4109298"/>
  <node id="2776837363" lat="52.5217498" lon="13.4110061">
    <tag k="level" v="1"/>
  </node>
  <node id="2776837364" lat="52.5217462" lon="13.4109901"/>
  <node id="2776837367" lat="52.5217606" lon="13.4106159"/>
  <node id="2776837369" lat="52.5217539" lon="13.4109783"/>
  <node id="2776837370" lat="52.5217720" lon="13.4105834">
    <tag k="level" v="1"/>
  </node>
  <node id="2776837372" lat="52.5217847" lon="13.4106047">
    <tag k="level" v="1"/>
  </node>
  <node id="2776837378" lat="52.5217806" lon="13.4110272"/>
  <node id="2776837380" lat="52.5218359" lon="13.4107604"/>
  <node id="2776837381" lat="52.5218493" lon="13.4104595">
    <tag k="level" v="0"/>
  </node>
  <node id="2776837383" lat="52.5218619" lon="13.4104808">
    <tag k="level" v="0"/>
  </node>
  <node id="2776837384" lat="52.5218609" lon="13.4104621">
    <tag k="level" v="0"/>
  </node>
  <node id="2776837388" lat="52.5218641" lon="13.4108076"/>
  <node id="2776837390" lat="52.5218783" lon="13.4107612">
    <tag k="level" v="1"/>
  </node>
  <node id="2776837392" lat="52.5218914" lon="13.4107834">
    <tag k="level" v="1"/>
  </node>
  <node id="2776837394" lat="52.5218907" lon="13.4108519"/>
  <node id="2776837398" lat="52.5219556" lon="13.4106376">
    <tag k="level" v="0"/>
  </node>
  <node id="2776837401" lat="52.5219688" lon="13.4106598">
    <tag k="level" v="0"/>
  </node>
  <node id="2776873575" lat="52.5205258" lon="13.4121642">
    <tag k="level" v="-1"/>
  </node>
  <node id="2776873586" lat="52.5206134" lon="13.4122998"/>
  <node id="2776873602" lat="52.5208142" lon="13.4120044"/>
  <node id="2776873623" lat="52.5210852" lon="13.4121101"/>
  <node id="2777025998" lat="52.5208673" lon="13.4128675"/>
  <node id="2777025999" lat="52.5208842" lon="13.4128510">
    <tag k="level" v="-3"/>
  </node>
  <node id="2777026001" lat="52.5208818" lon="13.4128447">
    <tag k="level" v="-3"/>
  </node>
  <node id="2777026004" lat="52.5209274" lon="13.4127890">
    <tag k="level" v="-1"/>
  </node>
  <node id="2777026005" lat="52.5209288" lon="13.4127759">
    <tag k="level" v="-4"/>
  </node>
  <node id="2777026006" lat="52.5209706" lon="13.4122854"/>
  <node id="2777026007" lat="52.5209443" lon="13.4127546">
    <tag k="level" v="-4"/>
  </node>
  <node id="2777026014" lat="52.5209757" lon="13.4128524">
    <tag k="level" v="-1"/>
  </node>
  <node id="2777026016" lat="52.5209900" lon="13.4128338">
    <tag k="level" v="-1"/>
  </node>
  <node id="2777026021" lat="52.5209849" lon="13.4128362">
    <tag k="level" v="-4"/>
  </node>
  <node id="2777026026" lat="52.5210044" lon="13.4128157">
    <tag k="level" v="-1"/>
  </node>
  <node id="2777026033" lat="52.5210490" lon="13.4127517">
    <tag k="level" v="-1"/>
  </node>
  <node id="2777026034" lat="52.5210384" lon="13.4129553">
    <tag k="level" v="-5"/>
  </node>
  <node id="2777026035" lat="52.5210439" lon="13.4127656">
    <tag k="level" v="-1"/>
  </node>
  <node id="2777026036" lat="52.5210573" lon="13.4127459">
    <tag k="level" v="-1"/>
  </node>
  <node id="2777026038" lat="52.5210653" lon="13.4131242"/>
  <node id="2777026039" lat="52.5210674" lon="13.4130537">
    <tag k="level" v="-5"/>
  </node>
  <node id="2777026042" lat="52.5210755" lon="13.4128333">
    <tag k="level" v="-2"/>
  </node>
  <node id="2777026044" lat="52.5210815" lon="13.4130355">
    <tag k="level" v="-5"/>
  </node>
  <node id="2777026046" lat="52.5210895" lon="13.4128147">
    <tag k="level" v="-2"/>
  </node>
  <node id="2777026051" lat="52.5210670" lon="13.4125771">
    <tag k="level" v="-4"/>
  </node>
  <node id="2777026057" lat="52.5210938" lon="13.4126937">
    <tag k="level" v="-1"/>
  </node>
  <node id="2777026061" lat="52.5210957" lon="13.4130172">
    <tag k="level" v="-5"/>
  </node>
  <node id="2777026065" lat="52.5210991" lon="13.4126580"/>
  <node id="2777026068" lat="52.5211014" lon="13.4130773"/>
  <node id="2777026074" lat="52.5211100" lon="13.4126686">
    <tag k="level" v="-4"/>
  </node>
  <node id="2777026077" lat="52.5211082" lon="13.4126752">
    <tag k="level" v="-1"/>
  </node>
  <node id="2777026081" lat="52.5211225" lon="13.4126567">
    <tag k="level" v="-1"/>
  </node>
  <node id="2777026083" lat="52.5211328" lon="13.4130371"/>
  <node id="2777026085" lat="52.5211652" lon="13.4127854">
    <tag k="level" v="-5"/>
  </node>
  <node id="2777026090" lat="52.5211888" lon="13.4128905">
    <tag k="level" v="-5"/>
  </node>
  <node id="2777026092" lat="52.5211898" lon="13.4129551"/>
  <node id="2777026094" lat="52.5211971" lon="13.4123835">
    <tag k="level" v="-4"/>
  </node>
  <node id="2777026096" lat="52.5212030" lon="13.4128721">
    <tag k="level" v="-5"/>
  </node>
  <node id="2777026102" lat="52.5212172" lon="13.4128539">
    <tag k="level" v="-5"/>
  </node>
  <node id="2777026104" lat="52.5212228" lon="13.4129133"/>
  <node id="2777026106" lat="52.5212548" lon="13.4128749"/>
  <node id="2777026107" lat="52.5212626" lon="13.4122813">
    <tag k="level" v="-3"/>
  </node>
  <node id="2777026110" lat="52.5212660" lon="13.4122910">
    <tag k="level" v="-3"/>
  </node>
  <node id="2777026111" lat="52.5212696" lon="13.4122801"/>
  <node id="2777026112" lat="52.5212296" lon="13.4122075"/>
  <node id="2777026113" lat="52.5212722" lon="13.4122749"/>
  <node id="2777026114" lat="52.5213314" lon="13.4123682"/>
  <node id="2777153410" lat="52.5208274" lon="13.4147070">
    <tag k="check_date:wheelchair" v="2025-08-18"/>
    <tag k="entrance" v="yes"/>
    <tag k="entrance_marker:subway" v="yes"/>
    <tag k="level" v="0"/>
    <tag k="name" v="Alexanderplatz"/>
    <tag k="name:ja" v="アレクサンダー広場"/>
    <tag k="public_transport" v="entrance"/>
    <tag k="railway" v="subway_entrance"/>
    <tag k="ref" v="P"/>
    <tag k="wheelchair" v="no"/>
  </node>
  <node id="2777153419" lat="52.5208879" lon="13.4146449">
    <tag k="level" v="-1"/>
  </node>
  <node id="2777153424" lat="52.5209728" lon="13.4136260">
    <tag k="check_date:wheelchair" v="2024-06-07"/>
    <tag k="destination" v="Grunerstraße;Alexanderstraße;Polizeiwache Alexanderplatz;Alexa Shoppingcenter;bcc"/>
    <tag k="entrance" v="yes"/>
    <tag k="entrance_marker:subway" v="yes"/>
    <tag k="level" v="0"/>
    <tag k="name" v="Alexanderplatz"/>
    <tag k="name:ja" v="アレクサンダー広場"/>
    <tag k="public_transport" v="entrance"/>
    <tag k="railway" v="subway_entrance"/>
    <tag k="ref" v="N"/>
    <tag k="wheelchair" v="yes"/>
  </node>
  <node id="2777153435" lat="52.5210676" lon="13.4136012">
    <tag k="level" v="-2"/>
  </node>
  <node id="2777153441" lat="52.5210889" lon="13.4128344">
    <tag k="level" v="-2"/>
  </node>
  <node id="2777153445" lat="52.5212928" lon="13.4134133"/>
  <node id="2777153451" lat="52.5212414" lon="13.4131491"/>
  <node id="2777153453" lat="52.5212569" lon="13.4145063"/>
  <node id="2777153457" lat="52.5213986" lon="13.4143336"/>
  <node id="2777153459" lat="52.5214174" lon="13.4143921"/>
  <node id="2777153463" lat="52.5214621" lon="13.4140012"/>
  <node id="2777153465" lat="52.5213792" lon="13.4121385">
    <tag k="level" v="-3"/>
  </node>
  <node id="2777153468" lat="52.5214602" lon="13.4145257"/>
  <node id="2777153472" lat="52.5215014" lon="13.4139508"/>
  <node id="2777153479" lat="52.5214166" lon="13.4120811">
    <tag k="level" v="-1"/>
  </node>
  <node id="2777153482" lat="52.5214665" lon="13.4143567">
    <tag k="level" v="-1"/>
  </node>
  <node id="2777153495" lat="52.5214761" lon="13.4117701"/>
  <node id="2777153497" lat="52.5214758" lon="13.4136329"/>
  <node id="2777153503" lat="52.5215377" lon="13.4139034"/>
  <node id="2777153505" lat="52.5215053" lon="13.4139598">
    <tag k="level" v="-5"/>
  </node>
  <node id="2777153508" lat="52.5214943" lon="13.4132020"/>
  <node id="2777153515" lat="52.5215285" lon="13.4131913">
    <tag k="level" v="-2"/>
  </node>
  <node id="2777153516" lat="52.5215347" lon="13.4118903"/>
  <node id="2777153521" lat="52.5215547" lon="13.4142548">
    <tag k="level" v="-3"/>
  </node>
  <node id="2777153526" lat="52.5215970" lon="13.4138310"/>
  <node id="2777153528" lat="52.5216126" lon="13.4141813"/>
  <node id="2777153538" lat="52.5216307" lon="13.4137882"/>
  <node id="2777153545" lat="52.5216214" lon="13.4131913">
    <tag k="entrance" v="yes"/>
    <tag k="entrance_marker:subway" v="yes"/>
    <tag k="level" v="0"/>
    <tag k="name" v="Alexanderplatz"/>
    <tag k="name:ja" v="アレクサンダー広場"/>
    <tag k="public_transport" v="entrance"/>
    <tag k="railway" v="subway_entrance"/>
    <tag k="ref" v="M"/>
    <tag k="wheelchair" v="yes"/>
  </node>
  <node id="2777153553" lat="52.5216192" lon="13.4139329">
    <tag k="level" v="-2"/>
  </node>
  <node id="2777153556" lat="52.5216416" lon="13.4120810"/>
  <node id="2777153562" lat="52.5216326" lon="13.4137924">
    <tag k="level" v="-5"/>
  </node>
  <node id="2777153570" lat="52.5216544" lon="13.4120656">
    <tag k="level" v="-1"/>
  </node>
  <node id="2777153573" lat="52.5216302" lon="13.4139559">
    <tag k="level" v="-3"/>
  </node>
  <node id="2777153586" lat="52.5216825" lon="13.4119293">
    <tag k="destination" v="WC;Alexanderplatz;Karl-Liebknecht-Straße;Galeria-Kaufhof;Bus 300; Bus 245; Bus 200;Bus 100"/>
    <tag k="level" v="0"/>
    <tag k="name" v="Alexanderplatz"/>
    <tag k="name:ja" v="アレクサンダー広場"/>
    <tag k="public_transport" v="entrance"/>
    <tag k="railway" v="subway_entrance"/>
    <tag k="ref" v="L"/>
    <tag k="wheelchair" v="no"/>
  </node>
  <node id="2777153591" lat="52.5216801" lon="13.4138899">
    <tag k="level" v="-3"/>
  </node>
  <node id="2777153606" lat="52.5217881" lon="13.4139588">
    <tag k="level" v="-3"/>
  </node>
  <node id="2777153615" lat="52.5218838" lon="13.4137056"/>
  <node id="2777153617" lat="52.5218628" lon="13.4138449">
    <tag k="level" v="-1"/>
  </node>
  <node id="2777153622" lat="52.5219211" lon="13.4137597"/>
  <node id="2777153626" lat="52.5219747" lon="13.4138377"/>
  <node id="2777153635" lat="52.5221366" lon="13.4133504">
    <tag k="level" v="-1"/>
  </node>
  <node id="2777153638" lat="52.5222246" lon="13.4131693">
    <tag k="check_date:wheelchair" v="2021-06-16"/>
    <tag k="destination" v="WC;Taxi;Karl-Liebknecht-Straße;Memhardstr.;Galeria Kaufhof;Tram M4; Tram M5, Tram M6, Bus 100; Bus 200"/>
    <tag k="entrance" v="yes"/>
    <tag k="entrance_marker:subway" v="yes"/>
    <tag k="level" v="0"/>
    <tag k="name" v="Alexanderplatz"/>
    <tag k="name:ja" v="アレクサンダー広場"/>
    <tag k="public_transport" v="entrance"/>
    <tag k="railway" v="subway_entrance"/>
    <tag k="ref" v="O"/>
    <tag k="wheelchair" v="no"/>
  </node>
  <node id="2777249238" lat="52.5218802" lon="13.4144257"/>
  <node id="2777249239" lat="52.5219297" lon="13.4143005"/>
  <node id="2777296559" lat="52.5216890" lon="13.4143811">
    <tag k="level" v="-5"/>
  </node>
  <node id="2777296563" lat="52.5217170" lon="13.4143435">
    <tag k="level" v="-5"/>
  </node>
  <node id="2777296567" lat="52.5217860" lon="13.4145719">
    <tag k="level" v="-1"/>
  </node>
  <node id="2777296570" lat="52.5218137" lon="13.4145338">
    <tag k="level" v="-1"/>
  </node>
  <node id="2777296574" lat="52.5218113" lon="13.4142211">
    <tag k="level" v="-5"/>
  </node>
  <node id="2777296577" lat="52.5218256" lon="13.4142030">
    <tag k="level" v="-5"/>
  </node>
  <node id="2777296579" lat="52.5218400" lon="13.4141848">
    <tag k="level" v="-5"/>
  </node>
  <node id="2777296583" lat="52.5219085" lon="13.4144114">
    <tag k="level" v="-1"/>
  </node>
  <node id="2777296586" lat="52.5219871" lon="13.4147641">
    <tag k="level" v="-1"/>
  </node>
  <node id="2777296590" lat="52.5220159" lon="13.4147241">
    <tag k="level" v="-1"/>
  </node>
  <node id="2777296592" lat="52.5219376" lon="13.4143722">
    <tag k="level" v="-1"/>
  </node>
  <node id="2777296594" lat="52.5220517" lon="13.4148843"/>
  <node id="2777296596" lat="52.5220793" lon="13.4148451"/>
  <node id="2777303216" lat="52.5210765" lon="13.4113876"/>
  <node id="2777303217" lat="52.5214073" lon="13.4108608"/>
  <node id="2777312026" lat="52.5208221" lon="13.4115160"/>
  <node id="2777312027" lat="52.5208876" lon="13.4116529"/>
  <node id="2777312028" lat="52.5212144" lon="13.4109167"/>
  <node id="2777312029" lat="52.5212781" lon="13.4110454"/>
  <node id="2831092401" lat="52.5218962" lon="13.4112669">
    <tag k="railway" v="railway_crossing;tram_level_crossing"/>
    <tag k="railway:railway_crossing:movable_frog" v="no"/>
  </node>
  <node id="2882261439" lat="52.5172188" lon="13.4122735"/>
  <node id="2882261442" lat="52.5173375" lon="13.4103288"/>
  <node id="2882261448" lat="52.5174696" lon="13.4121761"/>
  <node id="2882261456" lat="52.5176772" lon="13.4120486"/>
  <node id="2882261462" lat="52.5182202" lon="13.4116196"/>
  <node id="2894540726" lat="52.5183955" lon="13.4115088"/>
  <node id="2933657337" lat="52.5194321" lon="13.4130656"/>
  <node id="2933662031" lat="52.5192000" lon="13.4121714"/>
  <node id="2933662032" lat="52.5189634" lon="13.4116816"/>
  <node id="2938440447" lat="52.5200454" lon="13.4151522">
    <tag k="access" v="permissive"/>
    <tag k="entrance" v="main"/>
    <tag k="name" v="Haupteingang Alexanderplatz"/>
  </node>
  <node id="2938442114" lat="52.5206879" lon="13.4152577"/>
  <node id="2942747701" lat="52.5204169" lon="13.4149742"/>
  <node id="2951795004" lat="52.5217528" lon="13.4163868">
    <tag k="highway" v="traffic_signals"/>
  </node>
  <node id="2953920534" lat="52.5206811" lon="13.4154993">
    <tag k="highway" v="traffic_signals"/>
  </node>
  <node id="2953926275" lat="52.5197940" lon="13.4141531">
    <tag k="direction" v="forward"/>
    <tag k="highway" v="give_way"/>
  </node>
  <node id="2955252894" lat="52.5186588" lon="13.4113835">
    <tag k="direction" v="backward"/>
    <tag k="highway" v="give_way"/>
  </node>
  <node id="3056826813" lat="52.5224999" lon="13.4152585"/>
  <node id="3058268517" lat="52.5224356" lon="13.4153983"/>
  <node id="3058268518" lat="52.5222454" lon="13.4158136"/>
  <node id="3095536667" lat="52.5204570" lon="13.4096161"/>
  <node id="3095536723" lat="52.5211388" lon="13.4109877"/>
  <node id="3096724668" lat="52.5228654" lon="13.4144809"/>
  <node id="3101344339" lat="52.5225549" lon="13.4151473"/>
  <node id="3101344340" lat="52.5225324" lon="13.4151928"/>
  <node id="3136121402" lat="52.5204756" lon="13.4150387"/>
  <node id="3136157222" lat="52.5202359" lon="13.4157924"/>
  <node id="3137765277" lat="52.5220579" lon="13.4162179"/>
  <node id="3139140896" lat="52.5207946" lon="13.4149348">
    <tag k="button_operated" v="no"/>
    <tag k="crossing" v="traffic_signals"/>
    <tag k="highway" v="crossing"/>
    <tag k="kerb" v="lowered"/>
    <tag k="tactile_paving" v="yes"/>
    <tag k="traffic_signals:sound" v="yes"/>
    <tag k="traffic_signals:vibration" v="yes"/>
  </node>
  <node id="3142889368" lat="52.5203443" lon="13.4148812"/>
  <node id="3142889369" lat="52.5205734" lon="13.4146664">
    <tag k="highway" v="traffic_signals"/>
  </node>
  <node id="3142889370" lat="52.5206818" lon="13.4148083"/>
  <node id="3144862329" lat="52.5203884" lon="13.4143729"/>
  <node id="3148263649" lat="52.5189390" lon="13.4110666"/>
  <node id="3148263650" lat="52.5182815" lon="13.4096807">
    <tag k="button_operated" v="no"/>
    <tag k="crossing" v="traffic_signals"/>
    <tag k="crossing:island" v="no"/>
    <tag k="crossing:markings" v="dashes"/>
    <tag k="highway" v="crossing"/>
    <tag k="note" v="Hier ist bereits eine Ampelkreuzung markiert, die jedoch (Stand 01/2023) noch nicht aktiv ist"/>
    <tag k="tactile_paving" v="yes"/>
    <tag k="traffic_signals:sound" v="yes"/>
    <tag k="traffic_signals:vibration" v="yes"/>
  </node>
  <node id="3148263653" lat="52.5189871" lon="13.4111636"/>
  <node id="3148263654" lat="52.5188884" lon="13.4109624"/>
  <node id="3148263655" lat="52.5183494" lon="13.4098187"/>
  <node id="3149959398" lat="52.5190836" lon="13.4116408"/>
  <node id="3151820958" lat="52.5194106" lon="13.4120478"/>
  <node id="3151820959" lat="52.5194524" lon="13.4121700"/>
  <node id="3151867673" lat="52.5198678" lon="13.4142271"/>
  <node id="3151867674" lat="52.5201412" lon="13.4148099"/>
  <node id="3153662374" lat="52.5185375" lon="13.4116132">
    <tag k="crossing" v="unmarked"/>
    <tag k="crossing:island" v="no"/>
    <tag k="crossing:markings" v="no"/>
    <tag k="highway" v="crossing"/>
    <tag k="kerb" v="lowered"/>
    <tag k="tactile_paving" v="no"/>
  </node>
  <node id="3153662376" lat="52.5191715" lon="13.4128063"/>
  <node id="3153662377" lat="52.5196759" lon="13.4138002"/>
  <node id="3153662378" lat="52.5197716" lon="13.4140181"/>
  <node id="3153666983" lat="52.5203022" lon="13.4148062">
    <tag k="bicycle" v="yes"/>
    <tag k="button_operated" v="no"/>
    <tag k="crossing" v="traffic_signals"/>
    <tag k="highway" v="crossing"/>
    <tag k="kerb" v="lowered"/>
    <tag k="tactile_paving" v="yes"/>
    <tag k="traffic_signals:sound" v="yes"/>
    <tag k="traffic_signals:vibration" v="yes"/>
  </node>
  <node id="3153666985" lat="52.5208178" lon="13.4155654"/>
  <node id="3153670927" lat="52.5205345" lon="13.4152696"/>
  <node id="3153670928" lat="52.5202200" lon="13.4149089"/>
  <node id="3155678625" lat="52.5190705" lon="13.4126096">
    <tag k="barrier" v="kerb"/>
    <tag k="kerb" v="lowered"/>
    <tag k="tactile_paving" v="no"/>
  </node>
  <node id="3155751071" lat="52.5216827" lon="13.4168235"/>
  <node id="3155755392" lat="52.5223681" lon="13.4164250"/>
  <node id="3157293895" lat="52.5205525" lon="13.4151249">
    <tag k="highway" v="traffic_signals"/>
  </node>
  <node id="3157297150" lat="52.5221245" lon="13.4160726">
    <tag k="highway" v="traffic_signals"/>
  </node>
  <node id="3157319027" lat="52.5194157" lon="13.4121533"/>
  <node id="3157319028" lat="52.5189145" lon="13.4111020"/>
  <node id="3157422266" lat="52.5188716" lon="13.4129710"/>
  <node id="3163433362" lat="52.5217752" lon="13.4159903"/>
  <node id="3163433363" lat="52.5216563" lon="13.4162844"/>
  <node id="3174192367" lat="52.5219591" lon="13.4159965"/>
  <node id="3174192369" lat="52.5211672" lon="13.4151322"/>
  <node id="3174192371" lat="52.5205848" lon="13.4144852"/>
  <node id="3174192372" lat="52.5208785" lon="13.4148147"/>
  <node id="3174192373" lat="52.5204439" lon="13.4142752"/>
  <node id="3178298662" lat="52.5207526" lon="13.4146801"/>
  <node id="3178759584" lat="52.5210894" lon="13.4152420">
    <tag k="button_operated" v="no"/>
    <tag k="crossing" v="traffic_signals"/>
    <tag k="highway" v="crossing"/>
    <tag k="kerb" v="lowered"/>
    <tag k="tactile_paving" v="yes"/>
    <tag k="traffic_signals:sound" v="yes"/>
    <tag k="traffic_signals:vibration" v="yes"/>
  </node>
  <node id="3179600537" lat="52.5185540" lon="13.4116448">
    <tag k="barrier" v="kerb"/>
    <tag k="tactile_paving" v="no"/>
  </node>
  <node id="3179614625" lat="52.5191228" lon="13.4127098">
    <tag k="crossing" v="unmarked"/>
    <tag k="crossing:island" v="yes"/>
    <tag k="crossing:markings" v="no"/>
    <tag k="highway" v="crossing"/>
    <tag k="kerb" v="lowered"/>
    <tag k="tactile_paving" v="yes"/>
  </node>
  <node id="3179614626" lat="52.5191367" lon="13.4127397">
    <tag k="barrier" v="kerb"/>
    <tag k="kerb" v="lowered"/>
    <tag k="tactile_paving" v="no"/>
  </node>
  <node id="3179627076" lat="52.5197830" lon="13.4140436">
    <tag k="barrier" v="kerb"/>
    <tag k="kerb" v="lowered"/>
    <tag k="tactile_paving" v="no"/>
  </node>
  <node id="3179627077" lat="52.5198176" lon="13.4141190">
    <tag k="crossing" v="unmarked"/>
    <tag k="crossing:island" v="no"/>
    <tag k="crossing:markings" v="no"/>
    <tag k="highway" v="crossing"/>
    <tag k="kerb" v="lowered"/>
    <tag k="tactile_paving" v="no"/>
  </node>
  <node id="3179627078" lat="52.5198486" lon="13.4141867">
    <tag k="barrier" v="kerb"/>
    <tag k="kerb" v="lowered"/>
    <tag k="tactile_paving" v="no"/>
  </node>
  <node id="3179641633" lat="52.5215655" lon="13.4163819"/>
  <node id="3180211038" lat="52.5198205" lon="13.4131848"/>
  <node id="3180211040" lat="52.5203360" lon="13.4140954"/>
  <node id="3180211041" lat="52.5200937" lon="13.4135434"/>
  <node id="3180211042" lat="52.5199938" lon="13.4133194"/>
  <node id="3180211043" lat="52.5199455" lon="13.4132029">
    <tag k="barrier" v="kerb"/>
    <tag k="kerb" v="lowered"/>
    <tag k="tactile_paving" v="no"/>
  </node>
  <node id="3180211044" lat="52.5201307" lon="13.4136304">
    <tag k="barrier" v="kerb"/>
    <tag k="kerb" v="lowered"/>
    <tag k="tactile_paving" v="no"/>
  </node>
  <node id="3180211045" lat="52.5201576" lon="13.4136942">
    <tag k="barrier" v="kerb"/>
    <tag k="kerb" v="flush"/>
    <tag k="tactile_paving" v="no"/>
  </node>
  <node id="3180213035" lat="52.5201443" lon="13.4136628"/>
  <node id="3182192539" lat="52.5198830" lon="13.4131080">
    <tag k="check_date:tactile_paving" v="2021-01-10"/>
    <tag k="crossing" v="unmarked"/>
    <tag k="crossing:markings" v="no"/>
    <tag k="highway" v="crossing"/>
    <tag k="kerb" v="flush"/>
    <tag k="tactile_paving" v="no"/>
  </node>
  <node id="3182195699" lat="52.5199087" lon="13.4130756">
    <tag k="direction" v="backward"/>
    <tag k="highway" v="give_way"/>
  </node>
  <node id="3182529366" lat="52.5194480" lon="13.4098280"/>
  <node id="3182529367" lat="52.5199573" lon="13.4094682"/>
  <node id="3182529368" lat="52.5203306" lon="13.4083937"/>
  <node id="3182529369" lat="52.5210361" lon="13.4080840"/>
  <node id="3182529370" lat="52.5206982" lon="13.4063021"/>
  <node id="3182529372" lat="52.5197896" lon="13.4067293"/>
  <node id="3182529373" lat="52.5194355" lon="13.4070540"/>
  <node id="3182529375" lat="52.5196669" lon="13.4065242"/>
  <node id="3182529380" lat="52.5200115" lon="13.4077301"/>
  <node id="3182529382" lat="52.5200779" lon="13.4111566"/>
  <node id="3182529384" lat="52.5213443" lon="13.4092403"/>
  <node id="3182529385" lat="52.5212368" lon="13.4095070"/>
  <node id="3182529386" lat="52.5208103" lon="13.4103286"/>
  <node id="3182529387" lat="52.5197187" lon="13.4071121"/>
  <node id="3183806179" lat="52.5202184" lon="13.4160337"/>
  <node id="3183974425" lat="52.5191170" lon="13.4114347"/>
  <node id="3192342855" lat="52.5186635" lon="13.4110510"/>
  <node id="3192342856" lat="52.5184767" lon="13.4115010"/>
  <node id="3192342857" lat="52.5189094" lon="13.4122962"/>
  <node id="3196540472" lat="52.5207529" lon="13.4150623"/>
  <node id="3213513670" lat="52.5205103" lon="13.4145688">
    <tag k="bicycle" v="yes"/>
    <tag k="button_operated" v="no"/>
    <tag k="crossing" v="traffic_signals"/>
    <tag k="highway" v="crossing"/>
    <tag k="kerb" v="lowered"/>
    <tag k="tactile_paving" v="yes"/>
    <tag k="traffic_signals:sound" v="yes"/>
    <tag k="traffic_signals:vibration" v="yes"/>
  </node>
  <node id="3232207873" lat="52.5229630" lon="13.4133016">
    <tag k="door" v="revolving"/>
    <tag k="entrance" v="main"/>
  </node>
  <node id="3269713274" lat="52.5232717" lon="13.4095110"/>
  <node id="3269713283" lat="52.5229010" lon="13.4096022"/>
  <node id="3399022014" lat="52.5203876" lon="13.4125343"/>
  <node id="3399022015" lat="52.5202855" lon="13.4125946"/>
  <node id="3399022017" lat="52.5203519" lon="13.4125750"/>
  <node id="3399022018" lat="52.5203063" lon="13.4125816"/>
  <node id="3399022019" lat="52.5203321" lon="13.4125816"/>
  <node id="3431617055" lat="52.5207343" lon="13.4160435">
    <tag k="entrance" v="yes"/>
  </node>
  <node id="3431617056" lat="52.5208934" lon="13.4162370">
    <tag k="entrance" v="yes"/>
  </node>
  <node id="3513418923" lat="52.5180093" lon="13.4117968"/>
  <node id="3513418925" lat="52.5180534" lon="13.4119554"/>
  <node id="3513418926" lat="52.5180795" lon="13.4120491"/>
  <node id="3513418930" lat="52.5193825" lon="13.4127357"/>
  <node id="3513418933" lat="52.5195340" lon="13.4130599"/>
  <node id="3527851366" lat="52.5216243" lon="13.4115173"/>
  <node id="3527851367" lat="52.5222594" lon="13.4132067"/>
  <node id="3527851368" lat="52.5208084" lon="13.4147398"/>
  <node id="3527851369" lat="52.5209353" lon="13.4135087"/>
  <node id="3527851370" lat="52.5207681" lon="13.4146967"/>
  <node id="3527851371" lat="52.5212706" lon="13.4130967"/>
  <node id="3527851372" lat="52.5223060" lon="13.4129817"/>
  <node id="3527851373" lat="52.5220008" lon="13.4137646"/>
  <node id="3527851374" lat="52.5220751" lon="13.4148819"/>
  <node id="3527851375" lat="52.5209506" lon="13.4136317"/>
  <node id="3527851376" lat="52.5222345" lon="13.4125034"/>
  <node id="3527851377" lat="52.5219652" lon="13.4120894"/>
  <node id="3527851379" lat="52.5210422" lon="13.4144059"/>
  <node id="3527851382" lat="52.5221213" lon="13.4149594"/>
  <node id="3527851383" lat="52.5218196" lon="13.4140751"/>
  <node id="3527851384" lat="52.5214620" lon="13.4128321"/>
  <node id="3527851385" lat="52.5211278" lon="13.4132430"/>
  <node id="3527851386" lat="52.5224172" lon="13.4127373"/>
  <node id="3527851387" lat="52.5222694" lon="13.4130654"/>
  <node id="3527851388" lat="52.5216661" lon="13.4131914"/>
  <node id="3527851389" lat="52.5218376" lon="13.4135178"/>
  <node id="3527851390" lat="52.5214323" lon="13.4128730"/>
  <node id="3527851391" lat="52.5217113" lon="13.4124640"/>
  <node id="3527851392" lat="52.5224944" lon="13.4125740"/>
  <node id="3527851593" lat="52.5217017" lon="13.4113896"/>
  <node id="3527866821" lat="52.5210402" lon="13.4149926"/>
  <node id="3527866822" lat="52.5215946" lon="13.4143859"/>
  <node id="3527866824" lat="52.5209225" lon="13.4121193"/>
  <node id="3527866825" lat="52.5217648" lon="13.4117545"/>
  <node id="3527866829" lat="52.5220092" lon="13.4151681"/>
  <node id="3527866830" lat="52.5204473" lon="13.4120080"/>
  <node id="3527866831" lat="52.5216491" lon="13.4118708"/>
  <node id="3527866833" lat="52.5211431" lon="13.4147235"/>
  <node id="3527866834" lat="52.5206866" lon="13.4128185"/>
  <node id="3527866836" lat="52.5207557" lon="13.4129465"/>
  <node id="3527869952" lat="52.5233647" lon="13.4148642"/>
  <node id="3527869957" lat="52.5229028" lon="13.4158798"/>
  <node id="3527869958" lat="52.5236769" lon="13.4141649"/>
  <node id="3527869960" lat="52.5231137" lon="13.4157524"/>
  <node id="3527869965" lat="52.5225755" lon="13.4166241"/>
  <node id="3527949188" lat="52.5211998" lon="13.4123927">
    <tag k="level" v="-1"/>
  </node>
  <node id="3527949189" lat="52.5210112" lon="13.4123593"/>
  <node id="3528562105" lat="52.5223819" lon="13.4148225"/>
  <node id="3730797377" lat="52.5205456" lon="13.4157915"/>
  <node id="3730797382" lat="52.5207770" lon="13.4155183"/>
  <node id="3730797383" lat="52.5208200" lon="13.4154975"/>
  <node id="3730797385" lat="52.5208428" lon="13.4155255"/>
  <node id="3730797389" lat="52.5209817" lon="13.4163444"/>
  <node id="3730797392" lat="52.5211159" lon="13.4160468"/>
  <node id="3730797393" lat="52.5212492" lon="13.4169488"/>
  <node id="3730797394" lat="52.5213260" lon="13.4175230"/>
  <node id="3730797395" lat="52.5217501" lon="13.4165134">
    <tag k="barrier" v="kerb"/>
    <tag k="kerb" v="lowered"/>
    <tag k="tactile_paving" v="yes"/>
  </node>
  <node id="3730797396" lat="52.5217766" lon="13.4165434"/>
  <node id="3733305304" lat="52.5206477" lon="13.4121800"/>
  <node id="3733305310" lat="52.5213292" lon="13.4118700">
    <tag k="access" v="yes"/>
    <tag k="entrance" v="yes"/>
    <tag k="entrance_marker:s-train" v="yes"/>
    <tag k="level" v="0"/>
    <tag k="public_transport" v="entrance"/>
    <tag k="railway" v="train_station_entrance"/>
    <tag k="wheelchair" v="yes"/>
  </node>
  <node id="3733305311" lat="52.5216769" lon="13.4113451">
    <tag k="access" v="yes"/>
    <tag k="entrance" v="yes"/>
    <tag k="level" v="0"/>
    <tag k="public_transport" v="entrance"/>
    <tag k="railway" v="train_station_entrance"/>
    <tag k="wheelchair" v="yes"/>
  </node>
  <node id="3733305314" lat="52.5220409" lon="13.4107718">
    <tag k="access" v="yes"/>
    <tag k="entrance" v="yes"/>
    <tag k="entrance_marker:s-train" v="yes"/>
    <tag k="level" v="0"/>
    <tag k="public_transport" v="entrance"/>
    <tag k="railway" v="train_station_entrance"/>
    <tag k="wheelchair" v="yes"/>
  </node>
  <node id="3733368794" lat="52.5201957" lon="13.4135982"/>
  <node id="3761690077" lat="52.5227309" lon="13.4064725"/>
  <node id="3761697844" lat="52.5225327" lon="13.4067238"/>
  <node id="3792418606" lat="52.5200664" lon="13.4053056"/>
  <node id="3792418626" lat="52.5223176" lon="13.4091604"/>
  <node id="3808684872" lat="52.5209099" lon="13.4118926"/>
  <node id="3808684875" lat="52.5209180" lon="13.4119673">
    <tag k="bicycle" v="yes"/>
    <tag k="highway" v="elevator"/>
    <tag k="indoor" v="yes"/>
    <tag k="level" v="-1;0;1"/>
    <tag k="operator" v="DB InfraGO AG"/>
    <tag k="ref:operator_inventory" v="10455433"/>
    <tag k="ref:station" v="53"/>
    <tag k="wheelchair" v="yes"/>
  </node>
  <node id="3808684880" lat="52.5209351" lon="13.4119424">
    <tag k="level" v="1"/>
  </node>
  <node id="3808684881" lat="52.5209559" lon="13.4119834"/>
  <node id="3808684884" lat="52.5210053" lon="13.4120619"/>
  <node id="3808684892" lat="52.5210269" lon="13.4121112">
    <tag k="level" v="0"/>
  </node>
  <node id="3808684895" lat="52.5210296" lon="13.4121058">
    <tag k="level" v="1"/>
  </node>
  <node id="3808684898" lat="52.5210487" lon="13.4121412"/>
  <node id="3808684900" lat="52.5212412" lon="13.4113444"/>
  <node id="3808684901" lat="52.5212990" lon="13.4114454"/>
  <node id="3808684903" lat="52.5213985" lon="13.4116316"/>
  <node id="3808684904" lat="52.5214146" lon="13.4110688"/>
  <node id="3808684905" lat="52.5214728" lon="13.4111713"/>
  <node id="3808684907" lat="52.5216748" lon="13.4108543"/>
  <node id="3808684908" lat="52.5217315" lon="13.4105670"/>
  <node id="3808684910" lat="52.5217925" lon="13.4106695"/>
  <node id="3810179811" lat="52.5208106" lon="13.4127494"/>
  <node id="3810179812" lat="52.5209069" lon="13.4129705"/>
  <node id="3810179814" lat="52.5209519" lon="13.4127558"/>
  <node id="3810179816" lat="52.5210062" lon="13.4126741"/>
  <node id="3810179819" lat="52.5210638" lon="13.4125903"/>
  <node id="3810179820" lat="52.5211080" lon="13.4125261"/>
  <node id="3810179828" lat="52.5215531" lon="13.4140583">
    <tag k="level" v="-3"/>
  </node>
  <node id="3810179831" lat="52.5216906" lon="13.4140824"/>
  <node id="3810179832" lat="52.5217398" lon="13.4140201"/>
  <node id="3810179836" lat="52.5217763" lon="13.4140231">
    <tag k="level" v="-1"/>
  </node>
  <node id="3810179838" lat="52.5218227" lon="13.4141178"/>
  <node id="3828165706" lat="52.5226042" lon="13.4169613"/>
  <node id="3828165737" lat="52.5225696" lon="13.4170718"/>
  <node id="3828179963" lat="52.5217697" lon="13.4165341"/>
  <node id="3828179968" lat="52.5217606" lon="13.4166902"/>
  <node id="3828179992" lat="52.5217710" lon="13.4166577">
    <tag k="barrier" v="kerb"/>
    <tag k="kerb" v="lowered"/>
    <tag k="tactile_paving" v="yes"/>
  </node>
  <node id="3828180021" lat="52.5219407" lon="13.4160428">
    <tag k="barrier" v="kerb"/>
    <tag k="kerb" v="lowered"/>
    <tag k="tactile_paving" v="yes"/>
  </node>
  <node id="3831343134" lat="52.5183069" lon="13.4069392">
    <tag k="button_operated" v="no"/>
    <tag k="crossing" v="traffic_signals"/>
    <tag k="crossing:island" v="no"/>
    <tag k="highway" v="crossing"/>
    <tag k="mapillary" v="509429953424928"/>
    <tag k="survey:date" v="2020-06-13"/>
    <tag k="tactile_paving" v="yes"/>
    <tag k="traffic_signals:sound" v="yes"/>
    <tag k="traffic_signals:vibration" v="yes"/>
    <tag k="wheelchair" v="yes"/>
  </node>
  <node id="3832556287" lat="52.5238024" lon="13.4114479">
    <tag k="barrier" v="kerb"/>
    <tag k="kerb" v="lowered"/>
    <tag k="tactile_paving" v="yes"/>
  </node>
  <node id="3867910417" lat="52.5179339" lon="13.4092575">
    <tag k="bench" v="yes"/>
    <tag k="bin" v="no"/>
    <tag k="bus" v="yes"/>
    <tag k="highway" v="bus_stop"/>
    <tag k="lit" v="yes"/>
    <tag k="name" v="Jüdenstraße"/>
    <tag k="public_transport" v="stop_position"/>
    <tag k="ref:BVG" v="106418"/>
    <tag k="shelter" v="yes"/>
    <tag k="tactile_paving" v="yes"/>
    <tag k="website" v="https://qr.bvg.de/h106418"/>
  </node>
  <node id="3867910431" lat="52.5199638" lon="13.4161431">
    <tag k="bench" v="no"/>
    <tag k="bin" v="yes"/>
    <tag k="bus" v="yes"/>
    <tag k="check_date:shelter" v="2023-10-12"/>
    <tag k="highway" v="bus_stop"/>
    <tag k="lit" v="yes"/>
    <tag k="local_ref" v="18"/>
    <tag k="name" v="S+U Alexanderplatz/Grunerstraße"/>
    <tag k="name:BVG" v="S+U Alexanderplatz/Grunerstraße [Alexanderstraße]"/>
    <tag k="name:ja" v="S+Uアレクサンダー広場/グルネル通り"/>
    <tag k="public_transport" v="stop_position"/>
    <tag k="ref:BVG" v="105399"/>
    <tag k="shelter" v="no"/>
    <tag k="tactile_paving" v="no"/>
    <tag k="website" v="https://qr.bvg.de/h105399"/>
    <tag k="wheelchair" v="yes"/>
  </node>
  <node id="3867910432" lat="52.5201515" lon="13.4139283">
    <tag k="bench" v="no"/>
    <tag k="bin" v="no"/>
    <tag k="bus" v="yes"/>
    <tag k="highway" v="bus_stop"/>
    <tag k="lit" v="yes"/>
    <tag k="local_ref" v="17"/>
    <tag k="name" v="S+U Alexanderplatz/Grunerstraße"/>
    <tag k="name:BVG" v="S+U Alexanderplatz/Grunerstraße [Grunerstraße]"/>
    <tag k="name:ja" v="S+Uアレクサンダー広場/グルネル通り"/>
    <tag k="public_transport" v="stop_position"/>
    <tag k="ref:BVG" v="106417"/>
    <tag k="shelter" v="yes"/>
    <tag k="tactile_paving" v="no"/>
    <tag k="website" v="https://qr.bvg.de/h106417"/>
  </node>
  <node id="3867922468" lat="52.5199892" lon="13.4159793"/>
  <node id="3867922473" lat="52.5202874" lon="13.4140242"/>
  <node id="3867922477" lat="52.5227931" lon="13.4098943"/>
  <node id="3867922478" lat="52.5216498" lon="13.4083205"/>
  <node id="3876077785" lat="52.5180279" lon="13.4119745">
    <tag k="entrance" v="yes"/>
    <tag k="entrance_marker:subway" v="yes"/>
    <tag k="level" v="0"/>
    <tag k="name" v="Klosterstraße"/>
    <tag k="railway" v="subway_entrance"/>
    <tag k="wheelchair" v="no"/>
  </node>
  <node id="3893241487" lat="52.5222798" lon="13.4162735"/>
  <node id="3907105048" lat="52.5196716" lon="13.4136011">
    <tag k="bench" v="no"/>
    <tag k="bin" v="no"/>
    <tag k="bus" v="yes"/>
    <tag k="highway" v="bus_stop"/>
    <tag k="lit" v="yes"/>
    <tag k="name" v="Littenstraße"/>
    <tag k="public_transport" v="stop_position"/>
    <tag k="ref:BVG" v="107596"/>
    <tag k="shelter" v="no"/>
    <tag k="tactile_paving" v="no"/>
    <tag k="website" v="https://qr.bvg.de/h107596"/>
  </node>
  <node id="3907105049" lat="52.5229553" lon="13.4148382">
    <tag k="bus" v="yes"/>
    <tag k="local_ref" v="9"/>
    <tag k="name" v="U Alexanderplatz"/>
    <tag k="name:BVG" v="U Alexanderplatz [Bus]"/>
    <tag k="name:ja" v="U アレクサンダー広場"/>
    <tag k="public_transport" v="stop_position"/>
    <tag k="ref:BVG" v="107154"/>
    <tag k="website" v="https://qr.bvg.de/h107154"/>
  </node>
  <node id="3907105050" lat="52.5195727" lon="13.4135832"/>
  <node id="3907105051" lat="52.5196232" lon="13.4136866"/>
  <node id="4073216546" lat="52.5227581" lon="13.4103381"/>
  <node id="4163212867" lat="52.5227489" lon="13.4099860">
    <tag k="bench" v="yes"/>
    <tag k="bin" v="yes"/>
    <tag k="bus" v="yes"/>
    <tag k="gtfs:stop_id" v="de:11000:900100031::2"/>
    <tag k="highway" v="bus_stop"/>
    <tag k="lit" v="yes"/>
    <tag k="local_ref" v="1"/>
    <tag k="name" v="S+U Alexanderplatz/Memhardstraße"/>
    <tag k="public_transport" v="stop_position"/>
    <tag k="ref" v="1"/>
    <tag k="ref:BVG" v="107153"/>
    <tag k="shelter" v="yes"/>
    <tag k="tactile_paving" v="no"/>
    <tag k="website" v="https://qr.bvg.de/h107153"/>
  </node>
  <node id="4164607294" lat="52.5229249" lon="13.4101139"/>
  <node id="4217373212" lat="52.5215160" lon="13.4136100"/>
  <node id="4223494577" lat="52.5219450" lon="13.4142618"/>
  <node id="4397315896" lat="52.5216607" lon="13.4137478"/>
  <node id="4468994521" lat="52.5221830" lon="13.4052999">
    <tag k="ele" v="36.5"/>
  </node>
  <node id="4468994522" lat="52.5224612" lon="13.4065026"/>
  <node id="4547201156" lat="52.5222132" lon="13.4107549"/>
  <node id="4547201157" lat="52.5225808" lon="13.4099285">
    <tag k="crossing" v="traffic_signals"/>
    <tag k="railway" v="tram_crossing"/>
  </node>
  <node id="4547201158" lat="52.5225136" lon="13.4099413">
    <tag k="highway" v="traffic_signals"/>
  </node>
  <node id="4547201159" lat="52.5226228" lon="13.4098775">
    <tag k="crossing" v="traffic_signals"/>
    <tag k="railway" v="tram_crossing"/>
  </node>
  <node id="4547201160" lat="52.5225130" lon="13.4102552">
    <tag k="highway" v="traffic_signals"/>
    <tag k="traffic_signals:direction" v="backward"/>
  </node>
  <node id="4554486917" lat="52.5225679" lon="13.4087011"/>
  <node id="4554486919" lat="52.5223503" lon="13.4090264"/>
  <node id="4554486920" lat="52.5223377" lon="13.4092009">
    <tag k="button_operated" v="no"/>
    <tag k="crossing" v="traffic_signals"/>
    <tag k="crossing:island" v="no"/>
    <tag k="crossing:markings" v="dashes"/>
    <tag k="highway" v="crossing"/>
    <tag k="image" v="http://storage6.openstreetcam.org/files/photo/2017/10/18/lth/942365_b2b6a_13.jpg"/>
    <tag k="survey:date" v="2017-10-18"/>
    <tag k="tactile_paving" v="yes"/>
    <tag k="traffic_signals:sound" v="yes"/>
    <tag k="traffic_signals:vibration" v="yes"/>
    <tag k="wheelchair" v="yes"/>
  </node>
  <node id="4565322435" lat="52.5216914" lon="13.4116318">
    <tag k="crossing" v="uncontrolled"/>
    <tag k="railway" v="tram_crossing"/>
  </node>
  <node id="4565322436" lat="52.5216670" lon="13.4115909">
    <tag k="crossing" v="uncontrolled"/>
    <tag k="railway" v="tram_crossing"/>
  </node>
  <node id="4565322437" lat="52.5217435" lon="13.4141802">
    <tag k="crossing" v="uncontrolled"/>
    <tag k="railway" v="tram_crossing"/>
  </node>
  <node id="4565322438" lat="52.5217673" lon="13.4141473">
    <tag k="crossing" v="uncontrolled"/>
    <tag k="railway" v="tram_crossing"/>
  </node>
  <node id="4565322439" lat="52.5212191" lon="13.4131547">
    <tag k="crossing" v="uncontrolled"/>
    <tag k="railway" v="tram_crossing"/>
  </node>
  <node id="4565322440" lat="52.5212440" lon="13.4131229">
    <tag k="crossing" v="uncontrolled"/>
    <tag k="railway" v="tram_crossing"/>
  </node>
  <node id="4565322442" lat="52.5208457" lon="13.4115658">
    <tag k="crossing" v="uncontrolled"/>
    <tag k="railway" v="tram_crossing"/>
  </node>
  <node id="4565322443" lat="52.5208658" lon="13.4116086">
    <tag k="crossing" v="uncontrolled"/>
    <tag k="railway" v="tram_crossing"/>
  </node>
  <node id="4565322444" lat="52.5212548" lon="13.4109982">
    <tag k="crossing" v="uncontrolled"/>
    <tag k="railway" v="tram_crossing"/>
  </node>
  <node id="4565322445" lat="52.5212339" lon="13.4109561">
    <tag k="crossing" v="uncontrolled"/>
    <tag k="railway" v="tram_crossing"/>
  </node>
  <node id="4566145593" lat="52.5182345" lon="13.4072761">
    <tag k="button_operated" v="no"/>
    <tag k="crossing" v="traffic_signals"/>
    <tag k="crossing:island" v="no"/>
    <tag k="highway" v="crossing"/>
    <tag k="image" v="https://storage13.openstreetcam.org/files/photo/2020/8/15/lth/2917766_1c699_5f3812888836f.jpg"/>
    <tag k="survey:date" v="2020-08-15"/>
    <tag k="tactile_paving" v="yes"/>
    <tag k="traffic_signals:sound" v="yes"/>
    <tag k="traffic_signals:vibration" v="yes"/>
    <tag k="wheelchair" v="yes"/>
  </node>
  <node id="4566145594" lat="52.5180796" lon="13.4074900"/>
  <node id="4566145597" lat="52.5185253" lon="13.4070792">
    <tag k="button_operated" v="no"/>
    <tag k="crossing" v="traffic_signals"/>
    <tag k="crossing:island" v="no"/>
    <tag k="highway" v="crossing"/>
    <tag k="mapillary" v="1096084970911325"/>
    <tag k="survey:date" v="2020-05-31"/>
    <tag k="tactile_paving" v="yes"/>
    <tag k="traffic_signals:sound" v="yes"/>
    <tag k="traffic_signals:vibration" v="yes"/>
    <tag k="wheelchair" v="yes"/>
  </node>
  <node id="4673135632" lat="52.5238014" lon="13.4113814"/>
  <node id="4673135639" lat="52.5227272" lon="13.4097506"/>
  <node id="4673135641" lat="52.5223109" lon="13.4092784">
    <tag k="crossing" v="traffic_signals"/>
    <tag k="railway" v="tram_crossing"/>
  </node>
  <node id="4673135642" lat="52.5222841" lon="13.4093562">
    <tag k="crossing" v="traffic_signals"/>
    <tag k="railway" v="tram_crossing"/>
    <tag k="wheelchair" v="yes"/>
  </node>
  <node id="4673135645" lat="52.5221776" lon="13.4092447"/>
  <node id="4673135646" lat="52.5222135" lon="13.4093152"/>
  <node id="4763685843" lat="52.5217248" lon="13.4142060"/>
  <node id="4763685850" lat="52.5224517" lon="13.4151463"/>
  <node id="4763685854" lat="52.5225169" lon="13.4150040"/>
  <node id="4763685857" lat="52.5221944" lon="13.4148207"/>
  <node id="4763685861" lat="52.5210856" lon="13.4124583"/>
  <node id="4763685863" lat="52.5212303" lon="13.4122299"/>
  <node id="4763685864" lat="52.5211470" lon="13.4128402"/>
  <node id="4763685867" lat="52.5211970" lon="13.4125049"/>
  <node id="4763685869" lat="52.5212708" lon="13.4123168"/>
  <node id="4763685871" lat="52.5215567" lon="13.4116938"/>
  <node id="4763685872" lat="52.5217023" lon="13.4116499"/>
  <node id="4763685873" lat="52.5216662" lon="13.4117051"/>
  <node id="4763685874" lat="52.5216135" lon="13.4116194"/>
  <node id="4763685875" lat="52.5216505" lon="13.4115633"/>
  <node id="4809636656" lat="52.5207382" lon="13.4147295"/>
  <node id="4809636660" lat="52.5211484" lon="13.4151745">
    <tag k="barrier" v="kerb"/>
    <tag k="kerb" v="lowered"/>
    <tag k="tactile_paving" v="yes"/>
  </node>
  <node id="4809636661" lat="52.5208571" lon="13.4148598">
    <tag k="barrier" v="kerb"/>
    <tag k="kerb" v="lowered"/>
    <tag k="tactile_paving" v="yes"/>
  </node>
  <node id="4809636662" lat="52.5210155" lon="13.4150324"/>
  <node id="4809636664" lat="52.5221949" lon="13.4154894"/>
  <node id="4917707292" lat="52.5216542" lon="13.4143360"/>
  <node id="4917707293" lat="52.5216240" lon="13.4142698"/>
  <node id="4917707294" lat="52.5209906" lon="13.4125009"/>
  <node id="4934187004" lat="52.5216354" lon="13.4142653"/>
  <node id="4934187005" lat="52.5214857" lon="13.4139709"/>
  <node id="4934187006" lat="52.5217405" lon="13.4140730"/>
  <node id="4934187007" lat="52.5216134" lon="13.4138102"/>
  <node id="4934187008" lat="52.5217430" lon="13.4140636"/>
  <node id="4934187009" lat="52.5217286" lon="13.4140343"/>
  <node id="4936820450" lat="52.5220565" lon="13.4135460"/>
  <node id="4936820459" lat="52.5210719" lon="13.4146025"/>
  <node id="4936820461" lat="52.5211584" lon="13.4135653"/>
  <node id="4945782397" lat="52.5203114" lon="13.4102031"/>
  <node id="4945782403" lat="52.5203890" lon="13.4103697"/>
  <node id="4946047387" lat="52.5178281" lon="13.4075848"/>
  <node id="4947074226" lat="52.5215941" lon="13.4142048"/>
  <node id="4947074227" lat="52.5216247" lon="13.4142649"/>
  <node id="4996018638" lat="52.5232859" lon="13.4094581"/>
  <node id="5171487413" lat="52.5226900" lon="13.4098788">
    <tag k="highway" v="traffic_signals"/>
  </node>
  <node id="5171487414" lat="52.5220845" lon="13.4090615">
    <tag k="highway" v="traffic_signals"/>
  </node>
  <node id="5217809431" lat="52.5217111" lon="13.4119867"/>
  <node id="5217809432" lat="52.5216978" lon="13.4120023"/>
  <node id="5341149218" lat="52.5213638" lon="13.4175540"/>
  <node id="5341149530" lat="52.5214673" lon="13.4175588"/>
  <node id="5341149531" lat="52.5213911" lon="13.4174960"/>
  <node id="5341149532" lat="52.5213723" lon="13.4175615"/>
  <node id="5341149533" lat="52.5211684" lon="13.4173898"/>
  <node id="5341149727" lat="52.5202774" lon="13.4166465"/>
  <node id="5341149759" lat="52.5217064" lon="13.4168445"/>
  <node id="5341149761" lat="52.5217849" lon="13.4166056"/>
  <node id="5341149762" lat="52.5217841" lon="13.4165724"/>
  <node id="5341149763" lat="52.5217817" lon="13.4165575"/>
  <node id="5341149764" lat="52.5217170" lon="13.4164746"/>
  <node id="5341149766" lat="52.5208623" lon="13.4155481"/>
  <node id="5341149771" lat="52.5205742" lon="13.4158380"/>
  <node id="5390538237" lat="52.5198385" lon="13.4129937"/>
  <node id="5390538238" lat="52.5194886" lon="13.4122573"/>
  <node id="5397577486" lat="52.5216923" lon="13.4102283"/>
  <node id="5403954259" lat="52.5229717" lon="13.4158383"/>
  <node id="5436103280" lat="52.5194135" lon="13.4066833"/>
  <node id="5436103281" lat="52.5197145" lon="13.4065655"/>
  <node id="5436103282" lat="52.5197462" lon="13.4066112"/>
  <node id="5436103283" lat="52.5197983" lon="13.4068982"/>
  <node id="5436103284" lat="52.5197832" lon="13.4069799"/>
  <node id="5436103285" lat="52.5197561" lon="13.4070527"/>
  <node id="5436103286" lat="52.5196731" lon="13.4071545"/>
  <node id="5436103287" lat="52.5196224" lon="13.4071766"/>
  <node id="5436103288" lat="52.5195700" lon="13.4071769"/>
  <node id="5436103289" lat="52.5195192" lon="13.4071554"/>
  <node id="5436103290" lat="52.5194135" lon="13.4069992"/>
  <node id="5436103291" lat="52.5193984" lon="13.4069384"/>
  <node id="5436103292" lat="52.5193907" lon="13.4068740"/>
  <node id="5436103293" lat="52.5193984" lon="13.4067440"/>
  <node id="5436103294" lat="52.5195091" lon="13.4065344"/>
  <node id="5436103295" lat="52.5195605" lon="13.4065081"/>
  <node id="5436103296" lat="52.5196143" lon="13.4065046"/>
  <node id="5446414921" lat="52.5205478" lon="13.4060336">
    <tag k="highway" v="traffic_signals"/>
  </node>
  <node id="5446414929" lat="52.5233620" lon="13.4107604"/>
  <node id="5518191260" lat="52.5201747" lon="13.4089940"/>
  <node id="5518191289" lat="52.5226917" lon="13.4086338"/>
  <node id="5518191290" lat="52.5225981" lon="13.4086098"/>
  <node id="5518191291" lat="52.5223898" lon="13.4086251"/>
  <node id="5518191310" lat="52.5220010" lon="13.4072451"/>
  <node id="5518191311" lat="52.5215599" lon="13.4063680"/>
  <node id="5518191312" lat="52.5215440" lon="13.4063391"/>
  <node id="5518191313" lat="52.5215265" lon="13.4062593"/>
  <node id="5518191314" lat="52.5215285" lon="13.4061789"/>
  <node id="5518191315" lat="52.5215510" lon="13.4061058"/>
  <node id="5518191316" lat="52.5215983" lon="13.4060287"/>
  <node id="5518191317" lat="52.5219447" lon="13.4055678"/>
  <node id="5518191318" lat="52.5221142" lon="13.4053829">
    <tag k="access" v="private"/>
    <tag k="barrier" v="lift_gate"/>
  </node>
  <node id="5518191632" lat="52.5184295" lon="13.4074575">
    <tag k="barrier" v="kerb"/>
    <tag k="kerb" v="lowered"/>
    <tag k="tactile_paving" v="yes"/>
  </node>
  <node id="5597962248" lat="52.5229017" lon="13.4069463">
    <tag k="barrier" v="lift_gate"/>
  </node>
  <node id="5597962249" lat="52.5226919" lon="13.4065294">
    <tag k="barrier" v="lift_gate"/>
  </node>
  <node id="5716766315" lat="52.5175099" lon="13.4121514"/>
  <node id="5747234974" lat="52.5184889" lon="13.4069033">
    <tag k="highway" v="traffic_signals"/>
  </node>
  <node id="5747234975" lat="52.5182637" lon="13.4074361">
    <tag k="highway" v="traffic_signals"/>
  </node>
  <node id="5747234976" lat="52.5185022" lon="13.4074275">
    <tag k="highway" v="traffic_signals"/>
    <tag k="traffic_signals:direction" v="backward"/>
  </node>
  <node id="5747234977" lat="52.5184841" lon="13.4073813">
    <tag k="button_operated" v="no"/>
    <tag k="crossing" v="traffic_signals"/>
    <tag k="crossing:island" v="no"/>
    <tag k="highway" v="crossing"/>
    <tag k="image" v="https://storage13.openstreetcam.org/files/photo/2020/8/14/lth/2912326_fb0cb_5f3697bc8c3eb.jpg"/>
    <tag k="survey:date" v="2020-08-14"/>
    <tag k="tactile_paving" v="yes"/>
    <tag k="traffic_signals:sound" v="yes"/>
    <tag k="traffic_signals:vibration" v="yes"/>
    <tag k="wheelchair" v="yes"/>
  </node>
  <node id="5747234979" lat="52.5188059" lon="13.4080581"/>
  <node id="5867575836" lat="52.5211260" lon="13.4145827"/>
  <node id="5867575837" lat="52.5209966" lon="13.4146278"/>
  <node id="5867575838" lat="52.5217351" lon="13.4139364"/>
  <node id="5867575839" lat="52.5215679" lon="13.4141504"/>
  <node id="5867575840" lat="52.5219786" lon="13.4136551"/>
  <node id="5867602056" lat="52.5215159" lon="13.4088084"/>
  <node id="5907113488" lat="52.5226887" lon="13.4094278">
    <tag k="disused:bus" v="yes"/>
    <tag k="disused:public_transport" v="stop_position"/>
    <tag k="disused:ref:BVG" v="107155"/>
  </node>
  <node id="5907113489" lat="52.5230433" lon="13.4104523">
    <tag k="bench" v="no"/>
    <tag k="bin" v="no"/>
    <tag k="bus" v="yes"/>
    <tag k="gtfs:stop_id" v="de:11000:900100031::3"/>
    <tag k="highway" v="bus_stop"/>
    <tag k="lit" v="no"/>
    <tag k="local_ref" v="3"/>
    <tag k="name" v="S+U Alexanderplatz/Memhardstraße"/>
    <tag k="public_transport" v="stop_position"/>
    <tag k="ref" v="3"/>
    <tag k="ref:BVG" v="107174"/>
    <tag k="shelter" v="no"/>
    <tag k="tactile_paving" v="no"/>
    <tag k="website" v="https://qr.bvg.de/h107174"/>
  </node>
  <node id="5907961749" lat="52.5241200" lon="13.4126692"/>
  <node id="5931763563" lat="52.5198281" lon="13.4139360"/>
  <node id="5931763564" lat="52.5197282" lon="13.4137221"/>
  <node id="5931763565" lat="52.5199185" lon="13.4134371"/>
  <node id="5931763566" lat="52.5200208" lon="13.4136516"/>
  <node id="5931763567" lat="52.5185630" lon="13.4078465"/>
  <node id="5931763568" lat="52.5185745" lon="13.4077969"/>
  <node id="5931763569" lat="52.5187026" lon="13.4081410"/>
  <node id="5931763570" lat="52.5186319" lon="13.4076992"/>
  <node id="5931763571" lat="52.5185737" lon="13.4078908"/>
  <node id="5931763572" lat="52.5186748" lon="13.4081201"/>
  <node id="5931763573" lat="52.5187287" lon="13.4081402"/>
  <node id="5931763583" lat="52.5188170" lon="13.4079160"/>
  <node id="6052737588" lat="52.5207460" lon="13.4077552"/>
  <node id="6052737589" lat="52.5207900" lon="13.4077914"/>
  <node id="6052747080" lat="52.5199788" lon="13.4087010"/>
  <node id="6052747081" lat="52.5199378" lon="13.4087173"/>
  <node id="6052747082" lat="52.5199233" lon="13.4087236"/>
  <node id="6052747083" lat="52.5199069" lon="13.4087204"/>
  <node id="6052747084" lat="52.5197956" lon="13.4086671"/>
  <node id="6052748185" lat="52.5197817" lon="13.4086650"/>
  <node id="6052748186" lat="52.5197659" lon="13.4086650"/>
  <node id="6052748187" lat="52.5197482" lon="13.4086661"/>
  <node id="6052748188" lat="52.5197324" lon="13.4086702"/>
  <node id="6052748189" lat="52.5196192" lon="13.4087252"/>
  <node id="6052748190" lat="52.5195401" lon="13.4087833"/>
  <node id="6052748191" lat="52.5195056" lon="13.4087811"/>
  <node id="6052748192" lat="52.5194468" lon="13.4087649"/>
  <node id="6052748193" lat="52.5193960" lon="13.4087342"/>
  <node id="6052748194" lat="52.5199548" lon="13.4088803"/>
  <node id="6052748195" lat="52.5199570" lon="13.4089169"/>
  <node id="6052748196" lat="52.5199570" lon="13.4089535"/>
  <node id="6052748197" lat="52.5199531" lon="13.4089965"/>
  <node id="6052748198" lat="52.5199164" lon="13.4092114"/>
  <node id="6052748199" lat="52.5199097" lon="13.4092672"/>
  <node id="6052748200" lat="52.5199102" lon="13.4092956"/>
  <node id="6052748201" lat="52.5199158" lon="13.4093249"/>
  <node id="6052748202" lat="52.5196977" lon="13.4095223"/>
  <node id="6052748203" lat="52.5197046" lon="13.4094241"/>
  <node id="6052748204" lat="52.5197134" lon="13.4093963"/>
  <node id="6052748206" lat="52.5197304" lon="13.4093687"/>
  <node id="6052748207" lat="52.5199100" lon="13.4092846"/>
  <node id="6184062256" lat="52.5220529" lon="13.4147938"/>
  <node id="6184062257" lat="52.5221564" lon="13.4141373"/>
  <node id="6184062258" lat="52.5219855" lon="13.4138993"/>
  <node id="6255558053" lat="52.5207398" lon="13.4077215"/>
  <node id="6255558054" lat="52.5207417" lon="13.4077390"/>
  <node id="6255558055" lat="52.5207526" lon="13.4077692"/>
  <node id="6255558056" lat="52.5207609" lon="13.4077803"/>
  <node id="6255558057" lat="52.5207802" lon="13.4077914"/>
  <node id="6255558058" lat="52.5208003" lon="13.4077875"/>
  <node id="6342892414" lat="52.5207653" lon="13.4149718">
    <tag k="barrier" v="kerb"/>
    <tag k="kerb" v="lowered"/>
    <tag k="tactile_paving" v="yes"/>
  </node>
  <node id="6342892415" lat="52.5206404" lon="13.4151237">
    <tag k="barrier" v="kerb"/>
    <tag k="kerb" v="lowered"/>
    <tag k="tactile_paving" v="yes"/>
  </node>
  <node id="6347384693" lat="52.5202341" lon="13.4092132"/>
  <node id="6437011131" lat="52.5185593" lon="13.4071451">
    <tag k="barrier" v="kerb"/>
    <tag k="kerb" v="lowered"/>
    <tag k="tactile_paving" v="yes"/>
  </node>
  <node id="6437013423" lat="52.5214770" lon="13.4080832"/>
  <node id="6438955385" lat="52.5198539" lon="13.4135341"/>
  <node id="6438955386" lat="52.5199540" lon="13.4137503"/>
  <node id="6438955387" lat="52.5198913" lon="13.4138428"/>
  <node id="6438955388" lat="52.5197906" lon="13.4136289"/>
  <node id="6445985889" lat="52.5213039" lon="13.4096462"/>
  <node id="6445985890" lat="52.5197011" lon="13.4094554"/>
  <node id="6446104360" lat="52.5206717" lon="13.4083006"/>
  <node id="6446104361" lat="52.5199313" lon="13.4067242"/>
  <node id="6446104365" lat="52.5197114" lon="13.4080116"/>
  <node id="6446104366" lat="52.5195397" lon="13.4076476"/>
  <node id="6446104367" lat="52.5195284" lon="13.4074841"/>
  <node id="6446104368" lat="52.5193714" lon="13.4071515"/>
  <node id="6446104369" lat="52.5200100" lon="13.4086448"/>
  <node id="6446104371" lat="52.5192707" lon="13.4094445"/>
  <node id="6446104376" lat="52.5200436" lon="13.4069706"/>
  <node id="6447331768" lat="52.5211735" lon="13.4132077"/>
  <node id="6447331769" lat="52.5210864" lon="13.4133218"/>
  <node id="6447331770" lat="52.5215600" lon="13.4096666"/>
  <node id="6447331771" lat="52.5214800" lon="13.4098320"/>
  <node id="6447810041" lat="52.5206256" lon="13.4080159"/>
  <node id="6447810042" lat="52.5205752" lon="13.4080811"/>
  <node id="6447810043" lat="52.5212364" lon="13.4073686"/>
  <node id="6447810045" lat="52.5205022" lon="13.4061708"/>
  <node id="6447810046" lat="52.5205562" lon="13.4062743"/>
  <node id="6447810049" lat="52.5220714" lon="13.4092712"/>
  <node id="6447810050" lat="52.5222282" lon="13.4095855">
    <tag k="crossing" v="uncontrolled"/>
    <tag k="crossing:island" v="no"/>
    <tag k="crossing:markings" v="dashes"/>
    <tag k="highway" v="crossing"/>
    <tag k="tactile_paving" v="yes"/>
  </node>
  <node id="6448068510" lat="52.5199637" lon="13.4052505"/>
  <node id="6448068511" lat="52.5185747" lon="13.4071750"/>
  <node id="6448068512" lat="52.5185218" lon="13.4073258">
    <tag k="barrier" v="kerb"/>
    <tag k="kerb" v="lowered"/>
    <tag k="tactile_paving" v="yes"/>
  </node>
  <node id="6448068513" lat="52.5194636" lon="13.4065817"/>
  <node id="6448068514" lat="52.5192750" lon="13.4061987"/>
  <node id="6448068515" lat="52.5183618" lon="13.4075414"/>
  <node id="6448068518" lat="52.5190624" lon="13.4064919"/>
  <node id="6448102127" lat="52.5203602" lon="13.4076324"/>
  <node id="6448102129" lat="52.5198587" lon="13.4083239"/>
  <node id="6449731026" lat="52.5200621" lon="13.4090767"/>
  <node id="6449731032" lat="52.5232274" lon="13.4113016"/>
  <node id="6449731033" lat="52.5232054" lon="13.4111359"/>
  <node id="6690942035" lat="52.5212330" lon="13.4171828"/>
  <node id="6714506672" lat="52.5229822" lon="13.4137940"/>
  <node id="6714506673" lat="52.5231185" lon="13.4134994"/>
  <node id="6714506678" lat="52.5231498" lon="13.4135471"/>
  <node id="6714506679" lat="52.5230158" lon="13.4138405"/>
  <node id="6719007110" lat="52.5206298" lon="13.4144371"/>
  <node id="6719007111" lat="52.5202660" lon="13.4135188"/>
  <node id="6744165043" lat="52.5202277" lon="13.4140821">
    <tag k="bench" v="yes"/>
    <tag k="bin" v="yes"/>
    <tag k="bus" v="yes"/>
    <tag k="highway" v="bus_stop"/>
    <tag k="lit" v="yes"/>
    <tag k="name" v="S+U Alexanderplatz/Grunerstraße"/>
    <tag k="name:BVG" v="S+U Alexanderplatz/Grunerstraße [Grunerstraße]"/>
    <tag k="name:ja" v="S+Uアレクサンダー広場/グルネル通り"/>
    <tag k="public_transport" v="stop_position"/>
    <tag k="ref:BVG" v="106818"/>
    <tag k="shelter" v="yes"/>
    <tag k="tactile_paving" v="no"/>
    <tag k="website" v="https://qr.bvg.de/h106818"/>
  </node>
  <node id="6795798241" lat="52.5227203" lon="13.4153521"/>
  <node id="6795798243" lat="52.5219127" lon="13.4143436">
    <tag k="railway" v="tram_crossing"/>
  </node>
  <node id="6828410667" lat="52.5231429" lon="13.4144280">
    <tag k="bus" v="yes"/>
    <tag k="name" v="Alexanderplatz"/>
    <tag k="name:ja" v="アレクサンダー広場"/>
    <tag k="operator" v="Flixbus"/>
    <tag k="public_transport" v="stop_position"/>
    <tag k="route_ref" v="Flixbus 002, 031, 054, 057, 065, 070, 125, 170, 270, 348, 1385, N13, N44, N70, N232, N1385"/>
  </node>
  <node id="7026282539" lat="52.5185902" lon="13.4076127"/>
  <node id="7026282540" lat="52.5179852" lon="13.4076167"/>
  <node id="7062810730" lat="52.5188668" lon="13.4154813">
    <tag k="access" v="permissive"/>
    <tag k="entrance" v="yes"/>
    <tag k="name" v="Dircksenstraße Ost"/>
  </node>
  <node id="7076449616" lat="52.5230492" lon="13.4103026"/>
  <node id="7163595317" lat="52.5206186" lon="13.4158877"/>
  <node id="7286123367" lat="52.5175157" lon="13.4055241"/>
  <node id="7578096967" lat="52.5191892" lon="13.4127369">
    <tag k="barrier" v="kerb"/>
    <tag k="kerb" v="lowered"/>
  </node>
  <node id="7578096974" lat="52.5177299" lon="13.4135205"/>
  <node id="7578096976" lat="52.5180268" lon="13.4132829"/>
  <node id="7769466018" lat="52.5235299" lon="13.4165976"/>
  <node id="7769466019" lat="52.5232324" lon="13.4173003"/>
  <node id="7769466025" lat="52.5227761" lon="13.4155462"/>
  <node id="7769466026" lat="52.5228389" lon="13.4154107"/>
  <node id="7769466027" lat="52.5228744" lon="13.4153313"/>
  <node id="7769466028" lat="52.5228935" lon="13.4152897"/>
  <node id="7769466029" lat="52.5231851" lon="13.4146681"/>
  <node id="7769466030" lat="52.5235122" lon="13.4139727"/>
  <node id="7769466031" lat="52.5237929" lon="13.4133639"/>
  <node id="7769466032" lat="52.5228123" lon="13.4154671">
    <tag k="crossing" v="traffic_signals"/>
    <tag k="railway" v="tram_crossing"/>
  </node>
  <node id="7769466033" lat="52.5227921" lon="13.4155112">
    <tag k="crossing" v="traffic_signals"/>
    <tag k="railway" v="tram_crossing"/>
  </node>
  <node id="8043201324" lat="52.5184879" lon="13.4094049"/>
  <node id="8043201325" lat="52.5185899" lon="13.4096051">
    <tag k="entrance" v="service"/>
    <tag k="maxheight" v="4.2"/>
  </node>
  <node id="8091138735" lat="52.5223915" lon="13.4066083"/>
  <node id="8091138736" lat="52.5223526" lon="13.4066290"/>
  <node id="8091138737" lat="52.5223095" lon="13.4066211"/>
  <node id="8091138738" lat="52.5222064" lon="13.4065650"/>
  <node id="8091138739" lat="52.5221443" lon="13.4066344"/>
  <node id="8091138740" lat="52.5221423" lon="13.4066782"/>
  <node id="8091138743" lat="52.5221824" lon="13.4069081"/>
  <node id="8091138744" lat="52.5221080" lon="13.4070182"/>
  <node id="8091138805" lat="52.5208014" lon="13.4146620">
    <tag k="barrier" v="bollard"/>
    <tag k="bollard" v="fixed"/>
  </node>
  <node id="8196659438" lat="52.5189174" lon="13.4086114">
    <tag k="level" v="-1"/>
  </node>
  <node id="8196659439" lat="52.5190654" lon="13.4081094">
    <tag k="access" v="yes"/>
    <tag k="highway" v="elevator"/>
    <tag k="level" v="-2;0"/>
    <tag k="railway" v="subway_entrance"/>
    <tag k="wheelchair" v="yes"/>
  </node>
  <node id="8196659440" lat="52.5188209" lon="13.4084272">
    <tag k="access" v="yes"/>
    <tag k="highway" v="elevator"/>
    <tag k="level" v="-2;0"/>
    <tag k="railway" v="subway_entrance"/>
    <tag k="wheelchair" v="yes"/>
  </node>
  <node id="8196659570" lat="52.5184222" lon="13.4075053"/>
  <node id="8196659575" lat="52.5187609" lon="13.4072866"/>
  <node id="8196659576" lat="52.5186980" lon="13.4071502">
    <tag k="level" v="-1"/>
  </node>
  <node id="8196659577" lat="52.5187384" lon="13.4073157">
    <tag k="entrance" v="yes"/>
    <tag k="level" v="0"/>
    <tag k="name" v="Rotes Rathaus"/>
    <tag k="railway" v="subway_entrance"/>
    <tag k="ref" v="A"/>
    <tag k="wheelchair" v="no"/>
  </node>
  <node id="8196659578" lat="52.5186739" lon="13.4071796">
    <tag k="level" v="-1"/>
  </node>
  <node id="8196659579" lat="52.5190848" lon="13.4081775">
    <tag k="level" v="0"/>
  </node>
  <node id="8196659580" lat="52.5191481" lon="13.4083100">
    <tag k="level" v="-1"/>
  </node>
  <node id="8196659581" lat="52.5191088" lon="13.4081475">
    <tag k="entrance" v="yes"/>
    <tag k="level" v="0"/>
    <tag k="name" v="Rotes Rathaus"/>
    <tag k="railway" v="subway_entrance"/>
    <tag k="ref" v="B"/>
    <tag k="wheelchair" v="no"/>
  </node>
  <node id="8196659582" lat="52.5191718" lon="13.4082791">
    <tag k="level" v="-1"/>
  </node>
  <node id="8196659583" lat="52.5188543" lon="13.4084865">
    <tag k="entrance" v="yes"/>
    <tag k="level" v="0"/>
    <tag k="name" v="Rotes Rathaus"/>
    <tag k="railway" v="subway_entrance"/>
    <tag k="ref" v="C"/>
    <tag k="wheelchair" v="no"/>
  </node>
  <node id="8196661139" lat="52.5189093" lon="13.4086210">
    <tag k="level" v="-1"/>
  </node>
  <node id="8208691221" lat="52.5189088" lon="13.4084240">
    <tag k="level" v="-2"/>
  </node>
  <node id="8208691222" lat="52.5189673" lon="13.4085454">
    <tag k="level" v="-1"/>
  </node>
  <node id="8208691223" lat="52.5188881" lon="13.4084521">
    <tag k="level" v="-2"/>
  </node>
  <node id="8208691224" lat="52.5189463" lon="13.4085728">
    <tag k="level" v="-1"/>
  </node>
  <node id="8208691225" lat="52.5185022" lon="13.4076092">
    <tag k="level" v="-2"/>
  </node>
  <node id="8208691226" lat="52.5184412" lon="13.4074807">
    <tag k="level" v="-1"/>
  </node>
  <node id="8208691229" lat="52.5184855" lon="13.4076333">
    <tag k="level" v="-2"/>
  </node>
  <node id="8280893010" lat="52.5225605" lon="13.4152801"/>
  <node id="8280893011" lat="52.5226428" lon="13.4153813">
    <tag k="highway" v="traffic_signals"/>
    <tag k="traffic_signals" v="signal"/>
    <tag k="traffic_signals:direction" v="backward"/>
  </node>
  <node id="8280893012" lat="52.5227208" lon="13.4154772"/>
  <node id="8594892021" lat="52.5217578" lon="13.4086394"/>
  <node id="8793912187" lat="52.5206022" lon="13.4120553"/>
  <node id="8793912188" lat="52.5205387" lon="13.4119612"/>
  <node id="8793912189" lat="52.5204767" lon="13.4118775"/>
  <node id="8793912190" lat="52.5202371" lon="13.4113784"/>
  <node id="8793912191" lat="52.5205095" lon="13.4119233"/>
  <node id="8793912192" lat="52.5190006" lon="13.4087115"/>
  <node id="8793912193" lat="52.5190279" lon="13.4087709">
    <tag k="barrier" v="bollard"/>
    <tag k="bollard" v="removable"/>
  </node>
  <node id="8793912194" lat="52.5200974" lon="13.4110771"/>
  <node id="8793912195" lat="52.5208363" lon="13.4124870"/>
  <node id="8793912196" lat="52.5209113" lon="13.4126630"/>
  <node id="8793912197" lat="52.5211793" lon="13.4132010"/>
  <node id="8793912198" lat="52.5217118" lon="13.4142240"/>
  <node id="8793912199" lat="52.5221787" lon="13.4148514"/>
  <node id="8796782045" lat="52.5208939" lon="13.4126884"/>
  <node id="9000393191" lat="52.5220344" lon="13.4073365"/>
  <node id="9000393192" lat="52.5224833" lon="13.4067187"/>
  <node id="9075938657" lat="52.5232492" lon="13.4112079"/>
  <node id="9164201930" lat="52.5181805" lon="13.4159940"/>
  <node id="9164201931" lat="52.5181685" lon="13.4159186"/>
  <node id="9164201932" lat="52.5178988" lon="13.4158684"/>
  <node id="9213873343" lat="52.5179717" lon="13.4130593">
    <tag k="access" v="private"/>
    <tag k="amenity" v="parking_entrance"/>
    <tag k="maxheight" v="1.9"/>
    <tag k="parking" v="underground"/>
  </node>
  <node id="9213873344" lat="52.5184208" lon="13.4132719"/>
  <node id="9213873345" lat="52.5183583" lon="13.4134610"/>
  <node id="9213873347" lat="52.5214541" lon="13.4089541"/>
  <node id="9213873348" lat="52.5216971" lon="13.4085152"/>
  <node id="9213873349" lat="52.5216636" lon="13.4084502"/>
  <node id="9282068881" lat="52.5229290" lon="13.4157877"/>
  <node id="9282068882" lat="52.5228886" lon="13.4156931"/>
  <node id="9288041062" lat="52.5186945" lon="13.4066062"/>
  <node id="9458211551" lat="52.5196686" lon="13.4128434"/>
  <node id="9460832685" lat="52.5185647" lon="13.4116685"/>
  <node id="9460832686" lat="52.5184094" lon="13.4118636"/>
  <node id="9460832688" lat="52.5174513" lon="13.4125247"/>
  <node id="9460832689" lat="52.5176640" lon="13.4120567"/>
  <node id="9530372098" lat="52.5208525" lon="13.4155144"/>
  <node id="9530372099" lat="52.5216734" lon="13.4164169"/>
  <node id="9530372102" lat="52.5217036" lon="13.4165324">
    <tag k="crossing" v="uncontrolled"/>
    <tag k="crossing:island" v="no"/>
    <tag k="crossing:markings" v="zebra"/>
    <tag k="highway" v="crossing"/>
    <tag k="tactile_paving" v="yes"/>
  </node>
  <node id="9530453367" lat="52.5217350" lon="13.4164791">
    <tag k="highway" v="traffic_signals"/>
    <tag k="traffic_signals" v="signal"/>
    <tag k="traffic_signals:direction" v="forward"/>
  </node>
  <node id="9583740872" lat="52.5187485" lon="13.4109388"/>
  <node id="9583740875" lat="52.5188391" lon="13.4111222"/>
  <node id="9583740891" lat="52.5194373" lon="13.4121886"/>
  <node id="9583740892" lat="52.5193761" lon="13.4122532"/>
  <node id="9687727218" lat="52.5210954" lon="13.4118441"/>
  <node id="9687727219" lat="52.5210992" lon="13.4118459"/>
  <node id="9687727220" lat="52.5211015" lon="13.4118735"/>
  <node id="9687727221" lat="52.5210932" lon="13.4118776"/>
  <node id="9687727222" lat="52.5210886" lon="13.4118744"/>
  <node id="9687727223" lat="52.5210857" lon="13.4118689"/>
  <node id="9687727224" lat="52.5210846" lon="13.4118577"/>
  <node id="9687727225" lat="52.5210885" lon="13.4118474"/>
  <node id="9687727226" lat="52.5210909" lon="13.4118453"/>
  <node id="9687727227" lat="52.5210847" lon="13.4118651"/>
  <node id="9700749460" lat="52.5176554" lon="13.4084104"/>
  <node id="9700749461" lat="52.5182807" lon="13.4075649"/>
  <node id="9700749462" lat="52.5181756" lon="13.4071512"/>
  <node id="9700749463" lat="52.5174605" lon="13.4080252"/>
  <node id="9700749464" lat="52.5173864" lon="13.4080276"/>
  <node id="9700774885" lat="52.5181097" lon="13.4099041"/>
  <node id="9721107185" lat="52.5200916" lon="13.4111007"/>
  <node id="9721107186" lat="52.5200870" lon="13.4111196"/>
  <node id="9828580265" lat="52.5239069" lon="13.4134943"/>
  <node id="9828580268" lat="52.5228773" lon="13.4157467"/>
  <node id="9828580269" lat="52.5227553" lon="13.4155916"/>
  <node id="9828580270" lat="52.5238455" lon="13.4101834"/>
  <node id="9828580272" lat="52.5238771" lon="13.4097452"/>
  <node id="9828580273" lat="52.5238056" lon="13.4109914"/>
  <node id="9828580276" lat="52.5237952" lon="13.4112357"/>
  <node id="9828580277" lat="52.5238783" lon="13.4097056"/>
  <node id="9828580278" lat="52.5238717" lon="13.4096802"/>
  <node id="9828580279" lat="52.5238471" lon="13.4096485"/>
  <node id="9828580280" lat="52.5229591" lon="13.4089952"/>
  <node id="9828580281" lat="52.5226893" lon="13.4096667"/>
  <node id="9828580282" lat="52.5224717" lon="13.4100543"/>
  <node id="9828580289" lat="52.5233357" lon="13.4092722"/>
  <node id="9828580294" lat="52.5228019" lon="13.4098813"/>
  <node id="9828580296" lat="52.5236533" lon="13.4112166"/>
  <node id="9828580297" lat="52.5234525" lon="13.4109022"/>
  <node id="9828580298" lat="52.5234160" lon="13.4108468"/>
  <node id="9828580299" lat="52.5230747" lon="13.4103065"/>
  <node id="9828580300" lat="52.5229349" lon="13.4100961"/>
  <node id="9829191542" lat="52.5228434" lon="13.4070188"/>
  <node id="9829191543" lat="52.5226359" lon="13.4065979"/>
  <node id="9829191544" lat="52.5230408" lon="13.4087952"/>
  <node id="9829191553" lat="52.5233392" lon="13.4073007"/>
  <node id="9829191555" lat="52.5229961" lon="13.4089047">
    <tag k="crossing" v="unmarked"/>
    <tag k="crossing:island" v="no"/>
    <tag k="crossing:markings" v="no"/>
    <tag k="highway" v="crossing"/>
    <tag k="tactile_paving" v="no"/>
  </node>
  <node id="9836547422" lat="52.5208987" lon="13.4126100"/>
  <node id="9836547423" lat="52.5206752" lon="13.4121627"/>
  <node id="9856051671" lat="52.5230327" lon="13.4149389"/>
  <node id="9856051672" lat="52.5229610" lon="13.4150911"/>
  <node id="9856051674" lat="52.5218960" lon="13.4143857">
    <tag k="railway" v="tram_crossing"/>
  </node>
  <node id="9891678199" lat="52.5232600" lon="13.4077162"/>
  <node id="9891678200" lat="52.5231570" lon="13.4080804"/>
  <node id="9891678201" lat="52.5230575" lon="13.4083749"/>
  <node id="9891678202" lat="52.5225891" lon="13.4094884"/>
  <node id="9891678203" lat="52.5228412" lon="13.4089199"/>
  <node id="9891678204" lat="52.5229372" lon="13.4086789"/>
  <node id="9891678205" lat="52.5228820" lon="13.4088175">
    <tag k="crossing" v="unmarked"/>
    <tag k="crossing:island" v="no"/>
    <tag k="crossing:markings" v="no"/>
    <tag k="highway" v="crossing"/>
    <tag k="tactile_paving" v="no"/>
  </node>
  <node id="9891678206" lat="52.5229779" lon="13.4087245">
    <tag k="crossing" v="unmarked"/>
    <tag k="crossing:island" v="no"/>
    <tag k="crossing:markings" v="no"/>
    <tag k="highway" v="crossing"/>
    <tag k="tactile_paving" v="no"/>
  </node>
  <node id="9891678207" lat="52.5227404" lon="13.4085074"/>
  <node id="9891678208" lat="52.5226646" lon="13.4084692"/>
  <node id="9891678209" lat="52.5225282" lon="13.4084576"/>
  <node id="9891678210" lat="52.5222030" lon="13.4085207"/>
  <node id="9891678211" lat="52.5221425" lon="13.4085974"/>
  <node id="9891678212" lat="52.5225353" lon="13.4086070">
    <tag k="ele" v="36.0"/>
  </node>
  <node id="9891678213" lat="52.5223825" lon="13.4090909"/>
  <node id="9891678214" lat="52.5222147" lon="13.4095429"/>
  <node id="9891678215" lat="52.5221865" lon="13.4094949">
    <tag k="railway" v="tram_crossing"/>
  </node>
  <node id="9891678216" lat="52.5222358" lon="13.4096296"/>
  <node id="9891723319" lat="52.5211199" lon="13.4064860"/>
  <node id="9891723320" lat="52.5221379" lon="13.4088287"/>
  <node id="9891723322" lat="52.5226239" lon="13.4087076"/>
  <node id="9891723323" lat="52.5226815" lon="13.4087470"/>
  <node id="9891723324" lat="52.5229506" lon="13.4090163"/>
  <node id="9891723325" lat="52.5228807" lon="13.4089547">
    <tag k="crossing" v="unmarked"/>
    <tag k="crossing:island" v="no"/>
    <tag k="crossing:markings" v="no"/>
    <tag k="highway" v="crossing"/>
    <tag k="tactile_paving" v="no"/>
  </node>
  <node id="9891723326" lat="52.5226544" lon="13.4087216"/>
  <node id="9891723327" lat="52.5222591" lon="13.4096288"/>
  <node id="9891723328" lat="52.5222906" lon="13.4096649"/>
  <node id="9891723329" lat="52.5224783" lon="13.4101004"/>
  <node id="9891723330" lat="52.5220697" lon="13.4108234"/>
  <node id="9891723331" lat="52.5225905" lon="13.4103343"/>
  <node id="9891723332" lat="52.5224819" lon="13.4100751"/>
  <node id="9891723333" lat="52.5222101" lon="13.4096631"/>
  <node id="9891723334" lat="52.5217769" lon="13.4103275"/>
  <node id="9891723335" lat="52.5225322" lon="13.4102170">
    <tag k="railway" v="tram_crossing"/>
  </node>
  <node id="9891723336" lat="52.5225879" lon="13.4102059"/>
  <node id="9891723340" lat="52.5221112" lon="13.4108977">
    <tag k="railway" v="tram_crossing"/>
  </node>
  <node id="9899650231" lat="52.5203751" lon="13.4094881"/>
  <node id="9899650232" lat="52.5204114" lon="13.4095342"/>
  <node id="9899654863" lat="52.5198735" lon="13.4092815"/>
  <node id="10041232967" lat="52.5194369" lon="13.4076157"/>
  <node id="10041232969" lat="52.5194457" lon="13.4076912"/>
  <node id="10041232970" lat="52.5194463" lon="13.4077736"/>
  <node id="10041232971" lat="52.5194406" lon="13.4078755"/>
  <node id="10041232972" lat="52.5194234" lon="13.4079868"/>
  <node id="10041232973" lat="52.5193795" lon="13.4081216"/>
  <node id="10041232974" lat="52.5193147" lon="13.4082877"/>
  <node id="10041232975" lat="52.5193023" lon="13.4083457"/>
  <node id="10041232976" lat="52.5192975" lon="13.4084147"/>
  <node id="10041232977" lat="52.5192984" lon="13.4084868"/>
  <node id="10041232978" lat="52.5193003" lon="13.4085433"/>
  <node id="10041232979" lat="52.5193118" lon="13.4085919"/>
  <node id="10041232980" lat="52.5193251" lon="13.4086357"/>
  <node id="10041232981" lat="52.5193595" lon="13.4086969"/>
  <node id="10173804191" lat="52.5180550" lon="13.4077197"/>
  <node id="10173804192" lat="52.5179371" lon="13.4079025"/>
  <node id="10183133110" lat="52.5196807" lon="13.4086877"/>
  <node id="10183133111" lat="52.5194714" lon="13.4073597"/>
  <node id="10183133113" lat="52.5221466" lon="13.4094196">
    <tag k="barrier" v="kerb"/>
    <tag k="kerb" v="lowered"/>
    <tag k="tactile_paving" v="yes"/>
  </node>
  <node id="10188332726" lat="52.5211128" lon="13.4073787"/>
  <node id="10188332727" lat="52.5205600" lon="13.4063848"/>
  <node id="10189375724" lat="52.5200545" lon="13.4163503"/>
  <node id="10189375725" lat="52.5207610" lon="13.4155040"/>
  <node id="10189375726" lat="52.5208456" lon="13.4154128"/>
  <node id="10189375727" lat="52.5210443" lon="13.4151976"/>
  <node id="10189375728" lat="52.5208223" lon="13.4154380"/>
  <node id="10189375729" lat="52.5207415" lon="13.4155254">
    <tag k="highway" v="traffic_signals"/>
    <tag k="traffic_signals" v="signal"/>
    <tag k="traffic_signals:direction" v="forward"/>
  </node>
  <node id="10189375730" lat="52.5206911" lon="13.4154867">
    <tag k="direction" v="forward"/>
    <tag k="highway" v="give_way"/>
  </node>
  <node id="10189375738" lat="52.5205645" lon="13.4145068"/>
  <node id="10196188860" lat="52.5205827" lon="13.4122671">
    <tag k="barrier" v="bollard"/>
    <tag k="bollard" v="foldable"/>
  </node>
  <node id="10196188861" lat="52.5202251" lon="13.4114518"/>
  <node id="10196188887" lat="52.5201523" lon="13.4071979"/>
  <node id="10196188910" lat="52.5211528" lon="13.4076175">
    <tag k="barrier" v="bollard"/>
    <tag k="bollard" v="fixed"/>
    <tag k="maxwidth:physical" v="1.5"/>
  </node>
  <node id="10196188912" lat="52.5210239" lon="13.4074979"/>
  <node id="10196188913" lat="52.5207610" lon="13.4069740"/>
  <node id="10196188914" lat="52.5207040" lon="13.4069743"/>
  <node id="10196222619" lat="52.5207058" lon="13.4065600"/>
  <node id="10196222621" lat="52.5204997" lon="13.4063510"/>
  <node id="10247148370" lat="52.5208010" lon="13.4123004">
    <tag k="crossing" v="uncontrolled"/>
    <tag k="railway" v="tram_crossing"/>
  </node>
  <node id="10247148371" lat="52.5207454" lon="13.4123818"/>
  <node id="10247148373" lat="52.5207677" lon="13.4123489"/>
  <node id="10247148374" lat="52.5208305" lon="13.4122571">
    <tag k="crossing" v="uncontrolled"/>
    <tag k="railway" v="tram_crossing"/>
  </node>
  <node id="10314479341" lat="52.5184071" lon="13.4100415"/>
  <node id="10314479343" lat="52.5182421" lon="13.4097333"/>
  <node id="10314479346" lat="52.5177122" lon="13.4086705"/>
  <node id="10314479347" lat="52.5177967" lon="13.4087809"/>
  <node id="10314479348" lat="52.5181022" lon="13.4093964"/>
  <node id="10314479349" lat="52.5181323" lon="13.4095063"/>
  <node id="10567752800" lat="52.5179995" lon="13.4098175"/>
  <node id="10567768864" lat="52.5176413" lon="13.4085325"/>
  <node id="10567768866" lat="52.5176862" lon="13.4084737"/>
  <node id="10567768867" lat="52.5179593" lon="13.4098728"/>
  <node id="10567768876" lat="52.5176778" lon="13.4086011">
    <tag k="barrier" v="kerb"/>
    <tag k="kerb" v="flush"/>
  </node>
  <node id="10567768903" lat="52.5181321" lon="13.4100503">
    <tag k="barrier" v="kerb"/>
    <tag k="kerb" v="lowered"/>
    <tag k="tactile_paving" v="yes"/>
  </node>
  <node id="10567768904" lat="52.5181971" lon="13.4099670">
    <tag k="barrier" v="kerb"/>
    <tag k="kerb" v="lowered"/>
    <tag k="tactile_paving" v="yes"/>
  </node>
  <node id="10567768905" lat="52.5182168" lon="13.4099417">
    <tag k="barrier" v="kerb"/>
    <tag k="kerb" v="lowered"/>
    <tag k="tactile_paving" v="yes"/>
  </node>
  <node id="10567768906" lat="52.5182947" lon="13.4098420"/>
  <node id="10567768907" lat="52.5183021" lon="13.4098324">
    <tag k="barrier" v="kerb"/>
    <tag k="kerb" v="lowered"/>
    <tag k="tactile_paving" v="yes"/>
  </node>
  <node id="10567768908" lat="52.5182503" lon="13.4098988">
    <tag k="button_operated" v="yes"/>
    <tag k="crossing" v="traffic_signals"/>
    <tag k="crossing:markings" v="dashes"/>
    <tag k="crossing:signals" v="yes"/>
    <tag k="highway" v="crossing"/>
    <tag k="tactile_paving" v="yes"/>
    <tag k="traffic_signals:sound" v="yes"/>
    <tag k="traffic_signals:vibration" v="yes"/>
  </node>
  <node id="10567768924" lat="52.5178443" lon="13.4093634">
    <tag k="bench" v="yes"/>
    <tag k="bin" v="yes"/>
    <tag k="bus" v="yes"/>
    <tag k="fixme" v="Buslinienrelationen müssen hier noch aktualisiert werden (Stand 01/2023)"/>
    <tag k="highway" v="bus_stop"/>
    <tag k="lit" v="yes"/>
    <tag k="name" v="Jüdenstraße"/>
    <tag k="public_transport" v="stop_position"/>
    <tag k="shelter" v="yes"/>
    <tag k="tactile_paving" v="yes"/>
  </node>
  <node id="10567768925" lat="52.5181633" lon="13.4100089">
    <tag k="button_operated" v="yes"/>
    <tag k="crossing" v="traffic_signals"/>
    <tag k="crossing:markings" v="dashes"/>
    <tag k="crossing:signals" v="yes"/>
    <tag k="highway" v="crossing"/>
    <tag k="tactile_paving" v="yes"/>
    <tag k="traffic_signals:sound" v="yes"/>
    <tag k="traffic_signals:vibration" v="yes"/>
  </node>
  <node id="10567768926" lat="52.5181276" lon="13.4096431">
    <tag k="button_operated" v="yes"/>
    <tag k="crossing" v="traffic_signals"/>
    <tag k="crossing:markings" v="dashes"/>
    <tag k="highway" v="crossing"/>
    <tag k="tactile_paving" v="yes"/>
    <tag k="traffic_signals:sound" v="yes"/>
    <tag k="traffic_signals:vibration" v="yes"/>
  </node>
  <node id="10567768927" lat="52.5180790" lon="13.4101186"/>
  <node id="10567768929" lat="52.5179889" lon="13.4098318">
    <tag k="barrier" v="kerb"/>
    <tag k="kerb" v="lowered"/>
    <tag k="tactile_paving" v="yes"/>
  </node>
  <node id="10567768930" lat="52.5180401" lon="13.4097603">
    <tag k="button_operated" v="yes"/>
    <tag k="crossing" v="traffic_signals"/>
    <tag k="crossing:markings" v="dashes"/>
    <tag k="highway" v="crossing"/>
    <tag k="tactile_paving" v="yes"/>
    <tag k="traffic_signals:sound" v="yes"/>
    <tag k="traffic_signals:vibration" v="yes"/>
  </node>
  <node id="10567768931" lat="52.5180733" lon="13.4097171">
    <tag k="barrier" v="kerb"/>
    <tag k="kerb" v="lowered"/>
    <tag k="tactile_paving" v="yes"/>
  </node>
  <node id="10567768932" lat="52.5180931" lon="13.4096901">
    <tag k="barrier" v="kerb"/>
    <tag k="kerb" v="lowered"/>
    <tag k="tactile_paving" v="yes"/>
  </node>
  <node id="10567768933" lat="52.5181777" lon="13.4095750">
    <tag k="barrier" v="kerb"/>
    <tag k="kerb" v="lowered"/>
    <tag k="tactile_paving" v="yes"/>
  </node>
  <node id="10567768934" lat="52.5181703" lon="13.4095850"/>
  <node id="10567768935" lat="52.5182100" lon="13.4095311"/>
  <node id="10567768956" lat="52.5176195" lon="13.4083407">
    <tag k="button_operated" v="yes"/>
    <tag k="crossing" v="traffic_signals"/>
    <tag k="crossing:island" v="no"/>
    <tag k="highway" v="crossing"/>
    <tag k="kerb" v="lowered"/>
    <tag k="tactile_paving" v="yes"/>
    <tag k="traffic_signals:sound" v="yes"/>
    <tag k="traffic_signals:vibration" v="yes"/>
  </node>
  <node id="10567768960" lat="52.5179964" lon="13.4091831"/>
  <node id="10567768961" lat="52.5179722" lon="13.4092138"/>
  <node id="10567768962" lat="52.5180257" lon="13.4091459"/>
  <node id="10567768965" lat="52.5182443" lon="13.4096029">
    <tag k="barrier" v="kerb"/>
    <tag k="kerb" v="lowered"/>
    <tag k="tactile_paving" v="yes"/>
  </node>
  <node id="10567768966" lat="52.5183079" lon="13.4097343">
    <tag k="barrier" v="kerb"/>
    <tag k="kerb" v="lowered"/>
    <tag k="tactile_paving" v="yes"/>
  </node>
  <node id="10567768972" lat="52.5180750" lon="13.4094204"/>
  <node id="10567768973" lat="52.5179601" lon="13.4091896"/>
  <node id="10567768984" lat="52.5181478" lon="13.4095384">
    <tag k="barrier" v="kerb"/>
    <tag k="kerb" v="flush"/>
  </node>
  <node id="10567768988" lat="52.5188457" lon="13.4110373">
    <tag k="barrier" v="kerb"/>
    <tag k="kerb" v="lowered"/>
    <tag k="tactile_paving" v="yes"/>
  </node>
  <node id="10567768989" lat="52.5187805" lon="13.4109012"/>
  <node id="10567768990" lat="52.5183147" lon="13.4098833">
    <tag k="barrier" v="kerb"/>
    <tag k="kerb" v="flush"/>
  </node>
  <node id="10567769014" lat="52.5188695" lon="13.4110079">
    <tag k="crossing" v="unmarked"/>
    <tag k="crossing:island" v="no"/>
    <tag k="crossing:markings" v="no"/>
    <tag k="highway" v="crossing"/>
    <tag k="tactile_paving" v="yes"/>
  </node>
  <node id="10567769015" lat="52.5188048" lon="13.4108726"/>
  <node id="10567769016" lat="52.5188155" lon="13.4110744">
    <tag k="button_operated" v="yes"/>
    <tag k="crossing" v="traffic_signals"/>
    <tag k="crossing:island" v="no"/>
    <tag k="highway" v="crossing"/>
    <tag k="kerb" v="lowered"/>
    <tag k="tactile_paving" v="yes"/>
    <tag k="traffic_signals:sound" v="yes"/>
    <tag k="traffic_signals:vibration" v="yes"/>
  </node>
  <node id="10567769017" lat="52.5187271" lon="13.4111818">
    <tag k="button_operated" v="yes"/>
    <tag k="crossing" v="traffic_signals"/>
    <tag k="crossing:island" v="no"/>
    <tag k="highway" v="crossing"/>
    <tag k="kerb" v="lowered"/>
    <tag k="tactile_paving" v="yes"/>
    <tag k="traffic_signals:sound" v="yes"/>
    <tag k="traffic_signals:vibration" v="yes"/>
  </node>
  <node id="10567769018" lat="52.5188952" lon="13.4109764"/>
  <node id="10567769019" lat="52.5188854" lon="13.4112256">
    <tag k="crossing" v="no"/>
    <tag k="highway" v="traffic_signals"/>
  </node>
  <node id="10567769035" lat="52.5183638" lon="13.4099848"/>
  <node id="10570139914" lat="52.5209197" lon="13.4154852"/>
  <node id="10570142827" lat="52.5207695" lon="13.4149065"/>
  <node id="10570143331" lat="52.5205726" lon="13.4153952"/>
  <node id="10572281701" lat="52.5229887" lon="13.4086996"/>
  <node id="10572295328" lat="52.5228676" lon="13.4089870"/>
  <node id="10572308659" lat="52.5228601" lon="13.4087963"/>
  <node id="10572309473" lat="52.5230170" lon="13.4089197"/>
  <node id="10720914774" lat="52.5197371" lon="13.4127803"/>
  <node id="10728646513" lat="52.5195309" lon="13.4147752"/>
  <node id="10728646514" lat="52.5196289" lon="13.4146176"/>
  <node id="10728646515" lat="52.5195758" lon="13.4147030">
    <tag k="access" v="no"/>
    <tag k="barrier" v="chain"/>
    <tag k="locked" v="yes"/>
  </node>
  <node id="10731220836" lat="52.5183044" lon="13.4124699"/>
  <node id="10731220837" lat="52.5183723" lon="13.4127409"/>
  <node id="10731220838" lat="52.5184045" lon="13.4127191"/>
  <node id="10731220841" lat="52.5184234" lon="13.4127058"/>
  <node id="10731220842" lat="52.5184647" lon="13.4126781"/>
  <node id="10731220843" lat="52.5185296" lon="13.4129309"/>
  <node id="10731220844" lat="52.5184300" lon="13.4127014"/>
  <node id="10731220845" lat="52.5184274" lon="13.4126905"/>
  <node id="10731220846" lat="52.5184228" lon="13.4126717"/>
  <node id="10731220847" lat="52.5184200" lon="13.4126600"/>
  <node id="10731220848" lat="52.5184543" lon="13.4126360"/>
  <node id="10731220849" lat="52.5184588" lon="13.4126543"/>
  <node id="10731220851" lat="52.5183329" lon="13.4121527"/>
  <node id="10731473050" lat="52.5197226" lon="13.4055813"/>
  <node id="10760401282" lat="52.5226353" lon="13.4095577">
    <tag k="direction" v="forward"/>
    <tag k="highway" v="give_way"/>
  </node>
  <node id="10760401283" lat="52.5226273" lon="13.4095711">
    <tag k="crossing" v="unmarked"/>
    <tag k="crossing:island" v="no"/>
    <tag k="crossing:markings" v="no"/>
    <tag k="highway" v="crossing"/>
    <tag k="tactile_paving" v="yes"/>
  </node>
  <node id="10760401285" lat="52.5226081" lon="13.4094652"/>
  <node id="10760401286" lat="52.5224496" lon="13.4092200"/>
  <node id="10760477355" lat="52.5236191" lon="13.4094807"/>
  <node id="10785284513" lat="52.5235761" lon="13.4094491"/>
  <node id="10814123052" lat="52.5206043" lon="13.4063662"/>
  <node id="10814123053" lat="52.5205983" lon="13.4064631"/>
  <node id="10814123055" lat="52.5214210" lon="13.4080833"/>
  <node id="10814123056" lat="52.5211621" lon="13.4075802"/>
  <node id="10873830441" lat="52.5215147" lon="13.4094204">
    <tag k="entrance" v="shop"/>
  </node>
  <node id="10873830442" lat="52.5214990" lon="13.4094603"/>
  <node id="10876447822" lat="52.5180336" lon="13.4099224"/>
  <node id="10876447823" lat="52.5179696" lon="13.4099816"/>
  <node id="10876447825" lat="52.5176983" lon="13.4102071"/>
  <node id="10923644010" lat="52.5187606" lon="13.4112563"/>
  <node id="10969709391" lat="52.5219987" lon="13.4160113"/>
  <node id="10969814703" lat="52.5209378" lon="13.4154165">
    <tag k="barrier" v="kerb"/>
    <tag k="kerb" v="lowered"/>
    <tag k="tactile_paving" v="yes"/>
  </node>
  <node id="10969814704" lat="52.5210069" lon="13.4153371">
    <tag k="barrier" v="kerb"/>
    <tag k="kerb" v="lowered"/>
    <tag k="tactile_paving" v="yes"/>
  </node>
  <node id="10969815205" lat="52.5207943" lon="13.4155412"/>
  <node id="10969815206" lat="52.5205556" lon="13.4153213">
    <tag k="barrier" v="kerb"/>
    <tag k="kerb" v="lowered"/>
    <tag k="tactile_paving" v="yes"/>
  </node>
  <node id="10969815207" lat="52.5206555" lon="13.4154102">
    <tag k="barrier" v="kerb"/>
    <tag k="kerb" v="lowered"/>
    <tag k="tactile_paving" v="yes"/>
  </node>
  <node id="10969815208" lat="52.5206304" lon="13.4153878">
    <tag k="barrier" v="kerb"/>
    <tag k="kerb" v="lowered"/>
    <tag k="tactile_paving" v="yes"/>
  </node>
  <node id="10969815209" lat="52.5205540" lon="13.4152288">
    <tag k="barrier" v="kerb"/>
    <tag k="kerb" v="lowered"/>
    <tag k="tactile_paving" v="yes"/>
  </node>
  <node id="10969821837" lat="52.5202524" lon="13.4148638"/>
  <node id="10969821838" lat="52.5203314" lon="13.4147734">
    <tag k="barrier" v="kerb"/>
    <tag k="kerb" v="lowered"/>
    <tag k="tactile_paving" v="no"/>
  </node>
  <node id="10969821839" lat="52.5204780" lon="13.4146057">
    <tag k="barrier" v="kerb"/>
    <tag k="kerb" v="lowered"/>
    <tag k="tactile_paving" v="no"/>
  </node>
  <node id="10969821840" lat="52.5204833" lon="13.4147975"/>
  <node id="10969840152" lat="52.5208688" lon="13.4155330"/>
  <node id="10969840153" lat="52.5208136" lon="13.4154931"/>
  <node id="10969840154" lat="52.5207963" lon="13.4154954"/>
  <node id="10969840155" lat="52.5208056" lon="13.4154912"/>
  <node id="10969882813" lat="52.5217857" lon="13.4165885"/>
  <node id="10969882814" lat="52.5217825" lon="13.4166178"/>
  <node id="11063223064" lat="52.5196125" lon="13.4152612"/>
  <node id="11063223065" lat="52.5196482" lon="13.4153598"/>
  <node id="11112465767" lat="52.5184831" lon="13.4159496"/>
  <node id="11112465768" lat="52.5184962" lon="13.4159340"/>
  <node id="11112465769" lat="52.5185370" lon="13.4160720"/>
  <node id="11112465770" lat="52.5185501" lon="13.4160564"/>
  <node id="11112465771" lat="52.5185602" lon="13.4160340"/>
  <node id="11112465772" lat="52.5185209" lon="13.4160808"/>
  <node id="11112465773" lat="52.5185065" lon="13.4159120"/>
  <node id="11112465774" lat="52.5184672" lon="13.4159588"/>
  <node id="11112516741" lat="52.5196285" lon="13.4153792"/>
  <node id="11112516742" lat="52.5196046" lon="13.4153135"/>
  <node id="11112516743" lat="52.5196165" lon="13.4153463"/>
  <node id="11112516744" lat="52.5196363" lon="13.4153270"/>
  <node id="11112516745" lat="52.5196244" lon="13.4152941"/>
  <node id="11112516747" lat="52.5195927" lon="13.4152806"/>
  <node id="11112644900" lat="52.5195281" lon="13.4148244"/>
  <node id="11112644903" lat="52.5196425" lon="13.4150062"/>
  <node id="11112644904" lat="52.5195387" lon="13.4148064"/>
  <node id="11112649608" lat="52.5196531" lon="13.4149881"/>
  <node id="11112649610" lat="52.5196466" lon="13.4149779"/>
  <node id="11112649611" lat="52.5196360" lon="13.4149959"/>
  <node id="11112649612" lat="52.5195516" lon="13.4148617"/>
  <node id="11112649613" lat="52.5195622" lon="13.4148436"/>
  <node id="11199718124" lat="52.5239151" lon="13.4131062"/>
  <node id="11236060398" lat="52.5241417" lon="13.4125935">
    <tag k="barrier" v="kerb"/>
    <tag k="check_date:kerb" v="2023-10-12"/>
    <tag k="kerb" v="lowered"/>
    <tag k="tactile_paving" v="yes"/>
  </node>
  <node id="11236075596" lat="52.5226125" lon="13.4098896">
    <tag k="barrier" v="kerb"/>
    <tag k="kerb" v="lowered"/>
    <tag k="tactile_paving" v="yes"/>
  </node>
  <node id="11236075597" lat="52.5225933" lon="13.4099147">
    <tag k="barrier" v="kerb"/>
    <tag k="kerb" v="lowered"/>
    <tag k="tactile_paving" v="yes"/>
  </node>
  <node id="11236075598" lat="52.5224920" lon="13.4100265">
    <tag k="barrier" v="kerb"/>
    <tag k="kerb" v="lowered"/>
    <tag k="tactile_paving" v="yes"/>
  </node>
  <node id="11236075599" lat="52.5227073" lon="13.4097760">
    <tag k="barrier" v="kerb"/>
    <tag k="kerb" v="lowered"/>
    <tag k="tactile_paving" v="yes"/>
  </node>
  <node id="11236075600" lat="52.5222293" lon="13.4095150">
    <tag k="barrier" v="kerb"/>
    <tag k="kerb" v="lowered"/>
    <tag k="tactile_paving" v="yes"/>
  </node>
  <node id="11236075601" lat="52.5223041" lon="13.4092983">
    <tag k="barrier" v="kerb"/>
    <tag k="kerb" v="lowered"/>
    <tag k="tactile_paving" v="yes"/>
  </node>
  <node id="11236075602" lat="52.5222916" lon="13.4093343">
    <tag k="barrier" v="kerb"/>
    <tag k="kerb" v="lowered"/>
    <tag k="tactile_paving" v="yes"/>
  </node>
  <node id="11236075603" lat="52.5223658" lon="13.4091194">
    <tag k="barrier" v="kerb"/>
    <tag k="kerb" v="lowered"/>
    <tag k="tactile_paving" v="yes"/>
  </node>
  <node id="11236075604" lat="52.5221956" lon="13.4095118">
    <tag k="barrier" v="kerb"/>
    <tag k="kerb" v="lowered"/>
    <tag k="tactile_paving" v="yes"/>
  </node>
  <node id="11236075605" lat="52.5222199" lon="13.4095514">
    <tag k="barrier" v="kerb"/>
    <tag k="kerb" v="lowered"/>
    <tag k="tactile_paving" v="yes"/>
  </node>
  <node id="11236075607" lat="52.5222331" lon="13.4096163">
    <tag k="barrier" v="kerb"/>
    <tag k="kerb" v="lowered"/>
    <tag k="tactile_paving" v="yes"/>
  </node>
  <node id="11236296729" lat="52.5185041" lon="13.4070381">
    <tag k="barrier" v="kerb"/>
    <tag k="kerb" v="lowered"/>
    <tag k="tactile_paving" v="yes"/>
  </node>
  <node id="11236296730" lat="52.5184810" lon="13.4069932">
    <tag k="barrier" v="kerb"/>
    <tag k="kerb" v="lowered"/>
    <tag k="tactile_paving" v="yes"/>
  </node>
  <node id="11236296733" lat="52.5183293" lon="13.4074696">
    <tag k="barrier" v="kerb"/>
    <tag k="kerb" v="lowered"/>
    <tag k="tactile_paving" v="yes"/>
  </node>
  <node id="11236296734" lat="52.5182161" lon="13.4072386">
    <tag k="barrier" v="kerb"/>
    <tag k="kerb" v="lowered"/>
    <tag k="tactile_paving" v="no"/>
  </node>
  <node id="11236296735" lat="52.5182722" lon="13.4073532">
    <tag k="barrier" v="kerb"/>
    <tag k="kerb" v="lowered"/>
    <tag k="tactile_paving" v="yes"/>
  </node>
  <node id="11236296736" lat="52.5182559" lon="13.4073198">
    <tag k="barrier" v="kerb"/>
    <tag k="kerb" v="lowered"/>
    <tag k="tactile_paving" v="yes"/>
  </node>
  <node id="11236442437" lat="52.5183471" lon="13.4068818">
    <tag k="barrier" v="kerb"/>
    <tag k="kerb" v="lowered"/>
    <tag k="tactile_paving" v="yes"/>
  </node>
  <node id="11236442438" lat="52.5182549" lon="13.4070135">
    <tag k="barrier" v="kerb"/>
    <tag k="kerb" v="lowered"/>
    <tag k="tactile_paving" v="yes"/>
  </node>
  <node id="11236453284" lat="52.5228240" lon="13.4154415">
    <tag k="barrier" v="kerb"/>
    <tag k="kerb" v="lowered"/>
    <tag k="tactile_paving" v="yes"/>
  </node>
  <node id="11236453285" lat="52.5227657" lon="13.4155689">
    <tag k="barrier" v="kerb"/>
    <tag k="kerb" v="lowered"/>
    <tag k="tactile_paving" v="yes"/>
  </node>
  <node id="11236453286" lat="52.5228079" lon="13.4153675"/>
  <node id="11236453287" lat="52.5227078" lon="13.4152425">
    <tag k="barrier" v="kerb"/>
    <tag k="kerb" v="lowered"/>
    <tag k="tactile_paving" v="yes"/>
  </node>
  <node id="11236453288" lat="52.5226235" lon="13.4151372">
    <tag k="barrier" v="kerb"/>
    <tag k="kerb" v="lowered"/>
    <tag k="tactile_paving" v="yes"/>
  </node>
  <node id="11247145895" lat="52.5221403" lon="13.4133428"/>
  <node id="11247145896" lat="52.5208117" lon="13.4125186"/>
  <node id="11247145898" lat="52.5209499" lon="13.4126063">
    <tag k="railway" v="tram_crossing"/>
  </node>
  <node id="11247145900" lat="52.5209763" lon="13.4125674">
    <tag k="railway" v="tram_crossing"/>
  </node>
  <node id="11247145901" lat="52.5210054" lon="13.4122698"/>
  <node id="11330435898" lat="52.5188502" lon="13.4111471"/>
  <node id="11330435899" lat="52.5189034" lon="13.4110787"/>
  <node id="11330435900" lat="52.5187051" lon="13.4113199"/>
  <node id="11330435901" lat="52.5191427" lon="13.4122320"/>
  <node id="11330435902" lat="52.5191815" lon="13.4122819"/>
  <node id="11330435903" lat="52.5192569" lon="13.4124006"/>
  <node id="11330435904" lat="52.5186762" lon="13.4113602">
    <tag k="crossing" v="unmarked"/>
    <tag k="crossing:island" v="no"/>
    <tag k="crossing:markings" v="no"/>
    <tag k="highway" v="crossing"/>
    <tag k="tactile_paving" v="no"/>
  </node>
  <node id="11330435907" lat="52.5184888" lon="13.4109634"/>
  <node id="11357387512" lat="52.5224851" lon="13.4149613"/>
  <node id="11357387513" lat="52.5223994" lon="13.4151479"/>
  <node id="11357387514" lat="52.5222227" lon="13.4155455"/>
  <node id="11357387515" lat="52.5220087" lon="13.4160224"/>
  <node id="11357387516" lat="52.5224561" lon="13.4150245">
    <tag k="crossing" v="traffic_signals"/>
    <tag k="railway" v="tram_crossing"/>
  </node>
  <node id="11357387517" lat="52.5224351" lon="13.4150702">
    <tag k="crossing" v="traffic_signals"/>
    <tag k="railway" v="tram_crossing"/>
  </node>
  <node id="11366913248" lat="52.5195986" lon="13.4168717"/>
  <node id="11366913249" lat="52.5193663" lon="13.4171091"/>
  <node id="11366913250" lat="52.5191553" lon="13.4173050"/>
  <node id="11366913251" lat="52.5189306" lon="13.4174974"/>
  <node id="11366913252" lat="52.5187436" lon="13.4176448"/>
  <node id="11366913253" lat="52.5185669" lon="13.4177723"/>
  <node id="11366913254" lat="52.5183739" lon="13.4178921"/>
  <node id="11366913263" lat="52.5182220" lon="13.4179808"/>
  <node id="11394748899" lat="52.5189050" lon="13.4086744"/>
  <node id="11394748900" lat="52.5182354" lon="13.4095843"/>
  <node id="11394748901" lat="52.5183084" lon="13.4098702">
    <tag k="highway" v="traffic_signals"/>
    <tag k="traffic_signals" v="signal"/>
  </node>
  <node id="11394748902" lat="52.5185387" lon="13.4095047"/>
  <node id="11394748903" lat="52.5183346" lon="13.4097887"/>
  <node id="11394748904" lat="52.5190052" lon="13.4088823"/>
  <node id="11394748905" lat="52.5189520" lon="13.4089533"/>
  <node id="11394762160" lat="52.5176589" lon="13.4085644">
    <tag k="highway" v="traffic_signals"/>
    <tag k="traffic_signals" v="signal"/>
  </node>
  <node id="11394762161" lat="52.5176562" lon="13.4085591"/>
  <node id="11427599942" lat="52.5197450" lon="13.4139575"/>
  <node id="11732225636" lat="52.5219098" lon="13.4088378"/>
  <node id="11732225637" lat="52.5217361" lon="13.4083664">
    <tag k="bench" v="yes"/>
    <tag k="bin" v="yes"/>
    <tag k="bus" v="yes"/>
    <tag k="gtfs:stop_id" v="de:11000:900100031::7"/>
    <tag k="highway" v="bus_stop"/>
    <tag k="lit" v="yes"/>
    <tag k="local_ref" v="26"/>
    <tag k="name" v="S+U Alexanderplatz/Memhardstraße"/>
    <tag k="public_transport" v="stop_position"/>
    <tag k="shelter" v="yes"/>
    <tag k="tactile_paving" v="yes"/>
  </node>
  <node id="11732225638" lat="52.5220199" lon="13.4089349"/>
  <node id="11732225639" lat="52.5218173" lon="13.4085309">
    <tag k="bench" v="yes"/>
    <tag k="bin" v="yes"/>
    <tag k="bus" v="yes"/>
    <tag k="gtfs:stop_id" v="de:11000:900100003::12"/>
    <tag k="highway" v="bus_stop"/>
    <tag k="lit" v="yes"/>
    <tag k="local_ref" v="25"/>
    <tag k="name" v="S+U Alexanderplatz/Memhardstraße"/>
    <tag k="public_transport" v="stop_position"/>
    <tag k="shelter" v="yes"/>
    <tag k="tactile_paving" v="yes"/>
  </node>
  <node id="11746879166" lat="52.5205618" lon="13.4158179"/>
  <node id="11771933397" lat="52.5192662" lon="13.4127759"/>
  <node id="11771933398" lat="52.5191987" lon="13.4126855">
    <tag k="crossing" v="unmarked"/>
    <tag k="crossing:island" v="no"/>
    <tag k="crossing:markings" v="no"/>
    <tag k="highway" v="crossing"/>
    <tag k="tactile_paving" v="yes"/>
  </node>
  <node id="11771933399" lat="52.5190926" lon="13.4127472"/>
  <node id="11771933400" lat="52.5194470" lon="13.4128517"/>
  <node id="11771933401" lat="52.5192878" lon="13.4123589"/>
  <node id="11826456843" lat="52.5229091" lon="13.4100835"/>
  <node id="11861840381" lat="52.5181396" lon="13.4101067"/>
  <node id="11861840382" lat="52.5181665" lon="13.4101976"/>
  <node id="11861840383" lat="52.5183950" lon="13.4106532"/>
  <node id="11861840384" lat="52.5181199" lon="13.4100661"/>
  <node id="11861840397" lat="52.5192008" lon="13.4124751">
    <tag k="crossing" v="unmarked"/>
    <tag k="crossing:island" v="no"/>
    <tag k="crossing:markings" v="no"/>
    <tag k="highway" v="crossing"/>
    <tag k="tactile_paving" v="yes"/>
  </node>
  <node id="11861840398" lat="52.5192098" lon="13.4125747"/>
  <node id="11861840400" lat="52.5186736" lon="13.4112562">
    <tag k="crossing" v="unmarked"/>
    <tag k="crossing:island" v="no"/>
    <tag k="crossing:markings" v="no"/>
    <tag k="highway" v="crossing"/>
    <tag k="tactile_paving" v="yes"/>
  </node>
  <node id="11861840401" lat="52.5186459" lon="13.4112933"/>
  <node id="11861840402" lat="52.5186936" lon="13.4112273">
    <tag k="barrier" v="kerb"/>
    <tag k="kerb" v="lowered"/>
    <tag k="tactile_paving" v="yes"/>
  </node>
  <node id="12035159940" lat="52.5190835" lon="13.4126330">
    <tag k="crossing" v="unmarked"/>
    <tag k="crossing:island" v="yes"/>
    <tag k="crossing:markings" v="no"/>
    <tag k="highway" v="crossing"/>
    <tag k="kerb" v="lowered"/>
    <tag k="tactile_paving" v="yes"/>
  </node>
  <node id="12035159941" lat="52.5190237" lon="13.4127849"/>
  <node id="12035159942" lat="52.5189290" lon="13.4129153"/>
  <node id="12035159943" lat="52.5192110" lon="13.4125059">
    <tag k="barrier" v="kerb"/>
    <tag k="kerb" v="lowered"/>
    <tag k="tactile_paving" v="yes"/>
  </node>
  <node id="12035159944" lat="52.5191583" lon="13.4126816"/>
  <node id="12035159945" lat="52.5190514" lon="13.4126744"/>
  <node id="12035159946" lat="52.5195837" lon="13.4136928"/>
  <node id="12035159947" lat="52.5193889" lon="13.4128991"/>
  <node id="12035159950" lat="52.5177748" lon="13.4123570"/>
  <node id="12035159954" lat="52.5182240" lon="13.4130008"/>
  <node id="12035159955" lat="52.5181894" lon="13.4120906"/>
  <node id="12035159956" lat="52.5182952" lon="13.4120155"/>
  <node id="12035159957" lat="52.5184877" lon="13.4117642"/>
  <node id="12035159958" lat="52.5172265" lon="13.4126036"/>
  <node id="12044782820" lat="52.5182723" lon="13.4069886">
    <tag k="barrier" v="bollard"/>
    <tag k="bollard" v="fixed"/>
    <tag k="material" v="steel"/>
  </node>
  <node id="12044782821" lat="52.5182797" lon="13.4069781">
    <tag k="barrier" v="bollard"/>
    <tag k="bollard" v="fixed"/>
    <tag k="material" v="steel"/>
  </node>
  <node id="12057874636" lat="52.5222627" lon="13.4154554">
    <tag k="bus" v="yes"/>
    <tag k="operator" v="BVG"/>
    <tag k="public_transport" v="stop_position"/>
  </node>
  <node id="12098559984" lat="52.5224305" lon="13.4151927"/>
  <node id="12098559985" lat="52.5224942" lon="13.4152710">
    <tag k="button_operated" v="yes"/>
    <tag k="crossing" v="traffic_signals"/>
    <tag k="highway" v="crossing"/>
    <tag k="tactile_paving" v="yes"/>
    <tag k="traffic_signals:sound" v="yes"/>
  </node>
  <node id="12098559986" lat="52.5226612" lon="13.4154750">
    <tag k="button_operated" v="yes"/>
    <tag k="crossing" v="traffic_signals"/>
    <tag k="highway" v="crossing"/>
    <tag k="tactile_paving" v="yes"/>
    <tag k="traffic_signals:sound" v="yes"/>
    <tag k="traffic_signals:vibration" v="no"/>
  </node>
  <node id="12098559987" lat="52.5225349" lon="13.4153214">
    <tag k="barrier" v="kerb"/>
    <tag k="kerb" v="flush"/>
    <tag k="tactile_paving" v="yes"/>
  </node>
  <node id="12098559988" lat="52.5226232" lon="13.4154294">
    <tag k="barrier" v="kerb"/>
    <tag k="kerb" v="flush"/>
    <tag k="tactile_paving" v="yes"/>
  </node>
  <node id="12098559989" lat="52.5220358" lon="13.4146596"/>
  <node id="12138231766" lat="52.5175799" lon="13.4084785"/>
  <node id="12229545388" lat="52.5194734" lon="13.4071135"/>
  <node id="12229545389" lat="52.5194356" lon="13.4066285"/>
  <node id="12229545390" lat="52.5193907" lon="13.4068084"/>
  <node id="12229545391" lat="52.5197716" lon="13.4066666"/>
  <node id="12229545392" lat="52.5198005" lon="13.4068128"/>
  <node id="12311574602" lat="52.5230126" lon="13.4155042"/>
  <node id="12311574609" lat="52.5238551" lon="13.4137658"/>
  <node id="12311574612" lat="52.5235504" lon="13.4138898"/>
  <node id="12311574616" lat="52.5239265" lon="13.4135487"/>
  <node id="12311574617" lat="52.5230470" lon="13.4155158"/>
  <node id="12352052254" lat="52.5216395" lon="13.4085074"/>
  <node id="12352052257" lat="52.5221285" lon="13.4094605"/>
  <node id="12352052258" lat="52.5221362" lon="13.4093953"/>
  <node id="12352052259" lat="52.5216822" lon="13.4101558"/>
  <node id="12352052260" lat="52.5215449" lon="13.4091345"/>
  <node id="12352052261" lat="52.5219918" lon="13.4096401"/>
  <node id="12352052262" lat="52.5220519" lon="13.4097520"/>
  <node id="12352052263" lat="52.5220015" lon="13.4096583"/>
  <node id="12352052264" lat="52.5220487" lon="13.4097464"/>
  <node id="12352052265" lat="52.5220299" lon="13.4097112"/>
  <node id="12352052266" lat="52.5219154" lon="13.4095524"/>
  <node id="12376975992" lat="52.5182775" lon="13.4099533">
    <tag k="highway" v="traffic_signals"/>
    <tag k="traffic_signals" v="signal"/>
  </node>
  <node id="12376975993" lat="52.5180074" lon="13.4096952">
    <tag k="highway" v="traffic_signals"/>
    <tag k="traffic_signals" v="signal"/>
  </node>
  <node id="12437498279" lat="52.5235217" lon="13.4162191">
    <tag k="barrier" v="kerb"/>
    <tag k="kerb" v="lowered"/>
    <tag k="tactile_paving" v="no"/>
  </node>
  <node id="12437498280" lat="52.5234918" lon="13.4161838">
    <tag k="barrier" v="kerb"/>
    <tag k="kerb" v="lowered"/>
    <tag k="tactile_paving" v="no"/>
  </node>
  <node id="12437498282" lat="52.5235005" lon="13.4161940"/>
  <node id="12437498283" lat="52.5234534" lon="13.4163082">
    <tag k="crossing" v="unmarked"/>
    <tag k="crossing:island" v="no"/>
    <tag k="crossing:markings" v="no"/>
    <tag k="highway" v="crossing"/>
    <tag k="kerb" v="lowered"/>
    <tag k="tactile_paving" v="no"/>
  </node>
  <node id="12437498284" lat="52.5233952" lon="13.4164434"/>
  <node id="12437498294" lat="52.5236879" lon="13.4164155"/>
  <node id="12437498295" lat="52.5234479" lon="13.4161338"/>
  <node id="12437498296" lat="52.5234298" lon="13.4162690"/>
  <node id="12437498297" lat="52.5228032" lon="13.4154870">
    <tag k="button_operated" v="no"/>
    <tag k="crossing" v="traffic_signals"/>
    <tag k="crossing:island" v="no"/>
    <tag k="crossing:markings" v="dashes"/>
    <tag k="highway" v="crossing"/>
    <tag k="tactile_paving" v="yes"/>
    <tag k="traffic_signals:sound" v="yes"/>
    <tag k="traffic_signals:vibration" v="yes"/>
  </node>
  <node id="12437498299" lat="52.5234068" lon="13.4163607"/>
  <node id="12437504004" lat="52.5228107" lon="13.4155914">
    <tag k="highway" v="traffic_signals"/>
    <tag k="traffic_signals" v="signal"/>
    <tag k="traffic_signals:direction" v="forward"/>
  </node>
  <node id="12610371395" lat="52.5222374" lon="13.4132542"/>
  <node id="12610371400" lat="52.5230802" lon="13.4134412"/>
  <node id="12610401001" lat="52.5229369" lon="13.4137296"/>
  <node id="12610401016" lat="52.5231732" lon="13.4110847">
    <tag k="tactile_paving" v="yes"/>
  </node>
  <node id="12901401567" lat="52.5192812" lon="13.4086911">
    <tag k="barrier" v="bollard"/>
    <tag k="bollard" v="fixed"/>
  </node>
  <node id="12919580023" lat="52.5190134" lon="13.4084969"/>
  <node id="12919580024" lat="52.5188288" lon="13.4081100"/>
  <node id="12919580025" lat="52.5186502" lon="13.4077376"/>
  <node id="12919580026" lat="52.5184900" lon="13.4073964"/>
  <node id="12921135380" lat="52.5186613" lon="13.4091706"/>
  <node id="12921497662" lat="52.5218371" lon="13.4111813"/>
  <node id="12921497665" lat="52.5219175" lon="13.4110576"/>
  <node id="12921497670" lat="52.5218846" lon="13.4112856"/>
  <node id="12921497675" lat="52.5219807" lon="13.4111304"/>
  <node id="12921497680" lat="52.5223909" lon="13.4104587"/>
  <node id="12945926915" lat="52.5217861" lon="13.4160018"/>
  <node id="12946819629" lat="52.5181051" lon="13.4121460"/>
  <node id="12946819630" lat="52.5181119" lon="13.4121733"/>
  <node id="12946819631" lat="52.5180808" lon="13.4120481"/>
  <node id="12946819633" lat="52.5182593" lon="13.4118921"/>
  <node id="12947304475" lat="52.5178940" lon="13.4137987"/>
  <node id="12947304477" lat="52.5182938" lon="13.4135081"/>
  <node id="12947304487" lat="52.5190017" lon="13.4128153"/>
  <node id="12947304488" lat="52.5180066" lon="13.4137172"/>
  <node id="12947304489" lat="52.5181535" lon="13.4136106"/>
  <node id="12947304490" lat="52.5180836" lon="13.4135385"/>
  <node id="12947304491" lat="52.5181197" lon="13.4136353"/>
  <node id="12947304492" lat="52.5184508" lon="13.4133726"/>
  <node id="12947304493" lat="52.5184071" lon="13.4132651"/>
  <node id="12947304494" lat="52.5184324" lon="13.4135042"/>
  <node id="12947304495" lat="52.5184052" lon="13.4134162"/>
  <node id="12947304496" lat="52.5187290" lon="13.4129731"/>
  <node id="12947304497" lat="52.5187637" lon="13.4130740"/>
  <node id="12947341176" lat="52.5183250" lon="13.4154521"/>
  <node id="12947341177" lat="52.5181736" lon="13.4155104"/>
  <node id="12947341178" lat="52.5178197" lon="13.4156601"/>
  <node id="12988626854" lat="52.5192279" lon="13.4123798"/>
  <node id="12988626855" lat="52.5191884" lon="13.4124488">
    <tag k="barrier" v="kerb"/>
    <tag k="kerb" v="lowered"/>
    <tag k="tactile_paving" v="yes"/>
  </node>
  <node id="12988626856" lat="52.5192041" lon="13.4126319">
    <tag k="barrier" v="kerb"/>
    <tag k="kerb" v="lowered"/>
    <tag k="tactile_paving" v="yes"/>
  </node>
  <node id="13098516092" lat="52.5238459" lon="13.4103203"/>
  <node id="13098516093" lat="52.5238784" lon="13.4097283"/>
  <node id="13105503331" lat="52.5195734" lon="13.4102577">
    <tag k="door" v="sliding"/>
    <tag k="entrance" v="main"/>
  </node>
  <node id="13105519343" lat="52.5191864" lon="13.4085671"/>
  <node id="13105519344" lat="52.5189820" lon="13.4081264"/>
  <node id="13105519345" lat="52.5189283" lon="13.4079227"/>
  <node id="13105519346" lat="52.5192243" lon="13.4088362"/>
  <node id="13105519347" lat="52.5206261" lon="13.4117567"/>
  <node id="13105519348" lat="52.5188824" lon="13.4078258"/>
  <node id="13105519349" lat="52.5201658" lon="13.4107978"/>
  <node id="13105519350" lat="52.5195668" lon="13.4095497"/>
  <node id="13105519351" lat="52.5198409" lon="13.4101208"/>
  <node id="13105519352" lat="52.5202324" lon="13.4100392"/>
  <node id="13105519353" lat="52.5196208" lon="13.4101925"/>
  <node id="13105519354" lat="52.5197792" lon="13.4099923"/>
  <node id="13105519355" lat="52.5196627" lon="13.4101397">
    <tag k="crossing" v="unmarked"/>
    <tag k="crossing:island" v="no"/>
    <tag k="crossing:markings" v="no"/>
    <tag k="highway" v="crossing"/>
    <tag k="kerb" v="flush"/>
    <tag k="tactile_paving" v="yes"/>
  </node>
  <node id="13105519356" lat="52.5196908" lon="13.4101041">
    <tag k="barrier" v="kerb"/>
    <tag k="kerb" v="flush"/>
    <tag k="tactile_paving" v="yes"/>
  </node>
  <node id="13105519357" lat="52.5196490" lon="13.4101569">
    <tag k="barrier" v="kerb"/>
    <tag k="kerb" v="flush"/>
    <tag k="tactile_paving" v="yes"/>
  </node>
  <node id="13105519358" lat="52.5193394" lon="13.4095930"/>
  <node id="13105519359" lat="52.5194035" lon="13.4095808"/>
  <node id="13105519360" lat="52.5191958" lon="13.4086335"/>
  <node id="13105519361" lat="52.5190515" lon="13.4088218"/>
  <node id="13105519364" lat="52.5192161" lon="13.4087780"/>
  <node id="13105519365" lat="52.5190357" lon="13.4081520"/>
  <node id="13105519366" lat="52.5190966" lon="13.4081249"/>
  <node id="13105519367" lat="52.5190269" lon="13.4082231"/>
  <node id="13105519368" lat="52.5190104" lon="13.4081876"/>
  <node id="13105519369" lat="52.5190529" lon="13.4081864"/>
  <node id="13105519370" lat="52.5190742" lon="13.4081565"/>
  <node id="13105519371" lat="52.5186928" lon="13.4074247"/>
  <node id="13105519372" lat="52.5187754" lon="13.4073167"/>
  <node id="13105519373" lat="52.5187528" lon="13.4073462"/>
  <node id="13105940440" lat="52.5223902" lon="13.4150726"/>
  <node id="13105940441" lat="52.5222979" lon="13.4150115"/>
  <node id="13105940442" lat="52.5216659" lon="13.4141386"/>
  <node id="13105940443" lat="52.5212817" lon="13.4134941"/>
  <node id="13105940444" lat="52.5212213" lon="13.4133885"/>
  <node id="13105940445" lat="52.5212117" lon="13.4132786"/>
  <node id="13105940449" lat="52.5204481" lon="13.4133059"/>
  <node id="13105940450" lat="52.5208564" lon="13.4128196"/>
  <node id="13105940451" lat="52.5222015" lon="13.4107738"/>
  <node id="13105940452" lat="52.5218418" lon="13.4113547"/>
  <node id="13105940453" lat="52.5217440" lon="13.4117198"/>
  <node id="13105940454" lat="52.5218316" lon="13.4115768"/>
  <node id="13105940455" lat="52.5218560" lon="13.4114456"/>
  <node id="13105940456" lat="52.5214809" lon="13.4121165"/>
  <node id="13105940457" lat="52.5212871" lon="13.4123784"/>
  <node id="13105940458" lat="52.5210719" lon="13.4127129"/>
  <node id="13105940459" lat="52.5212492" lon="13.4123503"/>
  <node id="13105940460" lat="52.5211878" lon="13.4122350"/>
  <node id="13105940461" lat="52.5212059" lon="13.4122690"/>
  <node id="13105940462" lat="52.5209045" lon="13.4127547"/>
  <node id="13105940463" lat="52.5208823" lon="13.4128058"/>
  <node id="13105940464" lat="52.5218445" lon="13.4113723">
    <tag k="railway" v="tram_crossing"/>
  </node>
  <node id="13105940465" lat="52.5218462" lon="13.4113831">
    <tag k="railway" v="tram_crossing"/>
  </node>
  <node id="13105940466" lat="52.5210154" lon="13.4127409">
    <tag k="railway" v="tram_crossing"/>
  </node>
  <node id="13105940467" lat="52.5210510" lon="13.4127233">
    <tag k="railway" v="tram_crossing"/>
  </node>
  <node id="13105940468" lat="52.5209418" lon="13.4127773"/>
  <node id="13105940469" lat="52.5219068" lon="13.4112498">
    <tag k="railway" v="tram_level_crossing"/>
  </node>
  <node id="13105940470" lat="52.5222605" lon="13.4131913"/>
  <node id="13105940471" lat="52.5212744" lon="13.4123963"/>
  <node id="13105940472" lat="52.5212418" lon="13.4123364">
    <tag k="railway" v="tram_crossing"/>
  </node>
  <node id="13105940473" lat="52.5232381" lon="13.4112557"/>
  <node id="13105940474" lat="52.5224185" lon="13.4151064"/>
  <node id="13105940475" lat="52.5209075" lon="13.4127137"/>
  <node id="13108873684" lat="52.5222631" lon="13.4131549"/>
  <node id="13108873685" lat="52.5219198" lon="13.4136437"/>
  <node id="13108873686" lat="52.5218737" lon="13.4144417"/>
  <node id="13111730050" lat="52.5180684" lon="13.4099598"/>
  <node id="13111730052" lat="52.5186951" lon="13.4111127">
    <tag k="crossing" v="no"/>
    <tag k="highway" v="traffic_signals"/>
    <tag k="traffic_signals" v="signal"/>
  </node>
  <node id="13111730053" lat="52.5182970" lon="13.4096600">
    <tag k="highway" v="traffic_signals"/>
    <tag k="traffic_signals" v="signal"/>
    <tag k="traffic_signals:direction" v="backward"/>
  </node>
  <node id="13149288214" lat="52.5229696" lon="13.4085118"/>
  <node id="13149288215" lat="52.5230363" lon="13.4085902"/>
  <node id="13149288216" lat="52.5229926" lon="13.4085388"/>
  <node id="13334677268" lat="52.5221785" lon="13.4096140">
    <tag k="highway" v="give_way"/>
  </node>
  <node id="13334677269" lat="52.5221129" lon="13.4096569"/>
  <node id="13334677270" lat="52.5217484" lon="13.4102997"/>
  <node id="13334677271" lat="52.5212479" lon="13.4108271"/>
  <node id="13334677272" lat="52.5213495" lon="13.4108176"/>
  <node id="13334677273" lat="52.5216610" lon="13.4101887"/>
  <node id="13334677277" lat="52.5217210" lon="13.4102646"/>
  <node id="13334677278" lat="52.5214034" lon="13.4107348"/>
  <node id="13334677279" lat="52.5212914" lon="13.4108230"/>
  <node id="13334677280" lat="52.5221984" lon="13.4092855"/>
  <node id="13334677281" lat="52.5221737" lon="13.4094712">
    <tag k="button_operated" v="no"/>
    <tag k="crossing" v="traffic_signals"/>
    <tag k="crossing:island" v="no"/>
    <tag k="crossing:markings" v="dashes"/>
    <tag k="highway" v="crossing"/>
    <tag k="tactile_paving" v="yes"/>
    <tag k="traffic_signals:sound" v="yes"/>
    <tag k="traffic_signals:vibration" v="yes"/>
  </node>
  <node id="13334677282" lat="52.5213235" lon="13.4107103"/>
  <node id="13334677283" lat="52.5213870" lon="13.4108244">
    <tag k="barrier" v="kerb"/>
    <tag k="kerb" v="flush"/>
    <tag k="tactile_paving" v="yes"/>
  </node>
  <node id="13334677284" lat="52.5213420" lon="13.4107435">
    <tag k="barrier" v="kerb"/>
    <tag k="kerb" v="lowered"/>
    <tag k="tactile_paving" v="no"/>
  </node>
  <node id="13334677285" lat="52.5213677" lon="13.4107897"/>
  <node id="13334677286" lat="52.5213774" lon="13.4108072">
    <tag k="railway" v="tram_crossing"/>
  </node>
  <node id="13334677287" lat="52.5213548" lon="13.4107666">
    <tag k="railway" v="tram_crossing"/>
  </node>
  <node id="13334720370" lat="52.5207639" lon="13.4119244">
    <tag k="barrier" v="kerb"/>
    <tag k="kerb" v="flush"/>
    <tag k="tactile_paving" v="yes"/>
  </node>
  <node id="13334720371" lat="52.5210539" lon="13.4124533"/>
  <node id="13334720372" lat="52.5207753" lon="13.4119452"/>
  <node id="13334720373" lat="52.5207022" lon="13.4118016">
    <tag k="barrier" v="kerb"/>
    <tag k="kerb" v="flush"/>
    <tag k="tactile_paving" v="yes"/>
  </node>
  <node id="13334720374" lat="52.5207204" lon="13.4118378">
    <tag k="railway" v="tram_crossing"/>
  </node>
  <node id="13334720375" lat="52.5207482" lon="13.4118932">
    <tag k="railway" v="tram_crossing"/>
  </node>
  <node id="13334720376" lat="52.5206569" lon="13.4117127"/>
  <node id="13334720377" lat="52.5207937" lon="13.4118327"/>
  <node id="13334720378" lat="52.5209748" lon="13.4123091"/>
  <node id="13334720379" lat="52.5208941" lon="13.4121618"/>
  <node id="13348171564" lat="52.5220515" lon="13.4105085"/>
  <node id="13348171567" lat="52.5213205" lon="13.4108203">
    <tag k="railway" v="tram_crossing"/>
  </node>
  <node id="13432515125" lat="52.5200094" lon="13.4164019">
    <tag k="kerb" v="no"/>
  </node>
  <node id="13432515126" lat="52.5201179" lon="13.4162747">
    <tag k="kerb" v="no"/>
  </node>
  <node id="13432515128" lat="52.5201210" lon="13.4163473">
    <tag k="kerb" v="no"/>
    <tag k="tactile_paving" v="no"/>
  </node>
  <node id="13438704372" lat="52.5224481" lon="13.4126720"/>
  <node id="13438704373" lat="52.5224828" lon="13.4127147"/>
  <node id="13438704374" lat="52.5224955" lon="13.4127298"/>
  <node id="13462166969" lat="52.5236300" lon="13.4137172"/>
  <node id="13462166973" lat="52.5235408" lon="13.4139107"/>
  <node id="13478797556" lat="52.5196438" lon="13.4145752"/>
  <node id="13478797557" lat="52.5196439" lon="13.4145583"/>
  <node id="13478797558" lat="52.5195871" lon="13.4144390"/>
  <node id="13478797559" lat="52.5196385" lon="13.4145945"/>
  <node id="13482060319" lat="52.5224101" lon="13.4069354"/>
  <node id="13482060320" lat="52.5223239" lon="13.4070482"/>
  <node id="13482060321" lat="52.5223150" lon="13.4070607"/>
  <node id="13482060322" lat="52.5222836" lon="13.4069919"/>
  <node id="13482060323" lat="52.5222593" lon="13.4071873">
    <tag k="entrance" v="emergency"/>
  </node>
  <node id="13482060324" lat="52.5222447" lon="13.4071582"/>
  <node id="13482060325" lat="52.5221747" lon="13.4072513"/>
  <node id="13482060326" lat="52.5221607" lon="13.4072711"/>
  <node id="13482060327" lat="52.5221276" lon="13.4072051"/>
  <node id="13482060329" lat="52.5213890" lon="13.4061256"/>
  <node id="13482060330" lat="52.5220124" lon="13.4073701"/>
  <node id="13535460299" lat="52.5206269" lon="13.4083240"/>
  <node id="13535460300" lat="52.5206447" lon="13.4083148"/>
  <node id="13535524835" lat="52.5206391" lon="13.4079987"/>
  <node id="13535529701" lat="52.5206044" lon="13.4083293"/>
  <node id="13535529702" lat="52.5206493" lon="13.4084039"/>
  <node id="13535529703" lat="52.5207388" lon="13.4083836"/>
  <node id="13535529704" lat="52.5207546" lon="13.4082514"/>
  <node id="13535535073" lat="52.5187814" lon="13.4111173">
    <tag k="barrier" v="kerb"/>
    <tag k="kerb" v="lowered"/>
    <tag k="tactile_paving" v="yes"/>
  </node>
  <node id="13535535074" lat="52.5187594" lon="13.4111450">
    <tag k="barrier" v="kerb"/>
    <tag k="kerb" v="lowered"/>
    <tag k="tactile_paving" v="yes"/>
  </node>
  <node id="13535535075" lat="52.5185169" lon="13.4115752">
    <tag k="barrier" v="kerb"/>
  </node>
  <node id="13535535076" lat="52.5187082" lon="13.4114282"/>
  <node id="13535535077" lat="52.5186534" lon="13.4115036"/>
  <node id="13535535083" lat="52.5178079" lon="13.4101011"/>
  <node id="13535541639" lat="52.5188464" lon="13.4084706"/>
  <node id="13535541640" lat="52.5188230" lon="13.4085033"/>
  <node id="13535541641" lat="52.5188001" lon="13.4084555"/>
  <node id="13543161153" lat="52.5185670" lon="13.4092979"/>
  <node id="13569524669" lat="52.5210241" lon="13.4065710"/>
  <node id="13573272436" lat="52.5226111" lon="13.4155799"/>
  <node id="13573272437" lat="52.5225301" lon="13.4157495"/>
  <node id="13638032665" lat="52.5184039" lon="13.4095171"/>
  <node id="13638032666" lat="52.5186554" lon="13.4091786"/>
  <node id="13638032669" lat="52.5189219" lon="13.4088135"/>
  <node id="13638032671" lat="52.5183599" lon="13.4095759"/>
  <node id="13638380206" lat="52.5187593" lon="13.4090364"/>
  <node id="13755242860" lat="52.5195705" lon="13.4129034"/>
  <node id="13755242861" lat="52.5194843" lon="13.4125926"/>
  <node id="13755242862" lat="52.5195669" lon="13.4125874"/>
  <node id="13755242863" lat="52.5198705" lon="13.4131234"/>
  <node id="13755242864" lat="52.5198677" lon="13.4133065"/>
  <node id="13755242865" lat="52.5195070" lon="13.4124646"/>
  <node id="13755242866" lat="52.5194600" lon="13.4125125"/>
  <node id="13755242867" lat="52.5195160" lon="13.4127185"/>
  <node id="13755242868" lat="52.5195408" lon="13.4128137"/>
  <node id="13755242869" lat="52.5194054" lon="13.4129793"/>
  <node id="13755242870" lat="52.5194882" lon="13.4129574"/>
  <node id="13755242871" lat="52.5193125" lon="13.4124380"/>
  <node id="13755242872" lat="52.5193513" lon="13.4125869"/>
  <node id="13755242873" lat="52.5191790" lon="13.4126789"/>
  <node id="13755242874" lat="52.5192385" lon="13.4127245"/>
  <node id="13755242875" lat="52.5192205" lon="13.4126996"/>
  <node id="13755242876" lat="52.5185510" lon="13.4108166"/>
  <node id="13755242877" lat="52.5184787" lon="13.4106660"/>
  <node id="13755242878" lat="52.5177077" lon="13.4090885"/>
  <node id="13755423470" lat="52.5180127" lon="13.4077908"/>
  <node id="13907381358" lat="52.5219835" lon="13.4098590"/>
  <node id="13907381359" lat="52.5221503" lon="13.4095471"/>
  <node id="13907381360" lat="52.5223406" lon="13.4095747"/>
  <node id="13907381361" lat="52.5221909" lon="13.4093845"/>
  <node id="13907381362" lat="52.5222775" lon="13.4095679"/>
  <node id="13907381363" lat="52.5221231" lon="13.4096268">
    <tag k="railway" v="tram_level_crossing"/>
  </node>
  <way id="4611726">
    <nd ref="21582728"/>
    <nd ref="10567768926"/>
    <nd ref="3867910417"/>
    <nd ref="961878738"/>
    <tag k="bicycle" v="use_sidepath"/>
    <tag k="cycleway:left" v="no"/>
    <tag k="cycleway:right" v="separate"/>
    <tag k="dual_carriageway" v="yes"/>
    <tag k="foot" v="use_sidepath"/>
    <tag k="highway" v="primary"/>
    <tag k="lane_markings" v="yes"/>
    <tag k="lanes" v="3"/>
    <tag k="lit" v="yes"/>
    <tag k="maxspeed" v="50"/>
    <tag k="name" v="Grunerstraße"/>
    <tag k="name:etymology:wikidata" v="Q215507"/>
    <tag k="old_name" v="Gustav-Böß-Straße"/>
    <tag k="oneway" v="yes"/>
    <tag k="parking:both" v="no"/>
    <tag k="postal_code" v="10178"/>
    <tag k="priority_road" v="designated"/>
    <tag k="ref" v="B 1"/>
    <tag k="sidewalk:left" v="no"/>
    <tag k="sidewalk:right" v="separate"/>
    <tag k="smoothness" v="excellent"/>
    <tag k="source:maxspeed" v="DE:urban"/>
    <tag k="surface" v="asphalt"/>
    <tag k="wikidata" v="Q1550809"/>
    <tag k="wikimedia_commons" v="Category:Grunerstraße (Berlin-Mitte)"/>
    <tag k="wikipedia" v="de:Grunerstraße (Berlin)"/>
    <tag k="zone:traffic" v="DE:urban"/>
  </way>
  <way id="4612969">
    <nd ref="2548947450"/>
    <nd ref="3153662374"/>
    <nd ref="962009671"/>
    <nd ref="12946819633"/>
    <nd ref="540764470"/>
    <tag k="cycleway:both" v="no"/>
    <tag k="highway" v="residential"/>
    <tag k="lit" v="yes"/>
    <tag k="maxspeed" v="30"/>
    <tag k="name" v="Klosterstraße"/>
    <tag k="name:etymology:wikidata" v="Q1543798"/>
    <tag k="parking:left" v="on_kerb"/>
    <tag k="parking:left:fee" v="yes"/>
    <tag k="parking:left:fee:conditional" v="no @ (Mo-Sa 00:00-09:00,22:00-24:00; Su)"/>
    <tag k="parking:left:markings" v="no"/>
    <tag k="parking:left:orientation" v="parallel"/>
    <tag k="parking:left:zone" v="3"/>
    <tag k="parking:right" v="no"/>
    <tag k="parking:right:restriction" v="no_parking"/>
    <tag k="postal_code" v="10179"/>
    <tag k="sidewalk:both" v="separate"/>
    <tag k="smoothness" v="excellent"/>
    <tag k="surface" v="asphalt"/>
    <tag k="wikidata" v="Q1776497"/>
    <tag k="wikipedia" v="de:Klosterstraße (Berlin-Mitte)"/>
  </way>
  <way id="4612981">
    <nd ref="13907381358"/>
    <nd ref="768038174"/>
    <tag k="bicycle" v="yes"/>
    <tag k="highway" v="residential"/>
    <tag k="lit" v="yes"/>
    <tag k="maxspeed" v="20"/>
    <tag k="name" v="Gontardstraße"/>
    <tag k="name:etymology:wikidata" v="Q68768"/>
    <tag k="name:ja" v="ゴンタルド通り"/>
    <tag k="parking:both" v="no"/>
    <tag k="sidewalk:left" v="separate"/>
    <tag k="sidewalk:right" v="separate"/>
    <tag k="smoothness" v="excellent"/>
    <tag k="source:width" v="Luftbild 2025"/>
    <tag k="surface" v="asphalt"/>
    <tag k="traffic_sign" v="DE:250,1020-30,1022-10"/>
    <tag k="vehicle" v="destination"/>
    <tag k="width" v="10"/>
    <tag k="wikidata" v="Q65550766"/>
    <tag k="wikimedia_commons" v="Category:Gontardstraße (Berlin-Mitte)"/>
    <tag k="zone:maxspeed" v="DE:20"/>
  </way>
  <way id="4790799">
    <nd ref="3828165706"/>
    <nd ref="2017413886"/>
    <nd ref="2017413884"/>
    <nd ref="2017413883"/>
    <nd ref="2017413881"/>
    <nd ref="3196540472"/>
    <tag k="check_date:cycleway" v="2024-12-31"/>
    <tag k="cycleway:both" v="no"/>
    <tag k="dual_carriageway" v="yes"/>
    <tag k="highway" v="primary"/>
    <tag k="lanes" v="2"/>
    <tag k="layer" v="-1"/>
    <tag k="lit" v="24/7"/>
    <tag k="maxheight" v="4"/>
    <tag k="maxspeed" v="50"/>
    <tag k="motorroad" v="yes"/>
    <tag k="name" v="Tunnel Alexanderplatz"/>
    <tag k="oneway" v="yes"/>
    <tag k="parking:both" v="no"/>
    <tag k="shoulder" v="no"/>
    <tag k="sidewalk" v="no"/>
    <tag k="smoothness" v="good"/>
    <tag k="surface" v="asphalt"/>
    <tag k="tunnel" v="yes"/>
    <tag k="zone:traffic" v="DE:urban"/>
  </way>
  <way id="4790809">
    <nd ref="30731526"/>
    <nd ref="2017413878"/>
    <nd ref="30731484"/>
    <nd ref="3828165737"/>
    <tag k="check_date:cycleway" v="2024-12-31"/>
    <tag k="cycleway:both" v="no"/>
    <tag k="dual_carriageway" v="yes"/>
    <tag k="highway" v="primary"/>
    <tag k="lanes" v="2"/>
    <tag k="layer" v="-1"/>
    <tag k="lit" v="24/7"/>
    <tag k="maxheight" v="4"/>
    <tag k="maxspeed" v="50"/>
    <tag k="motorroad" v="yes"/>
    <tag k="name" v="Tunnel Alexanderplatz"/>
    <tag k="oneway" v="yes"/>
    <tag k="parking:both" v="no"/>
    <tag k="shoulder" v="no"/>
    <tag k="sidewalk" v="no"/>
    <tag k="smoothness" v="good"/>
    <tag k="surface" v="asphalt"/>
    <tag k="tunnel" v="yes"/>
    <tag k="zone:traffic" v="DE:urban"/>
  </way>
  <way id="4790825">
    <nd ref="27411306"/>
    <nd ref="9891723336"/>
    <nd ref="1711820643"/>
    <nd ref="4547201160"/>
    <nd ref="12921497680"/>
    <tag k="check_date:cycleway" v="2024-12-31"/>
    <tag k="cycleway:both" v="no"/>
    <tag k="foot" v="use_sidepath"/>
    <tag k="highway" v="residential"/>
    <tag k="lanes" v="2"/>
    <tag k="lit" v="yes"/>
    <tag k="maxspeed" v="50"/>
    <tag k="maxspeed:type" v="sign"/>
    <tag k="name" v="Dircksenstraße"/>
    <tag k="name:etymology:wikidata" v="Q100704"/>
    <tag k="parking:both" v="no"/>
    <tag k="postal_code" v="10179"/>
    <tag k="sidewalk:left" v="yes"/>
    <tag k="sidewalk:left:surface" v="paving_stones"/>
    <tag k="sidewalk:right" v="separate"/>
    <tag k="smoothness" v="good"/>
    <tag k="surface" v="asphalt"/>
    <tag k="wikidata" v="Q60560486"/>
    <tag k="wikimedia_commons" v="Category:Dircksenstraße (Berlin-Mitte)"/>
  </way>
  <way id="19801533">
    <nd ref="262467975"/>
    <nd ref="13755242860"/>
    <nd ref="13755242868"/>
    <nd ref="13755242867"/>
    <nd ref="13755242861"/>
    <nd ref="13755242866"/>
    <nd ref="2121324871"/>
    <tag k="bicycle" v="no"/>
    <tag k="check_date:cycleway" v="2024-12-31"/>
    <tag k="cycleway:both" v="no"/>
    <tag k="dual_carriageway" v="yes"/>
    <tag k="foot" v="no"/>
    <tag k="highway" v="primary"/>
    <tag k="lanes" v="2"/>
    <tag k="lit" v="yes"/>
    <tag k="maxspeed" v="50"/>
    <tag k="name" v="Grunerstraße"/>
    <tag k="name:etymology:wikidata" v="Q215507"/>
    <tag k="name:ja" v="グルネル通り"/>
    <tag k="oneway" v="yes"/>
    <tag k="parking:both" v="no"/>
    <tag k="parking:right:restriction" v="no_stopping"/>
    <tag k="postal_code" v="10179"/>
    <tag k="priority_road" v="designated"/>
    <tag k="ref" v="B 1"/>
    <tag k="sidewalk" v="no"/>
    <tag k="source:maxspeed" v="DE:urban"/>
    <tag k="surface" v="asphalt"/>
    <tag k="wikidata" v="Q1550809"/>
    <tag k="wikimedia_commons" v="Category:Grunerstraße (Berlin-Mitte)"/>
    <tag k="wikipedia" v="de:Grunerstraße (Berlin)"/>
    <tag k="zone:traffic" v="DE:urban"/>
  </way>
  <way id="19801548">
    <nd ref="12945926915"/>
    <nd ref="3163433362"/>
    <nd ref="1986691805"/>
    <tag k="cycleway:left" v="no"/>
    <tag k="cycleway:right" v="track"/>
    <tag k="cycleway:right:oneway" v="yes"/>
    <tag k="cycleway:right:segregated" v="yes"/>
    <tag k="cycleway:right:separation:left" v="tree_row;kerb"/>
    <tag k="cycleway:right:separation:right" v="no"/>
    <tag k="cycleway:right:surface" v="asphalt"/>
    <tag k="cycleway:right:surface:colour" v="none"/>
    <tag k="cycleway:right:traffic_sign" v="DE:237"/>
    <tag k="cycleway:right:width" v="1.5"/>
    <tag k="dual_carriageway" v="yes"/>
    <tag k="foot" v="use_sidepath"/>
    <tag k="highway" v="primary"/>
    <tag k="lanes" v="3"/>
    <tag k="lit" v="yes"/>
    <tag k="maxspeed" v="50"/>
    <tag k="name" v="Alexanderstraße"/>
    <tag k="name:etymology:wikidata" v="Q15193"/>
    <tag k="name:ja" v="アレクサンダー通り"/>
    <tag k="oneway" v="yes"/>
    <tag k="parking:both" v="no"/>
    <tag k="parking:right:restriction" v="no_stopping"/>
    <tag k="postal_code" v="10178"/>
    <tag k="ref" v="B 1"/>
    <tag k="sidewalk:left" v="no"/>
    <tag k="sidewalk:right" v="separate"/>
    <tag k="smoothness" v="good"/>
    <tag k="source:cycleway:right:width" v="Luftbild 2025"/>
    <tag k="source:maxspeed" v="DE:urban"/>
    <tag k="surface" v="asphalt"/>
    <tag k="wikidata" v="Q17486182"/>
    <tag k="zone:traffic" v="DE:urban"/>
  </way>
  <way id="19801554">
    <nd ref="735967926"/>
    <nd ref="2938442114"/>
    <tag k="cycleway:left" v="no"/>
    <tag k="cycleway:right" v="lane"/>
    <tag k="cycleway:right:buffer:both" v="no"/>
    <tag k="cycleway:right:lane" v="advisory"/>
    <tag k="cycleway:right:marking:both" v="dashed_line"/>
    <tag k="cycleway:right:oneway" v="yes"/>
    <tag k="cycleway:right:surface" v="asphalt"/>
    <tag k="cycleway:right:surface:colour" v="red"/>
    <tag k="cycleway:right:traffic_sign" v="none"/>
    <tag k="cycleway:right:width" v="1.5"/>
    <tag k="destination" v="Kreuzberg;Schönefeld"/>
    <tag k="destination:colour" v=";white"/>
    <tag k="destination:ref:to" v="A 113"/>
    <tag k="destination:symbol" v=";airport"/>
    <tag k="destination:symbol:to" v="motorway"/>
    <tag k="destination:to" v="Dresden"/>
    <tag k="dual_carriageway" v="yes"/>
    <tag k="foot" v="use_sidepath"/>
    <tag k="highway" v="secondary"/>
    <tag k="lanes" v="2"/>
    <tag k="lit" v="yes"/>
    <tag k="maxspeed" v="50"/>
    <tag k="name" v="Alexanderstraße"/>
    <tag k="name:etymology:wikidata" v="Q15193"/>
    <tag k="name:ja" v="アレクサンダー通り"/>
    <tag k="note" v="Übergeordnete Straße, Stufe I"/>
    <tag k="oneway" v="yes"/>
    <tag k="parking:both" v="no"/>
    <tag k="postal_code" v="10178"/>
    <tag k="sidewalk:left" v="no"/>
    <tag k="sidewalk:right" v="separate"/>
    <tag k="smoothness" v="good"/>
    <tag k="source:cycleway:right:width" v="Luftbild 2025"/>
    <tag k="source:maxspeed" v="DE:urban"/>
    <tag k="surface" v="asphalt"/>
    <tag k="wikidata" v="Q17486182"/>
  </way>
  <way id="23813206">
    <nd ref="10572308659"/>
    <nd ref="5518191289"/>
    <nd ref="29221516"/>
    <nd ref="5518191290"/>
    <nd ref="9891678212"/>
    <nd ref="5518191291"/>
    <nd ref="196741110"/>
    <tag k="check_date:cycleway" v="2024-12-31"/>
    <tag k="cycleway:both" v="no"/>
    <tag k="foot" v="use_sidepath"/>
    <tag k="highway" v="residential"/>
    <tag k="lane_markings" v="no"/>
    <tag k="lit" v="yes"/>
    <tag k="maxheight" v="default"/>
    <tag k="maxspeed" v="30"/>
    <tag k="maxspeed:type" v="DE:zone30"/>
    <tag k="name" v="Rosa-Luxemburg-Straße"/>
    <tag k="name:etymology:wikidata" v="Q7231"/>
    <tag k="parking:left" v="lane"/>
    <tag k="parking:left:fee" v="yes"/>
    <tag k="parking:left:fee:conditional" v="no @ (00:00-09:00)"/>
    <tag k="parking:left:markings" v="no"/>
    <tag k="parking:left:orientation" v="parallel"/>
    <tag k="parking:left:zone" v="29"/>
    <tag k="parking:right" v="separate"/>
    <tag k="postal_code" v="10178"/>
    <tag k="sidewalk:both" v="separate"/>
    <tag k="smoothness" v="excellent"/>
    <tag k="source:maxspeed" v="DE:zone30"/>
    <tag k="surface" v="asphalt"/>
    <tag k="traffic_sign" v="DE:274.1"/>
    <tag k="wikidata" v="Q325246"/>
    <tag k="wikimedia_commons" v="Category:Rosa-Luxemburg-Straße (Berlin-Mitte)"/>
    <tag k="wikipedia" v="en:Rosa-Luxemburg-Straße (Berlin)"/>
    <tag k="zone:maxspeed" v="DE:30"/>
  </way>
  <way id="24540240">
    <nd ref="196761869"/>
    <nd ref="2121324863"/>
    <tag k="crossing" v="unmarked"/>
    <tag k="crossing:island" v="no"/>
    <tag k="crossing:markings" v="no"/>
    <tag k="footway" v="crossing"/>
    <tag k="highway" v="footway"/>
    <tag k="lit" v="yes"/>
    <tag k="name" v="Rathausstraße"/>
    <tag k="name:etymology:wikidata" v="Q155210"/>
    <tag k="parking:both" v="no"/>
    <tag k="postal_code" v="10178"/>
    <tag k="smoothness" v="good"/>
    <tag k="surface" v="paving_stones"/>
    <tag k="tactile_paving" v="no"/>
    <tag k="wikidata" v="Q1689577"/>
    <tag k="wikimedia_commons" v="Category:Rathausstraße (Berlin-Mitte)"/>
    <tag k="wikipedia" v="de:Rathausstraße (Berlin)"/>
  </way>
  <way id="24540242">
    <nd ref="21432801"/>
    <nd ref="10189375726"/>
    <nd ref="735967921"/>
    <nd ref="10570139914"/>
    <tag k="bicycle" v="optional_sidepath"/>
    <tag k="cycleway:left" v="no"/>
    <tag k="cycleway:right" v="separate"/>
    <tag k="dual_carriageway" v="yes"/>
    <tag k="foot" v="use_sidepath"/>
    <tag k="highway" v="primary"/>
    <tag k="lanes" v="3"/>
    <tag k="lit" v="yes"/>
    <tag k="maxspeed" v="50"/>
    <tag k="name" v="Alexanderstraße"/>
    <tag k="name:etymology:wikidata" v="Q15193"/>
    <tag k="name:ja" v="アレクサンダー通り"/>
    <tag k="oneway" v="yes"/>
    <tag k="parking:both" v="no"/>
    <tag k="postal_code" v="10178"/>
    <tag k="ref" v="B 1"/>
    <tag k="sidewalk:left" v="no"/>
    <tag k="sidewalk:right" v="separate"/>
    <tag k="smoothness" v="excellent"/>
    <tag k="source:maxspeed" v="DE:urban"/>
    <tag k="surface" v="asphalt"/>
    <tag k="wikidata" v="Q17486182"/>
    <tag k="zone:traffic" v="DE:urban"/>
  </way>
  <way id="24913524">
    <nd ref="768074068"/>
    <nd ref="11732225638"/>
    <nd ref="5171487414"/>
    <nd ref="4673135645"/>
    <nd ref="13334677280"/>
    <nd ref="4673135646"/>
    <nd ref="29219465"/>
    <nd ref="1987191204"/>
    <tag k="cycleway:left" v="no"/>
    <tag k="cycleway:right" v="share_busway"/>
    <tag k="cycleway:right:oneway" v="yes"/>
    <tag k="cycleway:right:width" v="3.3"/>
    <tag k="foot" v="use_sidepath"/>
    <tag k="highway" v="primary"/>
    <tag k="lanes" v="3"/>
    <tag k="lit" v="yes"/>
    <tag k="maxspeed" v="50"/>
    <tag k="name" v="Karl-Liebknecht-Straße"/>
    <tag k="name:etymology:wikidata" v="Q75886"/>
    <tag k="oneway" v="yes"/>
    <tag k="parking:both" v="no"/>
    <tag k="ref" v="B 2;B 5"/>
    <tag k="sidewalk:left" v="no"/>
    <tag k="sidewalk:right" v="separate"/>
    <tag k="smoothness" v="excellent"/>
    <tag k="source:cycleway:right:width" v="Luftbild 2024"/>
    <tag k="surface" v="asphalt"/>
    <tag k="wikidata" v="Q551773"/>
    <tag k="wikimedia_commons" v="Category:Karl-Liebknecht-Straße (Berlin-Mitte)"/>
    <tag k="wikipedia" v="en:Karl-Liebknecht-Straße"/>
    <tag k="zone:traffic" v="DE:urban"/>
  </way>
  <way id="24914992">
    <nd ref="270727248"/>
    <nd ref="887157684"/>
    <tag k="cycleway:left" v="no"/>
    <tag k="cycleway:right" v="share_busway"/>
    <tag k="cycleway:right:oneway" v="yes"/>
    <tag k="cycleway:right:surface" v="asphalt"/>
    <tag k="cycleway:right:surface:colour" v="none"/>
    <tag k="cycleway:right:width" v="4"/>
    <tag k="foot" v="use_sidepath"/>
    <tag k="highway" v="primary"/>
    <tag k="lanes" v="3"/>
    <tag k="lit" v="yes"/>
    <tag k="maxspeed" v="50"/>
    <tag k="name" v="Karl-Liebknecht-Straße"/>
    <tag k="name:etymology:wikidata" v="Q75886"/>
    <tag k="oneway" v="yes"/>
    <tag k="parking:both" v="no"/>
    <tag k="parking:left:reason" v="dual_carriage"/>
    <tag k="ref" v="B 2;B 5"/>
    <tag k="sidewalk:left" v="no"/>
    <tag k="sidewalk:right" v="separate"/>
    <tag k="smoothness" v="good"/>
    <tag k="source:cycleway:right:width" v="infra3D 2021/22"/>
    <tag k="surface" v="asphalt"/>
    <tag k="wikidata" v="Q551773"/>
    <tag k="wikimedia_commons" v="Category:Karl-Liebknecht-Straße (Berlin-Mitte)"/>
    <tag k="wikipedia" v="en:Karl-Liebknecht-Straße"/>
    <tag k="zone:traffic" v="DE:urban"/>
  </way>
  <way id="24990031">
    <nd ref="21487184"/>
    <nd ref="1630500695"/>
    <tag k="cycleway:left" v="no"/>
    <tag k="cycleway:right" v="share_busway"/>
    <tag k="cycleway:right:oneway" v="yes"/>
    <tag k="cycleway:right:width" v="3.6"/>
    <tag k="foot" v="use_sidepath"/>
    <tag k="highway" v="primary"/>
    <tag k="lanes" v="3"/>
    <tag k="lit" v="yes"/>
    <tag k="maxspeed" v="50"/>
    <tag k="name" v="Karl-Liebknecht-Straße"/>
    <tag k="name:etymology:wikidata" v="Q75886"/>
    <tag k="oneway" v="yes"/>
    <tag k="parking:both" v="no"/>
    <tag k="ref" v="B 2;B 5"/>
    <tag k="sidewalk:left" v="no"/>
    <tag k="sidewalk:right" v="separate"/>
    <tag k="smoothness" v="good"/>
    <tag k="source:cycleway:right:width" v="Luftbild 2024"/>
    <tag k="surface" v="asphalt"/>
    <tag k="wikidata" v="Q551773"/>
    <tag k="wikimedia_commons" v="Category:Karl-Liebknecht-Straße (Berlin-Mitte)"/>
    <tag k="wikipedia" v="en:Karl-Liebknecht-Straße"/>
    <tag k="zone:traffic" v="DE:urban"/>
  </way>
  <way id="24990040">
    <nd ref="27411994"/>
    <nd ref="9891723325"/>
    <tag k="check_date:cycleway" v="2024-12-31"/>
    <tag k="cycleway:both" v="no"/>
    <tag k="foot" v="use_sidepath"/>
    <tag k="highway" v="residential"/>
    <tag k="lane_markings" v="no"/>
    <tag k="lit" v="yes"/>
    <tag k="maxspeed" v="30"/>
    <tag k="maxspeed:type" v="DE:zone30"/>
    <tag k="name" v="Dircksenstraße"/>
    <tag k="name:etymology:wikidata" v="Q100704"/>
    <tag k="parking:both" v="no"/>
    <tag k="postal_code" v="10179"/>
    <tag k="sidewalk:both" v="separate"/>
    <tag k="smoothness" v="good"/>
    <tag k="source:maxspeed" v="DE:zone30"/>
    <tag k="surface" v="asphalt"/>
    <tag k="traffic_sign" v="DE:274.1"/>
    <tag k="wikidata" v="Q60560486"/>
    <tag k="wikimedia_commons" v="Category:Dircksenstraße (Berlin-Mitte)"/>
    <tag k="zone:maxspeed" v="DE:30"/>
  </way>
  <way id="30826268">
    <nd ref="10570142827"/>
    <nd ref="3142889370"/>
    <nd ref="3142889369"/>
    <nd ref="3213513670"/>
    <tag k="cycleway:left" v="no"/>
    <tag k="cycleway:right" v="lane"/>
    <tag k="cycleway:right:lane" v="exclusive"/>
    <tag k="cycleway:right:surface" v="asphalt"/>
    <tag k="cycleway:right:traffic_sign" v="none"/>
    <tag k="dual_carriageway" v="yes"/>
    <tag k="foot" v="use_sidepath"/>
    <tag k="highway" v="primary"/>
    <tag k="lanes" v="2"/>
    <tag k="lit" v="yes"/>
    <tag k="maxspeed" v="50"/>
    <tag k="name" v="Grunerstraße"/>
    <tag k="name:etymology:wikidata" v="Q215507"/>
    <tag k="name:ja" v="グルネル通り"/>
    <tag k="oneway" v="yes"/>
    <tag k="parking:both" v="no"/>
    <tag k="parking:right:restriction" v="no_stopping"/>
    <tag k="postal_code" v="10179"/>
    <tag k="ref" v="B 1"/>
    <tag k="sidewalk:left" v="no"/>
    <tag k="sidewalk:right" v="separate"/>
    <tag k="smoothness" v="good"/>
    <tag k="source:maxspeed" v="DE:urban"/>
    <tag k="surface" v="asphalt"/>
    <tag k="wikidata" v="Q1550809"/>
    <tag k="wikimedia_commons" v="Category:Grunerstraße (Berlin-Mitte)"/>
    <tag k="wikipedia" v="de:Grunerstraße (Berlin)"/>
    <tag k="zone:traffic" v="DE:urban"/>
  </way>
  <way id="33301683">
    <nd ref="3513418933"/>
    <nd ref="6438955388"/>
    <tag k="check_date:cycleway" v="2024-12-31"/>
    <tag k="cutting" v="yes"/>
    <tag k="cycleway:both" v="no"/>
    <tag k="dual_carriageway" v="yes"/>
    <tag k="highway" v="primary"/>
    <tag k="incline" v="down"/>
    <tag k="lanes" v="2"/>
    <tag k="lit" v="yes"/>
    <tag k="maxheight" v="4"/>
    <tag k="maxspeed" v="50"/>
    <tag k="motorroad" v="yes"/>
    <tag k="name" v="Tunnel Alexanderplatz"/>
    <tag k="oneway" v="yes"/>
    <tag k="parking:both" v="no"/>
    <tag k="shoulder" v="no"/>
    <tag k="sidewalk" v="no"/>
    <tag k="smoothness" v="excellent"/>
    <tag k="surface" v="asphalt"/>
    <tag k="zone:traffic" v="DE:urban"/>
  </way>
  <way id="43239248">
    <nd ref="196741110"/>
    <nd ref="196741111"/>
    <tag k="highway" v="footway"/>
    <tag k="lit" v="yes"/>
    <tag k="name" v="Rosa-Luxemburg-Straße"/>
    <tag k="name:etymology:wikidata" v="Q7231"/>
    <tag k="postal_code" v="10178"/>
    <tag k="smoothness" v="intermediate"/>
    <tag k="surface" v="asphalt"/>
    <tag k="wikidata" v="Q325246"/>
    <tag k="wikimedia_commons" v="Category:Rosa-Luxemburg-Straße (Berlin-Mitte)"/>
    <tag k="wikipedia" v="en:Rosa-Luxemburg-Straße (Berlin)"/>
  </way>
  <way id="43239303">
    <nd ref="1275468904"/>
    <nd ref="1275468915"/>
    <nd ref="2425782616"/>
    <nd ref="1275468906"/>
    <nd ref="542562811"/>
    <nd ref="542562823"/>
    <tag k="highway" v="footway"/>
    <tag k="lit" v="yes"/>
    <tag k="name" v="Rochstraße"/>
    <tag k="name:etymology:wikidata" v="Q95992723"/>
    <tag k="smoothness" v="good"/>
    <tag k="surface" v="paving_stones"/>
    <tag k="wikidata" v="Q95992713"/>
    <tag k="wikimedia_commons" v="Category:Rochstraße (Berlin-Mitte)"/>
  </way>
  <way id="43270574">
    <nd ref="11236075597"/>
    <nd ref="4547201157"/>
    <nd ref="735963001"/>
    <nd ref="11236075598"/>
    <tag k="crossing" v="traffic_signals"/>
    <tag k="crossing:island" v="no"/>
    <tag k="crossing:markings" v="dashes"/>
    <tag k="footway" v="crossing"/>
    <tag k="highway" v="footway"/>
    <tag k="lit" v="yes"/>
    <tag k="surface" v="asphalt"/>
  </way>
  <way id="45235049">
    <nd ref="3180211038"/>
    <nd ref="13755242863"/>
    <nd ref="3182192539"/>
    <nd ref="3182195699"/>
    <nd ref="2121324896"/>
    <nd ref="3399022015"/>
    <nd ref="3399022018"/>
    <nd ref="3399022019"/>
    <nd ref="3399022017"/>
    <nd ref="3399022014"/>
    <nd ref="10196188860"/>
    <nd ref="574262495"/>
    <tag k="highway" v="service"/>
    <tag k="lit" v="yes"/>
    <tag k="maxspeed" v="30"/>
    <tag k="surface" v="asphalt"/>
  </way>
  <way id="47016365">
    <nd ref="21432799"/>
    <nd ref="961807409"/>
    <nd ref="3893241487"/>
    <nd ref="13573272437"/>
    <tag k="cycleway:left" v="no"/>
    <tag k="cycleway:right" v="lane"/>
    <tag k="cycleway:right:buffer:both" v="no"/>
    <tag k="cycleway:right:lane" v="exclusive"/>
    <tag k="cycleway:right:marking:both" v="solid_line"/>
    <tag k="cycleway:right:oneway" v="yes"/>
    <tag k="cycleway:right:surface" v="asphalt"/>
    <tag k="cycleway:right:surface:colour" v="green"/>
    <tag k="cycleway:right:traffic_sign" v="none"/>
    <tag k="cycleway:right:width" v="2"/>
    <tag k="dual_carriageway" v="yes"/>
    <tag k="foot" v="use_sidepath"/>
    <tag k="highway" v="primary"/>
    <tag k="lanes" v="3"/>
    <tag k="lit" v="yes"/>
    <tag k="maxspeed" v="50"/>
    <tag k="name" v="Alexanderstraße"/>
    <tag k="name:etymology:wikidata" v="Q15193"/>
    <tag k="name:ja" v="アレクサンダー通り"/>
    <tag k="old_name" v="Alexanderstraße (22.05.1819-1933);Alexanderplatz (1933-01.02.2006)"/>
    <tag k="oneway" v="yes"/>
    <tag k="parking:both" v="no"/>
    <tag k="ref" v="B 2;B 5"/>
    <tag k="sidewalk:left" v="no"/>
    <tag k="sidewalk:right" v="separate"/>
    <tag k="smoothness" v="good"/>
    <tag k="source:cycleway:right:width" v="Luftbild 2025"/>
    <tag k="source:maxspeed" v="DE:urban"/>
    <tag k="surface" v="asphalt"/>
    <tag k="wikidata" v="Q17486182"/>
    <tag k="zone:traffic" v="DE:urban"/>
  </way>
  <way id="48524700">
    <nd ref="315140141"/>
    <nd ref="616476681"/>
    <tag k="access" v="yes"/>
    <tag k="highway" v="steps"/>
    <tag k="incline" v="down"/>
    <tag k="indoor" v="yes"/>
    <tag k="layer" v="-1"/>
    <tag k="level" v="0;-1"/>
    <tag k="lit" v="yes"/>
  </way>
  <way id="48524801">
    <nd ref="616476947"/>
    <nd ref="2094267029"/>
    <nd ref="2094283183"/>
    <nd ref="2094283182"/>
    <nd ref="2777296570"/>
    <tag k="highway" v="footway"/>
    <tag k="layer" v="-1"/>
    <tag k="level" v="-1"/>
    <tag k="lit" v="yes"/>
    <tag k="smoothness" v="good"/>
    <tag k="surface" v="paving_stones"/>
    <tag k="tunnel" v="yes"/>
  </way>
  <way id="53609869">
    <nd ref="677136784"/>
    <nd ref="3730797393"/>
    <nd ref="677136779"/>
    <nd ref="6690942035"/>
    <nd ref="5341149533"/>
    <nd ref="677136871"/>
    <nd ref="3730797394"/>
    <nd ref="5341149218"/>
    <nd ref="5341149532"/>
    <nd ref="5341149531"/>
    <nd ref="5341149530"/>
    <nd ref="677136829"/>
    <nd ref="3155751071"/>
    <nd ref="5341149759"/>
    <nd ref="3828179968"/>
    <nd ref="3828179992"/>
    <nd ref="10969882814"/>
    <nd ref="5341149761"/>
    <nd ref="10969882813"/>
    <nd ref="5341149762"/>
    <nd ref="5341149763"/>
    <nd ref="3730797396"/>
    <nd ref="3828179963"/>
    <nd ref="3730797395"/>
    <nd ref="5341149764"/>
    <nd ref="5341149766"/>
    <nd ref="3730797385"/>
    <nd ref="3730797383"/>
    <nd ref="10969840153"/>
    <nd ref="10969840155"/>
    <nd ref="10969840154"/>
    <nd ref="3730797382"/>
    <nd ref="3730797377"/>
    <nd ref="11746879166"/>
    <nd ref="5341149771"/>
    <nd ref="196731867"/>
    <nd ref="3431617055"/>
    <nd ref="3431617056"/>
    <nd ref="3730797389"/>
    <nd ref="3730797392"/>
    <nd ref="677136784"/>
    <tag k="area" v="yes"/>
    <tag k="highway" v="footway"/>
    <tag k="lit" v="yes"/>
    <tag k="smoothness" v="good"/>
    <tag k="surface" v="paving_stones"/>
  </way>
  <way id="59332212">
    <nd ref="6719007111"/>
    <nd ref="6719007110"/>
    <tag k="bicycle" v="yes"/>
    <tag k="cycleway:surface" v="sett"/>
    <tag k="cycleway:width" v="1.5"/>
    <tag k="footway:surface" v="sett"/>
    <tag k="highway" v="footway"/>
    <tag k="lit" v="yes"/>
    <tag k="oneway" v="no"/>
    <tag k="segregated" v="yes"/>
    <tag k="source:cycleway:width" v="ARCore"/>
  </way>
  <way id="59334310">
    <nd ref="10969814704"/>
    <nd ref="3178759584"/>
    <nd ref="4809636660"/>
    <tag k="crossing" v="traffic_signals"/>
    <tag k="crossing:markings" v="dashes"/>
    <tag k="footway" v="crossing"/>
    <tag k="highway" v="footway"/>
    <tag k="is_sidepath" v="yes"/>
    <tag k="is_sidepath:of" v="secondary"/>
    <tag k="lit" v="yes"/>
    <tag k="postal_code" v="10178"/>
    <tag k="smoothness" v="good"/>
    <tag k="surface" v="asphalt"/>
    <tag k="tactile_paving" v="yes"/>
  </way>
  <way id="59636538">
    <nd ref="322093125"/>
    <nd ref="322093144"/>
    <nd ref="322093163"/>
    <nd ref="560470210"/>
    <nd ref="322093198"/>
    <tag k="highway" v="service"/>
    <tag k="lit" v="yes"/>
    <tag k="oneway" v="yes"/>
    <tag k="operator:type" v="public"/>
    <tag k="parking:both" v="lane"/>
    <tag k="parking:both:fee" v="no"/>
    <tag k="parking:both:orientation" v="parallel"/>
    <tag k="parking:both:restriction" v="loading_only"/>
    <tag k="sidewalk:left" v="yes"/>
    <tag k="sidewalk:left:surface" v="paving_stones"/>
    <tag k="sidewalk:right" v="separate"/>
    <tag k="smoothness" v="excellent"/>
    <tag k="surface" v="asphalt"/>
  </way>
  <way id="61579352">
    <nd ref="768038188"/>
    <nd ref="768038180"/>
    <tag k="bicycle" v="yes"/>
    <tag k="highway" v="pedestrian"/>
    <tag k="lit" v="yes"/>
    <tag k="noname" v="yes"/>
    <tag k="smoothness" v="excellent"/>
    <tag k="surface" v="paving_stones"/>
    <tag k="traffic_sign" v="DE:250,1022-10"/>
    <tag k="tunnel" v="building_passage"/>
    <tag k="vehicle" v="no"/>
  </way>
  <way id="61583422">
    <nd ref="10196222621"/>
    <nd ref="10188332727"/>
    <nd ref="10814123053"/>
    <nd ref="171445567"/>
    <nd ref="10196188914"/>
    <nd ref="6255558053"/>
    <nd ref="6255558054"/>
    <nd ref="6052737588"/>
    <nd ref="6255558055"/>
    <nd ref="6255558056"/>
    <nd ref="768074059"/>
    <nd ref="6255558057"/>
    <nd ref="6052737589"/>
    <nd ref="6255558058"/>
    <nd ref="768074045"/>
    <tag k="highway" v="footway"/>
    <tag k="lit" v="yes"/>
    <tag k="noname" v="yes"/>
    <tag k="surface" v="paving_stones"/>
  </way>
  <way id="61583423">
    <nd ref="4566145593"/>
    <nd ref="4566145594"/>
    <tag k="cycleway:left" v="no"/>
    <tag k="cycleway:right" v="lane"/>
    <tag k="cycleway:right:buffer:both" v="no"/>
    <tag k="cycleway:right:lane" v="advisory"/>
    <tag k="cycleway:right:marking:left" v="dashed_line"/>
    <tag k="cycleway:right:marking:right" v="no"/>
    <tag k="cycleway:right:oneway" v="yes"/>
    <tag k="cycleway:right:surface" v="asphalt"/>
    <tag k="cycleway:right:surface:colour" v="none"/>
    <tag k="cycleway:right:traffic_sign" v="none"/>
    <tag k="cycleway:right:width" v="1.5"/>
    <tag k="dual_carriageway" v="yes"/>
    <tag k="foot" v="use_sidepath"/>
    <tag k="highway" v="secondary"/>
    <tag k="lanes" v="2"/>
    <tag k="lit" v="yes"/>
    <tag k="maxspeed" v="50"/>
    <tag k="name" v="Spandauer Straße"/>
    <tag k="name:etymology:wikidata" v="Q158083"/>
    <tag k="note" v="Übergeordnete Straße, Stufe I"/>
    <tag k="oneway" v="yes"/>
    <tag k="parking:both" v="no"/>
    <tag k="postal_code" v="10178"/>
    <tag k="sidewalk:left" v="no"/>
    <tag k="sidewalk:right" v="separate"/>
    <tag k="smoothness" v="good"/>
    <tag k="source:cycleway:right:width" v="Luftbild 2025"/>
    <tag k="surface" v="asphalt"/>
    <tag k="wikidata" v="Q2306673"/>
    <tag k="wikipedia" v="de:Spandauer Straße"/>
  </way>
  <way id="61583424">
    <nd ref="29219440"/>
    <nd ref="4566145597"/>
    <nd ref="1803575761"/>
    <nd ref="341340978"/>
    <tag k="cycleway:left" v="no"/>
    <tag k="cycleway:right" v="lane"/>
    <tag k="cycleway:right:buffer:both" v="no"/>
    <tag k="cycleway:right:lane" v="advisory"/>
    <tag k="cycleway:right:marking:left" v="dashed_line"/>
    <tag k="cycleway:right:marking:right" v="no"/>
    <tag k="cycleway:right:oneway" v="yes"/>
    <tag k="cycleway:right:surface" v="asphalt"/>
    <tag k="cycleway:right:surface:colour" v="none"/>
    <tag k="cycleway:right:traffic_sign" v="none"/>
    <tag k="cycleway:right:width" v="1.5"/>
    <tag k="dual_carriageway" v="yes"/>
    <tag k="foot" v="use_sidepath"/>
    <tag k="highway" v="secondary"/>
    <tag k="lane_markings" v="yes"/>
    <tag k="lanes" v="2"/>
    <tag k="lit" v="yes"/>
    <tag k="maxspeed" v="50"/>
    <tag k="name" v="Spandauer Straße"/>
    <tag k="name:etymology:wikidata" v="Q158083"/>
    <tag k="note" v="Übergeordnete Straße, Stufe I"/>
    <tag k="oneway" v="yes"/>
    <tag k="parking:both" v="no"/>
    <tag k="postal_code" v="10178"/>
    <tag k="sidewalk:left" v="no"/>
    <tag k="sidewalk:right" v="separate"/>
    <tag k="smoothness" v="good"/>
    <tag k="source:cycleway:right:width" v="Luftbild 2025"/>
    <tag k="surface" v="asphalt"/>
    <tag k="wikidata" v="Q2306673"/>
    <tag k="wikipedia" v="de:Spandauer Straße"/>
  </way>
  <way id="66311464">
    <nd ref="2938442114"/>
    <nd ref="961816257"/>
    <nd ref="10570143331"/>
    <tag k="cycleway:left" v="no"/>
    <tag k="cycleway:right" v="lane"/>
    <tag k="cycleway:right:buffer:both" v="no"/>
    <tag k="cycleway:right:lane" v="advisory"/>
    <tag k="cycleway:right:marking:both" v="dashed_line"/>
    <tag k="cycleway:right:oneway" v="yes"/>
    <tag k="cycleway:right:surface" v="asphalt"/>
    <tag k="cycleway:right:surface:colour" v="red"/>
    <tag k="cycleway:right:traffic_sign" v="none"/>
    <tag k="cycleway:right:width" v="1.5"/>
    <tag k="dual_carriageway" v="yes"/>
    <tag k="highway" v="secondary"/>
    <tag k="lanes" v="2"/>
    <tag k="lit" v="yes"/>
    <tag k="maxspeed" v="50"/>
    <tag k="name" v="Alexanderstraße"/>
    <tag k="name:etymology:wikidata" v="Q15193"/>
    <tag k="name:ja" v="アレクサンダー通り"/>
    <tag k="note" v="Übergeordnete Straße, Stufe I"/>
    <tag k="oneway" v="yes"/>
    <tag k="parking:both" v="no"/>
    <tag k="postal_code" v="10179"/>
    <tag k="priority_road" v="designated"/>
    <tag k="sidewalk" v="right"/>
    <tag k="sidewalk:right:surface" v="paving_stones"/>
    <tag k="smoothness" v="good"/>
    <tag k="source:cycleway:right:width" v="Luftbild 2025"/>
    <tag k="source:maxspeed" v="DE:urban"/>
    <tag k="surface" v="asphalt"/>
    <tag k="wikidata" v="Q17486182"/>
  </way>
  <way id="66311467">
    <nd ref="2938442114"/>
    <nd ref="21432801"/>
    <tag k="cycleway:left" v="no"/>
    <tag k="cycleway:right" v="lane"/>
    <tag k="cycleway:right:lane" v="exclusive"/>
    <tag k="cycleway:right:surface" v="asphalt"/>
    <tag k="cycleway:right:traffic_sign" v="none"/>
    <tag k="dual_carriageway" v="yes"/>
    <tag k="foot" v="use_sidepath"/>
    <tag k="highway" v="primary"/>
    <tag k="lanes" v="3"/>
    <tag k="lit" v="yes"/>
    <tag k="maxspeed" v="50"/>
    <tag k="oneway" v="yes"/>
    <tag k="parking:both" v="no"/>
    <tag k="postal_code" v="10178"/>
    <tag k="priority_road" v="yes_unposted"/>
    <tag k="ref" v="B 1"/>
    <tag k="sidewalk:left" v="no"/>
    <tag k="sidewalk:right" v="separate"/>
    <tag k="smoothness" v="intermediate"/>
    <tag k="source:maxspeed" v="DE:urban"/>
    <tag k="surface" v="asphalt"/>
    <tag k="zone:traffic" v="DE:urban"/>
  </way>
  <way id="66311468">
    <nd ref="735967920"/>
    <nd ref="735967926"/>
    <tag k="cycleway:left" v="no"/>
    <tag k="cycleway:right" v="lane"/>
    <tag k="cycleway:right:buffer:both" v="no"/>
    <tag k="cycleway:right:lane" v="exclusive"/>
    <tag k="cycleway:right:marking:both" v="dashed_line"/>
    <tag k="cycleway:right:oneway" v="yes"/>
    <tag k="cycleway:right:surface" v="asphalt"/>
    <tag k="cycleway:right:surface:colour" v="red"/>
    <tag k="cycleway:right:traffic_sign" v="none"/>
    <tag k="cycleway:right:width" v="1.5"/>
    <tag k="dual_carriageway" v="yes"/>
    <tag k="foot" v="use_sidepath"/>
    <tag k="highway" v="primary"/>
    <tag k="lanes" v="4"/>
    <tag k="lit" v="yes"/>
    <tag k="maxspeed" v="50"/>
    <tag k="name" v="Alexanderstraße"/>
    <tag k="name:etymology:wikidata" v="Q15193"/>
    <tag k="name:ja" v="アレクサンダー通り"/>
    <tag k="oneway" v="yes"/>
    <tag k="parking:both" v="no"/>
    <tag k="postal_code" v="10178"/>
    <tag k="ref" v="B 1"/>
    <tag k="sidewalk:left" v="no"/>
    <tag k="sidewalk:right" v="separate"/>
    <tag k="smoothness" v="excellent"/>
    <tag k="source:cycleway:right:width" v="Luftbild 2025"/>
    <tag k="source:maxspeed" v="DE:urban"/>
    <tag k="surface" v="asphalt"/>
    <tag k="turn:lanes" v="left|left|through|through"/>
    <tag k="wikidata" v="Q17486182"/>
    <tag k="zone:traffic" v="DE:urban"/>
  </way>
  <way id="72157169">
    <nd ref="196763697"/>
    <nd ref="2694711506"/>
    <tag k="bicycle" v="yes"/>
    <tag k="highway" v="pedestrian"/>
    <tag k="lit" v="yes"/>
    <tag k="maxspeed" v="20"/>
    <tag k="name" v="Panoramastraße"/>
    <tag k="parking:both" v="no"/>
    <tag k="postal_code" v="10178"/>
    <tag k="smoothness" v="excellent"/>
    <tag k="surface" v="paving_stones"/>
  </way>
  <way id="72157171">
    <nd ref="888363844"/>
    <nd ref="9891723340"/>
    <nd ref="9891723330"/>
    <nd ref="3733305314"/>
    <tag k="highway" v="footway"/>
    <tag k="lit" v="yes"/>
    <tag k="smoothness" v="good"/>
    <tag k="surface" v="paving_stones"/>
  </way>
  <way id="72157172">
    <nd ref="768074054"/>
    <nd ref="29219440"/>
    <tag k="cycleway:left" v="no"/>
    <tag k="cycleway:right" v="lane"/>
    <tag k="cycleway:right:buffer:both" v="no"/>
    <tag k="cycleway:right:lane" v="advisory"/>
    <tag k="cycleway:right:marking:both" v="dashed_line"/>
    <tag k="cycleway:right:oneway" v="yes"/>
    <tag k="cycleway:right:surface" v="asphalt"/>
    <tag k="cycleway:right:surface:colour" v="none"/>
    <tag k="cycleway:right:traffic_sign" v="none"/>
    <tag k="cycleway:right:width" v="1.5"/>
    <tag k="dual_carriageway" v="yes"/>
    <tag k="foot" v="use_sidepath"/>
    <tag k="highway" v="secondary"/>
    <tag k="lanes" v="2"/>
    <tag k="lit" v="yes"/>
    <tag k="maxspeed" v="50"/>
    <tag k="name" v="Spandauer Straße"/>
    <tag k="name:etymology:wikidata" v="Q158083"/>
    <tag k="note" v="Übergeordnete Straße, Stufe I"/>
    <tag k="oneway" v="yes"/>
    <tag k="parking:both" v="no"/>
    <tag k="parking:both:reason" v="junction"/>
    <tag k="postal_code" v="10178"/>
    <tag k="sidewalk:left" v="no"/>
    <tag k="sidewalk:right" v="separate"/>
    <tag k="smoothness" v="good"/>
    <tag k="source:cycleway:right:width" v="Luftbild 2025"/>
    <tag k="surface" v="asphalt"/>
    <tag k="wikidata" v="Q2306673"/>
    <tag k="wikipedia" v="de:Spandauer Straße"/>
  </way>
  <way id="72157175">
    <nd ref="13105940450"/>
    <nd ref="8796782045"/>
    <nd ref="8793912196"/>
    <nd ref="11247145898"/>
    <nd ref="11247145900"/>
    <nd ref="13334720371"/>
    <nd ref="196763703"/>
    <tag k="bicycle" v="yes"/>
    <tag k="highway" v="pedestrian"/>
    <tag k="lit" v="yes"/>
    <tag k="mapillary" v="507239815701223"/>
    <tag k="name" v="Dircksenstraße"/>
    <tag k="name:etymology:wikidata" v="Q100704"/>
    <tag k="oneway" v="no"/>
    <tag k="postal_code" v="10179"/>
    <tag k="sett:length" v="0.05"/>
    <tag k="smoothness" v="intermediate"/>
    <tag k="surface" v="sett"/>
    <tag k="traffic_sign" v="DE:250,1022-10"/>
    <tag k="vehicle" v="no"/>
    <tag k="wikidata" v="Q60560486"/>
    <tag k="wikimedia_commons" v="Category:Dircksenstraße (Berlin-Mitte)"/>
  </way>
  <way id="72678523">
    <nd ref="863119413"/>
    <nd ref="13334677277"/>
    <nd ref="768038174"/>
    <tag k="bicycle" v="yes"/>
    <tag k="highway" v="residential"/>
    <tag k="lit" v="yes"/>
    <tag k="maxspeed" v="20"/>
    <tag k="name" v="Gontardstraße"/>
    <tag k="name:etymology:wikidata" v="Q68768"/>
    <tag k="name:ja" v="ゴンタルド通り"/>
    <tag k="parking:both" v="no"/>
    <tag k="sidewalk:both" v="separate"/>
    <tag k="smoothness" v="excellent"/>
    <tag k="source:width" v="ARCore"/>
    <tag k="surface" v="asphalt"/>
    <tag k="traffic_sign" v="DE:250,1020-30,1022-10"/>
    <tag k="vehicle" v="destination"/>
    <tag k="width" v="7.1"/>
    <tag k="wikidata" v="Q65550766"/>
    <tag k="wikimedia_commons" v="Category:Gontardstraße (Berlin-Mitte)"/>
    <tag k="zone:maxspeed" v="DE:20"/>
  </way>
  <way id="72678525">
    <nd ref="2694711506"/>
    <nd ref="13334677273"/>
    <nd ref="5397577486"/>
    <nd ref="13334677277"/>
    <tag k="bicycle" v="yes"/>
    <tag k="highway" v="service"/>
    <tag k="lit" v="yes"/>
    <tag k="maxspeed" v="20"/>
    <tag k="motor_vehicle" v="yes"/>
    <tag k="name" v="Panoramastraße"/>
    <tag k="parking:both" v="no"/>
    <tag k="service" v="driveway"/>
    <tag k="surface" v="paving_stones"/>
    <tag k="vehicle" v="yes"/>
  </way>
  <way id="75228233">
    <nd ref="888371797"/>
    <nd ref="3733305310"/>
    <tag k="highway" v="footway"/>
    <tag k="lit" v="yes"/>
    <tag k="surface" v="paving_stones"/>
  </way>
  <way id="76865764">
    <nd ref="4809636661"/>
    <nd ref="3139140896"/>
    <nd ref="6342892414"/>
    <tag k="crossing" v="traffic_signals"/>
    <tag k="crossing:markings" v="dashes"/>
    <tag k="footway" v="crossing"/>
    <tag k="highway" v="footway"/>
    <tag k="is_sidepath" v="yes"/>
    <tag k="is_sidepath:of" v="secondary"/>
    <tag k="lit" v="yes"/>
    <tag k="postal_code" v="10178"/>
    <tag k="smoothness" v="intermediate"/>
    <tag k="surface" v="asphalt"/>
    <tag k="tactile_paving" v="yes"/>
  </way>
  <way id="82639450">
    <nd ref="262467617"/>
    <nd ref="3867910431"/>
    <tag k="cycleway:left" v="no"/>
    <tag k="cycleway:right" v="track"/>
    <tag k="cycleway:right:oneway" v="yes"/>
    <tag k="cycleway:right:segregated" v="yes"/>
    <tag k="cycleway:right:separation:left" v="tree_row;kerb"/>
    <tag k="cycleway:right:separation:right" v="no"/>
    <tag k="cycleway:right:surface" v="paving_stones"/>
    <tag k="cycleway:right:surface:colour" v="none"/>
    <tag k="cycleway:right:traffic_sign" v="DE:237"/>
    <tag k="cycleway:right:width" v="1.5"/>
    <tag k="dual_carriageway" v="yes"/>
    <tag k="highway" v="secondary"/>
    <tag k="lanes" v="3"/>
    <tag k="lit" v="yes"/>
    <tag k="maxspeed" v="50"/>
    <tag k="name" v="Alexanderstraße"/>
    <tag k="name:etymology:wikidata" v="Q15193"/>
    <tag k="name:ja" v="アレクサンダー通り"/>
    <tag k="note" v="Übergeordnete Straße, Stufe I"/>
    <tag k="oneway" v="yes"/>
    <tag k="parking:both" v="no"/>
    <tag k="parking:right:restriction" v="no_stopping"/>
    <tag k="postal_code" v="10179"/>
    <tag k="priority_road" v="designated"/>
    <tag k="sidewalk" v="right"/>
    <tag k="sidewalk:right:surface" v="asphalt"/>
    <tag k="smoothness" v="good"/>
    <tag k="source:cycleway:right:width" v="Luftbild 2025"/>
    <tag k="source:maxspeed" v="DE:urban"/>
    <tag k="surface" v="asphalt"/>
    <tag k="wikidata" v="Q17486182"/>
  </way>
  <way id="82658671">
    <nd ref="540764470"/>
    <nd ref="12946819631"/>
    <nd ref="3513418926"/>
    <nd ref="540767799"/>
    <tag k="cycleway:both" v="no"/>
    <tag k="highway" v="residential"/>
    <tag k="lit" v="yes"/>
    <tag k="maxspeed" v="30"/>
    <tag k="name" v="Klosterstraße"/>
    <tag k="name:etymology:wikidata" v="Q1543798"/>
    <tag k="parking:left" v="on_kerb"/>
    <tag k="parking:left:fee" v="yes"/>
    <tag k="parking:left:fee:conditional" v="no @ (Mo-Sa 00:00-09:00,22:00-24:00; Su)"/>
    <tag k="parking:left:orientation" v="parallel"/>
    <tag k="parking:left:zone" v="3"/>
    <tag k="parking:right" v="no"/>
    <tag k="parking:right:restriction" v="no_parking"/>
    <tag k="postal_code" v="10179"/>
    <tag k="sidewalk:both" v="separate"/>
    <tag k="smoothness" v="excellent"/>
    <tag k="surface" v="asphalt"/>
    <tag k="wikidata" v="Q1776497"/>
    <tag k="wikipedia" v="de:Klosterstraße (Berlin-Mitte)"/>
  </way>
  <way id="82658675">
    <nd ref="962009671"/>
    <nd ref="9460832686"/>
    <nd ref="2017413838"/>
    <nd ref="2721065876"/>
    <nd ref="962009695"/>
    <tag k="bicycle" v="no"/>
    <tag k="dog" v="leashed"/>
    <tag k="highway" v="footway"/>
    <tag k="lit" v="yes"/>
    <tag k="surface" v="paving_stones"/>
  </way>
  <way id="82659290">
    <nd ref="3153666983"/>
    <nd ref="3142889368"/>
    <nd ref="2942747701"/>
    <nd ref="3136121402"/>
    <nd ref="3157293895"/>
    <tag k="cycleway:left" v="no"/>
    <tag k="cycleway:right" v="lane"/>
    <tag k="cycleway:right:lane" v="exclusive"/>
    <tag k="cycleway:right:surface" v="asphalt"/>
    <tag k="cycleway:right:traffic_sign" v="none"/>
    <tag k="destination:colour:lanes" v="yellow;yellow;white;white|yellow;yellow;white;white|white;white"/>
    <tag k="destination:lanes" v="Prenzlauer Berg;Friedrichshain;Alexanderplatz;Rathauspassagen|Prenzlauer Berg;Friedrichshain;Alexanderplatz;Rathauspassagen|bcc;Alexa"/>
    <tag k="destination:ref:to:lanes" v="A 10|A 10|A 117"/>
    <tag k="destination:symbol:lanes" v=";;;covered_parking|;;;covered_parking|;;;;covered_parking"/>
    <tag k="destination:symbol:to:lanes" v="motorway|motorway|motorway"/>
    <tag k="destination:to:lanes" v="Frankfurt (Oder)|Frankfurt (Oder)|Dresden"/>
    <tag k="dual_carriageway" v="yes"/>
    <tag k="foot" v="use_sidepath"/>
    <tag k="highway" v="primary"/>
    <tag k="lanes" v="3"/>
    <tag k="lit" v="yes"/>
    <tag k="maxspeed" v="50"/>
    <tag k="name" v="Grunerstraße"/>
    <tag k="name:etymology:wikidata" v="Q215507"/>
    <tag k="name:ja" v="グルネル通り"/>
    <tag k="oneway" v="yes"/>
    <tag k="parking:both" v="no"/>
    <tag k="postal_code" v="10179"/>
    <tag k="priority_road" v="designated"/>
    <tag k="ref" v="B 1"/>
    <tag k="sidewalk:left" v="no"/>
    <tag k="sidewalk:right" v="separate"/>
    <tag k="smoothness" v="good"/>
    <tag k="source:maxspeed" v="DE:urban"/>
    <tag k="surface" v="asphalt"/>
    <tag k="turn:lanes" v="none|through|right"/>
    <tag k="wikidata" v="Q1550809"/>
    <tag k="wikipedia" v="de:Grunerstraße (Berlin)"/>
    <tag k="zone:traffic" v="DE:urban"/>
  </way>
  <way id="82659291">
    <nd ref="10969815207"/>
    <nd ref="961816249"/>
    <nd ref="10189375725"/>
    <nd ref="3730797382"/>
    <tag k="crossing" v="traffic_signals"/>
    <tag k="footway" v="crossing"/>
    <tag k="highway" v="footway"/>
    <tag k="is_sidepath" v="yes"/>
    <tag k="is_sidepath:of" v="primary"/>
    <tag k="lit" v="yes"/>
    <tag k="postal_code" v="10178"/>
    <tag k="smoothness" v="good"/>
    <tag k="surface" v="asphalt"/>
    <tag k="tactile_paving" v="yes"/>
  </way>
  <way id="82659292">
    <nd ref="21432801"/>
    <nd ref="735967920"/>
    <tag k="bicycle" v="use_sidepath"/>
    <tag k="cycleway:left" v="no"/>
    <tag k="cycleway:right" v="separate"/>
    <tag k="dual_carriageway" v="yes"/>
    <tag k="foot" v="use_sidepath"/>
    <tag k="highway" v="secondary"/>
    <tag k="lanes" v="1"/>
    <tag k="lit" v="yes"/>
    <tag k="maxspeed" v="50"/>
    <tag k="name" v="Alexanderstraße"/>
    <tag k="name:etymology:wikidata" v="Q15193"/>
    <tag k="name:ja" v="アレクサンダー通り"/>
    <tag k="note" v="Übergeordnete Straße, Stufe I"/>
    <tag k="oneway" v="yes"/>
    <tag k="parking:both" v="no"/>
    <tag k="postal_code" v="10178"/>
    <tag k="sidewalk:left" v="no"/>
    <tag k="sidewalk:right" v="separate"/>
    <tag k="smoothness" v="good"/>
    <tag k="source:maxspeed" v="DE:urban"/>
    <tag k="surface" v="asphalt"/>
    <tag k="wikidata" v="Q17486182"/>
  </way>
  <way id="100944802">
    <nd ref="1273546310"/>
    <nd ref="7769466031"/>
    <nd ref="9828580265"/>
    <nd ref="12311574616"/>
    <nd ref="1166137172"/>
    <nd ref="12311574609"/>
    <nd ref="3527869958"/>
    <nd ref="3527869952"/>
    <nd ref="1166137166"/>
    <nd ref="12311574617"/>
    <nd ref="12311574602"/>
    <nd ref="7769466027"/>
    <nd ref="1166137168"/>
    <tag k="highway" v="service"/>
    <tag k="lit" v="yes"/>
    <tag k="maxspeed" v="30"/>
    <tag k="name" v="Alexanderstraße"/>
    <tag k="name:etymology:wikidata" v="Q15193"/>
    <tag k="name:ja" v="アレクサンダー通り"/>
    <tag k="oneway" v="yes"/>
    <tag k="parking:left" v="separate"/>
    <tag k="parking:right" v="no"/>
    <tag k="sidewalk" v="no"/>
    <tag k="smoothness" v="excellent"/>
    <tag k="surface" v="asphalt"/>
    <tag k="wikidata" v="Q17486182"/>
    <tag k="wikimedia_commons" v="Category:Alexanderstraße (Berlin-Mitte)"/>
  </way>
  <way id="106479421">
    <nd ref="196763698"/>
    <nd ref="9891723334"/>
    <nd ref="13334677270"/>
    <tag k="highway" v="footway"/>
    <tag k="lit" v="yes"/>
    <tag k="smoothness" v="good"/>
    <tag k="surface" v="paving_stones"/>
  </way>
  <way id="109819341">
    <nd ref="12437498294"/>
    <nd ref="12437498279"/>
    <nd ref="12437498282"/>
    <nd ref="12437498280"/>
    <nd ref="12437498295"/>
    <nd ref="3527869960"/>
    <nd ref="7769466026"/>
    <nd ref="11236453286"/>
    <tag k="footway" v="sidewalk"/>
    <tag k="highway" v="footway"/>
    <tag k="lit" v="yes"/>
    <tag k="smoothness" v="good"/>
    <tag k="surface" v="paving_stones"/>
  </way>
  <way id="112128423">
    <nd ref="2054664430"/>
    <nd ref="1104281016"/>
    <tag k="foot" v="no"/>
    <tag k="highway" v="service"/>
    <tag k="incline" v="down"/>
    <tag k="lit" v="yes"/>
    <tag k="maxspeed" v="50"/>
    <tag k="service" v="parking_aisle"/>
    <tag k="sidewalk" v="no"/>
    <tag k="smoothness" v="good"/>
    <tag k="surface" v="asphalt"/>
  </way>
  <way id="114133910">
    <nd ref="3733305310"/>
    <nd ref="2776837269"/>
    <nd ref="888375870"/>
    <nd ref="2776837301"/>
    <tag k="highway" v="corridor"/>
    <tag k="indoor" v="yes"/>
    <tag k="level" v="0"/>
    <tag k="lit" v="24/7"/>
  </way>
  <way id="114133914">
    <nd ref="3733305314"/>
    <nd ref="888375474"/>
    <nd ref="2776837384"/>
    <nd ref="196763698"/>
    <tag k="bicycle" v="no"/>
    <tag k="highway" v="corridor"/>
    <tag k="indoor" v="yes"/>
    <tag k="level" v="0"/>
    <tag k="lit" v="24/7"/>
    <tag k="surface" v="paving_stones"/>
    <tag k="tunnel" v="building_passage"/>
  </way>
  <way id="143201757">
    <nd ref="12437498299"/>
    <nd ref="5403954259"/>
    <tag k="bicycle" v="designated"/>
    <tag k="highway" v="cycleway"/>
    <tag k="lit" v="yes"/>
    <tag k="oneway" v="no"/>
    <tag k="smoothness" v="good"/>
    <tag k="source:width" v="Luftbild 2025"/>
    <tag k="surface" v="paving_stones"/>
    <tag k="traffic_sign" v="DE:237"/>
    <tag k="width" v="2"/>
  </way>
  <way id="163368988">
    <nd ref="667465428"/>
    <nd ref="3101344339"/>
    <nd ref="3101344340"/>
    <nd ref="1566942145"/>
    <nd ref="3056826813"/>
    <tag k="cycleway:left" v="no"/>
    <tag k="cycleway:right" v="lane"/>
    <tag k="cycleway:right:buffer:both" v="no"/>
    <tag k="cycleway:right:lane" v="advisory"/>
    <tag k="cycleway:right:marking:both" v="dashed_line"/>
    <tag k="cycleway:right:marking:left" v="dashed_line"/>
    <tag k="cycleway:right:marking:right" v="barred_area"/>
    <tag k="cycleway:right:oneway" v="yes"/>
    <tag k="cycleway:right:surface" v="asphalt"/>
    <tag k="cycleway:right:surface:colour" v="none"/>
    <tag k="cycleway:right:traffic_sign" v="none"/>
    <tag k="cycleway:right:width" v="1.5"/>
    <tag k="dual_carriageway" v="yes"/>
    <tag k="foot" v="use_sidepath"/>
    <tag k="highway" v="primary"/>
    <tag k="lanes" v="3"/>
    <tag k="lit" v="yes"/>
    <tag k="maxspeed" v="50"/>
    <tag k="name" v="Alexanderstraße"/>
    <tag k="name:etymology:wikidata" v="Q15193"/>
    <tag k="name:ja" v="アレクサンダー通り"/>
    <tag k="old_name" v="Alexanderstraße (22.05.1819-1933);Alexanderplatz (1933-01.02.2006)"/>
    <tag k="oneway" v="yes"/>
    <tag k="parking:both" v="no"/>
    <tag k="ref" v="B 2;B 5"/>
    <tag k="sidewalk:left" v="no"/>
    <tag k="sidewalk:right" v="separate"/>
    <tag k="smoothness" v="good"/>
    <tag k="source:cycleway:right:width" v="infra3D"/>
    <tag k="source:maxspeed" v="DE:urban"/>
    <tag k="surface" v="asphalt"/>
    <tag k="wikidata" v="Q17486182"/>
    <tag k="zone:traffic" v="DE:urban"/>
  </way>
  <way id="169195164">
    <nd ref="196761869"/>
    <nd ref="11394748899"/>
    <nd ref="13535541640"/>
    <nd ref="13535541641"/>
    <nd ref="6448068515"/>
    <tag k="footway" v="sidewalk"/>
    <tag k="highway" v="footway"/>
    <tag k="lit" v="yes"/>
    <tag k="smoothness" v="intermediate"/>
    <tag k="surface" v="sett"/>
  </way>
  <way id="169195791">
    <nd ref="3095536723"/>
    <nd ref="1860777042"/>
    <nd ref="13334720376"/>
    <nd ref="13105519347"/>
    <nd ref="8793912191"/>
    <nd ref="29219464"/>
    <tag k="bicycle" v="yes"/>
    <tag k="highway" v="pedestrian"/>
    <tag k="lit" v="yes"/>
    <tag k="name" v="Gontardstraße"/>
    <tag k="name:etymology:wikidata" v="Q68768"/>
    <tag k="name:ja" v="ゴンタルド通り"/>
    <tag k="parking:both" v="no"/>
    <tag k="postal_code" v="10178"/>
    <tag k="smoothness" v="good"/>
    <tag k="surface" v="paving_stones"/>
    <tag k="wikidata" v="Q65550766"/>
    <tag k="wikimedia_commons" v="Category:Gontardstraße (Berlin-Mitte)"/>
  </way>
  <way id="169230291">
    <nd ref="13334677270"/>
    <nd ref="2777303217"/>
    <nd ref="1860777050"/>
    <nd ref="2777303216"/>
    <nd ref="1860777043"/>
    <nd ref="1803917777"/>
    <nd ref="13334720377"/>
    <nd ref="1803917769"/>
    <nd ref="3527866824"/>
    <nd ref="11247145901"/>
    <nd ref="196763703"/>
    <tag k="highway" v="footway"/>
    <tag k="level" v="0"/>
    <tag k="lit" v="yes"/>
    <tag k="smoothness" v="good"/>
    <tag k="surface" v="paving_stones"/>
  </way>
  <way id="171826984">
    <nd ref="1827996414"/>
    <nd ref="5446414921"/>
    <nd ref="1827996501"/>
    <nd ref="3182529370"/>
    <nd ref="6447810043"/>
    <nd ref="11732225637"/>
    <nd ref="11732225639"/>
    <nd ref="768074068"/>
    <tag k="cycleway:left" v="no"/>
    <tag k="cycleway:right" v="share_busway"/>
    <tag k="cycleway:right:oneway" v="yes"/>
    <tag k="cycleway:right:surface" v="asphalt"/>
    <tag k="cycleway:right:surface:colour" v="none"/>
    <tag k="cycleway:right:traffic_sign" v="DE:245,1022-10"/>
    <tag k="cycleway:right:width" v="4"/>
    <tag k="foot" v="use_sidepath"/>
    <tag k="highway" v="primary"/>
    <tag k="lanes" v="3"/>
    <tag k="lit" v="yes"/>
    <tag k="maxspeed" v="50"/>
    <tag k="name" v="Karl-Liebknecht-Straße"/>
    <tag k="name:etymology:wikidata" v="Q75886"/>
    <tag k="oneway" v="yes"/>
    <tag k="parking:both" v="no"/>
    <tag k="parking:left:reason" v="dual_carriage"/>
    <tag k="ref" v="B 2;B 5"/>
    <tag k="sidewalk:left" v="no"/>
    <tag k="sidewalk:right" v="separate"/>
    <tag k="smoothness" v="excellent"/>
    <tag k="source:cycleway:right:width" v="infra3D 2021/22"/>
    <tag k="surface" v="asphalt"/>
    <tag k="wikidata" v="Q551773"/>
    <tag k="wikimedia_commons" v="Category:Karl-Liebknecht-Straße (Berlin-Mitte)"/>
    <tag k="wikipedia" v="en:Karl-Liebknecht-Straße"/>
    <tag k="zone:traffic" v="DE:urban"/>
  </way>
  <way id="175499828">
    <nd ref="1860777043"/>
    <nd ref="2777312027"/>
    <nd ref="1621775517"/>
    <nd ref="4565322443"/>
    <nd ref="4565322442"/>
    <nd ref="1621775512"/>
    <nd ref="2777312026"/>
    <nd ref="1860777042"/>
    <tag k="highway" v="footway"/>
    <tag k="lit" v="yes"/>
    <tag k="smoothness" v="good"/>
    <tag k="surface" v="paving_stones"/>
  </way>
  <way id="175499833">
    <nd ref="1860777050"/>
    <nd ref="2777312029"/>
    <nd ref="1621775524"/>
    <nd ref="4565322444"/>
    <nd ref="4565322445"/>
    <nd ref="1621775521"/>
    <nd ref="2777312028"/>
    <nd ref="1860777044"/>
    <tag k="highway" v="footway"/>
    <tag k="lit" v="yes"/>
    <tag k="smoothness" v="excellent"/>
    <tag k="surface" v="paving_stones"/>
  </way>
  <way id="188044903">
    <nd ref="1986668243"/>
    <nd ref="3163433363"/>
    <nd ref="2951795004"/>
    <tag k="bicycle" v="optional_sidepath"/>
    <tag k="cycleway:left" v="no"/>
    <tag k="cycleway:right" v="separate"/>
    <tag k="destination:lanes" v="Prenzlau;Prenzlauer Berg|Prenzlau;Prenzlauer Berg|Prenzlau;Prenzlauer Berg|Weißensee|Lichtenberg;Friedrichshain"/>
    <tag k="destination:ref:lanes" v="||||B 1;B 5"/>
    <tag k="destination:ref:to:lanes" v="A 114|A 114|A 114||A 10"/>
    <tag k="destination:symbol:to:lanes" v="motorway|motorway|motorway||motorway"/>
    <tag k="destination:to:lanes" v="Hamburg|Hamburg|Hamburg||Frankfurt (Oder)"/>
    <tag k="dual_carriageway" v="yes"/>
    <tag k="foot" v="use_sidepath"/>
    <tag k="highway" v="primary"/>
    <tag k="lanes" v="5"/>
    <tag k="lit" v="yes"/>
    <tag k="maxspeed" v="50"/>
    <tag k="name" v="Alexanderstraße"/>
    <tag k="name:etymology:wikidata" v="Q15193"/>
    <tag k="name:ja" v="アレクサンダー通り"/>
    <tag k="oneway" v="yes"/>
    <tag k="parking:both" v="no"/>
    <tag k="parking:right:restriction" v="no_stopping"/>
    <tag k="placement" v="middle_of:4"/>
    <tag k="postal_code" v="10178"/>
    <tag k="ref" v="B 1"/>
    <tag k="sidewalk:left" v="no"/>
    <tag k="sidewalk:right" v="separate"/>
    <tag k="smoothness" v="excellent"/>
    <tag k="source:maxspeed" v="DE:urban"/>
    <tag k="surface" v="asphalt"/>
    <tag k="turn:lanes" v="left|left|through|right|right"/>
    <tag k="wikidata" v="Q17486182"/>
    <tag k="zone:traffic" v="DE:urban"/>
  </way>
  <way id="188046016">
    <nd ref="735967923"/>
    <nd ref="3178759584"/>
    <nd ref="10189375727"/>
    <nd ref="735967920"/>
    <tag k="cycleway:left" v="no"/>
    <tag k="cycleway:right" v="lane"/>
    <tag k="cycleway:right:buffer:both" v="no"/>
    <tag k="cycleway:right:lane" v="exclusive"/>
    <tag k="cycleway:right:marking:both" v="dashed_line"/>
    <tag k="cycleway:right:oneway" v="yes"/>
    <tag k="cycleway:right:surface" v="asphalt"/>
    <tag k="cycleway:right:surface:colour" v="red"/>
    <tag k="cycleway:right:traffic_sign" v="none"/>
    <tag k="cycleway:right:width" v="1.5"/>
    <tag k="dual_carriageway" v="yes"/>
    <tag k="foot" v="use_sidepath"/>
    <tag k="highway" v="primary"/>
    <tag k="lanes" v="5"/>
    <tag k="lit" v="yes"/>
    <tag k="maxspeed" v="50"/>
    <tag k="name" v="Alexanderstraße"/>
    <tag k="name:etymology:wikidata" v="Q15193"/>
    <tag k="name:ja" v="アレクサンダー通り"/>
    <tag k="oneway" v="yes"/>
    <tag k="parking:both" v="no"/>
    <tag k="parking:right:restriction" v="no_stopping"/>
    <tag k="placement" v="middle_of:4"/>
    <tag k="postal_code" v="10178"/>
    <tag k="ref" v="B 1"/>
    <tag k="sidewalk:left" v="no"/>
    <tag k="sidewalk:right" v="separate"/>
    <tag k="smoothness" v="good"/>
    <tag k="source:cycleway:right:width" v="Luftbild 2025"/>
    <tag k="source:maxspeed" v="DE:urban"/>
    <tag k="surface" v="asphalt"/>
    <tag k="turn:lanes" v="left|left|through|through|none"/>
    <tag k="wikidata" v="Q17486182"/>
    <tag k="zone:traffic" v="DE:urban"/>
  </way>
  <way id="188047750">
    <nd ref="28795321"/>
    <nd ref="322093198"/>
    <tag k="bicycle" v="optional_sidepath"/>
    <tag k="cycleway:left" v="no"/>
    <tag k="cycleway:right" v="separate"/>
    <tag k="dual_carriageway" v="yes"/>
    <tag k="foot" v="use_sidepath"/>
    <tag k="highway" v="secondary"/>
    <tag k="lanes" v="3"/>
    <tag k="lit" v="yes"/>
    <tag k="maxspeed" v="50"/>
    <tag k="name" v="Alexanderstraße"/>
    <tag k="name:etymology:wikidata" v="Q15193"/>
    <tag k="name:ja" v="アレクサンダー通り"/>
    <tag k="note" v="Übergeordnete Straße, Stufe I"/>
    <tag k="oneway" v="yes"/>
    <tag k="parking:both" v="no"/>
    <tag k="parking:right:restriction" v="no_stopping"/>
    <tag k="postal_code" v="10179"/>
    <tag k="priority_road" v="yes_unposted"/>
    <tag k="sidewalk:left" v="no"/>
    <tag k="sidewalk:right" v="separate"/>
    <tag k="smoothness" v="good"/>
    <tag k="source:maxspeed" v="DE:urban"/>
    <tag k="surface" v="asphalt"/>
    <tag k="turn:lanes" v="left|right|right"/>
    <tag k="wikidata" v="Q17486182"/>
  </way>
  <way id="194962375">
    <nd ref="12919580025"/>
    <nd ref="5747234979"/>
    <nd ref="12919580024"/>
    <tag k="check_date:cycleway" v="2024-12-31"/>
    <tag k="cycleway:both" v="no"/>
    <tag k="foot" v="use_sidepath"/>
    <tag k="highway" v="residential"/>
    <tag k="lit" v="yes"/>
    <tag k="maxspeed" v="30"/>
    <tag k="name" v="Rathausstraße"/>
    <tag k="name:etymology:wikidata" v="Q155210"/>
    <tag k="old_name" v="Königstraße"/>
    <tag k="parking:both" v="lane"/>
    <tag k="parking:both:orientation" v="parallel"/>
    <tag k="parking:left:fee" v="yes"/>
    <tag k="parking:left:fee:conditional" v="no @ (Mo-Sa 00:00-09:00,22:00-24:00; Su)"/>
    <tag k="parking:left:zone" v="3"/>
    <tag k="parking:right:fee" v="no"/>
    <tag k="parking:right:restriction" v="loading_only"/>
    <tag k="postal_code" v="10178"/>
    <tag k="sidewalk:both" v="separate"/>
    <tag k="smoothness" v="excellent"/>
    <tag k="source:width" v="ARCore"/>
    <tag k="surface" v="asphalt"/>
    <tag k="width" v="12.3"/>
    <tag k="wikidata" v="Q1689577"/>
    <tag k="wikimedia_commons" v="Category:Rathausstraße (Berlin-Mitte)"/>
    <tag k="wikipedia" v="de:Rathausstraße (Berlin)"/>
  </way>
  <way id="195401006">
    <nd ref="1987191204"/>
    <nd ref="13907381360"/>
    <nd ref="2058497150"/>
    <tag k="covered" v="yes"/>
    <tag k="cycleway:left" v="no"/>
    <tag k="cycleway:right" v="share_busway"/>
    <tag k="cycleway:right:oneway" v="yes"/>
    <tag k="cycleway:right:width" v="2.7"/>
    <tag k="foot" v="use_sidepath"/>
    <tag k="highway" v="primary"/>
    <tag k="lanes" v="3"/>
    <tag k="lit" v="yes"/>
    <tag k="maxheight" v="default"/>
    <tag k="maxspeed" v="50"/>
    <tag k="name" v="Karl-Liebknecht-Straße"/>
    <tag k="name:etymology:wikidata" v="Q75886"/>
    <tag k="oneway" v="yes"/>
    <tag k="parking:both" v="no"/>
    <tag k="ref" v="B 2;B 5"/>
    <tag k="sidewalk:left" v="no"/>
    <tag k="sidewalk:right" v="separate"/>
    <tag k="smoothness" v="good"/>
    <tag k="source:cycleway:right:width" v="Luftbild 2024"/>
    <tag k="surface" v="asphalt"/>
    <tag k="wikidata" v="Q551773"/>
    <tag k="wikimedia_commons" v="Category:Karl-Liebknecht-Straße (Berlin-Mitte)"/>
    <tag k="wikipedia" v="en:Karl-Liebknecht-Straße"/>
    <tag k="zone:traffic" v="DE:urban"/>
  </way>
  <way id="195401010">
    <nd ref="2058497175"/>
    <nd ref="2058497143"/>
    <tag k="covered" v="yes"/>
    <tag k="cycleway:left" v="no"/>
    <tag k="cycleway:right" v="share_busway"/>
    <tag k="cycleway:right:oneway" v="yes"/>
    <tag k="cycleway:right:width" v="3.3"/>
    <tag k="foot" v="use_sidepath"/>
    <tag k="highway" v="primary"/>
    <tag k="lanes" v="3"/>
    <tag k="lit" v="yes"/>
    <tag k="maxheight" v="default"/>
    <tag k="maxspeed" v="50"/>
    <tag k="name" v="Karl-Liebknecht-Straße"/>
    <tag k="name:etymology:wikidata" v="Q75886"/>
    <tag k="oneway" v="yes"/>
    <tag k="parking:both" v="no"/>
    <tag k="ref" v="B 2;B 5"/>
    <tag k="sidewalk:left" v="no"/>
    <tag k="sidewalk:right" v="separate"/>
    <tag k="smoothness" v="good"/>
    <tag k="source:cycleway:right:width" v="Luftbild 2024"/>
    <tag k="surface" v="asphalt"/>
    <tag k="wikidata" v="Q551773"/>
    <tag k="wikimedia_commons" v="Category:Karl-Liebknecht-Straße (Berlin-Mitte)"/>
    <tag k="wikipedia" v="en:Karl-Liebknecht-Straße"/>
    <tag k="zone:traffic" v="DE:urban"/>
  </way>
  <way id="195401013">
    <nd ref="2058497143"/>
    <nd ref="526812433"/>
    <nd ref="4554486920"/>
    <nd ref="3792418626"/>
    <nd ref="9891723320"/>
    <nd ref="270727248"/>
    <tag k="cycleway:left" v="no"/>
    <tag k="cycleway:right" v="share_busway"/>
    <tag k="cycleway:right:oneway" v="yes"/>
    <tag k="cycleway:right:width" v="3.3"/>
    <tag k="foot" v="use_sidepath"/>
    <tag k="highway" v="primary"/>
    <tag k="lanes" v="3"/>
    <tag k="lit" v="yes"/>
    <tag k="maxspeed" v="50"/>
    <tag k="name" v="Karl-Liebknecht-Straße"/>
    <tag k="name:etymology:wikidata" v="Q75886"/>
    <tag k="oneway" v="yes"/>
    <tag k="parking:both" v="no"/>
    <tag k="parking:left:reason" v="dual_carriage"/>
    <tag k="ref" v="B 2;B 5"/>
    <tag k="sidewalk:left" v="no"/>
    <tag k="sidewalk:right" v="separate"/>
    <tag k="smoothness" v="good"/>
    <tag k="source:cycleway:right:width" v="Luftbild 2024"/>
    <tag k="surface" v="asphalt"/>
    <tag k="wikidata" v="Q551773"/>
    <tag k="wikimedia_commons" v="Category:Karl-Liebknecht-Straße (Berlin-Mitte)"/>
    <tag k="wikipedia" v="en:Karl-Liebknecht-Straße"/>
    <tag k="zone:traffic" v="DE:urban"/>
  </way>
  <way id="195401017">
    <nd ref="2058497150"/>
    <nd ref="4547201158"/>
    <nd ref="735963001"/>
    <nd ref="1615531694"/>
    <nd ref="27411306"/>
    <tag k="cycleway:left" v="no"/>
    <tag k="cycleway:right" v="share_busway"/>
    <tag k="cycleway:right:oneway" v="yes"/>
    <tag k="cycleway:right:width" v="2.7"/>
    <tag k="foot" v="use_sidepath"/>
    <tag k="highway" v="primary"/>
    <tag k="lanes" v="3"/>
    <tag k="lit" v="yes"/>
    <tag k="maxspeed" v="50"/>
    <tag k="name" v="Karl-Liebknecht-Straße"/>
    <tag k="name:etymology:wikidata" v="Q75886"/>
    <tag k="oneway" v="yes"/>
    <tag k="parking:both" v="no"/>
    <tag k="ref" v="B 2;B 5"/>
    <tag k="sidewalk:left" v="no"/>
    <tag k="sidewalk:right" v="separate"/>
    <tag k="smoothness" v="excellent"/>
    <tag k="source:cycleway:right:width" v="Luftbild 2024"/>
    <tag k="surface" v="asphalt"/>
    <tag k="wikidata" v="Q551773"/>
    <tag k="wikimedia_commons" v="Category:Karl-Liebknecht-Straße (Berlin-Mitte)"/>
    <tag k="wikipedia" v="en:Karl-Liebknecht-Straße"/>
    <tag k="zone:traffic" v="DE:urban"/>
  </way>
  <way id="195407521">
    <nd ref="768038173"/>
    <nd ref="5931763566"/>
    <tag k="cycleway:left" v="no"/>
    <tag k="cycleway:right" v="lane"/>
    <tag k="cycleway:right:lane" v="exclusive"/>
    <tag k="dual_carriageway" v="yes"/>
    <tag k="foot" v="use_sidepath"/>
    <tag k="highway" v="primary"/>
    <tag k="lanes" v="2"/>
    <tag k="lit" v="yes"/>
    <tag k="maxheight" v="default"/>
    <tag k="maxspeed" v="30"/>
    <tag k="name" v="Grunerstraße"/>
    <tag k="name:etymology:wikidata" v="Q215507"/>
    <tag k="name:ja" v="グルネル通り"/>
    <tag k="oneway" v="yes"/>
    <tag k="parking:both" v="no"/>
    <tag k="parking:right:restriction" v="no_stopping"/>
    <tag k="postal_code" v="10178"/>
    <tag k="ref" v="B 1"/>
    <tag k="sidewalk:left" v="no"/>
    <tag k="sidewalk:right" v="separate"/>
    <tag k="smoothness" v="good"/>
    <tag k="source:maxspeed" v="DE:urban"/>
    <tag k="surface" v="asphalt"/>
    <tag k="wikidata" v="Q1550809"/>
    <tag k="wikimedia_commons" v="Category:Grunerstraße (Berlin-Mitte)"/>
    <tag k="wikipedia" v="de:Grunerstraße (Berlin)"/>
    <tag k="zone:traffic" v="DE:urban"/>
  </way>
  <way id="199426766">
    <nd ref="2094283181"/>
    <nd ref="2094283182"/>
    <tag k="highway" v="steps"/>
    <tag k="incline" v="up"/>
    <tag k="indoor" v="yes"/>
    <tag k="level" v="-5;-1"/>
    <tag k="lit" v="24/7"/>
    <tag k="tunnel" v="yes"/>
  </way>
  <way id="199426768">
    <nd ref="2094267029"/>
    <nd ref="616476681"/>
    <nd ref="2777296590"/>
    <tag k="highway" v="footway"/>
    <tag k="layer" v="-1"/>
    <tag k="level" v="-1"/>
    <tag k="lit" v="yes"/>
    <tag k="smoothness" v="good"/>
    <tag k="surface" v="paving_stones"/>
    <tag k="tunnel" v="yes"/>
  </way>
  <way id="199434277">
    <nd ref="2094392738"/>
    <nd ref="1840339724"/>
    <tag k="highway" v="steps"/>
    <tag k="incline" v="up"/>
    <tag k="indoor" v="yes"/>
    <tag k="level" v="0;-1"/>
    <tag k="lit" v="24/7"/>
  </way>
  <way id="199485599">
    <nd ref="315294363"/>
    <nd ref="2094735912"/>
    <tag k="highway" v="steps"/>
    <tag k="incline" v="down"/>
    <tag k="indoor" v="yes"/>
    <tag k="level" v="0;-1"/>
    <tag k="lit" v="yes"/>
  </way>
  <way id="202157012">
    <nd ref="2121324881"/>
    <nd ref="2121324896"/>
    <tag k="highway" v="footway"/>
    <tag k="lit" v="yes"/>
    <tag k="smoothness" v="good"/>
    <tag k="surface" v="paving_stones"/>
  </way>
  <way id="202157028">
    <nd ref="10196188861"/>
    <nd ref="2121324889"/>
    <nd ref="2121324881"/>
    <nd ref="2121324880"/>
    <nd ref="3151820959"/>
    <tag k="highway" v="footway"/>
    <tag k="lit" v="yes"/>
    <tag k="smoothness" v="excellent"/>
    <tag k="surface" v="paving_stones"/>
  </way>
  <way id="202162473">
    <nd ref="2054664417"/>
    <nd ref="6714506679"/>
    <nd ref="6714506672"/>
    <nd ref="12610401001"/>
    <nd ref="262819307"/>
    <tag k="highway" v="service"/>
    <tag k="lit" v="yes"/>
    <tag k="maxspeed" v="30"/>
    <tag k="postal_code" v="10178"/>
    <tag k="service" v="driveway"/>
  </way>
  <way id="202162477">
    <nd ref="4763685854"/>
    <nd ref="667465428"/>
    <nd ref="11236453288"/>
    <tag k="crossing" v="traffic_signals"/>
    <tag k="crossing:island" v="no"/>
    <tag k="crossing:markings" v="dashes"/>
    <tag k="footway" v="crossing"/>
    <tag k="highway" v="footway"/>
    <tag k="lit" v="yes"/>
    <tag k="surface" v="asphalt"/>
  </way>
  <way id="234319314">
    <nd ref="2425782608"/>
    <nd ref="2425782616"/>
    <tag k="highway" v="footway"/>
    <tag k="lit" v="yes"/>
    <tag k="smoothness" v="good"/>
    <tag k="surface" v="paving_stones"/>
  </way>
  <way id="234463933">
    <nd ref="2425782608"/>
    <nd ref="2425782607"/>
    <tag k="highway" v="footway"/>
    <tag k="lit" v="yes"/>
    <tag k="smoothness" v="good"/>
    <tag k="surface" v="paving_stones"/>
  </way>
  <way id="246051059">
    <nd ref="2531338707"/>
    <nd ref="10969821840"/>
    <nd ref="2531338705"/>
    <tag k="footway" v="sidewalk"/>
    <tag k="highway" v="footway"/>
    <tag k="lit" v="opposite"/>
    <tag k="paving_stones:width" v="75"/>
    <tag k="postal_code" v="10179"/>
    <tag k="smoothness" v="excellent"/>
    <tag k="surface" v="paving_stones"/>
  </way>
  <way id="263821578">
    <nd ref="2694711506"/>
    <nd ref="6447331771"/>
    <tag k="access" v="permissive"/>
    <tag k="bicycle" v="yes"/>
    <tag k="highway" v="service"/>
    <tag k="lit" v="yes"/>
    <tag k="maxspeed" v="20"/>
    <tag k="noname" v="yes"/>
    <tag k="service" v="driveway"/>
    <tag k="surface" v="sett"/>
    <tag k="vehicle" v="destination"/>
  </way>
  <way id="266572296">
    <nd ref="962009695"/>
    <nd ref="3157422266"/>
    <tag k="bicycle" v="no"/>
    <tag k="dog" v="leashed"/>
    <tag k="highway" v="footway"/>
    <tag k="lit" v="yes"/>
    <tag k="surface" v="paving_stones"/>
  </way>
  <way id="266572297">
    <nd ref="2721065869"/>
    <nd ref="12035159954"/>
    <nd ref="2017413832"/>
    <nd ref="9213873344"/>
    <nd ref="2721065875"/>
    <tag k="highway" v="footway"/>
    <tag k="lit" v="yes"/>
    <tag k="smoothness" v="good"/>
    <tag k="surface" v="paving_stones"/>
  </way>
  <way id="272757258">
    <nd ref="9687727225"/>
    <nd ref="9687727226"/>
    <nd ref="2776837206"/>
    <nd ref="9687727218"/>
    <nd ref="2776837213"/>
    <nd ref="9687727219"/>
    <nd ref="2776837219"/>
    <nd ref="2776837223"/>
    <nd ref="2776837227"/>
    <nd ref="2776837228"/>
    <nd ref="2776837225"/>
    <nd ref="2776837220"/>
    <nd ref="9687727220"/>
    <nd ref="2776837217"/>
    <nd ref="2776837210"/>
    <nd ref="9687727221"/>
    <nd ref="2776837202"/>
    <nd ref="9687727222"/>
    <nd ref="2776837197"/>
    <nd ref="9687727223"/>
    <nd ref="9687727227"/>
    <nd ref="2776837188"/>
    <nd ref="9687727224"/>
    <nd ref="2776837189"/>
    <nd ref="2776837198"/>
    <nd ref="9687727225"/>
    <tag k="highway" v="corridor"/>
    <tag k="indoor" v="yes"/>
    <tag k="level" v="-0.5"/>
    <tag k="lit" v="24/7"/>
  </way>
  <way id="272757259">
    <nd ref="2776837354"/>
    <nd ref="2776837363"/>
    <tag k="conveying" v="forward"/>
    <tag k="highway" v="steps"/>
    <tag k="incline" v="up"/>
    <tag k="indoor" v="yes"/>
    <tag k="level" v="0;1"/>
    <tag k="manufacturer" v="ThyssenKrupp Fahrtreppen"/>
    <tag k="operator" v="DB Station&amp;Service AG"/>
    <tag k="ref:manufacturer_inventory" v="65604749000100-001"/>
    <tag k="ref:operator_inventory" v="10437766"/>
    <tag k="source" v="http://data.deutschebahn.com"/>
    <tag k="source:width" v="Luftbild 2025"/>
    <tag k="width" v="1.5"/>
  </way>
  <way id="272757260">
    <nd ref="2776837225"/>
    <nd ref="2776837230"/>
    <tag k="highway" v="corridor"/>
    <tag k="indoor" v="yes"/>
    <tag k="level" v="-0.5"/>
    <tag k="lit" v="24/7"/>
  </way>
  <way id="272757261">
    <nd ref="3808684900"/>
    <nd ref="2776837268"/>
    <nd ref="3808684901"/>
    <tag k="highway" v="corridor"/>
    <tag k="indoor" v="yes"/>
    <tag k="level" v="1"/>
    <tag k="lit" v="yes"/>
    <tag k="surface" v="paving_stones"/>
  </way>
  <way id="272757262">
    <nd ref="2776837398"/>
    <nd ref="2776837390"/>
    <tag k="access" v="yes"/>
    <tag k="conveying" v="forward"/>
    <tag k="highway" v="steps"/>
    <tag k="incline" v="up"/>
    <tag k="indoor" v="yes"/>
    <tag k="level" v="0;1"/>
    <tag k="lit" v="yes"/>
    <tag k="manufacturer" v="ThyssenKrupp Fahrtreppen"/>
    <tag k="operator" v="DB InfraGO AG"/>
    <tag k="ref:operator_inventory" v="10435418"/>
    <tag k="ref:station" v="53"/>
    <tag k="source" v="http://data.deutschebahn.com"/>
  </way>
  <way id="272757263">
    <nd ref="2776837186"/>
    <nd ref="2776837176"/>
    <tag k="highway" v="steps"/>
    <tag k="incline" v="up"/>
    <tag k="indoor" v="yes"/>
    <tag k="level" v="-0.5;0"/>
    <tag k="lit" v="24/7"/>
    <tag k="step_count" v="10"/>
  </way>
  <way id="272757264">
    <nd ref="2776837326"/>
    <nd ref="2776837338"/>
    <tag k="highway" v="corridor"/>
    <tag k="indoor" v="yes"/>
    <tag k="level" v="0"/>
    <tag k="lit" v="24/7"/>
    <tag k="surface" v="paving_stones"/>
  </way>
  <way id="272757265">
    <nd ref="2776837361"/>
    <nd ref="2776837369"/>
    <nd ref="2776837378"/>
    <tag k="highway" v="corridor"/>
    <tag k="indoor" v="yes"/>
    <tag k="level" v="1"/>
    <tag k="surface" v="paving_stones"/>
  </way>
  <way id="272757266">
    <nd ref="2776837294"/>
    <nd ref="2776837310"/>
    <tag k="access" v="yes"/>
    <tag k="conveying" v="backward"/>
    <tag k="highway" v="steps"/>
    <tag k="incline" v="up"/>
    <tag k="indoor" v="yes"/>
    <tag k="level" v="0;1"/>
    <tag k="lit" v="yes"/>
    <tag k="manufacturer" v="ThyssenKrupp Fahrtreppen"/>
    <tag k="operator" v="DB InfraGO AG"/>
    <tag k="ref:operator_inventory" v="10431463"/>
    <tag k="ref:station" v="53"/>
    <tag k="source" v="http://data.deutschebahn.com"/>
    <tag k="surface" v="paving_stones"/>
  </way>
  <way id="272757267">
    <nd ref="2776837219"/>
    <nd ref="2776837221"/>
    <tag k="highway" v="corridor"/>
    <tag k="indoor" v="yes"/>
    <tag k="level" v="-0.5"/>
    <tag k="lit" v="24/7"/>
  </way>
  <way id="272757268">
    <nd ref="2776837380"/>
    <nd ref="2776837388"/>
    <nd ref="2776837394"/>
    <tag k="highway" v="corridor"/>
    <tag k="indoor" v="yes"/>
    <tag k="level" v="1"/>
    <tag k="lit" v="yes"/>
    <tag k="surface" v="paving_stones"/>
  </way>
  <way id="272757269">
    <nd ref="2776837221"/>
    <nd ref="2776837240"/>
    <tag k="highway" v="steps"/>
    <tag k="incline" v="up"/>
    <tag k="indoor" v="yes"/>
    <tag k="level" v="-0.5;0"/>
    <tag k="lit" v="24/7"/>
    <tag k="step_count" v="10"/>
  </way>
  <way id="272757270">
    <nd ref="2776837273"/>
    <nd ref="2776837303"/>
    <tag k="access" v="yes"/>
    <tag k="conveying" v="backward"/>
    <tag k="highway" v="steps"/>
    <tag k="incline" v="up"/>
    <tag k="indoor" v="yes"/>
    <tag k="level" v="-1;0"/>
    <tag k="lit" v="yes"/>
    <tag k="operator" v="DB InfraGO AG"/>
    <tag k="ref:operator_inventory" v="10431462"/>
    <tag k="ref:station" v="53"/>
  </way>
  <way id="272757271">
    <nd ref="2776837328"/>
    <nd ref="2776837337"/>
    <nd ref="2776837342"/>
    <tag k="highway" v="corridor"/>
    <tag k="indoor" v="yes"/>
    <tag k="level" v="1"/>
    <tag k="lit" v="yes"/>
    <tag k="surface" v="paving_stones"/>
  </way>
  <way id="272757272">
    <nd ref="2776837177"/>
    <nd ref="2776837194"/>
    <tag k="highway" v="steps"/>
    <tag k="incline" v="up"/>
    <tag k="indoor" v="yes"/>
    <tag k="level" v="-1;-0.5"/>
    <tag k="lit" v="24/7"/>
    <tag k="step_count" v="13"/>
  </way>
  <way id="272757273">
    <nd ref="2776837333"/>
    <nd ref="2776837334"/>
    <tag k="highway" v="corridor"/>
    <tag k="indoor" v="yes"/>
    <tag k="level" v="1"/>
    <tag k="surface" v="paving_stones"/>
  </way>
  <way id="272757274">
    <nd ref="2776837323"/>
    <nd ref="2776837334"/>
    <tag k="access" v="yes"/>
    <tag k="conveying" v="forward"/>
    <tag k="highway" v="steps"/>
    <tag k="incline" v="up"/>
    <tag k="indoor" v="yes"/>
    <tag k="level" v="0;1"/>
    <tag k="lit" v="yes"/>
    <tag k="manufacturer" v="ThyssenKrupp Fahrtreppen"/>
    <tag k="operator" v="DB InfraGO AG"/>
    <tag k="ref:manufacturer_inventory" v="65604733-00100-002"/>
    <tag k="ref:operator_inventory" v="10431309"/>
    <tag k="ref:station" v="53"/>
    <tag k="source" v="http://data.deutschebahn.com"/>
    <tag k="source:width" v="Luftbild 2025"/>
    <tag k="surface" v="metal"/>
    <tag k="width" v="1"/>
  </way>
  <way id="272757275">
    <nd ref="2776837147"/>
    <nd ref="3527866824"/>
    <tag k="covered" v="yes"/>
    <tag k="highway" v="footway"/>
    <tag k="level" v="0"/>
    <tag k="lit" v="yes"/>
    <tag k="smoothness" v="intermediate"/>
    <tag k="surface" v="sett"/>
  </way>
  <way id="272757276">
    <nd ref="2776837291"/>
    <nd ref="2776837300"/>
    <nd ref="3808684903"/>
    <tag k="highway" v="corridor"/>
    <tag k="indoor" v="yes"/>
    <tag k="level" v="1"/>
    <tag k="lit" v="yes"/>
    <tag k="surface" v="paving_stones"/>
  </way>
  <way id="272757277">
    <nd ref="2776837278"/>
    <nd ref="2776837304"/>
    <tag k="access" v="yes"/>
    <tag k="conveying" v="forward"/>
    <tag k="highway" v="steps"/>
    <tag k="incline" v="up"/>
    <tag k="indoor" v="yes"/>
    <tag k="level" v="-1;0"/>
    <tag k="lit" v="yes"/>
    <tag k="manufacturer" v="ThyssenKrupp Fahrtreppen"/>
    <tag k="operator" v="DB InfraGO AG"/>
    <tag k="ref:manufacturer_inventory" v="65604745-00100-001"/>
    <tag k="ref:operator_inventory" v="10431461"/>
    <tag k="ref:station" v="53"/>
    <tag k="source" v="http://data.deutschebahn.com"/>
    <tag k="source:width" v="Luftbild 2025"/>
    <tag k="width" v="1"/>
  </way>
  <way id="272757278">
    <nd ref="2776837217"/>
    <nd ref="2776837218"/>
    <tag k="highway" v="corridor"/>
    <tag k="indoor" v="yes"/>
    <tag k="level" v="-0.5"/>
    <tag k="lit" v="24/7"/>
  </way>
  <way id="272757279">
    <nd ref="2776837200"/>
    <nd ref="2776837201"/>
    <tag k="highway" v="steps"/>
    <tag k="incline" v="up"/>
    <tag k="indoor" v="yes"/>
    <tag k="level" v="-1;-0.5"/>
    <tag k="lit" v="24/7"/>
    <tag k="step_count" v="13"/>
  </way>
  <way id="272757280">
    <nd ref="2776837381"/>
    <nd ref="2776837370"/>
    <tag k="access" v="yes"/>
    <tag k="conveying" v="forward"/>
    <tag k="highway" v="steps"/>
    <tag k="incline" v="up"/>
    <tag k="indoor" v="yes"/>
    <tag k="level" v="0;1"/>
    <tag k="lit" v="yes"/>
    <tag k="manufacturer" v="ThyssenKrupp Fahrtreppen"/>
    <tag k="operator" v="DB InfraGO AG"/>
    <tag k="ref:manufacturer_inventory" v="65604750-00100-002"/>
    <tag k="ref:operator_inventory" v="10435412"/>
    <tag k="ref:station" v="53"/>
    <tag k="source" v="http://data.deutschebahn.com"/>
  </way>
  <way id="272757281">
    <nd ref="2776837230"/>
    <nd ref="2776837246"/>
    <tag k="highway" v="steps"/>
    <tag k="incline" v="up"/>
    <tag k="indoor" v="yes"/>
    <tag k="level" v="-0.5;0"/>
    <tag k="lit" v="24/7"/>
    <tag k="step_count" v="10"/>
  </way>
  <way id="272757282">
    <nd ref="2776837314"/>
    <nd ref="2776837312"/>
    <tag k="highway" v="corridor"/>
    <tag k="indoor" v="yes"/>
    <tag k="level" v="1"/>
    <tag k="surface" v="paving_stones"/>
  </way>
  <way id="272757285">
    <nd ref="2776837204"/>
    <nd ref="2776837195"/>
    <tag k="highway" v="steps"/>
    <tag k="incline" v="up"/>
    <tag k="indoor" v="yes"/>
    <tag k="level" v="-0.5;0"/>
    <tag k="lit" v="24/7"/>
    <tag k="step_count" v="10"/>
  </way>
  <way id="272757286">
    <nd ref="2776837256"/>
    <nd ref="2776837266"/>
    <tag k="highway" v="steps"/>
    <tag k="incline" v="up"/>
    <tag k="indoor" v="yes"/>
    <tag k="level" v="0;1"/>
  </way>
  <way id="272757287">
    <nd ref="2776837383"/>
    <nd ref="2776837372"/>
    <tag k="access" v="yes"/>
    <tag k="conveying" v="backward"/>
    <tag k="highway" v="steps"/>
    <tag k="incline" v="up"/>
    <tag k="indoor" v="yes"/>
    <tag k="level" v="0;1"/>
    <tag k="lit" v="yes"/>
    <tag k="manufacturer" v="ThyssenKrupp Fahrtreppen"/>
    <tag k="operator" v="DB InfraGO AG"/>
    <tag k="ref:operator_inventory" v="10435411"/>
    <tag k="ref:station" v="53"/>
    <tag k="source" v="http://data.deutschebahn.com"/>
  </way>
  <way id="272757290">
    <nd ref="2776837214"/>
    <nd ref="2776837233"/>
    <tag k="highway" v="steps"/>
    <tag k="incline" v="up"/>
    <tag k="indoor" v="yes"/>
    <tag k="level" v="-0.5;0"/>
    <tag k="lit" v="24/7"/>
    <tag k="step_count" v="10"/>
  </way>
  <way id="272757291">
    <nd ref="888375474"/>
    <nd ref="2776837398"/>
    <tag k="bicycle" v="no"/>
    <tag k="highway" v="corridor"/>
    <tag k="indoor" v="yes"/>
    <tag k="level" v="0"/>
    <tag k="surface" v="paving_stones"/>
  </way>
  <way id="272757292">
    <nd ref="2776837320"/>
    <nd ref="2776837323"/>
    <tag k="highway" v="corridor"/>
    <tag k="indoor" v="yes"/>
    <tag k="level" v="0"/>
    <tag k="lit" v="24/7"/>
    <tag k="surface" v="paving_stones"/>
  </way>
  <way id="272757294">
    <nd ref="2776837168"/>
    <nd ref="2776837184"/>
    <tag k="highway" v="steps"/>
    <tag k="incline" v="up"/>
    <tag k="indoor" v="yes"/>
    <tag k="level" v="-1;-0.5"/>
    <tag k="lit" v="24/7"/>
    <tag k="step_count" v="13"/>
  </way>
  <way id="272757295">
    <nd ref="2776837159"/>
    <nd ref="2776837168"/>
    <tag k="highway" v="corridor"/>
    <tag k="indoor" v="yes"/>
    <tag k="level" v="-1"/>
    <tag k="lit" v="24/7"/>
    <tag k="tunnel" v="yes"/>
  </way>
  <way id="272757297">
    <nd ref="2776837295"/>
    <nd ref="2776837312"/>
    <tag k="access" v="yes"/>
    <tag k="conveying" v="forward"/>
    <tag k="highway" v="steps"/>
    <tag k="incline" v="up"/>
    <tag k="indoor" v="yes"/>
    <tag k="level" v="0;1"/>
    <tag k="lit" v="yes"/>
    <tag k="manufacturer" v="ThyssenKrupp Fahrtreppen GmbH"/>
    <tag k="operator" v="DB InfraGO AG"/>
    <tag k="ref:manufacturer_inventory" v="65604751-00100-002"/>
    <tag k="ref:operator_inventory" v="10431464"/>
    <tag k="ref:station" v="53"/>
    <tag k="source:width" v="Luftbild 2025"/>
    <tag k="surface" v="paving_stones"/>
    <tag k="width" v="1"/>
  </way>
  <way id="272757298">
    <nd ref="2776837189"/>
    <nd ref="2776837186"/>
    <tag k="highway" v="corridor"/>
    <tag k="indoor" v="yes"/>
    <tag k="level" v="-0.5"/>
    <tag k="lit" v="24/7"/>
  </way>
  <way id="272757299">
    <nd ref="2776837344"/>
    <nd ref="2776837353"/>
    <nd ref="3808684907"/>
    <tag k="highway" v="corridor"/>
    <tag k="indoor" v="yes"/>
    <tag k="level" v="1"/>
    <tag k="lit" v="yes"/>
    <tag k="surface" v="paving_stones"/>
  </way>
  <way id="272757301">
    <nd ref="2776837280"/>
    <nd ref="2776837296"/>
    <tag k="highway" v="steps"/>
    <tag k="incline" v="up"/>
    <tag k="indoor" v="yes"/>
    <tag k="level" v="0;1"/>
    <tag k="lit" v="yes"/>
  </way>
  <way id="272757302">
    <nd ref="2776837237"/>
    <nd ref="2776837218"/>
    <tag k="highway" v="steps"/>
    <tag k="incline" v="up"/>
    <tag k="indoor" v="yes"/>
    <tag k="level" v="-1;-0.5"/>
    <tag k="lit" v="24/7"/>
    <tag k="step_count" v="13"/>
  </way>
  <way id="272757303">
    <nd ref="3808684908"/>
    <nd ref="2776837367"/>
    <nd ref="3808684910"/>
    <tag k="highway" v="corridor"/>
    <tag k="indoor" v="yes"/>
    <tag k="level" v="1"/>
    <tag k="lit" v="yes"/>
    <tag k="surface" v="paving_stones"/>
  </way>
  <way id="272757304">
    <nd ref="2776837231"/>
    <nd ref="2776837248"/>
    <tag k="highway" v="steps"/>
    <tag k="incline" v="up"/>
    <tag k="indoor" v="yes"/>
    <tag k="level" v="-0.5;0"/>
    <tag k="lit" v="24/7"/>
    <tag k="step_count" v="10"/>
  </way>
  <way id="272757305">
    <nd ref="2776837254"/>
    <nd ref="2776837274"/>
    <tag k="access" v="yes"/>
    <tag k="conveying" v="forward"/>
    <tag k="highway" v="steps"/>
    <tag k="incline" v="up"/>
    <tag k="indoor" v="yes"/>
    <tag k="level" v="-1;0"/>
    <tag k="lit" v="yes"/>
    <tag k="manufacturer" v="ThyssenKrupp Fahrtreppen"/>
    <tag k="operator" v="DB InfraGO AG"/>
    <tag k="ref:manufacturer_inventory" v="65604754-00100-001"/>
    <tag k="ref:operator_inventory" v="10431460"/>
    <tag k="ref:station" v="53"/>
    <tag k="source" v="http://data.deutschebahn.com"/>
    <tag k="source:width" v="Luftbild 2025"/>
    <tag k="width" v="1"/>
  </way>
  <way id="272757306">
    <nd ref="2776837292"/>
    <nd ref="2776837295"/>
    <tag k="highway" v="corridor"/>
    <tag k="indoor" v="yes"/>
    <tag k="level" v="0"/>
    <tag k="lit" v="24/7"/>
    <tag k="surface" v="paving_stones"/>
  </way>
  <way id="272757307">
    <nd ref="2776837338"/>
    <nd ref="2776837346"/>
    <tag k="highway" v="steps"/>
    <tag k="incline" v="up"/>
    <tag k="indoor" v="yes"/>
    <tag k="level" v="0;1"/>
    <tag k="lit" v="yes"/>
  </way>
  <way id="272757308">
    <nd ref="2776837351"/>
    <nd ref="2776837360"/>
    <tag k="highway" v="steps"/>
    <tag k="incline" v="up"/>
    <tag k="indoor" v="yes"/>
    <tag k="level" v="0;1"/>
  </way>
  <way id="272757309">
    <nd ref="2776837227"/>
    <nd ref="2776837231"/>
    <tag k="highway" v="corridor"/>
    <tag k="indoor" v="yes"/>
    <tag k="level" v="-0.5"/>
    <tag k="lit" v="24/7"/>
  </way>
  <way id="272757310">
    <nd ref="2776837197"/>
    <nd ref="2776837194"/>
    <tag k="highway" v="corridor"/>
    <tag k="indoor" v="yes"/>
    <tag k="level" v="-0.5"/>
    <tag k="lit" v="24/7"/>
  </way>
  <way id="272757311">
    <nd ref="2776837321"/>
    <nd ref="2776837331"/>
    <tag k="access" v="yes"/>
    <tag k="conveying" v="backward"/>
    <tag k="highway" v="steps"/>
    <tag k="incline" v="up"/>
    <tag k="indoor" v="yes"/>
    <tag k="level" v="0;1"/>
    <tag k="lit" v="yes"/>
    <tag k="manufacturer" v="ThyssenKrupp Fahrtreppen"/>
    <tag k="operator" v="DB InfraGO AG"/>
    <tag k="ref:operator_inventory" v="10431308"/>
    <tag k="ref:station" v="53"/>
    <tag k="source" v="http://data.deutschebahn.com"/>
    <tag k="surface" v="metal"/>
  </way>
  <way id="272757312">
    <nd ref="2776837392"/>
    <nd ref="2776837401"/>
    <tag k="highway" v="steps"/>
    <tag k="incline" v="down"/>
    <tag k="indoor" v="yes"/>
    <tag k="level" v="0;1"/>
    <tag k="lit" v="yes"/>
  </way>
  <way id="272757314">
    <nd ref="3808684904"/>
    <nd ref="2776837316"/>
    <nd ref="3808684905"/>
    <tag k="highway" v="corridor"/>
    <tag k="indoor" v="yes"/>
    <tag k="level" v="1"/>
    <tag k="lit" v="yes"/>
    <tag k="surface" v="paving_stones"/>
  </way>
  <way id="272757315">
    <nd ref="2776837202"/>
    <nd ref="2776837201"/>
    <tag k="highway" v="corridor"/>
    <tag k="indoor" v="yes"/>
    <tag k="level" v="-0.5"/>
    <tag k="lit" v="24/7"/>
  </way>
  <way id="272757316">
    <nd ref="2776837278"/>
    <nd ref="2776837275"/>
    <nd ref="2776837273"/>
    <tag k="highway" v="corridor"/>
    <tag k="indoor" v="yes"/>
    <tag k="level" v="-1"/>
    <tag k="surface" v="paving_stones"/>
    <tag k="tunnel" v="yes"/>
  </way>
  <way id="272757317">
    <nd ref="2776837177"/>
    <nd ref="2776837161"/>
    <nd ref="2776837168"/>
    <tag k="highway" v="corridor"/>
    <tag k="indoor" v="yes"/>
    <tag k="level" v="-1"/>
    <tag k="lit" v="24/7"/>
    <tag k="tunnel" v="yes"/>
  </way>
  <way id="272757318">
    <nd ref="2776837246"/>
    <nd ref="2776837261"/>
    <nd ref="2776837248"/>
    <tag k="highway" v="corridor"/>
    <tag k="indoor" v="yes"/>
    <tag k="level" v="0"/>
    <tag k="lit" v="24/7"/>
  </way>
  <way id="272757320">
    <nd ref="2776837383"/>
    <nd ref="2776837384"/>
    <nd ref="2776837381"/>
    <tag k="bicycle" v="no"/>
    <tag k="highway" v="corridor"/>
    <tag k="indoor" v="yes"/>
    <tag k="level" v="0"/>
    <tag k="surface" v="paving_stones"/>
  </way>
  <way id="272757321">
    <nd ref="888375474"/>
    <nd ref="2776837401"/>
    <tag k="bicycle" v="no"/>
    <tag k="highway" v="corridor"/>
    <tag k="indoor" v="yes"/>
    <tag k="level" v="0"/>
    <tag k="surface" v="paving_stones"/>
  </way>
  <way id="272757322">
    <nd ref="2776837343"/>
    <nd ref="2776837352"/>
    <nd ref="2776837351"/>
    <tag k="highway" v="corridor"/>
    <tag k="indoor" v="yes"/>
    <tag k="level" v="0"/>
    <tag k="lit" v="24/7"/>
    <tag k="surface" v="paving_stones"/>
  </way>
  <way id="272757323">
    <nd ref="2776837274"/>
    <nd ref="2776837292"/>
    <nd ref="2776837294"/>
    <tag k="highway" v="corridor"/>
    <tag k="indoor" v="yes"/>
    <tag k="level" v="0"/>
    <tag k="lit" v="24/7"/>
    <tag k="surface" v="paving_stones"/>
  </way>
  <way id="272757324">
    <nd ref="2776837360"/>
    <nd ref="2776837364"/>
    <tag k="highway" v="corridor"/>
    <tag k="indoor" v="yes"/>
    <tag k="level" v="1"/>
    <tag k="surface" v="paving_stones"/>
  </way>
  <way id="272757325">
    <nd ref="2776837237"/>
    <nd ref="2776837207"/>
    <nd ref="2776837200"/>
    <tag k="highway" v="corridor"/>
    <tag k="indoor" v="yes"/>
    <tag k="level" v="-1"/>
    <tag k="lit" v="24/7"/>
    <tag k="tunnel" v="yes"/>
  </way>
  <way id="272757326">
    <nd ref="2776837204"/>
    <nd ref="2776837206"/>
    <tag k="highway" v="footway"/>
    <tag k="indoor" v="yes"/>
    <tag k="level" v="0"/>
  </way>
  <way id="272757327">
    <nd ref="2776837372"/>
    <nd ref="2776837367"/>
    <nd ref="2776837370"/>
    <tag k="highway" v="corridor"/>
    <tag k="indoor" v="yes"/>
    <tag k="level" v="1"/>
    <tag k="lit" v="yes"/>
    <tag k="surface" v="paving_stones"/>
  </way>
  <way id="272757329">
    <nd ref="2776837307"/>
    <nd ref="2776837304"/>
    <tag k="highway" v="corridor"/>
    <tag k="indoor" v="yes"/>
    <tag k="level" v="0"/>
    <tag k="lit" v="24/7"/>
    <tag k="surface" v="paving_stones"/>
  </way>
  <way id="272757330">
    <nd ref="2776837352"/>
    <nd ref="2776837354"/>
    <tag k="highway" v="corridor"/>
    <tag k="indoor" v="yes"/>
    <tag k="level" v="0"/>
    <tag k="lit" v="24/7"/>
    <tag k="surface" v="paving_stones"/>
  </way>
  <way id="272757331">
    <nd ref="2776837176"/>
    <nd ref="2776837229"/>
    <nd ref="2776837195"/>
    <tag k="highway" v="corridor"/>
    <tag k="indoor" v="yes"/>
    <tag k="level" v="0"/>
    <tag k="lit" v="24/7"/>
  </way>
  <way id="272757337">
    <nd ref="2776837303"/>
    <nd ref="2776837307"/>
    <nd ref="2776837320"/>
    <nd ref="2776837321"/>
    <tag k="highway" v="corridor"/>
    <tag k="indoor" v="yes"/>
    <tag k="level" v="0"/>
    <tag k="lit" v="24/7"/>
    <tag k="surface" v="paving_stones"/>
  </way>
  <way id="272757338">
    <nd ref="2776837256"/>
    <nd ref="888375870"/>
    <nd ref="2776837229"/>
    <nd ref="2776837233"/>
    <tag k="highway" v="corridor"/>
    <tag k="indoor" v="yes"/>
    <tag k="level" v="0"/>
    <tag k="lit" v="24/7"/>
    <tag k="surface" v="paving_stones"/>
  </way>
  <way id="272757339">
    <nd ref="2776837227"/>
    <nd ref="2776837208"/>
    <nd ref="2776837188"/>
    <nd ref="2776837184"/>
    <tag k="highway" v="corridor"/>
    <tag k="indoor" v="yes"/>
    <tag k="level" v="-0.5"/>
    <tag k="lit" v="24/7"/>
  </way>
  <way id="272757342">
    <nd ref="2776837313"/>
    <nd ref="2776837326"/>
    <nd ref="2776837343"/>
    <nd ref="3733305311"/>
    <tag k="highway" v="corridor"/>
    <tag k="indoor" v="yes"/>
    <tag k="level" v="0"/>
    <tag k="lit" v="24/7"/>
    <tag k="surface" v="paving_stones"/>
  </way>
  <way id="272757343">
    <nd ref="2776837159"/>
    <nd ref="2776837254"/>
    <tag k="highway" v="corridor"/>
    <tag k="indoor" v="yes"/>
    <tag k="level" v="-1"/>
    <tag k="lit" v="24/7"/>
    <tag k="tunnel" v="yes"/>
  </way>
  <way id="272757344">
    <nd ref="2776837280"/>
    <nd ref="2776837269"/>
    <nd ref="2776837261"/>
    <nd ref="2776837178"/>
    <nd ref="2776837163"/>
    <nd ref="2776837155"/>
    <nd ref="2776837147"/>
    <tag k="highway" v="corridor"/>
    <tag k="indoor" v="yes"/>
    <tag k="level" v="0"/>
    <tag k="lit" v="24/7"/>
  </way>
  <way id="272757346">
    <nd ref="2776837202"/>
    <nd ref="2776837208"/>
    <nd ref="2776837213"/>
    <nd ref="2776837214"/>
    <tag k="highway" v="corridor"/>
    <tag k="indoor" v="yes"/>
    <tag k="level" v="-0.5"/>
    <tag k="lit" v="24/7"/>
  </way>
  <way id="272757347">
    <nd ref="2776837207"/>
    <nd ref="2776837211"/>
    <nd ref="2776837161"/>
    <nd ref="2776837154"/>
    <nd ref="2776837159"/>
    <tag k="highway" v="corridor"/>
    <tag k="indoor" v="yes"/>
    <tag k="level" v="-1"/>
    <tag k="tunnel" v="yes"/>
  </way>
  <way id="272757348">
    <nd ref="2776873575"/>
    <nd ref="2776873586"/>
    <nd ref="2776873602"/>
    <nd ref="2777026006"/>
    <nd ref="2776873623"/>
    <nd ref="2776837211"/>
    <nd ref="2776837275"/>
    <tag k="highway" v="corridor"/>
    <tag k="indoor" v="yes"/>
    <tag k="level" v="-1"/>
    <tag k="lit" v="24/7"/>
    <tag k="tunnel" v="yes"/>
  </way>
  <way id="272757350">
    <nd ref="2776837301"/>
    <nd ref="2776837229"/>
    <nd ref="2776837151"/>
    <nd ref="2776837148"/>
    <nd ref="2776837145"/>
    <nd ref="2776837147"/>
    <tag k="highway" v="corridor"/>
    <tag k="indoor" v="yes"/>
    <tag k="level" v="0"/>
    <tag k="lit" v="24/7"/>
  </way>
  <way id="272760868">
    <nd ref="2776873575"/>
    <nd ref="315140146"/>
    <tag k="highway" v="steps"/>
    <tag k="incline" v="up"/>
    <tag k="indoor" v="yes"/>
    <tag k="level" v="-1;0"/>
    <tag k="lit" v="yes"/>
  </way>
  <way id="272780723">
    <nd ref="2777026061"/>
    <nd ref="2777026026"/>
    <tag k="conveying" v="forward"/>
    <tag k="highway" v="steps"/>
    <tag k="incline" v="up"/>
    <tag k="indoor" v="yes"/>
    <tag k="level" v="-5;-1"/>
    <tag k="lit" v="24/7"/>
    <tag k="tunnel" v="yes"/>
  </way>
  <way id="272780724">
    <nd ref="2777026036"/>
    <nd ref="2777026046"/>
    <tag k="highway" v="steps"/>
    <tag k="incline" v="down"/>
    <tag k="indoor" v="yes"/>
    <tag k="level" v="-1;-2"/>
    <tag k="lit" v="24/7"/>
    <tag k="tunnel" v="yes"/>
  </way>
  <way id="272780726">
    <nd ref="2777026014"/>
    <nd ref="2777026039"/>
    <tag k="highway" v="steps"/>
    <tag k="incline" v="down"/>
    <tag k="indoor" v="yes"/>
    <tag k="level" v="-1;-5"/>
    <tag k="lit" v="24/7"/>
    <tag k="tunnel" v="yes"/>
  </way>
  <way id="272780727">
    <nd ref="2777026033"/>
    <nd ref="2777026035"/>
    <tag k="highway" v="footway"/>
    <tag k="indoor" v="yes"/>
    <tag k="level" v="-1"/>
    <tag k="lit" v="24/7"/>
    <tag k="tunnel" v="yes"/>
  </way>
  <way id="272780728">
    <nd ref="2777026035"/>
    <nd ref="2777026042"/>
    <tag k="highway" v="steps"/>
    <tag k="incline" v="down"/>
    <tag k="indoor" v="yes"/>
    <tag k="level" v="-1;-2"/>
    <tag k="lit" v="24/7"/>
    <tag k="tunnel" v="yes"/>
  </way>
  <way id="272780730">
    <nd ref="2777026057"/>
    <nd ref="2777026090"/>
    <tag k="highway" v="steps"/>
    <tag k="incline" v="down"/>
    <tag k="indoor" v="yes"/>
    <tag k="level" v="-1;-5"/>
    <tag k="lit" v="24/7"/>
    <tag k="tunnel" v="yes"/>
  </way>
  <way id="272780732">
    <nd ref="2777026102"/>
    <nd ref="2777026081"/>
    <tag k="conveying" v="forward"/>
    <tag k="highway" v="steps"/>
    <tag k="incline" v="up"/>
    <tag k="indoor" v="yes"/>
    <tag k="level" v="-5;-1"/>
    <tag k="lit" v="24/7"/>
    <tag k="tunnel" v="yes"/>
  </way>
  <way id="272780733">
    <nd ref="3810179814"/>
    <nd ref="2777026016"/>
    <nd ref="2777026026"/>
    <tag k="highway" v="footway"/>
    <tag k="indoor" v="yes"/>
    <tag k="level" v="-1"/>
    <tag k="lit" v="24/7"/>
    <tag k="tunnel" v="yes"/>
  </way>
  <way id="272780734">
    <nd ref="2777026074"/>
    <nd ref="2777026085"/>
    <tag k="highway" v="steps"/>
    <tag k="incline" v="down"/>
    <tag k="indoor" v="yes"/>
    <tag k="level" v="-4;-5"/>
    <tag k="lit" v="24/7"/>
    <tag k="tunnel" v="yes"/>
  </way>
  <way id="272780735">
    <nd ref="2777026016"/>
    <nd ref="2777026044"/>
    <tag k="conveying" v="backward"/>
    <tag k="highway" v="steps"/>
    <tag k="incline" v="down"/>
    <tag k="indoor" v="yes"/>
    <tag k="level" v="-1;-5"/>
    <tag k="lit" v="24/7"/>
    <tag k="tunnel" v="yes"/>
  </way>
  <way id="272780736">
    <nd ref="2777026004"/>
    <nd ref="2777025999"/>
    <tag k="highway" v="steps"/>
    <tag k="incline" v="down"/>
    <tag k="indoor" v="yes"/>
    <tag k="level" v="-1;-3"/>
    <tag k="lit" v="24/7"/>
    <tag k="tunnel" v="yes"/>
  </way>
  <way id="272780737">
    <nd ref="2777026005"/>
    <nd ref="2777026001"/>
    <tag k="highway" v="steps"/>
    <tag k="incline" v="up"/>
    <tag k="indoor" v="yes"/>
    <tag k="level" v="-4;-3"/>
    <tag k="lit" v="24/7"/>
    <tag k="tunnel" v="yes"/>
  </way>
  <way id="272780740">
    <nd ref="2777026077"/>
    <nd ref="2777026096"/>
    <tag k="conveying" v="backward"/>
    <tag k="highway" v="steps"/>
    <tag k="incline" v="down"/>
    <tag k="indoor" v="yes"/>
    <tag k="level" v="-1;-5"/>
    <tag k="lit" v="24/7"/>
    <tag k="tunnel" v="yes"/>
  </way>
  <way id="272780741">
    <nd ref="2777026107"/>
    <nd ref="2777026094"/>
    <tag k="highway" v="steps"/>
    <tag k="incline" v="down"/>
    <tag k="indoor" v="yes"/>
    <tag k="level" v="-3;-4"/>
    <tag k="lit" v="24/7"/>
    <tag k="tunnel" v="yes"/>
  </way>
  <way id="272780742">
    <nd ref="2777026021"/>
    <nd ref="2777026034"/>
    <tag k="highway" v="steps"/>
    <tag k="incline" v="down"/>
    <tag k="indoor" v="yes"/>
    <tag k="level" v="-4;-5"/>
    <tag k="lit" v="24/7"/>
    <tag k="tunnel" v="yes"/>
  </way>
  <way id="272780743">
    <nd ref="2777026014"/>
    <nd ref="2777026016"/>
    <tag k="highway" v="footway"/>
    <tag k="indoor" v="yes"/>
    <tag k="level" v="-1"/>
    <tag k="lit" v="24/7"/>
    <tag k="tunnel" v="yes"/>
  </way>
  <way id="272780744">
    <nd ref="2777026068"/>
    <nd ref="2777026044"/>
    <nd ref="2777026061"/>
    <tag k="highway" v="footway"/>
    <tag k="indoor" v="yes"/>
    <tag k="level" v="-5"/>
    <tag k="lit" v="24/7"/>
    <tag k="tunnel" v="yes"/>
  </way>
  <way id="272780745">
    <nd ref="3810179811"/>
    <nd ref="2777025998"/>
    <nd ref="3810179812"/>
    <tag k="highway" v="footway"/>
    <tag k="indoor" v="yes"/>
    <tag k="level" v="-3"/>
    <tag k="lit" v="24/7"/>
    <tag k="tunnel" v="yes"/>
  </way>
  <way id="272780747">
    <nd ref="2777026106"/>
    <nd ref="2777026104"/>
    <nd ref="2777026092"/>
    <tag k="highway" v="footway"/>
    <tag k="indoor" v="yes"/>
    <tag k="level" v="-5"/>
    <tag k="lit" v="24/7"/>
    <tag k="tunnel" v="yes"/>
  </way>
  <way id="272780748">
    <nd ref="2777026039"/>
    <nd ref="2777026044"/>
    <tag k="highway" v="footway"/>
    <tag k="indoor" v="yes"/>
    <tag k="level" v="-5"/>
    <tag k="lit" v="24/7"/>
    <tag k="tunnel" v="yes"/>
  </way>
  <way id="272780749">
    <nd ref="3810179816"/>
    <nd ref="2777026033"/>
    <nd ref="2777026036"/>
    <tag k="highway" v="footway"/>
    <tag k="indoor" v="yes"/>
    <tag k="level" v="-1"/>
    <tag k="lit" v="24/7"/>
    <tag k="tunnel" v="yes"/>
  </way>
  <way id="272780750">
    <nd ref="2777026083"/>
    <nd ref="2777026068"/>
    <nd ref="2777026038"/>
    <tag k="highway" v="footway"/>
    <tag k="indoor" v="yes"/>
    <tag k="level" v="-5"/>
    <tag k="lit" v="24/7"/>
    <tag k="tunnel" v="yes"/>
  </way>
  <way id="272780751">
    <nd ref="2777026113"/>
    <nd ref="2777026111"/>
    <nd ref="2777026110"/>
    <tag k="highway" v="footway"/>
    <tag k="indoor" v="yes"/>
    <tag k="level" v="-3"/>
    <tag k="lit" v="24/7"/>
    <tag k="tunnel" v="yes"/>
  </way>
  <way id="272780752">
    <nd ref="2777026090"/>
    <nd ref="2777026096"/>
    <tag k="highway" v="footway"/>
    <tag k="indoor" v="yes"/>
    <tag k="level" v="-5"/>
    <tag k="lit" v="24/7"/>
    <tag k="tunnel" v="yes"/>
  </way>
  <way id="272780753">
    <nd ref="2777026111"/>
    <nd ref="2777026107"/>
    <tag k="highway" v="footway"/>
    <tag k="indoor" v="yes"/>
    <tag k="level" v="-3"/>
    <tag k="tunnel" v="yes"/>
  </way>
  <way id="272780755">
    <nd ref="2777026104"/>
    <nd ref="2777026096"/>
    <nd ref="2777026102"/>
    <tag k="highway" v="footway"/>
    <tag k="indoor" v="yes"/>
    <tag k="level" v="-5"/>
    <tag k="lit" v="24/7"/>
    <tag k="tunnel" v="yes"/>
  </way>
  <way id="272780756">
    <nd ref="2777026112"/>
    <nd ref="2777026113"/>
    <nd ref="2777026114"/>
    <tag k="highway" v="footway"/>
    <tag k="indoor" v="yes"/>
    <tag k="level" v="-3"/>
    <tag k="lit" v="24/7"/>
    <tag k="tunnel" v="yes"/>
  </way>
  <way id="272780758">
    <nd ref="2777026057"/>
    <nd ref="2777026065"/>
    <nd ref="2777026077"/>
    <tag k="highway" v="footway"/>
    <tag k="indoor" v="yes"/>
    <tag k="level" v="-1"/>
    <tag k="lit" v="24/7"/>
    <tag k="tunnel" v="yes"/>
  </way>
  <way id="272780760">
    <nd ref="2777026001"/>
    <nd ref="2777025998"/>
    <tag k="highway" v="footway"/>
    <tag k="indoor" v="yes"/>
    <tag k="level" v="-3"/>
    <tag k="lit" v="24/7"/>
    <tag k="tunnel" v="yes"/>
  </way>
  <way id="272780762">
    <nd ref="2777026081"/>
    <nd ref="2777026065"/>
    <nd ref="3810179819"/>
    <tag k="highway" v="footway"/>
    <tag k="indoor" v="yes"/>
    <tag k="level" v="-1"/>
    <tag k="lit" v="24/7"/>
    <tag k="tunnel" v="yes"/>
  </way>
  <way id="272795475">
    <nd ref="2777153453"/>
    <nd ref="5867575836"/>
    <nd ref="4936820459"/>
    <nd ref="5867575837"/>
    <nd ref="2777153419"/>
    <tag k="highway" v="footway"/>
    <tag k="indoor" v="yes"/>
    <tag k="level" v="-1"/>
    <tag k="lit" v="24/7"/>
    <tag k="tunnel" v="yes"/>
  </way>
  <way id="272795476">
    <nd ref="2777153553"/>
    <nd ref="2777153573"/>
    <tag k="highway" v="steps"/>
    <tag k="incline" v="down"/>
    <tag k="indoor" v="yes"/>
    <tag k="level" v="-2;-3"/>
    <tag k="lit" v="24/7"/>
    <tag k="tunnel" v="yes"/>
  </way>
  <way id="272795477">
    <nd ref="2777153570"/>
    <nd ref="5217809432"/>
    <tag k="highway" v="steps"/>
    <tag k="incline" v="up"/>
    <tag k="indoor" v="yes"/>
    <tag k="level" v="0;-1"/>
  </way>
  <way id="272795478">
    <nd ref="2777153516"/>
    <nd ref="2777153479"/>
    <tag k="highway" v="footway"/>
    <tag k="indoor" v="yes"/>
    <tag k="level" v="-1"/>
    <tag k="lit" v="24/7"/>
    <tag k="tunnel" v="yes"/>
  </way>
  <way id="272795479">
    <nd ref="2777153465"/>
    <nd ref="2777153479"/>
    <tag k="highway" v="steps"/>
    <tag k="incline" v="up"/>
    <tag k="indoor" v="yes"/>
    <tag k="level" v="-1;-3"/>
    <tag k="lit" v="24/7"/>
    <tag k="tunnel" v="yes"/>
  </way>
  <way id="272795480">
    <nd ref="2777153424"/>
    <nd ref="2777153435"/>
    <tag k="highway" v="steps"/>
    <tag k="incline" v="down"/>
    <tag k="indoor" v="yes"/>
    <tag k="layer" v="-1"/>
    <tag k="level" v="0;-2"/>
    <tag k="lit" v="yes"/>
  </way>
  <way id="272795481">
    <nd ref="2777153521"/>
    <nd ref="2777153482"/>
    <tag k="highway" v="steps"/>
    <tag k="incline" v="up"/>
    <tag k="indoor" v="yes"/>
    <tag k="level" v="-1;-3"/>
    <tag k="lit" v="24/7"/>
    <tag k="tunnel" v="yes"/>
  </way>
  <way id="272795482">
    <nd ref="2777153445"/>
    <nd ref="2777153451"/>
    <tag k="highway" v="footway"/>
    <tag k="indoor" v="yes"/>
    <tag k="level" v="-2"/>
    <tag k="lit" v="24/7"/>
    <tag k="tunnel" v="yes"/>
  </way>
  <way id="272795483">
    <nd ref="2777153635"/>
    <nd ref="11247145895"/>
    <nd ref="2777153638"/>
    <tag k="highway" v="steps"/>
    <tag k="incline" v="up"/>
    <tag k="indoor" v="yes"/>
    <tag k="level" v="0;-1"/>
    <tag k="lit" v="yes"/>
    <tag k="surface" v="paving_stones"/>
    <tag k="tactile_paving" v="no"/>
  </way>
  <way id="272795485">
    <nd ref="2777153441"/>
    <nd ref="2777026042"/>
    <tag k="highway" v="footway"/>
    <tag k="indoor" v="yes"/>
    <tag k="level" v="-2"/>
    <tag k="lit" v="24/7"/>
    <tag k="tunnel" v="yes"/>
  </way>
  <way id="272795486">
    <nd ref="2777153419"/>
    <nd ref="2777153410"/>
    <tag k="highway" v="steps"/>
    <tag k="incline" v="up"/>
    <tag k="indoor" v="yes"/>
    <tag k="layer" v="-1"/>
    <tag k="level" v="0;-1"/>
  </way>
  <way id="272795487">
    <nd ref="4397315896"/>
    <nd ref="2777153538"/>
    <nd ref="4934187007"/>
    <nd ref="2777153526"/>
    <tag k="highway" v="footway"/>
    <tag k="indoor" v="yes"/>
    <tag k="level" v="-5"/>
    <tag k="lit" v="24/7"/>
    <tag k="tunnel" v="yes"/>
  </way>
  <way id="272795489">
    <nd ref="2777153451"/>
    <nd ref="2777153508"/>
    <nd ref="2777153515"/>
    <tag k="highway" v="footway"/>
    <tag k="indoor" v="yes"/>
    <tag k="layer" v="-2"/>
    <tag k="level" v="-2"/>
    <tag k="location" v="underground"/>
    <tag k="tunnel" v="yes"/>
  </way>
  <way id="272795490">
    <nd ref="3810179828"/>
    <nd ref="2777153505"/>
    <tag k="highway" v="steps"/>
    <tag k="incline" v="down"/>
    <tag k="indoor" v="yes"/>
    <tag k="level" v="-3;-5"/>
    <tag k="lit" v="24/7"/>
    <tag k="tunnel" v="yes"/>
  </way>
  <way id="272795491">
    <nd ref="2777153606"/>
    <nd ref="2777153617"/>
    <tag k="highway" v="steps"/>
    <tag k="incline" v="up"/>
    <tag k="indoor" v="yes"/>
    <tag k="level" v="-3;-1"/>
    <tag k="lit" v="24/7"/>
    <tag k="tunnel" v="yes"/>
  </way>
  <way id="272795492">
    <nd ref="2777153591"/>
    <nd ref="2777153562"/>
    <tag k="highway" v="steps"/>
    <tag k="incline" v="down"/>
    <tag k="indoor" v="yes"/>
    <tag k="level" v="-3;-5"/>
    <tag k="lit" v="24/7"/>
    <tag k="tunnel" v="yes"/>
  </way>
  <way id="272795493">
    <nd ref="2777153545"/>
    <nd ref="2777153515"/>
    <tag k="highway" v="steps"/>
    <tag k="incline" v="down"/>
    <tag k="indoor" v="yes"/>
    <tag k="level" v="0;-2"/>
    <tag k="lit" v="yes"/>
    <tag k="surface" v="paving_stones"/>
    <tag k="tactile_paving" v="no"/>
  </way>
  <way id="272795494">
    <nd ref="2777153503"/>
    <nd ref="2777153472"/>
    <nd ref="4934187005"/>
    <nd ref="2777153463"/>
    <tag k="highway" v="footway"/>
    <tag k="indoor" v="yes"/>
    <tag k="level" v="-5"/>
    <tag k="lit" v="24/7"/>
    <tag k="tunnel" v="yes"/>
  </way>
  <way id="272795495">
    <nd ref="2777153615"/>
    <nd ref="2777153622"/>
    <nd ref="2777153617"/>
    <tag k="highway" v="footway"/>
    <tag k="indoor" v="yes"/>
    <tag k="level" v="-1"/>
    <tag k="lit" v="24/7"/>
    <tag k="tunnel" v="yes"/>
  </way>
  <way id="272795496">
    <nd ref="2777153453"/>
    <nd ref="2777153459"/>
    <nd ref="2777153468"/>
    <tag k="highway" v="footway"/>
    <tag k="indoor" v="yes"/>
    <tag k="level" v="-1"/>
    <tag k="lit" v="24/7"/>
    <tag k="tunnel" v="yes"/>
  </way>
  <way id="272795497">
    <nd ref="2777153635"/>
    <nd ref="4936820450"/>
    <nd ref="5867575840"/>
    <nd ref="2777153622"/>
    <nd ref="2777153626"/>
    <tag k="highway" v="footway"/>
    <tag k="indoor" v="yes"/>
    <tag k="level" v="-1"/>
    <tag k="lit" v="24/7"/>
    <tag k="tunnel" v="yes"/>
  </way>
  <way id="272795498">
    <nd ref="2777153457"/>
    <nd ref="2777153459"/>
    <nd ref="2777153482"/>
    <tag k="highway" v="footway"/>
    <tag k="indoor" v="yes"/>
    <tag k="level" v="-1"/>
    <tag k="lit" v="24/7"/>
    <tag k="tunnel" v="yes"/>
  </way>
  <way id="272795500">
    <nd ref="2777153521"/>
    <nd ref="4947074226"/>
    <nd ref="2777153528"/>
    <nd ref="3810179831"/>
    <nd ref="4934187009"/>
    <nd ref="3810179832"/>
    <nd ref="2777153606"/>
    <tag k="highway" v="footway"/>
    <tag k="indoor" v="yes"/>
    <tag k="level" v="-3"/>
    <tag k="lit" v="24/7"/>
    <tag k="tunnel" v="yes"/>
  </way>
  <way id="272795502">
    <nd ref="2777153553"/>
    <nd ref="2777153497"/>
    <nd ref="2777153451"/>
    <nd ref="2777153441"/>
    <nd ref="2777026046"/>
    <tag k="description:de" v="Fußweg Ladenzeile zwischen U2 und U8 über U5"/>
    <tag k="highway" v="footway"/>
    <tag k="indoor" v="yes"/>
    <tag k="level" v="-2"/>
    <tag k="lit" v="24/7"/>
    <tag k="tunnel" v="yes"/>
  </way>
  <way id="272795503">
    <nd ref="2777153508"/>
    <nd ref="2777153497"/>
    <nd ref="2777153445"/>
    <nd ref="4936820461"/>
    <nd ref="2777153435"/>
    <tag k="highway" v="footway"/>
    <tag k="indoor" v="yes"/>
    <tag k="layer" v="-2"/>
    <tag k="level" v="-2"/>
    <tag k="surface" v="paving_stones"/>
    <tag k="tunnel" v="yes"/>
  </way>
  <way id="272795504">
    <nd ref="2777153591"/>
    <nd ref="3810179832"/>
    <tag k="highway" v="footway"/>
    <tag k="indoor" v="yes"/>
    <tag k="level" v="-3"/>
    <tag k="lit" v="24/7"/>
    <tag k="tunnel" v="yes"/>
  </way>
  <way id="272795506">
    <nd ref="2094392738"/>
    <nd ref="2777153495"/>
    <nd ref="2777153516"/>
    <nd ref="2777153556"/>
    <nd ref="2777153570"/>
    <tag k="highway" v="footway"/>
    <tag k="indoor" v="yes"/>
    <tag k="level" v="-1"/>
    <tag k="lit" v="24/7"/>
    <tag k="tunnel" v="yes"/>
  </way>
  <way id="272810802">
    <nd ref="2777296577"/>
    <nd ref="616476945"/>
    <tag k="highway" v="steps"/>
    <tag k="incline" v="up"/>
    <tag k="indoor" v="yes"/>
    <tag k="level" v="-5;-1"/>
    <tag k="lit" v="24/7"/>
    <tag k="tunnel" v="yes"/>
  </way>
  <way id="272810803">
    <nd ref="2777296586"/>
    <nd ref="2777296594"/>
    <tag k="access" v="yes"/>
    <tag k="conveying" v="forward"/>
    <tag k="highway" v="steps"/>
    <tag k="incline" v="up"/>
    <tag k="indoor" v="yes"/>
    <tag k="layer" v="-2"/>
    <tag k="level" v="-1;0"/>
    <tag k="lit" v="yes"/>
  </way>
  <way id="272810804">
    <nd ref="2777296570"/>
    <nd ref="2777296563"/>
    <tag k="conveying" v="backward"/>
    <tag k="highway" v="steps"/>
    <tag k="incline" v="down"/>
    <tag k="indoor" v="yes"/>
    <tag k="level" v="-1;-5"/>
    <tag k="lit" v="24/7"/>
    <tag k="tunnel" v="yes"/>
  </way>
  <way id="272810805">
    <nd ref="2777296559"/>
    <nd ref="2777296567"/>
    <tag k="conveying" v="forward"/>
    <tag k="highway" v="steps"/>
    <tag k="incline" v="up"/>
    <tag k="indoor" v="yes"/>
    <tag k="level" v="-5;-1"/>
    <tag k="lit" v="24/7"/>
    <tag k="tunnel" v="yes"/>
  </way>
  <way id="272810806">
    <nd ref="2777296574"/>
    <nd ref="2777296583"/>
    <tag k="conveying" v="forward"/>
    <tag k="highway" v="steps"/>
    <tag k="incline" v="up"/>
    <tag k="indoor" v="yes"/>
    <tag k="level" v="-5;-1"/>
    <tag k="lit" v="24/7"/>
    <tag k="tunnel" v="yes"/>
  </way>
  <way id="272810807">
    <nd ref="2777296596"/>
    <nd ref="6184062256"/>
    <nd ref="2777296590"/>
    <tag k="access" v="yes"/>
    <tag k="conveying" v="forward"/>
    <tag k="highway" v="steps"/>
    <tag k="incline" v="down"/>
    <tag k="indoor" v="yes"/>
    <tag k="layer" v="-1"/>
    <tag k="level" v="0;-1"/>
    <tag k="lit" v="yes"/>
  </way>
  <way id="272810808">
    <nd ref="2777296592"/>
    <nd ref="2777296579"/>
    <tag k="conveying" v="backward"/>
    <tag k="highway" v="steps"/>
    <tag k="incline" v="down"/>
    <tag k="indoor" v="yes"/>
    <tag k="level" v="-1;-5"/>
    <tag k="lit" v="24/7"/>
    <tag k="tunnel" v="yes"/>
  </way>
  <way id="272810809">
    <nd ref="2777296567"/>
    <nd ref="2094283182"/>
    <tag k="highway" v="footway"/>
    <tag k="layer" v="-1"/>
    <tag k="level" v="-1"/>
    <tag k="lit" v="yes"/>
    <tag k="smoothness" v="excellent"/>
    <tag k="surface" v="paving_stones"/>
    <tag k="tunnel" v="yes"/>
  </way>
  <way id="272810810">
    <nd ref="2777296586"/>
    <nd ref="616476681"/>
    <tag k="highway" v="footway"/>
    <tag k="layer" v="-1"/>
    <tag k="level" v="-1"/>
    <tag k="lit" v="yes"/>
    <tag k="smoothness" v="good"/>
    <tag k="surface" v="paving_stones"/>
    <tag k="tunnel" v="yes"/>
  </way>
  <way id="272810811">
    <nd ref="2777296592"/>
    <nd ref="616476945"/>
    <tag k="highway" v="footway"/>
    <tag k="layer" v="-1"/>
    <tag k="level" v="-1"/>
    <tag k="lit" v="yes"/>
    <tag k="smoothness" v="good"/>
    <tag k="surface" v="paving_stones"/>
    <tag k="tunnel" v="yes"/>
  </way>
  <way id="272811796">
    <nd ref="13334677284"/>
    <nd ref="13334677287"/>
    <nd ref="13334677285"/>
    <nd ref="13334677286"/>
    <nd ref="13334677283"/>
    <tag k="crossing" v="unmarked"/>
    <tag k="crossing:island" v="no"/>
    <tag k="crossing:markings" v="no"/>
    <tag k="footway" v="crossing"/>
    <tag k="highway" v="footway"/>
    <tag k="lit" v="yes"/>
    <tag k="smoothness" v="excellent"/>
    <tag k="surface" v="asphalt"/>
  </way>
  <way id="272811798">
    <nd ref="2777303216"/>
    <nd ref="2776837301"/>
    <tag k="highway" v="footway"/>
    <tag k="lit" v="yes"/>
    <tag k="smoothness" v="good"/>
    <tag k="surface" v="paving_stones"/>
  </way>
  <way id="289830064">
    <nd ref="3513418930"/>
    <nd ref="12035159947"/>
    <nd ref="13755242869"/>
    <nd ref="2933657337"/>
    <nd ref="262467622"/>
    <tag k="cycleway:left" v="no"/>
    <tag k="cycleway:right" v="lane"/>
    <tag k="cycleway:right:lane" v="exclusive"/>
    <tag k="cycleway:right:surface" v="asphalt"/>
    <tag k="dual_carriageway" v="yes"/>
    <tag k="foot" v="use_sidepath"/>
    <tag k="highway" v="primary"/>
    <tag k="lanes" v="2"/>
    <tag k="lit" v="yes"/>
    <tag k="maxspeed" v="50"/>
    <tag k="name" v="Grunerstraße"/>
    <tag k="name:etymology:wikidata" v="Q215507"/>
    <tag k="name:ja" v="グルネル通り"/>
    <tag k="oneway" v="yes"/>
    <tag k="parking:both" v="no"/>
    <tag k="postal_code" v="10178"/>
    <tag k="priority_road" v="designated"/>
    <tag k="ref" v="B 1"/>
    <tag k="sidewalk:left" v="no"/>
    <tag k="sidewalk:right" v="separate"/>
    <tag k="smoothness" v="good"/>
    <tag k="source:maxspeed" v="DE:urban"/>
    <tag k="surface" v="asphalt"/>
    <tag k="wikidata" v="Q1550809"/>
    <tag k="wikimedia_commons" v="Category:Grunerstraße (Berlin-Mitte)"/>
    <tag k="wikipedia" v="de:Grunerstraße (Berlin)"/>
    <tag k="zone:traffic" v="DE:urban"/>
  </way>
  <way id="289966281">
    <nd ref="10923644010"/>
    <nd ref="2933662032"/>
    <nd ref="2933662031"/>
    <tag k="bicycle" v="use_sidepath"/>
    <tag k="cycleway:left" v="no"/>
    <tag k="cycleway:right" v="separate"/>
    <tag k="dual_carriageway" v="yes"/>
    <tag k="foot" v="use_sidepath"/>
    <tag k="highway" v="primary"/>
    <tag k="lanes" v="3"/>
    <tag k="lit" v="yes"/>
    <tag k="maxspeed" v="50"/>
    <tag k="name" v="Grunerstraße"/>
    <tag k="name:etymology:wikidata" v="Q215507"/>
    <tag k="name:ja" v="グルネル通り"/>
    <tag k="oneway" v="yes"/>
    <tag k="parking:both" v="no"/>
    <tag k="postal_code" v="10179"/>
    <tag k="priority_road" v="designated"/>
    <tag k="ref" v="B 1"/>
    <tag k="sidewalk:left" v="no"/>
    <tag k="sidewalk:right" v="separate"/>
    <tag k="smoothness" v="excellent"/>
    <tag k="source:maxspeed" v="DE:urban"/>
    <tag k="surface" v="asphalt"/>
    <tag k="wikidata" v="Q1550809"/>
    <tag k="wikimedia_commons" v="Category:Grunerstraße (Berlin-Mitte)"/>
    <tag k="wikipedia" v="de:Grunerstraße (Berlin)"/>
    <tag k="zone:traffic" v="DE:urban"/>
  </way>
  <way id="289966845">
    <nd ref="262467622"/>
    <nd ref="3907105048"/>
    <nd ref="5931763564"/>
    <tag k="check_date:cycleway" v="2024-12-31"/>
    <tag k="cycleway:both" v="no"/>
    <tag k="destination:colour:lanes" v="yellow;yellow;white;white|yellow;yellow;white;white;white;white|"/>
    <tag k="destination:lanes" v="Prenzlauer Berg;Friedrichshain;Alexanderplatz;Rathauspassagen|Prenzlauer Berg;Friedrichshain;Alexanderplatz;Rathauspassagen;bcc;Alexa|"/>
    <tag k="destination:ref:to:lanes" v="A 10|A 10;A 117|"/>
    <tag k="destination:symbol:lanes" v=";;;covered_parking|;;;covered_parking;;;;;covered_parking|"/>
    <tag k="destination:symbol:to:lanes" v="motorway|motorway;motorway|"/>
    <tag k="destination:to:lanes" v="Frankfurt (Oder)|Frankfurt (Oder);Dresden|"/>
    <tag k="dual_carriageway" v="yes"/>
    <tag k="foot" v="use_sidepath"/>
    <tag k="highway" v="primary"/>
    <tag k="lanes" v="3"/>
    <tag k="lit" v="yes"/>
    <tag k="maxheight" v="default"/>
    <tag k="maxspeed" v="50"/>
    <tag k="name" v="Grunerstraße"/>
    <tag k="name:etymology:wikidata" v="Q215507"/>
    <tag k="name:ja" v="グルネル通り"/>
    <tag k="oneway" v="yes"/>
    <tag k="parking:left" v="no"/>
    <tag k="parking:right" v="no"/>
    <tag k="parking:right:restriction" v="no_stopping"/>
    <tag k="postal_code" v="10178"/>
    <tag k="priority_road" v="designated"/>
    <tag k="ref" v="B 1"/>
    <tag k="sidewalk:left" v="no"/>
    <tag k="sidewalk:right" v="separate"/>
    <tag k="smoothness" v="good"/>
    <tag k="source:maxspeed" v="DE:urban"/>
    <tag k="surface" v="asphalt"/>
    <tag k="wikidata" v="Q1550809"/>
    <tag k="wikimedia_commons" v="Category:Grunerstraße (Berlin-Mitte)"/>
    <tag k="wikipedia" v="de:Grunerstraße (Berlin)"/>
    <tag k="zone:traffic" v="DE:urban"/>
  </way>
  <way id="289967595">
    <nd ref="29219452"/>
    <nd ref="262467623"/>
    <nd ref="320887602"/>
    <nd ref="3153666983"/>
    <tag k="cycleway:left" v="no"/>
    <tag k="cycleway:right" v="lane"/>
    <tag k="cycleway:right:lane" v="exclusive"/>
    <tag k="cycleway:right:surface" v="asphalt"/>
    <tag k="cycleway:right:traffic_sign" v="none"/>
    <tag k="destination:colour:lanes" v="yellow;yellow;white;white|yellow;yellow;white;white;white;white"/>
    <tag k="destination:lanes" v="Prenzlauer Berg;Friedrichshain;Alexanderplatz;Rathauspassagen|Prenzlauer Berg;Friedrichshain;Alexanderplatz;Rathauspassagen;bcc;Alexa"/>
    <tag k="destination:ref:to:lanes" v="A 10|A 10;A 117"/>
    <tag k="destination:symbol:lanes" v=";;;covered_parking|;;;covered_parking;;;;;covered_parking"/>
    <tag k="destination:symbol:to:lanes" v="motorway|motorway;motorway"/>
    <tag k="destination:to:lanes" v="Frankfurt (Oder)|Frankfurt (Oder);Dresden"/>
    <tag k="dual_carriageway" v="yes"/>
    <tag k="foot" v="use_sidepath"/>
    <tag k="highway" v="primary"/>
    <tag k="lanes" v="2"/>
    <tag k="lit" v="yes"/>
    <tag k="maxspeed" v="50"/>
    <tag k="name" v="Grunerstraße"/>
    <tag k="name:etymology:wikidata" v="Q215507"/>
    <tag k="name:ja" v="グルネル通り"/>
    <tag k="oneway" v="yes"/>
    <tag k="parking:both" v="no"/>
    <tag k="postal_code" v="10179"/>
    <tag k="priority_road" v="designated"/>
    <tag k="ref" v="B 1"/>
    <tag k="sidewalk:left" v="no"/>
    <tag k="sidewalk:right" v="separate"/>
    <tag k="smoothness" v="excellent"/>
    <tag k="source:maxspeed" v="DE:urban"/>
    <tag k="surface" v="asphalt"/>
    <tag k="wikidata" v="Q1550809"/>
    <tag k="wikimedia_commons" v="Category:Grunerstraße (Berlin-Mitte)"/>
    <tag k="wikipedia" v="de:Grunerstraße (Berlin)"/>
    <tag k="zone:traffic" v="DE:urban"/>
  </way>
  <way id="301241480">
    <nd ref="8280893011"/>
    <nd ref="8280893010"/>
    <tag k="highway" v="cycleway"/>
    <tag k="lit" v="yes"/>
    <tag k="oneway" v="no"/>
    <tag k="smoothness" v="excellent"/>
    <tag k="source:width" v="Luftbild 2025"/>
    <tag k="surface" v="asphalt"/>
    <tag k="surface:colour" v="red"/>
    <tag k="traffic_sign" v="none"/>
    <tag k="width" v="2.6"/>
  </way>
  <way id="301241483">
    <nd ref="1566942204"/>
    <nd ref="967017840"/>
    <nd ref="1256247780"/>
    <nd ref="6795798241"/>
    <nd ref="667465427"/>
    <nd ref="1166137168"/>
    <tag k="cycleway:left" v="no"/>
    <tag k="cycleway:right" v="lane"/>
    <tag k="cycleway:right:buffer:both" v="no"/>
    <tag k="cycleway:right:lane" v="exclusive"/>
    <tag k="cycleway:right:marking:both" v="solid_line"/>
    <tag k="cycleway:right:oneway" v="yes"/>
    <tag k="cycleway:right:surface" v="asphalt"/>
    <tag k="cycleway:right:surface:colour" v="green"/>
    <tag k="cycleway:right:traffic_sign" v="none"/>
    <tag k="cycleway:right:width" v="2"/>
    <tag k="dual_carriageway" v="yes"/>
    <tag k="foot" v="use_sidepath"/>
    <tag k="highway" v="primary"/>
    <tag k="lanes" v="3"/>
    <tag k="lit" v="yes"/>
    <tag k="maxspeed" v="50"/>
    <tag k="name" v="Alexanderstraße"/>
    <tag k="name:etymology:wikidata" v="Q15193"/>
    <tag k="name:ja" v="アレクサンダー通り"/>
    <tag k="old_name" v="Alexanderstraße (22.05.1819-1933);Alexanderplatz (1933-01.02.2006)"/>
    <tag k="oneway" v="yes"/>
    <tag k="parking:both" v="no"/>
    <tag k="ref" v="B 2;B 5"/>
    <tag k="sidewalk:left" v="no"/>
    <tag k="sidewalk:right" v="separate"/>
    <tag k="smoothness" v="good"/>
    <tag k="source:cycleway:right:width" v="Luftbild 2025"/>
    <tag k="source:maxspeed" v="DE:urban"/>
    <tag k="surface" v="asphalt"/>
    <tag k="wikidata" v="Q17486182"/>
    <tag k="zone:traffic" v="DE:urban"/>
  </way>
  <way id="301610520">
    <nd ref="3056826813"/>
    <nd ref="12098559985"/>
    <nd ref="3058268517"/>
    <tag k="cycleway:left" v="no"/>
    <tag k="cycleway:right" v="lane"/>
    <tag k="cycleway:right:buffer:both" v="no"/>
    <tag k="cycleway:right:lane" v="advisory"/>
    <tag k="cycleway:right:marking:both" v="dashed_line"/>
    <tag k="cycleway:right:oneway" v="yes"/>
    <tag k="cycleway:right:surface" v="asphalt"/>
    <tag k="cycleway:right:surface:colour" v="red"/>
    <tag k="cycleway:right:traffic_sign" v="none"/>
    <tag k="cycleway:right:width" v="1.5"/>
    <tag k="dual_carriageway" v="yes"/>
    <tag k="foot" v="use_sidepath"/>
    <tag k="highway" v="primary"/>
    <tag k="lanes" v="3"/>
    <tag k="lit" v="yes"/>
    <tag k="maxspeed" v="50"/>
    <tag k="name" v="Alexanderstraße"/>
    <tag k="name:etymology:wikidata" v="Q15193"/>
    <tag k="name:ja" v="アレクサンダー通り"/>
    <tag k="old_name" v="Alexanderstraße (22.05.1819-1933);Alexanderplatz (1933-01.02.2006)"/>
    <tag k="oneway" v="yes"/>
    <tag k="parking:both" v="no"/>
    <tag k="priority_road" v="designated"/>
    <tag k="ref" v="B 2;B 5"/>
    <tag k="sidewalk:left" v="no"/>
    <tag k="sidewalk:right" v="separate"/>
    <tag k="smoothness" v="good"/>
    <tag k="source:cycleway:right:width" v="infra3D"/>
    <tag k="source:maxspeed" v="DE:urban"/>
    <tag k="surface" v="asphalt"/>
    <tag k="turn:lanes" v="left|through|through;right"/>
    <tag k="wikidata" v="Q17486182"/>
    <tag k="zone:traffic" v="DE:urban"/>
  </way>
  <way id="301733776">
    <nd ref="3058268517"/>
    <nd ref="3058268518"/>
    <tag k="cycleway:left" v="no"/>
    <tag k="cycleway:right" v="lane"/>
    <tag k="cycleway:right:buffer:both" v="no"/>
    <tag k="cycleway:right:lane" v="advisory"/>
    <tag k="cycleway:right:marking:both" v="dashed_line"/>
    <tag k="cycleway:right:oneway" v="yes"/>
    <tag k="cycleway:right:surface" v="asphalt"/>
    <tag k="cycleway:right:surface:colour" v="red"/>
    <tag k="cycleway:right:traffic_sign" v="none"/>
    <tag k="cycleway:right:width" v="1.5"/>
    <tag k="dual_carriageway" v="yes"/>
    <tag k="foot" v="use_sidepath"/>
    <tag k="highway" v="primary"/>
    <tag k="lanes" v="4"/>
    <tag k="lit" v="yes"/>
    <tag k="maxspeed" v="50"/>
    <tag k="name" v="Alexanderstraße"/>
    <tag k="name:etymology:wikidata" v="Q15193"/>
    <tag k="name:ja" v="アレクサンダー通り"/>
    <tag k="old_name" v="Alexanderstraße (22.05.1819-1933);Alexanderplatz (1933-01.02.2006)"/>
    <tag k="oneway" v="yes"/>
    <tag k="parking:both" v="no"/>
    <tag k="priority_road" v="designated"/>
    <tag k="ref" v="B 2;B 5"/>
    <tag k="sidewalk:left" v="no"/>
    <tag k="sidewalk:right" v="separate"/>
    <tag k="smoothness" v="good"/>
    <tag k="source:cycleway:right:width" v="infra3D"/>
    <tag k="source:maxspeed" v="DE:urban"/>
    <tag k="surface" v="asphalt"/>
    <tag k="turn:lanes" v="left|through|through|right"/>
    <tag k="wikidata" v="Q17486182"/>
    <tag k="zone:traffic" v="DE:urban"/>
  </way>
  <way id="301733777">
    <nd ref="3058268518"/>
    <nd ref="3157297150"/>
    <nd ref="961807418"/>
    <nd ref="3137765277"/>
    <nd ref="29221586"/>
    <tag k="cycleway:left" v="no"/>
    <tag k="cycleway:right" v="lane"/>
    <tag k="cycleway:right:buffer:both" v="no"/>
    <tag k="cycleway:right:lane" v="advisory"/>
    <tag k="cycleway:right:marking:both" v="solid_line"/>
    <tag k="cycleway:right:oneway" v="yes"/>
    <tag k="cycleway:right:surface" v="asphalt"/>
    <tag k="cycleway:right:surface:colour" v="red"/>
    <tag k="cycleway:right:traffic_sign" v="none"/>
    <tag k="cycleway:right:width" v="1.5"/>
    <tag k="dual_carriageway" v="yes"/>
    <tag k="foot" v="use_sidepath"/>
    <tag k="highway" v="primary"/>
    <tag k="lanes" v="4"/>
    <tag k="lit" v="yes"/>
    <tag k="maxspeed" v="50"/>
    <tag k="name" v="Alexanderstraße"/>
    <tag k="name:etymology:wikidata" v="Q15193"/>
    <tag k="name:ja" v="アレクサンダー通り"/>
    <tag k="old_name" v="Alexanderstraße (22.05.1819-1933);Alexanderplatz (1933-01.02.2006)"/>
    <tag k="oneway" v="yes"/>
    <tag k="parking:both" v="no"/>
    <tag k="priority_road" v="designated"/>
    <tag k="ref" v="B 2;B 5"/>
    <tag k="sidewalk:left" v="no"/>
    <tag k="sidewalk:right" v="separate"/>
    <tag k="smoothness" v="good"/>
    <tag k="source:cycleway:right:width" v="infra3D"/>
    <tag k="source:maxspeed" v="DE:urban"/>
    <tag k="surface" v="asphalt"/>
    <tag k="turn:lanes" v="left|through|through|right"/>
    <tag k="wikidata" v="Q17486182"/>
    <tag k="zone:traffic" v="DE:urban"/>
  </way>
  <way id="304987178">
    <nd ref="3095536667"/>
    <nd ref="3182529386"/>
    <nd ref="3095536723"/>
    <tag k="bicycle" v="yes"/>
    <tag k="highway" v="pedestrian"/>
    <tag k="lit" v="yes"/>
    <tag k="noname" v="yes"/>
    <tag k="smoothness" v="good"/>
    <tag k="surface" v="paving_stones"/>
  </way>
  <way id="305093247">
    <nd ref="1275468905"/>
    <nd ref="2054664424"/>
    <nd ref="2054664417"/>
    <nd ref="3096724668"/>
    <tag k="cycleway:left" v="no"/>
    <tag k="cycleway:right" v="lane"/>
    <tag k="cycleway:right:buffer:both" v="no"/>
    <tag k="cycleway:right:lane" v="exclusive"/>
    <tag k="cycleway:right:marking:both" v="dashed_line"/>
    <tag k="cycleway:right:marking:left" v="dashed_line"/>
    <tag k="cycleway:right:marking:right" v="barred_area"/>
    <tag k="cycleway:right:oneway" v="yes"/>
    <tag k="cycleway:right:surface" v="asphalt"/>
    <tag k="cycleway:right:surface:colour" v="red"/>
    <tag k="cycleway:right:traffic_sign" v="none"/>
    <tag k="cycleway:right:width" v="1.5"/>
    <tag k="dual_carriageway" v="yes"/>
    <tag k="foot" v="use_sidepath"/>
    <tag k="highway" v="primary"/>
    <tag k="lanes" v="3"/>
    <tag k="lit" v="yes"/>
    <tag k="maxspeed" v="50"/>
    <tag k="name" v="Alexanderstraße"/>
    <tag k="name:etymology:wikidata" v="Q15193"/>
    <tag k="name:ja" v="アレクサンダー通り"/>
    <tag k="old_name" v="Alexanderstraße (22.05.1819-1933);Alexanderplatz (1933-01.02.2006)"/>
    <tag k="oneway" v="yes"/>
    <tag k="parking:both" v="no"/>
    <tag k="ref" v="B 2;B 5"/>
    <tag k="sidewalk:left" v="no"/>
    <tag k="sidewalk:right" v="separate"/>
    <tag k="smoothness" v="good"/>
    <tag k="source:cycleway:right:width" v="infra3D"/>
    <tag k="source:maxspeed" v="DE:urban"/>
    <tag k="surface" v="asphalt"/>
    <tag k="wikidata" v="Q17486182"/>
    <tag k="wikimedia_commons" v="Category:Alexanderstraße (Berlin-Mitte)"/>
    <tag k="zone:traffic" v="DE:urban"/>
  </way>
  <way id="305093328">
    <nd ref="271670135"/>
    <nd ref="2054664382"/>
    <nd ref="1752085816"/>
    <nd ref="667465428"/>
    <tag k="cycleway:left" v="no"/>
    <tag k="cycleway:right" v="lane"/>
    <tag k="cycleway:right:buffer:both" v="no"/>
    <tag k="cycleway:right:lane" v="advisory"/>
    <tag k="cycleway:right:marking:both" v="dashed_line"/>
    <tag k="cycleway:right:marking:left" v="dashed_line"/>
    <tag k="cycleway:right:marking:right" v="barred_area"/>
    <tag k="cycleway:right:oneway" v="yes"/>
    <tag k="cycleway:right:surface" v="asphalt"/>
    <tag k="cycleway:right:surface:colour" v="red"/>
    <tag k="cycleway:right:traffic_sign" v="none"/>
    <tag k="cycleway:right:width" v="1.5"/>
    <tag k="dual_carriageway" v="yes"/>
    <tag k="foot" v="use_sidepath"/>
    <tag k="highway" v="primary"/>
    <tag k="lanes" v="3"/>
    <tag k="lit" v="yes"/>
    <tag k="maxspeed" v="50"/>
    <tag k="name" v="Alexanderstraße"/>
    <tag k="name:etymology:wikidata" v="Q15193"/>
    <tag k="name:ja" v="アレクサンダー通り"/>
    <tag k="old_name" v="Alexanderstraße (22.05.1819-1933);Alexanderplatz (1933-01.02.2006)"/>
    <tag k="oneway" v="yes"/>
    <tag k="parking:both" v="no"/>
    <tag k="ref" v="B 2;B 5"/>
    <tag k="sidewalk:left" v="no"/>
    <tag k="sidewalk:right" v="separate"/>
    <tag k="smoothness" v="good"/>
    <tag k="source:cycleway:right:width" v="infra3D"/>
    <tag k="source:maxspeed" v="DE:urban"/>
    <tag k="surface" v="asphalt"/>
    <tag k="wikidata" v="Q17486182"/>
    <tag k="zone:traffic" v="DE:urban"/>
  </way>
  <way id="309155392">
    <nd ref="3144862329"/>
    <nd ref="6744165043"/>
    <tag k="cycleway:left" v="no"/>
    <tag k="cycleway:right" v="lane"/>
    <tag k="cycleway:right:lane" v="exclusive"/>
    <tag k="dual_carriageway" v="yes"/>
    <tag k="foot" v="use_sidepath"/>
    <tag k="highway" v="primary"/>
    <tag k="lanes" v="2"/>
    <tag k="lit" v="yes"/>
    <tag k="maxspeed" v="50"/>
    <tag k="name" v="Grunerstraße"/>
    <tag k="name:etymology:wikidata" v="Q215507"/>
    <tag k="name:ja" v="グルネル通り"/>
    <tag k="oneway" v="yes"/>
    <tag k="parking:both" v="no"/>
    <tag k="parking:right:restriction" v="no_stopping"/>
    <tag k="postal_code" v="10179"/>
    <tag k="ref" v="B 1"/>
    <tag k="sidewalk:left" v="no"/>
    <tag k="sidewalk:right" v="separate"/>
    <tag k="smoothness" v="good"/>
    <tag k="source:maxspeed" v="DE:urban"/>
    <tag k="surface" v="asphalt"/>
    <tag k="wikidata" v="Q1550809"/>
    <tag k="wikimedia_commons" v="Category:Grunerstraße (Berlin-Mitte)"/>
    <tag k="wikipedia" v="de:Grunerstraße (Berlin)"/>
    <tag k="zone:traffic" v="DE:urban"/>
  </way>
  <way id="309479676">
    <nd ref="262468768"/>
    <nd ref="12376975992"/>
    <nd ref="10567768908"/>
    <nd ref="21582728"/>
    <tag k="bicycle" v="use_sidepath"/>
    <tag k="cycleway:left" v="no"/>
    <tag k="cycleway:right" v="separate"/>
    <tag k="dual_carriageway" v="yes"/>
    <tag k="foot" v="use_sidepath"/>
    <tag k="highway" v="primary"/>
    <tag k="lane_markings" v="yes"/>
    <tag k="lanes" v="3"/>
    <tag k="lit" v="yes"/>
    <tag k="maxspeed" v="50"/>
    <tag k="name" v="Grunerstraße"/>
    <tag k="name:etymology:wikidata" v="Q215507"/>
    <tag k="name:ja" v="グルネル通り"/>
    <tag k="oneway" v="yes"/>
    <tag k="parking:both" v="no"/>
    <tag k="postal_code" v="10179"/>
    <tag k="priority_road" v="designated"/>
    <tag k="ref" v="B 1"/>
    <tag k="sidewalk:left" v="no"/>
    <tag k="sidewalk:right" v="separate"/>
    <tag k="smoothness" v="excellent"/>
    <tag k="source:maxspeed" v="DE:urban"/>
    <tag k="surface" v="asphalt"/>
    <tag k="wikidata" v="Q1550809"/>
    <tag k="wikimedia_commons" v="Category:Grunerstraße (Berlin-Mitte)"/>
    <tag k="wikipedia" v="de:Grunerstraße (Berlin)"/>
    <tag k="zone:traffic" v="DE:urban"/>
  </way>
  <way id="309489394">
    <nd ref="3148263653"/>
    <nd ref="3148263649"/>
    <nd ref="10567769018"/>
    <nd ref="3148263654"/>
    <tag k="footway" v="sidewalk"/>
    <tag k="highway" v="footway"/>
    <tag k="lit" v="yes"/>
    <tag k="postal_code" v="10179"/>
    <tag k="smoothness" v="good"/>
    <tag k="surface" v="paving_stones"/>
  </way>
  <way id="309489395">
    <nd ref="3148263654"/>
    <nd ref="3148263655"/>
    <tag k="check_date:surface" v="2026-01-14"/>
    <tag k="colonnade:left" v="open"/>
    <tag k="covered" v="colonnade"/>
    <tag k="footway" v="sidewalk"/>
    <tag k="highway" v="footway"/>
    <tag k="layer" v="-1"/>
    <tag k="lit" v="yes"/>
    <tag k="postal_code" v="10179"/>
    <tag k="smoothness" v="good"/>
    <tag k="surface" v="paving_stones"/>
  </way>
  <way id="309848025">
    <nd ref="3151867673"/>
    <nd ref="3151867674"/>
    <tag k="colonnade:left" v="open"/>
    <tag k="covered" v="colonnade"/>
    <tag k="footway" v="sidewalk"/>
    <tag k="highway" v="footway"/>
    <tag k="lit" v="yes"/>
    <tag k="paving_stones:width" v="35"/>
    <tag k="postal_code" v="10179"/>
    <tag k="smoothness" v="good"/>
    <tag k="surface" v="paving_stones"/>
  </way>
  <way id="309848027">
    <nd ref="3151867674"/>
    <nd ref="3153670928"/>
    <nd ref="3153670927"/>
    <tag k="footway" v="sidewalk"/>
    <tag k="highway" v="footway"/>
    <tag k="is_sidepath" v="yes"/>
    <tag k="is_sidepath:of" v="primary"/>
    <tag k="lit" v="yes"/>
    <tag k="paving_stones:width" v="35"/>
    <tag k="postal_code" v="10179"/>
    <tag k="smoothness" v="good"/>
    <tag k="surface" v="paving_stones"/>
  </way>
  <way id="310010118">
    <nd ref="3153662377"/>
    <nd ref="11427599942"/>
    <nd ref="3153662378"/>
    <tag k="covered" v="yes"/>
    <tag k="footway" v="sidewalk"/>
    <tag k="highway" v="footway"/>
    <tag k="lit" v="yes"/>
    <tag k="paving_stones:width" v="35"/>
    <tag k="postal_code" v="10178"/>
    <tag k="smoothness" v="good"/>
    <tag k="surface" v="paving_stones"/>
  </way>
  <way id="310010119">
    <nd ref="3153662378"/>
    <nd ref="3179627076"/>
    <tag k="footway" v="sidewalk"/>
    <tag k="highway" v="footway"/>
    <tag k="lit" v="yes"/>
    <tag k="paving_stones:width" v="35"/>
    <tag k="postal_code" v="10178"/>
    <tag k="smoothness" v="good"/>
    <tag k="surface" v="paving_stones"/>
  </way>
  <way id="310010749">
    <nd ref="10969821837"/>
    <nd ref="3153670928"/>
    <nd ref="2938440447"/>
    <tag k="highway" v="footway"/>
    <tag k="lit" v="yes"/>
    <tag k="postal_code" v="10179"/>
    <tag k="smoothness" v="good"/>
    <tag k="surface" v="paving_stones"/>
  </way>
  <way id="310177222">
    <nd ref="12947341176"/>
    <nd ref="29219454"/>
    <nd ref="262487190"/>
    <nd ref="539782360"/>
    <nd ref="29219453"/>
    <nd ref="539782362"/>
    <nd ref="13478797558"/>
    <nd ref="2953926275"/>
    <tag k="check_date:cycleway" v="2024-12-31"/>
    <tag k="cycleway:both" v="no"/>
    <tag k="highway" v="residential"/>
    <tag k="lanes" v="1"/>
    <tag k="lit" v="yes"/>
    <tag k="maxspeed" v="30"/>
    <tag k="name" v="Dircksenstraße"/>
    <tag k="name:etymology:wikidata" v="Q100704"/>
    <tag k="oneway" v="no"/>
    <tag k="parking:both" v="lane"/>
    <tag k="parking:both:fee" v="yes"/>
    <tag k="parking:both:fee:conditional" v="no @ (Mo-Fr 00:00-09:00,22:00-24:00; Su)"/>
    <tag k="parking:both:orientation" v="parallel"/>
    <tag k="parking:both:zone" v="3"/>
    <tag k="postal_code" v="10178"/>
    <tag k="sidewalk" v="both"/>
    <tag k="sidewalk:both:surface" v="paving_stones"/>
    <tag k="smoothness" v="good"/>
    <tag k="source:width" v="ARCore"/>
    <tag k="surface" v="asphalt"/>
    <tag k="width" v="8.2"/>
    <tag k="wikidata" v="Q60560486"/>
    <tag k="wikimedia_commons" v="Category:Dircksenstraße (Berlin-Mitte)"/>
  </way>
  <way id="310184131">
    <nd ref="3730797382"/>
    <nd ref="10969815205"/>
    <nd ref="3153666985"/>
    <nd ref="3179641633"/>
    <nd ref="9530372102"/>
    <nd ref="677136769"/>
    <tag k="footway" v="sidewalk"/>
    <tag k="highway" v="footway"/>
    <tag k="is_sidepath" v="yes"/>
    <tag k="is_sidepath:of" v="primary"/>
    <tag k="lit" v="yes"/>
    <tag k="paving_stones:width" v="35"/>
    <tag k="postal_code" v="10178"/>
    <tag k="smoothness" v="good"/>
    <tag k="surface" v="paving_stones"/>
  </way>
  <way id="310320077">
    <nd ref="3192342856"/>
    <nd ref="13535535075"/>
    <tag k="footway" v="crossing"/>
    <tag k="highway" v="footway"/>
    <tag k="lit" v="yes"/>
    <tag k="postal_code" v="10179"/>
    <tag k="smoothness" v="excellent"/>
    <tag k="surface" v="asphalt"/>
  </way>
  <way id="310849037">
    <nd ref="3163433362"/>
    <nd ref="3163433363"/>
    <tag k="check_date:cycleway" v="2024-12-31"/>
    <tag k="cycleway:both" v="no"/>
    <tag k="foot" v="no"/>
    <tag k="highway" v="primary_link"/>
    <tag k="lanes" v="2"/>
    <tag k="lit" v="yes"/>
    <tag k="maxspeed" v="50"/>
    <tag k="oneway" v="no"/>
    <tag k="parking:both" v="no"/>
    <tag k="postal_code" v="10178"/>
    <tag k="sidewalk" v="no"/>
    <tag k="source:maxspeed" v="DE:urban"/>
    <tag k="surface" v="cobblestone:flattened"/>
  </way>
  <way id="311691564">
    <nd ref="3174192367"/>
    <nd ref="3174192369"/>
    <nd ref="3527866821"/>
    <nd ref="3174192372"/>
    <tag k="footway" v="sidewalk"/>
    <tag k="highway" v="footway"/>
    <tag k="is_sidepath" v="yes"/>
    <tag k="is_sidepath:of" v="primary"/>
    <tag k="lit" v="yes"/>
    <tag k="paving_stones:width" v="35"/>
    <tag k="postal_code" v="10178"/>
    <tag k="smoothness" v="good"/>
    <tag k="surface" v="paving_stones"/>
  </way>
  <way id="311691565">
    <nd ref="10969709391"/>
    <nd ref="3174192367"/>
    <tag k="footway" v="sidewalk"/>
    <tag k="highway" v="footway"/>
    <tag k="is_sidepath" v="yes"/>
    <tag k="is_sidepath:of" v="primary"/>
    <tag k="lit" v="yes"/>
    <tag k="paving_stones:width" v="35"/>
    <tag k="postal_code" v="10178"/>
    <tag k="smoothness" v="good"/>
    <tag k="surface" v="paving_stones"/>
  </way>
  <way id="312019436">
    <nd ref="3178298662"/>
    <nd ref="3174192371"/>
    <nd ref="3174192373"/>
    <nd ref="3180211040"/>
    <nd ref="3180211045"/>
    <tag k="footway" v="sidewalk"/>
    <tag k="highway" v="footway"/>
    <tag k="is_sidepath" v="yes"/>
    <tag k="is_sidepath:of" v="primary"/>
    <tag k="lit" v="yes"/>
    <tag k="smoothness" v="intermediate"/>
    <tag k="surface" v="sett"/>
  </way>
  <way id="312125717">
    <nd ref="3179600537"/>
    <nd ref="9460832685"/>
    <nd ref="3192342857"/>
    <nd ref="3155678625"/>
    <tag k="footway" v="sidewalk"/>
    <tag k="highway" v="footway"/>
    <tag k="lit" v="yes"/>
    <tag k="paving_stones:width" v="40"/>
    <tag k="postal_code" v="10179"/>
    <tag k="smoothness" v="intermediate"/>
    <tag k="surface" v="paving_stones"/>
  </way>
  <way id="312126779">
    <nd ref="3155678625"/>
    <nd ref="12035159940"/>
    <nd ref="3179614625"/>
    <nd ref="3179614626"/>
    <tag k="crossing" v="unmarked"/>
    <tag k="crossing:island" v="yes"/>
    <tag k="crossing:markings" v="no"/>
    <tag k="footway" v="crossing"/>
    <tag k="highway" v="footway"/>
    <tag k="lit" v="yes"/>
    <tag k="postal_code" v="10179"/>
    <tag k="surface" v="asphalt"/>
    <tag k="tactile_paving" v="yes"/>
  </way>
  <way id="312126780">
    <nd ref="3179614626"/>
    <nd ref="3153662376"/>
    <nd ref="12035159946"/>
    <nd ref="3153662377"/>
    <tag k="footway" v="sidewalk"/>
    <tag k="highway" v="footway"/>
    <tag k="lit" v="yes"/>
    <tag k="paving_stones:width" v="40"/>
    <tag k="postal_code" v="10178"/>
    <tag k="smoothness" v="intermediate"/>
    <tag k="surface" v="paving_stones"/>
  </way>
  <way id="312127196">
    <nd ref="3179627076"/>
    <nd ref="3179627077"/>
    <nd ref="3179627078"/>
    <tag k="footway" v="crossing"/>
    <tag k="highway" v="footway"/>
    <tag k="lit" v="yes"/>
    <tag k="postal_code" v="10178"/>
    <tag k="smoothness" v="good"/>
    <tag k="surface" v="asphalt"/>
  </way>
  <way id="312127197">
    <nd ref="3179627078"/>
    <nd ref="3151867673"/>
    <tag k="footway" v="sidewalk"/>
    <tag k="highway" v="footway"/>
    <tag k="lit" v="yes"/>
    <tag k="paving_stones:width" v="35"/>
    <tag k="postal_code" v="10179"/>
    <tag k="smoothness" v="good"/>
    <tag k="surface" v="paving_stones"/>
  </way>
  <way id="312138362">
    <nd ref="3174192372"/>
    <nd ref="3527851368"/>
    <nd ref="3527851370"/>
    <nd ref="3178298662"/>
    <tag k="footway" v="sidewalk"/>
    <tag k="highway" v="footway"/>
    <tag k="is_sidepath" v="yes"/>
    <tag k="is_sidepath:of" v="primary"/>
    <tag k="lit" v="yes"/>
    <tag k="paving_stones:width" v="35"/>
    <tag k="postal_code" v="10179"/>
    <tag k="smoothness" v="excellent"/>
    <tag k="surface" v="paving_stones"/>
  </way>
  <way id="312175515">
    <nd ref="3180211041"/>
    <nd ref="3180211042"/>
    <tag k="covered" v="yes"/>
    <tag k="footway" v="sidewalk"/>
    <tag k="highway" v="footway"/>
    <tag k="lit" v="yes"/>
    <tag k="paving_stones:width" v="40"/>
    <tag k="postal_code" v="10178"/>
    <tag k="smoothness" v="intermediate"/>
    <tag k="surface" v="paving_stones"/>
  </way>
  <way id="312175518">
    <nd ref="3180211042"/>
    <nd ref="3180211043"/>
    <tag k="footway" v="sidewalk"/>
    <tag k="highway" v="footway"/>
    <tag k="lit" v="yes"/>
    <tag k="paving_stones:width" v="40"/>
    <tag k="postal_code" v="10178"/>
    <tag k="smoothness" v="good"/>
    <tag k="surface" v="paving_stones"/>
  </way>
  <way id="312175521">
    <nd ref="3180211043"/>
    <nd ref="3182192539"/>
    <tag k="footway" v="crossing"/>
    <tag k="highway" v="footway"/>
    <tag k="lit" v="yes"/>
    <tag k="postal_code" v="10179"/>
    <tag k="smoothness" v="good"/>
    <tag k="surface" v="asphalt"/>
  </way>
  <way id="312175524">
    <nd ref="3180211044"/>
    <nd ref="3180211041"/>
    <tag k="footway" v="sidewalk"/>
    <tag k="highway" v="footway"/>
    <tag k="lit" v="yes"/>
    <tag k="postal_code" v="10179"/>
    <tag k="smoothness" v="intermediate"/>
    <tag k="surface" v="paving_stones"/>
  </way>
  <way id="312175526">
    <nd ref="3180211045"/>
    <nd ref="3180213035"/>
    <nd ref="3180211044"/>
    <tag k="footway" v="crossing"/>
    <tag k="highway" v="footway"/>
    <tag k="lit" v="yes"/>
    <tag k="smoothness" v="bad"/>
    <tag k="surface" v="sett"/>
  </way>
  <way id="312176585">
    <nd ref="13105940449"/>
    <nd ref="3527866836"/>
    <nd ref="13105940450"/>
    <tag k="bicycle" v="yes"/>
    <tag k="highway" v="pedestrian"/>
    <tag k="lit" v="yes"/>
    <tag k="mapillary" v="507239815701223"/>
    <tag k="name" v="Dircksenstraße"/>
    <tag k="name:etymology:wikidata" v="Q100704"/>
    <tag k="oneway" v="no"/>
    <tag k="parking:both" v="no"/>
    <tag k="postal_code" v="10179"/>
    <tag k="sidewalk" v="both"/>
    <tag k="smoothness" v="intermediate"/>
    <tag k="source:width" v="ARCore"/>
    <tag k="surface" v="paving_stones"/>
    <tag k="traffic_sign" v="DE:250,1022-10"/>
    <tag k="vehicle" v="no"/>
    <tag k="width" v="10"/>
    <tag k="wikidata" v="Q60560486"/>
    <tag k="wikimedia_commons" v="Category:Dircksenstraße (Berlin-Mitte)"/>
  </way>
  <way id="312357351">
    <nd ref="2121324871"/>
    <nd ref="9583740892"/>
    <nd ref="3149959398"/>
    <nd ref="10567769019"/>
    <nd ref="11330435898"/>
    <nd ref="9583740875"/>
    <nd ref="10567769016"/>
    <nd ref="9583740872"/>
    <nd ref="262468768"/>
    <tag k="bicycle" v="use_sidepath"/>
    <tag k="cycleway:left" v="no"/>
    <tag k="cycleway:right" v="separate"/>
    <tag k="dual_carriageway" v="yes"/>
    <tag k="foot" v="use_sidepath"/>
    <tag k="highway" v="primary"/>
    <tag k="lane_markings" v="yes"/>
    <tag k="lanes" v="3"/>
    <tag k="lit" v="yes"/>
    <tag k="maxspeed" v="50"/>
    <tag k="name" v="Grunerstraße"/>
    <tag k="name:etymology:wikidata" v="Q215507"/>
    <tag k="name:ja" v="グルネル通り"/>
    <tag k="oneway" v="yes"/>
    <tag k="parking:both" v="no"/>
    <tag k="postal_code" v="10179"/>
    <tag k="priority_road" v="designated"/>
    <tag k="ref" v="B 1"/>
    <tag k="sidewalk:left" v="no"/>
    <tag k="sidewalk:right" v="separate"/>
    <tag k="smoothness" v="excellent"/>
    <tag k="source:maxspeed" v="DE:urban"/>
    <tag k="surface" v="asphalt"/>
    <tag k="wikidata" v="Q1550809"/>
    <tag k="wikimedia_commons" v="Category:Grunerstraße (Berlin-Mitte)"/>
    <tag k="zone:traffic" v="DE:urban"/>
  </way>
  <way id="312362360">
    <nd ref="3151820958"/>
    <nd ref="3183974425"/>
    <nd ref="3148263653"/>
    <tag k="check_date:surface" v="2023-01-11"/>
    <tag k="colonnade:left" v="open"/>
    <tag k="covered" v="colonnade"/>
    <tag k="footway" v="sidewalk"/>
    <tag k="highway" v="footway"/>
    <tag k="lit" v="yes"/>
    <tag k="postal_code" v="10179"/>
    <tag k="smoothness" v="excellent"/>
    <tag k="surface" v="paving_stones"/>
  </way>
  <way id="312392972">
    <nd ref="3182529367"/>
    <nd ref="13105519352"/>
    <nd ref="4945782397"/>
    <nd ref="13105519349"/>
    <nd ref="8793912194"/>
    <nd ref="9721107185"/>
    <nd ref="9721107186"/>
    <nd ref="3182529382"/>
    <tag k="bicycle" v="yes"/>
    <tag k="highway" v="pedestrian"/>
    <tag k="lit" v="yes"/>
    <tag k="noname" v="yes"/>
    <tag k="smoothness" v="good"/>
    <tag k="surface" v="paving_stones"/>
  </way>
  <way id="312392973">
    <nd ref="3182529369"/>
    <nd ref="10814123055"/>
    <nd ref="6437013423"/>
    <tag k="bicycle" v="yes"/>
    <tag k="highway" v="pedestrian"/>
    <tag k="lit" v="yes"/>
    <tag k="noname" v="yes"/>
    <tag k="smoothness" v="excellent"/>
    <tag k="surface" v="paving_stones"/>
  </way>
  <way id="312392974">
    <nd ref="3792418606"/>
    <nd ref="6447810045"/>
    <nd ref="6447810046"/>
    <nd ref="10814123052"/>
    <nd ref="10196222619"/>
    <nd ref="10188332726"/>
    <nd ref="2298016645"/>
    <nd ref="6437013423"/>
    <nd ref="9213873349"/>
    <nd ref="9213873348"/>
    <tag k="footway" v="sidewalk"/>
    <tag k="highway" v="footway"/>
    <tag k="lit" v="yes"/>
    <tag k="noname" v="yes"/>
    <tag k="smoothness" v="excellent"/>
    <tag k="surface" v="paving_stones"/>
  </way>
  <way id="312392975">
    <nd ref="4945782397"/>
    <nd ref="4945782403"/>
    <nd ref="3182529386"/>
    <tag k="bicycle" v="yes"/>
    <tag k="highway" v="pedestrian"/>
    <tag k="lit" v="yes"/>
    <tag k="noname" v="yes"/>
    <tag k="smoothness" v="good"/>
    <tag k="surface" v="paving_stones"/>
  </way>
  <way id="312392977">
    <nd ref="3182529387"/>
    <nd ref="3182529380"/>
    <tag k="highway" v="pedestrian"/>
    <tag k="lit" v="yes"/>
    <tag k="noname" v="yes"/>
    <tag k="surface" v="paving_stones"/>
  </way>
  <way id="312493778">
    <nd ref="3151820959"/>
    <nd ref="3151820958"/>
    <tag k="footway" v="sidewalk"/>
    <tag k="highway" v="footway"/>
    <tag k="lit" v="yes"/>
    <tag k="paving_stones:width" v="35"/>
    <tag k="postal_code" v="10179"/>
    <tag k="smoothness" v="good"/>
    <tag k="surface" v="paving_stones"/>
  </way>
  <way id="312514710">
    <nd ref="2953920534"/>
    <nd ref="10189375730"/>
    <nd ref="961816249"/>
    <nd ref="21432801"/>
    <tag k="bicycle" v="use_sidepath"/>
    <tag k="cycleway:left" v="no"/>
    <tag k="cycleway:right" v="separate"/>
    <tag k="dual_carriageway" v="yes"/>
    <tag k="foot" v="use_sidepath"/>
    <tag k="highway" v="secondary"/>
    <tag k="lanes" v="3"/>
    <tag k="lit" v="yes"/>
    <tag k="maxspeed" v="50"/>
    <tag k="name" v="Alexanderstraße"/>
    <tag k="name:etymology:wikidata" v="Q15193"/>
    <tag k="name:ja" v="アレクサンダー通り"/>
    <tag k="note" v="Übergeordnete Straße, Stufe I"/>
    <tag k="oneway" v="yes"/>
    <tag k="parking:both" v="no"/>
    <tag k="postal_code" v="10178"/>
    <tag k="sidewalk:left" v="no"/>
    <tag k="sidewalk:right" v="separate"/>
    <tag k="smoothness" v="good"/>
    <tag k="source:maxspeed" v="DE:urban"/>
    <tag k="surface" v="asphalt"/>
    <tag k="turn:lanes" v="left|right|right"/>
    <tag k="wikidata" v="Q17486182"/>
  </way>
  <way id="312869977">
    <nd ref="962009695"/>
    <nd ref="3192342857"/>
    <tag k="bicycle" v="no"/>
    <tag k="check_date:surface" v="2023-09-01"/>
    <tag k="dog" v="leashed"/>
    <tag k="highway" v="footway"/>
    <tag k="lit" v="yes"/>
    <tag k="postal_code" v="10179"/>
    <tag k="surface" v="paving_stones"/>
  </way>
  <way id="313195119">
    <nd ref="3183806179"/>
    <nd ref="28795321"/>
    <tag k="bicycle" v="optional_sidepath"/>
    <tag k="cycleway:left" v="no"/>
    <tag k="cycleway:right" v="separate"/>
    <tag k="dual_carriageway" v="yes"/>
    <tag k="foot" v="use_sidepath"/>
    <tag k="highway" v="secondary"/>
    <tag k="lanes" v="2"/>
    <tag k="lit" v="yes"/>
    <tag k="maxspeed" v="50"/>
    <tag k="name" v="Alexanderstraße"/>
    <tag k="name:etymology:wikidata" v="Q15193"/>
    <tag k="name:ja" v="アレクサンダー通り"/>
    <tag k="note" v="Übergeordnete Straße, Stufe I"/>
    <tag k="oneway" v="yes"/>
    <tag k="parking:both" v="no"/>
    <tag k="parking:right:restriction" v="no_stopping"/>
    <tag k="postal_code" v="10179"/>
    <tag k="priority_road" v="yes_unposted"/>
    <tag k="sidewalk:left" v="no"/>
    <tag k="sidewalk:right" v="separate"/>
    <tag k="smoothness" v="good"/>
    <tag k="source:maxspeed" v="DE:urban"/>
    <tag k="surface" v="asphalt"/>
    <tag k="wikidata" v="Q17486182"/>
  </way>
  <way id="313323170">
    <nd ref="3192342856"/>
    <nd ref="2894540726"/>
    <nd ref="2882261462"/>
    <nd ref="3513418923"/>
    <nd ref="2882261456"/>
    <nd ref="9460832689"/>
    <nd ref="5716766315"/>
    <nd ref="2882261448"/>
    <nd ref="2882261439"/>
    <tag k="footway" v="sidewalk"/>
    <tag k="highway" v="footway"/>
    <tag k="lit" v="yes"/>
    <tag k="smoothness" v="excellent"/>
    <tag k="surface" v="paving_stones"/>
  </way>
  <way id="313323171">
    <nd ref="3157319028"/>
    <nd ref="3148263649"/>
    <nd ref="437609972"/>
    <tag k="highway" v="footway"/>
    <tag k="lit" v="yes"/>
    <tag k="smoothness" v="good"/>
    <tag k="surface" v="paving_stones"/>
  </way>
  <way id="313646613">
    <nd ref="3196540472"/>
    <nd ref="30731514"/>
    <nd ref="2017413880"/>
    <nd ref="2017413879"/>
    <nd ref="30731467"/>
    <tag k="dual_carriageway" v="yes"/>
    <tag k="highway" v="primary"/>
    <tag k="lanes" v="2"/>
    <tag k="layer" v="-1"/>
    <tag k="lit" v="24/7"/>
    <tag k="maxheight" v="4"/>
    <tag k="maxspeed" v="50"/>
    <tag k="motorroad" v="yes"/>
    <tag k="name" v="Tunnel Alexanderplatz"/>
    <tag k="oneway" v="yes"/>
    <tag k="parking:both" v="no"/>
    <tag k="shoulder" v="no"/>
    <tag k="sidewalk" v="no"/>
    <tag k="smoothness" v="excellent"/>
    <tag k="surface" v="asphalt"/>
    <tag k="tunnel" v="yes"/>
    <tag k="zone:traffic" v="DE:urban"/>
  </way>
  <way id="313647501">
    <nd ref="30731467"/>
    <nd ref="2017413877"/>
    <nd ref="2017413876"/>
    <nd ref="6438955386"/>
    <tag k="check_date:cycleway" v="2024-12-31"/>
    <tag k="cutting" v="yes"/>
    <tag k="cycleway:both" v="no"/>
    <tag k="dual_carriageway" v="yes"/>
    <tag k="highway" v="primary"/>
    <tag k="incline" v="up"/>
    <tag k="lanes" v="2"/>
    <tag k="lit" v="yes"/>
    <tag k="maxheight" v="4"/>
    <tag k="maxspeed" v="50"/>
    <tag k="motorroad" v="yes"/>
    <tag k="name" v="Tunnel Alexanderplatz"/>
    <tag k="oneway" v="yes"/>
    <tag k="parking:both" v="no"/>
    <tag k="shoulder" v="no"/>
    <tag k="sidewalk" v="no"/>
    <tag k="smoothness" v="excellent"/>
    <tag k="surface" v="asphalt"/>
    <tag k="zone:traffic" v="DE:urban"/>
  </way>
  <way id="315245295">
    <nd ref="3153666983"/>
    <nd ref="10969821837"/>
    <tag k="bicycle" v="yes"/>
    <tag k="crossing" v="traffic_signals"/>
    <tag k="cycleway" v="crossing"/>
    <tag k="cycleway:surface" v="asphalt"/>
    <tag k="cycleway:width" v="2.5"/>
    <tag k="footway" v="crossing"/>
    <tag k="footway:surface" v="asphalt"/>
    <tag k="highway" v="footway"/>
    <tag k="lit" v="yes"/>
    <tag k="oneway" v="no"/>
    <tag k="postal_code" v="10179"/>
    <tag k="segregated" v="yes"/>
    <tag k="source:cycleway:width" v="ARCore"/>
    <tag k="surface" v="asphalt"/>
  </way>
  <way id="315245296">
    <nd ref="10969821839"/>
    <nd ref="2531338705"/>
    <nd ref="10969821838"/>
    <tag k="bicycle" v="yes"/>
    <tag k="cycleway" v="traffic_island"/>
    <tag k="cycleway:surface" v="asphalt"/>
    <tag k="cycleway:width" v="2.5"/>
    <tag k="footway" v="traffic_island"/>
    <tag k="footway:surface" v="paving_stones"/>
    <tag k="highway" v="footway"/>
    <tag k="lit" v="yes"/>
    <tag k="oneway" v="no"/>
    <tag k="postal_code" v="10179"/>
    <tag k="segregated" v="yes"/>
    <tag k="source:cycleway:width" v="Luftbild 2025"/>
  </way>
  <way id="316092515">
    <nd ref="3213513670"/>
    <nd ref="3144862329"/>
    <tag k="cycleway:left" v="no"/>
    <tag k="cycleway:right" v="lane"/>
    <tag k="cycleway:right:lane" v="exclusive"/>
    <tag k="cycleway:right:surface" v="asphalt"/>
    <tag k="cycleway:right:traffic_sign" v="none"/>
    <tag k="dual_carriageway" v="yes"/>
    <tag k="foot" v="use_sidepath"/>
    <tag k="highway" v="primary"/>
    <tag k="lanes" v="2"/>
    <tag k="lit" v="yes"/>
    <tag k="maxspeed" v="50"/>
    <tag k="name" v="Grunerstraße"/>
    <tag k="name:etymology:wikidata" v="Q215507"/>
    <tag k="name:ja" v="グルネル通り"/>
    <tag k="oneway" v="yes"/>
    <tag k="parking:both" v="no"/>
    <tag k="parking:right:restriction" v="no_stopping"/>
    <tag k="postal_code" v="10179"/>
    <tag k="ref" v="B 1"/>
    <tag k="sidewalk:left" v="no"/>
    <tag k="sidewalk:right" v="separate"/>
    <tag k="smoothness" v="good"/>
    <tag k="source:maxspeed" v="DE:urban"/>
    <tag k="surface" v="asphalt"/>
    <tag k="wikidata" v="Q1550809"/>
    <tag k="wikimedia_commons" v="Category:Grunerstraße (Berlin-Mitte)"/>
    <tag k="wikipedia" v="de:Grunerstraße (Berlin)"/>
    <tag k="zone:traffic" v="DE:urban"/>
  </way>
  <way id="320454751">
    <nd ref="3269713283"/>
    <nd ref="3269713274"/>
    <nd ref="4996018638"/>
    <tag k="highway" v="service"/>
    <tag k="service" v="driveway"/>
    <tag k="source" v="Bing"/>
    <tag k="surface" v="asphalt"/>
  </way>
  <way id="328920970">
    <nd ref="21487209"/>
    <nd ref="29219440"/>
    <tag k="cycleway:both" v="lane"/>
    <tag k="cycleway:both:buffer:both" v="no"/>
    <tag k="cycleway:both:lane" v="advisory"/>
    <tag k="cycleway:both:marking:both" v="dashed_line"/>
    <tag k="cycleway:both:oneway" v="yes"/>
    <tag k="cycleway:both:surface" v="asphalt"/>
    <tag k="cycleway:both:surface:colour" v="none"/>
    <tag k="cycleway:both:traffic_sign" v="none"/>
    <tag k="cycleway:both:width" v="1.5"/>
    <tag k="foot" v="use_sidepath"/>
    <tag k="highway" v="residential"/>
    <tag k="lit" v="yes"/>
    <tag k="maxspeed" v="30"/>
    <tag k="name" v="Rathausstraße"/>
    <tag k="name:etymology:wikidata" v="Q155210"/>
    <tag k="old_name" v="Königstraße"/>
    <tag k="parking:both" v="no"/>
    <tag k="parking:both:reason" v="junction"/>
    <tag k="postal_code" v="10178"/>
    <tag k="sidewalk:both" v="separate"/>
    <tag k="smoothness" v="good"/>
    <tag k="source:cycleway:both:width" v="Luftbild 2025"/>
    <tag k="source:width" v="Luftbild 2025"/>
    <tag k="surface" v="asphalt"/>
    <tag k="width" v="6"/>
    <tag k="wikidata" v="Q1689577"/>
    <tag k="wikimedia_commons" v="Category:Rathausstraße (Berlin-Mitte)"/>
    <tag k="wikipedia" v="de:Rathausstraße (Berlin)"/>
  </way>
  <way id="331883789">
    <nd ref="7578096976"/>
    <nd ref="7578096974"/>
    <nd ref="323204755"/>
    <tag k="check_date:cycleway" v="2024-12-31"/>
    <tag k="cycleway:both" v="no"/>
    <tag k="highway" v="service"/>
    <tag k="lit" v="yes"/>
    <tag k="maxspeed" v="30"/>
    <tag k="motor_vehicle" v="destination"/>
    <tag k="name" v="Waisenstraße"/>
    <tag k="postal_code" v="10179"/>
    <tag k="surface" v="asphalt"/>
  </way>
  <way id="331883793">
    <nd ref="2017413832"/>
    <nd ref="7578096976"/>
    <tag k="highway" v="footway"/>
    <tag k="lit" v="yes"/>
    <tag k="name" v="Waisenstraße"/>
    <tag k="name:etymology:wikidata" v="Q1464146"/>
    <tag k="postal_code" v="10179"/>
    <tag k="surface" v="paving_stones"/>
  </way>
  <way id="343965603">
    <nd ref="2721065874"/>
    <nd ref="10731220851"/>
    <tag k="handrail" v="no"/>
    <tag k="highway" v="steps"/>
    <tag k="incline" v="down"/>
    <tag k="level" v="0;-1"/>
    <tag k="lit" v="no"/>
    <tag k="ramp" v="no"/>
    <tag k="source:width" v="Luftbild 2025"/>
    <tag k="step_count" v="11"/>
    <tag k="surface" v="paving_stones"/>
    <tag k="tactile_paving" v="no"/>
    <tag k="width" v="15"/>
  </way>
  <way id="344594961">
    <nd ref="13755242871"/>
    <nd ref="13755242872"/>
    <nd ref="3513418930"/>
    <tag k="cycleway:left" v="no"/>
    <tag k="cycleway:right" v="lane"/>
    <tag k="dual_carriageway" v="yes"/>
    <tag k="foot" v="use_sidepath"/>
    <tag k="highway" v="primary"/>
    <tag k="lanes" v="3"/>
    <tag k="lit" v="yes"/>
    <tag k="maxspeed" v="50"/>
    <tag k="name" v="Grunerstraße"/>
    <tag k="name:etymology:wikidata" v="Q215507"/>
    <tag k="name:ja" v="グルネル通り"/>
    <tag k="oneway" v="yes"/>
    <tag k="parking:both" v="no"/>
    <tag k="postal_code" v="10179"/>
    <tag k="priority_road" v="designated"/>
    <tag k="ref" v="B 1"/>
    <tag k="sidewalk:left" v="no"/>
    <tag k="sidewalk:right" v="separate"/>
    <tag k="source:maxspeed" v="DE:urban"/>
    <tag k="surface" v="asphalt"/>
    <tag k="wikidata" v="Q1550809"/>
    <tag k="wikimedia_commons" v="Category:Grunerstraße (Berlin-Mitte)"/>
    <tag k="wikipedia" v="de:Grunerstraße (Berlin)"/>
    <tag k="zone:traffic" v="DE:urban"/>
  </way>
  <way id="344595602">
    <nd ref="1077038683"/>
    <nd ref="3876077785"/>
    <tag k="handrail" v="yes"/>
    <tag k="highway" v="steps"/>
    <tag k="incline" v="up"/>
    <tag k="level" v="-1;0"/>
    <tag k="lit" v="yes"/>
    <tag k="ramp" v="yes"/>
    <tag k="ramp:bicycle" v="yes"/>
    <tag k="step_count" v="22"/>
    <tag k="surface" v="concrete"/>
  </way>
  <way id="344595605">
    <nd ref="3513418926"/>
    <nd ref="3513418925"/>
    <nd ref="3513418923"/>
    <tag k="highway" v="footway"/>
    <tag k="lit" v="yes"/>
    <tag k="smoothness" v="good"/>
    <tag k="surface" v="paving_stones"/>
  </way>
  <way id="346206356">
    <nd ref="4763685857"/>
    <nd ref="8793912199"/>
    <nd ref="3527851382"/>
    <nd ref="3527851374"/>
    <nd ref="315140141"/>
    <tag k="bicycle" v="yes"/>
    <tag k="highway" v="pedestrian"/>
    <tag k="lit" v="yes"/>
    <tag k="noname" v="yes"/>
    <tag k="smoothness" v="good"/>
    <tag k="surface" v="paving_stones"/>
    <tag k="traffic_sign" v="DE:250,1022-10"/>
    <tag k="vehicle" v="no"/>
  </way>
  <way id="346206359">
    <nd ref="3527851375"/>
    <nd ref="2777153424"/>
    <tag k="highway" v="footway"/>
    <tag k="lit" v="yes"/>
    <tag k="smoothness" v="good"/>
    <tag k="surface" v="paving_stones"/>
  </way>
  <way id="346206362">
    <nd ref="768038180"/>
    <nd ref="3527851392"/>
    <nd ref="13438704372"/>
    <nd ref="3527851386"/>
    <nd ref="3527851372"/>
    <nd ref="3527851387"/>
    <nd ref="2777153638"/>
    <tag k="bicycle" v="yes"/>
    <tag k="highway" v="pedestrian"/>
    <tag k="lit" v="yes"/>
    <tag k="noname" v="yes"/>
    <tag k="smoothness" v="excellent"/>
    <tag k="surface" v="paving_stones"/>
    <tag k="traffic_sign" v="DE:250,1022-10"/>
    <tag k="vehicle" v="no"/>
  </way>
  <way id="346206365">
    <nd ref="3527851368"/>
    <nd ref="2777153410"/>
    <tag k="highway" v="footway"/>
    <tag k="lit" v="yes"/>
    <tag k="smoothness" v="excellent"/>
    <tag k="surface" v="paving_stones"/>
  </way>
  <way id="346206368">
    <nd ref="3527851386"/>
    <nd ref="3527851376"/>
    <nd ref="3527851377"/>
    <nd ref="3527866825"/>
    <nd ref="13105940453"/>
    <nd ref="4763685872"/>
    <nd ref="4565322435"/>
    <nd ref="4565322436"/>
    <nd ref="4763685875"/>
    <nd ref="3527851366"/>
    <tag k="bicycle" v="yes"/>
    <tag k="highway" v="pedestrian"/>
    <tag k="lit" v="yes"/>
    <tag k="noname" v="yes"/>
    <tag k="smoothness" v="good"/>
    <tag k="surface" v="paving_stones"/>
    <tag k="traffic_sign" v="DE:250,1022-10"/>
    <tag k="vehicle" v="no"/>
  </way>
  <way id="346206372">
    <nd ref="4809636656"/>
    <nd ref="3527851370"/>
    <nd ref="8091138805"/>
    <nd ref="3527851379"/>
    <nd ref="3527851375"/>
    <nd ref="3527851369"/>
    <tag k="bicycle" v="yes"/>
    <tag k="highway" v="pedestrian"/>
    <tag k="lit" v="yes"/>
    <tag k="noname" v="yes"/>
    <tag k="oneway" v="no"/>
    <tag k="smoothness" v="good"/>
    <tag k="surface" v="paving_stones"/>
  </way>
  <way id="346206374">
    <nd ref="3527851388"/>
    <nd ref="2777153545"/>
    <tag k="bicycle" v="no"/>
    <tag k="highway" v="pedestrian"/>
    <tag k="lit" v="yes"/>
    <tag k="name" v="Alexanderplatz"/>
    <tag k="name:ja" v="アレクサンダー広場"/>
    <tag k="smoothness" v="excellent"/>
    <tag k="surface" v="paving_stones"/>
  </way>
  <way id="346206377">
    <nd ref="3527851377"/>
    <nd ref="3527851391"/>
    <nd ref="3527851384"/>
    <nd ref="3527851390"/>
    <nd ref="3527851371"/>
    <nd ref="4565322440"/>
    <nd ref="4565322439"/>
    <nd ref="8793912197"/>
    <nd ref="6447331768"/>
    <nd ref="3527851385"/>
    <nd ref="6447331769"/>
    <nd ref="3527851369"/>
    <tag k="bicycle" v="yes"/>
    <tag k="highway" v="pedestrian"/>
    <tag k="lit" v="yes"/>
    <tag k="mapillary" v="507239815701223"/>
    <tag k="noname" v="yes"/>
    <tag k="oneway" v="no"/>
    <tag k="smoothness" v="good"/>
    <tag k="surface" v="paving_stones"/>
    <tag k="traffic_sign" v="DE:250,1022-10"/>
    <tag k="vehicle" v="no"/>
  </way>
  <way id="346206381">
    <nd ref="3527851384"/>
    <nd ref="3527851388"/>
    <nd ref="3527851389"/>
    <nd ref="13108873685"/>
    <tag k="bicycle" v="yes"/>
    <tag k="highway" v="pedestrian"/>
    <tag k="lit" v="yes"/>
    <tag k="noname" v="yes"/>
    <tag k="smoothness" v="excellent"/>
    <tag k="surface" v="paving_stones"/>
    <tag k="traffic_sign" v="DE:250,1022-10"/>
    <tag k="vehicle" v="no"/>
  </way>
  <way id="346206384">
    <nd ref="3527851374"/>
    <nd ref="2777296594"/>
    <tag k="highway" v="pedestrian"/>
    <tag k="lit" v="yes"/>
    <tag k="noname" v="yes"/>
    <tag k="smoothness" v="good"/>
    <tag k="surface" v="paving_stones"/>
  </way>
  <way id="346206389">
    <nd ref="3527851373"/>
    <nd ref="3527851383"/>
    <nd ref="4223494577"/>
    <nd ref="3528562105"/>
    <nd ref="11357387512"/>
    <tag k="check_date" v="2026-05-26"/>
    <tag k="construction" v="pedestrian"/>
    <tag k="highway" v="construction"/>
    <tag k="lit" v="yes"/>
    <tag k="noname" v="yes"/>
    <tag k="smoothness" v="excellent"/>
    <tag k="surface" v="paving_stones"/>
  </way>
  <way id="346206393">
    <nd ref="3527851374"/>
    <nd ref="2777296596"/>
    <tag k="highway" v="pedestrian"/>
    <tag k="lit" v="yes"/>
    <tag k="noname" v="yes"/>
    <tag k="smoothness" v="good"/>
    <tag k="surface" v="paving_stones"/>
  </way>
  <way id="346212656">
    <nd ref="3527866822"/>
    <nd ref="8793912198"/>
    <nd ref="4763685843"/>
    <nd ref="4565322437"/>
    <nd ref="4565322438"/>
    <nd ref="3527851383"/>
    <nd ref="4217373212"/>
    <nd ref="3527851371"/>
    <nd ref="4763685864"/>
    <nd ref="1711820637"/>
    <nd ref="4763685861"/>
    <nd ref="196763703"/>
    <tag k="bicycle" v="yes"/>
    <tag k="highway" v="pedestrian"/>
    <tag k="lit" v="yes"/>
    <tag k="mapillary" v="507239815701223"/>
    <tag k="noname" v="yes"/>
    <tag k="oneway" v="no"/>
    <tag k="smoothness" v="good"/>
    <tag k="surface" v="paving_stones"/>
    <tag k="traffic_sign" v="DE:250,1022-10"/>
    <tag k="vehicle" v="no"/>
  </way>
  <way id="346212657">
    <nd ref="29219464"/>
    <nd ref="3527866830"/>
    <nd ref="315140146"/>
    <tag k="highway" v="pedestrian"/>
    <tag k="lit" v="yes"/>
    <tag k="name" v="Rathausstraße"/>
    <tag k="parking:both" v="no"/>
    <tag k="smoothness" v="intermediate"/>
    <tag k="surface" v="sett"/>
  </way>
  <way id="346212658">
    <nd ref="3527851382"/>
    <nd ref="3527866829"/>
    <tag k="bicycle" v="yes"/>
    <tag k="highway" v="pedestrian"/>
    <tag k="lit" v="yes"/>
    <tag k="noname" v="yes"/>
    <tag k="smoothness" v="good"/>
    <tag k="surface" v="paving_stones"/>
    <tag k="traffic_sign" v="DE:250,1022-10"/>
    <tag k="vehicle" v="no"/>
  </way>
  <way id="346212659">
    <nd ref="3527866836"/>
    <nd ref="3527866834"/>
    <nd ref="315294363"/>
    <tag k="bicycle" v="no"/>
    <tag k="highway" v="pedestrian"/>
    <tag k="lit" v="yes"/>
    <tag k="noname" v="yes"/>
    <tag k="smoothness" v="intermediate"/>
    <tag k="surface" v="paving_stones"/>
  </way>
  <way id="346212660">
    <nd ref="4809636662"/>
    <nd ref="3527866821"/>
    <nd ref="3527866833"/>
    <nd ref="3527866822"/>
    <nd ref="3527866829"/>
    <nd ref="4809636664"/>
    <nd ref="11357387514"/>
    <tag k="bicycle" v="yes"/>
    <tag k="highway" v="pedestrian"/>
    <tag k="lit" v="yes"/>
    <tag k="noname" v="yes"/>
    <tag k="oneway" v="no"/>
    <tag k="smoothness" v="excellent"/>
    <tag k="surface" v="paving_stones"/>
    <tag k="traffic_sign" v="DE:250,1022-10"/>
    <tag k="vehicle" v="no"/>
  </way>
  <way id="346212661">
    <nd ref="13105940452"/>
    <nd ref="13105940464"/>
    <nd ref="13105940465"/>
    <nd ref="13105940455"/>
    <nd ref="13105940454"/>
    <nd ref="13105940453"/>
    <nd ref="3527866831"/>
    <nd ref="13105940456"/>
    <nd ref="13105940457"/>
    <nd ref="13105940471"/>
    <nd ref="4763685867"/>
    <nd ref="1711820637"/>
    <nd ref="13105940458"/>
    <nd ref="13105940467"/>
    <nd ref="13105940466"/>
    <nd ref="13105940468"/>
    <nd ref="13105940450"/>
    <tag k="bicycle" v="yes"/>
    <tag k="highway" v="pedestrian"/>
    <tag k="lit" v="yes"/>
    <tag k="mapillary" v="507239815701223"/>
    <tag k="name" v="Dircksenstraße"/>
    <tag k="oneway" v="no"/>
    <tag k="smoothness" v="good"/>
    <tag k="source:width" v="Luftbild 2024"/>
    <tag k="surface" v="paving_stones"/>
    <tag k="traffic_sign" v="DE:250,1022-10"/>
    <tag k="vehicle" v="no"/>
    <tag k="width" v="9.4"/>
  </way>
  <way id="346213311">
    <nd ref="3527869965"/>
    <nd ref="3527869957"/>
    <tag k="footway" v="sidewalk"/>
    <tag k="highway" v="footway"/>
    <tag k="lit" v="yes"/>
    <tag k="smoothness" v="good"/>
    <tag k="surface" v="paving_stones"/>
  </way>
  <way id="346229513">
    <nd ref="2777026110"/>
    <nd ref="3527949188"/>
    <tag k="highway" v="steps"/>
    <tag k="incline" v="up"/>
    <tag k="indoor" v="yes"/>
    <tag k="level" v="-3;-1"/>
    <tag k="lit" v="24/7"/>
    <tag k="tunnel" v="yes"/>
  </way>
  <way id="346229515">
    <nd ref="3527949188"/>
    <nd ref="3810179820"/>
    <nd ref="3810179819"/>
    <nd ref="3810179816"/>
    <nd ref="3810179814"/>
    <nd ref="2777026004"/>
    <tag k="highway" v="footway"/>
    <tag k="indoor" v="yes"/>
    <tag k="level" v="-1"/>
    <tag k="lit" v="24/7"/>
    <tag k="tunnel" v="yes"/>
  </way>
  <way id="346229516">
    <nd ref="2777026094"/>
    <nd ref="2777026051"/>
    <nd ref="2777026007"/>
    <nd ref="2777026005"/>
    <tag k="highway" v="footway"/>
    <tag k="indoor" v="yes"/>
    <tag k="level" v="-4"/>
    <tag k="lit" v="24/7"/>
    <tag k="tunnel" v="yes"/>
  </way>
  <way id="346229517">
    <nd ref="3527949189"/>
    <nd ref="2094735912"/>
    <tag k="highway" v="footway"/>
    <tag k="indoor" v="yes"/>
    <tag k="level" v="-1"/>
    <tag k="lit" v="24/7"/>
    <tag k="tunnel" v="yes"/>
  </way>
  <way id="368198699">
    <nd ref="1813690786"/>
    <nd ref="3808684892"/>
    <nd ref="2776837155"/>
    <tag k="highway" v="corridor"/>
    <tag k="indoor" v="yes"/>
    <tag k="level" v="0"/>
    <tag k="lit" v="24/7"/>
    <tag k="surface" v="paving_stones"/>
  </way>
  <way id="372616653">
    <nd ref="3761690077"/>
    <nd ref="5597962249"/>
    <nd ref="9829191543"/>
    <nd ref="3761697844"/>
    <nd ref="2425782608"/>
    <nd ref="9829191542"/>
    <nd ref="5597962248"/>
    <nd ref="2425782615"/>
    <tag k="emergency" v="designated"/>
    <tag k="highway" v="service"/>
    <tag k="lit" v="yes"/>
    <tag k="maxweight" v="5"/>
    <tag k="oneway" v="yes"/>
    <tag k="smoothness" v="good"/>
    <tag k="surface" v="paving_stones"/>
  </way>
  <way id="377494313">
    <nd ref="3808684875"/>
    <nd ref="3808684880"/>
    <tag k="highway" v="corridor"/>
    <tag k="indoor" v="yes"/>
    <tag k="level" v="1"/>
    <tag k="lit" v="24/7"/>
    <tag k="surface" v="paving_stones"/>
  </way>
  <way id="377494314">
    <nd ref="2776837148"/>
    <nd ref="3808684875"/>
    <tag k="highway" v="corridor"/>
    <tag k="indoor" v="yes"/>
    <tag k="level" v="0"/>
    <tag k="lit" v="24/7"/>
    <tag k="surface" v="paving_stones"/>
  </way>
  <way id="377494315">
    <nd ref="3808684895"/>
    <nd ref="1813690786"/>
    <tag k="highway" v="corridor"/>
    <tag k="indoor" v="yes"/>
    <tag k="level" v="1"/>
    <tag k="lit" v="24/7"/>
    <tag k="surface" v="paving_stones"/>
  </way>
  <way id="377494316">
    <nd ref="3808684884"/>
    <nd ref="3808684895"/>
    <nd ref="3808684898"/>
    <tag k="highway" v="corridor"/>
    <tag k="indoor" v="yes"/>
    <tag k="level" v="1"/>
    <tag k="lit" v="24/7"/>
    <tag k="surface" v="paving_stones"/>
  </way>
  <way id="377494317">
    <nd ref="3808684872"/>
    <nd ref="3808684880"/>
    <nd ref="3808684881"/>
    <tag k="highway" v="corridor"/>
    <tag k="indoor" v="yes"/>
    <tag k="level" v="1"/>
    <tag k="lit" v="24/7"/>
    <tag k="surface" v="paving_stones"/>
  </way>
  <way id="377634138">
    <nd ref="3810179836"/>
    <nd ref="2095738481"/>
    <tag k="highway" v="footway"/>
    <tag k="indoor" v="yes"/>
    <tag k="layer" v="-1"/>
    <tag k="level" v="-1"/>
    <tag k="tunnel" v="yes"/>
  </way>
  <way id="377634139">
    <nd ref="3810179831"/>
    <nd ref="2777153573"/>
    <tag k="highway" v="footway"/>
    <tag k="indoor" v="yes"/>
    <tag k="level" v="-3"/>
    <tag k="lit" v="24/7"/>
    <tag k="tunnel" v="yes"/>
  </way>
  <way id="377634140">
    <nd ref="2777025998"/>
    <nd ref="2777025999"/>
    <tag k="highway" v="footway"/>
    <tag k="indoor" v="yes"/>
    <tag k="level" v="-3"/>
    <tag k="lit" v="24/7"/>
    <tag k="tunnel" v="yes"/>
  </way>
  <way id="377634141">
    <nd ref="2777026051"/>
    <nd ref="2777026074"/>
    <tag k="highway" v="footway"/>
    <tag k="indoor" v="yes"/>
    <tag k="level" v="-4"/>
    <tag k="lit" v="24/7"/>
    <tag k="tunnel" v="yes"/>
  </way>
  <way id="377634142">
    <nd ref="2777153472"/>
    <nd ref="2777153505"/>
    <tag k="highway" v="footway"/>
    <tag k="indoor" v="yes"/>
    <tag k="level" v="-5"/>
    <tag k="lit" v="24/7"/>
    <tag k="tunnel" v="yes"/>
  </way>
  <way id="377634143">
    <nd ref="2777153538"/>
    <nd ref="2777153562"/>
    <tag k="highway" v="footway"/>
    <tag k="indoor" v="yes"/>
    <tag k="level" v="-5"/>
    <tag k="lit" v="24/7"/>
    <tag k="tunnel" v="yes"/>
  </way>
  <way id="377634144">
    <nd ref="2777153528"/>
    <nd ref="3810179828"/>
    <tag k="highway" v="footway"/>
    <tag k="indoor" v="yes"/>
    <tag k="level" v="-3"/>
    <tag k="lit" v="24/7"/>
    <tag k="tunnel" v="yes"/>
  </way>
  <way id="377634145">
    <nd ref="3810179838"/>
    <nd ref="3810179836"/>
    <nd ref="5867575838"/>
    <tag k="highway" v="footway"/>
    <tag k="indoor" v="yes"/>
    <tag k="layer" v="-1"/>
    <tag k="level" v="-1"/>
    <tag k="tunnel" v="yes"/>
  </way>
  <way id="377634146">
    <nd ref="2777026007"/>
    <nd ref="2777026021"/>
    <tag k="highway" v="footway"/>
    <tag k="indoor" v="yes"/>
    <tag k="level" v="-4"/>
    <tag k="lit" v="24/7"/>
    <tag k="tunnel" v="yes"/>
  </way>
  <way id="377634147">
    <nd ref="3810179820"/>
    <nd ref="3527949189"/>
    <nd ref="2777026006"/>
    <tag k="highway" v="footway"/>
    <tag k="indoor" v="yes"/>
    <tag k="level" v="-1"/>
    <tag k="lit" v="24/7"/>
    <tag k="tunnel" v="yes"/>
  </way>
  <way id="377634148">
    <nd ref="2777296583"/>
    <nd ref="616476945"/>
    <nd ref="616476947"/>
    <tag k="highway" v="footway"/>
    <tag k="layer" v="-1"/>
    <tag k="level" v="-1"/>
    <tag k="lit" v="yes"/>
    <tag k="smoothness" v="good"/>
    <tag k="surface" v="paving_stones"/>
    <tag k="tunnel" v="yes"/>
  </way>
  <way id="383505786">
    <nd ref="838990134"/>
    <nd ref="3867922468"/>
    <tag k="bench" v="yes"/>
    <tag k="bin" v="yes"/>
    <tag k="bus" v="yes"/>
    <tag k="highway" v="platform"/>
    <tag k="lit" v="yes"/>
    <tag k="local_ref" v="18"/>
    <tag k="name" v="S+U Alexanderplatz/Grunerstraße"/>
    <tag k="name:ja" v="S+Uアレクサンダー広場/グルネル通り"/>
    <tag k="public_transport" v="platform"/>
    <tag k="shelter" v="yes"/>
    <tag k="tactile_paving" v="no"/>
    <tag k="wheelchair" v="limited"/>
  </way>
  <way id="383505787">
    <nd ref="838990136"/>
    <nd ref="3867922473"/>
    <tag k="bench" v="yes"/>
    <tag k="bin" v="yes"/>
    <tag k="bus" v="yes"/>
    <tag k="check_date:tactile_paving" v="2022-06-02"/>
    <tag k="highway" v="platform"/>
    <tag k="lit" v="yes"/>
    <tag k="local_ref" v="17"/>
    <tag k="name" v="S+U Alexanderplatz/Grunerstraße"/>
    <tag k="name:ja" v="S+Uアレクサンダー広場/グルネル通り"/>
    <tag k="public_transport" v="platform"/>
    <tag k="shelter" v="yes"/>
    <tag k="tactile_paving" v="no"/>
    <tag k="wheelchair" v="limited"/>
  </way>
  <way id="384309028">
    <nd ref="3513418925"/>
    <nd ref="3876077785"/>
    <tag k="highway" v="footway"/>
    <tag k="lit" v="yes"/>
    <tag k="smoothness" v="good"/>
    <tag k="surface" v="paving_stones"/>
  </way>
  <way id="387411863">
    <nd ref="3907105051"/>
    <nd ref="3907105050"/>
    <tag k="bench" v="no"/>
    <tag k="bin" v="no"/>
    <tag k="bus" v="yes"/>
    <tag k="check_date:tactile_paving" v="2021-07-05"/>
    <tag k="highway" v="platform"/>
    <tag k="lit" v="yes"/>
    <tag k="name" v="Littenstraße"/>
    <tag k="passenger_information_display" v="no"/>
    <tag k="public_transport" v="platform"/>
    <tag k="shelter" v="no"/>
    <tag k="tactile_paving" v="no"/>
  </way>
  <way id="387411864">
    <nd ref="9856051671"/>
    <nd ref="9856051672"/>
    <tag k="bench" v="no"/>
    <tag k="bin" v="yes"/>
    <tag k="bus" v="yes"/>
    <tag k="highway" v="platform"/>
    <tag k="lit" v="yes"/>
    <tag k="local_ref" v="9"/>
    <tag k="name" v="U Alexanderplatz"/>
    <tag k="name:ja" v="U アレクサンダー広場"/>
    <tag k="passenger_information_display" v="no"/>
    <tag k="public_transport" v="platform"/>
    <tag k="shelter" v="no"/>
    <tag k="tactile_paving" v="yes"/>
    <tag k="wheelchair" v="yes"/>
  </way>
  <way id="405100405">
    <nd ref="4073216546"/>
    <nd ref="270718978"/>
    <tag k="cycleway:left" v="no"/>
    <tag k="cycleway:right" v="share_busway"/>
    <tag k="cycleway:right:oneway" v="yes"/>
    <tag k="highway" v="primary"/>
    <tag k="lanes" v="3"/>
    <tag k="lit" v="yes"/>
    <tag k="maxspeed" v="50"/>
    <tag k="name" v="Karl-Liebknecht-Straße"/>
    <tag k="name:etymology:wikidata" v="Q75886"/>
    <tag k="oneway" v="yes"/>
    <tag k="parking:both" v="no"/>
    <tag k="ref" v="B 2;B 5"/>
    <tag k="sidewalk" v="right"/>
    <tag k="sidewalk:right:surface" v="asphalt"/>
    <tag k="smoothness" v="excellent"/>
    <tag k="surface" v="asphalt"/>
    <tag k="wikidata" v="Q551773"/>
    <tag k="wikimedia_commons" v="Category:Karl-Liebknecht-Straße (Berlin-Mitte)"/>
    <tag k="wikipedia" v="en:Karl-Liebknecht-Straße"/>
    <tag k="zone:traffic" v="DE:urban"/>
  </way>
  <way id="405101794">
    <nd ref="270727260"/>
    <nd ref="4163212867"/>
    <tag k="cycleway:left" v="no"/>
    <tag k="cycleway:right" v="share_busway"/>
    <tag k="cycleway:right:oneway" v="yes"/>
    <tag k="foot" v="use_sidepath"/>
    <tag k="highway" v="primary"/>
    <tag k="lanes" v="3"/>
    <tag k="lit" v="yes"/>
    <tag k="maxspeed" v="50"/>
    <tag k="name" v="Karl-Liebknecht-Straße"/>
    <tag k="name:etymology:wikidata" v="Q75886"/>
    <tag k="oneway" v="yes"/>
    <tag k="parking:both" v="no"/>
    <tag k="ref" v="B 2;B 5"/>
    <tag k="sidewalk:left" v="no"/>
    <tag k="sidewalk:right" v="separate"/>
    <tag k="smoothness" v="good"/>
    <tag k="surface" v="asphalt"/>
    <tag k="wikidata" v="Q551773"/>
    <tag k="wikimedia_commons" v="Category:Karl-Liebknecht-Straße (Berlin-Mitte)"/>
    <tag k="wikipedia" v="en:Karl-Liebknecht-Straße"/>
    <tag k="zone:traffic" v="DE:urban"/>
  </way>
  <way id="415280722">
    <nd ref="1630500695"/>
    <nd ref="2058497175"/>
    <tag k="cycleway:left" v="no"/>
    <tag k="cycleway:right" v="share_busway"/>
    <tag k="cycleway:right:oneway" v="yes"/>
    <tag k="cycleway:right:width" v="4.6"/>
    <tag k="foot" v="use_sidepath"/>
    <tag k="highway" v="primary"/>
    <tag k="lanes" v="3"/>
    <tag k="lit" v="yes"/>
    <tag k="maxspeed" v="50"/>
    <tag k="name" v="Karl-Liebknecht-Straße"/>
    <tag k="name:etymology:wikidata" v="Q75886"/>
    <tag k="oneway" v="yes"/>
    <tag k="parking:both" v="no"/>
    <tag k="ref" v="B 2;B 5"/>
    <tag k="sidewalk:left" v="no"/>
    <tag k="sidewalk:right" v="separate"/>
    <tag k="smoothness" v="good"/>
    <tag k="source:cycleway:right:width" v="Luftbild 2024"/>
    <tag k="surface" v="asphalt"/>
    <tag k="wikidata" v="Q551773"/>
    <tag k="wikimedia_commons" v="Category:Karl-Liebknecht-Straße (Berlin-Mitte)"/>
    <tag k="wikipedia" v="en:Karl-Liebknecht-Straße"/>
    <tag k="zone:traffic" v="DE:urban"/>
  </way>
  <way id="415280723">
    <nd ref="4163212867"/>
    <nd ref="5171487413"/>
    <nd ref="21487184"/>
    <tag k="cycleway:left" v="no"/>
    <tag k="cycleway:right" v="share_busway"/>
    <tag k="cycleway:right:oneway" v="yes"/>
    <tag k="cycleway:right:width" v="3.3"/>
    <tag k="foot" v="use_sidepath"/>
    <tag k="highway" v="primary"/>
    <tag k="lanes" v="3"/>
    <tag k="lit" v="yes"/>
    <tag k="maxspeed" v="50"/>
    <tag k="name" v="Karl-Liebknecht-Straße"/>
    <tag k="name:etymology:wikidata" v="Q75886"/>
    <tag k="oneway" v="yes"/>
    <tag k="parking:both" v="no"/>
    <tag k="ref" v="B 2;B 5"/>
    <tag k="sidewalk:left" v="no"/>
    <tag k="sidewalk:right" v="separate"/>
    <tag k="smoothness" v="good"/>
    <tag k="source:cycleway:right:width" v="Luftbild 2024"/>
    <tag k="surface" v="asphalt"/>
    <tag k="wikidata" v="Q551773"/>
    <tag k="wikimedia_commons" v="Category:Karl-Liebknecht-Straße (Berlin-Mitte)"/>
    <tag k="wikipedia" v="en:Karl-Liebknecht-Straße"/>
    <tag k="zone:traffic" v="DE:urban"/>
  </way>
  <way id="449982384">
    <nd ref="4468994521"/>
    <nd ref="5518191318"/>
    <nd ref="5518191317"/>
    <nd ref="5518191316"/>
    <nd ref="5518191315"/>
    <nd ref="5518191314"/>
    <nd ref="5518191313"/>
    <nd ref="5518191312"/>
    <nd ref="5518191311"/>
    <nd ref="5518191310"/>
    <tag k="highway" v="service"/>
    <tag k="service" v="driveway"/>
    <tag k="surface" v="asphalt"/>
  </way>
  <way id="459651197">
    <nd ref="4554486919"/>
    <nd ref="4554486917"/>
    <nd ref="9891723322"/>
    <nd ref="9891723326"/>
    <nd ref="9891723323"/>
    <nd ref="9891678203"/>
    <tag k="highway" v="footway"/>
    <tag k="lit" v="yes"/>
    <tag k="smoothness" v="good"/>
    <tag k="surface" v="paving_stones"/>
  </way>
  <way id="473149640">
    <nd ref="9828580296"/>
    <nd ref="9828580297"/>
    <nd ref="9828580298"/>
    <nd ref="5446414929"/>
    <nd ref="9828580299"/>
    <nd ref="9828580300"/>
    <nd ref="9828580294"/>
    <nd ref="4673135639"/>
    <tag k="footway" v="sidewalk"/>
    <tag k="highway" v="footway"/>
    <tag k="lit" v="yes"/>
    <tag k="surface" v="paving_stones"/>
  </way>
  <way id="483624526">
    <nd ref="1840339724"/>
    <nd ref="4763685871"/>
    <tag k="highway" v="footway"/>
    <tag k="lit" v="yes"/>
    <tag k="smoothness" v="good"/>
    <tag k="surface" v="paving_stones"/>
  </way>
  <way id="483624527">
    <nd ref="4763685873"/>
    <nd ref="4763685872"/>
    <tag k="highway" v="footway"/>
    <tag k="lit" v="yes"/>
    <tag k="smoothness" v="good"/>
    <tag k="surface" v="paving_stones"/>
  </way>
  <way id="483624528">
    <nd ref="4763685875"/>
    <nd ref="4763685874"/>
    <tag k="highway" v="footway"/>
    <tag k="lit" v="yes"/>
    <tag k="smoothness" v="excellent"/>
    <tag k="surface" v="paving_stones"/>
  </way>
  <way id="500794560">
    <nd ref="2095738480"/>
    <nd ref="4917707293"/>
    <nd ref="4917707292"/>
    <tag k="highway" v="footway"/>
    <tag k="indoor" v="yes"/>
    <tag k="layer" v="-1"/>
    <tag k="level" v="-1"/>
    <tag k="location" v="underground"/>
  </way>
  <way id="500794561">
    <nd ref="315294362"/>
    <nd ref="4917707294"/>
    <tag k="highway" v="footway"/>
    <tag k="indoor" v="yes"/>
    <tag k="level" v="-3"/>
    <tag k="lit" v="24/7"/>
    <tag k="location" v="underground"/>
    <tag k="tunnel" v="yes"/>
  </way>
  <way id="503071090">
    <nd ref="4934187005"/>
    <nd ref="4934187004"/>
    <nd ref="2095738480"/>
    <tag k="highway" v="footway"/>
    <tag k="indoor" v="yes"/>
    <tag k="level" v="-5"/>
    <tag k="lit" v="24/7"/>
    <tag k="tunnel" v="yes"/>
  </way>
  <way id="503071091">
    <nd ref="4934187007"/>
    <nd ref="4934187006"/>
    <nd ref="2095738481"/>
    <tag k="highway" v="footway"/>
    <tag k="indoor" v="yes"/>
    <tag k="level" v="-5"/>
    <tag k="lit" v="24/7"/>
    <tag k="tunnel" v="yes"/>
  </way>
  <way id="503071092">
    <nd ref="4934187009"/>
    <nd ref="4934187008"/>
    <nd ref="2095738481"/>
    <tag k="highway" v="footway"/>
    <tag k="indoor" v="yes"/>
    <tag k="layer" v="-3"/>
    <tag k="level" v="-3"/>
    <tag k="tunnel" v="yes"/>
  </way>
  <way id="504412400">
    <nd ref="4945782397"/>
    <nd ref="3095536667"/>
    <tag k="bicycle" v="yes"/>
    <tag k="highway" v="pedestrian"/>
    <tag k="lit" v="yes"/>
    <tag k="noname" v="yes"/>
    <tag k="smoothness" v="good"/>
    <tag k="surface" v="paving_stones"/>
  </way>
  <way id="504560726">
    <nd ref="2095738480"/>
    <nd ref="4947074227"/>
    <nd ref="4947074226"/>
    <tag k="highway" v="footway"/>
    <tag k="indoor" v="yes"/>
    <tag k="layer" v="-3"/>
    <tag k="level" v="-3"/>
    <tag k="tunnel" v="yes"/>
  </way>
  <way id="532972718">
    <nd ref="11236075600"/>
    <nd ref="29219465"/>
    <nd ref="4673135642"/>
    <nd ref="11236075602"/>
    <tag k="button_operated" v="no"/>
    <tag k="crossing" v="traffic_signals"/>
    <tag k="crossing:island" v="no"/>
    <tag k="crossing:markings" v="dashes"/>
    <tag k="footway" v="crossing"/>
    <tag k="highway" v="footway"/>
    <tag k="lit" v="yes"/>
    <tag k="smoothness" v="excellent"/>
    <tag k="surface" v="asphalt"/>
    <tag k="traffic_signals:sound" v="yes"/>
    <tag k="traffic_signals:vibration" v="yes"/>
  </way>
  <way id="539199724">
    <nd ref="2777153586"/>
    <nd ref="5217809431"/>
    <nd ref="5217809432"/>
    <tag k="highway" v="footway"/>
    <tag k="indoor" v="yes"/>
  </way>
  <way id="558867476">
    <nd ref="5390538237"/>
    <nd ref="10720914774"/>
    <tag k="access" v="yes"/>
    <tag k="bicycle" v="designated"/>
    <tag k="colonnade:left" v="open"/>
    <tag k="covered" v="colonnade"/>
    <tag k="foot" v="yes"/>
    <tag k="highway" v="service"/>
    <tag k="lit" v="yes"/>
    <tag k="parking:left" v="no"/>
    <tag k="parking:right" v="lane"/>
    <tag k="parking:right:access" v="no"/>
    <tag k="parking:right:disabled" v="designated"/>
    <tag k="parking:right:orientation" v="parallel"/>
    <tag k="sidewalk" v="right"/>
    <tag k="sidewalk:right:surface" v="paving_stones"/>
    <tag k="smoothness" v="excellent"/>
    <tag k="source:width" v="Luftbild 2025"/>
    <tag k="surface" v="asphalt"/>
    <tag k="traffic_sign" v="DE:237"/>
    <tag k="width" v="9.8"/>
  </way>
  <way id="558867477">
    <nd ref="3182192539"/>
    <nd ref="5390538237"/>
    <tag k="bicycle" v="designated"/>
    <tag k="foot" v="yes"/>
    <tag k="highway" v="service"/>
    <tag k="lit" v="yes"/>
    <tag k="sidewalk" v="right"/>
    <tag k="sidewalk:right:surface" v="paving_stones"/>
    <tag k="smoothness" v="good"/>
    <tag k="surface" v="asphalt"/>
  </way>
  <way id="558867478">
    <nd ref="5390538238"/>
    <nd ref="3151820959"/>
    <nd ref="9583740891"/>
    <nd ref="9583740892"/>
    <tag k="foot" v="yes"/>
    <tag k="highway" v="service"/>
    <tag k="lit" v="yes"/>
    <tag k="sidewalk" v="both"/>
    <tag k="sidewalk:both:surface" v="paving_stones"/>
    <tag k="smoothness" v="intermediate"/>
    <tag k="surface" v="sett"/>
  </way>
  <way id="562707499">
    <nd ref="3831343134"/>
    <nd ref="21487209"/>
    <tag k="cycleway:both" v="lane"/>
    <tag k="cycleway:both:buffer:both" v="no"/>
    <tag k="cycleway:both:lane" v="advisory"/>
    <tag k="cycleway:both:marking:both" v="dashed_line"/>
    <tag k="cycleway:both:oneway" v="yes"/>
    <tag k="cycleway:both:surface" v="asphalt"/>
    <tag k="cycleway:both:surface:colour" v="none"/>
    <tag k="cycleway:both:traffic_sign" v="none"/>
    <tag k="cycleway:both:width" v="1.5"/>
    <tag k="foot" v="use_sidepath"/>
    <tag k="highway" v="residential"/>
    <tag k="lit" v="yes"/>
    <tag k="maxspeed" v="30"/>
    <tag k="name" v="Rathausstraße"/>
    <tag k="name:etymology:wikidata" v="Q155210"/>
    <tag k="parking:both" v="no"/>
    <tag k="parking:both:reason" v="junction"/>
    <tag k="postal_code" v="10178"/>
    <tag k="sidewalk:both" v="separate"/>
    <tag k="smoothness" v="good"/>
    <tag k="source:cycleway:both:width" v="Luftbild 2025"/>
    <tag k="source:width" v="Luftbild 2025"/>
    <tag k="surface" v="asphalt"/>
    <tag k="width" v="10"/>
    <tag k="wikidata" v="Q1689577"/>
    <tag k="wikimedia_commons" v="Category:Rathausstraße (Berlin-Mitte)"/>
    <tag k="wikipedia" v="de:Rathausstraße (Berlin)"/>
  </way>
  <way id="564139999">
    <nd ref="5436103294"/>
    <nd ref="5436103295"/>
    <nd ref="5436103296"/>
    <nd ref="3182529375"/>
    <nd ref="5436103281"/>
    <nd ref="5436103282"/>
    <nd ref="12229545391"/>
    <nd ref="3182529372"/>
    <nd ref="12229545392"/>
    <nd ref="5436103283"/>
    <nd ref="5436103284"/>
    <nd ref="5436103285"/>
    <nd ref="3182529387"/>
    <nd ref="5436103286"/>
    <nd ref="5436103287"/>
    <nd ref="5436103288"/>
    <nd ref="5436103289"/>
    <nd ref="12229545388"/>
    <nd ref="3182529373"/>
    <nd ref="5436103290"/>
    <nd ref="5436103291"/>
    <nd ref="5436103292"/>
    <nd ref="12229545390"/>
    <nd ref="5436103293"/>
    <nd ref="5436103280"/>
    <nd ref="12229545389"/>
    <nd ref="6448068513"/>
    <nd ref="5436103294"/>
    <tag k="highway" v="pedestrian"/>
    <tag k="lit" v="yes"/>
    <tag k="noname" v="yes"/>
    <tag k="surface" v="sett"/>
  </way>
  <way id="606078064">
    <nd ref="11236296733"/>
    <nd ref="768074054"/>
    <nd ref="11236296735"/>
    <tag k="crossing" v="traffic_signals"/>
    <tag k="crossing:island" v="no"/>
    <tag k="crossing:markings" v="dashes"/>
    <tag k="footway" v="crossing"/>
    <tag k="highway" v="footway"/>
    <tag k="lit" v="yes"/>
    <tag k="smoothness" v="excellent"/>
    <tag k="surface" v="asphalt"/>
    <tag k="tactile_paving" v="yes"/>
  </way>
  <way id="606078065">
    <nd ref="10567768956"/>
    <nd ref="31154724"/>
    <nd ref="10173804192"/>
    <nd ref="13755423470"/>
    <nd ref="10173804191"/>
    <nd ref="5747234975"/>
    <nd ref="768074054"/>
    <tag k="cycleway:left" v="no"/>
    <tag k="cycleway:right" v="lane"/>
    <tag k="cycleway:right:buffer:both" v="no"/>
    <tag k="cycleway:right:lane" v="advisory"/>
    <tag k="cycleway:right:marking:left" v="dashed_line"/>
    <tag k="cycleway:right:marking:right" v="no"/>
    <tag k="cycleway:right:oneway" v="yes"/>
    <tag k="cycleway:right:surface" v="asphalt"/>
    <tag k="cycleway:right:surface:colour" v="none"/>
    <tag k="cycleway:right:traffic_sign" v="none"/>
    <tag k="cycleway:right:width" v="1.5"/>
    <tag k="dual_carriageway" v="yes"/>
    <tag k="foot" v="use_sidepath"/>
    <tag k="highway" v="secondary"/>
    <tag k="lanes" v="2"/>
    <tag k="lit" v="yes"/>
    <tag k="maxspeed" v="50"/>
    <tag k="name" v="Spandauer Straße"/>
    <tag k="name:etymology:wikidata" v="Q158083"/>
    <tag k="note" v="Übergeordnete Straße, Stufe I"/>
    <tag k="oneway" v="yes"/>
    <tag k="parking:both" v="no"/>
    <tag k="postal_code" v="10178"/>
    <tag k="sidewalk:left" v="no"/>
    <tag k="sidewalk:right" v="separate"/>
    <tag k="smoothness" v="good"/>
    <tag k="source:cycleway:right:width" v="Luftbild 2025"/>
    <tag k="surface" v="asphalt"/>
    <tag k="wikidata" v="Q2306673"/>
    <tag k="wikipedia" v="de:Spandauer Straße"/>
  </way>
  <way id="606078068">
    <nd ref="6437011131"/>
    <nd ref="4566145597"/>
    <nd ref="11236296729"/>
    <tag k="crossing" v="traffic_signals"/>
    <tag k="crossing:island" v="no"/>
    <tag k="crossing:markings" v="dashes"/>
    <tag k="footway" v="crossing"/>
    <tag k="highway" v="footway"/>
    <tag k="lit" v="yes"/>
    <tag k="smoothness" v="good"/>
    <tag k="surface" v="asphalt"/>
    <tag k="tactile_paving" v="yes"/>
  </way>
  <way id="606078071">
    <nd ref="341340978"/>
    <nd ref="9288041062"/>
    <nd ref="5747234974"/>
    <nd ref="2480337678"/>
    <nd ref="21487209"/>
    <tag k="cycleway:left" v="no"/>
    <tag k="cycleway:right" v="lane"/>
    <tag k="cycleway:right:buffer:left" v="no"/>
    <tag k="cycleway:right:buffer:right" v="0.6"/>
    <tag k="cycleway:right:lane" v="advisory"/>
    <tag k="cycleway:right:marking:both" v="dashed_line"/>
    <tag k="cycleway:right:oneway" v="yes"/>
    <tag k="cycleway:right:surface" v="asphalt"/>
    <tag k="cycleway:right:surface:colour" v="none"/>
    <tag k="cycleway:right:traffic_mode:right" v="parking"/>
    <tag k="cycleway:right:traffic_sign" v="none"/>
    <tag k="cycleway:right:width" v="1.3"/>
    <tag k="dual_carriageway" v="yes"/>
    <tag k="foot" v="use_sidepath"/>
    <tag k="highway" v="secondary"/>
    <tag k="lane_markings" v="yes"/>
    <tag k="lanes" v="2"/>
    <tag k="lit" v="yes"/>
    <tag k="maxspeed" v="50"/>
    <tag k="name" v="Spandauer Straße"/>
    <tag k="name:etymology:wikidata" v="Q158083"/>
    <tag k="note" v="Übergeordnete Straße, Stufe I"/>
    <tag k="oneway" v="yes"/>
    <tag k="parking:both" v="no"/>
    <tag k="postal_code" v="10178"/>
    <tag k="sidewalk:left" v="no"/>
    <tag k="sidewalk:right" v="separate"/>
    <tag k="smoothness" v="good"/>
    <tag k="source:cycleway:right:width" v="Luftbild 2025"/>
    <tag k="surface" v="asphalt"/>
    <tag k="wikidata" v="Q2306673"/>
    <tag k="wikipedia" v="de:Spandauer Straße"/>
  </way>
  <way id="621119596">
    <nd ref="4917707293"/>
    <nd ref="5867575839"/>
    <tag k="highway" v="footway"/>
    <tag k="indoor" v="yes"/>
    <tag k="layer" v="-1"/>
    <tag k="level" v="-1"/>
    <tag k="location" v="underground"/>
  </way>
  <way id="625647962">
    <nd ref="5907113489"/>
    <nd ref="270727260"/>
    <tag k="cycleway:left" v="no"/>
    <tag k="cycleway:right" v="share_busway"/>
    <tag k="cycleway:right:oneway" v="yes"/>
    <tag k="foot" v="use_sidepath"/>
    <tag k="highway" v="primary"/>
    <tag k="lanes" v="3"/>
    <tag k="lit" v="yes"/>
    <tag k="maxspeed" v="50"/>
    <tag k="name" v="Karl-Liebknecht-Straße"/>
    <tag k="name:etymology:wikidata" v="Q75886"/>
    <tag k="oneway" v="yes"/>
    <tag k="parking:both" v="no"/>
    <tag k="ref" v="B 2;B 5"/>
    <tag k="sidewalk:left" v="no"/>
    <tag k="sidewalk:right" v="separate"/>
    <tag k="smoothness" v="good"/>
    <tag k="surface" v="asphalt"/>
    <tag k="wikidata" v="Q551773"/>
    <tag k="wikimedia_commons" v="Category:Karl-Liebknecht-Straße (Berlin-Mitte)"/>
    <tag k="wikipedia" v="en:Karl-Liebknecht-Straße"/>
    <tag k="zone:traffic" v="DE:urban"/>
  </way>
  <way id="628330890">
    <nd ref="5931763565"/>
    <nd ref="13755242864"/>
    <tag k="cycleway:left" v="no"/>
    <tag k="cycleway:right" v="lane"/>
    <tag k="cycleway:right:lane" v="exclusive"/>
    <tag k="dual_carriageway" v="yes"/>
    <tag k="foot" v="use_sidepath"/>
    <tag k="highway" v="primary"/>
    <tag k="lanes" v="2"/>
    <tag k="lit" v="yes"/>
    <tag k="maxheight" v="default"/>
    <tag k="maxspeed" v="30"/>
    <tag k="name" v="Grunerstraße"/>
    <tag k="name:etymology:wikidata" v="Q215507"/>
    <tag k="name:ja" v="グルネル通り"/>
    <tag k="oneway" v="yes"/>
    <tag k="parking:both" v="no"/>
    <tag k="parking:right:restriction" v="no_stopping"/>
    <tag k="postal_code" v="10178"/>
    <tag k="ref" v="B 1"/>
    <tag k="sidewalk:left" v="no"/>
    <tag k="sidewalk:right" v="separate"/>
    <tag k="smoothness" v="good"/>
    <tag k="source:maxspeed" v="DE:urban"/>
    <tag k="surface" v="asphalt"/>
    <tag k="wikidata" v="Q1550809"/>
    <tag k="wikimedia_commons" v="Category:Grunerstraße (Berlin-Mitte)"/>
    <tag k="wikipedia" v="de:Grunerstraße (Berlin)"/>
    <tag k="zone:traffic" v="DE:urban"/>
  </way>
  <way id="628330892">
    <nd ref="5931763566"/>
    <nd ref="5931763565"/>
    <tag k="cycleway:left" v="no"/>
    <tag k="cycleway:right" v="lane"/>
    <tag k="cycleway:right:lane" v="exclusive"/>
    <tag k="dual_carriageway" v="yes"/>
    <tag k="foot" v="use_sidepath"/>
    <tag k="highway" v="primary"/>
    <tag k="lanes" v="2"/>
    <tag k="lit" v="yes"/>
    <tag k="maxheight" v="default"/>
    <tag k="maxspeed" v="30"/>
    <tag k="name" v="Grunerstraße"/>
    <tag k="name:etymology:wikidata" v="Q215507"/>
    <tag k="name:ja" v="グルネル通り"/>
    <tag k="oneway" v="yes"/>
    <tag k="parking:both" v="no"/>
    <tag k="postal_code" v="10178"/>
    <tag k="ref" v="B 1"/>
    <tag k="sidewalk:left" v="no"/>
    <tag k="sidewalk:right" v="separate"/>
    <tag k="smoothness" v="good"/>
    <tag k="source:maxspeed" v="DE:urban"/>
    <tag k="surface" v="asphalt"/>
    <tag k="tunnel" v="building_passage"/>
    <tag k="wikidata" v="Q1550809"/>
    <tag k="wikimedia_commons" v="Category:Grunerstraße (Berlin-Mitte)"/>
    <tag k="wikipedia" v="de:Grunerstraße (Berlin)"/>
    <tag k="zone:traffic" v="DE:urban"/>
  </way>
  <way id="628330895">
    <nd ref="5931763563"/>
    <nd ref="29219452"/>
    <tag k="check_date:cycleway" v="2024-12-31"/>
    <tag k="cycleway:both" v="no"/>
    <tag k="destination:colour:lanes" v="yellow;yellow;white;white|yellow;yellow;white;white;white;white|"/>
    <tag k="destination:lanes" v="Prenzlauer Berg;Friedrichshain;Alexanderplatz;Rathauspassagen|Prenzlauer Berg;Friedrichshain;Alexanderplatz;Rathauspassagen;bcc;Alexa|"/>
    <tag k="destination:ref:to:lanes" v="A 10|A 10;A 117|"/>
    <tag k="destination:symbol:lanes" v=";;;covered_parking|;;;covered_parking;;;;;covered_parking|"/>
    <tag k="destination:symbol:to:lanes" v="motorway|motorway;motorway|"/>
    <tag k="destination:to:lanes" v="Frankfurt (Oder)|Frankfurt (Oder);Dresden|"/>
    <tag k="dual_carriageway" v="yes"/>
    <tag k="foot" v="use_sidepath"/>
    <tag k="highway" v="primary"/>
    <tag k="lanes" v="3"/>
    <tag k="lit" v="yes"/>
    <tag k="maxheight" v="default"/>
    <tag k="maxspeed" v="50"/>
    <tag k="name" v="Grunerstraße"/>
    <tag k="name:etymology:wikidata" v="Q215507"/>
    <tag k="name:ja" v="グルネル通り"/>
    <tag k="oneway" v="yes"/>
    <tag k="parking:both" v="no"/>
    <tag k="parking:right:restriction" v="no_stopping"/>
    <tag k="postal_code" v="10178"/>
    <tag k="priority_road" v="designated"/>
    <tag k="ref" v="B 1"/>
    <tag k="sidewalk:left" v="no"/>
    <tag k="sidewalk:right" v="separate"/>
    <tag k="smoothness" v="good"/>
    <tag k="source:maxspeed" v="DE:urban"/>
    <tag k="surface" v="asphalt"/>
    <tag k="wikidata" v="Q1550809"/>
    <tag k="wikimedia_commons" v="Category:Grunerstraße (Berlin-Mitte)"/>
    <tag k="wikipedia" v="de:Grunerstraße (Berlin)"/>
    <tag k="zone:traffic" v="DE:urban"/>
  </way>
  <way id="628330897">
    <nd ref="5931763564"/>
    <nd ref="5931763563"/>
    <tag k="check_date:cycleway" v="2024-12-31"/>
    <tag k="cycleway:both" v="no"/>
    <tag k="destination:colour:lanes" v="yellow;yellow;white;white|yellow;yellow;white;white;white;white|"/>
    <tag k="destination:lanes" v="Prenzlauer Berg;Friedrichshain;Alexanderplatz;Rathauspassagen|Prenzlauer Berg;Friedrichshain;Alexanderplatz;Rathauspassagen;bcc;Alexa|"/>
    <tag k="destination:ref:to:lanes" v="A 10|A 10;A 117|"/>
    <tag k="destination:symbol:lanes" v=";;;covered_parking|;;;covered_parking;;;;;covered_parking|"/>
    <tag k="destination:symbol:to:lanes" v="motorway|motorway;motorway|"/>
    <tag k="destination:to:lanes" v="Frankfurt (Oder)|Frankfurt (Oder);Dresden|"/>
    <tag k="dual_carriageway" v="yes"/>
    <tag k="foot" v="use_sidepath"/>
    <tag k="highway" v="primary"/>
    <tag k="lanes" v="3"/>
    <tag k="lit" v="yes"/>
    <tag k="maxheight" v="default"/>
    <tag k="maxspeed" v="50"/>
    <tag k="name" v="Grunerstraße"/>
    <tag k="name:etymology:wikidata" v="Q215507"/>
    <tag k="name:ja" v="グルネル通り"/>
    <tag k="oneway" v="yes"/>
    <tag k="parking:both" v="no"/>
    <tag k="parking:right:restriction" v="no_stopping"/>
    <tag k="postal_code" v="10178"/>
    <tag k="priority_road" v="designated"/>
    <tag k="ref" v="B 1"/>
    <tag k="shoulder" v="no"/>
    <tag k="sidewalk:left" v="no"/>
    <tag k="sidewalk:right" v="separate"/>
    <tag k="smoothness" v="good"/>
    <tag k="source:maxspeed" v="DE:urban"/>
    <tag k="surface" v="asphalt"/>
    <tag k="tunnel" v="building_passage"/>
    <tag k="wikidata" v="Q1550809"/>
    <tag k="wikimedia_commons" v="Category:Grunerstraße (Berlin-Mitte)"/>
    <tag k="wikipedia" v="de:Grunerstraße (Berlin)"/>
    <tag k="zone:traffic" v="DE:urban"/>
  </way>
  <way id="628330904">
    <nd ref="13755242864"/>
    <nd ref="13755242863"/>
    <nd ref="5390538237"/>
    <tag k="highway" v="cycleway"/>
    <tag k="lit" v="yes"/>
    <tag k="oneway" v="yes"/>
    <tag k="smoothness" v="excellent"/>
    <tag k="surface" v="asphalt"/>
    <tag k="traffic_sign" v="DE:237"/>
  </way>
  <way id="628330906">
    <nd ref="5747234979"/>
    <nd ref="5931763573"/>
    <nd ref="5931763569"/>
    <nd ref="5931763572"/>
    <nd ref="5931763571"/>
    <nd ref="5931763567"/>
    <nd ref="5931763568"/>
    <nd ref="5931763570"/>
    <tag k="highway" v="service"/>
    <tag k="lit" v="yes"/>
    <tag k="service" v="driveway"/>
    <tag k="surface" v="sett"/>
  </way>
  <way id="628330909">
    <nd ref="3182529373"/>
    <nd ref="6446104368"/>
    <nd ref="13105519348"/>
    <nd ref="5931763583"/>
    <tag k="highway" v="pedestrian"/>
    <tag k="lit" v="yes"/>
    <tag k="noname" v="yes"/>
    <tag k="surface" v="paving_stones"/>
  </way>
  <way id="643101294">
    <nd ref="6052747080"/>
    <nd ref="6052747081"/>
    <nd ref="6052747082"/>
    <nd ref="6052747083"/>
    <nd ref="6052747084"/>
    <nd ref="6052748185"/>
    <nd ref="6052748186"/>
    <nd ref="6052748187"/>
    <nd ref="6052748188"/>
    <nd ref="10183133110"/>
    <nd ref="6052748189"/>
    <nd ref="6052748190"/>
    <nd ref="6052748191"/>
    <nd ref="6052748192"/>
    <nd ref="6052748193"/>
    <nd ref="10041232981"/>
    <nd ref="10041232980"/>
    <nd ref="10041232979"/>
    <nd ref="10041232978"/>
    <nd ref="10041232977"/>
    <nd ref="10041232976"/>
    <nd ref="10041232975"/>
    <nd ref="10041232974"/>
    <nd ref="10041232973"/>
    <nd ref="10041232972"/>
    <nd ref="10041232971"/>
    <nd ref="10041232970"/>
    <nd ref="10041232969"/>
    <nd ref="10041232967"/>
    <tag k="highway" v="footway"/>
    <tag k="lit" v="yes"/>
    <tag k="surface" v="asphalt"/>
  </way>
  <way id="643101295">
    <nd ref="6052747082"/>
    <nd ref="6052748194"/>
    <nd ref="6052748195"/>
    <nd ref="6052748196"/>
    <nd ref="6052748197"/>
    <nd ref="6052748198"/>
    <nd ref="6052748199"/>
    <nd ref="6052748207"/>
    <nd ref="6052748200"/>
    <nd ref="6052748201"/>
    <nd ref="302245549"/>
    <tag k="highway" v="footway"/>
    <tag k="lit" v="yes"/>
    <tag k="smoothness" v="good"/>
    <tag k="surface" v="asphalt"/>
  </way>
  <way id="643101296">
    <nd ref="6052748202"/>
    <nd ref="6445985890"/>
    <tag k="highway" v="pedestrian"/>
    <tag k="lit" v="yes"/>
    <tag k="noname" v="yes"/>
    <tag k="smoothness" v="excellent"/>
    <tag k="surface" v="paving_stones"/>
  </way>
  <way id="660510097">
    <nd ref="6184062256"/>
    <nd ref="6184062257"/>
    <tag k="footway" v="sidewalk"/>
    <tag k="highway" v="footway"/>
    <tag k="layer" v="-2"/>
    <tag k="lit" v="24/7"/>
    <tag k="location" v="underground"/>
    <tag k="smoothness" v="excellent"/>
    <tag k="surface" v="asphalt"/>
    <tag k="tunnel" v="yes"/>
  </way>
  <way id="660510098">
    <nd ref="6184062258"/>
    <nd ref="6184062257"/>
    <tag k="handrail" v="yes"/>
    <tag k="handrail:left" v="yes"/>
    <tag k="handrail:right" v="yes"/>
    <tag k="highway" v="steps"/>
    <tag k="layer" v="-1"/>
    <tag k="lit" v="24/7"/>
    <tag k="location" v="underground"/>
    <tag k="ramp" v="no"/>
    <tag k="surface" v="paving_stones"/>
    <tag k="tunnel" v="yes"/>
  </way>
  <way id="677412315">
    <nd ref="6342892415"/>
    <nd ref="295705005"/>
    <nd ref="10969815209"/>
    <tag k="crossing" v="traffic_signals"/>
    <tag k="crossing:markings" v="dashes"/>
    <tag k="footway" v="crossing"/>
    <tag k="highway" v="footway"/>
    <tag k="is_sidepath" v="yes"/>
    <tag k="is_sidepath:of" v="secondary"/>
    <tag k="lit" v="yes"/>
    <tag k="postal_code" v="10178"/>
    <tag k="smoothness" v="intermediate"/>
    <tag k="surface" v="asphalt"/>
    <tag k="tactile_paving" v="yes"/>
  </way>
  <way id="677412316">
    <nd ref="6342892414"/>
    <nd ref="2531338707"/>
    <nd ref="6342892415"/>
    <tag k="footway" v="traffic_island"/>
    <tag k="highway" v="footway"/>
    <tag k="is_sidepath" v="yes"/>
    <tag k="is_sidepath:of" v="secondary"/>
    <tag k="lit" v="yes"/>
    <tag k="paving_stones:width" v="75"/>
    <tag k="postal_code" v="10178"/>
    <tag k="smoothness" v="excellent"/>
    <tag k="surface" v="paving_stones"/>
  </way>
  <way id="677412317">
    <nd ref="5341149727"/>
    <nd ref="7163595317"/>
    <nd ref="3153666985"/>
    <tag k="check_date:smoothness" v="2026-06-09"/>
    <tag k="footway" v="sidewalk"/>
    <tag k="highway" v="footway"/>
    <tag k="lit" v="yes"/>
    <tag k="paving_stones:width" v="35"/>
    <tag k="postal_code" v="10178"/>
    <tag k="smoothness" v="good"/>
    <tag k="surface" v="paving_stones"/>
  </way>
  <way id="677882823">
    <nd ref="6347384693"/>
    <nd ref="5518191260"/>
    <tag k="highway" v="pedestrian"/>
    <tag k="lit" v="yes"/>
    <tag k="noname" v="yes"/>
    <tag k="smoothness" v="good"/>
    <tag k="surface" v="paving_stones"/>
  </way>
  <way id="677882824">
    <nd ref="3095536667"/>
    <nd ref="9899650232"/>
    <tag k="highway" v="pedestrian"/>
    <tag k="lit" v="yes"/>
    <tag k="noname" v="yes"/>
    <tag k="smoothness" v="good"/>
    <tag k="surface" v="paving_stones"/>
  </way>
  <way id="677882826">
    <nd ref="9899650232"/>
    <nd ref="9899650231"/>
    <nd ref="6347384693"/>
    <tag k="highway" v="footway"/>
    <tag k="lit" v="yes"/>
    <tag k="smoothness" v="good"/>
    <tag k="surface" v="paving_stones"/>
    <tag k="tunnel" v="building_passage"/>
  </way>
  <way id="686908625">
    <nd ref="6438955388"/>
    <nd ref="6438955387"/>
    <tag k="check_date:cycleway" v="2024-12-31"/>
    <tag k="covered" v="yes"/>
    <tag k="cutting" v="yes"/>
    <tag k="cycleway:both" v="no"/>
    <tag k="dual_carriageway" v="yes"/>
    <tag k="highway" v="primary"/>
    <tag k="incline" v="down"/>
    <tag k="lanes" v="2"/>
    <tag k="lit" v="yes"/>
    <tag k="maxheight" v="4"/>
    <tag k="maxspeed" v="50"/>
    <tag k="motorroad" v="yes"/>
    <tag k="name" v="Tunnel Alexanderplatz"/>
    <tag k="oneway" v="yes"/>
    <tag k="parking:both" v="no"/>
    <tag k="shoulder" v="no"/>
    <tag k="sidewalk" v="no"/>
    <tag k="smoothness" v="excellent"/>
    <tag k="surface" v="asphalt"/>
    <tag k="zone:traffic" v="DE:urban"/>
  </way>
  <way id="686908626">
    <nd ref="6438955385"/>
    <nd ref="262467975"/>
    <tag k="check_date:cycleway" v="2024-12-31"/>
    <tag k="cutting" v="yes"/>
    <tag k="cycleway:both" v="no"/>
    <tag k="dual_carriageway" v="yes"/>
    <tag k="highway" v="primary"/>
    <tag k="incline" v="up"/>
    <tag k="lanes" v="2"/>
    <tag k="lit" v="yes"/>
    <tag k="maxheight" v="4"/>
    <tag k="maxspeed" v="50"/>
    <tag k="motorroad" v="yes"/>
    <tag k="name" v="Tunnel Alexanderplatz"/>
    <tag k="oneway" v="yes"/>
    <tag k="parking:both" v="no"/>
    <tag k="shoulder" v="no"/>
    <tag k="sidewalk" v="no"/>
    <tag k="smoothness" v="excellent"/>
    <tag k="surface" v="asphalt"/>
    <tag k="zone:traffic" v="DE:urban"/>
  </way>
  <way id="686908627">
    <nd ref="6438955386"/>
    <nd ref="6438955385"/>
    <tag k="check_date:cycleway" v="2024-12-31"/>
    <tag k="covered" v="yes"/>
    <tag k="cutting" v="yes"/>
    <tag k="cycleway:both" v="no"/>
    <tag k="dual_carriageway" v="yes"/>
    <tag k="highway" v="primary"/>
    <tag k="incline" v="up"/>
    <tag k="lanes" v="2"/>
    <tag k="lit" v="yes"/>
    <tag k="maxheight" v="4"/>
    <tag k="maxspeed" v="50"/>
    <tag k="motorroad" v="yes"/>
    <tag k="name" v="Tunnel Alexanderplatz"/>
    <tag k="oneway" v="yes"/>
    <tag k="parking:both" v="no"/>
    <tag k="shoulder" v="no"/>
    <tag k="sidewalk" v="no"/>
    <tag k="smoothness" v="excellent"/>
    <tag k="surface" v="asphalt"/>
    <tag k="zone:traffic" v="DE:urban"/>
  </way>
  <way id="686908628">
    <nd ref="6438955387"/>
    <nd ref="2017413874"/>
    <nd ref="30731526"/>
    <tag k="check_date:cycleway" v="2024-12-31"/>
    <tag k="cutting" v="yes"/>
    <tag k="cycleway:both" v="no"/>
    <tag k="dual_carriageway" v="yes"/>
    <tag k="highway" v="primary"/>
    <tag k="incline" v="down"/>
    <tag k="lanes" v="2"/>
    <tag k="lit" v="yes"/>
    <tag k="maxheight" v="4"/>
    <tag k="maxspeed" v="50"/>
    <tag k="motorroad" v="yes"/>
    <tag k="name" v="Tunnel Alexanderplatz"/>
    <tag k="oneway" v="yes"/>
    <tag k="parking:both" v="no"/>
    <tag k="shoulder" v="no"/>
    <tag k="sidewalk" v="no"/>
    <tag k="smoothness" v="excellent"/>
    <tag k="surface" v="asphalt"/>
    <tag k="zone:traffic" v="DE:urban"/>
  </way>
  <way id="686970620">
    <nd ref="3733305304"/>
    <nd ref="574262495"/>
    <tag k="highway" v="pedestrian"/>
    <tag k="lit" v="yes"/>
    <tag k="name" v="Rathausstraße"/>
    <tag k="parking:both" v="no"/>
    <tag k="smoothness" v="good"/>
    <tag k="surface" v="paving_stones"/>
  </way>
  <way id="687615866">
    <nd ref="302245549"/>
    <nd ref="3182529367"/>
    <tag k="highway" v="pedestrian"/>
    <tag k="lit" v="yes"/>
    <tag k="noname" v="yes"/>
    <tag k="smoothness" v="good"/>
    <tag k="surface" v="paving_stones"/>
  </way>
  <way id="687615868">
    <nd ref="6445985890"/>
    <nd ref="6052748203"/>
    <nd ref="6052748204"/>
    <nd ref="6052748206"/>
    <nd ref="9899654863"/>
    <nd ref="6052748207"/>
    <tag k="highway" v="footway"/>
    <tag k="lit" v="yes"/>
    <tag k="smoothness" v="intermediate"/>
    <tag k="surface" v="sett"/>
  </way>
  <way id="687623781">
    <nd ref="6446104360"/>
    <nd ref="6447810042"/>
    <nd ref="6448102127"/>
    <nd ref="10196188887"/>
    <nd ref="6446104376"/>
    <nd ref="6446104361"/>
    <tag k="highway" v="pedestrian"/>
    <tag k="lit" v="yes"/>
    <tag k="noname" v="yes"/>
    <tag k="smoothness" v="good"/>
    <tag k="surface" v="paving_stones"/>
  </way>
  <way id="687623782">
    <nd ref="5518191260"/>
    <nd ref="6446104369"/>
    <nd ref="6448102129"/>
    <nd ref="6446104365"/>
    <nd ref="6446104366"/>
    <tag k="highway" v="pedestrian"/>
    <tag k="lit" v="yes"/>
    <tag k="noname" v="yes"/>
    <tag k="smoothness" v="good"/>
    <tag k="surface" v="paving_stones"/>
  </way>
  <way id="687623783">
    <nd ref="6446104369"/>
    <nd ref="6052747080"/>
    <tag k="highway" v="pedestrian"/>
    <tag k="lit" v="yes"/>
    <tag k="noname" v="yes"/>
    <tag k="smoothness" v="excellent"/>
    <tag k="surface" v="paving_stones"/>
  </way>
  <way id="687740870">
    <nd ref="6447331771"/>
    <nd ref="6447331770"/>
    <tag k="access" v="permissive"/>
    <tag k="covered" v="building_passage"/>
    <tag k="highway" v="service"/>
    <tag k="service" v="driveway"/>
  </way>
  <way id="687740871">
    <nd ref="6447331770"/>
    <nd ref="2694713812"/>
    <tag k="access" v="permissive"/>
    <tag k="highway" v="service"/>
    <tag k="service" v="driveway"/>
  </way>
  <way id="687752789">
    <nd ref="13108873686"/>
    <nd ref="2777249238"/>
    <nd ref="1769671787"/>
    <nd ref="9856051674"/>
    <nd ref="6795798243"/>
    <nd ref="1769671796"/>
    <nd ref="2777249239"/>
    <tag k="footway" v="link"/>
    <tag k="highway" v="footway"/>
    <tag k="lit" v="yes"/>
    <tag k="surface" v="concrete"/>
  </way>
  <way id="687787214">
    <nd ref="13535524835"/>
    <nd ref="768074045"/>
    <nd ref="10196188912"/>
    <nd ref="302245552"/>
    <nd ref="10188332726"/>
    <tag k="highway" v="footway"/>
    <tag k="lit" v="no"/>
    <tag k="noname" v="yes"/>
    <tag k="smoothness" v="good"/>
    <tag k="surface" v="sett"/>
  </way>
  <way id="687787215">
    <nd ref="6447810041"/>
    <nd ref="6447810042"/>
    <tag k="highway" v="pedestrian"/>
    <tag k="lit" v="yes"/>
    <tag k="noname" v="yes"/>
    <tag k="surface" v="paving_stones"/>
  </way>
  <way id="687787219">
    <nd ref="9213873349"/>
    <nd ref="12352052254"/>
    <nd ref="5867602056"/>
    <nd ref="9213873347"/>
    <nd ref="3182529384"/>
    <nd ref="3182529385"/>
    <nd ref="6445985889"/>
    <nd ref="196763697"/>
    <tag k="bicycle" v="yes"/>
    <tag k="highway" v="pedestrian"/>
    <tag k="lit" v="yes"/>
    <tag k="noname" v="yes"/>
    <tag k="smoothness" v="good"/>
    <tag k="surface" v="paving_stones"/>
  </way>
  <way id="687787220">
    <nd ref="9213873348"/>
    <nd ref="8594892021"/>
    <nd ref="6447810049"/>
    <nd ref="12352052258"/>
    <nd ref="10183133113"/>
    <tag k="footway" v="sidewalk"/>
    <tag k="highway" v="footway"/>
    <tag k="lit" v="yes"/>
    <tag k="smoothness" v="excellent"/>
    <tag k="surface" v="paving_stones"/>
  </way>
  <way id="687787221">
    <nd ref="10183133113"/>
    <nd ref="30731504"/>
    <nd ref="13334677281"/>
    <nd ref="9891678215"/>
    <nd ref="11236075604"/>
    <tag k="crossing" v="traffic_signals"/>
    <tag k="footway" v="crossing"/>
    <tag k="highway" v="footway"/>
    <tag k="lit" v="yes"/>
    <tag k="smoothness" v="good"/>
    <tag k="surface" v="asphalt"/>
  </way>
  <way id="687804451">
    <nd ref="6448068511"/>
    <nd ref="6448068518"/>
    <nd ref="6448068514"/>
    <nd ref="10731473050"/>
    <nd ref="6448068510"/>
    <tag k="footway" v="sidewalk"/>
    <tag k="highway" v="footway"/>
    <tag k="is_sidepath" v="yes"/>
    <tag k="is_sidepath:of" v="secondary"/>
    <tag k="is_sidepath:of:name" v="Spandauer Straße"/>
    <tag k="lit" v="yes"/>
    <tag k="surface" v="paving_stones"/>
  </way>
  <way id="687804453">
    <nd ref="5518191632"/>
    <nd ref="5747234977"/>
    <nd ref="6448068512"/>
    <tag k="crossing" v="traffic_signals"/>
    <tag k="crossing:island" v="no"/>
    <tag k="crossing:markings" v="dashes"/>
    <tag k="footway" v="crossing"/>
    <tag k="highway" v="footway"/>
    <tag k="is_sidepath" v="yes"/>
    <tag k="is_sidepath:of" v="secondary"/>
    <tag k="is_sidepath:of:name" v="Spandauer Straße"/>
    <tag k="lit" v="yes"/>
    <tag k="smoothness" v="excellent"/>
    <tag k="surface" v="asphalt"/>
    <tag k="tactile_paving" v="yes"/>
  </way>
  <way id="687804455">
    <nd ref="2121324863"/>
    <nd ref="11394748904"/>
    <nd ref="6446104371"/>
    <nd ref="13105519358"/>
    <nd ref="3182529366"/>
    <nd ref="13105519353"/>
    <nd ref="3182529382"/>
    <nd ref="10196188861"/>
    <nd ref="29219464"/>
    <nd ref="3733305304"/>
    <nd ref="10247148371"/>
    <tag k="cycleway:left" v="separate"/>
    <tag k="cycleway:right" v="no"/>
    <tag k="highway" v="pedestrian"/>
    <tag k="lit" v="yes"/>
    <tag k="name" v="Rathausstraße"/>
    <tag k="name:etymology:wikidata" v="Q155210"/>
    <tag k="old_name" v="Königstraße"/>
    <tag k="oneway" v="no"/>
    <tag k="parking:both" v="no"/>
    <tag k="postal_code" v="10178"/>
    <tag k="smoothness" v="good"/>
    <tag k="surface" v="paving_stones"/>
    <tag k="wikidata" v="Q1689577"/>
    <tag k="wikimedia_commons" v="Category:Rathausstraße (Berlin-Mitte)"/>
    <tag k="wikipedia" v="de:Rathausstraße (Berlin)"/>
  </way>
  <way id="687804456">
    <nd ref="13105519358"/>
    <nd ref="13105519359"/>
    <nd ref="13105519350"/>
    <nd ref="6052748202"/>
    <nd ref="3182529367"/>
    <nd ref="6449731026"/>
    <nd ref="5518191260"/>
    <nd ref="3182529368"/>
    <nd ref="13535529701"/>
    <nd ref="13535460299"/>
    <tag k="bicycle" v="yes"/>
    <tag k="highway" v="pedestrian"/>
    <tag k="lit" v="yes"/>
    <tag k="noname" v="yes"/>
    <tag k="smoothness" v="good"/>
    <tag k="surface" v="paving_stones"/>
  </way>
  <way id="687807360">
    <nd ref="6448102127"/>
    <nd ref="3182529380"/>
    <tag k="highway" v="pedestrian"/>
    <tag k="lit" v="yes"/>
    <tag k="noname" v="yes"/>
    <tag k="surface" v="paving_stones"/>
  </way>
  <way id="687966676">
    <nd ref="12921497680"/>
    <nd ref="4547201156"/>
    <nd ref="13105940451"/>
    <nd ref="888363844"/>
    <nd ref="12921497675"/>
    <nd ref="13105940469"/>
    <nd ref="2831092401"/>
    <nd ref="12921497670"/>
    <nd ref="13105940452"/>
    <tag k="check_date:cycleway" v="2024-12-31"/>
    <tag k="cycleway:both" v="no"/>
    <tag k="foot" v="use_sidepath"/>
    <tag k="highway" v="residential"/>
    <tag k="lanes" v="2"/>
    <tag k="lit" v="yes"/>
    <tag k="maxspeed" v="50"/>
    <tag k="maxspeed:type" v="sign"/>
    <tag k="name" v="Dircksenstraße"/>
    <tag k="name:etymology:wikidata" v="Q100704"/>
    <tag k="parking:both" v="no"/>
    <tag k="postal_code" v="10179"/>
    <tag k="sidewalk:left" v="yes"/>
    <tag k="sidewalk:left:surface" v="paving_stones"/>
    <tag k="sidewalk:right" v="separate"/>
    <tag k="smoothness" v="good"/>
    <tag k="surface" v="asphalt"/>
    <tag k="wikidata" v="Q60560486"/>
    <tag k="wikimedia_commons" v="Category:Dircksenstraße (Berlin-Mitte)"/>
  </way>
  <way id="687966677">
    <nd ref="3527851593"/>
    <nd ref="3527851366"/>
    <nd ref="888371797"/>
    <nd ref="13105940460"/>
    <nd ref="196763703"/>
    <tag k="bicycle" v="yes"/>
    <tag k="highway" v="pedestrian"/>
    <tag k="lit" v="yes"/>
    <tag k="mapillary" v="507239815701223"/>
    <tag k="name" v="Dircksenstraße"/>
    <tag k="name:etymology:wikidata" v="Q100704"/>
    <tag k="oneway" v="no"/>
    <tag k="parking:both" v="no"/>
    <tag k="postal_code" v="10179"/>
    <tag k="surface" v="paving_stones"/>
    <tag k="traffic_sign" v="DE:250,1022-10"/>
    <tag k="vehicle" v="no"/>
    <tag k="wikidata" v="Q60560486"/>
    <tag k="wikimedia_commons" v="Category:Dircksenstraße (Berlin-Mitte)"/>
  </way>
  <way id="687966678">
    <nd ref="11732225636"/>
    <nd ref="3867922478"/>
    <tag k="bench" v="yes"/>
    <tag k="bin" v="yes"/>
    <tag k="bus" v="yes"/>
    <tag k="highway" v="platform"/>
    <tag k="lit" v="yes"/>
    <tag k="name" v="S+U Alexanderplatz/Memhardstraße"/>
    <tag k="public_transport" v="platform"/>
    <tag k="shelter" v="yes"/>
    <tag k="tactile_paving" v="yes"/>
    <tag k="wheelchair" v="limited"/>
  </way>
  <way id="687966679">
    <nd ref="12610401016"/>
    <nd ref="6449731033"/>
    <nd ref="9075938657"/>
    <nd ref="13105940473"/>
    <nd ref="6449731032"/>
    <nd ref="768038188"/>
    <tag k="bicycle" v="yes"/>
    <tag k="highway" v="pedestrian"/>
    <tag k="lit" v="yes"/>
    <tag k="noname" v="yes"/>
    <tag k="smoothness" v="excellent"/>
    <tag k="surface" v="paving_stones"/>
    <tag k="traffic_sign" v="DE:250,1022-10"/>
    <tag k="vehicle" v="no"/>
  </way>
  <way id="710761402">
    <nd ref="3867910432"/>
    <nd ref="768038173"/>
    <tag k="cycleway:left" v="no"/>
    <tag k="cycleway:right" v="lane"/>
    <tag k="cycleway:right:lane" v="exclusive"/>
    <tag k="dual_carriageway" v="yes"/>
    <tag k="foot" v="use_sidepath"/>
    <tag k="highway" v="primary"/>
    <tag k="lanes" v="2"/>
    <tag k="lit" v="yes"/>
    <tag k="maxspeed" v="50"/>
    <tag k="name" v="Grunerstraße"/>
    <tag k="name:etymology:wikidata" v="Q215507"/>
    <tag k="name:ja" v="グルネル通り"/>
    <tag k="oneway" v="yes"/>
    <tag k="parking:both" v="no"/>
    <tag k="parking:right:restriction" v="no_stopping"/>
    <tag k="postal_code" v="10179"/>
    <tag k="ref" v="B 1"/>
    <tag k="sidewalk:left" v="no"/>
    <tag k="sidewalk:right" v="separate"/>
    <tag k="smoothness" v="good"/>
    <tag k="source:maxspeed" v="DE:urban"/>
    <tag k="surface" v="asphalt"/>
    <tag k="wikidata" v="Q1550809"/>
    <tag k="wikimedia_commons" v="Category:Grunerstraße (Berlin-Mitte)"/>
    <tag k="wikipedia" v="de:Grunerstraße (Berlin)"/>
    <tag k="zone:traffic" v="DE:urban"/>
  </way>
  <way id="718140761">
    <nd ref="6744165043"/>
    <nd ref="3867910432"/>
    <tag k="cycleway:left" v="no"/>
    <tag k="cycleway:right" v="lane"/>
    <tag k="cycleway:right:lane" v="exclusive"/>
    <tag k="dual_carriageway" v="yes"/>
    <tag k="foot" v="use_sidepath"/>
    <tag k="highway" v="primary"/>
    <tag k="lanes" v="2"/>
    <tag k="lit" v="yes"/>
    <tag k="maxspeed" v="50"/>
    <tag k="name" v="Grunerstraße"/>
    <tag k="name:etymology:wikidata" v="Q215507"/>
    <tag k="name:ja" v="グルネル通り"/>
    <tag k="oneway" v="yes"/>
    <tag k="parking:both" v="no"/>
    <tag k="parking:right:restriction" v="no_stopping"/>
    <tag k="postal_code" v="10179"/>
    <tag k="ref" v="B 1"/>
    <tag k="sidewalk:left" v="no"/>
    <tag k="sidewalk:right" v="separate"/>
    <tag k="smoothness" v="good"/>
    <tag k="source:maxspeed" v="DE:urban"/>
    <tag k="surface" v="asphalt"/>
    <tag k="wikidata" v="Q1550809"/>
    <tag k="wikimedia_commons" v="Category:Grunerstraße (Berlin-Mitte)"/>
    <tag k="wikipedia" v="de:Grunerstraße (Berlin)"/>
    <tag k="zone:traffic" v="DE:urban"/>
  </way>
  <way id="728838409">
    <nd ref="1166137168"/>
    <nd ref="3907105049"/>
    <nd ref="6828410667"/>
    <tag k="check_date:sidewalk" v="2022-07-17"/>
    <tag k="cycleway:left" v="no"/>
    <tag k="cycleway:right" v="lane"/>
    <tag k="cycleway:right:buffer:both" v="no"/>
    <tag k="cycleway:right:lane" v="exclusive"/>
    <tag k="cycleway:right:marking:both" v="solid_line"/>
    <tag k="cycleway:right:oneway" v="yes"/>
    <tag k="cycleway:right:surface" v="asphalt"/>
    <tag k="cycleway:right:surface:colour" v="green"/>
    <tag k="cycleway:right:traffic_sign" v="none"/>
    <tag k="cycleway:right:width" v="2"/>
    <tag k="dual_carriageway" v="yes"/>
    <tag k="foot" v="use_sidepath"/>
    <tag k="highway" v="primary"/>
    <tag k="lanes" v="3"/>
    <tag k="lit" v="yes"/>
    <tag k="maxspeed" v="50"/>
    <tag k="name" v="Alexanderstraße"/>
    <tag k="name:etymology:wikidata" v="Q15193"/>
    <tag k="name:ja" v="アレクサンダー通り"/>
    <tag k="old_name" v="Alexanderstraße (22.05.1819-1933);Alexanderplatz (1933-01.02.2006)"/>
    <tag k="oneway" v="yes"/>
    <tag k="parking:both" v="no"/>
    <tag k="parking:right:restriction" v="no_stopping"/>
    <tag k="ref" v="B 2;B 5"/>
    <tag k="sidewalk:left" v="no"/>
    <tag k="sidewalk:right" v="separate"/>
    <tag k="smoothness" v="good"/>
    <tag k="source:cycleway:right:width" v="Luftbild 2025"/>
    <tag k="source:maxspeed" v="DE:urban"/>
    <tag k="surface" v="asphalt"/>
    <tag k="wikidata" v="Q17486182"/>
    <tag k="wikimedia_commons" v="Category:Alexanderstraße (Berlin-Mitte)"/>
    <tag k="zone:traffic" v="DE:urban"/>
  </way>
  <way id="751595929">
    <nd ref="29219440"/>
    <nd ref="5747234977"/>
    <nd ref="12919580026"/>
    <tag k="cycleway:left" v="lane"/>
    <tag k="cycleway:left:buffer:both" v="no"/>
    <tag k="cycleway:left:lane" v="advisory"/>
    <tag k="cycleway:left:marking:both" v="dashed_line"/>
    <tag k="cycleway:left:oneway" v="yes"/>
    <tag k="cycleway:left:separation:left" v="no"/>
    <tag k="cycleway:left:separation:right" v="no"/>
    <tag k="cycleway:left:surface" v="asphalt"/>
    <tag k="cycleway:left:surface:colour" v="none"/>
    <tag k="cycleway:left:traffic_sign" v="none"/>
    <tag k="cycleway:left:width" v="1.5"/>
    <tag k="cycleway:right" v="no"/>
    <tag k="foot" v="use_sidepath"/>
    <tag k="highway" v="residential"/>
    <tag k="lit" v="yes"/>
    <tag k="maxspeed" v="30"/>
    <tag k="name" v="Rathausstraße"/>
    <tag k="name:etymology:wikidata" v="Q155210"/>
    <tag k="old_name" v="Königstraße"/>
    <tag k="parking:both" v="no"/>
    <tag k="parking:both:reason" v="junction"/>
    <tag k="postal_code" v="10178"/>
    <tag k="sidewalk:both" v="separate"/>
    <tag k="smoothness" v="excellent"/>
    <tag k="source:cycleway:left:width" v="Luftbild 2025"/>
    <tag k="source:width" v="Luftbild 2025"/>
    <tag k="surface" v="asphalt"/>
    <tag k="width" v="12"/>
    <tag k="wikidata" v="Q1689577"/>
    <tag k="wikimedia_commons" v="Category:Rathausstraße (Berlin-Mitte)"/>
    <tag k="wikipedia" v="de:Rathausstraße (Berlin)"/>
  </way>
  <way id="751595930">
    <nd ref="4566145594"/>
    <nd ref="7026282540"/>
    <tag k="cycleway:left" v="no"/>
    <tag k="cycleway:right" v="lane"/>
    <tag k="cycleway:right:buffer:both" v="no"/>
    <tag k="cycleway:right:lane" v="advisory"/>
    <tag k="cycleway:right:marking:left" v="dashed_line"/>
    <tag k="cycleway:right:marking:right" v="no"/>
    <tag k="cycleway:right:oneway" v="yes"/>
    <tag k="cycleway:right:surface" v="asphalt"/>
    <tag k="cycleway:right:surface:colour" v="none"/>
    <tag k="cycleway:right:traffic_sign" v="none"/>
    <tag k="cycleway:right:width" v="1.5"/>
    <tag k="dual_carriageway" v="yes"/>
    <tag k="foot" v="use_sidepath"/>
    <tag k="highway" v="secondary"/>
    <tag k="lanes" v="2"/>
    <tag k="lit" v="yes"/>
    <tag k="maxspeed" v="50"/>
    <tag k="name" v="Spandauer Straße"/>
    <tag k="name:etymology:wikidata" v="Q158083"/>
    <tag k="note" v="Übergeordnete Straße, Stufe I"/>
    <tag k="oneway" v="yes"/>
    <tag k="parking:both" v="no"/>
    <tag k="postal_code" v="10178"/>
    <tag k="sidewalk:left" v="no"/>
    <tag k="sidewalk:right" v="separate"/>
    <tag k="smoothness" v="good"/>
    <tag k="source:cycleway:right:width" v="Luftbild 2025"/>
    <tag k="surface" v="asphalt"/>
    <tag k="wikidata" v="Q2306673"/>
    <tag k="wikipedia" v="de:Spandauer Straße"/>
  </way>
  <way id="755686747">
    <nd ref="3096724668"/>
    <nd ref="271670135"/>
    <tag k="cycleway:left" v="no"/>
    <tag k="cycleway:right" v="lane"/>
    <tag k="cycleway:right:buffer:both" v="no"/>
    <tag k="cycleway:right:lane" v="exclusive"/>
    <tag k="cycleway:right:marking:both" v="dashed_line"/>
    <tag k="cycleway:right:marking:left" v="dashed_line"/>
    <tag k="cycleway:right:marking:right" v="barred_area"/>
    <tag k="cycleway:right:oneway" v="yes"/>
    <tag k="cycleway:right:surface" v="asphalt"/>
    <tag k="cycleway:right:surface:colour" v="red"/>
    <tag k="cycleway:right:traffic_sign" v="none"/>
    <tag k="cycleway:right:width" v="1.5"/>
    <tag k="dual_carriageway" v="yes"/>
    <tag k="foot" v="use_sidepath"/>
    <tag k="highway" v="primary"/>
    <tag k="lanes" v="3"/>
    <tag k="lit" v="yes"/>
    <tag k="maxspeed" v="50"/>
    <tag k="name" v="Alexanderstraße"/>
    <tag k="name:etymology:wikidata" v="Q15193"/>
    <tag k="name:ja" v="アレクサンダー通り"/>
    <tag k="old_name" v="Alexanderstraße (22.05.1819-1933);Alexanderplatz (1933-01.02.2006)"/>
    <tag k="oneway" v="yes"/>
    <tag k="parking:both" v="no"/>
    <tag k="ref" v="B 2;B 5"/>
    <tag k="sidewalk:left" v="no"/>
    <tag k="sidewalk:right" v="separate"/>
    <tag k="smoothness" v="good"/>
    <tag k="source:cycleway:right:width" v="infra3D"/>
    <tag k="source:maxspeed" v="DE:urban"/>
    <tag k="surface" v="asphalt"/>
    <tag k="wikidata" v="Q17486182"/>
    <tag k="wikimedia_commons" v="Category:Alexanderstraße (Berlin-Mitte)"/>
    <tag k="zone:traffic" v="DE:urban"/>
  </way>
  <way id="756190226">
    <nd ref="7062810730"/>
    <nd ref="262487190"/>
    <tag k="highway" v="footway"/>
    <tag k="lit" v="yes"/>
    <tag k="smoothness" v="good"/>
    <tag k="surface" v="paving_stones"/>
  </way>
  <way id="756306891">
    <nd ref="11826456843"/>
    <nd ref="3867922477"/>
    <tag k="bench" v="no"/>
    <tag k="bin" v="yes"/>
    <tag k="bus" v="yes"/>
    <tag k="highway" v="platform"/>
    <tag k="lit" v="yes"/>
    <tag k="local_ref" v="1"/>
    <tag k="name" v="S+U Alexanderplatz/Memhardstraße"/>
    <tag k="passenger_information_display" v="yes"/>
    <tag k="public_transport" v="platform"/>
    <tag k="ref" v="1"/>
    <tag k="shelter" v="no"/>
    <tag k="tactile_paving" v="no"/>
    <tag k="wheelchair" v="limited"/>
  </way>
  <way id="757729593">
    <nd ref="7076449616"/>
    <nd ref="4164607294"/>
    <tag k="bench" v="no"/>
    <tag k="bin" v="yes"/>
    <tag k="bus" v="yes"/>
    <tag k="highway" v="platform"/>
    <tag k="lit" v="yes"/>
    <tag k="name" v="S+U Alexanderplatz/Memhardstraße"/>
    <tag k="public_transport" v="platform"/>
    <tag k="shelter" v="no"/>
    <tag k="tactile_paving" v="no"/>
    <tag k="wheelchair" v="limited"/>
  </way>
  <way id="780327577">
    <nd ref="9700749462"/>
    <nd ref="7286123367"/>
    <tag k="footway" v="sidewalk"/>
    <tag k="highway" v="footway"/>
    <tag k="lit" v="yes"/>
    <tag k="name" v="Rathausstraße"/>
    <tag k="name:etymology:wikidata" v="Q155210"/>
    <tag k="surface" v="paving_stones"/>
    <tag k="wikidata" v="Q1689577"/>
    <tag k="wikimedia_commons" v="Category:Rathausstraße (Berlin-Mitte)"/>
  </way>
  <way id="799055783">
    <nd ref="3182529380"/>
    <nd ref="3182529368"/>
    <nd ref="2401396431"/>
    <tag k="bicycle" v="no"/>
    <tag k="highway" v="pedestrian"/>
    <tag k="lit" v="yes"/>
    <tag k="noname" v="yes"/>
    <tag k="smoothness" v="good"/>
    <tag k="surface" v="paving_stones"/>
  </way>
  <way id="799055784">
    <nd ref="3182529380"/>
    <nd ref="6448102129"/>
    <tag k="highway" v="pedestrian"/>
    <tag k="lit" v="yes"/>
    <tag k="noname" v="yes"/>
    <tag k="surface" v="paving_stones"/>
  </way>
  <way id="832173062">
    <nd ref="3527869957"/>
    <nd ref="12437498284"/>
    <nd ref="7769466018"/>
    <nd ref="7769466019"/>
    <tag k="footway" v="sidewalk"/>
    <tag k="highway" v="footway"/>
    <tag k="lit" v="yes"/>
    <tag k="smoothness" v="good"/>
    <tag k="surface" v="paving_stones"/>
  </way>
  <way id="832173064">
    <nd ref="5403954259"/>
    <nd ref="9282068881"/>
    <nd ref="9282068882"/>
    <nd ref="12437504004"/>
    <nd ref="7769466025"/>
    <tag k="bicycle" v="designated"/>
    <tag k="highway" v="cycleway"/>
    <tag k="lit" v="yes"/>
    <tag k="oneway" v="no"/>
    <tag k="smoothness" v="good"/>
    <tag k="source:width" v="Luftbild 2025"/>
    <tag k="surface" v="paving_stones"/>
    <tag k="traffic_sign" v="DE:237"/>
    <tag k="width" v="3.1"/>
  </way>
  <way id="832173068">
    <nd ref="11236453284"/>
    <nd ref="7769466026"/>
    <nd ref="7769466027"/>
    <nd ref="7769466028"/>
    <nd ref="7769466029"/>
    <nd ref="7769466030"/>
    <nd ref="13462166973"/>
    <nd ref="12311574612"/>
    <nd ref="13462166969"/>
    <nd ref="7769466031"/>
    <nd ref="11199718124"/>
    <nd ref="5907961749"/>
    <nd ref="11236060398"/>
    <tag k="footway" v="sidewalk"/>
    <tag k="highway" v="footway"/>
    <tag k="is_sidepath" v="yes"/>
    <tag k="is_sidepath:of" v="primary"/>
    <tag k="lit" v="yes"/>
    <tag k="smoothness" v="good"/>
    <tag k="surface" v="paving_stones"/>
  </way>
  <way id="863415780">
    <nd ref="8043201325"/>
    <nd ref="11394748902"/>
    <nd ref="8043201324"/>
    <tag k="highway" v="service"/>
    <tag k="service" v="driveway"/>
    <tag k="surface" v="sett"/>
  </way>
  <way id="863415781">
    <nd ref="437610024"/>
    <nd ref="10567769015"/>
    <nd ref="10567768989"/>
    <nd ref="9583740872"/>
    <tag k="highway" v="service"/>
    <tag k="lit" v="yes"/>
    <tag k="service" v="driveway"/>
    <tag k="surface" v="sett"/>
  </way>
  <way id="868045137">
    <nd ref="4468994522"/>
    <nd ref="8091138735"/>
    <nd ref="8091138736"/>
    <nd ref="8091138737"/>
    <nd ref="8091138738"/>
    <nd ref="8091138739"/>
    <nd ref="8091138740"/>
    <nd ref="8091138743"/>
    <nd ref="8091138744"/>
    <tag k="highway" v="footway"/>
    <tag k="lit" v="no"/>
    <tag k="surface" v="compacted"/>
  </way>
  <way id="881301599">
    <nd ref="8196659576"/>
    <nd ref="8196659575"/>
    <tag k="conveying" v="yes"/>
    <tag k="highway" v="steps"/>
    <tag k="incline" v="up"/>
    <tag k="level" v="-1;0"/>
    <tag k="lit" v="yes"/>
    <tag k="surface" v="compacted"/>
  </way>
  <way id="881301601">
    <nd ref="8196659570"/>
    <nd ref="8208691226"/>
    <nd ref="8196659578"/>
    <nd ref="8196659576"/>
    <tag k="highway" v="footway"/>
    <tag k="level" v="-1"/>
    <tag k="lit" v="24/7"/>
    <tag k="smoothness" v="good"/>
    <tag k="surface" v="paving_stones"/>
    <tag k="tunnel" v="yes"/>
  </way>
  <way id="881301602">
    <nd ref="8196659578"/>
    <nd ref="8196659577"/>
    <tag k="handrail" v="yes"/>
    <tag k="highway" v="steps"/>
    <tag k="incline" v="up"/>
    <tag k="level" v="-1;0"/>
    <tag k="lit" v="yes"/>
    <tag k="ramp" v="no"/>
    <tag k="step_count" v="26"/>
    <tag k="surface" v="compacted"/>
    <tag k="tunnel" v="yes"/>
  </way>
  <way id="881301603">
    <nd ref="8196659438"/>
    <nd ref="8196659583"/>
    <tag k="handrail" v="yes"/>
    <tag k="highway" v="steps"/>
    <tag k="incline" v="up"/>
    <tag k="level" v="-1;0"/>
    <tag k="lit" v="yes"/>
    <tag k="ramp" v="no"/>
    <tag k="step_count" v="23"/>
    <tag k="surface" v="concrete"/>
    <tag k="tactile_paving" v="no"/>
  </way>
  <way id="881301604">
    <nd ref="8196659580"/>
    <nd ref="8196659579"/>
    <tag k="conveying" v="yes"/>
    <tag k="highway" v="steps"/>
    <tag k="incline" v="up"/>
    <tag k="level" v="-1;0"/>
    <tag k="lit" v="yes"/>
    <tag k="surface" v="compacted"/>
  </way>
  <way id="881301605">
    <nd ref="8196659582"/>
    <nd ref="8196659581"/>
    <tag k="handrail" v="yes"/>
    <tag k="highway" v="steps"/>
    <tag k="incline" v="up"/>
    <tag k="level" v="-1;0"/>
    <tag k="lit" v="yes"/>
    <tag k="ramp" v="no"/>
    <tag k="step_count" v="24"/>
    <tag k="surface" v="compacted"/>
  </way>
  <way id="881301606">
    <nd ref="8196659582"/>
    <nd ref="8196659580"/>
    <nd ref="8208691222"/>
    <nd ref="8208691224"/>
    <nd ref="8196659438"/>
    <nd ref="8196661139"/>
    <tag k="highway" v="footway"/>
    <tag k="level" v="-1"/>
    <tag k="lit" v="24/7"/>
    <tag k="surface" v="paving_stones"/>
    <tag k="tunnel" v="yes"/>
  </way>
  <way id="882671341">
    <nd ref="8208691222"/>
    <nd ref="8208691221"/>
    <tag k="conveying" v="yes"/>
    <tag k="highway" v="steps"/>
    <tag k="incline" v="up"/>
    <tag k="level" v="-2;-1"/>
    <tag k="lit" v="24/7"/>
    <tag k="surface" v="concrete"/>
    <tag k="tunnel" v="yes"/>
  </way>
  <way id="882671342">
    <nd ref="8208691224"/>
    <nd ref="8208691223"/>
    <tag k="conveying" v="yes"/>
    <tag k="highway" v="steps"/>
    <tag k="incline" v="up"/>
    <tag k="level" v="-2;-1"/>
    <tag k="lit" v="24/7"/>
    <tag k="surface" v="metal"/>
    <tag k="tunnel" v="yes"/>
  </way>
  <way id="882671343">
    <nd ref="8208691226"/>
    <nd ref="8208691225"/>
    <tag k="handrail" v="yes"/>
    <tag k="highway" v="steps"/>
    <tag k="incline" v="up"/>
    <tag k="level" v="-2;-1"/>
    <tag k="lit" v="24/7"/>
    <tag k="ramp" v="no"/>
    <tag k="surface" v="concrete"/>
    <tag k="tactile_paving" v="yes"/>
    <tag k="tunnel" v="yes"/>
  </way>
  <way id="882671344">
    <nd ref="8208691229"/>
    <nd ref="8196659570"/>
    <tag k="conveying" v="yes"/>
    <tag k="highway" v="steps"/>
    <tag k="incline" v="up"/>
    <tag k="level" v="-2;-1"/>
    <tag k="lit" v="24/7"/>
    <tag k="tunnel" v="yes"/>
  </way>
  <way id="890972128">
    <nd ref="8280893010"/>
    <nd ref="1566942145"/>
    <nd ref="4763685850"/>
    <tag k="crossing" v="traffic_signals"/>
    <tag k="crossing:island" v="no"/>
    <tag k="cycleway" v="crossing"/>
    <tag k="highway" v="cycleway"/>
    <tag k="lit" v="yes"/>
    <tag k="oneway" v="no"/>
    <tag k="smoothness" v="good"/>
    <tag k="source:width" v="ARCore"/>
    <tag k="surface" v="asphalt"/>
    <tag k="surface:colour" v="red"/>
    <tag k="tactile_paving" v="no"/>
    <tag k="traffic_sign" v="none"/>
    <tag k="width" v="2.6"/>
  </way>
  <way id="890972129">
    <nd ref="8280893012"/>
    <nd ref="1566942204"/>
    <nd ref="8280893011"/>
    <tag k="crossing" v="traffic_signals"/>
    <tag k="cycleway" v="crossing"/>
    <tag k="highway" v="cycleway"/>
    <tag k="lit" v="yes"/>
    <tag k="oneway" v="no"/>
    <tag k="smoothness" v="good"/>
    <tag k="source:width" v="Luftbild 2025"/>
    <tag k="surface" v="asphalt"/>
    <tag k="surface:colour" v="red"/>
    <tag k="traffic_sign" v="none"/>
    <tag k="width" v="2.6"/>
  </way>
  <way id="890972131">
    <nd ref="7769466025"/>
    <nd ref="8280893012"/>
    <tag k="highway" v="cycleway"/>
    <tag k="lit" v="yes"/>
    <tag k="oneway" v="no"/>
    <tag k="smoothness" v="excellent"/>
    <tag k="source:width" v="Luftbild 2025"/>
    <tag k="surface" v="asphalt"/>
    <tag k="traffic_sign" v="none"/>
    <tag k="width" v="2.6"/>
  </way>
  <way id="890972132">
    <nd ref="3155755392"/>
    <nd ref="9828580269"/>
    <nd ref="11236453285"/>
    <tag k="footway" v="sidewalk"/>
    <tag k="highway" v="footway"/>
    <tag k="is_sidepath" v="yes"/>
    <tag k="is_sidepath:of" v="primary"/>
    <tag k="lit" v="yes"/>
    <tag k="smoothness" v="good"/>
    <tag k="surface" v="paving_stones"/>
  </way>
  <way id="890972133">
    <nd ref="11236453286"/>
    <nd ref="667465427"/>
    <tag k="bicycle" v="no"/>
    <tag k="crossing" v="traffic_signals"/>
    <tag k="crossing:island" v="no"/>
    <tag k="crossing:markings" v="dashes"/>
    <tag k="footway" v="crossing"/>
    <tag k="highway" v="footway"/>
    <tag k="lit" v="yes"/>
    <tag k="name" v="Bernhard-Weiß-Straße"/>
    <tag k="name:etymology:wikidata" v="Q64891"/>
    <tag k="surface" v="asphalt"/>
    <tag k="wikidata" v="Q96278950"/>
  </way>
  <way id="890972134">
    <nd ref="11236453285"/>
    <nd ref="7769466025"/>
    <nd ref="7769466033"/>
    <nd ref="12437498297"/>
    <nd ref="7769466032"/>
    <nd ref="11236453284"/>
    <tag k="crossing" v="traffic_signals"/>
    <tag k="crossing:island" v="no"/>
    <tag k="crossing:markings" v="dashes"/>
    <tag k="footway" v="crossing"/>
    <tag k="highway" v="footway"/>
    <tag k="is_sidepath" v="yes"/>
    <tag k="is_sidepath:of" v="primary"/>
    <tag k="lit" v="yes"/>
    <tag k="surface" v="asphalt"/>
    <tag k="tactile_paving" v="yes"/>
  </way>
  <way id="902316106">
    <nd ref="768038173"/>
    <nd ref="3180213035"/>
    <nd ref="3733368794"/>
    <nd ref="6719007111"/>
    <tag k="highway" v="living_street"/>
    <tag k="lit" v="yes"/>
    <tag k="name" v="Dircksenstraße"/>
    <tag k="name:etymology:wikidata" v="Q100704"/>
    <tag k="parking:both" v="no"/>
    <tag k="postal_code" v="10179"/>
    <tag k="sidewalk" v="both"/>
    <tag k="sidewalk:both:surface" v="paving_stones"/>
    <tag k="smoothness" v="intermediate"/>
    <tag k="source:width" v="ARCore"/>
    <tag k="surface" v="paving_stones"/>
    <tag k="width" v="5"/>
    <tag k="wikidata" v="Q60560486"/>
    <tag k="wikimedia_commons" v="Category:Dircksenstraße (Berlin-Mitte)"/>
  </way>
  <way id="949912614">
    <nd ref="8793912187"/>
    <nd ref="8793912188"/>
    <nd ref="8793912191"/>
    <nd ref="8793912189"/>
    <nd ref="8793912190"/>
    <nd ref="8793912194"/>
    <nd ref="13105519355"/>
    <nd ref="13105519359"/>
    <nd ref="13105519361"/>
    <nd ref="8793912193"/>
    <nd ref="8793912192"/>
    <tag k="highway" v="cycleway"/>
    <tag k="is_sidepath" v="yes"/>
    <tag k="lit" v="yes"/>
    <tag k="oneway" v="no"/>
    <tag k="smoothness" v="good"/>
    <tag k="source:width" v="Luftbild 2025"/>
    <tag k="surface" v="asphalt"/>
    <tag k="traffic_sign" v="DE:1022-10"/>
    <tag k="width" v="4"/>
  </way>
  <way id="950222545">
    <nd ref="8793912192"/>
    <nd ref="196761869"/>
    <tag k="cycleway:both" v="no"/>
    <tag k="foot" v="use_sidepath"/>
    <tag k="highway" v="residential"/>
    <tag k="lit" v="yes"/>
    <tag k="maxspeed" v="30"/>
    <tag k="name" v="Rathausstraße"/>
    <tag k="name:etymology:wikidata" v="Q155210"/>
    <tag k="old_name" v="Königstraße"/>
    <tag k="parking:both" v="no"/>
    <tag k="parking:both:restriction" v="no_stopping"/>
    <tag k="postal_code" v="10178"/>
    <tag k="sidewalk:both" v="separate"/>
    <tag k="smoothness" v="excellent"/>
    <tag k="surface" v="asphalt"/>
    <tag k="width" v="11.3"/>
    <tag k="wikidata" v="Q1689577"/>
    <tag k="wikimedia_commons" v="Category:Rathausstraße (Berlin-Mitte)"/>
    <tag k="wikipedia" v="de:Rathausstraße (Berlin)"/>
  </way>
  <way id="950222546">
    <nd ref="13105940450"/>
    <nd ref="13105940463"/>
    <nd ref="13105940462"/>
    <nd ref="13105940475"/>
    <nd ref="8793912196"/>
    <nd ref="9836547422"/>
    <nd ref="8793912195"/>
    <nd ref="10247148373"/>
    <nd ref="9836547423"/>
    <nd ref="8793912187"/>
    <tag k="highway" v="cycleway"/>
    <tag k="is_sidepath" v="yes"/>
    <tag k="lit" v="yes"/>
    <tag k="oneway" v="no"/>
    <tag k="sett:length" v="0.05"/>
    <tag k="smoothness" v="intermediate"/>
    <tag k="source:width" v="ARCore"/>
    <tag k="surface" v="sett"/>
    <tag k="traffic_sign" v="DE:1022-10"/>
    <tag k="width" v="2.7"/>
  </way>
  <way id="972461860">
    <nd ref="9000393191"/>
    <nd ref="13482060327"/>
    <nd ref="13482060322"/>
    <nd ref="9000393192"/>
    <nd ref="3761697844"/>
    <tag k="access" v="customers"/>
    <tag k="highway" v="service"/>
    <tag k="service" v="parking_aisle"/>
    <tag k="smoothness" v="good"/>
    <tag k="surface" v="paving_stones"/>
  </way>
  <way id="973969448">
    <nd ref="3153666985"/>
    <nd ref="3730797385"/>
    <tag k="footway" v="sidewalk"/>
    <tag k="highway" v="footway"/>
    <tag k="is_sidepath" v="yes"/>
    <tag k="is_sidepath:of" v="secondary"/>
    <tag k="lit" v="yes"/>
    <tag k="paving_stones:width" v="35"/>
    <tag k="postal_code" v="10178"/>
    <tag k="smoothness" v="good"/>
    <tag k="surface" v="paving_stones"/>
  </way>
  <way id="979668824">
    <nd ref="10572281701"/>
    <nd ref="9891678206"/>
    <nd ref="27411994"/>
    <tag k="check_date:cycleway" v="2024-12-31"/>
    <tag k="cycleway:both" v="no"/>
    <tag k="foot" v="use_sidepath"/>
    <tag k="highway" v="residential"/>
    <tag k="lane_markings" v="no"/>
    <tag k="lit" v="yes"/>
    <tag k="maxspeed" v="30"/>
    <tag k="maxspeed:type" v="DE:zone30"/>
    <tag k="name" v="Dircksenstraße"/>
    <tag k="name:etymology:wikidata" v="Q100704"/>
    <tag k="parking:both" v="no"/>
    <tag k="parking:right:restriction" v="no_stopping"/>
    <tag k="postal_code" v="10178"/>
    <tag k="sidewalk:both" v="separate"/>
    <tag k="smoothness" v="good"/>
    <tag k="source:maxspeed" v="DE:zone30"/>
    <tag k="surface" v="asphalt"/>
    <tag k="traffic_sign" v="DE:274.1"/>
    <tag k="wikidata" v="Q60560486"/>
    <tag k="wikimedia_commons" v="Category:Dircksenstraße (Berlin-Mitte)"/>
    <tag k="zone:maxspeed" v="DE:30"/>
  </way>
  <way id="986959322">
    <nd ref="2348038038"/>
    <nd ref="3232207873"/>
    <tag k="highway" v="corridor"/>
    <tag k="indoor" v="yes"/>
  </way>
  <way id="991868760">
    <nd ref="9164201932"/>
    <nd ref="9164201931"/>
    <nd ref="9164201930"/>
    <nd ref="612043272"/>
    <tag k="highway" v="footway"/>
    <tag k="lit" v="yes"/>
    <tag k="smoothness" v="good"/>
    <tag k="surface" v="paving_stones"/>
  </way>
  <way id="997896578">
    <nd ref="7578096976"/>
    <nd ref="9213873343"/>
    <tag k="access" v="private"/>
    <tag k="cycleway:both" v="no"/>
    <tag k="highway" v="service"/>
    <tag k="service" v="parking_aisle"/>
  </way>
  <way id="1000864517">
    <nd ref="6446104366"/>
    <nd ref="6446104367"/>
    <nd ref="10183133111"/>
    <nd ref="6446104368"/>
    <nd ref="6448068518"/>
    <tag k="highway" v="pedestrian"/>
    <tag k="lit" v="yes"/>
    <tag k="noname" v="yes"/>
    <tag k="surface" v="paving_stones"/>
  </way>
  <way id="1025851956">
    <nd ref="9458211551"/>
    <nd ref="13755242862"/>
    <nd ref="13755242865"/>
    <nd ref="2121324871"/>
    <tag k="bicycle" v="no"/>
    <tag k="construction:cycleway:right" v="lane"/>
    <tag k="cycleway:left" v="no"/>
    <tag k="dual_carriageway" v="yes"/>
    <tag k="foot" v="use_sidepath"/>
    <tag k="highway" v="primary"/>
    <tag k="lanes" v="1"/>
    <tag k="lit" v="yes"/>
    <tag k="maxspeed" v="30"/>
    <tag k="name" v="Grunerstraße"/>
    <tag k="name:etymology:wikidata" v="Q215507"/>
    <tag k="name:ja" v="グルネル通り"/>
    <tag k="note" v="Radweg auf der Straße aufgrund von Baustelle gesperrt / Radverkehr durch Beschilderung verboten (Stand 03/2022)"/>
    <tag k="oneway" v="yes"/>
    <tag k="parking:both" v="no"/>
    <tag k="parking:right:restriction" v="no_stopping"/>
    <tag k="postal_code" v="10179"/>
    <tag k="ref" v="B 1"/>
    <tag k="sidewalk:left" v="no"/>
    <tag k="sidewalk:right" v="separate"/>
    <tag k="source:maxspeed" v="DE:urban"/>
    <tag k="surface" v="asphalt"/>
    <tag k="wikidata" v="Q1550809"/>
    <tag k="wikimedia_commons" v="Category:Grunerstraße (Berlin-Mitte)"/>
    <tag k="wikipedia" v="de:Grunerstraße (Berlin)"/>
    <tag k="zone:traffic" v="DE:urban"/>
  </way>
  <way id="1026139847">
    <nd ref="13535535076"/>
    <nd ref="13535535077"/>
    <nd ref="9460832685"/>
    <nd ref="12035159957"/>
    <nd ref="9460832686"/>
    <nd ref="12035159956"/>
    <nd ref="12035159955"/>
    <nd ref="12946819629"/>
    <nd ref="2721065869"/>
    <nd ref="12035159950"/>
    <nd ref="9460832688"/>
    <nd ref="12035159958"/>
    <tag k="footway" v="sidewalk"/>
    <tag k="highway" v="footway"/>
    <tag k="lit" v="yes"/>
    <tag k="smoothness" v="good"/>
    <tag k="surface" v="paving_stones"/>
  </way>
  <way id="1034552986">
    <nd ref="21432801"/>
    <nd ref="10189375728"/>
    <nd ref="9530372098"/>
    <nd ref="10969840152"/>
    <nd ref="9530372099"/>
    <nd ref="9530453367"/>
    <tag k="bicycle" v="designated"/>
    <tag k="cycleway:surface" v="asphalt"/>
    <tag k="cycleway:width" v="1.2"/>
    <tag k="foot" v="designated"/>
    <tag k="footway:surface" v="paving_stones"/>
    <tag k="highway" v="cycleway"/>
    <tag k="lit" v="yes"/>
    <tag k="oneway" v="yes"/>
    <tag k="segregated" v="yes"/>
    <tag k="source:cycleway:width" v="Luftbild 2025"/>
    <tag k="source:width" v="Luftbild 2025"/>
    <tag k="surface" v="paved"/>
    <tag k="traffic_sign" v="none"/>
    <tag k="width" v="1.4"/>
  </way>
  <way id="1040930907">
    <nd ref="9700774885"/>
    <nd ref="21582728"/>
    <nd ref="10314479343"/>
    <nd ref="3148263650"/>
    <nd ref="13111730053"/>
    <nd ref="13638032671"/>
    <tag k="cycleway:both" v="no"/>
    <tag k="foot" v="use_sidepath"/>
    <tag k="highway" v="residential"/>
    <tag k="lit" v="yes"/>
    <tag k="maxspeed" v="30"/>
    <tag k="name" v="Jüdenstraße"/>
    <tag k="name:etymology:wikidata" v="Q1419649"/>
    <tag k="parking:left" v="no"/>
    <tag k="parking:left:reason" v="cycleway"/>
    <tag k="parking:right" v="lane"/>
    <tag k="parking:right:fee" v="yes"/>
    <tag k="parking:right:fee:conditional" v="no @ (Mo-Sa 00:00-09:00,22:00-24:00; Su)"/>
    <tag k="parking:right:orientation" v="parallel"/>
    <tag k="parking:right:zone" v="3"/>
    <tag k="postal_code" v="10178"/>
    <tag k="sidewalk:both" v="separate"/>
    <tag k="smoothness" v="good"/>
    <tag k="surface" v="asphalt"/>
    <tag k="width" v="11.3"/>
    <tag k="wikipedia" v="de:Jüdenstraße (Berlin-Mitte)"/>
  </way>
  <way id="1040930909">
    <nd ref="5390538238"/>
    <nd ref="9583740891"/>
    <nd ref="3157319027"/>
    <tag k="highway" v="cycleway"/>
    <tag k="lit" v="yes"/>
    <tag k="oneway" v="yes"/>
    <tag k="smoothness" v="excellent"/>
    <tag k="surface" v="asphalt"/>
    <tag k="traffic_sign" v="DE:237"/>
  </way>
  <way id="1055731557">
    <nd ref="10567768965"/>
    <nd ref="3148263650"/>
    <nd ref="10567768966"/>
    <tag k="button_operated" v="no"/>
    <tag k="crossing" v="traffic_signals"/>
    <tag k="crossing:island" v="no"/>
    <tag k="crossing:markings" v="dashes"/>
    <tag k="footway" v="crossing"/>
    <tag k="highway" v="footway"/>
    <tag k="lit" v="yes"/>
    <tag k="smoothness" v="excellent"/>
    <tag k="surface" v="asphalt"/>
    <tag k="tactile_paving" v="yes"/>
    <tag k="traffic_signals:sound" v="yes"/>
    <tag k="traffic_signals:vibration" v="yes"/>
  </way>
  <way id="1055731559">
    <nd ref="11236442437"/>
    <nd ref="3831343134"/>
    <nd ref="12044782821"/>
    <nd ref="12044782820"/>
    <nd ref="11236442438"/>
    <tag k="crossing" v="traffic_signals"/>
    <tag k="crossing:markings" v="dashes"/>
    <tag k="footway" v="crossing"/>
    <tag k="highway" v="footway"/>
    <tag k="lit" v="yes"/>
    <tag k="smoothness" v="good"/>
    <tag k="surface" v="asphalt"/>
  </way>
  <way id="1071049518">
    <nd ref="3527869957"/>
    <nd ref="9828580268"/>
    <nd ref="9828580269"/>
    <tag k="footway" v="sidewalk"/>
    <tag k="highway" v="footway"/>
    <tag k="lit" v="yes"/>
    <tag k="smoothness" v="good"/>
    <tag k="surface" v="paving_stones"/>
  </way>
  <way id="1071049520">
    <nd ref="3232207873"/>
    <nd ref="12610371400"/>
    <nd ref="6714506673"/>
    <nd ref="6714506678"/>
    <tag k="highway" v="footway"/>
    <tag k="lit" v="yes"/>
    <tag k="surface" v="paving_stones"/>
  </way>
  <way id="1071049522">
    <nd ref="3832556287"/>
    <nd ref="4673135632"/>
    <nd ref="9828580276"/>
    <nd ref="9828580273"/>
    <nd ref="13098516092"/>
    <nd ref="9828580270"/>
    <nd ref="9828580272"/>
    <nd ref="13098516093"/>
    <nd ref="9828580277"/>
    <nd ref="9828580278"/>
    <nd ref="9828580279"/>
    <nd ref="10760477355"/>
    <nd ref="10785284513"/>
    <nd ref="9828580289"/>
    <nd ref="9828580280"/>
    <nd ref="9891723324"/>
    <nd ref="9828580281"/>
    <tag k="footway" v="sidewalk"/>
    <tag k="highway" v="footway"/>
    <tag k="lit" v="yes"/>
    <tag k="smoothness" v="good"/>
    <tag k="surface" v="paving_stones"/>
  </way>
  <way id="1071049524">
    <nd ref="11236075599"/>
    <nd ref="21487184"/>
    <nd ref="4547201159"/>
    <nd ref="11236075596"/>
    <tag k="crossing" v="traffic_signals"/>
    <tag k="crossing:island" v="no"/>
    <tag k="crossing:markings" v="dashes"/>
    <tag k="footway" v="crossing"/>
    <tag k="highway" v="footway"/>
    <tag k="lit" v="yes"/>
    <tag k="surface" v="asphalt"/>
  </way>
  <way id="1071049527">
    <nd ref="3867922477"/>
    <nd ref="9828580294"/>
    <tag k="footway" v="sidewalk"/>
    <tag k="highway" v="footway"/>
    <tag k="lit" v="yes"/>
    <tag k="surface" v="paving_stones"/>
  </way>
  <way id="1071049530">
    <nd ref="4164607294"/>
    <nd ref="9828580300"/>
    <tag k="footway" v="sidewalk"/>
    <tag k="highway" v="footway"/>
    <tag k="lit" v="yes"/>
    <tag k="surface" v="paving_stones"/>
  </way>
  <way id="1071114541">
    <nd ref="9829191542"/>
    <nd ref="9829191543"/>
    <tag k="emergency" v="designated"/>
    <tag k="highway" v="service"/>
    <tag k="lit" v="yes"/>
    <tag k="maxweight" v="5"/>
    <tag k="oneway" v="yes"/>
    <tag k="service" v="parking_aisle"/>
    <tag k="smoothness" v="good"/>
    <tag k="surface" v="paving_stones"/>
  </way>
  <way id="1071114543">
    <nd ref="9829191544"/>
    <nd ref="9829191555"/>
    <nd ref="9828580280"/>
    <tag k="crossing" v="unmarked"/>
    <tag k="crossing:markings" v="no"/>
    <tag k="footway" v="crossing"/>
    <tag k="highway" v="footway"/>
    <tag k="lit" v="yes"/>
    <tag k="smoothness" v="excellent"/>
    <tag k="surface" v="asphalt"/>
  </way>
  <way id="1079045024">
    <nd ref="9891678203"/>
    <nd ref="10760401285"/>
    <nd ref="9891678202"/>
    <tag k="footway" v="sidewalk"/>
    <tag k="highway" v="footway"/>
    <tag k="lit" v="yes"/>
    <tag k="smoothness" v="good"/>
    <tag k="surface" v="paving_stones"/>
  </way>
  <way id="1079045025">
    <nd ref="9891678204"/>
    <nd ref="9891678205"/>
    <nd ref="9891678203"/>
    <tag k="crossing" v="unmarked"/>
    <tag k="crossing:markings" v="no"/>
    <tag k="footway" v="crossing"/>
    <tag k="highway" v="footway"/>
    <tag k="lit" v="yes"/>
    <tag k="smoothness" v="excellent"/>
    <tag k="surface" v="asphalt"/>
  </way>
  <way id="1079045026">
    <nd ref="9891678204"/>
    <nd ref="9891678206"/>
    <nd ref="9829191544"/>
    <tag k="crossing" v="unmarked"/>
    <tag k="crossing:markings" v="no"/>
    <tag k="footway" v="crossing"/>
    <tag k="highway" v="footway"/>
    <tag k="lit" v="yes"/>
    <tag k="smoothness" v="excellent"/>
    <tag k="surface" v="asphalt"/>
  </way>
  <way id="1079045027">
    <nd ref="9891678204"/>
    <nd ref="9891678207"/>
    <nd ref="9891678208"/>
    <nd ref="542562823"/>
    <nd ref="9891678209"/>
    <nd ref="9891678210"/>
    <nd ref="9891678211"/>
    <tag k="footway" v="sidewalk"/>
    <tag k="highway" v="footway"/>
    <tag k="lit" v="yes"/>
    <tag k="smoothness" v="good"/>
    <tag k="surface" v="paving_stones"/>
  </way>
  <way id="1079045028">
    <nd ref="11236075605"/>
    <nd ref="6447810050"/>
    <nd ref="11236075607"/>
    <tag k="button_operated" v="yes"/>
    <tag k="crossing" v="traffic_signals"/>
    <tag k="footway" v="crossing"/>
    <tag k="highway" v="footway"/>
    <tag k="lit" v="yes"/>
    <tag k="smoothness" v="good"/>
    <tag k="surface" v="asphalt"/>
    <tag k="traffic_signals:vibration" v="yes"/>
  </way>
  <way id="1079045029">
    <nd ref="9891678213"/>
    <nd ref="4554486919"/>
    <nd ref="196741111"/>
    <nd ref="9891678211"/>
    <nd ref="9891723319"/>
    <nd ref="1827996603"/>
    <tag k="footway" v="sidewalk"/>
    <tag k="highway" v="footway"/>
    <tag k="lit" v="yes"/>
    <tag k="surface" v="paving_stones"/>
  </way>
  <way id="1079045030">
    <nd ref="9891678203"/>
    <nd ref="9891723325"/>
    <nd ref="9891723324"/>
    <tag k="crossing" v="unmarked"/>
    <tag k="crossing:markings" v="no"/>
    <tag k="footway" v="crossing"/>
    <tag k="highway" v="footway"/>
    <tag k="lit" v="yes"/>
    <tag k="smoothness" v="excellent"/>
    <tag k="surface" v="asphalt"/>
  </way>
  <way id="1079045031">
    <nd ref="9891723334"/>
    <nd ref="9891723333"/>
    <nd ref="9891678216"/>
    <nd ref="9891723327"/>
    <nd ref="9891723328"/>
    <nd ref="9828580282"/>
    <nd ref="9891723332"/>
    <nd ref="9891723329"/>
    <nd ref="768038185"/>
    <nd ref="9891723330"/>
    <nd ref="12921497665"/>
    <nd ref="12921497662"/>
    <nd ref="3527851593"/>
    <tag k="footway" v="sidewalk"/>
    <tag k="highway" v="footway"/>
    <tag k="lit" v="yes"/>
    <tag k="smoothness" v="good"/>
    <tag k="surface" v="paving_stones"/>
  </way>
  <way id="1079045032">
    <nd ref="9891723329"/>
    <nd ref="9891723335"/>
    <nd ref="1711820643"/>
    <nd ref="1711820647"/>
    <nd ref="196761829"/>
    <nd ref="9891723331"/>
    <tag k="crossing" v="traffic_signals"/>
    <tag k="footway" v="crossing"/>
    <tag k="highway" v="footway"/>
    <tag k="lit" v="yes"/>
    <tag k="smoothness" v="excellent"/>
    <tag k="surface" v="asphalt"/>
  </way>
  <way id="1079045033">
    <nd ref="9829191553"/>
    <nd ref="9891678199"/>
    <nd ref="9891678200"/>
    <nd ref="9891678201"/>
    <nd ref="13149288216"/>
    <nd ref="9891678204"/>
    <tag k="footway" v="sidewalk"/>
    <tag k="highway" v="footway"/>
    <tag k="lit" v="yes"/>
    <tag k="surface" v="paving_stones"/>
  </way>
  <way id="1113006989">
    <nd ref="10183133111"/>
    <nd ref="10041232967"/>
    <tag k="highway" v="pedestrian"/>
    <tag k="lit" v="yes"/>
    <tag k="noname" v="yes"/>
    <tag k="surface" v="paving_stones"/>
  </way>
  <way id="1113401735">
    <nd ref="27411306"/>
    <nd ref="1711820649"/>
    <nd ref="4073216546"/>
    <tag k="cycleway:left" v="no"/>
    <tag k="cycleway:right" v="share_busway"/>
    <tag k="cycleway:right:oneway" v="yes"/>
    <tag k="highway" v="primary"/>
    <tag k="lanes" v="3"/>
    <tag k="lit" v="yes"/>
    <tag k="maxspeed" v="50"/>
    <tag k="name" v="Karl-Liebknecht-Straße"/>
    <tag k="name:etymology:wikidata" v="Q75886"/>
    <tag k="oneway" v="yes"/>
    <tag k="parking:both" v="no"/>
    <tag k="ref" v="B 2;B 5"/>
    <tag k="sidewalk" v="right"/>
    <tag k="sidewalk:right:surface" v="asphalt"/>
    <tag k="smoothness" v="excellent"/>
    <tag k="surface" v="asphalt"/>
    <tag k="wikidata" v="Q551773"/>
    <tag k="wikimedia_commons" v="Category:Karl-Liebknecht-Straße (Berlin-Mitte)"/>
    <tag k="wikipedia" v="en:Karl-Liebknecht-Straße"/>
    <tag k="zone:traffic" v="DE:urban"/>
  </way>
  <way id="1113616899">
    <nd ref="6448068512"/>
    <nd ref="6448068511"/>
    <tag k="footway" v="sidewalk"/>
    <tag k="highway" v="footway"/>
    <tag k="is_sidepath" v="yes"/>
    <tag k="is_sidepath:of" v="secondary"/>
    <tag k="is_sidepath:of:name" v="Spandauer Straße"/>
    <tag k="lit" v="yes"/>
    <tag k="smoothness" v="good"/>
    <tag k="surface" v="paving_stones"/>
  </way>
  <way id="1113758933">
    <nd ref="10189375729"/>
    <nd ref="10189375725"/>
    <nd ref="10189375728"/>
    <nd ref="10189375726"/>
    <nd ref="10189375727"/>
    <tag k="crossing" v="traffic_signals"/>
    <tag k="crossing:island" v="no"/>
    <tag k="cycleway" v="crossing"/>
    <tag k="highway" v="cycleway"/>
    <tag k="lit" v="yes"/>
    <tag k="oneway" v="yes"/>
    <tag k="smoothness" v="good"/>
    <tag k="source:width" v="Luftbild 2025"/>
    <tag k="surface" v="asphalt"/>
    <tag k="tactile_paving" v="no"/>
    <tag k="traffic_sign" v="DE:237"/>
    <tag k="width" v="1.5"/>
  </way>
  <way id="1113758934">
    <nd ref="11366913263"/>
    <nd ref="11366913254"/>
    <nd ref="11366913253"/>
    <nd ref="11366913252"/>
    <nd ref="11366913251"/>
    <nd ref="11366913250"/>
    <nd ref="11366913249"/>
    <nd ref="11366913248"/>
    <nd ref="13432515125"/>
    <nd ref="10189375724"/>
    <nd ref="13432515126"/>
    <nd ref="560470210"/>
    <tag k="highway" v="cycleway"/>
    <tag k="is_sidepath" v="yes"/>
    <tag k="lit" v="yes"/>
    <tag k="oneway" v="yes"/>
    <tag k="separation:left" v="kerb"/>
    <tag k="smoothness" v="good"/>
    <tag k="source:width" v="Luftbild 2025"/>
    <tag k="surface" v="asphalt"/>
    <tag k="traffic_mode:right" v="foot"/>
    <tag k="traffic_sign" v="none"/>
    <tag k="width" v="1.5"/>
  </way>
  <way id="1113758935">
    <nd ref="6719007110"/>
    <nd ref="3174192371"/>
    <nd ref="10189375738"/>
    <tag k="bicycle" v="yes"/>
    <tag k="cycleway:surface" v="sett"/>
    <tag k="cycleway:width" v="1.5"/>
    <tag k="footway:surface" v="sett"/>
    <tag k="highway" v="footway"/>
    <tag k="lit" v="yes"/>
    <tag k="oneway" v="no"/>
    <tag k="segregated" v="yes"/>
    <tag k="source:cycleway:width" v="Luftbild 2025"/>
  </way>
  <way id="1114794278">
    <nd ref="3182529380"/>
    <nd ref="10196188887"/>
    <tag k="highway" v="pedestrian"/>
    <tag k="lit" v="yes"/>
    <tag k="noname" v="yes"/>
    <tag k="surface" v="paving_stones"/>
  </way>
  <way id="1114794279">
    <nd ref="10196188912"/>
    <nd ref="10196188913"/>
    <nd ref="10196188914"/>
    <tag k="highway" v="footway"/>
    <tag k="lit" v="yes"/>
    <tag k="smoothness" v="good"/>
    <tag k="surface" v="sett"/>
  </way>
  <way id="1120378077">
    <nd ref="10247148371"/>
    <nd ref="11247145896"/>
    <nd ref="8796782045"/>
    <tag k="highway" v="pedestrian"/>
    <tag k="lit" v="yes"/>
    <tag k="name" v="Rathausstraße"/>
    <tag k="name:etymology:wikidata" v="Q155210"/>
    <tag k="oneway" v="no"/>
    <tag k="parking:both" v="no"/>
    <tag k="postal_code" v="10178"/>
    <tag k="smoothness" v="good"/>
    <tag k="surface" v="asphalt"/>
    <tag k="wikidata" v="Q1689577"/>
    <tag k="wikimedia_commons" v="Category:Rathausstraße (Berlin-Mitte)"/>
    <tag k="wikipedia" v="de:Rathausstraße (Berlin)"/>
  </way>
  <way id="1120378079">
    <nd ref="3527866824"/>
    <nd ref="13334720379"/>
    <nd ref="10247148374"/>
    <nd ref="10247148370"/>
    <nd ref="10247148373"/>
    <nd ref="10247148371"/>
    <tag k="highway" v="footway"/>
    <tag k="level" v="0"/>
    <tag k="lit" v="yes"/>
    <tag k="smoothness" v="intermediate"/>
    <tag k="surface" v="sett"/>
  </way>
  <way id="1120378082">
    <nd ref="9700749462"/>
    <nd ref="4946047387"/>
    <nd ref="9700749463"/>
    <nd ref="9700749464"/>
    <tag k="footway" v="sidewalk"/>
    <tag k="highway" v="footway"/>
    <tag k="lit" v="yes"/>
    <tag k="smoothness" v="good"/>
    <tag k="surface" v="paving_stones"/>
  </way>
  <way id="1128195868">
    <nd ref="3157319027"/>
    <nd ref="3157319028"/>
    <nd ref="11330435899"/>
    <nd ref="10567769014"/>
    <nd ref="10567769015"/>
    <nd ref="10314479341"/>
    <nd ref="10567769035"/>
    <nd ref="10567768990"/>
    <nd ref="11394748901"/>
    <tag k="bicycle" v="designated"/>
    <tag k="highway" v="cycleway"/>
    <tag k="is_sidepath" v="yes"/>
    <tag k="lit" v="yes"/>
    <tag k="oneway" v="yes"/>
    <tag k="smoothness" v="excellent"/>
    <tag k="source:width" v="Luftbild 2025"/>
    <tag k="surface" v="asphalt"/>
    <tag k="traffic_sign" v="DE:237"/>
    <tag k="width" v="2"/>
  </way>
  <way id="1132678575">
    <nd ref="13755242878"/>
    <nd ref="10567768924"/>
    <nd ref="12376975993"/>
    <nd ref="10567768930"/>
    <nd ref="9700774885"/>
    <tag k="bicycle" v="use_sidepath"/>
    <tag k="cycleway:left" v="no"/>
    <tag k="cycleway:right" v="separate"/>
    <tag k="destination" v="Mühlenstraße"/>
    <tag k="destination:colour" v="white"/>
    <tag k="destination:ref:to" v="A 100"/>
    <tag k="destination:symbol:to" v="airport"/>
    <tag k="destination:to" v="Dresden"/>
    <tag k="dual_carriageway" v="yes"/>
    <tag k="foot" v="use_sidepath"/>
    <tag k="highway" v="primary"/>
    <tag k="lanes" v="3"/>
    <tag k="lit" v="yes"/>
    <tag k="maxspeed" v="50"/>
    <tag k="name" v="Grunerstraße"/>
    <tag k="name:etymology:wikidata" v="Q215507"/>
    <tag k="old_name" v="Gustav-Böß-Straße"/>
    <tag k="oneway" v="yes"/>
    <tag k="parking:both" v="no"/>
    <tag k="postal_code" v="10179"/>
    <tag k="priority_road" v="designated"/>
    <tag k="ref" v="B 1"/>
    <tag k="sidewalk:left" v="no"/>
    <tag k="sidewalk:right" v="separate"/>
    <tag k="smoothness" v="excellent"/>
    <tag k="source:maxspeed" v="DE:urban"/>
    <tag k="surface" v="asphalt"/>
    <tag k="wikidata" v="Q1550809"/>
    <tag k="wikimedia_commons" v="Category:Grunerstraße (Berlin-Mitte)"/>
    <tag k="wikipedia" v="de:Grunerstraße (Berlin)"/>
    <tag k="zone:traffic" v="DE:urban"/>
  </way>
  <way id="1133457746">
    <nd ref="10567768907"/>
    <nd ref="10567768906"/>
    <nd ref="10567768908"/>
    <nd ref="10567768905"/>
    <nd ref="10567768904"/>
    <nd ref="10567768925"/>
    <nd ref="10567768903"/>
    <tag k="button_operated" v="yes"/>
    <tag k="crossing" v="traffic_signals"/>
    <tag k="crossing:island" v="yes"/>
    <tag k="crossing:markings" v="dashes"/>
    <tag k="footway" v="crossing"/>
    <tag k="highway" v="footway"/>
    <tag k="lit" v="yes"/>
    <tag k="smoothness" v="excellent"/>
    <tag k="surface" v="asphalt"/>
    <tag k="tactile_paving" v="yes"/>
    <tag k="traffic_signals:sound" v="yes"/>
    <tag k="traffic_signals:vibration" v="yes"/>
  </way>
  <way id="1133457747">
    <nd ref="10567768933"/>
    <nd ref="10567768934"/>
    <nd ref="10567768926"/>
    <nd ref="10567768932"/>
    <nd ref="10567768931"/>
    <nd ref="10567768930"/>
    <nd ref="10567752800"/>
    <nd ref="10567768929"/>
    <tag k="button_operated" v="yes"/>
    <tag k="crossing" v="traffic_signals"/>
    <tag k="crossing:island" v="yes"/>
    <tag k="crossing:markings" v="dashes"/>
    <tag k="footway" v="crossing"/>
    <tag k="highway" v="footway"/>
    <tag k="lit" v="yes"/>
    <tag k="smoothness" v="excellent"/>
    <tag k="surface" v="asphalt"/>
    <tag k="tactile_paving" v="yes"/>
    <tag k="traffic_signals:sound" v="yes"/>
    <tag k="traffic_signals:vibration" v="yes"/>
  </way>
  <way id="1133457753">
    <nd ref="9700749460"/>
    <nd ref="10567768866"/>
    <nd ref="10567768962"/>
    <nd ref="10567768935"/>
    <nd ref="11394748900"/>
    <nd ref="10567768965"/>
    <tag k="check_date:surface" v="2021-11-12"/>
    <tag k="footway" v="sidewalk"/>
    <tag k="highway" v="footway"/>
    <tag k="lit" v="yes"/>
    <tag k="postal_code" v="10179"/>
    <tag k="smoothness" v="good"/>
    <tag k="surface" v="paving_stones"/>
  </way>
  <way id="1133457754">
    <nd ref="10567768962"/>
    <nd ref="10567768960"/>
    <nd ref="10567768961"/>
    <tag k="footway" v="link"/>
    <tag k="highway" v="footway"/>
    <tag k="lit" v="yes"/>
    <tag k="surface" v="paving_stones"/>
    <tag k="tactile_paving" v="yes"/>
  </way>
  <way id="1133457755">
    <nd ref="10567768966"/>
    <nd ref="11394748903"/>
    <nd ref="3148263655"/>
    <tag k="check_date:surface" v="2021-11-12"/>
    <tag k="footway" v="sidewalk"/>
    <tag k="highway" v="footway"/>
    <tag k="lit" v="yes"/>
    <tag k="postal_code" v="10179"/>
    <tag k="smoothness" v="good"/>
    <tag k="surface" v="paving_stones"/>
  </way>
  <way id="1133457756">
    <nd ref="6448068515"/>
    <nd ref="9700749461"/>
    <nd ref="9700749460"/>
    <tag k="check_date:surface" v="2021-11-12"/>
    <tag k="footway" v="sidewalk"/>
    <tag k="highway" v="footway"/>
    <tag k="is_sidepath" v="yes"/>
    <tag k="is_sidepath:of" v="secondary"/>
    <tag k="is_sidepath:of:name" v="Spandauer Straße"/>
    <tag k="lit" v="yes"/>
    <tag k="smoothness" v="good"/>
    <tag k="surface" v="paving_stones"/>
  </way>
  <way id="1133457757">
    <nd ref="10567768973"/>
    <nd ref="10567768961"/>
    <nd ref="10567768972"/>
    <tag k="bench" v="yes"/>
    <tag k="bin" v="no"/>
    <tag k="bus" v="yes"/>
    <tag k="highway" v="platform"/>
    <tag k="lit" v="yes"/>
    <tag k="name" v="Jüdenstraße"/>
    <tag k="public_transport" v="platform"/>
    <tag k="shelter" v="yes"/>
    <tag k="tactile_paving" v="yes"/>
  </way>
  <way id="1133457764">
    <nd ref="10567768988"/>
    <nd ref="10567769016"/>
    <nd ref="13535535073"/>
    <tag k="crossing" v="traffic_signals"/>
    <tag k="crossing:island" v="yes"/>
    <tag k="footway" v="crossing"/>
    <tag k="highway" v="footway"/>
    <tag k="lit" v="yes"/>
    <tag k="smoothness" v="excellent"/>
    <tag k="surface" v="asphalt"/>
  </way>
  <way id="1133457766">
    <nd ref="9700774885"/>
    <nd ref="10567768925"/>
    <nd ref="13755242877"/>
    <tag k="bicycle" v="use_sidepath"/>
    <tag k="cycleway:left" v="no"/>
    <tag k="cycleway:right" v="separate"/>
    <tag k="dual_carriageway" v="yes"/>
    <tag k="highway" v="primary"/>
    <tag k="lanes" v="3"/>
    <tag k="lit" v="yes"/>
    <tag k="maxspeed" v="50"/>
    <tag k="name" v="Grunerstraße"/>
    <tag k="name:etymology:wikidata" v="Q215507"/>
    <tag k="name:ja" v="グルネル通り"/>
    <tag k="oneway" v="yes"/>
    <tag k="parking:both" v="no"/>
    <tag k="postal_code" v="10179"/>
    <tag k="priority_road" v="designated"/>
    <tag k="ref" v="B 1"/>
    <tag k="sidewalk:left" v="no"/>
    <tag k="sidewalk:right" v="separate"/>
    <tag k="smoothness" v="excellent"/>
    <tag k="source:maxspeed" v="DE:urban"/>
    <tag k="surface" v="asphalt"/>
    <tag k="wikidata" v="Q1550809"/>
    <tag k="wikimedia_commons" v="Category:Grunerstraße (Berlin-Mitte)"/>
    <tag k="wikipedia" v="de:Grunerstraße (Berlin)"/>
    <tag k="zone:traffic" v="DE:urban"/>
  </way>
  <way id="1133761786">
    <nd ref="1986691805"/>
    <nd ref="735967923"/>
    <tag k="cycleway:left" v="no"/>
    <tag k="cycleway:right" v="track"/>
    <tag k="cycleway:right:oneway" v="yes"/>
    <tag k="cycleway:right:segregated" v="yes"/>
    <tag k="cycleway:right:separation:left" v="tree_row;kerb"/>
    <tag k="cycleway:right:separation:right" v="no"/>
    <tag k="cycleway:right:surface" v="asphalt"/>
    <tag k="cycleway:right:surface:colour" v="none"/>
    <tag k="cycleway:right:traffic_sign" v="DE:237"/>
    <tag k="cycleway:right:width" v="1.5"/>
    <tag k="dual_carriageway" v="yes"/>
    <tag k="foot" v="use_sidepath"/>
    <tag k="highway" v="primary"/>
    <tag k="lanes" v="5"/>
    <tag k="lit" v="yes"/>
    <tag k="maxspeed" v="50"/>
    <tag k="name" v="Alexanderstraße"/>
    <tag k="name:etymology:wikidata" v="Q15193"/>
    <tag k="name:ja" v="アレクサンダー通り"/>
    <tag k="oneway" v="yes"/>
    <tag k="parking:both" v="no"/>
    <tag k="parking:right:restriction" v="no_stopping"/>
    <tag k="placement" v="middle_of:4"/>
    <tag k="postal_code" v="10178"/>
    <tag k="ref" v="B 1"/>
    <tag k="sidewalk:left" v="no"/>
    <tag k="sidewalk:right" v="separate"/>
    <tag k="smoothness" v="good"/>
    <tag k="source:cycleway:right:width" v="Luftbild 2025"/>
    <tag k="source:maxspeed" v="DE:urban"/>
    <tag k="surface" v="asphalt"/>
    <tag k="turn:lanes" v="left|left|through|through|none"/>
    <tag k="wikidata" v="Q17486182"/>
    <tag k="zone:traffic" v="DE:urban"/>
  </way>
  <way id="1133761787">
    <nd ref="10570139914"/>
    <nd ref="1986668243"/>
    <tag k="bicycle" v="optional_sidepath"/>
    <tag k="cycleway:left" v="no"/>
    <tag k="cycleway:right" v="separate"/>
    <tag k="dual_carriageway" v="yes"/>
    <tag k="foot" v="use_sidepath"/>
    <tag k="highway" v="primary"/>
    <tag k="lanes" v="3"/>
    <tag k="lit" v="yes"/>
    <tag k="maxspeed" v="50"/>
    <tag k="name" v="Alexanderstraße"/>
    <tag k="name:etymology:wikidata" v="Q15193"/>
    <tag k="name:ja" v="アレクサンダー通り"/>
    <tag k="oneway" v="yes"/>
    <tag k="parking:both" v="no"/>
    <tag k="parking:right:restriction" v="no_stopping"/>
    <tag k="postal_code" v="10178"/>
    <tag k="ref" v="B 1"/>
    <tag k="sidewalk:left" v="no"/>
    <tag k="sidewalk:right" v="separate"/>
    <tag k="smoothness" v="excellent"/>
    <tag k="source:maxspeed" v="DE:urban"/>
    <tag k="surface" v="asphalt"/>
    <tag k="wikidata" v="Q17486182"/>
    <tag k="zone:traffic" v="DE:urban"/>
  </way>
  <way id="1133761788">
    <nd ref="322093198"/>
    <nd ref="2953920534"/>
    <tag k="bicycle" v="use_sidepath"/>
    <tag k="cycleway:left" v="no"/>
    <tag k="cycleway:right" v="separate"/>
    <tag k="dual_carriageway" v="yes"/>
    <tag k="foot" v="use_sidepath"/>
    <tag k="highway" v="secondary"/>
    <tag k="lanes" v="3"/>
    <tag k="lit" v="yes"/>
    <tag k="maxspeed" v="50"/>
    <tag k="name" v="Alexanderstraße"/>
    <tag k="name:etymology:wikidata" v="Q15193"/>
    <tag k="name:ja" v="アレクサンダー通り"/>
    <tag k="note" v="Übergeordnete Straße, Stufe I"/>
    <tag k="oneway" v="yes"/>
    <tag k="parking:both" v="no"/>
    <tag k="postal_code" v="10178"/>
    <tag k="sidewalk:left" v="no"/>
    <tag k="sidewalk:right" v="separate"/>
    <tag k="smoothness" v="good"/>
    <tag k="source:maxspeed" v="DE:urban"/>
    <tag k="surface" v="asphalt"/>
    <tag k="turn:lanes" v="left|right|right"/>
    <tag k="wikidata" v="Q17486182"/>
  </way>
  <way id="1133761789">
    <nd ref="10570143331"/>
    <nd ref="3136157222"/>
    <nd ref="262467617"/>
    <tag k="cycleway:left" v="no"/>
    <tag k="cycleway:right" v="track"/>
    <tag k="cycleway:right:oneway" v="yes"/>
    <tag k="cycleway:right:segregated" v="yes"/>
    <tag k="cycleway:right:separation:left" v="tree_row;kerb"/>
    <tag k="cycleway:right:separation:right" v="no"/>
    <tag k="cycleway:right:surface" v="paving_stones"/>
    <tag k="cycleway:right:surface:colour" v="none"/>
    <tag k="cycleway:right:traffic_sign" v="DE:237"/>
    <tag k="cycleway:right:width" v="1.5"/>
    <tag k="dual_carriageway" v="yes"/>
    <tag k="highway" v="secondary"/>
    <tag k="lanes" v="2"/>
    <tag k="lit" v="yes"/>
    <tag k="maxspeed" v="50"/>
    <tag k="name" v="Alexanderstraße"/>
    <tag k="name:etymology:wikidata" v="Q15193"/>
    <tag k="name:ja" v="アレクサンダー通り"/>
    <tag k="note" v="Übergeordnete Straße, Stufe I"/>
    <tag k="oneway" v="yes"/>
    <tag k="parking:both" v="no"/>
    <tag k="parking:right:restriction" v="no_stopping"/>
    <tag k="postal_code" v="10179"/>
    <tag k="priority_road" v="designated"/>
    <tag k="sidewalk" v="right"/>
    <tag k="sidewalk:right:surface" v="asphalt"/>
    <tag k="smoothness" v="good"/>
    <tag k="source:cycleway:right:width" v="Luftbild 2025"/>
    <tag k="source:maxspeed" v="DE:urban"/>
    <tag k="surface" v="asphalt"/>
    <tag k="wikidata" v="Q17486182"/>
  </way>
  <way id="1133761790">
    <nd ref="3157293895"/>
    <nd ref="295705005"/>
    <nd ref="2938442114"/>
    <tag k="cycleway:left" v="no"/>
    <tag k="cycleway:right" v="lane"/>
    <tag k="cycleway:right:buffer:both" v="no"/>
    <tag k="cycleway:right:lane" v="exclusive"/>
    <tag k="cycleway:right:marking:both" v="dashed_line"/>
    <tag k="cycleway:right:oneway" v="yes"/>
    <tag k="cycleway:right:surface" v="asphalt"/>
    <tag k="cycleway:right:surface:colour" v="red"/>
    <tag k="cycleway:right:traffic_sign" v="none"/>
    <tag k="cycleway:right:width" v="1.5"/>
    <tag k="destination:colour:lanes" v="yellow;yellow;white;white|yellow;yellow;white;white|white;white"/>
    <tag k="destination:lanes" v="Prenzlauer Berg;Friedrichshain;Alexanderplatz;Rathauspassagen|Prenzlauer Berg;Friedrichshain;Alexanderplatz;Rathauspassagen|bcc;Alexa"/>
    <tag k="destination:ref:to:lanes" v="A 10|A 10|A 117"/>
    <tag k="destination:symbol:lanes" v=";;;covered_parking|;;;covered_parking|;;;;covered_parking"/>
    <tag k="destination:symbol:to:lanes" v="motorway|motorway|motorway"/>
    <tag k="destination:to:lanes" v="Frankfurt (Oder)|Frankfurt (Oder)|Dresden"/>
    <tag k="dual_carriageway" v="yes"/>
    <tag k="foot" v="use_sidepath"/>
    <tag k="highway" v="primary"/>
    <tag k="lanes" v="3"/>
    <tag k="lit" v="yes"/>
    <tag k="maxspeed" v="50"/>
    <tag k="name" v="Grunerstraße"/>
    <tag k="name:etymology:wikidata" v="Q215507"/>
    <tag k="name:ja" v="グルネル通り"/>
    <tag k="oneway" v="yes"/>
    <tag k="parking:both" v="no"/>
    <tag k="postal_code" v="10179"/>
    <tag k="priority_road" v="designated"/>
    <tag k="ref" v="B 1"/>
    <tag k="sidewalk:left" v="no"/>
    <tag k="sidewalk:right" v="separate"/>
    <tag k="smoothness" v="good"/>
    <tag k="source:cycleway:right:width" v="Luftbild 2025"/>
    <tag k="source:maxspeed" v="DE:urban"/>
    <tag k="surface" v="asphalt"/>
    <tag k="turn:lanes" v="none|through|right"/>
    <tag k="wikidata" v="Q1550809"/>
    <tag k="wikipedia" v="de:Grunerstraße (Berlin)"/>
    <tag k="zone:traffic" v="DE:urban"/>
  </way>
  <way id="1133761791">
    <nd ref="735967926"/>
    <nd ref="3139140896"/>
    <nd ref="10570142827"/>
    <tag k="cycleway:left" v="no"/>
    <tag k="cycleway:right" v="lane"/>
    <tag k="cycleway:right:buffer:both" v="no"/>
    <tag k="cycleway:right:lane" v="exclusive"/>
    <tag k="cycleway:right:marking:both" v="dashed_line"/>
    <tag k="cycleway:right:oneway" v="yes"/>
    <tag k="cycleway:right:surface" v="asphalt"/>
    <tag k="cycleway:right:surface:colour" v="red"/>
    <tag k="cycleway:right:traffic_sign" v="none"/>
    <tag k="cycleway:right:width" v="1.5"/>
    <tag k="dual_carriageway" v="yes"/>
    <tag k="foot" v="use_sidepath"/>
    <tag k="highway" v="primary"/>
    <tag k="lanes" v="2"/>
    <tag k="lit" v="yes"/>
    <tag k="maxspeed" v="50"/>
    <tag k="name" v="Grunerstraße"/>
    <tag k="name:etymology:wikidata" v="Q215507"/>
    <tag k="name:ja" v="グルネル通り"/>
    <tag k="oneway" v="yes"/>
    <tag k="parking:both" v="no"/>
    <tag k="parking:right:restriction" v="no_stopping"/>
    <tag k="postal_code" v="10179"/>
    <tag k="ref" v="B 1"/>
    <tag k="sidewalk:left" v="no"/>
    <tag k="sidewalk:right" v="separate"/>
    <tag k="smoothness" v="good"/>
    <tag k="source:cycleway:right:width" v="Luftbild 2025"/>
    <tag k="source:maxspeed" v="DE:urban"/>
    <tag k="surface" v="asphalt"/>
    <tag k="wikidata" v="Q1550809"/>
    <tag k="wikipedia" v="de:Grunerstraße (Berlin)"/>
    <tag k="zone:traffic" v="DE:urban"/>
  </way>
  <way id="1133992736">
    <nd ref="10572309473"/>
    <nd ref="9829191555"/>
    <nd ref="27411994"/>
    <tag k="check_date:cycleway" v="2024-12-31"/>
    <tag k="cycleway:both" v="no"/>
    <tag k="foot" v="use_sidepath"/>
    <tag k="highway" v="residential"/>
    <tag k="lane_markings" v="no"/>
    <tag k="lit" v="yes"/>
    <tag k="maxspeed" v="30"/>
    <tag k="maxspeed:type" v="DE:zone30"/>
    <tag k="name" v="Rosa-Luxemburg-Straße"/>
    <tag k="name:etymology:wikidata" v="Q7231"/>
    <tag k="parking:both" v="no"/>
    <tag k="postal_code" v="10178"/>
    <tag k="sidewalk:both" v="separate"/>
    <tag k="smoothness" v="good"/>
    <tag k="source:maxspeed" v="DE:zone30"/>
    <tag k="surface" v="asphalt"/>
    <tag k="traffic_sign" v="DE:274.1"/>
    <tag k="wikidata" v="Q325246"/>
    <tag k="wikimedia_commons" v="Category:Rosa-Luxemburg-Straße (Berlin-Mitte)"/>
    <tag k="wikipedia" v="en:Rosa-Luxemburg-Straße (Berlin)"/>
    <tag k="zone:maxspeed" v="DE:30"/>
  </way>
  <way id="1133992822">
    <nd ref="9891723325"/>
    <nd ref="10572295328"/>
    <nd ref="5907113488"/>
    <nd ref="10760401282"/>
    <nd ref="10760401283"/>
    <nd ref="1630500695"/>
    <tag k="check_date:cycleway" v="2024-12-31"/>
    <tag k="cycleway:both" v="no"/>
    <tag k="foot" v="use_sidepath"/>
    <tag k="highway" v="residential"/>
    <tag k="lane_markings" v="no"/>
    <tag k="lit" v="yes"/>
    <tag k="maxspeed" v="30"/>
    <tag k="maxspeed:type" v="DE:zone30"/>
    <tag k="name" v="Dircksenstraße"/>
    <tag k="name:etymology:wikidata" v="Q100704"/>
    <tag k="parking:both" v="lane"/>
    <tag k="parking:both:fee" v="yes"/>
    <tag k="parking:both:fee:conditional" v="no @ (00:00-09:00)"/>
    <tag k="parking:both:markings" v="no"/>
    <tag k="parking:both:orientation" v="parallel"/>
    <tag k="parking:both:zone" v="29"/>
    <tag k="postal_code" v="10179"/>
    <tag k="sidewalk:both" v="separate"/>
    <tag k="smoothness" v="good"/>
    <tag k="source:maxspeed" v="DE:zone30"/>
    <tag k="surface" v="asphalt"/>
    <tag k="traffic_sign" v="DE:274.1"/>
    <tag k="wikidata" v="Q60560486"/>
    <tag k="wikimedia_commons" v="Category:Dircksenstraße (Berlin-Mitte)"/>
    <tag k="zone:maxspeed" v="DE:30"/>
  </way>
  <way id="1133992823">
    <nd ref="262477593"/>
    <nd ref="13149288215"/>
    <nd ref="10572281701"/>
    <tag k="check_date:cycleway" v="2024-12-31"/>
    <tag k="cycleway:both" v="no"/>
    <tag k="foot" v="use_sidepath"/>
    <tag k="highway" v="residential"/>
    <tag k="lane_markings" v="no"/>
    <tag k="lit" v="yes"/>
    <tag k="maxspeed" v="30"/>
    <tag k="maxspeed:type" v="DE:zone30"/>
    <tag k="name" v="Dircksenstraße"/>
    <tag k="name:etymology:wikidata" v="Q100704"/>
    <tag k="parking:left" v="lane"/>
    <tag k="parking:left:fee" v="no"/>
    <tag k="parking:left:orientation" v="parallel"/>
    <tag k="parking:left:restriction" v="loading_only"/>
    <tag k="parking:right" v="no"/>
    <tag k="parking:right:restriction" v="no_stopping"/>
    <tag k="postal_code" v="10178"/>
    <tag k="sidewalk:both" v="separate"/>
    <tag k="smoothness" v="good"/>
    <tag k="source:maxspeed" v="DE:zone30"/>
    <tag k="surface" v="asphalt"/>
    <tag k="traffic_sign" v="DE:274.1"/>
    <tag k="wikidata" v="Q60560486"/>
    <tag k="wikimedia_commons" v="Category:Dircksenstraße (Berlin-Mitte)"/>
    <tag k="zone:maxspeed" v="DE:30"/>
  </way>
  <way id="1133992873">
    <nd ref="27411994"/>
    <nd ref="9891678205"/>
    <nd ref="10572308659"/>
    <tag k="check_date:cycleway" v="2024-12-31"/>
    <tag k="cycleway:both" v="no"/>
    <tag k="foot" v="use_sidepath"/>
    <tag k="highway" v="residential"/>
    <tag k="lane_markings" v="no"/>
    <tag k="lit" v="yes"/>
    <tag k="maxheight" v="default"/>
    <tag k="maxspeed" v="30"/>
    <tag k="maxspeed:type" v="DE:zone30"/>
    <tag k="name" v="Rosa-Luxemburg-Straße"/>
    <tag k="name:etymology:wikidata" v="Q7231"/>
    <tag k="parking:both" v="no"/>
    <tag k="postal_code" v="10178"/>
    <tag k="sidewalk:both" v="separate"/>
    <tag k="smoothness" v="excellent"/>
    <tag k="source:maxspeed" v="DE:zone30"/>
    <tag k="surface" v="asphalt"/>
    <tag k="traffic_sign" v="DE:274.1"/>
    <tag k="wikidata" v="Q325246"/>
    <tag k="wikimedia_commons" v="Category:Rosa-Luxemburg-Straße (Berlin-Mitte)"/>
    <tag k="wikipedia" v="en:Rosa-Luxemburg-Straße (Berlin)"/>
    <tag k="zone:maxspeed" v="DE:30"/>
  </way>
  <way id="1152640373">
    <nd ref="10720914774"/>
    <nd ref="5390538238"/>
    <tag k="access" v="yes"/>
    <tag k="bicycle" v="designated"/>
    <tag k="colonnade:left" v="open"/>
    <tag k="covered" v="colonnade"/>
    <tag k="foot" v="yes"/>
    <tag k="highway" v="service"/>
    <tag k="lit" v="yes"/>
    <tag k="parking:left" v="no"/>
    <tag k="parking:right" v="lane"/>
    <tag k="parking:right:orientation" v="parallel"/>
    <tag k="parking:right:restriction" v="loading_only"/>
    <tag k="sidewalk" v="right"/>
    <tag k="sidewalk:right:surface" v="paving_stones"/>
    <tag k="smoothness" v="excellent"/>
    <tag k="source:width" v="Luftbild 2025"/>
    <tag k="surface" v="asphalt"/>
    <tag k="traffic_sign" v="DE:237"/>
    <tag k="width" v="9.8"/>
  </way>
  <way id="1152640374">
    <nd ref="12947304487"/>
    <nd ref="12035159942"/>
    <nd ref="3157422266"/>
    <nd ref="12947304497"/>
    <nd ref="2721065875"/>
    <nd ref="12947304492"/>
    <tag k="check_date:cycleway" v="2024-12-31"/>
    <tag k="cycleway:both" v="no"/>
    <tag k="highway" v="residential"/>
    <tag k="lit" v="yes"/>
    <tag k="maxspeed" v="30"/>
    <tag k="name" v="Littenstraße"/>
    <tag k="name:etymology:wikidata" v="Q67005"/>
    <tag k="old_name" v="Neue Friedrichstraße"/>
    <tag k="parking:both:fee" v="yes"/>
    <tag k="parking:both:fee:conditional" v="no @ (Mo-Sa 00:00-09:00,22:00-24:00; Su)"/>
    <tag k="parking:both:markings" v="yes"/>
    <tag k="parking:both:zone" v="3"/>
    <tag k="parking:left" v="lane"/>
    <tag k="parking:left:orientation" v="parallel"/>
    <tag k="parking:right" v="street_side"/>
    <tag k="parking:right:orientation" v="perpendicular"/>
    <tag k="postal_code" v="10179"/>
    <tag k="sidewalk" v="both"/>
    <tag k="surface" v="asphalt"/>
    <tag k="wikidata" v="Q1865538"/>
  </way>
  <way id="1153617772">
    <nd ref="10728646513"/>
    <nd ref="10728646515"/>
    <nd ref="10728646514"/>
    <nd ref="13478797559"/>
    <nd ref="13478797556"/>
    <nd ref="13478797557"/>
    <tag k="access" v="no"/>
    <tag k="highway" v="service"/>
    <tag k="incline" v="up"/>
    <tag k="service" v="driveway"/>
    <tag k="surface" v="asphalt"/>
  </way>
  <way id="1153863352">
    <nd ref="2721065873"/>
    <nd ref="10731220836"/>
    <tag k="highway" v="footway"/>
    <tag k="incline" v="down"/>
    <tag k="level" v="0;-0.3"/>
    <tag k="lit" v="no"/>
    <tag k="surface" v="metal"/>
    <tag k="wheelchair" v="yes"/>
  </way>
  <way id="1153863353">
    <nd ref="10731220836"/>
    <nd ref="10731220837"/>
    <nd ref="10731220838"/>
    <tag k="highway" v="footway"/>
    <tag k="level" v="-0.3"/>
    <tag k="lit" v="no"/>
    <tag k="surface" v="paving_stones"/>
    <tag k="wheelchair" v="yes"/>
  </way>
  <way id="1153863355">
    <nd ref="10731220838"/>
    <nd ref="10731220841"/>
    <tag k="highway" v="footway"/>
    <tag k="incline" v="down"/>
    <tag k="level" v="0.3;-0.9"/>
    <tag k="surface" v="metal"/>
    <tag k="wheelchair" v="yes"/>
  </way>
  <way id="1153863356">
    <nd ref="10731220841"/>
    <nd ref="10731220844"/>
    <nd ref="10731220842"/>
    <nd ref="10731220843"/>
    <tag k="highway" v="footway"/>
    <tag k="level" v="-0.9"/>
    <tag k="lit" v="no"/>
    <tag k="surface" v="paving_stones"/>
  </way>
  <way id="1153863357">
    <nd ref="10731220844"/>
    <nd ref="10731220845"/>
    <tag k="highway" v="footway"/>
  </way>
  <way id="1153863358">
    <nd ref="10731220845"/>
    <nd ref="10731220846"/>
    <tag k="highway" v="footway"/>
    <tag k="incline" v="down"/>
    <tag k="level" v="-0.9;-1"/>
    <tag k="surface" v="metal"/>
    <tag k="wheelchair" v="yes"/>
  </way>
  <way id="1153863359">
    <nd ref="10731220846"/>
    <nd ref="10731220847"/>
    <nd ref="10731220848"/>
    <tag k="highway" v="footway"/>
    <tag k="level" v="-1"/>
  </way>
  <way id="1153863360">
    <nd ref="540767877"/>
    <nd ref="10731220848"/>
    <nd ref="10731220849"/>
    <tag k="highway" v="footway"/>
    <tag k="level" v="-1"/>
    <tag k="lit" v="no"/>
    <tag k="surface" v="paving_stones"/>
  </way>
  <way id="1153863361">
    <nd ref="10731220849"/>
    <nd ref="10731220842"/>
    <tag k="handrail" v="no"/>
    <tag k="highway" v="steps"/>
    <tag k="incline" v="up"/>
    <tag k="level" v="-0.9;-1"/>
    <tag k="ramp" v="yes"/>
    <tag k="ramp:wheelchair" v="yes"/>
    <tag k="source:width" v="Luftbild 2025"/>
    <tag k="step_count" v="2"/>
    <tag k="width" v="9"/>
  </way>
  <way id="1153863362">
    <nd ref="10731220851"/>
    <nd ref="540767877"/>
    <tag k="highway" v="footway"/>
    <tag k="level" v="0"/>
    <tag k="lit" v="no"/>
    <tag k="source:width" v="Luftbild 2025"/>
    <tag k="surface" v="paving_stones"/>
    <tag k="width" v="15"/>
  </way>
  <way id="1157108528">
    <nd ref="9828580281"/>
    <nd ref="10760401283"/>
    <nd ref="9891678202"/>
    <tag k="crossing" v="unmarked"/>
    <tag k="crossing:island" v="no"/>
    <tag k="crossing:markings" v="no"/>
    <tag k="footway" v="crossing"/>
    <tag k="highway" v="footway"/>
    <tag k="lit" v="yes"/>
    <tag k="smoothness" v="good"/>
    <tag k="surface" v="asphalt"/>
    <tag k="tactile_paving" v="yes"/>
  </way>
  <way id="1157108529">
    <nd ref="9828580281"/>
    <nd ref="4673135639"/>
    <tag k="footway" v="sidewalk"/>
    <tag k="highway" v="footway"/>
    <tag k="lit" v="yes"/>
    <tag k="surface" v="paving_stones"/>
  </way>
  <way id="1157108530">
    <nd ref="9891678202"/>
    <nd ref="10760401286"/>
    <tag k="footway" v="sidewalk"/>
    <tag k="highway" v="footway"/>
    <tag k="lit" v="yes"/>
    <tag k="smoothness" v="good"/>
    <tag k="surface" v="paving_stones"/>
    <tag k="tunnel" v="building_passage"/>
  </way>
  <way id="1157108531">
    <nd ref="10760401286"/>
    <nd ref="9891678213"/>
    <tag k="footway" v="sidewalk"/>
    <tag k="highway" v="footway"/>
    <tag k="lit" v="yes"/>
    <tag k="smoothness" v="good"/>
    <tag k="surface" v="paving_stones"/>
  </way>
  <way id="1169387952">
    <nd ref="10873830441"/>
    <nd ref="10873830442"/>
    <nd ref="2694713812"/>
    <tag k="highway" v="footway"/>
  </way>
  <way id="1169725173">
    <nd ref="10876447822"/>
    <nd ref="10876447823"/>
    <nd ref="13535535083"/>
    <nd ref="10876447825"/>
    <nd ref="2882261442"/>
    <tag k="check_date" v="2026-02-28"/>
    <tag k="construction" v="residential"/>
    <tag k="highway" v="construction"/>
  </way>
  <way id="1175552853">
    <nd ref="10923644010"/>
    <nd ref="11330435900"/>
    <nd ref="11330435904"/>
    <nd ref="2955252894"/>
    <tag k="cycleway:both" v="no"/>
    <tag k="highway" v="residential"/>
    <tag k="lit" v="yes"/>
    <tag k="maxspeed" v="30"/>
    <tag k="name" v="Klosterstraße"/>
    <tag k="name:etymology:wikidata" v="Q1543798"/>
    <tag k="parking:both" v="no"/>
    <tag k="sidewalk:both" v="separate"/>
    <tag k="smoothness" v="good"/>
    <tag k="surface" v="paving_stones"/>
    <tag k="wikidata" v="Q1776497"/>
    <tag k="wikipedia" v="de:Klosterstraße (Berlin-Mitte)"/>
  </way>
  <way id="1181196996">
    <nd ref="3174192367"/>
    <nd ref="3828180021"/>
    <tag k="footway" v="sidewalk"/>
    <tag k="highway" v="footway"/>
    <tag k="is_sidepath" v="yes"/>
    <tag k="is_sidepath:of" v="primary"/>
    <tag k="lit" v="yes"/>
    <tag k="postal_code" v="10178"/>
    <tag k="smoothness" v="good"/>
    <tag k="surface" v="paving_stones"/>
  </way>
  <way id="1181210772">
    <nd ref="3730797385"/>
    <nd ref="9530372098"/>
    <nd ref="735967921"/>
    <nd ref="10969814703"/>
    <tag k="crossing" v="traffic_signals"/>
    <tag k="crossing:markings" v="dashes"/>
    <tag k="footway" v="crossing"/>
    <tag k="highway" v="footway"/>
    <tag k="is_sidepath" v="yes"/>
    <tag k="is_sidepath:of" v="secondary"/>
    <tag k="lit" v="yes"/>
    <tag k="postal_code" v="10178"/>
    <tag k="smoothness" v="good"/>
    <tag k="surface" v="asphalt"/>
    <tag k="tactile_paving" v="yes"/>
  </way>
  <way id="1181210773">
    <nd ref="10969814703"/>
    <nd ref="10969814704"/>
    <tag k="footway" v="traffic_island"/>
    <tag k="highway" v="footway"/>
    <tag k="is_sidepath" v="yes"/>
    <tag k="is_sidepath:of" v="secondary"/>
    <tag k="lit" v="yes"/>
    <tag k="postal_code" v="10178"/>
    <tag k="smoothness" v="good"/>
    <tag k="surface" v="paving_stones"/>
  </way>
  <way id="1181210774">
    <nd ref="4809636660"/>
    <nd ref="3174192369"/>
    <tag k="footway" v="sidewalk"/>
    <tag k="highway" v="footway"/>
    <tag k="lit" v="yes"/>
    <tag k="paving_stones:width" v="35"/>
    <tag k="postal_code" v="10178"/>
    <tag k="smoothness" v="good"/>
    <tag k="surface" v="paving_stones"/>
  </way>
  <way id="1181210775">
    <nd ref="3153670927"/>
    <nd ref="10969815206"/>
    <tag k="footway" v="sidewalk"/>
    <tag k="highway" v="footway"/>
    <tag k="is_sidepath" v="yes"/>
    <tag k="is_sidepath:of" v="primary"/>
    <tag k="lit" v="yes"/>
    <tag k="postal_code" v="10178"/>
    <tag k="smoothness" v="good"/>
    <tag k="surface" v="paving_stones"/>
  </way>
  <way id="1181210776">
    <nd ref="10969815206"/>
    <nd ref="961816257"/>
    <nd ref="10969815208"/>
    <tag k="crossing" v="traffic_signals"/>
    <tag k="footway" v="crossing"/>
    <tag k="highway" v="footway"/>
    <tag k="is_sidepath" v="yes"/>
    <tag k="is_sidepath:of" v="primary"/>
    <tag k="lit" v="yes"/>
    <tag k="postal_code" v="10178"/>
    <tag k="smoothness" v="good"/>
    <tag k="surface" v="asphalt"/>
    <tag k="tactile_paving" v="yes"/>
  </way>
  <way id="1181210777">
    <nd ref="10969815208"/>
    <nd ref="10969815207"/>
    <tag k="footway" v="traffic_island"/>
    <tag k="highway" v="footway"/>
    <tag k="is_sidepath" v="yes"/>
    <tag k="is_sidepath:of" v="primary"/>
    <tag k="lit" v="yes"/>
    <tag k="postal_code" v="10178"/>
    <tag k="smoothness" v="good"/>
    <tag k="surface" v="paving_stones"/>
  </way>
  <way id="1181210778">
    <nd ref="10969815209"/>
    <nd ref="3153670927"/>
    <tag k="footway" v="sidewalk"/>
    <tag k="highway" v="footway"/>
    <tag k="is_sidepath" v="yes"/>
    <tag k="is_sidepath:of" v="secondary"/>
    <tag k="lit" v="yes"/>
    <tag k="postal_code" v="10178"/>
    <tag k="smoothness" v="good"/>
    <tag k="surface" v="paving_stones"/>
  </way>
  <way id="1181210779">
    <nd ref="3174192372"/>
    <nd ref="4809636661"/>
    <tag k="footway" v="sidewalk"/>
    <tag k="highway" v="footway"/>
    <tag k="is_sidepath" v="yes"/>
    <tag k="is_sidepath:of" v="secondary"/>
    <tag k="lit" v="yes"/>
    <tag k="postal_code" v="10178"/>
    <tag k="smoothness" v="excellent"/>
    <tag k="surface" v="paving_stones"/>
  </way>
  <way id="1181211802">
    <nd ref="10189375738"/>
    <nd ref="3213513670"/>
    <nd ref="10969821839"/>
    <tag k="bicycle" v="yes"/>
    <tag k="crossing" v="traffic_signals"/>
    <tag k="cycleway" v="crossing"/>
    <tag k="cycleway:surface" v="asphalt"/>
    <tag k="cycleway:width" v="2.5"/>
    <tag k="footway" v="crossing"/>
    <tag k="footway:surface" v="asphalt"/>
    <tag k="highway" v="footway"/>
    <tag k="lit" v="yes"/>
    <tag k="oneway" v="no"/>
    <tag k="postal_code" v="10179"/>
    <tag k="segregated" v="yes"/>
    <tag k="source:cycleway:width" v="ARCore"/>
    <tag k="surface" v="asphalt"/>
  </way>
  <way id="1181211803">
    <nd ref="10969821838"/>
    <nd ref="3153666983"/>
    <tag k="bicycle" v="yes"/>
    <tag k="crossing" v="traffic_signals"/>
    <tag k="cycleway" v="crossing"/>
    <tag k="cycleway:surface" v="asphalt"/>
    <tag k="cycleway:width" v="2.5"/>
    <tag k="footway" v="crossing"/>
    <tag k="footway:surface" v="asphalt"/>
    <tag k="highway" v="footway"/>
    <tag k="lit" v="yes"/>
    <tag k="oneway" v="no"/>
    <tag k="postal_code" v="10179"/>
    <tag k="segregated" v="yes"/>
    <tag k="source:cycleway:width" v="Luftbild 2025"/>
    <tag k="surface" v="asphalt"/>
  </way>
  <way id="1197757452">
    <nd ref="11112465769"/>
    <nd ref="11112465767"/>
    <tag k="conveying" v="backward"/>
    <tag k="highway" v="steps"/>
    <tag k="incline" v="up"/>
    <tag k="indoor" v="stairs"/>
    <tag k="level" v="0;-1"/>
  </way>
  <way id="1197757453">
    <nd ref="11112465770"/>
    <nd ref="11112465768"/>
    <tag k="conveying" v="forward"/>
    <tag k="highway" v="steps"/>
    <tag k="incline" v="up"/>
    <tag k="indoor" v="stairs"/>
    <tag k="level" v="0;-1"/>
  </way>
  <way id="1197757454">
    <nd ref="11112465771"/>
    <nd ref="11112465773"/>
    <tag k="conveying" v="forward"/>
    <tag k="highway" v="steps"/>
    <tag k="incline" v="up"/>
    <tag k="indoor" v="stairs"/>
    <tag k="level" v="0-1"/>
  </way>
  <way id="1197757455">
    <nd ref="11112465772"/>
    <nd ref="11112465774"/>
    <tag k="conveying" v="backward"/>
    <tag k="fixme" v="Weg-Verbindung"/>
    <tag k="highway" v="steps"/>
    <tag k="incline" v="up"/>
    <tag k="indoor" v="stairs"/>
    <tag k="level" v="0-1"/>
  </way>
  <way id="1197757468">
    <nd ref="11063223064"/>
    <nd ref="11112516745"/>
    <nd ref="11112516742"/>
    <nd ref="11112516747"/>
    <nd ref="11063223064"/>
    <tag k="highway" v="elevator"/>
    <tag k="indoor" v="room"/>
    <tag k="level" v="-3-2"/>
  </way>
  <way id="1197757469">
    <nd ref="11112516744"/>
    <nd ref="11063223065"/>
    <nd ref="11112516741"/>
    <nd ref="11112516743"/>
    <nd ref="11112516744"/>
    <tag k="highway" v="elevator"/>
    <tag k="indoor" v="room"/>
    <tag k="level" v="-3-2"/>
  </way>
  <way id="1197757470">
    <nd ref="11112516745"/>
    <nd ref="11112516744"/>
    <nd ref="11112516743"/>
    <nd ref="11112516742"/>
    <nd ref="11112516745"/>
    <tag k="highway" v="elevator"/>
    <tag k="indoor" v="room"/>
    <tag k="level" v="-3-2"/>
  </way>
  <way id="1197779264">
    <nd ref="11112644903"/>
    <nd ref="11112644900"/>
    <tag k="conveying" v="yes"/>
    <tag k="highway" v="steps"/>
    <tag k="incline" v="up"/>
    <tag k="indoor" v="stairs"/>
    <tag k="level" v="0-1"/>
  </way>
  <way id="1197779265">
    <nd ref="11112649611"/>
    <nd ref="11112649612"/>
    <tag k="conveying" v="yes"/>
    <tag k="highway" v="steps"/>
    <tag k="incline" v="up"/>
    <tag k="indoor" v="stairs"/>
    <tag k="level" v="-1-0"/>
  </way>
  <way id="1197779266">
    <nd ref="11112649610"/>
    <nd ref="11112649613"/>
    <tag k="conveying" v="yes"/>
    <tag k="fixme" v="Weg-Verbindung"/>
    <tag k="highway" v="steps"/>
    <tag k="incline" v="up"/>
    <tag k="indoor" v="stairs"/>
    <tag k="level" v="-1-0"/>
  </way>
  <way id="1197779267">
    <nd ref="11112649608"/>
    <nd ref="11112644904"/>
    <tag k="conveying" v="yes"/>
    <tag k="highway" v="steps"/>
    <tag k="incline" v="up"/>
    <tag k="indoor" v="stairs"/>
    <tag k="level" v="0-1"/>
  </way>
  <way id="1212782007">
    <nd ref="11236075596"/>
    <nd ref="11236075597"/>
    <tag k="footway" v="traffic_island"/>
    <tag k="highway" v="footway"/>
    <tag k="lit" v="yes"/>
    <tag k="source:width" v="Luftbild 2024"/>
    <tag k="surface" v="paving_stones"/>
    <tag k="width" v="6"/>
  </way>
  <way id="1212782008">
    <nd ref="11236075598"/>
    <nd ref="9828580282"/>
    <tag k="footway" v="sidewalk"/>
    <tag k="highway" v="footway"/>
    <tag k="lit" v="yes"/>
    <tag k="smoothness" v="good"/>
    <tag k="surface" v="paving_stones"/>
  </way>
  <way id="1212782009">
    <nd ref="4673135639"/>
    <nd ref="11236075599"/>
    <tag k="footway" v="sidewalk"/>
    <tag k="highway" v="footway"/>
    <tag k="lit" v="yes"/>
    <tag k="surface" v="paving_stones"/>
  </way>
  <way id="1212782010">
    <nd ref="9891678214"/>
    <nd ref="11236075600"/>
    <tag k="footway" v="traffic_island"/>
    <tag k="highway" v="footway"/>
    <tag k="lit" v="yes"/>
    <tag k="smoothness" v="excellent"/>
    <tag k="surface" v="paving_stones"/>
  </way>
  <way id="1212782011">
    <nd ref="11236075601"/>
    <nd ref="4673135641"/>
    <nd ref="4554486920"/>
    <nd ref="11236075603"/>
    <tag k="button_operated" v="no"/>
    <tag k="crossing" v="traffic_signals"/>
    <tag k="crossing:island" v="no"/>
    <tag k="crossing:markings" v="dashes"/>
    <tag k="footway" v="crossing"/>
    <tag k="highway" v="footway"/>
    <tag k="lit" v="yes"/>
    <tag k="smoothness" v="excellent"/>
    <tag k="surface" v="asphalt"/>
    <tag k="traffic_signals:sound" v="yes"/>
    <tag k="traffic_signals:vibration" v="yes"/>
  </way>
  <way id="1212782012">
    <nd ref="11236075602"/>
    <nd ref="11236075601"/>
    <tag k="footway" v="traffic_island"/>
    <tag k="highway" v="footway"/>
    <tag k="lit" v="yes"/>
    <tag k="smoothness" v="excellent"/>
    <tag k="surface" v="paving_stones"/>
  </way>
  <way id="1212782013">
    <nd ref="11236075603"/>
    <nd ref="9891678213"/>
    <tag k="footway" v="sidewalk"/>
    <tag k="highway" v="footway"/>
    <tag k="lit" v="yes"/>
    <tag k="smoothness" v="good"/>
    <tag k="surface" v="paving_stones"/>
  </way>
  <way id="1212782014">
    <nd ref="11236075604"/>
    <nd ref="9891678214"/>
    <nd ref="11236075605"/>
    <tag k="footway" v="traffic_island"/>
    <tag k="highway" v="footway"/>
    <tag k="lit" v="yes"/>
    <tag k="smoothness" v="excellent"/>
    <tag k="surface" v="paving_stones"/>
  </way>
  <way id="1212782016">
    <nd ref="11236075607"/>
    <nd ref="9891678216"/>
    <tag k="footway" v="sidewalk"/>
    <tag k="highway" v="footway"/>
    <tag k="lit" v="yes"/>
    <tag k="smoothness" v="good"/>
    <tag k="surface" v="paving_stones"/>
  </way>
  <way id="1212793350">
    <nd ref="11236296729"/>
    <nd ref="11236296730"/>
    <tag k="footway" v="traffic_island"/>
    <tag k="highway" v="footway"/>
    <tag k="lit" v="yes"/>
    <tag k="surface" v="paving_stones"/>
  </way>
  <way id="1212793352">
    <nd ref="6448068511"/>
    <nd ref="6437011131"/>
    <tag k="footway" v="sidewalk"/>
    <tag k="highway" v="footway"/>
    <tag k="lit" v="yes"/>
    <tag k="smoothness" v="good"/>
    <tag k="surface" v="paving_stones"/>
  </way>
  <way id="1212793353">
    <nd ref="6448068515"/>
    <nd ref="5518191632"/>
    <tag k="check_date:surface" v="2021-11-12"/>
    <tag k="footway" v="sidewalk"/>
    <tag k="highway" v="footway"/>
    <tag k="is_sidepath" v="yes"/>
    <tag k="is_sidepath:of" v="secondary"/>
    <tag k="is_sidepath:of:name" v="Spandauer Straße"/>
    <tag k="lit" v="yes"/>
    <tag k="smoothness" v="good"/>
    <tag k="surface" v="paving_stones"/>
  </way>
  <way id="1212793354">
    <nd ref="11236296734"/>
    <nd ref="9700749462"/>
    <tag k="footway" v="sidewalk"/>
    <tag k="highway" v="footway"/>
    <tag k="lit" v="yes"/>
    <tag k="smoothness" v="good"/>
    <tag k="surface" v="paving_stones"/>
    <tag k="tactile_paving" v="yes"/>
  </way>
  <way id="1212793355">
    <nd ref="6448068515"/>
    <nd ref="11236296733"/>
    <tag k="footway" v="sidewalk"/>
    <tag k="highway" v="footway"/>
    <tag k="lit" v="yes"/>
    <tag k="smoothness" v="good"/>
    <tag k="surface" v="paving_stones"/>
  </way>
  <way id="1212793356">
    <nd ref="11236296736"/>
    <nd ref="4566145593"/>
    <nd ref="11236296734"/>
    <tag k="crossing" v="traffic_signals"/>
    <tag k="crossing:island" v="no"/>
    <tag k="crossing:markings" v="dashes"/>
    <tag k="footway" v="crossing"/>
    <tag k="highway" v="footway"/>
    <tag k="lit" v="yes"/>
    <tag k="smoothness" v="excellent"/>
    <tag k="surface" v="asphalt"/>
    <tag k="tactile_paving" v="yes"/>
  </way>
  <way id="1212793357">
    <nd ref="11236296735"/>
    <nd ref="11236296736"/>
    <tag k="footway" v="traffic_island"/>
    <tag k="highway" v="footway"/>
    <tag k="lit" v="yes"/>
    <tag k="smoothness" v="good"/>
    <tag k="surface" v="paving_stones"/>
  </way>
  <way id="1212793358">
    <nd ref="11236442438"/>
    <nd ref="9700749462"/>
    <tag k="footway" v="sidewalk"/>
    <tag k="highway" v="footway"/>
    <tag k="lit" v="yes"/>
    <tag k="smoothness" v="good"/>
    <tag k="surface" v="paving_stones"/>
  </way>
  <way id="1212795005">
    <nd ref="11236453287"/>
    <nd ref="667465427"/>
    <tag k="crossing" v="traffic_signals"/>
    <tag k="crossing:island" v="no"/>
    <tag k="crossing:markings" v="dashes"/>
    <tag k="footway" v="crossing"/>
    <tag k="highway" v="footway"/>
    <tag k="lit" v="yes"/>
    <tag k="surface" v="asphalt"/>
  </way>
  <way id="1212795006">
    <nd ref="11236453288"/>
    <nd ref="11236453287"/>
    <tag k="footway" v="traffic_island"/>
    <tag k="highway" v="footway"/>
    <tag k="lit" v="yes"/>
    <tag k="surface" v="asphalt"/>
  </way>
  <way id="1221672747">
    <nd ref="10923644010"/>
    <nd ref="11330435898"/>
    <nd ref="11330435899"/>
    <tag k="crossing" v="traffic_signals"/>
    <tag k="crossing:island" v="yes"/>
    <tag k="cycleway" v="crossing"/>
    <tag k="highway" v="cycleway"/>
    <tag k="lit" v="yes"/>
    <tag k="smoothness" v="excellent"/>
    <tag k="surface" v="asphalt"/>
  </way>
  <way id="1221672748">
    <nd ref="11330435900"/>
    <nd ref="11330435901"/>
    <nd ref="11330435902"/>
    <nd ref="12988626854"/>
    <tag k="highway" v="cycleway"/>
    <tag k="is_sidepath" v="yes"/>
    <tag k="lit" v="yes"/>
    <tag k="oneway" v="yes"/>
    <tag k="smoothness" v="excellent"/>
    <tag k="surface" v="asphalt"/>
    <tag k="traffic_sign" v="DE:237"/>
  </way>
  <way id="1221672749">
    <nd ref="10567768867"/>
    <nd ref="10567768927"/>
    <nd ref="11330435907"/>
    <nd ref="11861840401"/>
    <nd ref="11330435904"/>
    <tag k="footway" v="sidewalk"/>
    <tag k="highway" v="footway"/>
    <tag k="lit" v="yes"/>
    <tag k="smoothness" v="good"/>
    <tag k="surface" v="paving_stones"/>
  </way>
  <way id="1224670636">
    <nd ref="11357387512"/>
    <nd ref="11357387516"/>
    <nd ref="11357387517"/>
    <nd ref="13105940474"/>
    <nd ref="11357387513"/>
    <tag k="crossing" v="traffic_signals"/>
    <tag k="crossing:island" v="no"/>
    <tag k="crossing:markings" v="dashes"/>
    <tag k="footway" v="crossing"/>
    <tag k="highway" v="footway"/>
    <tag k="is_sidepath" v="yes"/>
    <tag k="is_sidepath:of" v="primary"/>
    <tag k="lit" v="yes"/>
    <tag k="surface" v="paving_stones"/>
    <tag k="tactile_paving" v="yes"/>
  </way>
  <way id="1224670637">
    <nd ref="11357387513"/>
    <nd ref="12057874636"/>
    <nd ref="11357387514"/>
    <nd ref="11357387515"/>
    <tag k="footway" v="sidewalk"/>
    <tag k="highway" v="footway"/>
    <tag k="is_sidepath" v="yes"/>
    <tag k="is_sidepath:of" v="primary"/>
    <tag k="lit" v="yes"/>
    <tag k="smoothness" v="excellent"/>
    <tag k="surface" v="paving_stones"/>
  </way>
  <way id="1225715040">
    <nd ref="560470210"/>
    <nd ref="10189375729"/>
    <tag k="highway" v="cycleway"/>
    <tag k="lit" v="yes"/>
    <tag k="oneway" v="yes"/>
    <tag k="smoothness" v="good"/>
    <tag k="source:width" v="Luftbild 2025"/>
    <tag k="surface" v="asphalt"/>
    <tag k="traffic_sign" v="DE:237"/>
    <tag k="width" v="2.5"/>
  </way>
  <way id="1228705385">
    <nd ref="11394748899"/>
    <nd ref="11394748900"/>
    <tag k="footway" v="sidewalk"/>
    <tag k="highway" v="footway"/>
    <tag k="lit" v="yes"/>
    <tag k="smoothness" v="good"/>
    <tag k="surface" v="paving_stones"/>
  </way>
  <way id="1228705386">
    <nd ref="10567768907"/>
    <nd ref="11394748903"/>
    <nd ref="11394748902"/>
    <nd ref="11394748905"/>
    <nd ref="11394748904"/>
    <nd ref="13105519361"/>
    <nd ref="13105519360"/>
    <tag k="footway" v="sidewalk"/>
    <tag k="highway" v="footway"/>
    <tag k="lit" v="yes"/>
    <tag k="smoothness" v="good"/>
    <tag k="surface" v="paving_stones"/>
  </way>
  <way id="1267489731">
    <nd ref="11771933401"/>
    <nd ref="11330435903"/>
    <nd ref="11861840397"/>
    <nd ref="12035159940"/>
    <nd ref="12035159945"/>
    <nd ref="12035159941"/>
    <tag k="highway" v="residential"/>
    <tag k="lit" v="yes"/>
    <tag k="maxspeed" v="30"/>
    <tag k="name" v="Littenstraße"/>
    <tag k="old_name" v="Neue Friedrichstraße"/>
    <tag k="oneway" v="yes"/>
    <tag k="parking:both" v="no"/>
    <tag k="surface" v="asphalt"/>
  </way>
  <way id="1267489732">
    <nd ref="11771933399"/>
    <nd ref="3179614625"/>
    <nd ref="12035159944"/>
    <nd ref="13755242873"/>
    <nd ref="11771933398"/>
    <nd ref="13755242875"/>
    <nd ref="13755242874"/>
    <nd ref="11771933397"/>
    <nd ref="2933657337"/>
    <tag k="highway" v="residential"/>
    <tag k="lit" v="yes"/>
    <tag k="maxspeed" v="30"/>
    <tag k="name" v="Littenstraße"/>
    <tag k="old_name" v="Neue Friedrichstraße"/>
    <tag k="oneway" v="yes"/>
    <tag k="parking:both" v="no"/>
    <tag k="surface" v="asphalt"/>
  </way>
  <way id="1269093895">
    <nd ref="3513418930"/>
    <nd ref="11771933400"/>
    <nd ref="13755242870"/>
    <nd ref="3513418933"/>
    <tag k="bicycle" v="no"/>
    <tag k="check_date:cycleway" v="2024-12-31"/>
    <tag k="cycleway:both" v="no"/>
    <tag k="dual_carriageway" v="yes"/>
    <tag k="foot" v="no"/>
    <tag k="highway" v="primary"/>
    <tag k="lanes" v="2"/>
    <tag k="lit" v="yes"/>
    <tag k="maxspeed" v="50"/>
    <tag k="name" v="Grunerstraße"/>
    <tag k="name:etymology:wikidata" v="Q215507"/>
    <tag k="name:ja" v="グルネル通り"/>
    <tag k="oneway" v="yes"/>
    <tag k="parking:both" v="no"/>
    <tag k="postal_code" v="10179"/>
    <tag k="priority_road" v="designated"/>
    <tag k="ref" v="B 1"/>
    <tag k="sidewalk:left" v="no"/>
    <tag k="sidewalk:right" v="separate"/>
    <tag k="source:maxspeed" v="DE:urban"/>
    <tag k="surface" v="asphalt"/>
    <tag k="wikidata" v="Q1550809"/>
    <tag k="wikimedia_commons" v="Category:Grunerstraße (Berlin-Mitte)"/>
    <tag k="wikipedia" v="de:Grunerstraße (Berlin)"/>
    <tag k="zone:traffic" v="DE:urban"/>
  </way>
  <way id="1277784873">
    <nd ref="10567752800"/>
    <nd ref="13111730050"/>
    <nd ref="11861840384"/>
    <nd ref="11861840381"/>
    <nd ref="11861840382"/>
    <nd ref="11861840383"/>
    <nd ref="11861840400"/>
    <nd ref="11330435900"/>
    <tag k="highway" v="cycleway"/>
    <tag k="is_sidepath" v="yes"/>
    <tag k="lit" v="yes"/>
    <tag k="oneway" v="yes"/>
    <tag k="smoothness" v="excellent"/>
    <tag k="surface" v="asphalt"/>
    <tag k="traffic_sign" v="DE:237"/>
  </way>
  <way id="1277784874">
    <nd ref="11330435904"/>
    <nd ref="13535535076"/>
    <nd ref="12988626855"/>
    <tag k="footway" v="sidewalk"/>
    <tag k="highway" v="footway"/>
    <tag k="lit" v="yes"/>
    <tag k="smoothness" v="good"/>
    <tag k="surface" v="paving_stones"/>
  </way>
  <way id="1277784875">
    <nd ref="3192342855"/>
    <nd ref="13111730052"/>
    <nd ref="10567769017"/>
    <nd ref="10923644010"/>
    <tag k="bicycle" v="use_sidepath"/>
    <tag k="cycleway:left" v="no"/>
    <tag k="cycleway:right" v="separate"/>
    <tag k="dual_carriageway" v="yes"/>
    <tag k="foot" v="use_sidepath"/>
    <tag k="highway" v="primary"/>
    <tag k="lanes" v="3"/>
    <tag k="lit" v="yes"/>
    <tag k="maxspeed" v="50"/>
    <tag k="name" v="Grunerstraße"/>
    <tag k="name:etymology:wikidata" v="Q215507"/>
    <tag k="name:ja" v="グルネル通り"/>
    <tag k="oneway" v="yes"/>
    <tag k="parking:both" v="no"/>
    <tag k="postal_code" v="10179"/>
    <tag k="priority_road" v="designated"/>
    <tag k="ref" v="B 1"/>
    <tag k="sidewalk:left" v="no"/>
    <tag k="sidewalk:right" v="separate"/>
    <tag k="smoothness" v="excellent"/>
    <tag k="source:maxspeed" v="DE:urban"/>
    <tag k="surface" v="asphalt"/>
    <tag k="wikidata" v="Q1550809"/>
    <tag k="wikimedia_commons" v="Category:Grunerstraße (Berlin-Mitte)"/>
    <tag k="wikipedia" v="de:Grunerstraße (Berlin)"/>
    <tag k="zone:traffic" v="DE:urban"/>
  </way>
  <way id="1299175860">
    <nd ref="12035159955"/>
    <nd ref="2721065871"/>
    <nd ref="2721065873"/>
    <tag k="highway" v="footway"/>
    <tag k="lit" v="yes"/>
    <tag k="source:width" v="Luftbild 2025"/>
    <tag k="surface" v="paving_stones"/>
    <tag k="wheelchair" v="yes"/>
    <tag k="width" v="1"/>
  </way>
  <way id="1299175861">
    <nd ref="2721065874"/>
    <nd ref="12035159956"/>
    <tag k="highway" v="footway"/>
    <tag k="smoothness" v="good"/>
    <tag k="surface" v="paving_stones"/>
  </way>
  <way id="1306330467">
    <nd ref="9828580269"/>
    <nd ref="12098559986"/>
    <nd ref="12098559988"/>
    <tag k="crossing" v="traffic_signals"/>
    <tag k="crossing:island" v="yes"/>
    <tag k="footway" v="crossing"/>
    <tag k="highway" v="footway"/>
    <tag k="lit" v="yes"/>
    <tag k="smoothness" v="good"/>
    <tag k="surface" v="asphalt"/>
    <tag k="tactile_paving" v="no"/>
    <tag k="traffic_signals:sound" v="no"/>
  </way>
  <way id="1306330468">
    <nd ref="12098559987"/>
    <nd ref="12098559985"/>
    <nd ref="12098559984"/>
    <nd ref="11357387513"/>
    <tag k="crossing" v="traffic_signals"/>
    <tag k="crossing:island" v="yes"/>
    <tag k="footway" v="crossing"/>
    <tag k="highway" v="footway"/>
    <tag k="surface" v="asphalt"/>
    <tag k="tactile_paving" v="no"/>
    <tag k="traffic_signals:sound" v="no"/>
  </way>
  <way id="1306330469">
    <nd ref="12098559988"/>
    <nd ref="12098559987"/>
    <tag k="footway" v="traffic_island"/>
    <tag k="highway" v="footway"/>
    <tag k="lit" v="yes"/>
    <tag k="smoothness" v="good"/>
    <tag k="surface" v="asphalt"/>
    <tag k="tactile_paving" v="no"/>
  </way>
  <way id="1306330470">
    <nd ref="8796782045"/>
    <nd ref="13105940475"/>
    <nd ref="13105940468"/>
    <nd ref="6447331768"/>
    <nd ref="13105940445"/>
    <nd ref="13105940444"/>
    <nd ref="13105940443"/>
    <nd ref="13105940442"/>
    <nd ref="8793912198"/>
    <nd ref="13108873686"/>
    <nd ref="12098559989"/>
    <nd ref="8793912199"/>
    <nd ref="13105940441"/>
    <nd ref="11357387513"/>
    <tag k="bicycle" v="yes"/>
    <tag k="highway" v="pedestrian"/>
    <tag k="lit" v="yes"/>
    <tag k="mapillary" v="507239815701223"/>
    <tag k="noname" v="yes"/>
    <tag k="oneway" v="no"/>
    <tag k="smoothness" v="excellent"/>
    <tag k="surface" v="paving_stones"/>
    <tag k="traffic_sign" v="DE:250,1022-10"/>
    <tag k="vehicle" v="no"/>
  </way>
  <way id="1335157931">
    <nd ref="13334677271"/>
    <nd ref="13334677282"/>
    <nd ref="13334677273"/>
    <nd ref="12352052259"/>
    <nd ref="12352052263"/>
    <nd ref="12352052257"/>
    <nd ref="12352052258"/>
    <tag k="footway" v="sidewalk"/>
    <tag k="highway" v="footway"/>
    <tag k="lit" v="yes"/>
    <tag k="smoothness" v="excellent"/>
    <tag k="surface" v="paving_stones"/>
  </way>
  <way id="1335157932">
    <nd ref="12352052260"/>
    <nd ref="12352052266"/>
    <tag k="highway" v="service"/>
    <tag k="service" v="driveway"/>
    <tag k="surface" v="paving_stones"/>
  </way>
  <way id="1335157933">
    <nd ref="12352052261"/>
    <nd ref="12352052263"/>
    <nd ref="12352052265"/>
    <nd ref="12352052264"/>
    <nd ref="12352052262"/>
    <tag k="highway" v="service"/>
    <tag k="service" v="driveway"/>
    <tag k="surface" v="sett"/>
  </way>
  <way id="1335157934">
    <nd ref="12352052266"/>
    <nd ref="12352052261"/>
    <tag k="access" v="private"/>
    <tag k="covered" v="building_passage"/>
    <tag k="highway" v="service"/>
    <tag k="service" v="driveway"/>
    <tag k="surface" v="paving_stones"/>
  </way>
  <way id="1344403696">
    <nd ref="12437498283"/>
    <nd ref="12437498296"/>
    <nd ref="12437498297"/>
    <nd ref="1256247780"/>
    <tag k="bicycle" v="use_sidepath"/>
    <tag k="check_date:smoothness" v="2023-03-04"/>
    <tag k="cycleway:left" v="separate"/>
    <tag k="emergency" v="yes"/>
    <tag k="highway" v="service"/>
    <tag k="lit" v="yes"/>
    <tag k="maxspeed" v="30"/>
    <tag k="name" v="Bernhard-Weiß-Straße"/>
    <tag k="name:etymology:wikidata" v="Q64891"/>
    <tag k="postal_code" v="10178"/>
    <tag k="smoothness" v="good"/>
    <tag k="surface" v="asphalt"/>
    <tag k="traffic_sign" v="DE:250,1026-33"/>
    <tag k="vehicle" v="no"/>
    <tag k="wikidata" v="Q96278950"/>
  </way>
  <way id="1393752588">
    <nd ref="12901401567"/>
    <nd ref="13105519364"/>
    <tag k="highway" v="pedestrian"/>
    <tag k="lit" v="yes"/>
    <tag k="noname" v="yes"/>
    <tag k="smoothness" v="good"/>
    <tag k="surface" v="paving_stones"/>
  </way>
  <way id="1395760818">
    <nd ref="12919580024"/>
    <nd ref="12919580023"/>
    <tag k="check_date:cycleway" v="2024-12-31"/>
    <tag k="cycleway:both" v="no"/>
    <tag k="foot" v="use_sidepath"/>
    <tag k="highway" v="residential"/>
    <tag k="lit" v="yes"/>
    <tag k="maxspeed" v="30"/>
    <tag k="name" v="Rathausstraße"/>
    <tag k="name:etymology:wikidata" v="Q155210"/>
    <tag k="old_name" v="Königstraße"/>
    <tag k="parking:both" v="lane"/>
    <tag k="parking:both:fee" v="yes"/>
    <tag k="parking:both:fee:conditional" v="no @ (Mo-Sa 00:00-09:00,22:00-24:00; Su)"/>
    <tag k="parking:both:markings" v="no"/>
    <tag k="parking:both:orientation" v="parallel"/>
    <tag k="parking:both:zone" v="3"/>
    <tag k="postal_code" v="10178"/>
    <tag k="sidewalk:both" v="separate"/>
    <tag k="smoothness" v="excellent"/>
    <tag k="source:width" v="ARCore"/>
    <tag k="surface" v="asphalt"/>
    <tag k="width" v="12.3"/>
    <tag k="wikidata" v="Q1689577"/>
    <tag k="wikimedia_commons" v="Category:Rathausstraße (Berlin-Mitte)"/>
    <tag k="wikipedia" v="de:Rathausstraße (Berlin)"/>
  </way>
  <way id="1395760819">
    <nd ref="12919580023"/>
    <nd ref="2054725066"/>
    <tag k="cycleway:both" v="no"/>
    <tag k="foot" v="use_sidepath"/>
    <tag k="highway" v="residential"/>
    <tag k="lit" v="yes"/>
    <tag k="maxspeed" v="30"/>
    <tag k="name" v="Rathausstraße"/>
    <tag k="name:etymology:wikidata" v="Q155210"/>
    <tag k="old_name" v="Königstraße"/>
    <tag k="parking:both" v="no"/>
    <tag k="postal_code" v="10178"/>
    <tag k="sidewalk:both" v="separate"/>
    <tag k="smoothness" v="excellent"/>
    <tag k="source:width" v="ARCore"/>
    <tag k="surface" v="asphalt"/>
    <tag k="width" v="12.3"/>
    <tag k="wikidata" v="Q1689577"/>
    <tag k="wikimedia_commons" v="Category:Rathausstraße (Berlin-Mitte)"/>
    <tag k="wikipedia" v="de:Rathausstraße (Berlin)"/>
  </way>
  <way id="1395760820">
    <nd ref="7026282539"/>
    <nd ref="5931763570"/>
    <nd ref="12919580025"/>
    <tag k="check_date:cycleway" v="2024-12-31"/>
    <tag k="cycleway:both" v="no"/>
    <tag k="foot" v="use_sidepath"/>
    <tag k="highway" v="residential"/>
    <tag k="lit" v="yes"/>
    <tag k="maxspeed" v="30"/>
    <tag k="name" v="Rathausstraße"/>
    <tag k="name:etymology:wikidata" v="Q155210"/>
    <tag k="old_name" v="Königstraße"/>
    <tag k="parking:both" v="lane"/>
    <tag k="parking:both:fee" v="yes"/>
    <tag k="parking:both:fee:conditional" v="no @ (Mo-Sa 00:00-09:00,22:00-24:00; Su)"/>
    <tag k="parking:both:markings" v="no"/>
    <tag k="parking:both:orientation" v="parallel"/>
    <tag k="parking:both:zone" v="3"/>
    <tag k="postal_code" v="10178"/>
    <tag k="sidewalk:both" v="separate"/>
    <tag k="smoothness" v="excellent"/>
    <tag k="source:width" v="ARCore"/>
    <tag k="surface" v="asphalt"/>
    <tag k="width" v="12.3"/>
    <tag k="wikidata" v="Q1689577"/>
    <tag k="wikimedia_commons" v="Category:Rathausstraße (Berlin-Mitte)"/>
    <tag k="wikipedia" v="de:Rathausstraße (Berlin)"/>
  </way>
  <way id="1395760821">
    <nd ref="12919580026"/>
    <nd ref="5747234976"/>
    <nd ref="7026282539"/>
    <tag k="cycleway:left" v="lane"/>
    <tag k="cycleway:left:buffer:both" v="no"/>
    <tag k="cycleway:left:lane" v="advisory"/>
    <tag k="cycleway:left:marking:left" v="dashed_line"/>
    <tag k="cycleway:left:marking:right" v="no"/>
    <tag k="cycleway:left:oneway" v="yes"/>
    <tag k="cycleway:left:separation:left" v="no"/>
    <tag k="cycleway:left:separation:right" v="no"/>
    <tag k="cycleway:left:surface" v="asphalt"/>
    <tag k="cycleway:left:surface:colour" v="none"/>
    <tag k="cycleway:left:traffic_sign" v="none"/>
    <tag k="cycleway:left:width" v="1.5"/>
    <tag k="cycleway:right" v="no"/>
    <tag k="foot" v="use_sidepath"/>
    <tag k="highway" v="residential"/>
    <tag k="lit" v="yes"/>
    <tag k="maxspeed" v="30"/>
    <tag k="name" v="Rathausstraße"/>
    <tag k="name:etymology:wikidata" v="Q155210"/>
    <tag k="old_name" v="Königstraße"/>
    <tag k="parking:left" v="no"/>
    <tag k="parking:left:restriction" v="no_stopping"/>
    <tag k="parking:right" v="lane"/>
    <tag k="parking:right:fee" v="yes"/>
    <tag k="parking:right:fee:conditional" v="no @ (Mo-Sa 00:00-09:00,22:00-24:00; Su)"/>
    <tag k="parking:right:orientation" v="parallel"/>
    <tag k="parking:right:zone" v="3"/>
    <tag k="postal_code" v="10178"/>
    <tag k="sidewalk:both" v="separate"/>
    <tag k="smoothness" v="excellent"/>
    <tag k="source:cycleway:left:width" v="Luftbild 2025"/>
    <tag k="source:width" v="Luftbild 2025"/>
    <tag k="surface" v="asphalt"/>
    <tag k="width" v="12"/>
    <tag k="wikidata" v="Q1689577"/>
    <tag k="wikimedia_commons" v="Category:Rathausstraße (Berlin-Mitte)"/>
    <tag k="wikipedia" v="de:Rathausstraße (Berlin)"/>
  </way>
  <way id="1408820966">
    <nd ref="12946819631"/>
    <nd ref="12946819629"/>
    <nd ref="12946819630"/>
    <tag k="highway" v="service"/>
    <tag k="service" v="driveway"/>
  </way>
  <way id="1408820967">
    <nd ref="12946819633"/>
    <nd ref="12035159956"/>
    <tag k="highway" v="service"/>
    <tag k="service" v="driveway"/>
  </way>
  <way id="1408889637">
    <nd ref="12947304492"/>
    <nd ref="12947304495"/>
    <nd ref="9213873345"/>
    <nd ref="12947304477"/>
    <tag k="check_date:cycleway" v="2024-12-31"/>
    <tag k="cycleway:both" v="no"/>
    <tag k="highway" v="residential"/>
    <tag k="lit" v="yes"/>
    <tag k="maxspeed" v="30"/>
    <tag k="name" v="Littenstraße"/>
    <tag k="name:etymology:wikidata" v="Q67005"/>
    <tag k="old_name" v="Neue Friedrichstraße"/>
    <tag k="parking:both:fee" v="yes"/>
    <tag k="parking:both:fee:conditional" v="no @ (Mo-Sa 00:00-09:00,22:00-24:00; Su)"/>
    <tag k="parking:both:orientation" v="parallel"/>
    <tag k="parking:both:zone" v="3"/>
    <tag k="parking:left" v="lane"/>
    <tag k="parking:left:markings" v="yes"/>
    <tag k="parking:right" v="street_side"/>
    <tag k="postal_code" v="10179"/>
    <tag k="sidewalk" v="both"/>
    <tag k="surface" v="asphalt"/>
    <tag k="wikidata" v="Q1865538"/>
  </way>
  <way id="1408889638">
    <nd ref="12947304477"/>
    <nd ref="12947304489"/>
    <tag k="check_date:cycleway" v="2024-12-31"/>
    <tag k="cycleway:both" v="no"/>
    <tag k="highway" v="residential"/>
    <tag k="lit" v="yes"/>
    <tag k="maxspeed" v="30"/>
    <tag k="name" v="Littenstraße"/>
    <tag k="name:etymology:wikidata" v="Q67005"/>
    <tag k="old_name" v="Neue Friedrichstraße"/>
    <tag k="parking:both:orientation" v="parallel"/>
    <tag k="parking:left" v="lane"/>
    <tag k="parking:left:fee" v="yes"/>
    <tag k="parking:left:markings" v="yes"/>
    <tag k="parking:left:restriction" v="no_stopping"/>
    <tag k="parking:right" v="lane"/>
    <tag k="parking:right:fee" v="yes"/>
    <tag k="parking:right:fee:conditional" v="no @ (Mo-Sa 00:00-09:00,22:00-24:00; Su)"/>
    <tag k="parking:right:zone" v="3"/>
    <tag k="postal_code" v="10179"/>
    <tag k="sidewalk" v="both"/>
    <tag k="surface" v="asphalt"/>
    <tag k="wikidata" v="Q1865538"/>
  </way>
  <way id="1408889641">
    <nd ref="12035159941"/>
    <nd ref="11771933399"/>
    <tag k="highway" v="residential"/>
    <tag k="lit" v="yes"/>
    <tag k="maxspeed" v="30"/>
    <tag k="name" v="Littenstraße"/>
    <tag k="old_name" v="Neue Friedrichstraße"/>
    <tag k="oneway" v="yes"/>
    <tag k="parking:both" v="no"/>
    <tag k="surface" v="asphalt"/>
  </way>
  <way id="1408889642">
    <nd ref="12035159941"/>
    <nd ref="12947304487"/>
    <tag k="check_date:cycleway" v="2024-12-31"/>
    <tag k="cycleway:both" v="no"/>
    <tag k="highway" v="residential"/>
    <tag k="lit" v="yes"/>
    <tag k="maxspeed" v="30"/>
    <tag k="name" v="Littenstraße"/>
    <tag k="name:etymology:wikidata" v="Q67005"/>
    <tag k="parking:right" v="no"/>
    <tag k="postal_code" v="10179"/>
    <tag k="sidewalk" v="both"/>
    <tag k="surface" v="asphalt"/>
    <tag k="wikidata" v="Q1865538"/>
  </way>
  <way id="1408889643">
    <nd ref="12947304488"/>
    <nd ref="12947304475"/>
    <nd ref="29219462"/>
    <tag k="check_date:cycleway" v="2024-12-31"/>
    <tag k="cycleway:both" v="no"/>
    <tag k="highway" v="residential"/>
    <tag k="lit" v="yes"/>
    <tag k="maxspeed" v="30"/>
    <tag k="name" v="Littenstraße"/>
    <tag k="name:etymology:wikidata" v="Q67005"/>
    <tag k="old_name" v="Neue Friedrichstraße"/>
    <tag k="parking:left" v="lane"/>
    <tag k="parking:left:fee" v="no"/>
    <tag k="parking:left:orientation" v="parallel"/>
    <tag k="parking:left:restriction" v="no_stopping"/>
    <tag k="parking:right" v="separate"/>
    <tag k="postal_code" v="10179"/>
    <tag k="sidewalk" v="both"/>
    <tag k="surface" v="asphalt"/>
    <tag k="wikidata" v="Q1865538"/>
  </way>
  <way id="1408889644">
    <nd ref="12947304489"/>
    <nd ref="12947304491"/>
    <nd ref="12947304488"/>
    <tag k="check_date:cycleway" v="2024-12-31"/>
    <tag k="cycleway:both" v="no"/>
    <tag k="highway" v="residential"/>
    <tag k="lit" v="yes"/>
    <tag k="maxspeed" v="30"/>
    <tag k="name" v="Littenstraße"/>
    <tag k="name:etymology:wikidata" v="Q67005"/>
    <tag k="old_name" v="Neue Friedrichstraße"/>
    <tag k="parking:left" v="no"/>
    <tag k="parking:right" v="lane"/>
    <tag k="parking:right:fee" v="yes"/>
    <tag k="parking:right:markings" v="yes"/>
    <tag k="parking:right:orientation" v="parallel"/>
    <tag k="parking:right:restriction" v="no_stopping"/>
    <tag k="postal_code" v="10179"/>
    <tag k="sidewalk" v="both"/>
    <tag k="surface" v="asphalt"/>
    <tag k="wikidata" v="Q1865538"/>
  </way>
  <way id="1408889645">
    <nd ref="12947304491"/>
    <nd ref="12947304490"/>
    <tag k="highway" v="service"/>
    <tag k="service" v="driveway"/>
  </way>
  <way id="1408889646">
    <nd ref="12947304493"/>
    <nd ref="12947304492"/>
    <tag k="highway" v="service"/>
    <tag k="service" v="driveway"/>
  </way>
  <way id="1408889647">
    <nd ref="12947304495"/>
    <nd ref="12947304494"/>
    <tag k="highway" v="service"/>
    <tag k="service" v="driveway"/>
  </way>
  <way id="1408889648">
    <nd ref="12947304497"/>
    <nd ref="12947304496"/>
    <tag k="highway" v="service"/>
    <tag k="service" v="driveway"/>
  </way>
  <way id="1408895947">
    <nd ref="539782280"/>
    <nd ref="12947341177"/>
    <tag k="check_date:cycleway" v="2024-12-31"/>
    <tag k="cycleway:both" v="no"/>
    <tag k="highway" v="residential"/>
    <tag k="lanes" v="1"/>
    <tag k="lit" v="yes"/>
    <tag k="maxspeed" v="30"/>
    <tag k="name" v="Dircksenstraße"/>
    <tag k="name:etymology:wikidata" v="Q100704"/>
    <tag k="oneway" v="no"/>
    <tag k="parking:both" v="lane"/>
    <tag k="parking:both:fee" v="yes"/>
    <tag k="parking:both:fee:conditional" v="no @ (Mo-Fr 00:00-09:00,22:00-24:00; Su)"/>
    <tag k="parking:both:orientation" v="parallel"/>
    <tag k="parking:both:zone" v="3"/>
    <tag k="postal_code" v="10178"/>
    <tag k="sidewalk" v="both"/>
    <tag k="smoothness" v="good"/>
    <tag k="source:width" v="ARCore"/>
    <tag k="surface" v="asphalt"/>
    <tag k="width" v="8.2"/>
    <tag k="wikidata" v="Q60560486"/>
    <tag k="wikimedia_commons" v="Category:Dircksenstraße (Berlin-Mitte)"/>
  </way>
  <way id="1408895950">
    <nd ref="12947341178"/>
    <nd ref="262487188"/>
    <nd ref="539782280"/>
    <tag k="check_date:cycleway" v="2024-12-31"/>
    <tag k="cycleway:both" v="no"/>
    <tag k="highway" v="residential"/>
    <tag k="lit" v="yes"/>
    <tag k="maxspeed" v="30"/>
    <tag k="name" v="Dircksenstraße"/>
    <tag k="name:etymology:wikidata" v="Q100704"/>
    <tag k="oneway" v="no"/>
    <tag k="parking:left" v="lane"/>
    <tag k="parking:left:fee" v="yes"/>
    <tag k="parking:left:fee:conditional" v="no @ (Mo-Sa 00:00-09:00,22:00-24:00; Su)"/>
    <tag k="parking:left:markings" v="no"/>
    <tag k="parking:left:orientation" v="parallel"/>
    <tag k="parking:left:zone" v="3"/>
    <tag k="parking:right" v="no"/>
    <tag k="parking:right:restriction" v="no_stopping"/>
    <tag k="postal_code" v="10178"/>
    <tag k="sidewalk" v="both"/>
    <tag k="sidewalk:both:surface" v="paving_stones"/>
    <tag k="smoothness" v="good"/>
    <tag k="source:width" v="ARCore"/>
    <tag k="surface" v="asphalt"/>
    <tag k="width" v="8.2"/>
    <tag k="wikidata" v="Q60560486"/>
  </way>
  <way id="1413370644">
    <nd ref="12988626854"/>
    <nd ref="11330435903"/>
    <nd ref="13755242871"/>
    <tag k="cycleway" v="link"/>
    <tag k="highway" v="cycleway"/>
    <tag k="is_sidepath" v="yes"/>
    <tag k="lit" v="yes"/>
    <tag k="oneway" v="yes"/>
    <tag k="smoothness" v="excellent"/>
    <tag k="surface" v="asphalt"/>
    <tag k="traffic_sign" v="DE:237"/>
  </way>
  <way id="1413370645">
    <nd ref="12988626856"/>
    <nd ref="11771933398"/>
    <nd ref="7578096967"/>
    <tag k="crossing" v="unmarked"/>
    <tag k="crossing:markings" v="no"/>
    <tag k="footway" v="crossing"/>
    <tag k="highway" v="footway"/>
    <tag k="lit" v="yes"/>
  </way>
  <way id="1413370646">
    <nd ref="12035159943"/>
    <nd ref="11861840398"/>
    <nd ref="12988626856"/>
    <tag k="footway" v="sidewalk"/>
    <tag k="highway" v="footway"/>
    <tag k="lit" v="yes"/>
    <tag k="surface" v="paving_stones"/>
  </way>
  <way id="1413370647">
    <nd ref="7578096967"/>
    <nd ref="3153662376"/>
    <tag k="footway" v="sidewalk"/>
    <tag k="highway" v="footway"/>
    <tag k="lit" v="yes"/>
    <tag k="surface" v="paving_stones"/>
  </way>
  <way id="1413370648">
    <nd ref="12988626855"/>
    <nd ref="11861840397"/>
    <nd ref="12035159943"/>
    <tag k="crossing" v="unmarked"/>
    <tag k="crossing:markings" v="no"/>
    <tag k="footway" v="crossing"/>
    <tag k="highway" v="footway"/>
    <tag k="lit" v="yes"/>
  </way>
  <way id="1425774288">
    <nd ref="13105519347"/>
    <nd ref="13105519349"/>
    <nd ref="13105519351"/>
    <nd ref="13105519354"/>
    <nd ref="13105519350"/>
    <nd ref="13105519346"/>
    <nd ref="13105519364"/>
    <nd ref="13105519360"/>
    <nd ref="13105519343"/>
    <nd ref="13105519367"/>
    <nd ref="13105519368"/>
    <nd ref="13105519344"/>
    <nd ref="13105519345"/>
    <nd ref="13105519348"/>
    <nd ref="13105519371"/>
    <nd ref="6448068511"/>
    <tag k="highway" v="pedestrian"/>
    <tag k="lit" v="yes"/>
    <tag k="noname" v="yes"/>
    <tag k="smoothness" v="good"/>
    <tag k="surface" v="paving_stones"/>
  </way>
  <way id="1425774289">
    <nd ref="13105519351"/>
    <nd ref="13105519352"/>
    <tag k="bicycle" v="yes"/>
    <tag k="highway" v="pedestrian"/>
    <tag k="lit" v="yes"/>
    <tag k="noname" v="yes"/>
    <tag k="smoothness" v="good"/>
    <tag k="surface" v="paving_stones"/>
  </way>
  <way id="1425774290">
    <nd ref="13105519356"/>
    <nd ref="13105519354"/>
    <tag k="highway" v="pedestrian"/>
    <tag k="lit" v="yes"/>
    <tag k="noname" v="yes"/>
    <tag k="smoothness" v="good"/>
    <tag k="surface" v="paving_stones"/>
  </way>
  <way id="1425774291">
    <nd ref="13105519357"/>
    <nd ref="13105519355"/>
    <nd ref="13105519356"/>
    <tag k="crossing" v="unmarked"/>
    <tag k="crossing:island" v="no"/>
    <tag k="crossing:markings" v="no"/>
    <tag k="footway" v="crossing"/>
    <tag k="highway" v="footway"/>
    <tag k="lit" v="yes"/>
    <tag k="smoothness" v="excellent"/>
    <tag k="surface" v="asphalt"/>
  </way>
  <way id="1425774292">
    <nd ref="13105503331"/>
    <nd ref="13105519353"/>
    <nd ref="13105519357"/>
    <tag k="highway" v="pedestrian"/>
    <tag k="lit" v="yes"/>
    <tag k="noname" v="yes"/>
    <tag k="smoothness" v="good"/>
    <tag k="surface" v="paving_stones"/>
  </way>
  <way id="1425774293">
    <nd ref="10041232980"/>
    <nd ref="12901401567"/>
    <tag k="highway" v="footway"/>
    <tag k="lit" v="yes"/>
    <tag k="surface" v="asphalt"/>
  </way>
  <way id="1425774294">
    <nd ref="8196659439"/>
    <nd ref="13105519365"/>
    <nd ref="13105519369"/>
    <tag k="highway" v="footway"/>
    <tag k="surface" v="paving_stones"/>
  </way>
  <way id="1425774295">
    <nd ref="8196659581"/>
    <nd ref="13105519366"/>
    <nd ref="13105519370"/>
    <nd ref="13105519369"/>
    <nd ref="13105519367"/>
    <tag k="highway" v="footway"/>
    <tag k="surface" v="paving_stones"/>
  </way>
  <way id="1425774296">
    <nd ref="8196659579"/>
    <nd ref="13105519370"/>
    <tag k="highway" v="footway"/>
    <tag k="surface" v="paving_stones"/>
  </way>
  <way id="1425774297">
    <nd ref="13105519371"/>
    <nd ref="13105519373"/>
    <nd ref="13105519372"/>
    <nd ref="8196659575"/>
    <tag k="highway" v="footway"/>
    <tag k="surface" v="paving_stones"/>
  </way>
  <way id="1425774298">
    <nd ref="8196659577"/>
    <nd ref="13105519373"/>
    <tag k="highway" v="footway"/>
    <tag k="surface" v="paving_stones"/>
  </way>
  <way id="1425817401">
    <nd ref="4763685850"/>
    <nd ref="13105940474"/>
    <nd ref="13105940440"/>
    <tag k="highway" v="cycleway"/>
    <tag k="is_sidepath" v="yes"/>
    <tag k="lit" v="yes"/>
    <tag k="oneway" v="no"/>
    <tag k="smoothness" v="excellent"/>
    <tag k="source:width" v="Luftbild 2025"/>
    <tag k="surface" v="asphalt"/>
    <tag k="traffic_sign" v="none"/>
    <tag k="width" v="2.6"/>
  </way>
  <way id="1425817402">
    <nd ref="13105940440"/>
    <nd ref="13105940441"/>
    <tag k="cycleway" v="link"/>
    <tag k="highway" v="cycleway"/>
    <tag k="oneway" v="no"/>
    <tag k="source:width" v="Luftbild 2025"/>
    <tag k="surface" v="paving_stones"/>
    <tag k="traffic_sign" v="none"/>
    <tag k="width" v="2.6"/>
  </way>
  <way id="1425817404">
    <nd ref="6719007111"/>
    <nd ref="13105940449"/>
    <tag k="highway" v="living_street"/>
    <tag k="lit" v="yes"/>
    <tag k="name" v="Dircksenstraße"/>
    <tag k="name:etymology:wikidata" v="Q100704"/>
    <tag k="parking:both" v="no"/>
    <tag k="postal_code" v="10179"/>
    <tag k="sidewalk" v="both"/>
    <tag k="sidewalk:both:surface" v="paving_stones"/>
    <tag k="smoothness" v="intermediate"/>
    <tag k="source:width" v="ARCore"/>
    <tag k="surface" v="paving_stones"/>
    <tag k="width" v="10"/>
    <tag k="wikidata" v="Q60560486"/>
    <tag k="wikimedia_commons" v="Category:Dircksenstraße (Berlin-Mitte)"/>
  </way>
  <way id="1425817405">
    <nd ref="2777153586"/>
    <nd ref="3527866831"/>
    <tag k="highway" v="footway"/>
    <tag k="lit" v="yes"/>
    <tag k="smoothness" v="good"/>
    <tag k="surface" v="paving_stones"/>
  </way>
  <way id="1425817406">
    <nd ref="13105940460"/>
    <nd ref="13105940461"/>
    <nd ref="13105940472"/>
    <nd ref="13105940459"/>
    <nd ref="13105940471"/>
    <tag k="highway" v="footway"/>
    <tag k="lit" v="yes"/>
    <tag k="smoothness" v="intermediate"/>
    <tag k="surface" v="sett"/>
  </way>
  <way id="1425817407">
    <nd ref="13105940459"/>
    <nd ref="4763685869"/>
    <tag k="highway" v="footway"/>
    <tag k="lit" v="yes"/>
    <tag k="smoothness" v="good"/>
    <tag k="surface" v="paving_stones"/>
  </way>
  <way id="1425817408">
    <nd ref="4763685863"/>
    <nd ref="13105940461"/>
    <tag k="highway" v="footway"/>
    <tag k="lit" v="yes"/>
    <tag k="smoothness" v="good"/>
    <tag k="surface" v="paving_stones"/>
  </way>
  <way id="1426051869">
    <nd ref="11357387512"/>
    <nd ref="4763685854"/>
    <tag k="highway" v="pedestrian"/>
    <tag k="lit" v="yes"/>
    <tag k="noname" v="yes"/>
    <tag k="smoothness" v="excellent"/>
    <tag k="surface" v="paving_stones"/>
  </way>
  <way id="1426051870">
    <nd ref="2777249239"/>
    <nd ref="4223494577"/>
    <tag k="check_date" v="2026-04-18"/>
    <tag k="construction" v="footway"/>
    <tag k="footway" v="link"/>
    <tag k="highway" v="construction"/>
    <tag k="lit" v="yes"/>
    <tag k="surface" v="concrete"/>
  </way>
  <way id="1426051871">
    <nd ref="13108873685"/>
    <nd ref="3527851373"/>
    <nd ref="12610371395"/>
    <nd ref="3527851367"/>
    <nd ref="13105940470"/>
    <nd ref="13108873684"/>
    <nd ref="3527851387"/>
    <tag k="check_date" v="2026-01-14"/>
    <tag k="construction" v="pedestrian"/>
    <tag k="highway" v="construction"/>
    <tag k="lit" v="yes"/>
    <tag k="noname" v="yes"/>
    <tag k="surface" v="paving_stones"/>
  </way>
  <way id="1426335352">
    <nd ref="3192342855"/>
    <nd ref="9583740872"/>
    <tag k="highway" v="service"/>
    <tag k="oneway" v="yes"/>
    <tag k="smoothness" v="excellent"/>
    <tag k="surface" v="asphalt"/>
  </way>
  <way id="1426335353">
    <nd ref="9700774885"/>
    <nd ref="13111730050"/>
    <tag k="cycleway" v="link"/>
    <tag k="highway" v="cycleway"/>
    <tag k="smoothness" v="excellent"/>
    <tag k="surface" v="asphalt"/>
  </way>
  <way id="1430528924">
    <nd ref="13149288214"/>
    <nd ref="13149288216"/>
    <nd ref="13149288215"/>
    <tag k="highway" v="service"/>
    <tag k="service" v="driveway"/>
    <tag k="surface" v="sett"/>
  </way>
  <way id="1451603367">
    <nd ref="21487209"/>
    <nd ref="4566145593"/>
    <tag k="cycleway:left" v="no"/>
    <tag k="cycleway:right" v="lane"/>
    <tag k="cycleway:right:buffer:both" v="no"/>
    <tag k="cycleway:right:lane" v="advisory"/>
    <tag k="cycleway:right:marking:both" v="dashed_line"/>
    <tag k="cycleway:right:oneway" v="yes"/>
    <tag k="cycleway:right:surface" v="asphalt"/>
    <tag k="cycleway:right:surface:colour" v="none"/>
    <tag k="cycleway:right:traffic_sign" v="none"/>
    <tag k="cycleway:right:width" v="1.5"/>
    <tag k="dual_carriageway" v="yes"/>
    <tag k="foot" v="use_sidepath"/>
    <tag k="highway" v="secondary"/>
    <tag k="lanes" v="2"/>
    <tag k="lit" v="yes"/>
    <tag k="maxspeed" v="50"/>
    <tag k="name" v="Spandauer Straße"/>
    <tag k="name:etymology:wikidata" v="Q158083"/>
    <tag k="note" v="Übergeordnete Straße, Stufe I"/>
    <tag k="oneway" v="yes"/>
    <tag k="parking:both" v="no"/>
    <tag k="parking:both:reason" v="junction"/>
    <tag k="postal_code" v="10178"/>
    <tag k="sidewalk:left" v="no"/>
    <tag k="sidewalk:right" v="separate"/>
    <tag k="smoothness" v="good"/>
    <tag k="source:cycleway:right:width" v="Luftbild 2025"/>
    <tag k="surface" v="asphalt"/>
    <tag k="wikidata" v="Q2306673"/>
    <tag k="wikipedia" v="de:Spandauer Straße"/>
  </way>
  <way id="1454002513">
    <nd ref="863119413"/>
    <nd ref="13334677278"/>
    <tag k="bicycle" v="yes"/>
    <tag k="highway" v="residential"/>
    <tag k="lit" v="yes"/>
    <tag k="maxspeed" v="20"/>
    <tag k="name" v="Gontardstraße"/>
    <tag k="name:etymology:wikidata" v="Q68768"/>
    <tag k="name:ja" v="ゴンタルド通り"/>
    <tag k="parking:both" v="no"/>
    <tag k="sidewalk:both" v="separate"/>
    <tag k="smoothness" v="excellent"/>
    <tag k="source:width" v="ARCore"/>
    <tag k="surface" v="asphalt"/>
    <tag k="traffic_sign" v="DE:250,1020-30,1022-10"/>
    <tag k="vehicle" v="destination"/>
    <tag k="width" v="7.1"/>
    <tag k="wikidata" v="Q65550766"/>
    <tag k="wikimedia_commons" v="Category:Gontardstraße (Berlin-Mitte)"/>
    <tag k="zone:maxspeed" v="DE:20"/>
  </way>
  <way id="1454002514">
    <nd ref="13334677278"/>
    <nd ref="13334677285"/>
    <nd ref="13334677272"/>
    <nd ref="13348171567"/>
    <nd ref="13334677279"/>
    <tag k="bicycle" v="yes"/>
    <tag k="highway" v="pedestrian"/>
    <tag k="lit" v="yes"/>
    <tag k="name" v="Gontardstraße"/>
    <tag k="name:etymology:wikidata" v="Q68768"/>
    <tag k="name:ja" v="ゴンタルド通り"/>
    <tag k="parking:both" v="no"/>
    <tag k="postal_code" v="10178"/>
    <tag k="smoothness" v="excellent"/>
    <tag k="surface" v="asphalt"/>
    <tag k="wikidata" v="Q65550766"/>
    <tag k="wikimedia_commons" v="Category:Gontardstraße (Berlin-Mitte)"/>
  </way>
  <way id="1454002515">
    <nd ref="13334677279"/>
    <nd ref="13334677271"/>
    <nd ref="1860777044"/>
    <nd ref="3095536723"/>
    <tag k="bicycle" v="yes"/>
    <tag k="highway" v="pedestrian"/>
    <tag k="lit" v="yes"/>
    <tag k="name" v="Gontardstraße"/>
    <tag k="name:etymology:wikidata" v="Q68768"/>
    <tag k="name:ja" v="ゴンタルド通り"/>
    <tag k="parking:both" v="no"/>
    <tag k="postal_code" v="10178"/>
    <tag k="smoothness" v="good"/>
    <tag k="surface" v="paving_stones"/>
    <tag k="vehicle" v="destination"/>
    <tag k="wikidata" v="Q65550766"/>
    <tag k="wikimedia_commons" v="Category:Gontardstraße (Berlin-Mitte)"/>
  </way>
  <way id="1454002516">
    <nd ref="13334677280"/>
    <nd ref="13907381361"/>
    <nd ref="13334677281"/>
    <nd ref="13907381359"/>
    <nd ref="13907381363"/>
    <nd ref="13334677269"/>
    <tag k="bicycle" v="yes"/>
    <tag k="highway" v="residential"/>
    <tag k="lit" v="yes"/>
    <tag k="maxspeed" v="20"/>
    <tag k="name" v="Gontardstraße"/>
    <tag k="name:etymology:wikidata" v="Q68768"/>
    <tag k="name:ja" v="ゴンタルド通り"/>
    <tag k="oneway" v="yes"/>
    <tag k="parking:both" v="no"/>
    <tag k="sidewalk:left" v="separate"/>
    <tag k="sidewalk:right" v="yes"/>
    <tag k="sidewalk:right:surface" v="paving_stones"/>
    <tag k="smoothness" v="excellent"/>
    <tag k="source:width" v="Luftbild 2025"/>
    <tag k="surface" v="asphalt"/>
    <tag k="traffic_sign" v="DE:250,1020-30,1022-10"/>
    <tag k="vehicle" v="destination"/>
    <tag k="width" v="6.5"/>
    <tag k="wikidata" v="Q65550766"/>
    <tag k="wikimedia_commons" v="Category:Gontardstraße (Berlin-Mitte)"/>
    <tag k="zone:maxspeed" v="DE:20"/>
  </way>
  <way id="1454002517">
    <nd ref="13334677269"/>
    <nd ref="13334677268"/>
    <nd ref="6447810050"/>
    <nd ref="13907381362"/>
    <nd ref="13907381360"/>
    <tag k="bicycle" v="yes"/>
    <tag k="highway" v="residential"/>
    <tag k="lit" v="yes"/>
    <tag k="maxspeed" v="20"/>
    <tag k="name" v="Gontardstraße"/>
    <tag k="name:etymology:wikidata" v="Q68768"/>
    <tag k="name:ja" v="ゴンタルド通り"/>
    <tag k="oneway" v="yes"/>
    <tag k="parking:both" v="no"/>
    <tag k="sidewalk:left" v="yes"/>
    <tag k="sidewalk:left:surface" v="paving_stones"/>
    <tag k="sidewalk:right" v="separate"/>
    <tag k="smoothness" v="excellent"/>
    <tag k="source:width" v="Luftbild 2025"/>
    <tag k="surface" v="asphalt"/>
    <tag k="traffic_sign" v="DE:250,1020-30,1022-10"/>
    <tag k="vehicle" v="destination"/>
    <tag k="width" v="4.4"/>
    <tag k="wikidata" v="Q65550766"/>
    <tag k="wikimedia_commons" v="Category:Gontardstraße (Berlin-Mitte)"/>
    <tag k="zone:maxspeed" v="DE:20"/>
  </way>
  <way id="1454002518">
    <nd ref="13334677283"/>
    <nd ref="2777303217"/>
    <nd ref="2776837313"/>
    <tag k="highway" v="footway"/>
    <tag k="lit" v="yes"/>
    <tag k="smoothness" v="excellent"/>
    <tag k="surface" v="paving_stones"/>
  </way>
  <way id="1454002519">
    <nd ref="13334677282"/>
    <nd ref="13334677284"/>
    <tag k="highway" v="footway"/>
    <tag k="lit" v="yes"/>
    <tag k="smoothness" v="excellent"/>
    <tag k="surface" v="paving_stones"/>
  </way>
  <way id="1454004250">
    <nd ref="13334720370"/>
    <nd ref="13334720372"/>
    <nd ref="13334720379"/>
    <nd ref="13334720378"/>
    <nd ref="13334720371"/>
    <tag k="highway" v="footway"/>
    <tag k="lit" v="yes"/>
    <tag k="smoothness" v="good"/>
    <tag k="surface" v="paving_stones"/>
  </way>
  <way id="1454004251">
    <nd ref="1803917769"/>
    <nd ref="13334720372"/>
    <tag k="highway" v="footway"/>
    <tag k="lit" v="yes"/>
    <tag k="smoothness" v="good"/>
    <tag k="surface" v="paving_stones"/>
  </way>
  <way id="1454004252">
    <nd ref="13334720370"/>
    <nd ref="13334720375"/>
    <nd ref="13334720374"/>
    <nd ref="13334720373"/>
    <tag k="crossing" v="unmarked"/>
    <tag k="crossing:markings" v="no"/>
    <tag k="footway" v="crossing"/>
    <tag k="highway" v="footway"/>
    <tag k="lit" v="yes"/>
    <tag k="smoothness" v="excellent"/>
    <tag k="surface" v="asphalt"/>
  </way>
  <way id="1454004253">
    <nd ref="13334720373"/>
    <nd ref="13334720376"/>
    <tag k="highway" v="footway"/>
    <tag k="lit" v="yes"/>
    <tag k="smoothness" v="good"/>
    <tag k="surface" v="paving_stones"/>
  </way>
  <way id="1455477960">
    <nd ref="2776837268"/>
    <nd ref="2776837266"/>
    <tag k="highway" v="corridor"/>
    <tag k="indoor" v="yes"/>
    <tag k="level" v="1"/>
    <tag k="lit" v="yes"/>
    <tag k="surface" v="paving_stones"/>
  </way>
  <way id="1455477961">
    <nd ref="2776837353"/>
    <nd ref="2776837346"/>
    <tag k="highway" v="corridor"/>
    <tag k="indoor" v="yes"/>
    <tag k="level" v="1"/>
    <tag k="lit" v="yes"/>
    <tag k="surface" v="paving_stones"/>
  </way>
  <way id="1455477962">
    <nd ref="2776837300"/>
    <nd ref="2776837296"/>
    <tag k="highway" v="corridor"/>
    <tag k="indoor" v="yes"/>
    <tag k="level" v="1"/>
    <tag k="lit" v="yes"/>
    <tag k="surface" v="paving_stones"/>
  </way>
  <way id="1455477963">
    <nd ref="3733305311"/>
    <nd ref="3527851593"/>
    <tag k="highway" v="footway"/>
    <tag k="level" v="0"/>
    <tag k="lit" v="yes"/>
    <tag k="smoothness" v="good"/>
    <tag k="surface" v="paving_stones"/>
  </way>
  <way id="1455477964">
    <nd ref="2776837392"/>
    <nd ref="2776837388"/>
    <nd ref="2776837390"/>
    <tag k="highway" v="corridor"/>
    <tag k="indoor" v="yes"/>
    <tag k="level" v="1"/>
    <tag k="lit" v="yes"/>
    <tag k="surface" v="paving_stones"/>
  </way>
  <way id="1455477965">
    <nd ref="2776837369"/>
    <nd ref="2776837364"/>
    <nd ref="2776837363"/>
    <tag k="highway" v="corridor"/>
    <tag k="indoor" v="yes"/>
    <tag k="level" v="1"/>
    <tag k="surface" v="paving_stones"/>
  </way>
  <way id="1455477966">
    <nd ref="2776837316"/>
    <nd ref="2776837314"/>
    <nd ref="2776837310"/>
    <tag k="highway" v="corridor"/>
    <tag k="indoor" v="yes"/>
    <tag k="level" v="1"/>
    <tag k="lit" v="yes"/>
    <tag k="surface" v="paving_stones"/>
  </way>
  <way id="1455477967">
    <nd ref="2776837337"/>
    <nd ref="2776837333"/>
    <nd ref="2776837331"/>
    <tag k="highway" v="corridor"/>
    <tag k="indoor" v="yes"/>
    <tag k="level" v="1"/>
    <tag k="lit" v="yes"/>
    <tag k="surface" v="paving_stones"/>
  </way>
  <way id="1455477968">
    <nd ref="2776837240"/>
    <nd ref="2776837261"/>
    <nd ref="3733305310"/>
    <tag k="highway" v="corridor"/>
    <tag k="indoor" v="yes"/>
    <tag k="level" v="0"/>
    <tag k="lit" v="24/7"/>
  </way>
  <way id="1455503886">
    <nd ref="888375474"/>
    <nd ref="13348171564"/>
    <tag k="highway" v="corridor"/>
    <tag k="indoor" v="yes"/>
    <tag k="level" v="0"/>
    <tag k="wheelchair" v="yes"/>
  </way>
  <way id="1464358746">
    <nd ref="2953926275"/>
    <nd ref="3179627077"/>
    <nd ref="29219452"/>
    <tag k="check_date:cycleway" v="2024-12-31"/>
    <tag k="cycleway:both" v="no"/>
    <tag k="highway" v="residential"/>
    <tag k="lanes" v="1"/>
    <tag k="lit" v="yes"/>
    <tag k="maxspeed" v="30"/>
    <tag k="name" v="Dircksenstraße"/>
    <tag k="name:etymology:wikidata" v="Q100704"/>
    <tag k="oneway" v="no"/>
    <tag k="parking:both" v="no"/>
    <tag k="postal_code" v="10178"/>
    <tag k="sidewalk" v="both"/>
    <tag k="sidewalk:both:surface" v="paving_stones"/>
    <tag k="smoothness" v="good"/>
    <tag k="source:width" v="ARCore"/>
    <tag k="surface" v="asphalt"/>
    <tag k="width" v="8.2"/>
    <tag k="wikidata" v="Q60560486"/>
    <tag k="wikimedia_commons" v="Category:Dircksenstraße (Berlin-Mitte)"/>
  </way>
  <way id="1464358752">
    <nd ref="12947341177"/>
    <nd ref="12947341176"/>
    <tag k="check_date:cycleway" v="2024-12-31"/>
    <tag k="cycleway:both" v="no"/>
    <tag k="highway" v="residential"/>
    <tag k="lanes" v="1"/>
    <tag k="lit" v="yes"/>
    <tag k="maxspeed" v="30"/>
    <tag k="name" v="Dircksenstraße"/>
    <tag k="name:etymology:wikidata" v="Q100704"/>
    <tag k="oneway" v="no"/>
    <tag k="parking:left" v="no"/>
    <tag k="parking:left:restriction" v="no_stopping"/>
    <tag k="parking:right" v="lane"/>
    <tag k="parking:right:fee" v="yes"/>
    <tag k="parking:right:fee:conditional" v="no @ (Mo-Sa 00:00-09:00,22:00-24:00; Su)"/>
    <tag k="parking:right:markings" v="no"/>
    <tag k="parking:right:orientation" v="parallel"/>
    <tag k="parking:right:zone" v="3"/>
    <tag k="postal_code" v="10178"/>
    <tag k="sidewalk" v="both"/>
    <tag k="smoothness" v="good"/>
    <tag k="source:width" v="ARCore"/>
    <tag k="surface" v="asphalt"/>
    <tag k="width" v="8.2"/>
    <tag k="wikidata" v="Q60560486"/>
    <tag k="wikimedia_commons" v="Category:Dircksenstraße (Berlin-Mitte)"/>
  </way>
  <way id="1464358756">
    <nd ref="13432515128"/>
    <nd ref="322093163"/>
    <nd ref="11746879166"/>
    <nd ref="10969815205"/>
    <tag k="footway" v="sidewalk"/>
    <tag k="highway" v="footway"/>
    <tag k="is_sidepath" v="yes"/>
    <tag k="is_sidepath:of" v="secondary"/>
    <tag k="lit" v="yes"/>
    <tag k="smoothness" v="good"/>
    <tag k="surface" v="paving_stones"/>
    <tag k="wheelchair" v="yes"/>
  </way>
  <way id="1465204583">
    <nd ref="13438704372"/>
    <nd ref="13438704373"/>
    <tag k="bicycle" v="yes"/>
    <tag k="highway" v="pedestrian"/>
    <tag k="lit" v="yes"/>
    <tag k="noname" v="yes"/>
    <tag k="smoothness" v="excellent"/>
    <tag k="surface" v="paving_stones"/>
    <tag k="traffic_sign" v="DE:250,1022-10"/>
    <tag k="vehicle" v="no"/>
  </way>
  <way id="1465204584">
    <nd ref="13438704373"/>
    <nd ref="13438704374"/>
    <tag k="handrail" v="no"/>
    <tag k="highway" v="steps"/>
    <tag k="incline" v="up"/>
    <tag k="lit" v="yes"/>
    <tag k="ramp" v="yes"/>
    <tag k="ramp:wheelchair" v="yes"/>
    <tag k="step_count" v="2"/>
    <tag k="surface" v="paving_stones"/>
    <tag k="tactile_paving" v="no"/>
  </way>
  <way id="1465204585">
    <nd ref="13438704374"/>
    <nd ref="2348038038"/>
    <tag k="highway" v="footway"/>
    <tag k="lit" v="yes"/>
    <tag k="smoothness" v="good"/>
    <tag k="surface" v="paving_stones"/>
  </way>
  <way id="1467338665">
    <nd ref="10567768935"/>
    <nd ref="10567768933"/>
    <tag k="check_date:surface" v="2021-11-12"/>
    <tag k="footway" v="sidewalk"/>
    <tag k="highway" v="footway"/>
    <tag k="lit" v="yes"/>
    <tag k="postal_code" v="10179"/>
    <tag k="smoothness" v="good"/>
    <tag k="surface" v="paving_stones"/>
  </way>
  <way id="1467338667">
    <nd ref="10567768903"/>
    <nd ref="11861840384"/>
    <nd ref="10567768927"/>
    <tag k="footway" v="sidewalk"/>
    <tag k="highway" v="footway"/>
    <tag k="lit" v="yes"/>
    <tag k="smoothness" v="good"/>
    <tag k="surface" v="paving_stones"/>
  </way>
  <way id="1467338668">
    <nd ref="10567768984"/>
    <nd ref="10314479349"/>
    <nd ref="10314479348"/>
    <nd ref="10567768960"/>
    <nd ref="10314479347"/>
    <nd ref="10314479346"/>
    <nd ref="10567768876"/>
    <nd ref="11394762160"/>
    <nd ref="11394762161"/>
    <nd ref="10567768864"/>
    <nd ref="12138231766"/>
    <nd ref="1876468344"/>
    <tag k="bicycle" v="designated"/>
    <tag k="highway" v="cycleway"/>
    <tag k="is_sidepath" v="yes"/>
    <tag k="lit" v="yes"/>
    <tag k="oneway" v="yes"/>
    <tag k="smoothness" v="excellent"/>
    <tag k="source:width" v="Luftbild 2025"/>
    <tag k="surface" v="asphalt"/>
    <tag k="traffic_sign" v="DE:237"/>
    <tag k="width" v="2"/>
  </way>
  <way id="1467338669">
    <nd ref="11394748901"/>
    <nd ref="10567768906"/>
    <nd ref="10314479343"/>
    <nd ref="10567768934"/>
    <nd ref="10567768984"/>
    <tag k="bicycle" v="designated"/>
    <tag k="button_operated" v="no"/>
    <tag k="crossing" v="traffic_signals"/>
    <tag k="crossing:island" v="no"/>
    <tag k="crossing:markings" v="dashes"/>
    <tag k="cycleway" v="crossing"/>
    <tag k="highway" v="cycleway"/>
    <tag k="is_sidepath" v="yes"/>
    <tag k="lit" v="yes"/>
    <tag k="oneway" v="yes"/>
    <tag k="smoothness" v="excellent"/>
    <tag k="source:width" v="Luftbild 2025"/>
    <tag k="surface" v="asphalt"/>
    <tag k="traffic_sign" v="DE:237"/>
    <tag k="width" v="2"/>
  </way>
  <way id="1469753991">
    <nd ref="13478797557"/>
    <nd ref="13478797558"/>
    <tag k="highway" v="service"/>
    <tag k="service" v="driveway"/>
    <tag k="surface" v="sett"/>
  </way>
  <way id="1470062358">
    <nd ref="13482060319"/>
    <nd ref="13482060320"/>
    <tag k="handrail" v="yes"/>
    <tag k="highway" v="steps"/>
    <tag k="incline" v="down"/>
    <tag k="ramp" v="no"/>
    <tag k="surface" v="metal"/>
    <tag k="tactile_paving" v="no"/>
  </way>
  <way id="1470062360">
    <nd ref="13482060320"/>
    <nd ref="13482060321"/>
    <nd ref="13482060322"/>
    <tag k="highway" v="footway"/>
    <tag k="lit" v="yes"/>
    <tag k="smoothness" v="good"/>
    <tag k="surface" v="paving_stones"/>
  </way>
  <way id="1470062361">
    <nd ref="13482060324"/>
    <nd ref="13482060325"/>
    <tag k="handrail" v="yes"/>
    <tag k="highway" v="steps"/>
    <tag k="incline" v="down"/>
    <tag k="ramp" v="no"/>
    <tag k="surface" v="metal"/>
    <tag k="tactile_paving" v="no"/>
  </way>
  <way id="1470062362">
    <nd ref="13482060323"/>
    <nd ref="13482060324"/>
    <tag k="highway" v="footway"/>
    <tag k="surface" v="metal"/>
  </way>
  <way id="1470062363">
    <nd ref="13482060325"/>
    <nd ref="13482060326"/>
    <nd ref="13482060327"/>
    <tag k="highway" v="footway"/>
    <tag k="lit" v="yes"/>
    <tag k="smoothness" v="good"/>
    <tag k="surface" v="paving_stones"/>
  </way>
  <way id="1470062364">
    <nd ref="13482060329"/>
    <nd ref="13482060330"/>
    <nd ref="9000393191"/>
    <tag k="highway" v="footway"/>
    <tag k="lit" v="yes"/>
    <tag k="smoothness" v="good"/>
    <tag k="surface" v="paving_stones"/>
  </way>
  <way id="1475283941">
    <nd ref="2955252894"/>
    <nd ref="2548947450"/>
    <tag k="cycleway:both" v="no"/>
    <tag k="highway" v="residential"/>
    <tag k="lit" v="yes"/>
    <tag k="maxspeed" v="30"/>
    <tag k="name" v="Klosterstraße"/>
    <tag k="name:etymology:wikidata" v="Q1543798"/>
    <tag k="parking:both" v="no"/>
    <tag k="sidewalk:both" v="separate"/>
    <tag k="smoothness" v="excellent"/>
    <tag k="surface" v="asphalt"/>
    <tag k="wikidata" v="Q1776497"/>
    <tag k="wikipedia" v="de:Klosterstraße (Berlin-Mitte)"/>
  </way>
  <way id="1475419337">
    <nd ref="6447810041"/>
    <nd ref="13535524835"/>
    <tag k="handrail" v="yes"/>
    <tag k="highway" v="steps"/>
    <tag k="incline" v="down"/>
    <tag k="lit" v="no"/>
    <tag k="noname" v="yes"/>
    <tag k="step_count" v="4"/>
    <tag k="tactile_paving" v="no"/>
  </way>
  <way id="1475419674">
    <nd ref="13535460300"/>
    <nd ref="6446104360"/>
    <nd ref="13535529704"/>
    <nd ref="3182529369"/>
    <nd ref="10196188910"/>
    <nd ref="10814123056"/>
    <nd ref="2298016645"/>
    <tag k="bicycle" v="yes"/>
    <tag k="highway" v="pedestrian"/>
    <tag k="lit" v="yes"/>
    <tag k="noname" v="yes"/>
    <tag k="smoothness" v="good"/>
    <tag k="surface" v="paving_stones"/>
  </way>
  <way id="1475419675">
    <nd ref="13535460299"/>
    <nd ref="13535460300"/>
    <tag k="highway" v="steps"/>
    <tag k="incline" v="down"/>
    <tag k="lit" v="yes"/>
    <tag k="noname" v="yes"/>
    <tag k="ramp:wheelchair" v="separate"/>
    <tag k="smoothness" v="good"/>
    <tag k="step_count" v="5"/>
    <tag k="surface" v="paving_stones"/>
  </way>
  <way id="1475419676">
    <nd ref="13535529702"/>
    <nd ref="13535529703"/>
    <tag k="bicycle" v="yes"/>
    <tag k="highway" v="footway"/>
    <tag k="incline" v="down"/>
  </way>
  <way id="1475419677">
    <nd ref="13535529701"/>
    <nd ref="13535529702"/>
    <tag k="bicycle" v="yes"/>
    <tag k="highway" v="footway"/>
  </way>
  <way id="1475419678">
    <nd ref="13535529703"/>
    <nd ref="13535529704"/>
    <tag k="bicycle" v="yes"/>
    <tag k="highway" v="footway"/>
  </way>
  <way id="1475421271">
    <nd ref="13535535074"/>
    <nd ref="10567769017"/>
    <nd ref="11861840402"/>
    <tag k="crossing" v="traffic_signals"/>
    <tag k="crossing:island" v="yes"/>
    <tag k="footway" v="crossing"/>
    <tag k="highway" v="footway"/>
    <tag k="lit" v="yes"/>
    <tag k="smoothness" v="excellent"/>
    <tag k="surface" v="asphalt"/>
  </way>
  <way id="1475421272">
    <nd ref="13535535073"/>
    <nd ref="13535535074"/>
    <tag k="crossing:island" v="yes"/>
    <tag k="footway" v="traffic_island"/>
    <tag k="highway" v="footway"/>
    <tag k="lit" v="yes"/>
    <tag k="smoothness" v="excellent"/>
    <tag k="surface" v="asphalt"/>
  </way>
  <way id="1475421273">
    <nd ref="10567769018"/>
    <nd ref="10567769014"/>
    <nd ref="10567768988"/>
    <tag k="crossing:island" v="yes"/>
    <tag k="highway" v="footway"/>
    <tag k="lit" v="yes"/>
    <tag k="smoothness" v="excellent"/>
  </way>
  <way id="1475421274">
    <nd ref="11861840402"/>
    <nd ref="11861840400"/>
    <nd ref="11861840401"/>
    <nd ref="3192342856"/>
    <tag k="check_date" v="2023-01-16"/>
    <tag k="footway" v="sidewalk"/>
    <tag k="highway" v="footway"/>
    <tag k="lit" v="yes"/>
    <tag k="note" v="Baustellendurchquerung für Fußgänger, Radfahren evtl. möglich"/>
    <tag k="surface" v="asphalt"/>
  </way>
  <way id="1475421275">
    <nd ref="13535535075"/>
    <nd ref="3153662374"/>
    <nd ref="3179600537"/>
    <tag k="crossing" v="unmarked"/>
    <tag k="crossing:island" v="no"/>
    <tag k="crossing:markings" v="no"/>
    <tag k="footway" v="crossing"/>
    <tag k="highway" v="footway"/>
    <tag k="lit" v="yes"/>
    <tag k="postal_code" v="10179"/>
    <tag k="smoothness" v="excellent"/>
    <tag k="surface" v="asphalt"/>
  </way>
  <way id="1475422022">
    <nd ref="8196659583"/>
    <nd ref="13535541639"/>
    <nd ref="13535541640"/>
    <tag k="highway" v="footway"/>
    <tag k="surface" v="paving_stones"/>
  </way>
  <way id="1475422023">
    <nd ref="8196659440"/>
    <nd ref="13535541641"/>
    <tag k="highway" v="footway"/>
    <tag k="surface" v="sett"/>
  </way>
  <way id="1476466612">
    <nd ref="13638032666"/>
    <nd ref="12921135380"/>
    <nd ref="13638380206"/>
    <tag k="cycleway:both" v="no"/>
    <tag k="foot" v="use_sidepath"/>
    <tag k="highway" v="residential"/>
    <tag k="lit" v="yes"/>
    <tag k="maxspeed" v="30"/>
    <tag k="name" v="Jüdenstraße"/>
    <tag k="name:etymology:wikidata" v="Q1419649"/>
    <tag k="parking:left" v="lane"/>
    <tag k="parking:left:fee" v="yes"/>
    <tag k="parking:left:fee:conditional" v="no @ (Mo-Sa 00:00-09:00,22:00-24:00; Su)"/>
    <tag k="parking:left:orientation" v="parallel"/>
    <tag k="parking:left:zone" v="3"/>
    <tag k="parking:right" v="separate"/>
    <tag k="postal_code" v="10178"/>
    <tag k="sidewalk:both" v="separate"/>
    <tag k="smoothness" v="good"/>
    <tag k="surface" v="asphalt"/>
    <tag k="width" v="11.3"/>
    <tag k="wikipedia" v="de:Jüdenstraße (Berlin-Mitte)"/>
  </way>
  <way id="1479222726">
    <nd ref="887157684"/>
    <nd ref="13569524669"/>
    <tag k="cycleway:left" v="no"/>
    <tag k="cycleway:right" v="share_busway"/>
    <tag k="cycleway:right:oneway" v="yes"/>
    <tag k="cycleway:right:surface" v="asphalt"/>
    <tag k="cycleway:right:surface:colour" v="none"/>
    <tag k="cycleway:right:width" v="4"/>
    <tag k="foot" v="use_sidepath"/>
    <tag k="highway" v="primary"/>
    <tag k="lanes" v="3"/>
    <tag k="lit" v="yes"/>
    <tag k="maxspeed" v="50"/>
    <tag k="name" v="Karl-Liebknecht-Straße"/>
    <tag k="name:etymology:wikidata" v="Q75886"/>
    <tag k="oneway" v="yes"/>
    <tag k="parking:left" v="no"/>
    <tag k="parking:left:reason" v="dual_carriage"/>
    <tag k="parking:right" v="lane"/>
    <tag k="parking:right:fee" v="no"/>
    <tag k="parking:right:orientation" v="parallel"/>
    <tag k="parking:right:restriction" v="no_stopping"/>
    <tag k="parking:right:restriction:conditional" v="loading_only @ (Mo-Sa 09:00-14:00)"/>
    <tag k="ref" v="B 2;B 5"/>
    <tag k="sidewalk:left" v="no"/>
    <tag k="sidewalk:right" v="separate"/>
    <tag k="smoothness" v="good"/>
    <tag k="source:cycleway:right:width" v="infra3D 2021/22"/>
    <tag k="surface" v="asphalt"/>
    <tag k="wikidata" v="Q551773"/>
    <tag k="wikimedia_commons" v="Category:Karl-Liebknecht-Straße (Berlin-Mitte)"/>
    <tag k="wikipedia" v="en:Karl-Liebknecht-Straße"/>
    <tag k="zone:traffic" v="DE:urban"/>
  </way>
  <way id="1479735996">
    <nd ref="13573272437"/>
    <nd ref="13573272436"/>
    <tag k="cycleway:left" v="no"/>
    <tag k="cycleway:right" v="lane"/>
    <tag k="cycleway:right:buffer:both" v="no"/>
    <tag k="cycleway:right:lane" v="exclusive"/>
    <tag k="cycleway:right:marking:both" v="solid_line"/>
    <tag k="cycleway:right:oneway" v="yes"/>
    <tag k="cycleway:right:surface" v="asphalt"/>
    <tag k="cycleway:right:surface:colour" v="green"/>
    <tag k="cycleway:right:traffic_sign" v="none"/>
    <tag k="cycleway:right:width" v="2"/>
    <tag k="dual_carriageway" v="yes"/>
    <tag k="foot" v="use_sidepath"/>
    <tag k="highway" v="primary"/>
    <tag k="lanes" v="3"/>
    <tag k="lit" v="yes"/>
    <tag k="maxspeed" v="50"/>
    <tag k="name" v="Alexanderstraße"/>
    <tag k="name:etymology:wikidata" v="Q15193"/>
    <tag k="name:ja" v="アレクサンダー通り"/>
    <tag k="old_name" v="Alexanderstraße (22.05.1819-1933);Alexanderplatz (1933-01.02.2006)"/>
    <tag k="oneway" v="yes"/>
    <tag k="parking:left" v="no"/>
    <tag k="parking:right" v="lane"/>
    <tag k="parking:right:orientation" v="parallel"/>
    <tag k="ref" v="B 2;B 5"/>
    <tag k="sidewalk:left" v="no"/>
    <tag k="sidewalk:right" v="separate"/>
    <tag k="smoothness" v="good"/>
    <tag k="source:cycleway:right:width" v="Luftbild 2025"/>
    <tag k="source:maxspeed" v="DE:urban"/>
    <tag k="surface" v="asphalt"/>
    <tag k="wikidata" v="Q17486182"/>
    <tag k="zone:traffic" v="DE:urban"/>
  </way>
  <way id="1479735997">
    <nd ref="13573272436"/>
    <nd ref="12098559986"/>
    <nd ref="1566942204"/>
    <tag k="cycleway:left" v="no"/>
    <tag k="cycleway:right" v="lane"/>
    <tag k="cycleway:right:buffer:both" v="no"/>
    <tag k="cycleway:right:lane" v="exclusive"/>
    <tag k="cycleway:right:marking:both" v="solid_line"/>
    <tag k="cycleway:right:oneway" v="yes"/>
    <tag k="cycleway:right:surface" v="asphalt"/>
    <tag k="cycleway:right:surface:colour" v="green"/>
    <tag k="cycleway:right:traffic_sign" v="none"/>
    <tag k="cycleway:right:width" v="2"/>
    <tag k="dual_carriageway" v="yes"/>
    <tag k="foot" v="use_sidepath"/>
    <tag k="highway" v="primary"/>
    <tag k="lanes" v="3"/>
    <tag k="lit" v="yes"/>
    <tag k="maxspeed" v="50"/>
    <tag k="name" v="Alexanderstraße"/>
    <tag k="name:etymology:wikidata" v="Q15193"/>
    <tag k="name:ja" v="アレクサンダー通り"/>
    <tag k="old_name" v="Alexanderstraße (22.05.1819-1933);Alexanderplatz (1933-01.02.2006)"/>
    <tag k="oneway" v="yes"/>
    <tag k="parking:both" v="no"/>
    <tag k="ref" v="B 2;B 5"/>
    <tag k="sidewalk:left" v="no"/>
    <tag k="sidewalk:right" v="separate"/>
    <tag k="smoothness" v="good"/>
    <tag k="source:cycleway:right:width" v="Luftbild 2025"/>
    <tag k="source:maxspeed" v="DE:urban"/>
    <tag k="surface" v="asphalt"/>
    <tag k="wikidata" v="Q17486182"/>
    <tag k="zone:traffic" v="DE:urban"/>
  </way>
  <way id="1487603380">
    <nd ref="13638032671"/>
    <nd ref="13638032665"/>
    <tag k="cycleway:both" v="no"/>
    <tag k="foot" v="use_sidepath"/>
    <tag k="highway" v="residential"/>
    <tag k="lit" v="yes"/>
    <tag k="maxspeed" v="30"/>
    <tag k="name" v="Jüdenstraße"/>
    <tag k="name:etymology:wikidata" v="Q1419649"/>
    <tag k="parking:both" v="no"/>
    <tag k="parking:left:reason" v="cycleway"/>
    <tag k="parking:right:restriction" v="no_stopping"/>
    <tag k="postal_code" v="10178"/>
    <tag k="sidewalk:both" v="separate"/>
    <tag k="smoothness" v="good"/>
    <tag k="surface" v="asphalt"/>
    <tag k="width" v="11.3"/>
    <tag k="wikipedia" v="de:Jüdenstraße (Berlin-Mitte)"/>
  </way>
  <way id="1487603381">
    <nd ref="13543161153"/>
    <nd ref="13638032666"/>
    <tag k="cycleway:both" v="no"/>
    <tag k="foot" v="use_sidepath"/>
    <tag k="highway" v="residential"/>
    <tag k="lit" v="yes"/>
    <tag k="maxspeed" v="30"/>
    <tag k="name" v="Jüdenstraße"/>
    <tag k="name:etymology:wikidata" v="Q1419649"/>
    <tag k="parking:left" v="lane"/>
    <tag k="parking:left:fee" v="no"/>
    <tag k="parking:left:orientation" v="parallel"/>
    <tag k="parking:left:restriction" v="no_stopping"/>
    <tag k="parking:left:restriction:emergency" v="none"/>
    <tag k="parking:right" v="separate"/>
    <tag k="postal_code" v="10178"/>
    <tag k="sidewalk:both" v="separate"/>
    <tag k="smoothness" v="good"/>
    <tag k="surface" v="asphalt"/>
    <tag k="width" v="11.3"/>
    <tag k="wikipedia" v="de:Jüdenstraße (Berlin-Mitte)"/>
  </way>
  <way id="1487603383">
    <nd ref="13638032669"/>
    <nd ref="196761869"/>
    <tag k="cycleway:both" v="no"/>
    <tag k="foot" v="use_sidepath"/>
    <tag k="highway" v="residential"/>
    <tag k="lit" v="yes"/>
    <tag k="maxspeed" v="30"/>
    <tag k="name" v="Jüdenstraße"/>
    <tag k="name:etymology:wikidata" v="Q1419649"/>
    <tag k="parking:both" v="no"/>
    <tag k="parking:both:restriction" v="no_stopping"/>
    <tag k="postal_code" v="10178"/>
    <tag k="sidewalk:both" v="separate"/>
    <tag k="smoothness" v="good"/>
    <tag k="surface" v="asphalt"/>
    <tag k="width" v="11.3"/>
    <tag k="wikipedia" v="de:Jüdenstraße (Berlin-Mitte)"/>
  </way>
  <way id="1487603384">
    <nd ref="13638032665"/>
    <nd ref="8043201324"/>
    <nd ref="13543161153"/>
    <tag k="cycleway:both" v="no"/>
    <tag k="foot" v="use_sidepath"/>
    <tag k="highway" v="residential"/>
    <tag k="lit" v="yes"/>
    <tag k="maxspeed" v="30"/>
    <tag k="name" v="Jüdenstraße"/>
    <tag k="name:etymology:wikidata" v="Q1419649"/>
    <tag k="parking:left" v="lane"/>
    <tag k="parking:left:fee" v="no"/>
    <tag k="parking:left:orientation" v="parallel"/>
    <tag k="parking:left:restriction" v="no_stopping"/>
    <tag k="parking:left:restriction:emergency" v="none"/>
    <tag k="parking:right" v="no"/>
    <tag k="parking:right:restriction" v="no_stopping"/>
    <tag k="postal_code" v="10178"/>
    <tag k="sidewalk:both" v="separate"/>
    <tag k="smoothness" v="good"/>
    <tag k="surface" v="asphalt"/>
    <tag k="width" v="11.3"/>
    <tag k="wikipedia" v="de:Jüdenstraße (Berlin-Mitte)"/>
  </way>
  <way id="1487653171">
    <nd ref="2054725066"/>
    <nd ref="8793912192"/>
    <tag k="cycleway:both" v="no"/>
    <tag k="foot" v="use_sidepath"/>
    <tag k="highway" v="residential"/>
    <tag k="lit" v="yes"/>
    <tag k="maxspeed" v="30"/>
    <tag k="name" v="Rathausstraße"/>
    <tag k="name:etymology:wikidata" v="Q155210"/>
    <tag k="old_name" v="Königstraße"/>
    <tag k="parking:both" v="no"/>
    <tag k="parking:both:restriction" v="no_stopping"/>
    <tag k="postal_code" v="10178"/>
    <tag k="sidewalk:both" v="separate"/>
    <tag k="smoothness" v="excellent"/>
    <tag k="source:width" v="ARCore"/>
    <tag k="surface" v="asphalt"/>
    <tag k="width" v="11.3"/>
    <tag k="wikidata" v="Q1689577"/>
    <tag k="wikimedia_commons" v="Category:Rathausstraße (Berlin-Mitte)"/>
    <tag k="wikipedia" v="de:Rathausstraße (Berlin)"/>
  </way>
  <way id="1487653172">
    <nd ref="13638380206"/>
    <nd ref="13638032669"/>
    <tag k="cycleway:both" v="no"/>
    <tag k="foot" v="use_sidepath"/>
    <tag k="highway" v="residential"/>
    <tag k="lit" v="yes"/>
    <tag k="maxspeed" v="30"/>
    <tag k="name" v="Jüdenstraße"/>
    <tag k="name:etymology:wikidata" v="Q1419649"/>
    <tag k="parking:both" v="lane"/>
    <tag k="parking:both:fee" v="yes"/>
    <tag k="parking:both:orientation" v="parallel"/>
    <tag k="parking:both:zone" v="3"/>
    <tag k="parking:left:fee:conditional" v="no @ (Mo-Sa 00:00-09:00,22:00-24:00; Su)"/>
    <tag k="parking:right:fee:conditional" v="no @ (Mo-Sa 00:00-20:00,22:00-24:00; Su)"/>
    <tag k="parking:right:restriction:conditional" v="loading_only @ (Mo-Sa 06:00-20:00)"/>
    <tag k="postal_code" v="10178"/>
    <tag k="sidewalk:both" v="separate"/>
    <tag k="smoothness" v="good"/>
    <tag k="surface" v="asphalt"/>
    <tag k="width" v="11.3"/>
    <tag k="wikipedia" v="de:Jüdenstraße (Berlin-Mitte)"/>
  </way>
  <way id="1502871788">
    <nd ref="3180211038"/>
    <nd ref="9458211551"/>
    <tag k="bicycle" v="no"/>
    <tag k="construction:cycleway:right" v="lane"/>
    <tag k="cycleway:left" v="no"/>
    <tag k="cycleway:right" v="separate"/>
    <tag k="dual_carriageway" v="yes"/>
    <tag k="foot" v="use_sidepath"/>
    <tag k="highway" v="primary"/>
    <tag k="lanes" v="2"/>
    <tag k="lit" v="yes"/>
    <tag k="maxspeed" v="30"/>
    <tag k="name" v="Grunerstraße"/>
    <tag k="name:etymology:wikidata" v="Q215507"/>
    <tag k="name:ja" v="グルネル通り"/>
    <tag k="note" v="Radweg auf der Straße aufgrund von Baustelle gesperrt / Radverkehr durch Beschilderung verboten (Stand 03/2022)"/>
    <tag k="oneway" v="yes"/>
    <tag k="parking:both" v="no"/>
    <tag k="parking:right:restriction" v="no_stopping"/>
    <tag k="postal_code" v="10179"/>
    <tag k="ref" v="B 1"/>
    <tag k="sidewalk:left" v="no"/>
    <tag k="sidewalk:right" v="separate"/>
    <tag k="source:maxspeed" v="DE:urban"/>
    <tag k="surface" v="asphalt"/>
    <tag k="wikidata" v="Q1550809"/>
    <tag k="wikimedia_commons" v="Category:Grunerstraße (Berlin-Mitte)"/>
    <tag k="wikipedia" v="de:Grunerstraße (Berlin)"/>
    <tag k="zone:traffic" v="DE:urban"/>
  </way>
  <way id="1502871789">
    <nd ref="13755242864"/>
    <nd ref="3180211038"/>
    <tag k="cycleway:left" v="no"/>
    <tag k="cycleway:right" v="separate"/>
    <tag k="cycleway:right:lane" v="exclusive"/>
    <tag k="dual_carriageway" v="yes"/>
    <tag k="foot" v="use_sidepath"/>
    <tag k="highway" v="primary"/>
    <tag k="lanes" v="2"/>
    <tag k="lit" v="yes"/>
    <tag k="maxheight" v="default"/>
    <tag k="maxspeed" v="30"/>
    <tag k="name" v="Grunerstraße"/>
    <tag k="name:etymology:wikidata" v="Q215507"/>
    <tag k="name:ja" v="グルネル通り"/>
    <tag k="oneway" v="yes"/>
    <tag k="parking:both" v="no"/>
    <tag k="parking:right:restriction" v="no_stopping"/>
    <tag k="postal_code" v="10178"/>
    <tag k="ref" v="B 1"/>
    <tag k="sidewalk:left" v="no"/>
    <tag k="sidewalk:right" v="separate"/>
    <tag k="smoothness" v="good"/>
    <tag k="source:maxspeed" v="DE:urban"/>
    <tag k="surface" v="asphalt"/>
    <tag k="wikidata" v="Q1550809"/>
    <tag k="wikimedia_commons" v="Category:Grunerstraße (Berlin-Mitte)"/>
    <tag k="wikipedia" v="de:Grunerstraße (Berlin)"/>
    <tag k="zone:traffic" v="DE:urban"/>
  </way>
  <way id="1502871790">
    <nd ref="2933662031"/>
    <nd ref="11771933401"/>
    <nd ref="13755242871"/>
    <tag k="bicycle" v="use_sidepath"/>
    <tag k="cycleway:left" v="no"/>
    <tag k="cycleway:right" v="separate"/>
    <tag k="dual_carriageway" v="yes"/>
    <tag k="foot" v="use_sidepath"/>
    <tag k="highway" v="primary"/>
    <tag k="lanes" v="3"/>
    <tag k="lit" v="yes"/>
    <tag k="maxspeed" v="50"/>
    <tag k="name" v="Grunerstraße"/>
    <tag k="name:etymology:wikidata" v="Q215507"/>
    <tag k="name:ja" v="グルネル通り"/>
    <tag k="oneway" v="yes"/>
    <tag k="parking:both" v="no"/>
    <tag k="postal_code" v="10179"/>
    <tag k="priority_road" v="designated"/>
    <tag k="ref" v="B 1"/>
    <tag k="sidewalk:left" v="no"/>
    <tag k="sidewalk:right" v="separate"/>
    <tag k="source:maxspeed" v="DE:urban"/>
    <tag k="surface" v="asphalt"/>
    <tag k="wikidata" v="Q1550809"/>
    <tag k="wikimedia_commons" v="Category:Grunerstraße (Berlin-Mitte)"/>
    <tag k="wikipedia" v="de:Grunerstraße (Berlin)"/>
    <tag k="zone:traffic" v="DE:urban"/>
  </way>
  <way id="1502871791">
    <nd ref="13755242876"/>
    <nd ref="3192342855"/>
    <tag k="bicycle" v="use_sidepath"/>
    <tag k="cycleway:left" v="no"/>
    <tag k="cycleway:right" v="separate"/>
    <tag k="dual_carriageway" v="yes"/>
    <tag k="highway" v="primary"/>
    <tag k="lanes" v="4"/>
    <tag k="lit" v="yes"/>
    <tag k="maxspeed" v="50"/>
    <tag k="name" v="Grunerstraße"/>
    <tag k="name:etymology:wikidata" v="Q215507"/>
    <tag k="name:ja" v="グルネル通り"/>
    <tag k="oneway" v="yes"/>
    <tag k="parking:both" v="no"/>
    <tag k="placement" v="middle_of:3"/>
    <tag k="postal_code" v="10179"/>
    <tag k="priority_road" v="designated"/>
    <tag k="ref" v="B 1"/>
    <tag k="sidewalk:left" v="no"/>
    <tag k="sidewalk:right" v="separate"/>
    <tag k="smoothness" v="excellent"/>
    <tag k="source:maxspeed" v="DE:urban"/>
    <tag k="surface" v="asphalt"/>
    <tag k="turn:lanes" v="left|through|through|none"/>
    <tag k="wikidata" v="Q1550809"/>
    <tag k="wikimedia_commons" v="Category:Grunerstraße (Berlin-Mitte)"/>
    <tag k="wikipedia" v="de:Grunerstraße (Berlin)"/>
    <tag k="zone:traffic" v="DE:urban"/>
  </way>
  <way id="1502871792">
    <nd ref="13755242877"/>
    <nd ref="13755242876"/>
    <tag k="bicycle" v="use_sidepath"/>
    <tag k="cycleway:left" v="no"/>
    <tag k="cycleway:right" v="separate"/>
    <tag k="dual_carriageway" v="yes"/>
    <tag k="highway" v="primary"/>
    <tag k="lanes" v="3"/>
    <tag k="lit" v="yes"/>
    <tag k="maxspeed" v="50"/>
    <tag k="name" v="Grunerstraße"/>
    <tag k="name:etymology:wikidata" v="Q215507"/>
    <tag k="name:ja" v="グルネル通り"/>
    <tag k="oneway" v="yes"/>
    <tag k="parking:both" v="no"/>
    <tag k="postal_code" v="10179"/>
    <tag k="priority_road" v="designated"/>
    <tag k="ref" v="B 1"/>
    <tag k="sidewalk:left" v="no"/>
    <tag k="sidewalk:right" v="separate"/>
    <tag k="smoothness" v="excellent"/>
    <tag k="source:maxspeed" v="DE:urban"/>
    <tag k="surface" v="asphalt"/>
    <tag k="turn:lanes" v="through;left|through|none"/>
    <tag k="wikidata" v="Q1550809"/>
    <tag k="wikimedia_commons" v="Category:Grunerstraße (Berlin-Mitte)"/>
    <tag k="wikipedia" v="de:Grunerstraße (Berlin)"/>
    <tag k="zone:traffic" v="DE:urban"/>
  </way>
  <way id="1525814280">
    <nd ref="13334677269"/>
    <nd ref="12352052262"/>
    <nd ref="13907381358"/>
    <tag k="bicycle" v="yes"/>
    <tag k="highway" v="residential"/>
    <tag k="lit" v="yes"/>
    <tag k="maxspeed" v="20"/>
    <tag k="name" v="Gontardstraße"/>
    <tag k="name:etymology:wikidata" v="Q68768"/>
    <tag k="name:ja" v="ゴンタルド通り"/>
    <tag k="parking:both" v="no"/>
    <tag k="sidewalk:left" v="separate"/>
    <tag k="sidewalk:right" v="separate"/>
    <tag k="smoothness" v="excellent"/>
    <tag k="source:width" v="Luftbild 2025"/>
    <tag k="surface" v="asphalt"/>
    <tag k="traffic_sign" v="DE:250,1020-30,1022-10"/>
    <tag k="vehicle" v="destination"/>
    <tag k="width" v="11"/>
    <tag k="wikidata" v="Q65550766"/>
    <tag k="wikimedia_commons" v="Category:Gontardstraße (Berlin-Mitte)"/>
    <tag k="zone:maxspeed" v="DE:20"/>
  </way>

</osm>
