<?xml version="1.0" encoding="UTF-8"?>
<osm version="0.6" generator="Overpass API 0.7.62.11 87bfad18">
<note>The data included in this document is from www.openstreetmap.org. The data is made available under ODbL.</note>
<meta osm_base="2026-07-07T11:31:02Z"/>

  <node id="104322" lat="51.5138230" lon="-0.0923294"/>
  <node id="107587" lat="51.5134164" lon="-0.0841383"/>
  <node id="107588" lat="51.5133414" lon="-0.0869198"/>
  <node id="107628" lat="51.5109523" lon="-0.0860644"/>
  <node id="107634" lat="51.5112536" lon="-0.0883728"/>
  <node id="107637" lat="51.5116996" lon="-0.0907270">
    <tag k="traffic_calming" v="table"/>
  </node>
  <node id="107638" lat="51.5119738" lon="-0.0919543"/>
  <node id="109414" lat="51.5118975" lon="-0.0851350"/>
  <node id="109416" lat="51.5133665" lon="-0.0861677"/>
  <node id="2961540" lat="51.5121453" lon="-0.0878333"/>
  <node id="2961549" lat="51.5117199" lon="-0.0874862"/>
  <node id="2961557" lat="51.5128673" lon="-0.0884017"/>
  <node id="2961885" lat="51.5118519" lon="-0.0848811">
    <tag k="crossing" v="no"/>
    <tag k="highway" v="traffic_signals"/>
    <tag k="traffic_signals" v="traffic_lights"/>
    <tag k="traffic_signals:direction" v="backward"/>
  </node>
  <node id="2961891" lat="51.5116853" lon="-0.0838564"/>
  <node id="10677374" lat="51.5147982" lon="-0.0896922"/>
  <node id="10677375" lat="51.5150918" lon="-0.0921149">
    <tag k="surface" v="asphalt"/>
    <tag k="traffic_calming" v="table"/>
  </node>
  <node id="10677377" lat="51.5141057" lon="-0.0862060"/>
  <node id="18382242" lat="51.5136522" lon="-0.0911542"/>
  <node id="18393873" lat="51.5149370" lon="-0.0905540"/>
  <node id="18395287" lat="51.5141924" lon="-0.0915009"/>
  <node id="18395288" lat="51.5141068" lon="-0.0909306"/>
  <node id="18468953" lat="51.5131407" lon="-0.0944062"/>
  <node id="18468958" lat="51.5125211" lon="-0.0944844"/>
  <node id="18468961" lat="51.5122734" lon="-0.0940682">
    <tag k="crossing" v="traffic_signals"/>
    <tag k="crossing:markings" v="dots"/>
    <tag k="crossing:signals" v="yes"/>
    <tag k="crossing_ref" v="pelican"/>
    <tag k="highway" v="crossing"/>
  </node>
  <node id="18469130" lat="51.5146712" lon="-0.0884460"/>
  <node id="18469132" lat="51.5146201" lon="-0.0877930">
    <tag k="crossing" v="unmarked"/>
    <tag k="crossing:markings" v="no"/>
    <tag k="highway" v="crossing"/>
  </node>
  <node id="20458273" lat="51.5149170" lon="-0.0852700"/>
  <node id="20458275" lat="51.5149820" lon="-0.0850345"/>
  <node id="20458276" lat="51.5148829" lon="-0.0863587"/>
  <node id="20458277" lat="51.5148249" lon="-0.0854960"/>
  <node id="21307200" lat="51.5149025" lon="-0.0903407"/>
  <node id="21307201" lat="51.5161753" lon="-0.0897791"/>
  <node id="21990624" lat="51.5152810" lon="-0.0845283"/>
  <node id="21990625" lat="51.5155086" lon="-0.0843130"/>
  <node id="21990628" lat="51.5153439" lon="-0.0894512"/>
  <node id="21990629" lat="51.5156666" lon="-0.0893350"/>
  <node id="21990631" lat="51.5157224" lon="-0.0899299">
    <tag k="crossing:markings" v="no"/>
    <tag k="crossing:signals" v="no"/>
    <tag k="highway" v="crossing"/>
  </node>
  <node id="21990632" lat="51.5154069" lon="-0.0900868"/>
  <node id="24658003" lat="51.5135287" lon="-0.0934198"/>
  <node id="24658007" lat="51.5132637" lon="-0.0935462"/>
  <node id="24658010" lat="51.5130106" lon="-0.0936080">
    <tag k="ref:GB:tflcid" v="RWG065128"/>
    <tag k="traffic_calming" v="table"/>
  </node>
  <node id="24658060" lat="51.5128458" lon="-0.0929679"/>
  <node id="24659709" lat="51.5126030" lon="-0.0885215"/>
  <node id="24659736" lat="51.5120182" lon="-0.0889908"/>
  <node id="24659764" lat="51.5114899" lon="-0.0893227">
    <tag k="barrier" v="bollard"/>
    <tag k="bicycle" v="yes"/>
    <tag k="bollard" v="rising"/>
    <tag k="foot" v="yes"/>
    <tag k="motor_vehicle" v="permissive"/>
  </node>
  <node id="24659907" lat="51.5128599" lon="-0.0899395"/>
  <node id="24659947" lat="51.5128571" lon="-0.0900394"/>
  <node id="24660697" lat="51.5115021" lon="-0.0868661"/>
  <node id="24660863" lat="51.5120874" lon="-0.0871148"/>
  <node id="24661273" lat="51.5121867" lon="-0.0877050"/>
  <node id="24661419" lat="51.5128509" lon="-0.0863917"/>
  <node id="24949776" lat="51.5140242" lon="-0.0903239"/>
  <node id="24949780" lat="51.5128098" lon="-0.0900670">
    <tag k="crossing" v="unmarked"/>
    <tag k="crossing:island" v="no"/>
    <tag k="crossing:markings" v="no"/>
    <tag k="highway" v="crossing"/>
    <tag k="tactile_paving" v="yes"/>
  </node>
  <node id="24949783" lat="51.5128131" lon="-0.0892831"/>
  <node id="24949808" lat="51.5118499" lon="-0.0894173"/>
  <node id="24949861" lat="51.5126374" lon="-0.0894012"/>
  <node id="24950001" lat="51.5122429" lon="-0.0891172"/>
  <node id="24950002" lat="51.5123621" lon="-0.0894209"/>
  <node id="24950005" lat="51.5119043" lon="-0.0885901"/>
  <node id="24950013" lat="51.5118896" lon="-0.0885953"/>
  <node id="24950048" lat="51.5118174" lon="-0.0884195"/>
  <node id="24950049" lat="51.5116467" lon="-0.0884943"/>
  <node id="24950050" lat="51.5115506" lon="-0.0881955"/>
  <node id="24950051" lat="51.5117536" lon="-0.0880390"/>
  <node id="24950057" lat="51.5125925" lon="-0.0880535"/>
  <node id="24950058" lat="51.5126652" lon="-0.0878764"/>
  <node id="24950061" lat="51.5130721" lon="-0.0862613"/>
  <node id="24950064" lat="51.5116616" lon="-0.0867522"/>
  <node id="24950065" lat="51.5115503" lon="-0.0863046"/>
  <node id="24950067" lat="51.5113925" lon="-0.0864799"/>
  <node id="24950093" lat="51.5135408" lon="-0.0905227"/>
  <node id="24950097" lat="51.5130782" lon="-0.0907297">
    <tag k="crossing" v="unmarked"/>
    <tag k="crossing:markings" v="no"/>
    <tag k="highway" v="crossing"/>
  </node>
  <node id="24950101" lat="51.5127652" lon="-0.0883246"/>
  <node id="24950102" lat="51.5125632" lon="-0.0881693"/>
  <node id="24950104" lat="51.5128270" lon="-0.0877768"/>
  <node id="24950105" lat="51.5124618" lon="-0.0880893"/>
  <node id="24950107" lat="51.5126829" lon="-0.0872556"/>
  <node id="24950109" lat="51.5120163" lon="-0.0877335"/>
  <node id="24950110" lat="51.5124941" lon="-0.0868042"/>
  <node id="24950111" lat="51.5124383" lon="-0.0867037"/>
  <node id="24950112" lat="51.5122792" lon="-0.0863367"/>
  <node id="24950113" lat="51.5115425" lon="-0.0873569"/>
  <node id="24950114" lat="51.5112826" lon="-0.0871280"/>
  <node id="24950115" lat="51.5111288" lon="-0.0877180"/>
  <node id="24950117" lat="51.5139653" lon="-0.0932007"/>
  <node id="24950698" lat="51.5121166" lon="-0.0873243"/>
  <node id="24950699" lat="51.5121220" lon="-0.0875372"/>
  <node id="24951721" lat="51.5121201" lon="-0.0859529"/>
  <node id="25066331" lat="51.5133596" lon="-0.0937797"/>
  <node id="25066333" lat="51.5135806" lon="-0.0936772"/>
  <node id="25066334" lat="51.5136234" lon="-0.0938437"/>
  <node id="25066337" lat="51.5136010" lon="-0.0928764"/>
  <node id="25066338" lat="51.5131788" lon="-0.0928249"/>
  <node id="25066340" lat="51.5133009" lon="-0.0928484"/>
  <node id="25066412" lat="51.5131712" lon="-0.0929670"/>
  <node id="25066419" lat="51.5131621" lon="-0.0914677"/>
  <node id="25066422" lat="51.5132272" lon="-0.0914523"/>
  <node id="25066450" lat="51.5142473" lon="-0.0918819"/>
  <node id="25066451" lat="51.5144029" lon="-0.0917908"/>
  <node id="25066453" lat="51.5143607" lon="-0.0918140"/>
  <node id="25066457" lat="51.5136028" lon="-0.0896941"/>
  <node id="25066784" lat="51.5120156" lon="-0.0943990"/>
  <node id="25067068" lat="51.5119495" lon="-0.0938312"/>
  <node id="25067264" lat="51.5113656" lon="-0.0939369"/>
  <node id="25067265" lat="51.5112430" lon="-0.0939804"/>
  <node id="25067266" lat="51.5112416" lon="-0.0945259"/>
  <node id="25067268" lat="51.5110945" lon="-0.0945886"/>
  <node id="25067269" lat="51.5110301" lon="-0.0940977"/>
  <node id="25067298" lat="51.5113485" lon="-0.0936699"/>
  <node id="25067304" lat="51.5111948" lon="-0.0934100"/>
  <node id="25067305" lat="51.5113951" lon="-0.0934261"/>
  <node id="25067307" lat="51.5109256" lon="-0.0932873">
    <tag k="highway" v="traffic_signals"/>
    <tag k="traffic_signals:direction" v="forward"/>
  </node>
  <node id="25067324" lat="51.5117231" lon="-0.0920992"/>
  <node id="25067326" lat="51.5110490" lon="-0.0924431"/>
  <node id="25067395" lat="51.5110425" lon="-0.0919893"/>
  <node id="25067396" lat="51.5110293" lon="-0.0917792"/>
  <node id="25067397" lat="51.5109979" lon="-0.0916624"/>
  <node id="25067398" lat="51.5108207" lon="-0.0910949"/>
  <node id="25067400" lat="51.5114771" lon="-0.0908185"/>
  <node id="25067461" lat="51.5103710" lon="-0.0895839"/>
  <node id="25067463" lat="51.5104997" lon="-0.0894718"/>
  <node id="25067473" lat="51.5109361" lon="-0.0896324"/>
  <node id="25067474" lat="51.5110399" lon="-0.0898650"/>
  <node id="25067476" lat="51.5110451" lon="-0.0895151"/>
  <node id="25067479" lat="51.5107631" lon="-0.0892408"/>
  <node id="25067558" lat="51.5110276" lon="-0.0890213"/>
  <node id="25067636" lat="51.5109865" lon="-0.0888087"/>
  <node id="25067637" lat="51.5110221" lon="-0.0887808">
    <tag k="barrier" v="bollard"/>
    <tag k="bollard" v="fixed"/>
    <tag k="foot" v="yes"/>
  </node>
  <node id="25067727" lat="51.5107195" lon="-0.0892897"/>
  <node id="25067728" lat="51.5105903" lon="-0.0887146"/>
  <node id="25067737" lat="51.5103252" lon="-0.0884814"/>
  <node id="25067788" lat="51.5100781" lon="-0.0886189"/>
  <node id="25067871" lat="51.5105127" lon="-0.0883743"/>
  <node id="25067883" lat="51.5107783" lon="-0.0882205"/>
  <node id="25067932" lat="51.5111291" lon="-0.0887182"/>
  <node id="25068755" lat="51.5138907" lon="-0.0865671"/>
  <node id="25068781" lat="51.5138230" lon="-0.0861726"/>
  <node id="25068840" lat="51.5137359" lon="-0.0861792"/>
  <node id="25068862" lat="51.5136947" lon="-0.0859444"/>
  <node id="25069046" lat="51.5138894" lon="-0.0858219"/>
  <node id="25069071" lat="51.5136389" lon="-0.0854001"/>
  <node id="25069168" lat="51.5136825" lon="-0.0845584"/>
  <node id="25069197" lat="51.5136959" lon="-0.0847300"/>
  <node id="25069265" lat="51.5135549" lon="-0.0848481"/>
  <node id="25069911" lat="51.5130097" lon="-0.0872997"/>
  <node id="25070019" lat="51.5129334" lon="-0.0869336"/>
  <node id="25070030" lat="51.5131266" lon="-0.0869222"/>
  <node id="25070085" lat="51.5127316" lon="-0.0870483"/>
  <node id="25070474" lat="51.5130773" lon="-0.0865271"/>
  <node id="25070924" lat="51.5129242" lon="-0.0857457"/>
  <node id="25071026" lat="51.5128013" lon="-0.0858131"/>
  <node id="25071090" lat="51.5125763" lon="-0.0858832"/>
  <node id="25071131" lat="51.5125482" lon="-0.0859985"/>
  <node id="25071133" lat="51.5128073" lon="-0.0857924"/>
  <node id="25071136" lat="51.5128350" lon="-0.0853853"/>
  <node id="25071137" lat="51.5127255" lon="-0.0853792"/>
  <node id="25071139" lat="51.5129077" lon="-0.0849175"/>
  <node id="25071142" lat="51.5131002" lon="-0.0849071"/>
  <node id="25071145" lat="51.5129579" lon="-0.0853465"/>
  <node id="25071152" lat="51.5126837" lon="-0.0852397"/>
  <node id="25161345" lat="51.5138903" lon="-0.0927571"/>
  <node id="25161346" lat="51.5140480" lon="-0.0936945"/>
  <node id="25161347" lat="51.5131924" lon="-0.0924084"/>
  <node id="25161348" lat="51.5129269" lon="-0.0914070"/>
  <node id="25161349" lat="51.5134033" lon="-0.0934805"/>
  <node id="25161350" lat="51.5126634" lon="-0.0936915"/>
  <node id="25161356" lat="51.5111504" lon="-0.0929813"/>
  <node id="25161357" lat="51.5118149" lon="-0.0927834"/>
  <node id="25161359" lat="51.5110811" lon="-0.0929810"/>
  <node id="25161360" lat="51.5114138" lon="-0.0892708"/>
  <node id="25161361" lat="51.5112995" lon="-0.0886262"/>
  <node id="25161362" lat="51.5111775" lon="-0.0879690"/>
  <node id="25161363" lat="51.5110855" lon="-0.0874943"/>
  <node id="25161366" lat="51.5122890" lon="-0.0937478">
    <tag k="crossing" v="unmarked"/>
    <tag k="crossing:markings" v="no"/>
    <tag k="highway" v="crossing"/>
  </node>
  <node id="25161367" lat="51.5133125" lon="-0.0935222"/>
  <node id="25161368" lat="51.5137922" lon="-0.0920880"/>
  <node id="25161369" lat="51.5144233" lon="-0.0921797"/>
  <node id="25161370" lat="51.5142876" lon="-0.0909294"/>
  <node id="25161371" lat="51.5150167" lon="-0.0913608"/>
  <node id="25161373" lat="51.5108894" lon="-0.0930559"/>
  <node id="25248112" lat="51.5133296" lon="-0.0872101"/>
  <node id="25248113" lat="51.5127424" lon="-0.0874628"/>
  <node id="25248115" lat="51.5133610" lon="-0.0865034"/>
  <node id="25248117" lat="51.5140091" lon="-0.0867076"/>
  <node id="25248118" lat="51.5141593" lon="-0.0857547"/>
  <node id="25248120" lat="51.5134133" lon="-0.0847188"/>
  <node id="25248123" lat="51.5130161" lon="-0.0843455"/>
  <node id="25248124" lat="51.5128318" lon="-0.0844539"/>
  <node id="25248125" lat="51.5126039" lon="-0.0846126"/>
  <node id="25248126" lat="51.5122480" lon="-0.0862621"/>
  <node id="25248128" lat="51.5133669" lon="-0.0860711"/>
  <node id="25248129" lat="51.5130633" lon="-0.0862659"/>
  <node id="25248130" lat="51.5129384" lon="-0.0863335"/>
  <node id="25532332" lat="51.5112503" lon="-0.0840142"/>
  <node id="25532384" lat="51.5112022" lon="-0.0855910"/>
  <node id="27481040" lat="51.5123594" lon="-0.0836430"/>
  <node id="27481044" lat="51.5126677" lon="-0.0830637">
    <tag k="barrier" v="bollard"/>
    <tag k="bicycle" v="no"/>
    <tag k="foot" v="yes"/>
    <tag k="motorcycle" v="no"/>
  </node>
  <node id="28800661" lat="51.5153413" lon="-0.0931638"/>
  <node id="28800662" lat="51.5154297" lon="-0.0933675">
    <tag k="ref:GB:tflcid" v="RWG064488"/>
    <tag k="surface" v="paving_stones"/>
    <tag k="traffic_calming" v="table"/>
  </node>
  <node id="28800666" lat="51.5165221" lon="-0.0914539"/>
  <node id="28800667" lat="51.5149967" lon="-0.0910886"/>
  <node id="28800668" lat="51.5153882" lon="-0.0910218"/>
  <node id="28800669" lat="51.5153853" lon="-0.0920533"/>
  <node id="28800671" lat="51.5146370" lon="-0.0939242">
    <tag k="traffic_calming" v="table"/>
  </node>
  <node id="28800672" lat="51.5143643" lon="-0.0922503"/>
  <node id="28800689" lat="51.5144225" lon="-0.0932589"/>
  <node id="30056277" lat="51.5129472" lon="-0.0843868"/>
  <node id="30056280" lat="51.5128008" lon="-0.0834909"/>
  <node id="30057968" lat="51.5129352" lon="-0.0843262">
    <tag k="barrier" v="bollard"/>
  </node>
  <node id="30078473" lat="51.5123076" lon="-0.0848438"/>
  <node id="30078474" lat="51.5121545" lon="-0.0841653"/>
  <node id="32825620" lat="51.5139240" lon="-0.0867208"/>
  <node id="212916714" lat="51.5136173" lon="-0.0883402"/>
  <node id="212927414" lat="51.5142429" lon="-0.0861516"/>
  <node id="213668839" lat="51.5156662" lon="-0.0866051"/>
  <node id="213668842" lat="51.5156549" lon="-0.0876643"/>
  <node id="213668844" lat="51.5158554" lon="-0.0879422"/>
  <node id="213670986" lat="51.5152377" lon="-0.0883813"/>
  <node id="213672005" lat="51.5154778" lon="-0.0883380"/>
  <node id="250325411" lat="51.5158489" lon="-0.0840084"/>
  <node id="250326914" lat="51.5148464" lon="-0.0866589"/>
  <node id="250327037" lat="51.5155499" lon="-0.0850609"/>
  <node id="250327100" lat="51.5154066" lon="-0.0844056"/>
  <node id="250327159" lat="51.5147254" lon="-0.0873462"/>
  <node id="250327546" lat="51.5158974" lon="-0.0883250"/>
  <node id="250327547" lat="51.5156256" lon="-0.0883518"/>
  <node id="250327576" lat="51.5161557" lon="-0.0877987"/>
  <node id="250549281" lat="51.5145940" lon="-0.0849300"/>
  <node id="250549282" lat="51.5146582" lon="-0.0844831"/>
  <node id="250549348" lat="51.5143624" lon="-0.0843219"/>
  <node id="250549587" lat="51.5148562" lon="-0.0854309"/>
  <node id="250549636" lat="51.5161462" lon="-0.0852288"/>
  <node id="250549670" lat="51.5156381" lon="-0.0854770"/>
  <node id="250549699" lat="51.5157095" lon="-0.0878585"/>
  <node id="250549700" lat="51.5156844" lon="-0.0878123"/>
  <node id="250549835" lat="51.5157749" lon="-0.0909785">
    <tag k="crossing" v="unmarked"/>
    <tag k="highway" v="crossing"/>
    <tag k="tactile_paving" v="yes"/>
  </node>
  <node id="250550023" lat="51.5165534" lon="-0.0897450">
    <tag k="crossing" v="unmarked"/>
    <tag k="crossing:markings" v="no"/>
    <tag k="highway" v="crossing"/>
  </node>
  <node id="250550024" lat="51.5167017" lon="-0.0897283"/>
  <node id="250550174" lat="51.5154752" lon="-0.0931071"/>
  <node id="250550183" lat="51.5154760" lon="-0.0927132"/>
  <node id="250550338" lat="51.5157159" lon="-0.0927135"/>
  <node id="250550339" lat="51.5157357" lon="-0.0917522"/>
  <node id="250550340" lat="51.5154066" lon="-0.0917623"/>
  <node id="255678213" lat="51.5140487" lon="-0.0838855"/>
  <node id="255700677" lat="51.5156242" lon="-0.0883222"/>
  <node id="259252666" lat="51.5110916" lon="-0.0848258"/>
  <node id="268997560" lat="51.5136350" lon="-0.0910481">
    <tag k="bus" v="yes"/>
    <tag k="local_ref" v="L"/>
    <tag k="name" v="Poultry / Bank Station"/>
    <tag k="public_transport" v="stop_position"/>
  </node>
  <node id="291913900" lat="51.5134333" lon="-0.0881305">
    <tag k="access" v="no"/>
    <tag k="level" v="0"/>
    <tag k="name" v="Bank station, Exit 4"/>
    <tag k="railway" v="subway_entrance"/>
    <tag k="ref" v="4"/>
  </node>
  <node id="291913904" lat="51.5131928" lon="-0.0898107">
    <tag k="level" v="-1"/>
  </node>
  <node id="316763500" lat="51.5143709" lon="-0.0929305"/>
  <node id="316763513" lat="51.5144001" lon="-0.0926816"/>
  <node id="316763545" lat="51.5149160" lon="-0.0924945"/>
  <node id="317380078" lat="51.5141494" lon="-0.0927099"/>
  <node id="347335859" lat="51.5156569" lon="-0.0867488"/>
  <node id="354886082" lat="51.5157025" lon="-0.0857789"/>
  <node id="354886099" lat="51.5158541" lon="-0.0865457"/>
  <node id="373402354" lat="51.5156896" lon="-0.0944351"/>
  <node id="375562281" lat="51.5125968" lon="-0.0856994"/>
  <node id="375562283" lat="51.5125402" lon="-0.0855212"/>
  <node id="385311590" lat="51.5117525" lon="-0.0873795">
    <tag k="crossing" v="uncontrolled"/>
    <tag k="crossing:markings" v="surface"/>
    <tag k="highway" v="crossing"/>
    <tag k="ref:GB:tflcid" v="RWG108693"/>
    <tag k="traffic_calming" v="hump"/>
  </node>
  <node id="385311796" lat="51.5114945" lon="-0.0875090"/>
  <node id="469759938" lat="51.5136432" lon="-0.0880388">
    <tag k="disused:highway" v="bus_stop"/>
    <tag k="disused:public_transport" v="platform"/>
    <tag k="local_ref" v="C"/>
    <tag k="name" v="Bank Station / Threadneedle Street"/>
    <tag k="naptan:AtcoCode" v="490000013C"/>
    <tag k="naptan:Bearing" v="E"/>
    <tag k="naptan:CommonName" v="Bank"/>
    <tag k="naptan:Indicator" v="Stop C"/>
    <tag k="ref" v="73256"/>
    <tag k="shelter" v="no"/>
    <tag k="wheelchair" v="yes"/>
  </node>
  <node id="560717337" lat="51.5134400" lon="-0.0902804">
    <tag k="bicycle" v="no"/>
    <tag k="check_date:wheelchair" v="2025-10-30"/>
    <tag k="level" v="0"/>
    <tag k="name" v="Bank station, Exit G"/>
    <tag k="railway" v="subway_entrance"/>
    <tag k="ref" v="G"/>
    <tag k="wheelchair" v="no"/>
  </node>
  <node id="672061444" lat="51.5147657" lon="-0.0892392"/>
  <node id="672061646" lat="51.5149956" lon="-0.0891391"/>
  <node id="692162510" lat="51.5123368" lon="-0.0840354"/>
  <node id="692162517" lat="51.5123873" lon="-0.0837734">
    <tag k="barrier" v="bollard"/>
    <tag k="bicycle" v="no"/>
    <tag k="bollard" v="foldable"/>
    <tag k="foot" v="yes"/>
    <tag k="motorcycle" v="no"/>
  </node>
  <node id="692162556" lat="51.5127777" lon="-0.0833627"/>
  <node id="710474271" lat="51.5122675" lon="-0.0846897">
    <tag k="barrier" v="bollard"/>
    <tag k="bicycle" v="no"/>
    <tag k="bollard" v="foldable"/>
    <tag k="foot" v="yes"/>
  </node>
  <node id="794003484" lat="51.5154577" lon="-0.0917469"/>
  <node id="794039687" lat="51.5152080" lon="-0.0928248"/>
  <node id="873809385" lat="51.5163334" lon="-0.0897626"/>
  <node id="950703625" lat="51.5111208" lon="-0.0923730"/>
  <node id="950703626" lat="51.5110375" lon="-0.0922787"/>
  <node id="991123236" lat="51.5154258" lon="-0.0844975"/>
  <node id="1046334296" lat="51.5136177" lon="-0.0937635"/>
  <node id="1046334318" lat="51.5137825" lon="-0.0938108"/>
  <node id="1046391070" lat="51.5131881" lon="-0.0897317"/>
  <node id="1144619335" lat="51.5140807" lon="-0.0894070"/>
  <node id="1144619343" lat="51.5139887" lon="-0.0897457"/>
  <node id="1186508405" lat="51.5108188" lon="-0.0897657"/>
  <node id="1186508443" lat="51.5112077" lon="-0.0906931"/>
  <node id="1211381855" lat="51.5125300" lon="-0.0846662"/>
  <node id="1272830097" lat="51.5109484" lon="-0.0905695"/>
  <node id="1310663631" lat="51.5156212" lon="-0.0850235"/>
  <node id="1311961846" lat="51.5148081" lon="-0.0937603"/>
  <node id="1311961944" lat="51.5129731" lon="-0.0891945"/>
  <node id="1311961985" lat="51.5154858" lon="-0.0935707"/>
  <node id="1311961988" lat="51.5143398" lon="-0.0941113"/>
  <node id="1311961990" lat="51.5128498" lon="-0.0899798"/>
  <node id="1311962016" lat="51.5124160" lon="-0.0933757">
    <tag k="crossing" v="traffic_signals"/>
    <tag k="crossing:markings" v="dots"/>
    <tag k="crossing:signals" v="yes"/>
    <tag k="crossing_ref" v="pelican"/>
    <tag k="highway" v="crossing"/>
  </node>
  <node id="1311962043" lat="51.5154511" lon="-0.0934339"/>
  <node id="1311962055" lat="51.5144761" lon="-0.0940401"/>
  <node id="1311962065" lat="51.5151230" lon="-0.0934955"/>
  <node id="1311962079" lat="51.5149596" lon="-0.0936100"/>
  <node id="1311962122" lat="51.5125166" lon="-0.0933104">
    <tag k="crossing" v="traffic_signals"/>
    <tag k="crossing:markings" v="dots"/>
    <tag k="crossing:signals" v="yes"/>
    <tag k="crossing_ref" v="pelican"/>
    <tag k="highway" v="crossing"/>
    <tag k="tactile_paving" v="yes"/>
  </node>
  <node id="1311962151" lat="51.5155527" lon="-0.0938609"/>
  <node id="1312188619" lat="51.5142321" lon="-0.0837629">
    <tag k="crossing" v="no"/>
    <tag k="highway" v="traffic_signals"/>
    <tag k="traffic_signals" v="traffic_lights"/>
    <tag k="traffic_signals:direction" v="backward"/>
  </node>
  <node id="1312188669" lat="51.5121638" lon="-0.0874984"/>
  <node id="1312188692" lat="51.5148425" lon="-0.0854626"/>
  <node id="1312188704" lat="51.5151721" lon="-0.0858905"/>
  <node id="1312188714" lat="51.5147182" lon="-0.0890797"/>
  <node id="1312188722" lat="51.5154075" lon="-0.0858733"/>
  <node id="1312188731" lat="51.5149838" lon="-0.0854859"/>
  <node id="1312188740" lat="51.5115704" lon="-0.0882100"/>
  <node id="1312188759" lat="51.5134171" lon="-0.0866272"/>
  <node id="1312188797" lat="51.5151911" lon="-0.0859021"/>
  <node id="1312188839" lat="51.5126410" lon="-0.0879071"/>
  <node id="1312188845" lat="51.5150734" lon="-0.0855108"/>
  <node id="1312188883" lat="51.5151568" lon="-0.0858666"/>
  <node id="1312188886" lat="51.5133305" lon="-0.0878146"/>
  <node id="1312188972" lat="51.5121383" lon="-0.0874045"/>
  <node id="1312188988" lat="51.5150875" lon="-0.0855677"/>
  <node id="1312189026" lat="51.5126177" lon="-0.0879598"/>
  <node id="1312189047" lat="51.5152688" lon="-0.0888077"/>
  <node id="1312189096" lat="51.5116504" lon="-0.0884742"/>
  <node id="1312264512" lat="51.5132999" lon="-0.0908838"/>
  <node id="1312264524" lat="51.5152492" lon="-0.0929625"/>
  <node id="1312264540" lat="51.5157693" lon="-0.0904620"/>
  <node id="1312264546" lat="51.5159359" lon="-0.0898387"/>
  <node id="1312264556" lat="51.5153816" lon="-0.0917699"/>
  <node id="1312264577" lat="51.5151864" lon="-0.0927192"/>
  <node id="1312264600" lat="51.5132101" lon="-0.0901357"/>
  <node id="1312264610" lat="51.5147155" lon="-0.0897498">
    <tag k="button_operated" v="yes"/>
    <tag k="crossing" v="traffic_signals"/>
    <tag k="crossing:island" v="yes"/>
    <tag k="crossing:markings" v="dots"/>
    <tag k="crossing:signals" v="yes"/>
    <tag k="crossing_ref" v="pelican"/>
    <tag k="highway" v="crossing"/>
    <tag k="source" v="Bing;photographic_survey"/>
    <tag k="tactile_paving" v="yes"/>
    <tag k="traffic_signals:sound" v="yes"/>
    <tag k="traffic_signals:vibration" v="yes"/>
  </node>
  <node id="1312264614" lat="51.5153936" lon="-0.0922096"/>
  <node id="1312264618" lat="51.5146946" lon="-0.0888250"/>
  <node id="1312264648" lat="51.5151616" lon="-0.0925975"/>
  <node id="1312453879" lat="51.5115725" lon="-0.0825064"/>
  <node id="1312453936" lat="51.5115706" lon="-0.0826785"/>
  <node id="1312453996" lat="51.5108479" lon="-0.0842196"/>
  <node id="1312454055" lat="51.5106944" lon="-0.0843115"/>
  <node id="1312454086" lat="51.5116705" lon="-0.0837741"/>
  <node id="1312454087" lat="51.5109685" lon="-0.0841525"/>
  <node id="1343823418" lat="51.5165192" lon="-0.0897479"/>
  <node id="1350430181" lat="51.5149128" lon="-0.0896244">
    <tag k="cycleway" v="asl"/>
    <tag k="direction" v="backward"/>
  </node>
  <node id="1360122924" lat="51.5122005" lon="-0.0937577"/>
  <node id="1365887500" lat="51.5134381" lon="-0.0899300">
    <tag k="button_operated" v="yes"/>
    <tag k="crossing" v="traffic_signals"/>
    <tag k="crossing:island" v="no"/>
    <tag k="crossing:markings" v="dots"/>
    <tag k="crossing_ref" v="pelican"/>
    <tag k="highway" v="crossing"/>
    <tag k="tactile_paving" v="yes"/>
    <tag k="traffic_signals:sound" v="no"/>
    <tag k="traffic_signals:vibration" v="no"/>
    <tag k="was:crossing:island" v="yes"/>
  </node>
  <node id="1401416203" lat="51.5142828" lon="-0.0861197"/>
  <node id="1401416208" lat="51.5148186" lon="-0.0868477"/>
  <node id="1401908247" lat="51.5151648" lon="-0.0922282"/>
  <node id="1401908251" lat="51.5153087" lon="-0.0921622"/>
  <node id="1401908253" lat="51.5153229" lon="-0.0922422"/>
  <node id="1401908257" lat="51.5153997" lon="-0.0926708"/>
  <node id="1401908258" lat="51.5153966" lon="-0.0931046"/>
  <node id="1401908259" lat="51.5154519" lon="-0.0925853"/>
  <node id="1401908260" lat="51.5154557" lon="-0.0926096"/>
  <node id="1401908261" lat="51.5154758" lon="-0.0927858">
    <tag k="barrier" v="lift_gate"/>
  </node>
  <node id="1401926435" lat="51.5127289" lon="-0.0921984"/>
  <node id="1493726271" lat="51.5126667" lon="-0.0858813"/>
  <node id="1493726272" lat="51.5127302" lon="-0.0853412"/>
  <node id="1497452174" lat="51.5132405" lon="-0.0859093"/>
  <node id="1497452184" lat="51.5129816" lon="-0.0860093"/>
  <node id="1497452191" lat="51.5135362" lon="-0.0864427"/>
  <node id="1547013601" lat="51.5115852" lon="-0.0823156"/>
  <node id="1547013730" lat="51.5115763" lon="-0.0830001"/>
  <node id="1547013760" lat="51.5116116" lon="-0.0821093"/>
  <node id="1566269623" lat="51.5119712" lon="-0.0852795">
    <tag k="button_operated" v="yes"/>
    <tag k="crossing" v="traffic_signals"/>
    <tag k="crossing:island" v="no"/>
    <tag k="crossing:markings" v="dots"/>
    <tag k="crossing:signals" v="yes"/>
    <tag k="highway" v="crossing"/>
    <tag k="kerb" v="lowered"/>
    <tag k="tactile_paving" v="yes"/>
    <tag k="traffic_signals:sound" v="yes"/>
    <tag k="traffic_signals:vibration" v="yes"/>
  </node>
  <node id="1566269638" lat="51.5123314" lon="-0.0840137"/>
  <node id="1566269741" lat="51.5124364" lon="-0.0839617"/>
  <node id="1566270021" lat="51.5122417" lon="-0.0837287"/>
  <node id="1566270189" lat="51.5120422" lon="-0.0855963"/>
  <node id="1566270409" lat="51.5127193" lon="-0.0832157"/>
  <node id="1569215914" lat="51.5115480" lon="-0.0860868"/>
  <node id="1569216180" lat="51.5127948" lon="-0.0857940"/>
  <node id="1569216406" lat="51.5115155" lon="-0.0861384"/>
  <node id="1569216656" lat="51.5126601" lon="-0.0858606"/>
  <node id="1569216662" lat="51.5113048" lon="-0.0870671"/>
  <node id="1569238026" lat="51.5115237" lon="-0.0884675"/>
  <node id="1569238052" lat="51.5114263" lon="-0.0883069"/>
  <node id="1569238068" lat="51.5116497" lon="-0.0885077"/>
  <node id="1569238111" lat="51.5114590" lon="-0.0884917"/>
  <node id="1569241807" lat="51.5117957" lon="-0.0891540"/>
  <node id="1569241808" lat="51.5116406" lon="-0.0892475"/>
  <node id="1569300062" lat="51.5140292" lon="-0.0899225"/>
  <node id="1569312412" lat="51.5105467" lon="-0.0883576"/>
  <node id="1569343523" lat="51.5108354" lon="-0.0881874"/>
  <node id="1569343577" lat="51.5110051" lon="-0.0880695"/>
  <node id="1569343756" lat="51.5107972" lon="-0.0891869"/>
  <node id="1569343909" lat="51.5110158" lon="-0.0890367"/>
  <node id="1569382119" lat="51.5112744" lon="-0.0939560"/>
  <node id="1569382170" lat="51.5112192" lon="-0.0940655"/>
  <node id="1569382174" lat="51.5112170" lon="-0.0941197"/>
  <node id="1571298141" lat="51.5149006" lon="-0.0861622"/>
  <node id="1571298192" lat="51.5150781" lon="-0.0848310"/>
  <node id="1571298195" lat="51.5148931" lon="-0.0859783"/>
  <node id="1590789224" lat="51.5123746" lon="-0.0932415">
    <tag k="note" v="Entrance to Mansion House"/>
    <tag k="railway" v="subway_entrance"/>
    <tag k="source" v="survey;Bing"/>
    <tag k="wheelchair" v="no"/>
  </node>
  <node id="1590789232" lat="51.5125893" lon="-0.0884143">
    <tag k="highway" v="elevator"/>
    <tag k="indoor" v="yes"/>
    <tag k="level" v="-6;-4"/>
    <tag k="name" v="Bank station, DLR lift 7"/>
    <tag k="note" v="Lift (only) to Bank DLR station"/>
    <tag k="wheelchair" v="yes"/>
    <tag k="wheelchair:description" v="Step-free from street to train for DLR only"/>
  </node>
  <node id="1678155316" lat="51.5122050" lon="-0.0937994">
    <tag k="name" v="Mansion House"/>
    <tag k="note" v="Entrance to Mansion House"/>
    <tag k="railway" v="subway_entrance"/>
    <tag k="source" v="photograph"/>
    <tag k="wheelchair" v="no"/>
  </node>
  <node id="1678155318" lat="51.5122653" lon="-0.0932295"/>
  <node id="1678226917" lat="51.5108725" lon="-0.0857178">
    <tag k="check_date:crossing" v="2021-02-28"/>
    <tag k="crossing" v="traffic_signals"/>
    <tag k="crossing:markings" v="dots"/>
    <tag k="crossing_ref" v="pelican"/>
    <tag k="highway" v="crossing"/>
    <tag k="source" v="Bing;photographic_survey"/>
    <tag k="tactile_paving" v="yes"/>
  </node>
  <node id="1678227031" lat="51.5109781" lon="-0.0871134">
    <tag k="crossing" v="marked"/>
    <tag k="crossing:island" v="no"/>
    <tag k="crossing:markings" v="dots"/>
    <tag k="highway" v="crossing"/>
    <tag k="note" v="Crossing at traffic lights with island, but no pedestrian lights"/>
    <tag k="tactile_paving" v="yes"/>
  </node>
  <node id="1678245237" lat="51.5129267" lon="-0.0842769"/>
  <node id="1678245252" lat="51.5134216" lon="-0.0838688">
    <tag k="button_operated" v="yes"/>
    <tag k="crossing" v="traffic_signals"/>
    <tag k="crossing:island" v="no"/>
    <tag k="crossing_ref" v="pelican"/>
    <tag k="highway" v="crossing"/>
    <tag k="tactile_paving" v="yes"/>
    <tag k="traffic_signals:sound" v="yes"/>
    <tag k="traffic_signals:vibration" v="yes"/>
  </node>
  <node id="1684511838" lat="51.5138016" lon="-0.0921497">
    <tag k="button_operated" v="yes"/>
    <tag k="crossing" v="traffic_signals"/>
    <tag k="crossing:island" v="no"/>
    <tag k="crossing:markings" v="dots"/>
    <tag k="crossing:signals" v="yes"/>
    <tag k="crossing_ref" v="pelican"/>
    <tag k="highway" v="crossing"/>
    <tag k="source" v="Bing;photographic_survey"/>
    <tag k="tactile_paving" v="yes"/>
    <tag k="traffic_signals:sound" v="no"/>
    <tag k="traffic_signals:vibration" v="yes"/>
  </node>
  <node id="1684511892" lat="51.5143695" lon="-0.0918577"/>
  <node id="1684511897" lat="51.5144196" lon="-0.0921456"/>
  <node id="1684511955" lat="51.5150805" lon="-0.0919733">
    <tag k="button_operated" v="yes"/>
    <tag k="crossing" v="traffic_signals"/>
    <tag k="crossing:island" v="no"/>
    <tag k="crossing:markings" v="dots"/>
    <tag k="crossing:signals" v="yes"/>
    <tag k="crossing_ref" v="pelican"/>
    <tag k="highway" v="crossing"/>
    <tag k="tactile_paving" v="no"/>
    <tag k="traffic_signals:countdown" v="yes"/>
  </node>
  <node id="1684511957" lat="51.5151365" lon="-0.0920216"/>
  <node id="1684511958" lat="51.5151469" lon="-0.0920361"/>
  <node id="1684511959" lat="51.5151563" lon="-0.0920389"/>
  <node id="1684511964" lat="51.5152586" lon="-0.0920188"/>
  <node id="1684511971" lat="51.5153074" lon="-0.0919104"/>
  <node id="1684511972" lat="51.5153089" lon="-0.0919450"/>
  <node id="1684511973" lat="51.5153183" lon="-0.0919414"/>
  <node id="1684511974" lat="51.5153219" lon="-0.0920006"/>
  <node id="1684511977" lat="51.5153833" lon="-0.0919025"/>
  <node id="1684511978" lat="51.5157157" lon="-0.0921105"/>
  <node id="1684511979" lat="51.5157388" lon="-0.0921103"/>
  <node id="1684549812" lat="51.5151461" lon="-0.0921040"/>
  <node id="1684549819" lat="51.5154539" lon="-0.0927126"/>
  <node id="1684549820" lat="51.5155935" lon="-0.0925759"/>
  <node id="1684549821" lat="51.5155929" lon="-0.0926558"/>
  <node id="1684549822" lat="51.5156150" lon="-0.0925450"/>
  <node id="1684549823" lat="51.5156120" lon="-0.0926881"/>
  <node id="1684549825" lat="51.5156118" lon="-0.0927136"/>
  <node id="1684549826" lat="51.5156573" lon="-0.0926891"/>
  <node id="1684549827" lat="51.5156571" lon="-0.0927136"/>
  <node id="1684549828" lat="51.5156564" lon="-0.0925456"/>
  <node id="1684549829" lat="51.5156792" lon="-0.0926585"/>
  <node id="1684549830" lat="51.5156795" lon="-0.0925741"/>
  <node id="1684549833" lat="51.5157030" lon="-0.0917489"/>
  <node id="1685272862" lat="51.5156537" lon="-0.0876326">
    <tag k="barrier" v="lift_gate"/>
  </node>
  <node id="1685276642" lat="51.5156220" lon="-0.0876974"/>
  <node id="1685276643" lat="51.5156200" lon="-0.0878546"/>
  <node id="1689388043" lat="51.5109067" lon="-0.0848450"/>
  <node id="1717643483" lat="51.5140119" lon="-0.0896490"/>
  <node id="1717643490" lat="51.5140463" lon="-0.0895054"/>
  <node id="1717643505" lat="51.5142155" lon="-0.0900347"/>
  <node id="1717643512" lat="51.5143175" lon="-0.0899882"/>
  <node id="1717643520" lat="51.5144075" lon="-0.0899251"/>
  <node id="1717643526" lat="51.5144861" lon="-0.0898344"/>
  <node id="1717643530" lat="51.5144579" lon="-0.0904348"/>
  <node id="1717643534" lat="51.5144949" lon="-0.0906294">
    <tag k="barrier" v="gate"/>
    <tag k="source" v="survey"/>
  </node>
  <node id="1717643537" lat="51.5145157" lon="-0.0907385"/>
  <node id="1717650787" lat="51.5144840" lon="-0.0914229"/>
  <node id="1717650791" lat="51.5145167" lon="-0.0916455">
    <tag k="barrier" v="gate"/>
    <tag k="source" v="survey"/>
  </node>
  <node id="1717650794" lat="51.5145278" lon="-0.0917011"/>
  <node id="1718233922" lat="51.5138899" lon="-0.0920571"/>
  <node id="1718233957" lat="51.5139704" lon="-0.0920269"/>
  <node id="1718233994" lat="51.5140340" lon="-0.0919951"/>
  <node id="1718328195" lat="51.5140409" lon="-0.0930711"/>
  <node id="1718328198" lat="51.5140069" lon="-0.0923224"/>
  <node id="1718328224" lat="51.5141823" lon="-0.0930097"/>
  <node id="1718328256" lat="51.5142754" lon="-0.0929693"/>
  <node id="1718328280" lat="51.5143399" lon="-0.0929413"/>
  <node id="1718328435" lat="51.5149134" lon="-0.0921484"/>
  <node id="1718328437" lat="51.5149424" lon="-0.0923321"/>
  <node id="1718328439" lat="51.5149560" lon="-0.0924325"/>
  <node id="1718328442" lat="51.5149523" lon="-0.0924794"/>
  <node id="1718328445" lat="51.5149682" lon="-0.0924722"/>
  <node id="1718328448" lat="51.5150534" lon="-0.0924325"/>
  <node id="1718390753" lat="51.5144828" lon="-0.0913612"/>
  <node id="1718566880" lat="51.5154855" lon="-0.0900488"/>
  <node id="1718566883" lat="51.5154944" lon="-0.0901020"/>
  <node id="1718566886" lat="51.5155131" lon="-0.0902012"/>
  <node id="1718566936" lat="51.5157166" lon="-0.0899933"/>
  <node id="1718566942" lat="51.5157456" lon="-0.0901917"/>
  <node id="1718566956" lat="51.5157655" lon="-0.0903965"/>
  <node id="1718566966" lat="51.5157730" lon="-0.0909094"/>
  <node id="1718566969" lat="51.5157708" lon="-0.0908010"/>
  <node id="1718566972" lat="51.5157722" lon="-0.0906587"/>
  <node id="1718566975" lat="51.5157713" lon="-0.0906184"/>
  <node id="1718566997" lat="51.5157874" lon="-0.0909768"/>
  <node id="1718567007" lat="51.5158645" lon="-0.0909867"/>
  <node id="1719422032" lat="51.5152470" lon="-0.0885827"/>
  <node id="1719422038" lat="51.5153300" lon="-0.0893292"/>
  <node id="1719422086" lat="51.5156460" lon="-0.0888385"/>
  <node id="1719875252" lat="51.5126557" lon="-0.0936242">
    <tag k="barrier" v="bollard"/>
    <tag k="foot" v="yes"/>
    <tag k="source" v="photograph"/>
  </node>
  <node id="1719899591" lat="51.5132692" lon="-0.0935838"/>
  <node id="1719899595" lat="51.5132797" lon="-0.0936779"/>
  <node id="1719899611" lat="51.5133176" lon="-0.0929578"/>
  <node id="1719899617" lat="51.5133717" lon="-0.0933157"/>
  <node id="1719899656" lat="51.5135945" lon="-0.0937806"/>
  <node id="1719899663" lat="51.5136626" lon="-0.0941691"/>
  <node id="1719899668" lat="51.5136980" lon="-0.0933214"/>
  <node id="1719899671" lat="51.5138312" lon="-0.0939101"/>
  <node id="1719899672" lat="51.5138659" lon="-0.0941252"/>
  <node id="1719899673" lat="51.5139700" lon="-0.0938496"/>
  <node id="1721678987" lat="51.5138117" lon="-0.0927841"/>
  <node id="1721678995" lat="51.5139938" lon="-0.0933632">
    <tag k="crossing" v="unmarked"/>
    <tag k="crossing:island" v="yes"/>
    <tag k="crossing:markings" v="no"/>
    <tag k="highway" v="crossing"/>
    <tag k="source" v="photograph"/>
    <tag k="tactile_paving" v="no"/>
  </node>
  <node id="1721713677" lat="51.5148036" lon="-0.0894656">
    <tag k="button_operated" v="yes"/>
    <tag k="crossing" v="traffic_signals"/>
    <tag k="crossing:markings" v="dots"/>
    <tag k="crossing:signals" v="yes"/>
    <tag k="crossing_ref" v="pelican"/>
    <tag k="highway" v="crossing"/>
    <tag k="source" v="Bing;photographic_survey"/>
    <tag k="tactile_paving" v="incorrect"/>
    <tag k="traffic_signals:sound" v="yes"/>
    <tag k="traffic_signals:vibration" v="yes"/>
  </node>
  <node id="1721713699" lat="51.5148838" lon="-0.0896387">
    <tag k="button_operated" v="yes"/>
    <tag k="crossing" v="traffic_signals"/>
    <tag k="crossing:island" v="yes"/>
    <tag k="crossing:markings" v="dots"/>
    <tag k="crossing:signals" v="yes"/>
    <tag k="crossing_ref" v="pelican"/>
    <tag k="highway" v="crossing"/>
    <tag k="tactile_paving" v="yes"/>
    <tag k="traffic_signals:sound" v="yes"/>
    <tag k="traffic_signals:vibration" v="yes"/>
  </node>
  <node id="1726783391" lat="51.5110826" lon="-0.0923467"/>
  <node id="1727737304" lat="51.5132024" lon="-0.0890927"/>
  <node id="1731216865" lat="51.5126558" lon="-0.0884723"/>
  <node id="1733389217" lat="51.5133627" lon="-0.0907398"/>
  <node id="1733389230" lat="51.5133580" lon="-0.0906999"/>
  <node id="1733389239" lat="51.5132520" lon="-0.0906843"/>
  <node id="1733389249" lat="51.5132319" lon="-0.0907256"/>
  <node id="1733389278" lat="51.5132794" lon="-0.0898277"/>
  <node id="1733389314" lat="51.5133185" lon="-0.0906852"/>
  <node id="1733389325" lat="51.5133076" lon="-0.0905775"/>
  <node id="1733389330" lat="51.5133171" lon="-0.0904670"/>
  <node id="1733389332" lat="51.5133397" lon="-0.0905770"/>
  <node id="1733389342" lat="51.5133516" lon="-0.0904628"/>
  <node id="1733389349" lat="51.5133394" lon="-0.0903990"/>
  <node id="1733389353" lat="51.5133000" lon="-0.0907603"/>
  <node id="1733389358" lat="51.5133574" lon="-0.0902138">
    <tag k="level" v="0"/>
    <tag k="name" v="Bank station, Exit 9"/>
    <tag k="note" v="This entrance does not have a designated number"/>
    <tag k="railway" v="subway_entrance"/>
    <tag k="ref" v="9"/>
    <tag k="wheelchair" v="no"/>
  </node>
  <node id="1733389381" lat="51.5133619" lon="-0.0901569"/>
  <node id="1746435089" lat="51.5127402" lon="-0.0898515"/>
  <node id="1753024910" lat="51.5131793" lon="-0.0891068">
    <tag k="level" v="-1"/>
  </node>
  <node id="1755265415" lat="51.5160505" lon="-0.0898015"/>
  <node id="1762112689" lat="51.5152280" lon="-0.0876251"/>
  <node id="1762112692" lat="51.5151250" lon="-0.0875517"/>
  <node id="1762163776" lat="51.5126560" lon="-0.0886738">
    <tag k="barrier" v="bollard"/>
    <tag k="bicycle" v="yes"/>
    <tag k="bollard" v="rising"/>
    <tag k="foot" v="yes"/>
    <tag k="motor_vehicle" v="destination"/>
  </node>
  <node id="1771426166" lat="51.5136864" lon="-0.0923267">
    <tag k="cycleway" v="asl"/>
    <tag k="direction" v="forward"/>
  </node>
  <node id="1771426173" lat="51.5139395" lon="-0.0923326">
    <tag k="bicycle" v="yes"/>
    <tag k="highway" v="traffic_signals"/>
    <tag k="traffic_signals:direction" v="backward"/>
  </node>
  <node id="1778747026" lat="51.5148225" lon="-0.0840613"/>
  <node id="1778747036" lat="51.5148654" lon="-0.0839801"/>
  <node id="1778747042" lat="51.5148715" lon="-0.0839940"/>
  <node id="1778747055" lat="51.5148938" lon="-0.0839427"/>
  <node id="1778747115" lat="51.5151136" lon="-0.0840315"/>
  <node id="1778747127" lat="51.5152064" lon="-0.0844643"/>
  <node id="1778747150" lat="51.5153470" lon="-0.0838836"/>
  <node id="1779587010" lat="51.5151026" lon="-0.0841929"/>
  <node id="1779587011" lat="51.5151235" lon="-0.0841744"/>
  <node id="1779589717" lat="51.5151253" lon="-0.0841027"/>
  <node id="1779589718" lat="51.5151680" lon="-0.0843401"/>
  <node id="1779881392" lat="51.5154043" lon="-0.0836902"/>
  <node id="1779881394" lat="51.5155153" lon="-0.0840107">
    <tag k="access" v="private"/>
    <tag k="barrier" v="gate"/>
  </node>
  <node id="1782717878" lat="51.5134155" lon="-0.0843112">
    <tag k="cycleway" v="asl"/>
    <tag k="direction" v="backward"/>
  </node>
  <node id="1782718791" lat="51.5146699" lon="-0.0897597">
    <tag k="cycleway" v="asl"/>
    <tag k="direction" v="backward"/>
  </node>
  <node id="1782718792" lat="51.5148491" lon="-0.0899946">
    <tag k="cycleway" v="asl"/>
    <tag k="direction" v="forward"/>
  </node>
  <node id="1782724124" lat="51.5150753" lon="-0.0919087">
    <tag k="cycleway" v="asl"/>
    <tag k="direction" v="backward"/>
  </node>
  <node id="1782724125" lat="51.5151194" lon="-0.0923579">
    <tag k="cycleway" v="asl"/>
    <tag k="direction" v="backward"/>
  </node>
  <node id="1782725824" lat="51.5128803" lon="-0.0924757"/>
  <node id="1782728999" lat="51.5124282" lon="-0.0933110">
    <tag k="cycleway" v="asl"/>
    <tag k="direction" v="forward"/>
  </node>
  <node id="1787108619" lat="51.5146610" lon="-0.0844574"/>
  <node id="1787108620" lat="51.5149183" lon="-0.0839907"/>
  <node id="1787108621" lat="51.5149295" lon="-0.0838987"/>
  <node id="1787108622" lat="51.5149311" lon="-0.0837798"/>
  <node id="1787108624" lat="51.5150952" lon="-0.0842162"/>
  <node id="1787108625" lat="51.5150442" lon="-0.0835868"/>
  <node id="1787108626" lat="51.5151174" lon="-0.0834785"/>
  <node id="1787108627" lat="51.5151566" lon="-0.0834452"/>
  <node id="1787108630" lat="51.5152144" lon="-0.0834452"/>
  <node id="1787108633" lat="51.5152539" lon="-0.0835322"/>
  <node id="1894028824" lat="51.5122359" lon="-0.0936549"/>
  <node id="1894028825" lat="51.5123678" lon="-0.0943212"/>
  <node id="1894028826" lat="51.5120038" lon="-0.0945807"/>
  <node id="1894028828" lat="51.5120007" lon="-0.0939052"/>
  <node id="1894028829" lat="51.5123735" lon="-0.0933036"/>
  <node id="1894028830" lat="51.5120455" lon="-0.0938624">
    <tag k="barrier" v="ticket_barrier"/>
  </node>
  <node id="1894028832" lat="51.5123231" lon="-0.0936059"/>
  <node id="1938819317" lat="51.5122876" lon="-0.0935067">
    <tag k="crossing" v="traffic_signals"/>
    <tag k="crossing:markings" v="dots"/>
    <tag k="crossing:signals" v="yes"/>
    <tag k="highway" v="crossing"/>
  </node>
  <node id="1938819319" lat="51.5123129" lon="-0.0933002"/>
  <node id="1938819320" lat="51.5122617" lon="-0.0943201"/>
  <node id="1938819321" lat="51.5123089" lon="-0.0933914"/>
  <node id="1938819324" lat="51.5123279" lon="-0.0934857"/>
  <node id="1938819325" lat="51.5123325" lon="-0.0941834">
    <tag k="crossing" v="traffic_signals"/>
    <tag k="crossing:markings" v="dots"/>
    <tag k="crossing:signals" v="yes"/>
    <tag k="highway" v="crossing"/>
  </node>
  <node id="1938819326" lat="51.5123336" lon="-0.0933784">
    <tag k="crossing" v="traffic_signals"/>
    <tag k="crossing:markings" v="dots"/>
    <tag k="crossing:signals" v="yes"/>
    <tag k="highway" v="crossing"/>
  </node>
  <node id="1938819328" lat="51.5124707" lon="-0.0935686"/>
  <node id="1938819330" lat="51.5124355" lon="-0.0941871">
    <tag k="crossing" v="traffic_signals"/>
    <tag k="crossing:island" v="separate"/>
    <tag k="crossing:markings" v="dots"/>
    <tag k="crossing:signals" v="yes"/>
    <tag k="highway" v="crossing"/>
    <tag k="tactile_paving" v="yes"/>
  </node>
  <node id="1938819335" lat="51.5124874" lon="-0.0940226">
    <tag k="crossing" v="traffic_signals"/>
    <tag k="crossing:island" v="separate"/>
    <tag k="crossing:markings" v="dots"/>
    <tag k="crossing:signals" v="yes"/>
    <tag k="highway" v="crossing"/>
    <tag k="tactile_paving" v="yes"/>
  </node>
  <node id="1938819337" lat="51.5124709" lon="-0.0937253"/>
  <node id="1939558644" lat="51.5127181" lon="-0.0888709"/>
  <node id="1939558646" lat="51.5129246" lon="-0.0881536"/>
  <node id="1939558647" lat="51.5129443" lon="-0.0884869"/>
  <node id="1939558648" lat="51.5129899" lon="-0.0885293"/>
  <node id="1939558649" lat="51.5130673" lon="-0.0886152"/>
  <node id="1939558650" lat="51.5131635" lon="-0.0887394">
    <tag k="highway" v="traffic_signals"/>
    <tag k="traffic_signals:direction" v="forward"/>
  </node>
  <node id="1939558651" lat="51.5132302" lon="-0.0888073">
    <tag k="crossing" v="traffic_signals"/>
    <tag k="crossing:island" v="yes"/>
    <tag k="crossing:markings" v="dots"/>
    <tag k="crossing:signals" v="yes"/>
    <tag k="crossing_ref" v="pelican"/>
    <tag k="highway" v="crossing"/>
    <tag k="kerb" v="lowered"/>
    <tag k="tactile_paving" v="yes"/>
  </node>
  <node id="1939558655" lat="51.5132518" lon="-0.0898998">
    <tag k="was:crossing" v="traffic_signals"/>
  </node>
  <node id="1939558657" lat="51.5133025" lon="-0.0888706"/>
  <node id="1939558661" lat="51.5132857" lon="-0.0890448"/>
  <node id="1939558664" lat="51.5133155" lon="-0.0879830"/>
  <node id="1939558666" lat="51.5133712" lon="-0.0895220"/>
  <node id="1939558667" lat="51.5134058" lon="-0.0889457">
    <tag k="lcn" v="yes"/>
    <tag k="lcn_name" v="Bank"/>
    <tag k="name" v="Bank Junction"/>
    <tag k="wikidata" v="Q4856012"/>
  </node>
  <node id="1939558671" lat="51.5133765" lon="-0.0883912">
    <tag k="highway" v="traffic_signals"/>
    <tag k="traffic_signals:direction" v="backward"/>
  </node>
  <node id="1939558673" lat="51.5133700" lon="-0.0879331"/>
  <node id="1939558681" lat="51.5133819" lon="-0.0885381">
    <tag k="crossing" v="traffic_signals"/>
    <tag k="crossing:island" v="no"/>
    <tag k="crossing:markings" v="dots"/>
    <tag k="crossing:signals" v="yes"/>
    <tag k="crossing_ref" v="pelican"/>
    <tag k="highway" v="crossing"/>
    <tag k="kerb" v="lowered"/>
  </node>
  <node id="1939558697" lat="51.5135263" lon="-0.0890089">
    <tag k="button_operated" v="yes"/>
    <tag k="crossing" v="traffic_signals"/>
    <tag k="crossing:island" v="no"/>
    <tag k="crossing:markings" v="dots"/>
    <tag k="crossing:signals" v="yes"/>
    <tag k="crossing_ref" v="pelican"/>
    <tag k="highway" v="crossing"/>
    <tag k="tactile_paving" v="yes"/>
    <tag k="traffic_signals:sound" v="no"/>
    <tag k="traffic_signals:vibration" v="no"/>
  </node>
  <node id="1939558700" lat="51.5135107" lon="-0.0885829">
    <tag k="crossing" v="traffic_signals"/>
    <tag k="crossing:island" v="no"/>
    <tag k="crossing:markings" v="dots"/>
    <tag k="crossing:signals" v="yes"/>
    <tag k="crossing_ref" v="pelican"/>
    <tag k="highway" v="crossing"/>
    <tag k="traffic_calming" v="table"/>
  </node>
  <node id="1939558701" lat="51.5135506" lon="-0.0890241">
    <tag k="cycleway" v="asl"/>
    <tag k="direction" v="forward"/>
  </node>
  <node id="1939558704" lat="51.5137237" lon="-0.0891583"/>
  <node id="1951616276" lat="51.5108784" lon="-0.0860309"/>
  <node id="1951616284" lat="51.5109216" lon="-0.0857099">
    <tag k="highway" v="traffic_signals"/>
    <tag k="traffic_signals:direction" v="forward"/>
  </node>
  <node id="1951616287" lat="51.5108993" lon="-0.0859728"/>
  <node id="1951616292" lat="51.5109566" lon="-0.0858636">
    <tag k="highway" v="traffic_signals"/>
    <tag k="traffic_signals:direction" v="forward"/>
  </node>
  <node id="1951616295" lat="51.5109932" lon="-0.0857951"/>
  <node id="1951616297" lat="51.5110097" lon="-0.0859386">
    <tag k="highway" v="traffic_signals"/>
    <tag k="traffic_signals:direction" v="forward"/>
  </node>
  <node id="1951616319" lat="51.5110922" lon="-0.0856397"/>
  <node id="1951616322" lat="51.5111824" lon="-0.0894125"/>
  <node id="1951616325" lat="51.5119942" lon="-0.0878122"/>
  <node id="1951616327" lat="51.5124148" lon="-0.0881924"/>
  <node id="2003007012" lat="51.5155898" lon="-0.0842406"/>
  <node id="2140227862" lat="51.5137629" lon="-0.0923252">
    <tag k="button_operated" v="yes"/>
    <tag k="crossing" v="traffic_signals"/>
    <tag k="crossing:island" v="no"/>
    <tag k="crossing:markings" v="dots"/>
    <tag k="crossing:signals" v="yes"/>
    <tag k="crossing_ref" v="pelican"/>
    <tag k="highway" v="crossing"/>
    <tag k="tactile_paving" v="yes"/>
    <tag k="traffic_signals:sound" v="no"/>
    <tag k="traffic_signals:vibration" v="yes"/>
  </node>
  <node id="2193050382" lat="51.5126727" lon="-0.0865103"/>
  <node id="2195709210" lat="51.5124749" lon="-0.0866771"/>
  <node id="2195965722" lat="51.5129120" lon="-0.0882548"/>
  <node id="2195965723" lat="51.5122285" lon="-0.0876378"/>
  <node id="2218340965" lat="51.5134009" lon="-0.0897462"/>
  <node id="2218344498" lat="51.5133161" lon="-0.0878870"/>
  <node id="2218344501" lat="51.5133794" lon="-0.0884750">
    <tag k="cycleway" v="asl"/>
    <tag k="direction" v="backward"/>
  </node>
  <node id="2218344505" lat="51.5133597" lon="-0.0881346"/>
  <node id="2218344508" lat="51.5133641" lon="-0.0863071">
    <tag k="button_operated" v="yes"/>
    <tag k="crossing" v="traffic_signals"/>
    <tag k="crossing:island" v="no"/>
    <tag k="crossing_ref" v="pelican"/>
    <tag k="highway" v="crossing"/>
    <tag k="kerb" v="lowered"/>
    <tag k="tactile_paving" v="yes"/>
    <tag k="traffic_signals:sound" v="no"/>
    <tag k="traffic_signals:vibration" v="yes"/>
  </node>
  <node id="2218344509" lat="51.5133605" lon="-0.0878779"/>
  <node id="2218344510" lat="51.5133634" lon="-0.0864125"/>
  <node id="2218344511" lat="51.5133527" lon="-0.0866983"/>
  <node id="2218344518" lat="51.5133737" lon="-0.0880077"/>
  <node id="2218362306" lat="51.5132177" lon="-0.0900467"/>
  <node id="2218362310" lat="51.5131983" lon="-0.0887750">
    <tag k="cycleway" v="asl"/>
    <tag k="direction" v="forward"/>
  </node>
  <node id="2218362314" lat="51.5131167" lon="-0.0886844"/>
  <node id="2218362321" lat="51.5135826" lon="-0.0890466">
    <tag k="highway" v="traffic_signals"/>
    <tag k="traffic_signals:direction" v="forward"/>
  </node>
  <node id="2218362336" lat="51.5132906" lon="-0.0899977"/>
  <node id="2218364543" lat="51.5133780" lon="-0.0895756">
    <tag k="highway" v="traffic_signals"/>
    <tag k="traffic_signals:direction" v="backward"/>
  </node>
  <node id="2279592862" lat="51.5114965" lon="-0.0882374"/>
  <node id="2283341763" lat="51.5138302" lon="-0.0861499"/>
  <node id="2283341764" lat="51.5138397" lon="-0.0861619"/>
  <node id="2283341765" lat="51.5138434" lon="-0.0862028"/>
  <node id="2283341766" lat="51.5138485" lon="-0.0862190"/>
  <node id="2283341767" lat="51.5138472" lon="-0.0861731"/>
  <node id="2283341770" lat="51.5139807" lon="-0.0863977"/>
  <node id="2283341771" lat="51.5140019" lon="-0.0864091"/>
  <node id="2283341772" lat="51.5140222" lon="-0.0863955"/>
  <node id="2297373047" lat="51.5139414" lon="-0.0871110">
    <tag k="crossing" v="unmarked"/>
    <tag k="crossing:island" v="yes"/>
    <tag k="crossing:markings" v="no"/>
    <tag k="highway" v="crossing"/>
    <tag k="tactile_paving" v="no"/>
  </node>
  <node id="2297390019" lat="51.5143908" lon="-0.0862646">
    <tag k="barrier" v="bollard"/>
  </node>
  <node id="2334502396" lat="51.5133322" lon="-0.0940796">
    <tag k="entrance" v="main"/>
  </node>
  <node id="2378843912" lat="51.5109461" lon="-0.0864492">
    <tag k="level" v="0"/>
    <tag k="name" v="Monument"/>
    <tag k="railway" v="subway_entrance"/>
    <tag k="ref" v="D"/>
    <tag k="source" v="Bing;photographic_survey"/>
    <tag k="wheelchair" v="no"/>
  </node>
  <node id="2385448039" lat="51.5138598" lon="-0.0864699"/>
  <node id="2385448040" lat="51.5138189" lon="-0.0861858"/>
  <node id="2385448043" lat="51.5134291" lon="-0.0863065"/>
  <node id="2385448044" lat="51.5134356" lon="-0.0863365"/>
  <node id="2385448045" lat="51.5134577" lon="-0.0863691"/>
  <node id="2385448046" lat="51.5138553" lon="-0.0864757"/>
  <node id="2387194123" lat="51.5126763" lon="-0.0922703">
    <tag k="button_operated" v="yes"/>
    <tag k="crossing" v="traffic_signals"/>
    <tag k="crossing:markings" v="dots"/>
    <tag k="crossing:signals" v="yes"/>
    <tag k="highway" v="crossing"/>
    <tag k="tactile_paving" v="yes"/>
    <tag k="traffic_signals:sound" v="yes"/>
    <tag k="traffic_signals:vibration" v="no"/>
  </node>
  <node id="2387194126" lat="51.5127394" lon="-0.0924902"/>
  <node id="2387194127" lat="51.5128120" lon="-0.0924809">
    <tag k="button_operated" v="yes"/>
    <tag k="crossing" v="traffic_signals"/>
    <tag k="crossing:island" v="yes"/>
    <tag k="crossing:markings" v="dots"/>
    <tag k="crossing:signals" v="yes"/>
    <tag k="crossing_ref" v="pelican"/>
    <tag k="highway" v="crossing"/>
    <tag k="tactile_paving" v="yes"/>
    <tag k="traffic_signals:sound" v="yes"/>
    <tag k="traffic_signals:vibration" v="yes"/>
  </node>
  <node id="2387194128" lat="51.5126950" lon="-0.0924995"/>
  <node id="2387194129" lat="51.5128090" lon="-0.0928377"/>
  <node id="2387194131" lat="51.5127363" lon="-0.0923083">
    <tag k="button_operated" v="yes"/>
    <tag k="crossing" v="traffic_signals"/>
    <tag k="crossing:markings" v="dots"/>
    <tag k="crossing:signals" v="yes"/>
    <tag k="highway" v="crossing"/>
    <tag k="tactile_paving" v="yes"/>
    <tag k="traffic_signals:sound" v="yes"/>
    <tag k="traffic_signals:vibration" v="no"/>
  </node>
  <node id="2387194133" lat="51.5126474" lon="-0.0927190">
    <tag k="button_operated" v="yes"/>
    <tag k="crossing" v="traffic_signals"/>
    <tag k="crossing:markings" v="dots"/>
    <tag k="crossing:signals" v="yes"/>
    <tag k="crossing_ref" v="pelican"/>
    <tag k="highway" v="crossing"/>
    <tag k="tactile_paving" v="yes"/>
  </node>
  <node id="2387194134" lat="51.5127205" lon="-0.0922983">
    <tag k="barrier" v="kerb"/>
    <tag k="kerb" v="lowered"/>
  </node>
  <node id="2387194137" lat="51.5124576" lon="-0.0933961"/>
  <node id="2387194148" lat="51.5129101" lon="-0.0924708">
    <tag k="highway" v="traffic_signals"/>
    <tag k="traffic_signals:direction" v="backward"/>
  </node>
  <node id="2387194149" lat="51.5125813" lon="-0.0926778">
    <tag k="button_operated" v="yes"/>
    <tag k="crossing" v="traffic_signals"/>
    <tag k="crossing:markings" v="dots"/>
    <tag k="crossing:signals" v="yes"/>
    <tag k="crossing_ref" v="pelican"/>
    <tag k="highway" v="crossing"/>
  </node>
  <node id="2387194150" lat="51.5126261" lon="-0.0924861"/>
  <node id="2387194154" lat="51.5124776" lon="-0.0932913"/>
  <node id="2387194156" lat="51.5125592" lon="-0.0930982"/>
  <node id="2387194157" lat="51.5126310" lon="-0.0927919">
    <tag k="cycleway" v="asl"/>
    <tag k="direction" v="forward"/>
  </node>
  <node id="2387194158" lat="51.5118326" lon="-0.0928581">
    <tag k="crossing" v="marked"/>
    <tag k="crossing:markings" v="surface"/>
    <tag k="highway" v="crossing"/>
    <tag k="ref:GB:tflcid" v="RWG065310"/>
    <tag k="traffic_calming" v="hump"/>
  </node>
  <node id="2387195344" lat="51.5125703" lon="-0.0925143"/>
  <node id="2387195347" lat="51.5125296" lon="-0.0925287"/>
  <node id="2387200056" lat="51.5127687" lon="-0.0927118">
    <tag k="barrier" v="swing_gate"/>
    <tag k="bicycle" v="yes"/>
    <tag k="foot" v="yes"/>
  </node>
  <node id="2387200059" lat="51.5129340" lon="-0.0932872"/>
  <node id="2387207417" lat="51.5124974" lon="-0.0940933">
    <tag k="cycleway" v="asl"/>
    <tag k="direction" v="forward"/>
  </node>
  <node id="2387207418" lat="51.5125122" lon="-0.0941992">
    <tag k="highway" v="traffic_signals"/>
    <tag k="traffic_signals:direction" v="forward"/>
  </node>
  <node id="2387207421" lat="51.5123163" lon="-0.0942644">
    <tag k="cycleway" v="asl"/>
    <tag k="direction" v="forward"/>
  </node>
  <node id="2387207423" lat="51.5124493" lon="-0.0932119">
    <tag k="highway" v="traffic_signals"/>
    <tag k="traffic_signals:direction" v="forward"/>
  </node>
  <node id="2387207425" lat="51.5122723" lon="-0.0934341">
    <tag k="cycleway" v="asl"/>
    <tag k="direction" v="forward"/>
  </node>
  <node id="2387207426" lat="51.5122631" lon="-0.0933281">
    <tag k="highway" v="traffic_signals"/>
    <tag k="traffic_signals:direction" v="forward"/>
  </node>
  <node id="2387209415" lat="51.5122486" lon="-0.0937501"/>
  <node id="2387210650" lat="51.5125134" lon="-0.0937190"/>
  <node id="2387212189" lat="51.5124699" lon="-0.0943741"/>
  <node id="2387220933" lat="51.5141397" lon="-0.0859929">
    <tag k="button_operated" v="yes"/>
    <tag k="crossing" v="traffic_signals"/>
    <tag k="highway" v="crossing"/>
    <tag k="tactile_paving" v="yes"/>
  </node>
  <node id="2387224474" lat="51.5134467" lon="-0.0899805">
    <tag k="cycleway" v="asl"/>
    <tag k="direction" v="forward"/>
  </node>
  <node id="2387224475" lat="51.5134584" lon="-0.0900508">
    <tag k="highway" v="traffic_signals"/>
    <tag k="traffic_signals:direction" v="forward"/>
  </node>
  <node id="2387226304" lat="51.5130301" lon="-0.0905212"/>
  <node id="2387226307" lat="51.5130556" lon="-0.0905405"/>
  <node id="2387226309" lat="51.5131124" lon="-0.0905756"/>
  <node id="2387226311" lat="51.5129980" lon="-0.0904906"/>
  <node id="2387226313" lat="51.5129780" lon="-0.0904624"/>
  <node id="2389802901" lat="51.5114222" lon="-0.0882838"/>
  <node id="2389802904" lat="51.5115635" lon="-0.0881866"/>
  <node id="2389868966" lat="51.5113607" lon="-0.0906107">
    <tag k="level" v="-1"/>
    <tag k="name" v="Cannon Street"/>
    <tag k="railway" v="subway_entrance"/>
    <tag k="wheelchair" v="no"/>
  </node>
  <node id="2406484451" lat="51.5146945" lon="-0.0895083"/>
  <node id="2406484452" lat="51.5147114" lon="-0.0893567">
    <tag k="highway" v="traffic_signals"/>
    <tag k="traffic_signals:direction" v="forward"/>
  </node>
  <node id="2406484453" lat="51.5147011" lon="-0.0891754"/>
  <node id="2406484454" lat="51.5147195" lon="-0.0894233">
    <tag k="cycleway" v="asl"/>
    <tag k="direction" v="forward"/>
  </node>
  <node id="2406484455" lat="51.5147296" lon="-0.0894933">
    <tag k="button_operated" v="yes"/>
    <tag k="crossing" v="traffic_signals"/>
    <tag k="crossing:markings" v="dots"/>
    <tag k="crossing:signals" v="yes"/>
    <tag k="crossing_ref" v="pelican"/>
    <tag k="highway" v="crossing"/>
    <tag k="source" v="Bing;photographic_survey"/>
    <tag k="tactile_paving" v="incorrect"/>
    <tag k="traffic_signals:sound" v="yes"/>
    <tag k="traffic_signals:vibration" v="yes"/>
  </node>
  <node id="2406484460" lat="51.5147447" lon="-0.0895703"/>
  <node id="2406484479" lat="51.5148101" lon="-0.0895417"/>
  <node id="2406484481" lat="51.5148193" lon="-0.0894580"/>
  <node id="2490721964" lat="51.5148815" lon="-0.0856964"/>
  <node id="2504822139" lat="51.5112292" lon="-0.0943682">
    <tag k="crossing" v="unmarked"/>
    <tag k="crossing:markings" v="no"/>
    <tag k="highway" v="crossing"/>
  </node>
  <node id="2528522500" lat="51.5134890" lon="-0.0885464">
    <tag k="barrier" v="kerb"/>
    <tag k="kerb" v="flush"/>
    <tag k="tactile_paving" v="yes"/>
  </node>
  <node id="2528522522" lat="51.5132567" lon="-0.0887368"/>
  <node id="2528522534" lat="51.5134216" lon="-0.0885335">
    <tag k="barrier" v="kerb"/>
    <tag k="kerb" v="flush"/>
    <tag k="tactile_paving" v="yes"/>
  </node>
  <node id="2538458886" lat="51.5132433" lon="-0.0890587">
    <tag k="crossing" v="unmarked"/>
    <tag k="crossing:island" v="no"/>
    <tag k="crossing:markings" v="no"/>
    <tag k="highway" v="crossing"/>
  </node>
  <node id="2538458887" lat="51.5132535" lon="-0.0872722"/>
  <node id="2538458888" lat="51.5129468" lon="-0.0883092">
    <tag k="barrier" v="kerb"/>
    <tag k="kerb" v="lowered"/>
  </node>
  <node id="2538458889" lat="51.5126497" lon="-0.0870943"/>
  <node id="2538458890" lat="51.5132341" lon="-0.0890097"/>
  <node id="2538458891" lat="51.5134247" lon="-0.0892825"/>
  <node id="2538458893" lat="51.5130070" lon="-0.0882317"/>
  <node id="2538458894" lat="51.5132848" lon="-0.0893150"/>
  <node id="2538458895" lat="51.5134262" lon="-0.0892518"/>
  <node id="2538458897" lat="51.5132667" lon="-0.0878348"/>
  <node id="2538458898" lat="51.5129054" lon="-0.0882790">
    <tag k="crossing" v="unmarked"/>
    <tag k="crossing:markings" v="no"/>
    <tag k="highway" v="crossing"/>
    <tag k="tactile_paving" v="no"/>
  </node>
  <node id="2538458899" lat="51.5127628" lon="-0.0874493"/>
  <node id="2538458900" lat="51.5132609" lon="-0.0891595"/>
  <node id="2538458901" lat="51.5135780" lon="-0.0886962">
    <tag k="barrier" v="kerb"/>
    <tag k="kerb" v="flush"/>
    <tag k="tactile_paving" v="yes"/>
  </node>
  <node id="2538458902" lat="51.5130612" lon="-0.0884872"/>
  <node id="2538458903" lat="51.5132008" lon="-0.0888896"/>
  <node id="2538458904" lat="51.5129145" lon="-0.0879547"/>
  <node id="2538458905" lat="51.5135182" lon="-0.0891246"/>
  <node id="2566132609" lat="51.5112266" lon="-0.0940242"/>
  <node id="2566132610" lat="51.5111982" lon="-0.0934464"/>
  <node id="2566132611" lat="51.5111886" lon="-0.0933558">
    <tag k="crossing" v="informal"/>
  </node>
  <node id="2622206765" lat="51.5134912" lon="-0.0885500"/>
  <node id="2622210363" lat="51.5135594" lon="-0.0882493">
    <tag k="level" v="-1"/>
  </node>
  <node id="2622210364" lat="51.5135800" lon="-0.0881748">
    <tag k="level" v="0"/>
    <tag k="name" v="Bank station, Exit 3"/>
    <tag k="railway" v="subway_entrance"/>
    <tag k="ref" v="3"/>
    <tag k="wheelchair" v="no"/>
  </node>
  <node id="2622212858" lat="51.5133895" lon="-0.0878788"/>
  <node id="2622212860" lat="51.5133952" lon="-0.0880709"/>
  <node id="2622212862" lat="51.5134009" lon="-0.0882986"/>
  <node id="2622212865" lat="51.5134025" lon="-0.0883653"/>
  <node id="2622212867" lat="51.5134032" lon="-0.0883912"/>
  <node id="2622212869" lat="51.5134081" lon="-0.0884398"/>
  <node id="2622212870" lat="51.5134143" lon="-0.0882982"/>
  <node id="2622212872" lat="51.5134150" lon="-0.0883655"/>
  <node id="2622212873" lat="51.5134162" lon="-0.0884771"/>
  <node id="2622212874" lat="51.5134221" lon="-0.0882980"/>
  <node id="2622212876" lat="51.5134237" lon="-0.0883656"/>
  <node id="2622212878" lat="51.5134319" lon="-0.0880830"/>
  <node id="2622212879" lat="51.5134271" lon="-0.0885099"/>
  <node id="2622212881" lat="51.5134386" lon="-0.0884339"/>
  <node id="2622212883" lat="51.5134388" lon="-0.0884003"/>
  <node id="2622212885" lat="51.5134390" lon="-0.0883658"/>
  <node id="2622212887" lat="51.5134392" lon="-0.0883332"/>
  <node id="2622212889" lat="51.5134394" lon="-0.0882974"/>
  <node id="2622212891" lat="51.5134408" lon="-0.0885285"/>
  <node id="2622212893" lat="51.5134426" lon="-0.0884578"/>
  <node id="2622212895" lat="51.5134493" lon="-0.0884714"/>
  <node id="2622212897" lat="51.5134575" lon="-0.0885353"/>
  <node id="2622212899" lat="51.5134586" lon="-0.0885073"/>
  <node id="2622212901" lat="51.5134591" lon="-0.0884931"/>
  <node id="2622212903" lat="51.5134597" lon="-0.0884774"/>
  <node id="2622212904" lat="51.5134601" lon="-0.0885364"/>
  <node id="2622212906" lat="51.5134692" lon="-0.0884766"/>
  <node id="2622212910" lat="51.5134803" lon="-0.0883352"/>
  <node id="2622212912" lat="51.5134806" lon="-0.0884706"/>
  <node id="2622212914" lat="51.5134960" lon="-0.0882352"/>
  <node id="2622212915" lat="51.5134900" lon="-0.0884498"/>
  <node id="2622212917" lat="51.5134935" lon="-0.0885206"/>
  <node id="2622212919" lat="51.5135042" lon="-0.0881581"/>
  <node id="2622212921" lat="51.5134995" lon="-0.0884203"/>
  <node id="2622212923" lat="51.5135066" lon="-0.0881375"/>
  <node id="2622212925" lat="51.5135100" lon="-0.0881116"/>
  <node id="2622212927" lat="51.5135087" lon="-0.0883867"/>
  <node id="2622212928" lat="51.5135104" lon="-0.0884986"/>
  <node id="2622212930" lat="51.5135157" lon="-0.0883576"/>
  <node id="2622212932" lat="51.5135193" lon="-0.0883936"/>
  <node id="2622212933" lat="51.5135234" lon="-0.0883257"/>
  <node id="2622212934" lat="51.5135238" lon="-0.0884647"/>
  <node id="2622212935" lat="51.5135286" lon="-0.0883997"/>
  <node id="2622212936" lat="51.5135351" lon="-0.0883342"/>
  <node id="2622212937" lat="51.5135393" lon="-0.0884066"/>
  <node id="2622212938" lat="51.5135448" lon="-0.0883413"/>
  <node id="2622212939" lat="51.5135548" lon="-0.0883487"/>
  <node id="2622212940" lat="51.5135635" lon="-0.0883161"/>
  <node id="2622212941" lat="51.5135910" lon="-0.0881353"/>
  <node id="2622212942" lat="51.5136139" lon="-0.0881451"/>
  <node id="2622212943" lat="51.5137190" lon="-0.0878331"/>
  <node id="2622215142" lat="51.5132217" lon="-0.0886862"/>
  <node id="2622215154" lat="51.5132893" lon="-0.0886865"/>
  <node id="2622219462" lat="51.5132509" lon="-0.0887535">
    <tag k="barrier" v="kerb"/>
    <tag k="kerb" v="lowered"/>
    <tag k="tactile_paving" v="yes"/>
  </node>
  <node id="2622222657" lat="51.5131043" lon="-0.0885300"/>
  <node id="2622222658" lat="51.5131564" lon="-0.0886164"/>
  <node id="2622222659" lat="51.5131951" lon="-0.0886422"/>
  <node id="2622222660" lat="51.5132311" lon="-0.0886488"/>
  <node id="2622222661" lat="51.5132548" lon="-0.0886432"/>
  <node id="2622222662" lat="51.5132679" lon="-0.0886344"/>
  <node id="2622222663" lat="51.5132760" lon="-0.0887349"/>
  <node id="2622222664" lat="51.5132814" lon="-0.0886180"/>
  <node id="2622222665" lat="51.5132937" lon="-0.0887238"/>
  <node id="2622222666" lat="51.5133037" lon="-0.0884072"/>
  <node id="2622222667" lat="51.5133069" lon="-0.0887028"/>
  <node id="2622222668" lat="51.5133103" lon="-0.0885457"/>
  <node id="2622222669" lat="51.5133192" lon="-0.0886688"/>
  <node id="2622404466" lat="51.5134264" lon="-0.0892088">
    <tag k="level" v="0"/>
    <tag k="name" v="Bank station, Exit 1"/>
    <tag k="railway" v="subway_entrance"/>
    <tag k="ref" v="1"/>
    <tag k="wheelchair" v="no"/>
  </node>
  <node id="2622404468" lat="51.5134336" lon="-0.0891906"/>
  <node id="2622404470" lat="51.5134484" lon="-0.0891661">
    <tag k="level" v="-0.8"/>
  </node>
  <node id="2622404472" lat="51.5134712" lon="-0.0891388">
    <tag k="level" v="-0.8"/>
  </node>
  <node id="2622404474" lat="51.5134869" lon="-0.0891275"/>
  <node id="2622404476" lat="51.5135070" lon="-0.0891244">
    <tag k="level" v="0"/>
    <tag k="name" v="Bank station, Exit 1"/>
    <tag k="railway" v="subway_entrance"/>
    <tag k="ref" v="1"/>
    <tag k="wheelchair" v="no"/>
  </node>
  <node id="2622424243" lat="51.5139150" lon="-0.0867559"/>
  <node id="2632806026" lat="51.5109435" lon="-0.0859343"/>
  <node id="2642612586" lat="51.5160803" lon="-0.0878267"/>
  <node id="2642857103" lat="51.5129517" lon="-0.0869809"/>
  <node id="2642857109" lat="51.5129591" lon="-0.0869040"/>
  <node id="2642857114" lat="51.5129875" lon="-0.0871804"/>
  <node id="2642857171" lat="51.5131638" lon="-0.0862135"/>
  <node id="2642857183" lat="51.5132262" lon="-0.0872753"/>
  <node id="2642857185" lat="51.5132648" lon="-0.0869271"/>
  <node id="2642857191" lat="51.5134171" lon="-0.0871509">
    <tag k="entrance" v="yes"/>
    <tag k="highway" v="steps"/>
  </node>
  <node id="2642857197" lat="51.5136914" lon="-0.0866140">
    <tag k="entrance" v="yes"/>
  </node>
  <node id="2642857199" lat="51.5136805" lon="-0.0864948"/>
  <node id="2642857203" lat="51.5138282" lon="-0.0872605">
    <tag k="entrance" v="yes"/>
    <tag k="highway" v="steps"/>
  </node>
  <node id="2642857212" lat="51.5140333" lon="-0.0857595"/>
  <node id="2642878568" lat="51.5145957" lon="-0.0877666"/>
  <node id="2642878569" lat="51.5146405" lon="-0.0878515"/>
  <node id="2642878644" lat="51.5154693" lon="-0.0880837"/>
  <node id="2651104560" lat="51.5125896" lon="-0.0927314"/>
  <node id="2651104562" lat="51.5125912" lon="-0.0927442"/>
  <node id="2651104564" lat="51.5125970" lon="-0.0927530"/>
  <node id="2651104565" lat="51.5126044" lon="-0.0927565"/>
  <node id="2651104566" lat="51.5126121" lon="-0.0927512"/>
  <node id="2651104569" lat="51.5126245" lon="-0.0925915"/>
  <node id="2651104570" lat="51.5126383" lon="-0.0925885"/>
  <node id="2651104571" lat="51.5126448" lon="-0.0926048"/>
  <node id="2651104572" lat="51.5126932" lon="-0.0923281"/>
  <node id="2651104575" lat="51.5126942" lon="-0.0923411"/>
  <node id="2651104576" lat="51.5126975" lon="-0.0923452"/>
  <node id="2651104577" lat="51.5127034" lon="-0.0923468"/>
  <node id="2651104580" lat="51.5127073" lon="-0.0923442"/>
  <node id="2651104581" lat="51.5127111" lon="-0.0923348"/>
  <node id="2651104582" lat="51.5127140" lon="-0.0922520"/>
  <node id="2651104584" lat="51.5127178" lon="-0.0922480"/>
  <node id="2651104586" lat="51.5127234" lon="-0.0922504"/>
  <node id="2651104587" lat="51.5127267" lon="-0.0922554"/>
  <node id="2651104589" lat="51.5127276" lon="-0.0922638"/>
  <node id="2651107033" lat="51.5124316" lon="-0.0939924"/>
  <node id="2651107034" lat="51.5124319" lon="-0.0940021"/>
  <node id="2651107035" lat="51.5124341" lon="-0.0939834"/>
  <node id="2651107036" lat="51.5124382" lon="-0.0934413"/>
  <node id="2651107037" lat="51.5124453" lon="-0.0939777"/>
  <node id="2651107038" lat="51.5124446" lon="-0.0934551"/>
  <node id="2651107039" lat="51.5124493" lon="-0.0934582"/>
  <node id="2651107040" lat="51.5124518" lon="-0.0939814"/>
  <node id="2651107041" lat="51.5124574" lon="-0.0939911"/>
  <node id="2651107042" lat="51.5124571" lon="-0.0934590"/>
  <node id="2651107043" lat="51.5124625" lon="-0.0934504"/>
  <node id="2651107044" lat="51.5124650" lon="-0.0942359"/>
  <node id="2651107045" lat="51.5124715" lon="-0.0932547"/>
  <node id="2651107046" lat="51.5124769" lon="-0.0942863"/>
  <node id="2651107047" lat="51.5124760" lon="-0.0932515"/>
  <node id="2651107048" lat="51.5124936" lon="-0.0932622"/>
  <node id="2651107049" lat="51.5124948" lon="-0.0932708"/>
  <node id="2651107051" lat="51.5124984" lon="-0.0943615"/>
  <node id="2651107052" lat="51.5125035" lon="-0.0943644"/>
  <node id="2651107053" lat="51.5125073" lon="-0.0943619"/>
  <node id="2651107055" lat="51.5125103" lon="-0.0943550"/>
  <node id="2684431448" lat="51.5118366" lon="-0.0928259"/>
  <node id="2684431449" lat="51.5118685" lon="-0.0928300"/>
  <node id="2793874522" lat="51.5117981" lon="-0.0851957">
    <tag k="button_operated" v="yes"/>
    <tag k="crossing" v="traffic_signals"/>
    <tag k="crossing:island" v="yes"/>
    <tag k="crossing:signals" v="yes"/>
    <tag k="highway" v="crossing"/>
    <tag k="kerb" v="lowered"/>
    <tag k="tactile_paving" v="yes"/>
    <tag k="traffic_signals:sound" v="no"/>
    <tag k="traffic_signals:vibration" v="yes"/>
  </node>
  <node id="2793874528" lat="51.5127018" lon="-0.0853623"/>
  <node id="2793874529" lat="51.5127088" lon="-0.0853844"/>
  <node id="2793874531" lat="51.5127163" lon="-0.0853512"/>
  <node id="2793874532" lat="51.5127254" lon="-0.0854809"/>
  <node id="2793874533" lat="51.5127284" lon="-0.0854518"/>
  <node id="2793874534" lat="51.5127457" lon="-0.0854127"/>
  <node id="2793874536" lat="51.5128020" lon="-0.0857550"/>
  <node id="2793874537" lat="51.5127678" lon="-0.0853528"/>
  <node id="2793874539" lat="51.5128182" lon="-0.0858047"/>
  <node id="2793874540" lat="51.5127853" lon="-0.0853534"/>
  <node id="2793874542" lat="51.5128521" lon="-0.0845646"/>
  <node id="2793874546" lat="51.5128551" lon="-0.0854630"/>
  <node id="2793874552" lat="51.5128747" lon="-0.0854991"/>
  <node id="2793874555" lat="51.5128915" lon="-0.0855329"/>
  <node id="2793874559" lat="51.5129170" lon="-0.0849898"/>
  <node id="2793874569" lat="51.5129550" lon="-0.0853213">
    <tag k="highway" v="steps"/>
  </node>
  <node id="2793874576" lat="51.5129730" lon="-0.0853416">
    <tag k="barrier" v="gate"/>
  </node>
  <node id="2793874583" lat="51.5130256" lon="-0.0860973"/>
  <node id="2793874587" lat="51.5130703" lon="-0.0853331"/>
  <node id="2793892935" lat="51.5130892" lon="-0.0847612"/>
  <node id="2793892937" lat="51.5130932" lon="-0.0847803"/>
  <node id="2793892940" lat="51.5132158" lon="-0.0848465"/>
  <node id="2793904918" lat="51.5133619" lon="-0.0848015"/>
  <node id="2793904931" lat="51.5134992" lon="-0.0860345"/>
  <node id="2793905032" lat="51.5144099" lon="-0.0843552">
    <tag k="barrier" v="gate"/>
  </node>
  <node id="2869062009" lat="51.5131540" lon="-0.0898307">
    <tag k="check_date:wheelchair" v="2025-03-24"/>
    <tag k="level" v="0"/>
    <tag k="name" v="Bank station, Exit 8"/>
    <tag k="railway" v="subway_entrance"/>
    <tag k="ref" v="8"/>
    <tag k="wheelchair" v="no"/>
  </node>
  <node id="2902624642" lat="51.5146504" lon="-0.0895237"/>
  <node id="2902624643" lat="51.5145783" lon="-0.0895809"/>
  <node id="2902624644" lat="51.5145398" lon="-0.0896458"/>
  <node id="2902624645" lat="51.5145180" lon="-0.0897074"/>
  <node id="2902624646" lat="51.5148332" lon="-0.0894509"/>
  <node id="2902624647" lat="51.5148662" lon="-0.0895261"/>
  <node id="2912075676" lat="51.5124569" lon="-0.0941792">
    <tag k="barrier" v="kerb"/>
    <tag k="kerb" v="lowered"/>
    <tag k="tactile_paving" v="no"/>
  </node>
  <node id="2912075677" lat="51.5124633" lon="-0.0940314">
    <tag k="barrier" v="kerb"/>
    <tag k="kerb" v="lowered"/>
  </node>
  <node id="2920433449" lat="51.5149848" lon="-0.0836837"/>
  <node id="2920433450" lat="51.5150282" lon="-0.0840942"/>
  <node id="2921782369" lat="51.5150989" lon="-0.0840207"/>
  <node id="2921782370" lat="51.5150408" lon="-0.0838409"/>
  <node id="2929116718" lat="51.5148626" lon="-0.0841529"/>
  <node id="2929116719" lat="51.5148163" lon="-0.0840738"/>
  <node id="2929116720" lat="51.5149430" lon="-0.0840392"/>
  <node id="2929116721" lat="51.5150028" lon="-0.0840439"/>
  <node id="2929116722" lat="51.5149710" lon="-0.0840878"/>
  <node id="2929116723" lat="51.5148831" lon="-0.0842046"/>
  <node id="2929116724" lat="51.5148475" lon="-0.0842524"/>
  <node id="2929116725" lat="51.5147722" lon="-0.0845089"/>
  <node id="2929116726" lat="51.5146000" lon="-0.0844271"/>
  <node id="2929116727" lat="51.5146785" lon="-0.0840068"/>
  <node id="2929116728" lat="51.5147519" lon="-0.0840442"/>
  <node id="2929116729" lat="51.5147337" lon="-0.0841539"/>
  <node id="2929116730" lat="51.5148587" lon="-0.0843512"/>
  <node id="2929352614" lat="51.5153017" lon="-0.0836859"/>
  <node id="2929352615" lat="51.5153574" lon="-0.0838688"/>
  <node id="2934268020" lat="51.5148038" lon="-0.0855324"/>
  <node id="2934268021" lat="51.5147945" lon="-0.0853761"/>
  <node id="2934268022" lat="51.5147126" lon="-0.0852214"/>
  <node id="2934268023" lat="51.5146161" lon="-0.0847145"/>
  <node id="2934268024" lat="51.5146030" lon="-0.0848425"/>
  <node id="2934268025" lat="51.5146610" lon="-0.0847918"/>
  <node id="2934268026" lat="51.5147565" lon="-0.0846373"/>
  <node id="2934268027" lat="51.5147306" lon="-0.0845915"/>
  <node id="2934268028" lat="51.5147509" lon="-0.0844990"/>
  <node id="2934268029" lat="51.5146376" lon="-0.0845885"/>
  <node id="2934268030" lat="51.5146459" lon="-0.0845417"/>
  <node id="2934268031" lat="51.5146819" lon="-0.0851353"/>
  <node id="2934268032" lat="51.5146862" lon="-0.0851263"/>
  <node id="2934268033" lat="51.5147154" lon="-0.0850784"/>
  <node id="2934268034" lat="51.5146142" lon="-0.0849158"/>
  <node id="2934268035" lat="51.5146591" lon="-0.0848182"/>
  <node id="2934268036" lat="51.5146478" lon="-0.0848033"/>
  <node id="2934268037" lat="51.5146174" lon="-0.0847745"/>
  <node id="2934268038" lat="51.5146440" lon="-0.0846149"/>
  <node id="2934268039" lat="51.5146338" lon="-0.0846110"/>
  <node id="2934268040" lat="51.5145700" lon="-0.0845763"/>
  <node id="2934268041" lat="51.5145586" lon="-0.0846464"/>
  <node id="2934268042" lat="51.5146073" lon="-0.0846647"/>
  <node id="2934268043" lat="51.5145845" lon="-0.0849320"/>
  <node id="2935536501" lat="51.5111880" lon="-0.0854546"/>
  <node id="2987960040" lat="51.5156229" lon="-0.0882444"/>
  <node id="2987960041" lat="51.5156801" lon="-0.0891898"/>
  <node id="2990651920" lat="51.5165437" lon="-0.0914533"/>
  <node id="2990651921" lat="51.5164267" lon="-0.0914192"/>
  <node id="3061197976" lat="51.5113077" lon="-0.0865337"/>
  <node id="3076574284" lat="51.5119036" lon="-0.0945583"/>
  <node id="3100169049" lat="51.5118793" lon="-0.0906299"/>
  <node id="3100169050" lat="51.5123810" lon="-0.0903371"/>
  <node id="3108311329" lat="51.5112759" lon="-0.0847023"/>
  <node id="3114645200" lat="51.5157349" lon="-0.0858515"/>
  <node id="3114645201" lat="51.5159766" lon="-0.0857495"/>
  <node id="3136301319" lat="51.5133971" lon="-0.0891397"/>
  <node id="3136301320" lat="51.5132194" lon="-0.0889121"/>
  <node id="3136301321" lat="51.5132781" lon="-0.0887825"/>
  <node id="3136301323" lat="51.5130373" lon="-0.0889169"/>
  <node id="3136301324" lat="51.5132493" lon="-0.0890641"/>
  <node id="3136301325" lat="51.5135293" lon="-0.0885416"/>
  <node id="3136301328" lat="51.5134592" lon="-0.0891526"/>
  <node id="3136301730" lat="51.5134315" lon="-0.0890887"/>
  <node id="3136301731" lat="51.5133855" lon="-0.0885583"/>
  <node id="3136311315" lat="51.5133530" lon="-0.0891827"/>
  <node id="3136311316" lat="51.5133708" lon="-0.0894513"/>
  <node id="3136311317" lat="51.5134163" lon="-0.0901433"/>
  <node id="3139655930" lat="51.5129609" lon="-0.0909065"/>
  <node id="3139655933" lat="51.5130243" lon="-0.0909519"/>
  <node id="3139677982" lat="51.5134495" lon="-0.0890205"/>
  <node id="3139682860" lat="51.5134351" lon="-0.0882126">
    <tag k="level" v="-1"/>
  </node>
  <node id="3139682861" lat="51.5132620" lon="-0.0887399">
    <tag k="level" v="-1"/>
  </node>
  <node id="3139703895" lat="51.5133262" lon="-0.0889441"/>
  <node id="3139703896" lat="51.5133526" lon="-0.0889741"/>
  <node id="3139705122" lat="51.5135243" lon="-0.0888893">
    <tag k="level" v="-1"/>
  </node>
  <node id="3139705124" lat="51.5134875" lon="-0.0888804"/>
  <node id="3141814027" lat="51.5133679" lon="-0.0900571"/>
  <node id="3141814028" lat="51.5130149" lon="-0.0901552"/>
  <node id="3141817429" lat="51.5133344" lon="-0.0899204"/>
  <node id="3141817431" lat="51.5133068" lon="-0.0896007">
    <tag k="level" v="-1"/>
  </node>
  <node id="3141817432" lat="51.5133001" lon="-0.0896238">
    <tag k="level" v="-1.1;-1.2"/>
  </node>
  <node id="3141897523" lat="51.5134231" lon="-0.0889968">
    <tag k="barrier" v="ticket"/>
  </node>
  <node id="3141897526" lat="51.5125436" lon="-0.0885052">
    <tag k="level" v="-4"/>
  </node>
  <node id="3153656028" lat="51.5108998" lon="-0.0867963"/>
  <node id="3153777200" lat="51.5109743" lon="-0.0867439"/>
  <node id="3153777208" lat="51.5114290" lon="-0.0872796"/>
  <node id="3153777213" lat="51.5125750" lon="-0.0881490">
    <tag k="level" v="-4"/>
  </node>
  <node id="3158794148" lat="51.5119271" lon="-0.0877302"/>
  <node id="3158794151" lat="51.5119566" lon="-0.0876247"/>
  <node id="3215687074" lat="51.5116447" lon="-0.0836201">
    <tag k="button_operated" v="yes"/>
    <tag k="crossing" v="traffic_signals"/>
    <tag k="crossing:island" v="no"/>
    <tag k="crossing:markings" v="dots"/>
    <tag k="crossing:signals" v="yes"/>
    <tag k="highway" v="crossing"/>
    <tag k="kerb" v="lowered"/>
    <tag k="tactile_paving" v="yes"/>
    <tag k="traffic_signals:arrow" v="no"/>
    <tag k="traffic_signals:countdown" v="no"/>
    <tag k="traffic_signals:minimap" v="no"/>
    <tag k="traffic_signals:sound" v="walk"/>
    <tag k="traffic_signals:vibration" v="no"/>
  </node>
  <node id="3233714192" lat="51.5119397" lon="-0.0938810"/>
  <node id="3233714193" lat="51.5119468" lon="-0.0939789"/>
  <node id="3233714194" lat="51.5119590" lon="-0.0937793">
    <tag k="crossing" v="unmarked"/>
    <tag k="crossing:markings" v="no"/>
    <tag k="highway" v="crossing"/>
  </node>
  <node id="3233714195" lat="51.5119531" lon="-0.0937365"/>
  <node id="3233714197" lat="51.5119658" lon="-0.0938259">
    <tag k="direction" v="forward"/>
    <tag k="highway" v="give_way"/>
  </node>
  <node id="3233714198" lat="51.5120009" lon="-0.0942970">
    <tag k="highway" v="give_way"/>
  </node>
  <node id="3247932481" lat="51.5137580" lon="-0.0840070"/>
  <node id="3272712566" lat="51.5110563" lon="-0.0840986"/>
  <node id="3272712567" lat="51.5110414" lon="-0.0840285"/>
  <node id="3272712568" lat="51.5110346" lon="-0.0839626"/>
  <node id="3272782433" lat="51.5111226" lon="-0.0840676"/>
  <node id="3307352612" lat="51.5127152" lon="-0.0854937"/>
  <node id="3307352613" lat="51.5131533" lon="-0.0865062"/>
  <node id="3334162601" lat="51.5157655" lon="-0.0840821"/>
  <node id="3334162602" lat="51.5157273" lon="-0.0839652"/>
  <node id="3334162605" lat="51.5155117" lon="-0.0842079"/>
  <node id="3334764218" lat="51.5158237" lon="-0.0863662">
    <tag k="barrier" v="gate"/>
  </node>
  <node id="3375451555" lat="51.5129226" lon="-0.0842504"/>
  <node id="3375451557" lat="51.5133629" lon="-0.0839647"/>
  <node id="3375451558" lat="51.5130639" lon="-0.0841939"/>
  <node id="3375451559" lat="51.5133680" lon="-0.0838662"/>
  <node id="3381130086" lat="51.5131717" lon="-0.0842600">
    <tag k="crossing" v="no"/>
    <tag k="highway" v="traffic_signals"/>
    <tag k="traffic_signals" v="traffic_lights"/>
    <tag k="traffic_signals:direction" v="backward"/>
  </node>
  <node id="3381130087" lat="51.5132140" lon="-0.0842379">
    <tag k="cycleway" v="asl"/>
    <tag k="direction" v="backward"/>
  </node>
  <node id="3381130090" lat="51.5134157" lon="-0.0842731">
    <tag k="button_operated" v="yes"/>
    <tag k="crossing" v="traffic_signals"/>
    <tag k="crossing:island" v="no"/>
    <tag k="crossing:signals" v="yes"/>
    <tag k="crossing_ref" v="pelican"/>
    <tag k="highway" v="crossing"/>
    <tag k="tactile_paving" v="yes"/>
    <tag k="traffic_signals:sound" v="no"/>
    <tag k="traffic_signals:vibration" v="yes"/>
  </node>
  <node id="3381130091" lat="51.5134149" lon="-0.0843866">
    <tag k="crossing" v="no"/>
    <tag k="highway" v="traffic_signals"/>
    <tag k="traffic_signals" v="traffic_lights"/>
    <tag k="traffic_signals:direction" v="forward"/>
  </node>
  <node id="3381130092" lat="51.5135580" lon="-0.0840840">
    <tag k="button_operated" v="yes"/>
    <tag k="crossing" v="traffic_signals"/>
    <tag k="crossing:island" v="no"/>
    <tag k="crossing:markings" v="dots"/>
    <tag k="crossing:signals" v="yes"/>
    <tag k="crossing_ref" v="pelican"/>
    <tag k="highway" v="crossing"/>
    <tag k="tactile_paving" v="yes"/>
    <tag k="traffic_signals:sound" v="no"/>
    <tag k="traffic_signals:vibration" v="yes"/>
  </node>
  <node id="3381130493" lat="51.5136390" lon="-0.0840546">
    <tag k="crossing" v="no"/>
    <tag k="highway" v="traffic_signals"/>
    <tag k="traffic_signals" v="traffic_lights"/>
    <tag k="traffic_signals:direction" v="backward"/>
  </node>
  <node id="3392197130" lat="51.5142902" lon="-0.0909488"/>
  <node id="3393991755" lat="51.5152919" lon="-0.0844329"/>
  <node id="3393991756" lat="51.5151084" lon="-0.0840127"/>
  <node id="3393991757" lat="51.5150806" lon="-0.0840351"/>
  <node id="3393991758" lat="51.5150797" lon="-0.0842363"/>
  <node id="3393991759" lat="51.5152240" lon="-0.0845006"/>
  <node id="3393991760" lat="51.5152496" lon="-0.0844746"/>
  <node id="3393991775" lat="51.5154540" lon="-0.0843035"/>
  <node id="3393991776" lat="51.5154919" lon="-0.0842696"/>
  <node id="3393991777" lat="51.5155228" lon="-0.0842418"/>
  <node id="3393991778" lat="51.5153872" lon="-0.0838442"/>
  <node id="3499500226" lat="51.5128460" lon="-0.0917116">
    <tag k="bus" v="yes"/>
    <tag k="disused:public_transport" v="stop_position"/>
    <tag k="local_ref" v="MD"/>
    <tag k="name" v="Bank Station / Queen Victoria Street"/>
  </node>
  <node id="3499500263" lat="51.5137875" lon="-0.0877461"/>
  <node id="3499544028" lat="51.5142222" lon="-0.0851804">
    <tag k="bus" v="yes"/>
    <tag k="disused:public_transport" v="stop_position"/>
    <tag k="local_ref" v="LK"/>
    <tag k="name" v="Old Broad Street"/>
  </node>
  <node id="3517719434" lat="51.5141761" lon="-0.0855896">
    <tag k="bus" v="yes"/>
    <tag k="disused:public_transport" v="stop_position"/>
    <tag k="local_ref" v="LL"/>
    <tag k="name" v="Old Broad Street"/>
  </node>
  <node id="3517985666" lat="51.5129896" lon="-0.0911448">
    <tag k="bus" v="yes"/>
    <tag k="disused:public_transport" v="stop_position"/>
    <tag k="local_ref" v="H"/>
    <tag k="name" v="Bank Station / Queen Victoria Street"/>
  </node>
  <node id="3528774001" lat="51.5151882" lon="-0.0842225"/>
  <node id="3528774003" lat="51.5152775" lon="-0.0843919"/>
  <node id="3528774008" lat="51.5154413" lon="-0.0842505"/>
  <node id="3528774011" lat="51.5154092" lon="-0.0841057"/>
  <node id="3533830193" lat="51.5136923" lon="-0.0914319">
    <tag k="bus" v="yes"/>
    <tag k="local_ref" v="K"/>
    <tag k="name" v="Bank Station / Poultry"/>
    <tag k="public_transport" v="stop_position"/>
  </node>
  <node id="3625312650" lat="51.5133930" lon="-0.0879056"/>
  <node id="3625312652" lat="51.5136197" lon="-0.0879646"/>
  <node id="3625312654" lat="51.5135708" lon="-0.0879522"/>
  <node id="3625312656" lat="51.5135191" lon="-0.0879350"/>
  <node id="3625312658" lat="51.5134655" lon="-0.0879218"/>
  <node id="3637449661" lat="51.5113828" lon="-0.0907311">
    <tag k="entrance" v="yes"/>
  </node>
  <node id="3637449662" lat="51.5113111" lon="-0.0903418"/>
  <node id="3637449663" lat="51.5112919" lon="-0.0902439">
    <tag k="fixme" v="continue"/>
  </node>
  <node id="3644748767" lat="51.5113542" lon="-0.0889607">
    <tag k="bus" v="yes"/>
    <tag k="local_ref" v="MA"/>
    <tag k="name" v="Cannon Street Station"/>
    <tag k="public_transport" v="stop_position"/>
  </node>
  <node id="3644785104" lat="51.5117863" lon="-0.0911170">
    <tag k="bus" v="yes"/>
    <tag k="local_ref" v="MB"/>
    <tag k="name" v="Cannon Street Station"/>
    <tag k="public_transport" v="stop_position"/>
  </node>
  <node id="3715515120" lat="51.5134718" lon="-0.0878689"/>
  <node id="3715515121" lat="51.5134533" lon="-0.0866286"/>
  <node id="3715515122" lat="51.5134577" lon="-0.0866196"/>
  <node id="3715515123" lat="51.5134677" lon="-0.0865996"/>
  <node id="3715515124" lat="51.5134730" lon="-0.0865918"/>
  <node id="3715517725" lat="51.5134770" lon="-0.0865874"/>
  <node id="3715517726" lat="51.5134918" lon="-0.0865754"/>
  <node id="3715517727" lat="51.5135009" lon="-0.0865717"/>
  <node id="3715517728" lat="51.5135117" lon="-0.0865704"/>
  <node id="3715517729" lat="51.5135186" lon="-0.0865703"/>
  <node id="3715517730" lat="51.5135244" lon="-0.0878847"/>
  <node id="3715517731" lat="51.5135195" lon="-0.0865629"/>
  <node id="3715517732" lat="51.5135388" lon="-0.0865785"/>
  <node id="3715517733" lat="51.5135399" lon="-0.0865696"/>
  <node id="3715517734" lat="51.5135604" lon="-0.0865855"/>
  <node id="3715517735" lat="51.5135622" lon="-0.0865708"/>
  <node id="3715517736" lat="51.5135770" lon="-0.0879007"/>
  <node id="3715517737" lat="51.5135803" lon="-0.0865902"/>
  <node id="3715517738" lat="51.5135820" lon="-0.0865773"/>
  <node id="3715517739" lat="51.5136041" lon="-0.0865980"/>
  <node id="3715517740" lat="51.5136051" lon="-0.0865902"/>
  <node id="3715517741" lat="51.5136139" lon="-0.0865930"/>
  <node id="3715517742" lat="51.5136148" lon="-0.0865861"/>
  <node id="3715517743" lat="51.5136302" lon="-0.0866149"/>
  <node id="3715517744" lat="51.5136331" lon="-0.0865921"/>
  <node id="3715517745" lat="51.5136244" lon="-0.0879146"/>
  <node id="3715517748" lat="51.5136569" lon="-0.0866237"/>
  <node id="3715517750" lat="51.5136602" lon="-0.0865973"/>
  <node id="3715517752" lat="51.5136776" lon="-0.0866094"/>
  <node id="3715517753" lat="51.5136784" lon="-0.0866033"/>
  <node id="3715517754" lat="51.5137051" lon="-0.0866184"/>
  <node id="3715517755" lat="51.5137056" lon="-0.0866138"/>
  <node id="3715517758" lat="51.5137213" lon="-0.0866470"/>
  <node id="3715517759" lat="51.5137247" lon="-0.0866200"/>
  <node id="3715517769" lat="51.5137486" lon="-0.0866559"/>
  <node id="3715517771" lat="51.5137521" lon="-0.0866285"/>
  <node id="3715517777" lat="51.5137664" lon="-0.0866449"/>
  <node id="3715517779" lat="51.5137679" lon="-0.0866336"/>
  <node id="3715517782" lat="51.5137737" lon="-0.0866543"/>
  <node id="3715517783" lat="51.5137746" lon="-0.0866476"/>
  <node id="3715517788" lat="51.5138003" lon="-0.0866630"/>
  <node id="3715517789" lat="51.5138014" lon="-0.0866539"/>
  <node id="3715517793" lat="51.5138166" lon="-0.0866686"/>
  <node id="3715517794" lat="51.5138177" lon="-0.0866592"/>
  <node id="3715517802" lat="51.5138423" lon="-0.0866770"/>
  <node id="3715517804" lat="51.5138442" lon="-0.0866619"/>
  <node id="3715517811" lat="51.5138593" lon="-0.0866741"/>
  <node id="3715517812" lat="51.5138602" lon="-0.0866671"/>
  <node id="3715517813" lat="51.5138690" lon="-0.0866874"/>
  <node id="3715517814" lat="51.5138703" lon="-0.0866783"/>
  <node id="3715517815" lat="51.5138864" lon="-0.0866998"/>
  <node id="3715517816" lat="51.5138980" lon="-0.0867150"/>
  <node id="3715517817" lat="51.5139036" lon="-0.0867256"/>
  <node id="3715517819" lat="51.5139076" lon="-0.0867381"/>
  <node id="3715517821" lat="51.5139132" lon="-0.0868154"/>
  <node id="3715517822" lat="51.5139143" lon="-0.0867658"/>
  <node id="3715517823" lat="51.5139151" lon="-0.0868034"/>
  <node id="3715517824" lat="51.5139160" lon="-0.0867857"/>
  <node id="3715517925" lat="51.5139176" lon="-0.0868183"/>
  <node id="3768819260" lat="51.5142899" lon="-0.0861663"/>
  <node id="3768819261" lat="51.5143073" lon="-0.0861490"/>
  <node id="3768819262" lat="51.5144368" lon="-0.0859943"/>
  <node id="3768819263" lat="51.5144474" lon="-0.0860163"/>
  <node id="3768819264" lat="51.5144499" lon="-0.0863131"/>
  <node id="3768819265" lat="51.5144284" lon="-0.0863395"/>
  <node id="3768819266" lat="51.5143411" lon="-0.0862094"/>
  <node id="3768819267" lat="51.5144378" lon="-0.0863309"/>
  <node id="3787673643" lat="51.5150124" lon="-0.0866498"/>
  <node id="3816097106" lat="51.5133227" lon="-0.0874460">
    <tag k="bus" v="yes"/>
    <tag k="local_ref" v="D"/>
    <tag k="name" v="Bank Station / Cornhill"/>
    <tag k="public_transport" v="stop_position"/>
  </node>
  <node id="3816097107" lat="51.5133236" lon="-0.0876055">
    <tag k="bus" v="yes"/>
    <tag k="local_ref" v="E"/>
    <tag k="name" v="Bank Station / Cornhill"/>
    <tag k="public_transport" v="stop_position"/>
  </node>
  <node id="3816097108" lat="51.5134061" lon="-0.0849630">
    <tag k="bus" v="yes"/>
    <tag k="local_ref" v="R"/>
    <tag k="name" v="Bishopsgate"/>
    <tag k="public_transport" v="stop_position"/>
  </node>
  <node id="3832613086" lat="51.5160048" lon="-0.0853000"/>
  <node id="4077593104" lat="51.5114013" lon="-0.0872304">
    <tag k="bus" v="yes"/>
    <tag k="local_ref" v="G"/>
    <tag k="name" v="King William Street / Monument Station"/>
    <tag k="public_transport" v="stop_position"/>
  </node>
  <node id="4077599543" lat="51.5113436" lon="-0.0854929">
    <tag k="bus" v="yes"/>
    <tag k="local_ref" v="T"/>
    <tag k="name" v="Gracechurch Street / Monument Station"/>
    <tag k="public_transport" v="stop_position"/>
  </node>
  <node id="4077599544" lat="51.5122280" lon="-0.0849028">
    <tag k="bus" v="yes"/>
    <tag k="local_ref" v="M"/>
    <tag k="name" v="Fenchurch Street"/>
    <tag k="public_transport" v="stop_position"/>
    <tag k="wheelchair" v="yes"/>
  </node>
  <node id="4077599545" lat="51.5113741" lon="-0.0854748">
    <tag k="bus" v="yes"/>
    <tag k="local_ref" v="U"/>
    <tag k="name" v="Fenchurch Street"/>
    <tag k="public_transport" v="stop_position"/>
  </node>
  <node id="4085778919" lat="51.5109292" lon="-0.0930085"/>
  <node id="4085778922" lat="51.5111275" lon="-0.0945608"/>
  <node id="4085778926" lat="51.5110707" lon="-0.0941067"/>
  <node id="4085778927" lat="51.5109886" lon="-0.0934331"/>
  <node id="4223928969" lat="51.5149853" lon="-0.0840115"/>
  <node id="4224123322" lat="51.5147586" lon="-0.0844521"/>
  <node id="4224123323" lat="51.5146684" lon="-0.0844092"/>
  <node id="4224123324" lat="51.5147550" lon="-0.0844223"/>
  <node id="4229210047" lat="51.5109695" lon="-0.0932695">
    <tag k="bicycle" v="yes"/>
    <tag k="highway" v="traffic_signals"/>
    <tag k="traffic_signals:direction" v="forward"/>
  </node>
  <node id="4241089207" lat="51.5135540" lon="-0.0913753"/>
  <node id="4241089208" lat="51.5135340" lon="-0.0912560">
    <tag k="fixme" v="continue"/>
  </node>
  <node id="4300153673" lat="51.5122730" lon="-0.0881484"/>
  <node id="4300170291" lat="51.5128674" lon="-0.0887731">
    <tag k="level" v="-4"/>
  </node>
  <node id="4300170292" lat="51.5133611" lon="-0.0887875"/>
  <node id="4300196357" lat="51.5126065" lon="-0.0880676">
    <tag k="level" v="0"/>
    <tag k="name" v="Bank station, DLR lift R"/>
    <tag k="note" v="Lift (only) to Bank DLR station"/>
    <tag k="railway" v="train_station_entrance"/>
    <tag k="ref" v="R"/>
    <tag k="wheelchair" v="yes"/>
    <tag k="wheelchair:description" v="Step-free from street to train for DLR only"/>
  </node>
  <node id="4453606953" lat="51.5146194" lon="-0.0844619"/>
  <node id="4453606954" lat="51.5146303" lon="-0.0844021"/>
  <node id="4453606955" lat="51.5147069" lon="-0.0840137"/>
  <node id="4453606956" lat="51.5147862" lon="-0.0840561"/>
  <node id="4453606957" lat="51.5147691" lon="-0.0841508"/>
  <node id="4453606958" lat="51.5148365" lon="-0.0842725"/>
  <node id="4534858543" lat="51.5116119" lon="-0.0877407"/>
  <node id="4534858546" lat="51.5127107" lon="-0.0882781"/>
  <node id="4534858548" lat="51.5126196" lon="-0.0885652"/>
  <node id="4534858552" lat="51.5133439" lon="-0.0888700"/>
  <node id="4534858554" lat="51.5133008" lon="-0.0891786">
    <tag k="level" v="-2.5"/>
  </node>
  <node id="4534858556" lat="51.5133776" lon="-0.0888799"/>
  <node id="4534858557" lat="51.5133704" lon="-0.0889073"/>
  <node id="4618483059" lat="51.5146111" lon="-0.0847638">
    <tag k="barrier" v="gate"/>
  </node>
  <node id="4618510643" lat="51.5147698" lon="-0.0855702"/>
  <node id="4618510644" lat="51.5146729" lon="-0.0853632"/>
  <node id="4688513218" lat="51.5134029" lon="-0.0850592"/>
  <node id="4688513220" lat="51.5133563" lon="-0.0850459"/>
  <node id="4688513222" lat="51.5133678" lon="-0.0844350"/>
  <node id="4688513223" lat="51.5133623" lon="-0.0842496"/>
  <node id="4688513225" lat="51.5135658" lon="-0.0841454">
    <tag k="barrier" v="kerb"/>
    <tag k="kerb" v="lowered"/>
    <tag k="tactile_paving" v="yes"/>
  </node>
  <node id="4688513226" lat="51.5134751" lon="-0.0845749"/>
  <node id="4688513227" lat="51.5134707" lon="-0.0848477"/>
  <node id="4688513228" lat="51.5134577" lon="-0.0850175"/>
  <node id="4688513230" lat="51.5134674" lon="-0.0842692"/>
  <node id="4688513231" lat="51.5133686" lon="-0.0842779"/>
  <node id="4688513232" lat="51.5135428" lon="-0.0839637">
    <tag k="barrier" v="kerb"/>
    <tag k="kerb" v="lowered"/>
    <tag k="tactile_paving" v="yes"/>
  </node>
  <node id="4688513235" lat="51.5134670" lon="-0.0842056"/>
  <node id="4688513237" lat="51.5133297" lon="-0.0841783">
    <tag k="button_operated" v="yes"/>
    <tag k="crossing" v="traffic_signals"/>
    <tag k="crossing:island" v="no"/>
    <tag k="crossing:signals" v="yes"/>
    <tag k="highway" v="crossing"/>
    <tag k="tactile_paving" v="yes"/>
    <tag k="traffic_signals:sound" v="no"/>
    <tag k="traffic_signals:vibration" v="yes"/>
  </node>
  <node id="4688513238" lat="51.5133213" lon="-0.0841260">
    <tag k="barrier" v="kerb"/>
    <tag k="kerb" v="lowered"/>
    <tag k="tactile_paving" v="yes"/>
  </node>
  <node id="4688513239" lat="51.5133375" lon="-0.0842270">
    <tag k="barrier" v="kerb"/>
    <tag k="kerb" v="lowered"/>
    <tag k="tactile_paving" v="yes"/>
  </node>
  <node id="4688513240" lat="51.5132999" lon="-0.0840378"/>
  <node id="4726152854" lat="51.5144197" lon="-0.0839029">
    <tag k="crossing" v="no"/>
    <tag k="highway" v="traffic_signals"/>
    <tag k="traffic_signals" v="traffic_lights"/>
    <tag k="traffic_signals:direction" v="backward"/>
  </node>
  <node id="4726152857" lat="51.5142817" lon="-0.0837359">
    <tag k="button_operated" v="yes"/>
    <tag k="crossing" v="traffic_signals"/>
    <tag k="crossing:island" v="yes"/>
    <tag k="crossing:markings" v="dots"/>
    <tag k="crossing:signals" v="yes"/>
    <tag k="crossing_ref" v="pelican"/>
    <tag k="highway" v="crossing"/>
    <tag k="tactile_paving" v="yes"/>
    <tag k="traffic_signals:sound" v="no"/>
    <tag k="traffic_signals:vibration" v="yes"/>
  </node>
  <node id="4729628192" lat="51.5117729" lon="-0.0910565"/>
  <node id="4748394420" lat="51.5115263" lon="-0.0874240">
    <tag k="check_date" v="2023-08-06"/>
    <tag k="description" v="Motor vehicles prohibited, Mon - Fri 7 am - 7 pm"/>
    <tag k="direction" v="backward"/>
    <tag k="motor_vehicle:conditional" v="no @ (Mo-Fr 07:00-19:00)"/>
    <tag k="traffic_sign" v="GB:619"/>
  </node>
  <node id="4830306810" lat="51.5122691" lon="-0.0935164">
    <tag k="barrier" v="kerb"/>
    <tag k="kerb" v="lowered"/>
    <tag k="tactile_paving" v="yes"/>
  </node>
  <node id="4830306811" lat="51.5123522" lon="-0.0933633">
    <tag k="barrier" v="kerb"/>
    <tag k="kerb" v="lowered"/>
    <tag k="tactile_paving" v="yes"/>
  </node>
  <node id="4830306812" lat="51.5123881" lon="-0.0933619">
    <tag k="barrier" v="kerb"/>
    <tag k="kerb" v="lowered"/>
    <tag k="tactile_paving" v="yes"/>
  </node>
  <node id="4830306813" lat="51.5125589" lon="-0.0933312"/>
  <node id="4835108995" lat="51.5122563" lon="-0.0879255">
    <tag k="bus" v="yes"/>
    <tag k="local_ref" v="F"/>
    <tag k="name" v="Bank Station / King William Street"/>
    <tag k="public_transport" v="stop_position"/>
  </node>
  <node id="4835108996" lat="51.5142739" lon="-0.0895412">
    <tag k="bus" v="yes"/>
    <tag k="local_ref" v="A"/>
    <tag k="name" v="Bank Station / Princes Street"/>
    <tag k="public_transport" v="stop_position"/>
  </node>
  <node id="4835108997" lat="51.5139807" lon="-0.0893373">
    <tag k="bus" v="yes"/>
    <tag k="local_ref" v="B"/>
    <tag k="name" v="Bank Station / Princes Street"/>
    <tag k="public_transport" v="stop_position"/>
  </node>
  <node id="4835108998" lat="51.5156091" lon="-0.0842254">
    <tag k="bus" v="yes"/>
    <tag k="disused:public_transport" v="stop_position"/>
    <tag k="local_ref" v="Z"/>
    <tag k="name" v="Great Winchester Street"/>
  </node>
  <node id="4835108999" lat="51.5153767" lon="-0.0844360">
    <tag k="bus" v="yes"/>
    <tag k="disused:public_transport" v="stop_position"/>
    <tag k="local_ref" v="R"/>
    <tag k="name" v="Great Winchester Street"/>
  </node>
  <node id="4835109000" lat="51.5141146" lon="-0.0838522">
    <tag k="bus" v="yes"/>
    <tag k="local_ref" v="LN"/>
    <tag k="name" v="Threadneedle Street"/>
    <tag k="public_transport" v="stop_position"/>
  </node>
  <node id="4835109001" lat="51.5138536" lon="-0.0839704">
    <tag k="bus" v="yes"/>
    <tag k="local_ref" v="S"/>
    <tag k="name" v="Threadneedle Street"/>
    <tag k="public_transport" v="stop_position"/>
  </node>
  <node id="4835109002" lat="51.5145385" lon="-0.0858241">
    <tag k="bus" v="yes"/>
    <tag k="disused:public_transport" v="stop_position"/>
    <tag k="local_ref" v="LJ"/>
    <tag k="name" v="Threadneedle Street"/>
  </node>
  <node id="4861365369" lat="51.5134794" lon="-0.0885281"/>
  <node id="4861365370" lat="51.5134351" lon="-0.0885208"/>
  <node id="4861365372" lat="51.5135394" lon="-0.0889143"/>
  <node id="4861365373" lat="51.5135290" lon="-0.0888809"/>
  <node id="4861365376" lat="51.5135748" lon="-0.0889409"/>
  <node id="4861365382" lat="51.5135583" lon="-0.0888367">
    <tag k="level" v="0"/>
    <tag k="name" v="Bank station, Exit 2"/>
    <tag k="railway" v="subway_entrance"/>
    <tag k="ref" v="2"/>
    <tag k="wheelchair" v="no"/>
  </node>
  <node id="4861365383" lat="51.5135279" lon="-0.0888122"/>
  <node id="4861365396" lat="51.5133248" lon="-0.0885449">
    <tag k="barrier" v="kerb"/>
    <tag k="kerb" v="flush"/>
    <tag k="tactile_paving" v="yes"/>
  </node>
  <node id="4861365397" lat="51.5135227" lon="-0.0891440"/>
  <node id="4861365398" lat="51.5135187" lon="-0.0890651">
    <tag k="barrier" v="kerb"/>
    <tag k="kerb" v="flush"/>
    <tag k="tactile_paving" v="yes"/>
  </node>
  <node id="4866664736" lat="51.5115671" lon="-0.0913016"/>
  <node id="4866705606" lat="51.5126167" lon="-0.0885129">
    <tag k="barrier" v="bollard"/>
    <tag k="bicycle" v="yes"/>
    <tag k="bollard" v="rising"/>
    <tag k="foot" v="yes"/>
    <tag k="motor_vehicle" v="permissive"/>
  </node>
  <node id="4866705607" lat="51.5122896" lon="-0.0887848"/>
  <node id="4866727517" lat="51.5133484" lon="-0.0899394"/>
  <node id="4866727518" lat="51.5133714" lon="-0.0899616"/>
  <node id="4866976613" lat="51.5134223" lon="-0.0898470"/>
  <node id="4866976614" lat="51.5134655" lon="-0.0900964"/>
  <node id="4866976617" lat="51.5132540" lon="-0.0897491"/>
  <node id="4867087528" lat="51.5110707" lon="-0.0870322"/>
  <node id="4867087535" lat="51.5110928" lon="-0.0869642">
    <tag k="button_operated" v="yes"/>
    <tag k="crossing" v="uncontrolled"/>
    <tag k="crossing:island" v="yes"/>
    <tag k="highway" v="crossing"/>
    <tag k="note" v="Crossing at traffic lights with island, but no pedestrian lights"/>
    <tag k="tactile_paving" v="yes"/>
    <tag k="traffic_signals:sound" v="no"/>
    <tag k="traffic_signals:vibration" v="yes"/>
  </node>
  <node id="4922952351" lat="51.5138009" lon="-0.0941476"/>
  <node id="4922952371" lat="51.5141161" lon="-0.0944106"/>
  <node id="4922952372" lat="51.5140010" lon="-0.0937124"/>
  <node id="5014115754" lat="51.5124823" lon="-0.0918027"/>
  <node id="5041945508" lat="51.5163643" lon="-0.0913869"/>
  <node id="5042032158" lat="51.5161164" lon="-0.0911750"/>
  <node id="5042032165" lat="51.5150369" lon="-0.0911099">
    <tag k="barrier" v="kerb"/>
    <tag k="kerb" v="lowered"/>
    <tag k="tactile_paving" v="no"/>
  </node>
  <node id="5042033632" lat="51.5158911" lon="-0.0906385"/>
  <node id="5042033633" lat="51.5158718" lon="-0.0903307">
    <tag k="access" v="private"/>
    <tag k="barrier" v="gate"/>
  </node>
  <node id="5042033642" lat="51.5158542" lon="-0.0900109">
    <tag k="access" v="private"/>
    <tag k="barrier" v="gate"/>
  </node>
  <node id="5042033643" lat="51.5158365" lon="-0.0898811"/>
  <node id="5042033653" lat="51.5158758" lon="-0.0899071">
    <tag k="barrier" v="kerb"/>
    <tag k="kerb" v="lowered"/>
    <tag k="tactile_paving" v="no"/>
  </node>
  <node id="5043864464" lat="51.5149925" lon="-0.0921332">
    <tag k="button_operated" v="yes"/>
    <tag k="crossing" v="traffic_signals"/>
    <tag k="crossing:island" v="no"/>
    <tag k="crossing:markings" v="dots"/>
    <tag k="crossing:signals" v="yes"/>
    <tag k="crossing_ref" v="pelican"/>
    <tag k="highway" v="crossing"/>
    <tag k="tactile_paving" v="yes"/>
  </node>
  <node id="5046005730" lat="51.5147001" lon="-0.0927548"/>
  <node id="5046005731" lat="51.5148203" lon="-0.0926978"/>
  <node id="5046005737" lat="51.5149395" lon="-0.0924847">
    <tag k="barrier" v="bollard"/>
    <tag k="foot" v="yes"/>
  </node>
  <node id="5046005742" lat="51.5148052" lon="-0.0926016"/>
  <node id="5046005743" lat="51.5147959" lon="-0.0925424"/>
  <node id="5046005744" lat="51.5146843" lon="-0.0926567"/>
  <node id="5046005745" lat="51.5146750" lon="-0.0925917"/>
  <node id="5046005758" lat="51.5144557" lon="-0.0926888">
    <tag k="crossing" v="unmarked"/>
    <tag k="highway" v="crossing"/>
    <tag k="traffic_calming" v="table"/>
  </node>
  <node id="5046005772" lat="51.5143634" lon="-0.0926750"/>
  <node id="5046005789" lat="51.5141208" lon="-0.0923773"/>
  <node id="5046005790" lat="51.5141159" lon="-0.0922980"/>
  <node id="5046314057" lat="51.5146184" lon="-0.0940495"/>
  <node id="5046314073" lat="51.5146180" lon="-0.0939065"/>
  <node id="5046314074" lat="51.5144084" lon="-0.0935172"/>
  <node id="5046314075" lat="51.5144344" lon="-0.0934944"/>
  <node id="5046314076" lat="51.5144517" lon="-0.0934809"/>
  <node id="5046314077" lat="51.5144784" lon="-0.0934605"/>
  <node id="5046314090" lat="51.5146052" lon="-0.0938834"/>
  <node id="5046314091" lat="51.5144103" lon="-0.0930656"/>
  <node id="5046314092" lat="51.5144140" lon="-0.0931574"/>
  <node id="5049840244" lat="51.5109577" lon="-0.0864117"/>
  <node id="5065949596" lat="51.5109689" lon="-0.0868309"/>
  <node id="5084792810" lat="51.5126190" lon="-0.0927227"/>
  <node id="5084792811" lat="51.5125958" lon="-0.0927088"/>
  <node id="5084792812" lat="51.5126276" lon="-0.0926835"/>
  <node id="5084792813" lat="51.5126062" lon="-0.0926688"/>
  <node id="5087519089" lat="51.5132040" lon="-0.0928260"/>
  <node id="5087519090" lat="51.5132512" lon="-0.0928253"/>
  <node id="5087519091" lat="51.5132874" lon="-0.0928333"/>
  <node id="5087519098" lat="51.5133958" lon="-0.0934444"/>
  <node id="5087519101" lat="51.5133168" lon="-0.0939766"/>
  <node id="5087519104" lat="51.5131900" lon="-0.0925305"/>
  <node id="5087519105" lat="51.5131466" lon="-0.0925972"/>
  <node id="5087519106" lat="51.5131469" lon="-0.0927749"/>
  <node id="5090420610" lat="51.5131945" lon="-0.0914598">
    <tag k="access" v="private"/>
    <tag k="barrier" v="gate"/>
  </node>
  <node id="5090420611" lat="51.5133243" lon="-0.0914077"/>
  <node id="5090420613" lat="51.5131291" lon="-0.0916069"/>
  <node id="5090420614" lat="51.5131687" lon="-0.0915996"/>
  <node id="5090420940" lat="51.5131785" lon="-0.0917946"/>
  <node id="5090420941" lat="51.5132172" lon="-0.0917741"/>
  <node id="5090420958" lat="51.5130535" lon="-0.0914761"/>
  <node id="5090420959" lat="51.5129829" lon="-0.0914432"/>
  <node id="5090420964" lat="51.5130727" lon="-0.0914781"/>
  <node id="5090420965" lat="51.5132058" lon="-0.0923377"/>
  <node id="5090420967" lat="51.5133203" lon="-0.0935649"/>
  <node id="5090420968" lat="51.5133482" lon="-0.0937174"/>
  <node id="5090420977" lat="51.5131603" lon="-0.0925597"/>
  <node id="5090558494" lat="51.5128056" lon="-0.0924104">
    <tag k="barrier" v="kerb"/>
    <tag k="kerb" v="flush"/>
    <tag k="tactile_paving" v="yes"/>
  </node>
  <node id="5094718794" lat="51.5126051" lon="-0.0894393"/>
  <node id="5094718796" lat="51.5126264" lon="-0.0894247"/>
  <node id="5094718797" lat="51.5126188" lon="-0.0894301">
    <tag k="barrier" v="gate"/>
    <tag k="opening_hours" v="Mo-Fr 10:00-16:00"/>
  </node>
  <node id="5094718798" lat="51.5126414" lon="-0.0894142"/>
  <node id="5095547144" lat="51.5115972" lon="-0.0884910">
    <tag k="entrance" v="yes"/>
  </node>
  <node id="5095547146" lat="51.5114565" lon="-0.0884780">
    <tag k="entrance" v="yes"/>
  </node>
  <node id="5095547147" lat="51.5114687" lon="-0.0884880">
    <tag k="entrance" v="yes"/>
  </node>
  <node id="5095547148" lat="51.5115130" lon="-0.0884715">
    <tag k="entrance" v="main"/>
  </node>
  <node id="5095547149" lat="51.5115591" lon="-0.0884788">
    <tag k="entrance" v="emergency"/>
  </node>
  <node id="5095547151" lat="51.5114503" lon="-0.0884431"/>
  <node id="5095547153" lat="51.5115459" lon="-0.0884746"/>
  <node id="5095547180" lat="51.5120195" lon="-0.0885004"/>
  <node id="5095547181" lat="51.5120300" lon="-0.0885343"/>
  <node id="5095547182" lat="51.5118888" lon="-0.0882545"/>
  <node id="5095547183" lat="51.5119636" lon="-0.0884861">
    <tag k="access" v="private"/>
    <tag k="barrier" v="gate"/>
  </node>
  <node id="5095547184" lat="51.5119785" lon="-0.0885323"/>
  <node id="5095547321" lat="51.5124446" lon="-0.0881434"/>
  <node id="5096270631" lat="51.5111638" lon="-0.0893443"/>
  <node id="5096270632" lat="51.5109974" lon="-0.0896140">
    <tag k="barrier" v="kerb"/>
    <tag k="kerb" v="lowered"/>
  </node>
  <node id="5103660655" lat="51.5111690" lon="-0.0940718"/>
  <node id="5103660658" lat="51.5111146" lon="-0.0940793"/>
  <node id="5103660661" lat="51.5111850" lon="-0.0940120"/>
  <node id="5103660662" lat="51.5112000" lon="-0.0939754"/>
  <node id="5103660663" lat="51.5112180" lon="-0.0939520"/>
  <node id="5103660664" lat="51.5112160" lon="-0.0939176"/>
  <node id="5103660665" lat="51.5110996" lon="-0.0939464"/>
  <node id="5104314275" lat="51.5104034" lon="-0.0895552"/>
  <node id="5104314353" lat="51.5106858" lon="-0.0893232"/>
  <node id="5104314361" lat="51.5111163" lon="-0.0901880"/>
  <node id="5104314362" lat="51.5109559" lon="-0.0897184">
    <tag k="crossing" v="unmarked"/>
    <tag k="crossing:markings" v="no"/>
    <tag k="highway" v="crossing"/>
  </node>
  <node id="5141216745" lat="51.5107609" lon="-0.0882308"/>
  <node id="5141216790" lat="51.5108057" lon="-0.0882046"/>
  <node id="5141354328" lat="51.5109919" lon="-0.0871807"/>
  <node id="5141354329" lat="51.5109544" lon="-0.0869847"/>
  <node id="5141354330" lat="51.5110305" lon="-0.0870873">
    <tag k="crossing" v="marked"/>
    <tag k="crossing:island" v="no"/>
    <tag k="crossing:markings" v="dots"/>
    <tag k="highway" v="crossing"/>
    <tag k="note" v="Crossing at traffic lights with island, but no pedestrian lights"/>
  </node>
  <node id="5141354331" lat="51.5110368" lon="-0.0872455"/>
  <node id="5141354332" lat="51.5110094" lon="-0.0869769"/>
  <node id="5141354333" lat="51.5109285" lon="-0.0868886"/>
  <node id="5141354388" lat="51.5111864" lon="-0.0876873"/>
  <node id="5141625314" lat="51.5112592" lon="-0.0908240"/>
  <node id="5141625318" lat="51.5112087" lon="-0.0908485"/>
  <node id="5141625621" lat="51.5112443" lon="-0.0909151"/>
  <node id="5141625622" lat="51.5112272" lon="-0.0908037"/>
  <node id="5141625624" lat="51.5112552" lon="-0.0906636"/>
  <node id="5141625625" lat="51.5112947" lon="-0.0908943"/>
  <node id="5141625626" lat="51.5112754" lon="-0.0907814">
    <tag k="entrance" v="exit"/>
  </node>
  <node id="5141625629" lat="51.5114017" lon="-0.0911924">
    <tag k="noexit" v="yes"/>
  </node>
  <node id="5141625630" lat="51.5113576" lon="-0.0908674"/>
  <node id="5141625631" lat="51.5113735" lon="-0.0909781">
    <tag k="access" v="private"/>
    <tag k="barrier" v="gate"/>
  </node>
  <node id="5141625632" lat="51.5113955" lon="-0.0911379"/>
  <node id="5141625635" lat="51.5112392" lon="-0.0904577"/>
  <node id="5141625636" lat="51.5112532" lon="-0.0904951"/>
  <node id="5141625637" lat="51.5113075" lon="-0.0906732"/>
  <node id="5141625638" lat="51.5112335" lon="-0.0905284"/>
  <node id="5141625639" lat="51.5112916" lon="-0.0905822">
    <tag k="fixme" v="level=*;* needs setting for elevator"/>
    <tag k="highway" v="elevator"/>
  </node>
  <node id="5141625648" lat="51.5113710" lon="-0.0906689"/>
  <node id="5141625649" lat="51.5113767" lon="-0.0906973"/>
  <node id="5141625653" lat="51.5113664" lon="-0.0906458"/>
  <node id="5141625654" lat="51.5112606" lon="-0.0906949"/>
  <node id="5141625655" lat="51.5112233" lon="-0.0904652"/>
  <node id="5141625672" lat="51.5115248" lon="-0.0903133"/>
  <node id="5141625679" lat="51.5112411" lon="-0.0898708"/>
  <node id="5141625680" lat="51.5110946" lon="-0.0899398"/>
  <node id="5141625681" lat="51.5112790" lon="-0.0899944"/>
  <node id="5141625682" lat="51.5112536" lon="-0.0899251">
    <tag k="highway" v="elevator"/>
    <tag k="level" v="0;1"/>
  </node>
  <node id="5141625685" lat="51.5114255" lon="-0.0899298">
    <tag k="entrance" v="main"/>
  </node>
  <node id="5141625686" lat="51.5114988" lon="-0.0903280">
    <tag k="entrance" v="main"/>
  </node>
  <node id="5141625687" lat="51.5112888" lon="-0.0904323"/>
  <node id="5141625688" lat="51.5113385" lon="-0.0904073"/>
  <node id="5141625689" lat="51.5112106" lon="-0.0900244"/>
  <node id="5141625690" lat="51.5112632" lon="-0.0900017"/>
  <node id="5141625696" lat="51.5116058" lon="-0.0902745"/>
  <node id="5141625697" lat="51.5111914" lon="-0.0904803"/>
  <node id="5141625698" lat="51.5115308" lon="-0.0898801"/>
  <node id="5141625699" lat="51.5111163" lon="-0.0900699"/>
  <node id="5141625702" lat="51.5116660" lon="-0.0905680">
    <tag k="button_operated" v="yes"/>
    <tag k="crossing" v="traffic_signals"/>
    <tag k="crossing:island" v="no"/>
    <tag k="crossing:markings" v="dots"/>
    <tag k="crossing:signals" v="yes"/>
    <tag k="crossing_ref" v="pelican"/>
    <tag k="highway" v="crossing"/>
    <tag k="tactile_paving" v="yes"/>
    <tag k="traffic_signals:sound" v="no"/>
    <tag k="traffic_signals:vibration" v="yes"/>
  </node>
  <node id="5141625703" lat="51.5115920" lon="-0.0907721">
    <tag k="button_operated" v="yes"/>
    <tag k="crossing" v="traffic_signals"/>
    <tag k="crossing:markings" v="dots"/>
    <tag k="crossing:signals" v="yes"/>
    <tag k="crossing_ref" v="pelican"/>
    <tag k="highway" v="crossing"/>
    <tag k="tactile_paving" v="yes"/>
    <tag k="traffic_signals:sound" v="yes"/>
    <tag k="traffic_signals:vibration" v="yes"/>
  </node>
  <node id="5141625728" lat="51.5115417" lon="-0.0896140">
    <tag k="crossing" v="unmarked"/>
    <tag k="highway" v="crossing"/>
    <tag k="traffic_calming" v="table"/>
  </node>
  <node id="5141625743" lat="51.5114381" lon="-0.0883741"/>
  <node id="5141625747" lat="51.5114549" lon="-0.0884691"/>
  <node id="5141876995" lat="51.5114575" lon="-0.0922954">
    <tag k="barrier" v="gate"/>
  </node>
  <node id="5141876996" lat="51.5114441" lon="-0.0922249"/>
  <node id="5141876997" lat="51.5114527" lon="-0.0922702"/>
  <node id="5141876998" lat="51.5114696" lon="-0.0923588"/>
  <node id="5141876999" lat="51.5115069" lon="-0.0925858"/>
  <node id="5141877012" lat="51.5116919" lon="-0.0920917">
    <tag k="barrier" v="kerb"/>
    <tag k="kerb" v="lowered"/>
  </node>
  <node id="5141877013" lat="51.5116945" lon="-0.0920782">
    <tag k="barrier" v="kerb"/>
    <tag k="kerb" v="lowered"/>
  </node>
  <node id="5141877016" lat="51.5117118" lon="-0.0921379">
    <tag k="barrier" v="kerb"/>
    <tag k="kerb" v="lowered"/>
  </node>
  <node id="5141877019" lat="51.5118026" lon="-0.0925594"/>
  <node id="5141877221" lat="51.5119372" lon="-0.0919542">
    <tag k="barrier" v="kerb"/>
    <tag k="kerb" v="flush"/>
    <tag k="tactile_paving" v="yes"/>
  </node>
  <node id="5141877223" lat="51.5117406" lon="-0.0920420">
    <tag k="barrier" v="kerb"/>
    <tag k="kerb" v="lowered"/>
    <tag k="tactile_paving" v="no"/>
  </node>
  <node id="5141877226" lat="51.5119491" lon="-0.0920078">
    <tag k="barrier" v="kerb"/>
    <tag k="kerb" v="flush"/>
    <tag k="tactile_paving" v="yes"/>
  </node>
  <node id="5141877228" lat="51.5117573" lon="-0.0921164">
    <tag k="barrier" v="kerb"/>
    <tag k="kerb" v="lowered"/>
    <tag k="tactile_paving" v="no"/>
  </node>
  <node id="5141877239" lat="51.5115715" lon="-0.0921677"/>
  <node id="5146186463" lat="51.5110153" lon="-0.0917168"/>
  <node id="5146186468" lat="51.5112231" lon="-0.0917979"/>
  <node id="5146186469" lat="51.5111601" lon="-0.0918201"/>
  <node id="5146186470" lat="51.5110394" lon="-0.0918576"/>
  <node id="5146186489" lat="51.5110376" lon="-0.0922365">
    <tag k="crossing" v="unmarked"/>
    <tag k="crossing:markings" v="no"/>
    <tag k="highway" v="crossing"/>
  </node>
  <node id="5146186490" lat="51.5109861" lon="-0.0922204"/>
  <node id="5146186491" lat="51.5109777" lon="-0.0922026"/>
  <node id="5146186492" lat="51.5109769" lon="-0.0921942"/>
  <node id="5165786226" lat="51.5151867" lon="-0.0842831"/>
  <node id="5198585557" lat="51.5119392" lon="-0.0918008"/>
  <node id="5198585559" lat="51.5119004" lon="-0.0916273"/>
  <node id="5201625543" lat="51.5110124" lon="-0.0934156"/>
  <node id="5201625545" lat="51.5108632" lon="-0.0925078"/>
  <node id="5218844445" lat="51.5116138" lon="-0.0865561"/>
  <node id="5218844446" lat="51.5116558" lon="-0.0867287">
    <tag k="highway" v="crossing"/>
  </node>
  <node id="5218862786" lat="51.5129167" lon="-0.0880768"/>
  <node id="5218885136" lat="51.5157367" lon="-0.0918659"/>
  <node id="5218910023" lat="51.5155650" lon="-0.0917495">
    <tag k="entrance" v="yes"/>
  </node>
  <node id="5218910025" lat="51.5157378" lon="-0.0919915">
    <tag k="entrance" v="yes"/>
  </node>
  <node id="5218915617" lat="51.5154749" lon="-0.0929483"/>
  <node id="5222453731" lat="51.5115776" lon="-0.0862887"/>
  <node id="5222453732" lat="51.5116719" lon="-0.0862277"/>
  <node id="5222453733" lat="51.5117024" lon="-0.0862081"/>
  <node id="5222453734" lat="51.5119603" lon="-0.0860417"/>
  <node id="5222453735" lat="51.5120399" lon="-0.0859943"/>
  <node id="5223919935" lat="51.5113856" lon="-0.0853043">
    <tag k="barrier" v="bollard"/>
    <tag k="bicycle" v="yes"/>
    <tag k="bollard" v="unremovable"/>
    <tag k="foot" v="yes"/>
    <tag k="horse" v="no"/>
    <tag k="material" v="metal"/>
    <tag k="motor_vehicle" v="no"/>
  </node>
  <node id="5223919936" lat="51.5113471" lon="-0.0850843"/>
  <node id="5223919937" lat="51.5112612" lon="-0.0840908"/>
  <node id="5223919938" lat="51.5112762" lon="-0.0841885"/>
  <node id="5224610576" lat="51.5144007" lon="-0.0917705"/>
  <node id="5224630617" lat="51.5144465" lon="-0.0933675"/>
  <node id="5227220835" lat="51.5114785" lon="-0.0839291"/>
  <node id="5227220845" lat="51.5115416" lon="-0.0862687"/>
  <node id="5227220846" lat="51.5114215" lon="-0.0854468"/>
  <node id="5227220847" lat="51.5114535" lon="-0.0856003">
    <tag k="barrier" v="bollard"/>
    <tag k="bicycle" v="yes"/>
    <tag k="bollard" v="unremovable"/>
    <tag k="foot" v="yes"/>
    <tag k="horse" v="no"/>
    <tag k="material" v="metal"/>
    <tag k="motor_vehicle" v="no"/>
  </node>
  <node id="5227220848" lat="51.5115216" lon="-0.0861667">
    <tag k="barrier" v="bollard"/>
    <tag k="bicycle" v="yes"/>
    <tag k="bollard" v="unremovable"/>
    <tag k="foot" v="yes"/>
    <tag k="horse" v="no"/>
    <tag k="material" v="metal"/>
    <tag k="motor_vehicle" v="no"/>
  </node>
  <node id="5238587992" lat="51.5114136" lon="-0.0854508"/>
  <node id="5238587994" lat="51.5112252" lon="-0.0855705"/>
  <node id="5238587995" lat="51.5111677" lon="-0.0853437"/>
  <node id="5247852872" lat="51.5144070" lon="-0.0928590"/>
  <node id="5247857728" lat="51.5117995" lon="-0.0925925"/>
  <node id="5334381837" lat="51.5131684" lon="-0.0907098"/>
  <node id="5334625292" lat="51.5120352" lon="-0.0850389">
    <tag k="cycleway" v="asl"/>
    <tag k="direction" v="forward"/>
  </node>
  <node id="5334625293" lat="51.5121344" lon="-0.0849684"/>
  <node id="5335245254" lat="51.5122552" lon="-0.0840905"/>
  <node id="5335245255" lat="51.5121697" lon="-0.0837802"/>
  <node id="5473272656" lat="51.5132986" lon="-0.0892221">
    <tag k="level" v="-3"/>
  </node>
  <node id="5473272660" lat="51.5133454" lon="-0.0888831">
    <tag k="level" v="-1"/>
  </node>
  <node id="5473272661" lat="51.5133621" lon="-0.0888975">
    <tag k="level" v="-1"/>
  </node>
  <node id="5473272662" lat="51.5133785" lon="-0.0889117">
    <tag k="level" v="-1"/>
  </node>
  <node id="5473272667" lat="51.5113196" lon="-0.0875080"/>
  <node id="5473272668" lat="51.5107335" lon="-0.0860849"/>
  <node id="5473272669" lat="51.5107667" lon="-0.0860709"/>
  <node id="5473272670" lat="51.5107837" lon="-0.0860665"/>
  <node id="5473272671" lat="51.5107992" lon="-0.0860791"/>
  <node id="5473272672" lat="51.5108040" lon="-0.0860878"/>
  <node id="5473272673" lat="51.5108076" lon="-0.0861065"/>
  <node id="5473272674" lat="51.5108861" lon="-0.0867308"/>
  <node id="5473272675" lat="51.5108923" lon="-0.0867572"/>
  <node id="5473272676" lat="51.5109011" lon="-0.0867832"/>
  <node id="5473272677" lat="51.5111350" lon="-0.0873437"/>
  <node id="5473272678" lat="51.5111613" lon="-0.0873815"/>
  <node id="5473272700" lat="51.5115334" lon="-0.0876786"/>
  <node id="5473272821" lat="51.5113331" lon="-0.0875423">
    <tag k="level" v="-4"/>
  </node>
  <node id="5473272822" lat="51.5113449" lon="-0.0875041">
    <tag k="level" v="-4"/>
  </node>
  <node id="5473272823" lat="51.5113390" lon="-0.0875234">
    <tag k="level" v="-4"/>
  </node>
  <node id="5473272824" lat="51.5113591" lon="-0.0875395">
    <tag k="level" v="-4.3"/>
  </node>
  <node id="5473272825" lat="51.5113710" lon="-0.0875491">
    <tag k="level" v="-4.3"/>
  </node>
  <node id="5473272826" lat="51.5113912" lon="-0.0875651">
    <tag k="level" v="-4.7"/>
  </node>
  <node id="5473272827" lat="51.5114030" lon="-0.0875746">
    <tag k="level" v="-4.7"/>
  </node>
  <node id="5473272828" lat="51.5114229" lon="-0.0875905">
    <tag k="level" v="-5"/>
  </node>
  <node id="5473272829" lat="51.5114351" lon="-0.0876002">
    <tag k="level" v="-5"/>
  </node>
  <node id="5473272830" lat="51.5114551" lon="-0.0876162">
    <tag k="level" v="-5.3"/>
  </node>
  <node id="5473272831" lat="51.5114668" lon="-0.0876255">
    <tag k="level" v="-5.3"/>
  </node>
  <node id="5473272832" lat="51.5114869" lon="-0.0876416">
    <tag k="level" v="-5.7"/>
  </node>
  <node id="5473272833" lat="51.5114987" lon="-0.0876510">
    <tag k="level" v="-5.7"/>
  </node>
  <node id="5473272834" lat="51.5115130" lon="-0.0876860">
    <tag k="level" v="-6"/>
  </node>
  <node id="5473272835" lat="51.5115248" lon="-0.0876478">
    <tag k="level" v="-6"/>
  </node>
  <node id="5473272837" lat="51.5115188" lon="-0.0876671">
    <tag k="level" v="-6"/>
  </node>
  <node id="5473272871" lat="51.5107105" lon="-0.0860945">
    <tag k="level" v="-4"/>
  </node>
  <node id="5473272882" lat="51.5118284" lon="-0.0875879"/>
  <node id="5473272883" lat="51.5117694" lon="-0.0877789"/>
  <node id="5473272884" lat="51.5121504" lon="-0.0876325"/>
  <node id="5473272885" lat="51.5116938" lon="-0.0877185">
    <tag k="level" v="-5.8"/>
  </node>
  <node id="5473272886" lat="51.5117143" lon="-0.0877349">
    <tag k="level" v="-5.8"/>
  </node>
  <node id="5473272893" lat="51.5117598" lon="-0.0877712">
    <tag k="level" v="-5.5"/>
  </node>
  <node id="5473272894" lat="51.5123236" lon="-0.0883190"/>
  <node id="5473272895" lat="51.5120664" lon="-0.0882432"/>
  <node id="5473272896" lat="51.5121508" lon="-0.0879798"/>
  <node id="5473272897" lat="51.5121011" lon="-0.0881310"/>
  <node id="5473272898" lat="51.5121173" lon="-0.0881448"/>
  <node id="5473272899" lat="51.5122401" lon="-0.0882488"/>
  <node id="5473272900" lat="51.5116336" lon="-0.0876704"/>
  <node id="5473272901" lat="51.5116499" lon="-0.0876835">
    <tag k="level" v="-6"/>
  </node>
  <node id="5473272902" lat="51.5116320" lon="-0.0878962"/>
  <node id="5473272903" lat="51.5116666" lon="-0.0877844"/>
  <node id="5473272904" lat="51.5116593" lon="-0.0875873"/>
  <node id="5473272967" lat="51.5125136" lon="-0.0884798">
    <tag k="level" v="-4.4"/>
  </node>
  <node id="5473272968" lat="51.5125019" lon="-0.0884699">
    <tag k="level" v="-4.4"/>
  </node>
  <node id="5473272969" lat="51.5124717" lon="-0.0884443">
    <tag k="level" v="-4.8"/>
  </node>
  <node id="5473272970" lat="51.5124594" lon="-0.0884339">
    <tag k="level" v="-4.8"/>
  </node>
  <node id="5473272971" lat="51.5124290" lon="-0.0884082">
    <tag k="level" v="-5.2"/>
  </node>
  <node id="5473272972" lat="51.5124173" lon="-0.0883982">
    <tag k="level" v="-5.2"/>
  </node>
  <node id="5473272973" lat="51.5123875" lon="-0.0883730">
    <tag k="level" v="-5.6"/>
  </node>
  <node id="5473272974" lat="51.5123753" lon="-0.0883627">
    <tag k="level" v="-5.6"/>
  </node>
  <node id="5473272975" lat="51.5123396" lon="-0.0883538">
    <tag k="level" v="-6"/>
  </node>
  <node id="5473272976" lat="51.5123507" lon="-0.0883201">
    <tag k="level" v="-6"/>
  </node>
  <node id="5473272977" lat="51.5123451" lon="-0.0883371">
    <tag k="level" v="-6"/>
  </node>
  <node id="5473272978" lat="51.5125636" lon="-0.0885210"/>
  <node id="5473272979" lat="51.5125381" lon="-0.0885219">
    <tag k="level" v="-4"/>
  </node>
  <node id="5473272980" lat="51.5125491" lon="-0.0884881">
    <tag k="level" v="-4"/>
  </node>
  <node id="5473272983" lat="51.5117177" lon="-0.0874992"/>
  <node id="5473272984" lat="51.5119417" lon="-0.0876780"/>
  <node id="5473272987" lat="51.5118190" lon="-0.0875800">
    <tag k="level" v="-5.5"/>
  </node>
  <node id="5473272988" lat="51.5117302" lon="-0.0875091">
    <tag k="level" v="-5"/>
  </node>
  <node id="5473272989" lat="51.5118385" lon="-0.0875963">
    <tag k="level" v="-5.5"/>
  </node>
  <node id="5473272990" lat="51.5119272" lon="-0.0876671">
    <tag k="level" v="-5"/>
  </node>
  <node id="5473272993" lat="51.5113387" lon="-0.0872127"/>
  <node id="5473273003" lat="51.5114415" lon="-0.0873087">
    <tag k="level" v="-1"/>
  </node>
  <node id="5473273004" lat="51.5114494" lon="-0.0872803">
    <tag k="level" v="-1"/>
  </node>
  <node id="5473273067" lat="51.5117019" lon="-0.0875503"/>
  <node id="5473273068" lat="51.5117339" lon="-0.0874468"/>
  <node id="5473273069" lat="51.5124610" lon="-0.0881237"/>
  <node id="5473273070" lat="51.5124529" lon="-0.0881501"/>
  <node id="5473273071" lat="51.5124847" lon="-0.0880466"/>
  <node id="5473273072" lat="51.5124770" lon="-0.0880721"/>
  <node id="5473273073" lat="51.5116703" lon="-0.0874373"/>
  <node id="5473273074" lat="51.5116806" lon="-0.0874042"/>
  <node id="5473273075" lat="51.5116486" lon="-0.0875077"/>
  <node id="5473273076" lat="51.5116605" lon="-0.0874692"/>
  <node id="5473273077" lat="51.5116099" lon="-0.0874287">
    <tag k="level" v="-5"/>
  </node>
  <node id="5473273078" lat="51.5116178" lon="-0.0874003">
    <tag k="level" v="-5"/>
  </node>
  <node id="5473273425" lat="51.5113220" lon="-0.0870319">
    <tag k="crossing" v="unmarked"/>
    <tag k="crossing:markings" v="no"/>
    <tag k="highway" v="crossing"/>
  </node>
  <node id="5473273426" lat="51.5110812" lon="-0.0868459"/>
  <node id="5473273427" lat="51.5110311" lon="-0.0867775"/>
  <node id="5473273428" lat="51.5110132" lon="-0.0867205"/>
  <node id="5473273429" lat="51.5110065" lon="-0.0866809"/>
  <node id="5473273430" lat="51.5109980" lon="-0.0866276"/>
  <node id="5473273431" lat="51.5109646" lon="-0.0864526"/>
  <node id="5473273433" lat="51.5109303" lon="-0.0859128">
    <tag k="button_operated" v="yes"/>
    <tag k="crossing" v="traffic_signals"/>
    <tag k="crossing:markings" v="dots"/>
    <tag k="crossing:signals" v="yes"/>
    <tag k="crossing_ref" v="pelican"/>
    <tag k="highway" v="crossing"/>
    <tag k="tactile_paving" v="yes"/>
    <tag k="traffic_signals:sound" v="no"/>
  </node>
  <node id="5473273434" lat="51.5110164" lon="-0.0858589"/>
  <node id="5473273435" lat="51.5110390" lon="-0.0858853">
    <tag k="button_operated" v="yes"/>
    <tag k="crossing" v="traffic_signals"/>
    <tag k="crossing:markings" v="dots"/>
    <tag k="crossing_ref" v="pelican"/>
    <tag k="highway" v="crossing"/>
    <tag k="tactile_paving" v="yes"/>
  </node>
  <node id="5473273436" lat="51.5110399" lon="-0.0860124"/>
  <node id="5473273437" lat="51.5110028" lon="-0.0860949"/>
  <node id="5473273438" lat="51.5109635" lon="-0.0862491"/>
  <node id="5473273439" lat="51.5109539" lon="-0.0863078"/>
  <node id="5473273440" lat="51.5109514" lon="-0.0863722"/>
  <node id="5473273447" lat="51.5109815" lon="-0.0866498">
    <tag k="level" v="0"/>
    <tag k="name" v="Monument"/>
    <tag k="railway" v="subway_entrance"/>
    <tag k="ref" v="D"/>
    <tag k="source" v="Bing;photographic_survey"/>
    <tag k="wheelchair" v="no"/>
  </node>
  <node id="5473273450" lat="51.5126825" lon="-0.0881751"/>
  <node id="5473273451" lat="51.5126594" lon="-0.0882389"/>
  <node id="5473273452" lat="51.5126481" lon="-0.0882698"/>
  <node id="5473273453" lat="51.5125161" lon="-0.0881677">
    <tag k="level" v="-5"/>
  </node>
  <node id="5473273454" lat="51.5125591" lon="-0.0882014">
    <tag k="level" v="-4"/>
  </node>
  <node id="5473273455" lat="51.5125320" lon="-0.0881152">
    <tag k="level" v="-5"/>
  </node>
  <node id="5473273456" lat="51.5129478" lon="-0.0894817"/>
  <node id="5473273457" lat="51.5130223" lon="-0.0889041"/>
  <node id="5473273458" lat="51.5129735" lon="-0.0890535"/>
  <node id="5473273459" lat="51.5129557" lon="-0.0891421"/>
  <node id="5473273460" lat="51.5129507" lon="-0.0892209"/>
  <node id="5473273461" lat="51.5129431" lon="-0.0893658"/>
  <node id="5473273462" lat="51.5129551" lon="-0.0895783"/>
  <node id="5473273463" lat="51.5129712" lon="-0.0897345"/>
  <node id="5473273464" lat="51.5129896" lon="-0.0898864"/>
  <node id="5473273465" lat="51.5130076" lon="-0.0900229"/>
  <node id="5473273466" lat="51.5130196" lon="-0.0902288"/>
  <node id="5473273467" lat="51.5130138" lon="-0.0903948"/>
  <node id="5473273468" lat="51.5130056" lon="-0.0904628"/>
  <node id="5473273469" lat="51.5129922" lon="-0.0905548"/>
  <node id="5473273470" lat="51.5129829" lon="-0.0906064">
    <tag k="fixme" v="verify"/>
  </node>
  <node id="5473273490" lat="51.5130096" lon="-0.0888934"/>
  <node id="5473273491" lat="51.5130396" lon="-0.0888019"/>
  <node id="5473273492" lat="51.5130459" lon="-0.0887688"/>
  <node id="5473273493" lat="51.5130461" lon="-0.0887357"/>
  <node id="5473273494" lat="51.5130391" lon="-0.0886869"/>
  <node id="5473273495" lat="51.5130355" lon="-0.0886426"/>
  <node id="5473273496" lat="51.5130399" lon="-0.0886134"/>
  <node id="5473273497" lat="51.5130517" lon="-0.0885857"/>
  <node id="5473273498" lat="51.5130975" lon="-0.0885347"/>
  <node id="5473273499" lat="51.5130745" lon="-0.0884779"/>
  <node id="5473273500" lat="51.5129979" lon="-0.0888834"/>
  <node id="5473273503" lat="51.5130766" lon="-0.0889378">
    <tag k="level" v="-2"/>
  </node>
  <node id="5473273504" lat="51.5131035" lon="-0.0889395">
    <tag k="level" v="-1.8"/>
  </node>
  <node id="5473273509" lat="51.5131520" lon="-0.0889427">
    <tag k="level" v="-1.8"/>
  </node>
  <node id="5473273510" lat="51.5132302" lon="-0.0889487"/>
  <node id="5473273511" lat="51.5132419" lon="-0.0889521"/>
  <node id="5473273512" lat="51.5132555" lon="-0.0889638"/>
  <node id="5473273513" lat="51.5131792" lon="-0.0889445">
    <tag k="level" v="-1.5"/>
  </node>
  <node id="5473273527" lat="51.5132686" lon="-0.0889786">
    <tag k="level" v="-1.5"/>
  </node>
  <node id="5473273528" lat="51.5132980" lon="-0.0890147"/>
  <node id="5473273529" lat="51.5133078" lon="-0.0890546"/>
  <node id="5473273530" lat="51.5132865" lon="-0.0890003">
    <tag k="level" v="-2"/>
  </node>
  <node id="5473273546" lat="51.5133043" lon="-0.0891173">
    <tag k="level" v="-2"/>
  </node>
  <node id="5473273547" lat="51.5133020" lon="-0.0891573">
    <tag k="level" v="-2.5"/>
  </node>
  <node id="5473273569" lat="51.5130601" lon="-0.0884631">
    <tag k="level" v="-2"/>
  </node>
  <node id="5473273570" lat="51.5130707" lon="-0.0884512">
    <tag k="level" v="-2"/>
  </node>
  <node id="5473273571" lat="51.5128506" lon="-0.0887590"/>
  <node id="5473273579" lat="51.5129773" lon="-0.0888886">
    <tag k="level" v="-2"/>
  </node>
  <node id="5473273580" lat="51.5129890" lon="-0.0888529">
    <tag k="level" v="-2"/>
  </node>
  <node id="5473273589" lat="51.5129745" lon="-0.0888635">
    <tag k="level" v="-2"/>
  </node>
  <node id="5473273590" lat="51.5129423" lon="-0.0888364">
    <tag k="level" v="-2.6"/>
  </node>
  <node id="5473273591" lat="51.5129307" lon="-0.0888266">
    <tag k="level" v="-2.6"/>
  </node>
  <node id="5473273592" lat="51.5129110" lon="-0.0888100">
    <tag k="level" v="-3.3"/>
  </node>
  <node id="5473273593" lat="51.5128994" lon="-0.0888002">
    <tag k="level" v="-3.3"/>
  </node>
  <node id="5473273596" lat="51.5128616" lon="-0.0887909">
    <tag k="level" v="-4"/>
  </node>
  <node id="5473273597" lat="51.5128733" lon="-0.0887552">
    <tag k="level" v="-4"/>
  </node>
  <node id="5473273598" lat="51.5128434" lon="-0.0882205"/>
  <node id="5473273603" lat="51.5129297" lon="-0.0909368"/>
  <node id="5473273604" lat="51.5126787" lon="-0.0879977"/>
  <node id="5473273605" lat="51.5127087" lon="-0.0879709"/>
  <node id="5473273606" lat="51.5127374" lon="-0.0879454"/>
  <node id="5473273607" lat="51.5125849" lon="-0.0881582"/>
  <node id="5473273608" lat="51.5126164" lon="-0.0880532"/>
  <node id="5473273609" lat="51.5127685" lon="-0.0879177"/>
  <node id="5473273610" lat="51.5127861" lon="-0.0880720"/>
  <node id="5473273611" lat="51.5127566" lon="-0.0880980"/>
  <node id="5473273612" lat="51.5127280" lon="-0.0881231"/>
  <node id="5473273613" lat="51.5126648" lon="-0.0882226"/>
  <node id="5473273614" lat="51.5126978" lon="-0.0881497"/>
  <node id="5473273615" lat="51.5128112" lon="-0.0880499"/>
  <node id="5473273616" lat="51.5133069" lon="-0.0887453"/>
  <node id="5473273617" lat="51.5132952" lon="-0.0888503"/>
  <node id="5473273618" lat="51.5133744" lon="-0.0888768"/>
  <node id="5473273619" lat="51.5133689" lon="-0.0888671"/>
  <node id="5473273620" lat="51.5133533" lon="-0.0888586"/>
  <node id="5473273621" lat="51.5127879" lon="-0.0883386"/>
  <node id="5473273622" lat="51.5126985" lon="-0.0886315"/>
  <node id="5473273623" lat="51.5126516" lon="-0.0884666"/>
  <node id="5473273624" lat="51.5133272" lon="-0.0889545"/>
  <node id="5473273625" lat="51.5133315" lon="-0.0889714"/>
  <node id="5473273628" lat="51.5133484" lon="-0.0888854"/>
  <node id="5473273629" lat="51.5133562" lon="-0.0889066"/>
  <node id="5473273630" lat="51.5133659" lon="-0.0889094"/>
  <node id="5473273631" lat="51.5133749" lon="-0.0889018"/>
  <node id="5473273632" lat="51.5133391" lon="-0.0889769"/>
  <node id="5473273633" lat="51.5133419" lon="-0.0889776"/>
  <node id="5473273634" lat="51.5133453" lon="-0.0889773"/>
  <node id="5473273635" lat="51.5133499" lon="-0.0889746"/>
  <node id="5473273636" lat="51.5133537" lon="-0.0889699"/>
  <node id="5473273637" lat="51.5133560" lon="-0.0889636"/>
  <node id="5473273638" lat="51.5133563" lon="-0.0889591"/>
  <node id="5473273639" lat="51.5133557" lon="-0.0889693"/>
  <node id="5473273640" lat="51.5133492" lon="-0.0889781"/>
  <node id="5473273644" lat="51.5133397" lon="-0.0889797"/>
  <node id="5473273645" lat="51.5133369" lon="-0.0889751">
    <tag k="level" v="-3.7"/>
  </node>
  <node id="5473273646" lat="51.5133340" lon="-0.0889719"/>
  <node id="5473273647" lat="51.5133320" lon="-0.0889677"/>
  <node id="5473273648" lat="51.5133305" lon="-0.0889627"/>
  <node id="5473273649" lat="51.5133299" lon="-0.0889575"/>
  <node id="5473273650" lat="51.5133300" lon="-0.0889522"/>
  <node id="5473273651" lat="51.5133311" lon="-0.0889469"/>
  <node id="5473273652" lat="51.5133328" lon="-0.0889424"/>
  <node id="5473273653" lat="51.5133353" lon="-0.0889386"/>
  <node id="5473273654" lat="51.5133383" lon="-0.0889360"/>
  <node id="5473273655" lat="51.5133416" lon="-0.0889346"/>
  <node id="5473273656" lat="51.5133450" lon="-0.0889345"/>
  <node id="5473273657" lat="51.5133483" lon="-0.0889359"/>
  <node id="5473273658" lat="51.5133513" lon="-0.0889384"/>
  <node id="5473273659" lat="51.5133538" lon="-0.0889421"/>
  <node id="5473273660" lat="51.5133557" lon="-0.0889467"/>
  <node id="5473273661" lat="51.5133568" lon="-0.0889515"/>
  <node id="5473273665" lat="51.5133555" lon="-0.0889541">
    <tag k="level" v="-3.7"/>
  </node>
  <node id="5473273666" lat="51.5133386" lon="-0.0889250">
    <tag k="level" v="-4"/>
  </node>
  <node id="5473273685" lat="51.5133765" lon="-0.0888842">
    <tag k="level" v="-4"/>
  </node>
  <node id="5473273686" lat="51.5133638" lon="-0.0889070"/>
  <node id="5473273687" lat="51.5133668" lon="-0.0889063"/>
  <node id="5473273688" lat="51.5133698" lon="-0.0889048"/>
  <node id="5473273689" lat="51.5133724" lon="-0.0889020"/>
  <node id="5473273690" lat="51.5133745" lon="-0.0888982"/>
  <node id="5473273691" lat="51.5133758" lon="-0.0888944"/>
  <node id="5473273692" lat="51.5133767" lon="-0.0888882"/>
  <node id="5473273693" lat="51.5133747" lon="-0.0888706"/>
  <node id="5473273694" lat="51.5133722" lon="-0.0888669"/>
  <node id="5473273695" lat="51.5133692" lon="-0.0888643"/>
  <node id="5473273696" lat="51.5133659" lon="-0.0888630"/>
  <node id="5473273697" lat="51.5133625" lon="-0.0888630"/>
  <node id="5473273698" lat="51.5133592" lon="-0.0888644"/>
  <node id="5473273699" lat="51.5133562" lon="-0.0888671"/>
  <node id="5473273700" lat="51.5133518" lon="-0.0888755"/>
  <node id="5473273701" lat="51.5133508" lon="-0.0888807"/>
  <node id="5473273702" lat="51.5133505" lon="-0.0888862"/>
  <node id="5473273703" lat="51.5133511" lon="-0.0888916"/>
  <node id="5473273704" lat="51.5133526" lon="-0.0888966"/>
  <node id="5473273705" lat="51.5133547" lon="-0.0889009"/>
  <node id="5473273706" lat="51.5133575" lon="-0.0889042"/>
  <node id="5473273707" lat="51.5133537" lon="-0.0888708"/>
  <node id="5473273708" lat="51.5133607" lon="-0.0889063"/>
  <node id="5473273709" lat="51.5133766" lon="-0.0888752"/>
  <node id="5473273788" lat="51.5132427" lon="-0.0892295"/>
  <node id="5473273789" lat="51.5133533" lon="-0.0892482"/>
  <node id="5473273790" lat="51.5132980" lon="-0.0892369"/>
  <node id="5473273791" lat="51.5132789" lon="-0.0889176"/>
  <node id="5473273792" lat="51.5133289" lon="-0.0889655"/>
  <node id="5473273793" lat="51.5133348" lon="-0.0889763"/>
  <node id="5473273794" lat="51.5133451" lon="-0.0889795"/>
  <node id="5473273795" lat="51.5134110" lon="-0.0889974"/>
  <node id="5473273796" lat="51.5133579" lon="-0.0889631"/>
  <node id="5473273797" lat="51.5133576" lon="-0.0889569">
    <tag k="level" v="-3"/>
  </node>
  <node id="5473273798" lat="51.5132993" lon="-0.0888420"/>
  <node id="5473273799" lat="51.5133476" lon="-0.0888750"/>
  <node id="5473273800" lat="51.5133496" lon="-0.0888945"/>
  <node id="5473273801" lat="51.5133527" lon="-0.0889021"/>
  <node id="5473273802" lat="51.5133610" lon="-0.0889095"/>
  <node id="5473273803" lat="51.5134328" lon="-0.0889252"/>
  <node id="5473273804" lat="51.5133821" lon="-0.0888927"/>
  <node id="5473273805" lat="51.5133782" lon="-0.0888930"/>
  <node id="5473273806" lat="51.5133780" lon="-0.0888850">
    <tag k="level" v="-3"/>
  </node>
  <node id="5473273966" lat="51.5133835" lon="-0.0886328"/>
  <node id="5473273967" lat="51.5134925" lon="-0.0887266"/>
  <node id="5473273968" lat="51.5134358" lon="-0.0886776"/>
  <node id="5473274242" lat="51.5133508" lon="-0.0889332"/>
  <node id="5473274243" lat="51.5134391" lon="-0.0887317">
    <tag k="level" v="-3"/>
  </node>
  <node id="5473274244" lat="51.5134225" lon="-0.0887174">
    <tag k="level" v="-3"/>
  </node>
  <node id="5473274251" lat="51.5134059" lon="-0.0887031">
    <tag k="level" v="-3"/>
  </node>
  <node id="5473274252" lat="51.5128485" lon="-0.0912317"/>
  <node id="5473274253" lat="51.5129511" lon="-0.0908995"/>
  <node id="5473274254" lat="51.5129104" lon="-0.0908682">
    <tag k="fixme" v="verify"/>
  </node>
  <node id="5473274255" lat="51.5129423" lon="-0.0907533"/>
  <node id="5473274256" lat="51.5128286" lon="-0.0912177"/>
  <node id="5473274257" lat="51.5128885" lon="-0.0913777"/>
  <node id="5473274258" lat="51.5128692" lon="-0.0913650"/>
  <node id="5473274259" lat="51.5128960" lon="-0.0912667"/>
  <node id="5473274260" lat="51.5129886" lon="-0.0909273"/>
  <node id="5473274441" lat="51.5129692" lon="-0.0908767">
    <tag k="level" v="-2"/>
  </node>
  <node id="5473274442" lat="51.5129810" lon="-0.0908393">
    <tag k="level" v="-1.8"/>
  </node>
  <node id="5473274451" lat="51.5130016" lon="-0.0907741">
    <tag k="level" v="-1.8"/>
  </node>
  <node id="5473274452" lat="51.5130070" lon="-0.0907548">
    <tag k="level" v="-1.7"/>
  </node>
  <node id="5473274457" lat="51.5130437" lon="-0.0906223">
    <tag k="level" v="-1.7"/>
  </node>
  <node id="5473274458" lat="51.5130489" lon="-0.0906009">
    <tag k="level" v="-1.6"/>
  </node>
  <node id="5473274463" lat="51.5130814" lon="-0.0904657">
    <tag k="level" v="-1.6"/>
  </node>
  <node id="5473274464" lat="51.5130862" lon="-0.0904460">
    <tag k="level" v="-1.5"/>
  </node>
  <node id="5473274469" lat="51.5131197" lon="-0.0903068">
    <tag k="level" v="-1.5"/>
  </node>
  <node id="5473274470" lat="51.5131247" lon="-0.0902859">
    <tag k="level" v="-1.4"/>
  </node>
  <node id="5473274475" lat="51.5131591" lon="-0.0901429">
    <tag k="level" v="-1.4"/>
  </node>
  <node id="5473274476" lat="51.5131640" lon="-0.0901226">
    <tag k="level" v="-1.3"/>
  </node>
  <node id="5473274481" lat="51.5131982" lon="-0.0899809">
    <tag k="level" v="-1.3"/>
  </node>
  <node id="5473274493" lat="51.5133703" lon="-0.0896019"/>
  <node id="5473274494" lat="51.5133954" lon="-0.0895086"/>
  <node id="5473274497" lat="51.5130540" lon="-0.0908939">
    <tag k="level" v="-2"/>
  </node>
  <node id="5473274498" lat="51.5133714" lon="-0.0896365">
    <tag k="level" v="-1"/>
  </node>
  <node id="5473274499" lat="51.5130347" lon="-0.0908813">
    <tag k="level" v="-2"/>
  </node>
  <node id="5473274500" lat="51.5133521" lon="-0.0896239">
    <tag k="level" v="-1"/>
  </node>
  <node id="5473274501" lat="51.5126737" lon="-0.0880084"/>
  <node id="5473274502" lat="51.5127040" lon="-0.0879814"/>
  <node id="5473274503" lat="51.5127332" lon="-0.0879555"/>
  <node id="5473274504" lat="51.5127615" lon="-0.0879302"/>
  <node id="5473274505" lat="51.5126624" lon="-0.0880185"/>
  <node id="5473274506" lat="51.5126459" lon="-0.0880856"/>
  <node id="5473274507" lat="51.5128250" lon="-0.0880463"/>
  <node id="5473274508" lat="51.5127665" lon="-0.0880986"/>
  <node id="5473274509" lat="51.5126904" lon="-0.0880282">
    <tag k="highway" v="elevator"/>
    <tag k="indoor" v="yes"/>
    <tag k="level" v="-4;-1"/>
    <tag k="wheelchair" v="yes"/>
  </node>
  <node id="5473274510" lat="51.5127201" lon="-0.0880017">
    <tag k="highway" v="elevator"/>
    <tag k="indoor" v="yes"/>
    <tag k="level" v="-4;-1"/>
    <tag k="wheelchair" v="yes"/>
  </node>
  <node id="5473274511" lat="51.5127494" lon="-0.0879756">
    <tag k="highway" v="elevator"/>
    <tag k="indoor" v="yes"/>
    <tag k="level" v="-4;-1"/>
    <tag k="wheelchair" v="yes"/>
  </node>
  <node id="5473274512" lat="51.5127790" lon="-0.0879493">
    <tag k="highway" v="elevator"/>
    <tag k="indoor" v="yes"/>
    <tag k="level" v="-4;-1"/>
    <tag k="wheelchair" v="yes"/>
  </node>
  <node id="5473274513" lat="51.5128068" lon="-0.0880243">
    <tag k="highway" v="elevator"/>
    <tag k="indoor" v="yes"/>
    <tag k="level" v="-4;-1"/>
    <tag k="wheelchair" v="yes"/>
  </node>
  <node id="5473274514" lat="51.5127776" lon="-0.0880504">
    <tag k="highway" v="elevator"/>
    <tag k="indoor" v="yes"/>
    <tag k="level" v="-4;-1"/>
    <tag k="wheelchair" v="yes"/>
  </node>
  <node id="5473274515" lat="51.5127488" lon="-0.0880760">
    <tag k="highway" v="elevator"/>
    <tag k="indoor" v="yes"/>
    <tag k="level" v="-4;-1"/>
    <tag k="wheelchair" v="yes"/>
  </node>
  <node id="5473274516" lat="51.5127198" lon="-0.0881018">
    <tag k="highway" v="elevator"/>
    <tag k="indoor" v="yes"/>
    <tag k="level" v="-4;-1"/>
    <tag k="wheelchair" v="yes"/>
  </node>
  <node id="5473274517" lat="51.5126130" lon="-0.0880582"/>
  <node id="5473274518" lat="51.5126982" lon="-0.0881291"/>
  <node id="5473274519" lat="51.5127361" lon="-0.0881254"/>
  <node id="5473274520" lat="51.5128284" lon="-0.0879563">
    <tag k="level" v="-1"/>
  </node>
  <node id="5473274522" lat="51.5128285" lon="-0.0879818"/>
  <node id="5473274523" lat="51.5128443" lon="-0.0880287"/>
  <node id="5473274524" lat="51.5130335" lon="-0.0884162"/>
  <node id="5473274525" lat="51.5130072" lon="-0.0884498"/>
  <node id="5473274526" lat="51.5129704" lon="-0.0882553">
    <tag k="level" v="-1"/>
  </node>
  <node id="5473274527" lat="51.5129810" lon="-0.0882435">
    <tag k="level" v="-1"/>
  </node>
  <node id="5473274528" lat="51.5129607" lon="-0.0882146"/>
  <node id="5473274529" lat="51.5128533" lon="-0.0882912"/>
  <node id="5473274530" lat="51.5128239" lon="-0.0882855"/>
  <node id="5473274531" lat="51.5127983" lon="-0.0880706"/>
  <node id="5473274532" lat="51.5128441" lon="-0.0882042"/>
  <node id="5473274533" lat="51.5129142" lon="-0.0881859"/>
  <node id="5473274534" lat="51.5129288" lon="-0.0883178"/>
  <node id="5473274535" lat="51.5130749" lon="-0.0885681"/>
  <node id="5473274536" lat="51.5135233" lon="-0.0886609"/>
  <node id="5473274537" lat="51.5135525" lon="-0.0882751"/>
  <node id="5473274538" lat="51.5135277" lon="-0.0884813"/>
  <node id="5473274539" lat="51.5132700" lon="-0.0891119"/>
  <node id="5473274540" lat="51.5133623" lon="-0.0889440"/>
  <node id="5473274541" lat="51.5133384" lon="-0.0890161"/>
  <node id="5473274542" lat="51.5135085" lon="-0.0888885"/>
  <node id="5473274543" lat="51.5132948" lon="-0.0891513"/>
  <node id="5473274544" lat="51.5133366" lon="-0.0894981"/>
  <node id="5473274709" lat="51.5127651" lon="-0.0881924"/>
  <node id="5473274710" lat="51.5126001" lon="-0.0880888"/>
  <node id="5473274711" lat="51.5126177" lon="-0.0880304">
    <tag k="highway" v="elevator"/>
    <tag k="indoor" v="yes"/>
    <tag k="level" v="-1;0"/>
    <tag k="wheelchair" v="yes"/>
  </node>
  <node id="5473274716" lat="51.5129242" lon="-0.0879514"/>
  <node id="5473274717" lat="51.5129789" lon="-0.0882607"/>
  <node id="5473274718" lat="51.5129733" lon="-0.0881421"/>
  <node id="5473274719" lat="51.5130806" lon="-0.0884110"/>
  <node id="5473274720" lat="51.5129893" lon="-0.0882850">
    <tag k="level" v="0"/>
    <tag k="name" v="Bank station, Exit 6"/>
    <tag k="railway" v="subway_entrance"/>
    <tag k="ref" v="6"/>
    <tag k="wheelchair" v="no"/>
  </node>
  <node id="5473274721" lat="51.5130009" lon="-0.0883119">
    <tag k="level" v="-0.7"/>
  </node>
  <node id="5473274722" lat="51.5130084" lon="-0.0883292">
    <tag k="level" v="-0.7"/>
  </node>
  <node id="5473274723" lat="51.5130289" lon="-0.0883769">
    <tag k="level" v="-1"/>
  </node>
  <node id="5473274724" lat="51.5125864" lon="-0.0880775"/>
  <node id="5473274725" lat="51.5127409" lon="-0.0882296"/>
  <node id="5473274739" lat="51.5127727" lon="-0.0881965">
    <tag k="level" v="0"/>
    <tag k="name" v="Bank station, Exit P"/>
    <tag k="railway" v="subway_entrance"/>
    <tag k="ref" v="P"/>
    <tag k="wheelchair" v="no"/>
  </node>
  <node id="5473274740" lat="51.5128081" lon="-0.0882252"/>
  <node id="5473274741" lat="51.5128213" lon="-0.0882240"/>
  <node id="5473274742" lat="51.5128132" lon="-0.0882247">
    <tag k="level" v="-0.7"/>
  </node>
  <node id="5473274746" lat="51.5128216" lon="-0.0882340">
    <tag k="level" v="-0.7"/>
  </node>
  <node id="5473274747" lat="51.5128226" lon="-0.0882613">
    <tag k="level" v="-1"/>
  </node>
  <node id="5473274794" lat="51.5127447" lon="-0.0878323"/>
  <node id="5473274853" lat="51.5132266" lon="-0.0898426"/>
  <node id="5473274854" lat="51.5134140" lon="-0.0895234"/>
  <node id="5473274855" lat="51.5134211" lon="-0.0896488"/>
  <node id="5473274856" lat="51.5133898" lon="-0.0897829"/>
  <node id="5473274861" lat="51.5131357" lon="-0.0898627"/>
  <node id="5473274862" lat="51.5133055" lon="-0.0894316"/>
  <node id="5473274863" lat="51.5133089" lon="-0.0894825"/>
  <node id="5473274864" lat="51.5133072" lon="-0.0895174"/>
  <node id="5473274865" lat="51.5132997" lon="-0.0895603"/>
  <node id="5473274866" lat="51.5132346" lon="-0.0897356">
    <tag k="crossing" v="unmarked"/>
    <tag k="crossing:island" v="no"/>
    <tag k="crossing:markings" v="no"/>
    <tag k="highway" v="crossing"/>
    <tag k="tactile_paving" v="yes"/>
  </node>
  <node id="5473274867" lat="51.5131954" lon="-0.0898607"/>
  <node id="5473274891" lat="51.5133846" lon="-0.0899611"/>
  <node id="5473274892" lat="51.5134190" lon="-0.0901323"/>
  <node id="5473274893" lat="51.5134374" lon="-0.0901906"/>
  <node id="5473274894" lat="51.5134524" lon="-0.0902711"/>
  <node id="5473274895" lat="51.5135141" lon="-0.0906602"/>
  <node id="5473274896" lat="51.5134520" lon="-0.0903019"/>
  <node id="5473274899" lat="51.5134309" lon="-0.0902279">
    <tag k="level" v="-0.5"/>
  </node>
  <node id="5473274902" lat="51.5134181" lon="-0.0901538">
    <tag k="level" v="-1"/>
  </node>
  <node id="5473274903" lat="51.5134273" lon="-0.0902072">
    <tag k="level" v="-0.5"/>
  </node>
  <node id="5473274906" lat="51.5135835" lon="-0.0889029">
    <tag k="level" v="-0.5"/>
  </node>
  <node id="5473274907" lat="51.5135793" lon="-0.0889254">
    <tag k="level" v="0"/>
    <tag k="name" v="Bank station, Exit 2"/>
    <tag k="railway" v="subway_entrance"/>
    <tag k="ref" v="2"/>
    <tag k="wheelchair" v="no"/>
  </node>
  <node id="5473274908" lat="51.5135729" lon="-0.0888577">
    <tag k="level" v="-0.5"/>
  </node>
  <node id="5473274911" lat="51.5135814" lon="-0.0888787"/>
  <node id="5473274917" lat="51.5135709" lon="-0.0888840">
    <tag k="level" v="-0.5"/>
  </node>
  <node id="5473274957" lat="51.5134015" lon="-0.0871468"/>
  <node id="5473274958" lat="51.5133669" lon="-0.0876700"/>
  <node id="5473274959" lat="51.5138500" lon="-0.0872634"/>
  <node id="5473274969" lat="51.5131152" lon="-0.0891150"/>
  <node id="5473274970" lat="51.5131205" lon="-0.0891392"/>
  <node id="5473274971" lat="51.5131368" lon="-0.0891310">
    <tag k="level" v="0"/>
    <tag k="name" v="Bank station, Exit 7"/>
    <tag k="railway" v="subway_entrance"/>
    <tag k="ref" v="7"/>
    <tag k="wheelchair" v="no"/>
  </node>
  <node id="5473274973" lat="51.5132195" lon="-0.0889385"/>
  <node id="5473274977" lat="51.5132022" lon="-0.0886977"/>
  <node id="5473274978" lat="51.5132222" lon="-0.0887208"/>
  <node id="5473274979" lat="51.5132376" lon="-0.0887332"/>
  <node id="5473274990" lat="51.5133171" lon="-0.0886404"/>
  <node id="5473274991" lat="51.5132460" lon="-0.0887058"/>
  <node id="5473274992" lat="51.5132422" lon="-0.0887044"/>
  <node id="5473274993" lat="51.5132387" lon="-0.0887020"/>
  <node id="5473274994" lat="51.5132352" lon="-0.0886992"/>
  <node id="5473274995" lat="51.5132295" lon="-0.0886945"/>
  <node id="5473274996" lat="51.5132093" lon="-0.0886720">
    <tag k="level" v="0"/>
    <tag k="name" v="Bank station, Exit 5"/>
    <tag k="railway" v="subway_entrance"/>
    <tag k="ref" v="5"/>
    <tag k="wheelchair" v="no"/>
  </node>
  <node id="5473274997" lat="51.5132741" lon="-0.0887021"/>
  <node id="5473274998" lat="51.5132778" lon="-0.0886996"/>
  <node id="5473274999" lat="51.5132810" lon="-0.0886963"/>
  <node id="5473275000" lat="51.5132842" lon="-0.0886926"/>
  <node id="5473275001" lat="51.5132961" lon="-0.0886763"/>
  <node id="5473275002" lat="51.5133069" lon="-0.0886589">
    <tag k="level" v="0"/>
    <tag k="name" v="Bank station, Exit 5"/>
    <tag k="railway" v="subway_entrance"/>
    <tag k="ref" v="5"/>
    <tag k="wheelchair" v="no"/>
  </node>
  <node id="5473275003" lat="51.5132609" lon="-0.0887189">
    <tag k="level" v="-0.8"/>
  </node>
  <node id="5473275004" lat="51.5132601" lon="-0.0887045"/>
  <node id="5473275005" lat="51.5132511" lon="-0.0887057">
    <tag k="level" v="-0.8"/>
  </node>
  <node id="5473275006" lat="51.5132691" lon="-0.0887033">
    <tag k="level" v="-0.8"/>
  </node>
  <node id="5473275035" lat="51.5134506" lon="-0.0891326">
    <tag k="level" v="-1"/>
  </node>
  <node id="5473275036" lat="51.5134558" lon="-0.0891438">
    <tag k="level" v="-0.8"/>
  </node>
  <node id="5473275037" lat="51.5134381" lon="-0.0891815"/>
  <node id="5473275038" lat="51.5134299" lon="-0.0891993"/>
  <node id="5473275039" lat="51.5134424" lon="-0.0891734"/>
  <node id="5473275040" lat="51.5134765" lon="-0.0891340"/>
  <node id="5473275041" lat="51.5134811" lon="-0.0891307"/>
  <node id="5473275042" lat="51.5135004" lon="-0.0891248"/>
  <node id="5473275043" lat="51.5134940" lon="-0.0891258"/>
  <node id="5473299340" lat="51.5128355" lon="-0.0880284"/>
  <node id="5473299341" lat="51.5128007" lon="-0.0879241"/>
  <node id="5473299342" lat="51.5128134" lon="-0.0879128"/>
  <node id="5473299343" lat="51.5128056" lon="-0.0879383">
    <tag k="level" v="-2.5"/>
  </node>
  <node id="5473299344" lat="51.5128157" lon="-0.0879676">
    <tag k="level" v="-4"/>
  </node>
  <node id="5473299349" lat="51.5128183" lon="-0.0879270">
    <tag k="level" v="-2.5"/>
  </node>
  <node id="5565443389" lat="51.5157426" lon="-0.0893037">
    <tag k="crossing" v="unmarked"/>
    <tag k="crossing:island" v="yes"/>
    <tag k="crossing:markings" v="no"/>
    <tag k="highway" v="crossing"/>
  </node>
  <node id="5565443391" lat="51.5167126" lon="-0.0914378"/>
  <node id="5565443394" lat="51.5156745" lon="-0.0894194"/>
  <node id="5565443396" lat="51.5157499" lon="-0.0893607">
    <tag k="barrier" v="kerb"/>
    <tag k="kerb" v="lowered"/>
  </node>
  <node id="5565443397" lat="51.5161691" lon="-0.0891389"/>
  <node id="5565452526" lat="51.5156380" lon="-0.0887480">
    <tag k="barrier" v="bollard"/>
    <tag k="bollard" v="removable"/>
  </node>
  <node id="5609659814" lat="51.5155408" lon="-0.0865607">
    <tag k="access" v="private"/>
    <tag k="barrier" v="gate"/>
  </node>
  <node id="5609659815" lat="51.5157717" lon="-0.0864268">
    <tag k="access" v="private"/>
    <tag k="barrier" v="gate"/>
  </node>
  <node id="5839842270" lat="51.5137443" lon="-0.0881565">
    <tag k="entrance" v="yes"/>
    <tag k="name" v="Main Entrance Bank of England"/>
  </node>
  <node id="5875062471" lat="51.5160089" lon="-0.0891982">
    <tag k="bus" v="yes"/>
    <tag k="name" v="Great Swan Alley"/>
    <tag k="public_transport" v="stop_position"/>
  </node>
  <node id="5875062472" lat="51.5155628" lon="-0.0893709">
    <tag k="bus" v="yes"/>
    <tag k="name" v="London Wall"/>
    <tag k="public_transport" v="stop_position"/>
  </node>
  <node id="5925584203" lat="51.5127289" lon="-0.0882954">
    <tag k="traffic_calming" v="island"/>
  </node>
  <node id="5925584204" lat="51.5129105" lon="-0.0884468">
    <tag k="crossing" v="unmarked"/>
    <tag k="crossing:island" v="yes"/>
    <tag k="crossing:markings" v="no"/>
    <tag k="highway" v="crossing"/>
    <tag k="tactile_paving" v="no"/>
  </node>
  <node id="6018098765" lat="51.5110723" lon="-0.0870188">
    <tag k="barrier" v="kerb"/>
    <tag k="kerb" v="lowered"/>
    <tag k="tactile_paving" v="no"/>
  </node>
  <node id="6018098767" lat="51.5111242" lon="-0.0868841"/>
  <node id="6018098768" lat="51.5110754" lon="-0.0859366"/>
  <node id="6018098772" lat="51.5110522" lon="-0.0870764">
    <tag k="barrier" v="kerb"/>
    <tag k="kerb" v="lowered"/>
  </node>
  <node id="6018098773" lat="51.5111198" lon="-0.0868925">
    <tag k="barrier" v="kerb"/>
    <tag k="kerb" v="raised"/>
    <tag k="tactile_paving" v="no"/>
  </node>
  <node id="6018098774" lat="51.5109514" lon="-0.0859472"/>
  <node id="6018098775" lat="51.5110086" lon="-0.0858500"/>
  <node id="6116290275" lat="51.5125393" lon="-0.0904211"/>
  <node id="6116290276" lat="51.5126219" lon="-0.0903689"/>
  <node id="6116290277" lat="51.5126450" lon="-0.0903530"/>
  <node id="6116290278" lat="51.5126538" lon="-0.0903919"/>
  <node id="6116290279" lat="51.5127214" lon="-0.0906647"/>
  <node id="6116290280" lat="51.5127430" lon="-0.0907572"/>
  <node id="6117895975" lat="51.5139393" lon="-0.0936273"/>
  <node id="6117895976" lat="51.5136682" lon="-0.0941989"/>
  <node id="6117895977" lat="51.5139536" lon="-0.0937337"/>
  <node id="6117895978" lat="51.5136057" lon="-0.0937747"/>
  <node id="6117895979" lat="51.5136192" lon="-0.0937684"/>
  <node id="6117895981" lat="51.5136949" lon="-0.0937308">
    <tag k="entrance" v="yes"/>
  </node>
  <node id="6117895982" lat="51.5137773" lon="-0.0939869"/>
  <node id="6117895983" lat="51.5137933" lon="-0.0938850"/>
  <node id="6117895984" lat="51.5136378" lon="-0.0938658"/>
  <node id="6369361785" lat="51.5117484" lon="-0.0907015">
    <tag k="barrier" v="bollard"/>
    <tag k="bollard" v="fixed"/>
  </node>
  <node id="6369361786" lat="51.5118083" lon="-0.0906682">
    <tag k="highway" v="traffic_signals"/>
    <tag k="traffic_signals:direction" v="forward"/>
  </node>
  <node id="6369361787" lat="51.5117547" lon="-0.0906980">
    <tag k="button_operated" v="yes"/>
    <tag k="crossing" v="traffic_signals"/>
    <tag k="crossing:markings" v="dots"/>
    <tag k="crossing:signals" v="yes"/>
    <tag k="crossing_ref" v="pelican"/>
    <tag k="highway" v="crossing"/>
    <tag k="tactile_paving" v="yes"/>
    <tag k="traffic_signals:sound" v="yes"/>
    <tag k="traffic_signals:vibration" v="yes"/>
  </node>
  <node id="6369361788" lat="51.5117602" lon="-0.0909993">
    <tag k="highway" v="traffic_signals"/>
    <tag k="traffic_signals:direction" v="forward"/>
  </node>
  <node id="6369361789" lat="51.5121644" lon="-0.0928153">
    <tag k="highway" v="traffic_signals"/>
    <tag k="traffic_signals:direction" v="forward"/>
  </node>
  <node id="6369361791" lat="51.5117244" lon="-0.0908384">
    <tag k="button_operated" v="yes"/>
    <tag k="crossing" v="traffic_signals"/>
    <tag k="crossing:island" v="no"/>
    <tag k="crossing:markings" v="dots"/>
    <tag k="crossing:signals" v="yes"/>
    <tag k="crossing_ref" v="pelican"/>
    <tag k="highway" v="crossing"/>
    <tag k="tactile_paving" v="yes"/>
    <tag k="traffic_signals:sound" v="no"/>
    <tag k="traffic_signals:vibration" v="yes"/>
  </node>
  <node id="6369361792" lat="51.5110441" lon="-0.0871555">
    <tag k="cycleway" v="asl"/>
    <tag k="direction" v="forward"/>
  </node>
  <node id="6369361794" lat="51.5121409" lon="-0.0926979">
    <tag k="bicycle" v="designated"/>
    <tag k="button_operated" v="yes"/>
    <tag k="crossing" v="traffic_signals"/>
    <tag k="crossing:island" v="no"/>
    <tag k="crossing:markings" v="dots"/>
    <tag k="crossing:signals" v="yes"/>
    <tag k="crossing_ref" v="toucan"/>
    <tag k="highway" v="crossing"/>
    <tag k="segregated" v="no"/>
    <tag k="tactile_paving" v="yes"/>
    <tag k="traffic_signals:sound" v="yes"/>
  </node>
  <node id="6369361795" lat="51.5121182" lon="-0.0925998">
    <tag k="highway" v="traffic_signals"/>
    <tag k="traffic_signals:direction" v="backward"/>
  </node>
  <node id="6369361796" lat="51.5116419" lon="-0.0904581">
    <tag k="highway" v="traffic_signals"/>
    <tag k="traffic_signals:direction" v="backward"/>
  </node>
  <node id="6369361797" lat="51.5115867" lon="-0.0907743">
    <tag k="highway" v="traffic_signals"/>
    <tag k="traffic_signals:direction" v="forward"/>
  </node>
  <node id="6369390690" lat="51.5123117" lon="-0.0936147"/>
  <node id="6369390692" lat="51.5123852" lon="-0.0938985"/>
  <node id="6369390696" lat="51.5123400" lon="-0.0937143"/>
  <node id="6369390701" lat="51.5124753" lon="-0.0939488"/>
  <node id="6369401332" lat="51.5126008" lon="-0.0926900">
    <tag k="barrier" v="kerb"/>
    <tag k="kerb" v="flush"/>
    <tag k="tactile_paving" v="yes"/>
  </node>
  <node id="6369401333" lat="51.5127036" lon="-0.0922875">
    <tag k="barrier" v="kerb"/>
    <tag k="kerb" v="lowered"/>
  </node>
  <node id="6369401335" lat="51.5126233" lon="-0.0927040">
    <tag k="barrier" v="kerb"/>
    <tag k="kerb" v="flush"/>
    <tag k="tactile_paving" v="yes"/>
  </node>
  <node id="6380335603" lat="51.5124471" lon="-0.0933909">
    <tag k="barrier" v="kerb"/>
    <tag k="kerb" v="lowered"/>
    <tag k="tactile_paving" v="yes"/>
  </node>
  <node id="6380335604" lat="51.5124907" lon="-0.0932977">
    <tag k="barrier" v="kerb"/>
    <tag k="kerb" v="lowered"/>
    <tag k="tactile_paving" v="yes"/>
  </node>
  <node id="6380335605" lat="51.5123218" lon="-0.0933846">
    <tag k="barrier" v="kerb"/>
    <tag k="kerb" v="lowered"/>
    <tag k="tactile_paving" v="yes"/>
  </node>
  <node id="6380335606" lat="51.5123172" lon="-0.0934913">
    <tag k="barrier" v="kerb"/>
    <tag k="kerb" v="lowered"/>
    <tag k="tactile_paving" v="yes"/>
  </node>
  <node id="6463230640" lat="51.5114428" lon="-0.0852596">
    <tag k="entrance" v="garage"/>
  </node>
  <node id="6463234329" lat="51.5114899" lon="-0.0854043"/>
  <node id="6739026230" lat="51.5122378" lon="-0.0942461"/>
  <node id="6739026231" lat="51.5126533" lon="-0.0921451"/>
  <node id="6948380395" lat="51.5125941" lon="-0.0902080"/>
  <node id="6948380397" lat="51.5125274" lon="-0.0902482">
    <tag k="barrier" v="bollard"/>
    <tag k="bollard" v="fixed"/>
  </node>
  <node id="6948380399" lat="51.5125657" lon="-0.0900869">
    <tag k="barrier" v="gate"/>
  </node>
  <node id="6948380400" lat="51.5125365" lon="-0.0899526"/>
  <node id="6948380401" lat="51.5125531" lon="-0.0902316"/>
  <node id="6967585842" lat="51.5109180" lon="-0.0932390">
    <tag k="button_operated" v="yes"/>
    <tag k="crossing" v="traffic_signals"/>
    <tag k="crossing:markings" v="dots"/>
    <tag k="crossing:signals" v="yes"/>
    <tag k="crossing_ref" v="pelican"/>
    <tag k="highway" v="crossing"/>
    <tag k="tactile_paving" v="no"/>
  </node>
  <node id="6967585843" lat="51.5109640" lon="-0.0932234">
    <tag k="button_operated" v="yes"/>
    <tag k="crossing" v="traffic_signals"/>
    <tag k="crossing:island" v="no"/>
    <tag k="crossing:markings" v="dots"/>
    <tag k="crossing:signals" v="yes"/>
    <tag k="crossing_ref" v="pelican"/>
    <tag k="highway" v="crossing"/>
    <tag k="tactile_paving" v="incorrect"/>
  </node>
  <node id="6967585844" lat="51.5109579" lon="-0.0931739">
    <tag k="bicycle" v="yes"/>
    <tag k="highway" v="traffic_signals"/>
    <tag k="traffic_signals:direction" v="backward"/>
  </node>
  <node id="6985373980" lat="51.5148601" lon="-0.0900661">
    <tag k="highway" v="traffic_signals"/>
    <tag k="traffic_signals:direction" v="forward"/>
  </node>
  <node id="6985373981" lat="51.5147536" lon="-0.0891737"/>
  <node id="6985373982" lat="51.5149510" lon="-0.0896030">
    <tag k="highway" v="traffic_signals"/>
    <tag k="traffic_signals:direction" v="backward"/>
  </node>
  <node id="6985373983" lat="51.5146339" lon="-0.0897663">
    <tag k="highway" v="traffic_signals"/>
    <tag k="traffic_signals:direction" v="backward"/>
  </node>
  <node id="6985373984" lat="51.5147084" lon="-0.0889796"/>
  <node id="6985379030" lat="51.5148097" lon="-0.0892210">
    <tag k="barrier" v="bollard"/>
    <tag k="bollard" v="fixed"/>
  </node>
  <node id="6985379285" lat="51.5148769" lon="-0.0901795"/>
  <node id="6985379286" lat="51.5148392" lon="-0.0899294">
    <tag k="crossing" v="traffic_signals"/>
    <tag k="crossing:island" v="yes"/>
    <tag k="crossing_ref" v="pelican"/>
    <tag k="highway" v="crossing"/>
  </node>
  <node id="7082240198" lat="51.5141836" lon="-0.0862024"/>
  <node id="7223298252" lat="51.5117404" lon="-0.0909103">
    <tag k="cycleway" v="asl"/>
    <tag k="direction" v="forward"/>
  </node>
  <node id="7223298253" lat="51.5112920" lon="-0.0885793">
    <tag k="crossing" v="unmarked"/>
    <tag k="crossing:island" v="yes"/>
    <tag k="crossing:markings" v="no"/>
    <tag k="highway" v="crossing"/>
  </node>
  <node id="7223298254" lat="51.5116553" lon="-0.0905169">
    <tag k="cycleway" v="asl"/>
    <tag k="direction" v="backward"/>
  </node>
  <node id="7223326408" lat="51.5135411" lon="-0.0885459">
    <tag k="bicycle" v="yes"/>
    <tag k="highway" v="traffic_signals"/>
    <tag k="traffic_signals:direction" v="forward"/>
  </node>
  <node id="7223326412" lat="51.5139427" lon="-0.0893108"/>
  <node id="7223365368" lat="51.5133620" lon="-0.0891839"/>
  <node id="7223365369" lat="51.5134104" lon="-0.0892859">
    <tag k="barrier" v="kerb"/>
    <tag k="kerb" v="lowered"/>
    <tag k="tactile_paving" v="yes"/>
  </node>
  <node id="7223365371" lat="51.5133553" lon="-0.0893340">
    <tag k="highway" v="traffic_signals"/>
    <tag k="traffic_signals:direction" v="forward"/>
  </node>
  <node id="7223365372" lat="51.5133536" lon="-0.0892977">
    <tag k="crossing" v="traffic_signals"/>
    <tag k="crossing:island" v="yes"/>
    <tag k="crossing:markings" v="dots"/>
    <tag k="crossing:signals" v="yes"/>
    <tag k="crossing_ref" v="pelican"/>
    <tag k="highway" v="crossing"/>
    <tag k="traffic_calming" v="table"/>
  </node>
  <node id="7369057229" lat="51.5131189" lon="-0.0841895"/>
  <node id="7486891708" lat="51.5113619" lon="-0.0938792">
    <tag k="barrier" v="gate"/>
  </node>
  <node id="7553887390" lat="51.5137100" lon="-0.0913021">
    <tag k="barrier" v="kerb"/>
    <tag k="kerb" v="lowered"/>
    <tag k="tactile_paving" v="yes"/>
  </node>
  <node id="7553887392" lat="51.5136746" lon="-0.0913172">
    <tag k="crossing" v="unmarked"/>
    <tag k="crossing:island" v="yes"/>
    <tag k="highway" v="crossing"/>
    <tag k="tactile_paving" v="yes"/>
  </node>
  <node id="7553887404" lat="51.5137554" lon="-0.0921664">
    <tag k="barrier" v="kerb"/>
    <tag k="kerb" v="lowered"/>
  </node>
  <node id="7553887409" lat="51.5138983" lon="-0.0923329">
    <tag k="button_operated" v="yes"/>
    <tag k="crossing" v="traffic_signals"/>
    <tag k="crossing:island" v="no"/>
    <tag k="crossing:markings" v="dots"/>
    <tag k="crossing:signals" v="yes"/>
    <tag k="crossing_ref" v="pelican"/>
    <tag k="highway" v="crossing"/>
    <tag k="tactile_paving" v="yes"/>
    <tag k="traffic_signals:sound" v="no"/>
  </node>
  <node id="7553887415" lat="51.5138280" lon="-0.0920735">
    <tag k="direction" v="forward"/>
    <tag k="highway" v="give_way"/>
  </node>
  <node id="7553887422" lat="51.5139002" lon="-0.0922426"/>
  <node id="7553887423" lat="51.5138770" lon="-0.0920940"/>
  <node id="7553887464" lat="51.5141225" lon="-0.0941507">
    <tag k="crossing" v="unmarked"/>
    <tag k="crossing:island" v="yes"/>
    <tag k="highway" v="crossing"/>
    <tag k="kerb" v="lowered"/>
    <tag k="source" v="photograph"/>
  </node>
  <node id="7567588716" lat="51.5135866" lon="-0.0908041">
    <tag k="crossing" v="unmarked"/>
    <tag k="crossing:island" v="yes"/>
    <tag k="crossing:markings" v="no"/>
    <tag k="highway" v="crossing"/>
    <tag k="tactile_paving" v="yes"/>
  </node>
  <node id="7623864534" lat="51.5128065" lon="-0.0877907"/>
  <node id="7636163631" lat="51.5140558" lon="-0.0864688">
    <tag k="cycleway" v="asl"/>
    <tag k="direction" v="backward"/>
  </node>
  <node id="7797731340" lat="51.5119868" lon="-0.0853496">
    <tag k="crossing" v="no"/>
    <tag k="highway" v="traffic_signals"/>
    <tag k="traffic_signals" v="traffic_lights"/>
    <tag k="traffic_signals:direction" v="forward"/>
  </node>
  <node id="7797731341" lat="51.5117288" lon="-0.0852403">
    <tag k="crossing" v="no"/>
    <tag k="highway" v="traffic_signals"/>
    <tag k="traffic_signals" v="traffic_lights"/>
    <tag k="traffic_signals:direction" v="forward"/>
  </node>
  <node id="7797731342" lat="51.5120752" lon="-0.0850103">
    <tag k="crossing" v="no"/>
    <tag k="highway" v="traffic_signals"/>
    <tag k="traffic_signals" v="traffic_lights"/>
    <tag k="traffic_signals:direction" v="forward"/>
  </node>
  <node id="7797731343" lat="51.5117656" lon="-0.0852166">
    <tag k="cycleway" v="asl"/>
    <tag k="direction" v="forward"/>
  </node>
  <node id="7824747305" lat="51.5109030" lon="-0.0931371"/>
  <node id="7836155864" lat="51.5150650" lon="-0.0918012">
    <tag k="crossing" v="no"/>
    <tag k="highway" v="traffic_signals"/>
    <tag k="traffic_signals" v="traffic_lights"/>
    <tag k="traffic_signals:direction" v="backward"/>
  </node>
  <node id="7836155865" lat="51.5151378" lon="-0.0924630">
    <tag k="crossing" v="no"/>
    <tag k="highway" v="traffic_signals"/>
    <tag k="traffic_signals" v="traffic_lights"/>
    <tag k="traffic_signals:direction" v="backward"/>
  </node>
  <node id="7836155866" lat="51.5136324" lon="-0.0923365">
    <tag k="highway" v="traffic_signals"/>
    <tag k="traffic_signals:direction" v="forward"/>
  </node>
  <node id="7836155867" lat="51.5148863" lon="-0.0921529">
    <tag k="crossing" v="no"/>
    <tag k="highway" v="traffic_signals"/>
    <tag k="traffic_signals" v="traffic_lights"/>
    <tag k="traffic_signals:direction" v="forward"/>
  </node>
  <node id="7836155868" lat="51.5149506" lon="-0.0921411">
    <tag k="cycleway" v="asl"/>
    <tag k="direction" v="forward"/>
  </node>
  <node id="7836155869" lat="51.5128458" lon="-0.0924793">
    <tag k="cycleway" v="asl"/>
    <tag k="direction" v="backward"/>
  </node>
  <node id="7836155870" lat="51.5149611" lon="-0.0921390"/>
  <node id="7836164763" lat="51.5137955" lon="-0.0921106">
    <tag k="cycleway" v="asl"/>
    <tag k="direction" v="backward"/>
  </node>
  <node id="7836164764" lat="51.5137836" lon="-0.0920253">
    <tag k="highway" v="traffic_signals"/>
    <tag k="traffic_signals:direction" v="backward"/>
  </node>
  <node id="7836164765" lat="51.5138831" lon="-0.0927106">
    <tag k="highway" v="traffic_signals"/>
    <tag k="traffic_signals:direction" v="backward"/>
  </node>
  <node id="7840711614" lat="51.5137382" lon="-0.0911120"/>
  <node id="7847720729" lat="51.5142127" lon="-0.0941569"/>
  <node id="7906964247" lat="51.5114402" lon="-0.0894124">
    <tag k="highway" v="traffic_signals"/>
    <tag k="traffic_signals:direction" v="backward"/>
  </node>
  <node id="7906964248" lat="51.5114293" lon="-0.0893517"/>
  <node id="7906964249" lat="51.5114860" lon="-0.0896426"/>
  <node id="7906964250" lat="51.5114594" lon="-0.0895041">
    <tag k="button_operated" v="yes"/>
    <tag k="crossing" v="traffic_signals"/>
    <tag k="crossing:island" v="no"/>
    <tag k="crossing_ref" v="pelican"/>
    <tag k="highway" v="crossing"/>
    <tag k="tactile_paving" v="yes"/>
    <tag k="traffic_signals:sound" v="no"/>
    <tag k="traffic_signals:vibration" v="yes"/>
  </node>
  <node id="7906964251" lat="51.5114795" lon="-0.0896097">
    <tag k="highway" v="traffic_signals"/>
    <tag k="traffic_signals:direction" v="forward"/>
  </node>
  <node id="7924362752" lat="51.5147881" lon="-0.0894730"/>
  <node id="7924362755" lat="51.5147475" lon="-0.0894862"/>
  <node id="7926563545" lat="51.5148688" lon="-0.0855502"/>
  <node id="7926563556" lat="51.5144494" lon="-0.0862574"/>
  <node id="8044121235" lat="51.5122382" lon="-0.0845448"/>
  <node id="8044121236" lat="51.5122159" lon="-0.0844445"/>
  <node id="8044121262" lat="51.5128921" lon="-0.0848072"/>
  <node id="8044121279" lat="51.5126082" lon="-0.0849503"/>
  <node id="8044121280" lat="51.5125704" lon="-0.0847981"/>
  <node id="8044121290" lat="51.5128169" lon="-0.0835937"/>
  <node id="8044121292" lat="51.5129178" lon="-0.0842168">
    <tag k="barrier" v="bollard"/>
    <tag k="bollard" v="removable"/>
    <tag k="foot" v="yes"/>
  </node>
  <node id="8318757606" lat="51.5142617" lon="-0.0837468">
    <tag k="cycleway" v="asl"/>
    <tag k="direction" v="backward"/>
  </node>
  <node id="8318797234" lat="51.5141419" lon="-0.0859666">
    <tag k="cycleway" v="asl"/>
    <tag k="direction" v="forward"/>
  </node>
  <node id="8318797235" lat="51.5141491" lon="-0.0858788">
    <tag k="highway" v="traffic_signals"/>
    <tag k="traffic_signals" v="signal"/>
    <tag k="traffic_signals:direction" v="forward"/>
  </node>
  <node id="8318797236" lat="51.5140415" lon="-0.0865395">
    <tag k="highway" v="traffic_signals"/>
    <tag k="traffic_signals" v="signal"/>
    <tag k="traffic_signals:direction" v="backward"/>
  </node>
  <node id="8318797237" lat="51.5143112" lon="-0.0860825">
    <tag k="disused:highway" v="traffic_signals"/>
    <tag k="traffic_signals:direction" v="backward"/>
  </node>
  <node id="8336028511" lat="51.5125012" lon="-0.0933927">
    <tag k="highway" v="traffic_signals"/>
    <tag k="traffic_signals:direction" v="forward"/>
  </node>
  <node id="8336028512" lat="51.5125236" lon="-0.0932738"/>
  <node id="8336028513" lat="51.5126059" lon="-0.0928939">
    <tag k="highway" v="traffic_signals"/>
    <tag k="traffic_signals:direction" v="forward"/>
  </node>
  <node id="8336028514" lat="51.5126908" lon="-0.0922254">
    <tag k="cycleway" v="asl"/>
    <tag k="direction" v="forward"/>
  </node>
  <node id="8336028515" lat="51.5125703" lon="-0.0927194"/>
  <node id="8438226815" lat="51.5138724" lon="-0.0920617">
    <tag k="crossing" v="unmarked"/>
    <tag k="crossing:markings" v="no"/>
    <tag k="highway" v="crossing"/>
  </node>
  <node id="8579522887" lat="51.5132620" lon="-0.0898547"/>
  <node id="8753664977" lat="51.5112411" lon="-0.0883050"/>
  <node id="8807429645" lat="51.5125029" lon="-0.0937726"/>
  <node id="8807429646" lat="51.5125030" lon="-0.0936689"/>
  <node id="8807429647" lat="51.5125810" lon="-0.0932117"/>
  <node id="8807429648" lat="51.5126552" lon="-0.0928543"/>
  <node id="8807429649" lat="51.5126903" lon="-0.0927236"/>
  <node id="8807429650" lat="51.5127112" lon="-0.0926762"/>
  <node id="8807429651" lat="51.5128200" lon="-0.0925700">
    <tag k="tactile_paving" v="yes"/>
  </node>
  <node id="8807429652" lat="51.5128033" lon="-0.0923848"/>
  <node id="8807429653" lat="51.5127893" lon="-0.0923583"/>
  <node id="8807429654" lat="51.5127856" lon="-0.0923161"/>
  <node id="8807429655" lat="51.5129587" lon="-0.0915816"/>
  <node id="8807429656" lat="51.5129765" lon="-0.0915325"/>
  <node id="8807429657" lat="51.5130115" lon="-0.0913476"/>
  <node id="8807429658" lat="51.5131126" lon="-0.0909367"/>
  <node id="8807429659" lat="51.5133558" lon="-0.0899516"/>
  <node id="8807429660" lat="51.5129925" lon="-0.0914477">
    <tag k="crossing" v="unmarked"/>
    <tag k="crossing:island" v="no"/>
    <tag k="crossing:markings" v="no"/>
    <tag k="highway" v="crossing"/>
    <tag k="tactile_paving" v="yes"/>
  </node>
  <node id="8807429661" lat="51.5127462" lon="-0.0926444">
    <tag k="crossing" v="unmarked"/>
    <tag k="crossing:markings" v="no"/>
    <tag k="highway" v="crossing"/>
  </node>
  <node id="8807429663" lat="51.5125018" lon="-0.0937206"/>
  <node id="8807429664" lat="51.5130950" lon="-0.0906540"/>
  <node id="8807429665" lat="51.5129768" lon="-0.0914392">
    <tag k="direction" v="backward"/>
    <tag k="highway" v="give_way"/>
  </node>
  <node id="8807431535" lat="51.5111612" lon="-0.0870208">
    <tag k="highway" v="traffic_signals"/>
    <tag k="traffic_signals" v="signal"/>
    <tag k="traffic_signals:direction" v="backward"/>
  </node>
  <node id="8807431536" lat="51.5110718" lon="-0.0870674"/>
  <node id="8807431537" lat="51.5111433" lon="-0.0871050"/>
  <node id="8807431538" lat="51.5111673" lon="-0.0871060"/>
  <node id="8807431539" lat="51.5113001" lon="-0.0872142"/>
  <node id="8807431540" lat="51.5114011" lon="-0.0873012"/>
  <node id="8807431541" lat="51.5115290" lon="-0.0874140">
    <tag k="crossing" v="unmarked"/>
    <tag k="crossing:continuous" v="no"/>
    <tag k="crossing:island" v="no"/>
    <tag k="crossing:markings" v="no"/>
    <tag k="highway" v="crossing"/>
    <tag k="tactile_paving" v="yes"/>
  </node>
  <node id="8807431542" lat="51.5115500" lon="-0.0874351"/>
  <node id="8807431543" lat="51.5115685" lon="-0.0874423"/>
  <node id="8807431544" lat="51.5116277" lon="-0.0874911"/>
  <node id="8807431545" lat="51.5116334" lon="-0.0874980"/>
  <node id="8807431546" lat="51.5119971" lon="-0.0878020">
    <tag k="crossing" v="unmarked"/>
    <tag k="crossing:markings" v="no"/>
    <tag k="highway" v="crossing"/>
    <tag k="tactile_paving" v="yes"/>
  </node>
  <node id="8807431549" lat="51.5109547" lon="-0.0871247"/>
  <node id="8807431550" lat="51.5110389" lon="-0.0872313">
    <tag k="highway" v="traffic_signals"/>
    <tag k="traffic_signals" v="signal"/>
    <tag k="traffic_signals:direction" v="forward"/>
  </node>
  <node id="8807431551" lat="51.5119996" lon="-0.0877930">
    <tag k="direction" v="forward"/>
    <tag k="highway" v="give_way"/>
  </node>
  <node id="8807431552" lat="51.5121115" lon="-0.0878933"/>
  <node id="8807431553" lat="51.5124019" lon="-0.0881305"/>
  <node id="8807431554" lat="51.5124790" lon="-0.0881935">
    <tag k="barrier" v="kerb"/>
    <tag k="kerb" v="lowered"/>
    <tag k="tactile_paving" v="yes"/>
  </node>
  <node id="8807431555" lat="51.5128403" lon="-0.0884987"/>
  <node id="8807431556" lat="51.5129087" lon="-0.0885507"/>
  <node id="8807431557" lat="51.5131005" lon="-0.0887283"/>
  <node id="8807431558" lat="51.5131723" lon="-0.0888450"/>
  <node id="8807431559" lat="51.5124357" lon="-0.0881581">
    <tag k="crossing" v="unmarked"/>
    <tag k="crossing:island" v="no"/>
    <tag k="crossing:markings" v="no"/>
    <tag k="highway" v="crossing"/>
    <tag k="tactile_paving" v="yes"/>
  </node>
  <node id="8807431560" lat="51.5127148" lon="-0.0883927">
    <tag k="crossing" v="unmarked"/>
    <tag k="crossing:markings" v="no"/>
    <tag k="highway" v="crossing"/>
    <tag k="tactile_paving" v="yes"/>
  </node>
  <node id="8807431561" lat="51.5132046" lon="-0.0890698">
    <tag k="highway" v="crossing"/>
  </node>
  <node id="8807443108" lat="51.5134822" lon="-0.0882504"/>
  <node id="8868001103" lat="51.5149413" lon="-0.0854729"/>
  <node id="8868001104" lat="51.5149941" lon="-0.0854888"/>
  <node id="8868010145" lat="51.5148768" lon="-0.0866573">
    <tag k="barrier" v="gate"/>
    <tag k="foot" v="yes"/>
    <tag k="image" v="https://archive.org/details/cityoflondon2018-11-21/City%20of%20London%202018-11-21/DSCN8517.JPG"/>
  </node>
  <node id="8868010159" lat="51.5147202" lon="-0.0867265"/>
  <node id="8868010160" lat="51.5146822" lon="-0.0871309"/>
  <node id="8868010161" lat="51.5147234" lon="-0.0871577">
    <tag k="access" v="private"/>
    <tag k="barrier" v="gate"/>
  </node>
  <node id="8868010162" lat="51.5147575" lon="-0.0871800"/>
  <node id="8868010171" lat="51.5147778" lon="-0.0870752"/>
  <node id="8868010172" lat="51.5147597" lon="-0.0873613"/>
  <node id="8868010173" lat="51.5148478" lon="-0.0874031"/>
  <node id="8868010177" lat="51.5156027" lon="-0.0876439"/>
  <node id="8868010178" lat="51.5153344" lon="-0.0876546"/>
  <node id="8868010202" lat="51.5156532" lon="-0.0874997"/>
  <node id="8868010203" lat="51.5156899" lon="-0.0874950"/>
  <node id="8868010204" lat="51.5157274" lon="-0.0874785"/>
  <node id="8868010205" lat="51.5156591" lon="-0.0866615"/>
  <node id="8868010216" lat="51.5156520" lon="-0.0871926"/>
  <node id="8868010217" lat="51.5156253" lon="-0.0876787"/>
  <node id="8868010218" lat="51.5156607" lon="-0.0877196"/>
  <node id="8868010221" lat="51.5156745" lon="-0.0879174"/>
  <node id="8868010279" lat="51.5157553" lon="-0.0879000">
    <tag k="crossing" v="unmarked"/>
    <tag k="highway" v="crossing"/>
    <tag k="kerb" v="lowered"/>
  </node>
  <node id="8868010280" lat="51.5157805" lon="-0.0879181"/>
  <node id="8868010281" lat="51.5158256" lon="-0.0879409"/>
  <node id="8868194757" lat="51.5151671" lon="-0.0846881"/>
  <node id="8868194770" lat="51.5147247" lon="-0.0854786"/>
  <node id="8868194778" lat="51.5150240" lon="-0.0849355"/>
  <node id="8868736646" lat="51.5154318" lon="-0.0839777"/>
  <node id="8868736647" lat="51.5155045" lon="-0.0841872"/>
  <node id="8868736652" lat="51.5154360" lon="-0.0839895"/>
  <node id="8869040027" lat="51.5159679" lon="-0.0844185"/>
  <node id="8869040028" lat="51.5160179" lon="-0.0846116"/>
  <node id="8869073339" lat="51.5132964" lon="-0.0864990"/>
  <node id="8869073340" lat="51.5131861" lon="-0.0864969"/>
  <node id="8869435256" lat="51.5134833" lon="-0.0899040">
    <tag k="barrier" v="kerb"/>
    <tag k="kerb" v="lowered"/>
    <tag k="tactile_paving" v="yes"/>
  </node>
  <node id="8869435257" lat="51.5135658" lon="-0.0906718"/>
  <node id="8869435265" lat="51.5138666" lon="-0.0922702"/>
  <node id="8869435266" lat="51.5136207" lon="-0.0906483">
    <tag k="crossing" v="unmarked"/>
    <tag k="crossing:continuous" v="no"/>
    <tag k="crossing:island" v="no"/>
    <tag k="crossing:markings" v="no"/>
    <tag k="highway" v="crossing"/>
    <tag k="tactile_paving" v="yes"/>
  </node>
  <node id="8869435267" lat="51.5136958" lon="-0.0911332">
    <tag k="crossing" v="unmarked"/>
    <tag k="crossing:continuous" v="no"/>
    <tag k="crossing:island" v="no"/>
    <tag k="crossing:markings" v="no"/>
    <tag k="highway" v="crossing"/>
    <tag k="tactile_paving" v="yes"/>
  </node>
  <node id="8869435268" lat="51.5138345" lon="-0.0920710">
    <tag k="crossing" v="unmarked"/>
    <tag k="crossing:island" v="no"/>
    <tag k="crossing:markings" v="no"/>
    <tag k="highway" v="crossing"/>
    <tag k="tactile_paving" v="yes"/>
  </node>
  <node id="8869435269" lat="51.5136858" lon="-0.0910644"/>
  <node id="8869435270" lat="51.5136876" lon="-0.0910979">
    <tag k="barrier" v="kerb"/>
    <tag k="kerb" v="flush"/>
    <tag k="tactile_paving" v="yes"/>
  </node>
  <node id="8869435271" lat="51.5137057" lon="-0.0911762">
    <tag k="barrier" v="kerb"/>
    <tag k="kerb" v="flush"/>
    <tag k="tactile_paving" v="yes"/>
  </node>
  <node id="8869435272" lat="51.5137196" lon="-0.0912981"/>
  <node id="8869435273" lat="51.5136286" lon="-0.0913372"/>
  <node id="8869435274" lat="51.5136248" lon="-0.0906745">
    <tag k="barrier" v="kerb"/>
    <tag k="kerb" v="lowered"/>
    <tag k="tactile_paving" v="yes"/>
  </node>
  <node id="8869435275" lat="51.5136156" lon="-0.0906137">
    <tag k="barrier" v="kerb"/>
    <tag k="kerb" v="flush"/>
  </node>
  <node id="8869435276" lat="51.5138277" lon="-0.0920269">
    <tag k="barrier" v="kerb"/>
    <tag k="kerb" v="flush"/>
    <tag k="tactile_paving" v="yes"/>
  </node>
  <node id="8869435277" lat="51.5138398" lon="-0.0921024"/>
  <node id="8869435278" lat="51.5139182" lon="-0.0922715"/>
  <node id="8869435279" lat="51.5144081" lon="-0.0921822"/>
  <node id="8869435280" lat="51.5146085" lon="-0.0921495"/>
  <node id="8869435281" lat="51.5149873" lon="-0.0920829"/>
  <node id="8869435282" lat="51.5150272" lon="-0.0920728"/>
  <node id="8869435283" lat="51.5150350" lon="-0.0920577"/>
  <node id="8869435284" lat="51.5150428" lon="-0.0920149"/>
  <node id="8869435285" lat="51.5150397" lon="-0.0919848"/>
  <node id="8869435286" lat="51.5139046" lon="-0.0922712"/>
  <node id="8869435287" lat="51.5138885" lon="-0.0922708"/>
  <node id="8869464354" lat="51.5149996" lon="-0.0922071"/>
  <node id="8869464356" lat="51.5151203" lon="-0.0919621"/>
  <node id="8869464357" lat="51.5151372" lon="-0.0921058">
    <tag k="crossing" v="unmarked"/>
    <tag k="highway" v="crossing"/>
  </node>
  <node id="8869464360" lat="51.5153684" lon="-0.0910660"/>
  <node id="8869464361" lat="51.5153893" lon="-0.0917676"/>
  <node id="8869464362" lat="51.5154037" lon="-0.0918024"/>
  <node id="8869464366" lat="51.5157739" lon="-0.0909391">
    <tag k="barrier" v="kerb"/>
    <tag k="kerb" v="lowered"/>
    <tag k="tactile_paving" v="yes"/>
  </node>
  <node id="8869464367" lat="51.5157758" lon="-0.0910168">
    <tag k="tactile_paving" v="yes"/>
  </node>
  <node id="8869464368" lat="51.5157389" lon="-0.0910174"/>
  <node id="8869464369" lat="51.5156255" lon="-0.0910285"/>
  <node id="8869464370" lat="51.5154032" lon="-0.0910608"/>
  <node id="8869464371" lat="51.5153892" lon="-0.0910629"/>
  <node id="8869464372" lat="51.5153890" lon="-0.0910496">
    <tag k="direction" v="forward"/>
    <tag k="highway" v="give_way"/>
  </node>
  <node id="8869464378" lat="51.5157179" lon="-0.0899789"/>
  <node id="8869464379" lat="51.5157984" lon="-0.0899426"/>
  <node id="8869464380" lat="51.5159045" lon="-0.0898940"/>
  <node id="8869464381" lat="51.5160489" lon="-0.0898430"/>
  <node id="8869464382" lat="51.5161499" lon="-0.0898301"/>
  <node id="8869464383" lat="51.5162455" lon="-0.0898196"/>
  <node id="8869464384" lat="51.5163578" lon="-0.0898290"/>
  <node id="8869464385" lat="51.5164949" lon="-0.0898260">
    <tag k="tactile_paving" v="yes"/>
  </node>
  <node id="8869464391" lat="51.5163366" lon="-0.0898272"/>
  <node id="8869464392" lat="51.5158422" lon="-0.0899226">
    <tag k="highway" v="crossing"/>
  </node>
  <node id="8869464393" lat="51.5158151" lon="-0.0899350">
    <tag k="barrier" v="kerb"/>
    <tag k="kerb" v="lowered"/>
    <tag k="tactile_paving" v="no"/>
  </node>
  <node id="8923643489" lat="51.5156503" lon="-0.0893406"/>
  <node id="8923643490" lat="51.5153672" lon="-0.0894428"/>
  <node id="8976060358" lat="51.5135942" lon="-0.0840705">
    <tag k="cycleway" v="asl"/>
    <tag k="direction" v="backward"/>
  </node>
  <node id="9021498664" lat="51.5122608" lon="-0.0933637"/>
  <node id="9021504714" lat="51.5127404" lon="-0.0921499">
    <tag k="highway" v="traffic_signals"/>
    <tag k="traffic_signals:direction" v="forward"/>
  </node>
  <node id="9021504716" lat="51.5132612" lon="-0.0901035"/>
  <node id="9024139129" lat="51.5121961" lon="-0.0929482"/>
  <node id="9024139130" lat="51.5130395" lon="-0.0909041"/>
  <node id="9024139131" lat="51.5129635" lon="-0.0912571"/>
  <node id="9024139132" lat="51.5121725" lon="-0.0937655"/>
  <node id="9024139133" lat="51.5122064" lon="-0.0937563"/>
  <node id="9027328313" lat="51.5111240" lon="-0.0869887">
    <tag k="cycleway" v="asl"/>
    <tag k="direction" v="backward"/>
  </node>
  <node id="9027328314" lat="51.5110543" lon="-0.0869258"/>
  <node id="9027328315" lat="51.5110990" lon="-0.0870756"/>
  <node id="9027328316" lat="51.5109953" lon="-0.0871048"/>
  <node id="9027342517" lat="51.5110086" lon="-0.0870981"/>
  <node id="9030029183" lat="51.5119325" lon="-0.0851106"/>
  <node id="9030121412" lat="51.5147806" lon="-0.0893291"/>
  <node id="9030155652" lat="51.5128674" lon="-0.0882519"/>
  <node id="9030155653" lat="51.5128859" lon="-0.0883436">
    <tag k="direction" v="backward"/>
    <tag k="highway" v="give_way"/>
  </node>
  <node id="9030155654" lat="51.5126933" lon="-0.0872955">
    <tag k="direction" v="forward"/>
    <tag k="highway" v="give_way"/>
  </node>
  <node id="9030155749" lat="51.5149759" lon="-0.0895924"/>
  <node id="9030155750" lat="51.5153498" lon="-0.0895459">
    <tag k="crossing" v="unmarked"/>
    <tag k="crossing:island" v="no"/>
    <tag k="crossing:markings" v="no"/>
    <tag k="highway" v="crossing"/>
    <tag k="tactile_paving" v="yes"/>
    <tag k="traffic_calming" v="table"/>
  </node>
  <node id="9030155751" lat="51.5153989" lon="-0.0900376">
    <tag k="crossing" v="unmarked"/>
    <tag k="crossing:island" v="no"/>
    <tag k="crossing:markings" v="no"/>
    <tag k="highway" v="crossing"/>
    <tag k="tactile_paving" v="yes"/>
    <tag k="traffic_calming" v="table"/>
  </node>
  <node id="9030155753" lat="51.5149439" lon="-0.0903278">
    <tag k="direction" v="backward"/>
    <tag k="highway" v="give_way"/>
  </node>
  <node id="9030155754" lat="51.5153071" lon="-0.0894651"/>
  <node id="9038910341" lat="51.5153168" lon="-0.0920678">
    <tag k="barrier" v="bollard"/>
    <tag k="bollard" v="rising"/>
  </node>
  <node id="9042025325" lat="51.5157586" lon="-0.0899144"/>
  <node id="9042026424" lat="51.5150327" lon="-0.0915071"/>
  <node id="9042027865" lat="51.5148989" lon="-0.0905660">
    <tag k="direction" v="backward"/>
    <tag k="highway" v="give_way"/>
  </node>
  <node id="9042027866" lat="51.5147162" lon="-0.0906482"/>
  <node id="9042041320" lat="51.5150228" lon="-0.0910833">
    <tag k="direction" v="forward"/>
    <tag k="highway" v="give_way"/>
  </node>
  <node id="9042041321" lat="51.5150482" lon="-0.0910804"/>
  <node id="9042053623" lat="51.5156392" lon="-0.0893445"/>
  <node id="9042053624" lat="51.5150116" lon="-0.0895772"/>
  <node id="9042133642" lat="51.5151769" lon="-0.0926726"/>
  <node id="9269886261" lat="51.5160585" lon="-0.0864496"/>
  <node id="9476618294" lat="51.5127412" lon="-0.0898558"/>
  <node id="9476618295" lat="51.5128097" lon="-0.0893103"/>
  <node id="9476618296" lat="51.5128010" lon="-0.0893149">
    <tag k="barrier" v="gate"/>
  </node>
  <node id="9691082671" lat="51.5130694" lon="-0.0905490"/>
  <node id="9691101411" lat="51.5118051" lon="-0.0927252"/>
  <node id="9691101412" lat="51.5117943" lon="-0.0926333"/>
  <node id="9693730842" lat="51.5144023" lon="-0.0927343"/>
  <node id="9693920794" lat="51.5120065" lon="-0.0871614">
    <tag k="direction" v="forward"/>
    <tag k="highway" v="give_way"/>
  </node>
  <node id="9693920795" lat="51.5119547" lon="-0.0871946"/>
  <node id="9693920798" lat="51.5120714" lon="-0.0870555"/>
  <node id="9693920799" lat="51.5120369" lon="-0.0868902"/>
  <node id="9693920800" lat="51.5120156" lon="-0.0868227"/>
  <node id="9693920801" lat="51.5121372" lon="-0.0870794"/>
  <node id="9693920802" lat="51.5123538" lon="-0.0869145"/>
  <node id="9693920803" lat="51.5124549" lon="-0.0868369">
    <tag k="direction" v="backward"/>
    <tag k="highway" v="give_way"/>
  </node>
  <node id="9694072864" lat="51.5119801" lon="-0.0853194"/>
  <node id="9707489692" lat="51.5109798" lon="-0.0929928"/>
  <node id="9710304459" lat="51.5158984" lon="-0.0839621"/>
  <node id="9710332576" lat="51.5133635" lon="-0.0863663">
    <tag k="highway" v="traffic_signals"/>
    <tag k="traffic_signals:direction" v="forward"/>
  </node>
  <node id="9710332577" lat="51.5133653" lon="-0.0862370">
    <tag k="highway" v="traffic_signals"/>
    <tag k="traffic_signals:direction" v="backward"/>
  </node>
  <node id="9710336885" lat="51.5154638" lon="-0.0841858">
    <tag k="barrier" v="bollard"/>
  </node>
  <node id="9710348826" lat="51.5152258" lon="-0.0844353">
    <tag k="barrier" v="bollard"/>
  </node>
  <node id="9710348827" lat="51.5152574" lon="-0.0845615"/>
  <node id="9710348828" lat="51.5156421" lon="-0.0842025"/>
  <node id="9781190365" lat="51.5128184" lon="-0.0924805"/>
  <node id="9781190367" lat="51.5134154" lon="-0.0845258"/>
  <node id="9781190368" lat="51.5131573" lon="-0.0842675"/>
  <node id="9781190369" lat="51.5137612" lon="-0.0878410"/>
  <node id="9808795604" lat="51.5158396" lon="-0.0892653"/>
  <node id="9856119628" lat="51.5116263" lon="-0.0838776">
    <tag k="crossing" v="unmarked"/>
    <tag k="crossing:continuous" v="no"/>
    <tag k="crossing:island" v="no"/>
    <tag k="crossing:markings" v="no"/>
    <tag k="highway" v="crossing"/>
    <tag k="kerb" v="flush"/>
    <tag k="surface" v="paving_stones"/>
    <tag k="tactile_paving" v="yes"/>
  </node>
  <node id="9856119629" lat="51.5133147" lon="-0.0861794">
    <tag k="crossing" v="unmarked"/>
    <tag k="crossing:markings" v="no"/>
    <tag k="fixme" v="The pedestrian crossing of the side road here may be either via a speed table or a &quot;Copenhagen Crossing&quot; (not checked when imported) #tflcid #surveyme"/>
    <tag k="highway" v="crossing"/>
    <tag k="kerb" v="lowered"/>
    <tag k="tactile_paving" v="yes"/>
  </node>
  <node id="9856119632" lat="51.5158640" lon="-0.0840604">
    <tag k="crossing" v="unmarked"/>
    <tag k="crossing:island" v="no"/>
    <tag k="crossing:markings" v="no"/>
    <tag k="crossing:signals" v="no"/>
    <tag k="fixme" v="The pedestrian crossing of the side road here may be either via a speed table or a &quot;Copenhagen Crossing&quot; (not checked when imported) #tflcid #surveyme"/>
    <tag k="highway" v="crossing"/>
    <tag k="kerb" v="flush"/>
    <tag k="tactile_paving" v="yes"/>
  </node>
  <node id="9856119636" lat="51.5149767" lon="-0.0913915">
    <tag k="crossing" v="unmarked"/>
    <tag k="crossing:continuous" v="no"/>
    <tag k="crossing:island" v="no"/>
    <tag k="crossing:markings" v="no"/>
    <tag k="highway" v="crossing"/>
  </node>
  <node id="9856119637" lat="51.5146554" lon="-0.0876909">
    <tag k="fixme" v="The pedestrian crossing of the side road here may be either via a speed table or a &quot;Copenhagen Crossing&quot; (not checked when imported) #tflcid #surveyme"/>
    <tag k="highway" v="crossing"/>
  </node>
  <node id="9856119638" lat="51.5147018" lon="-0.0884451">
    <tag k="crossing" v="unmarked"/>
    <tag k="crossing:island" v="no"/>
    <tag k="crossing:markings" v="no"/>
    <tag k="highway" v="crossing"/>
    <tag k="tactile_paving" v="yes"/>
  </node>
  <node id="9856119639" lat="51.5153344" lon="-0.0893626">
    <tag k="crossing" v="unmarked"/>
    <tag k="crossing:island" v="no"/>
    <tag k="crossing:markings" v="no"/>
    <tag k="highway" v="crossing"/>
    <tag k="tactile_paving" v="yes"/>
  </node>
  <node id="9856119642" lat="51.5143717" lon="-0.0923316">
    <tag k="crossing" v="marked"/>
    <tag k="crossing:markings" v="yes"/>
    <tag k="highway" v="crossing"/>
  </node>
  <node id="9856119644" lat="51.5139169" lon="-0.0932218"/>
  <node id="9856119648" lat="51.5119414" lon="-0.0919731">
    <tag k="crossing" v="unmarked"/>
    <tag k="crossing:continuous" v="no"/>
    <tag k="crossing:island" v="no"/>
    <tag k="crossing:markings" v="no"/>
    <tag k="highway" v="crossing"/>
    <tag k="surface" v="asphalt"/>
    <tag k="tactile_paving" v="yes"/>
    <tag k="traffic_calming" v="table"/>
  </node>
  <node id="9856119649" lat="51.5110038" lon="-0.0875367">
    <tag k="crossing:island" v="no"/>
    <tag k="crossing:markings" v="yes"/>
    <tag k="crossing:signals" v="no"/>
    <tag k="fixme" v="The pedestrian crossing of the side road here may be either via a speed table or a &quot;Copenhagen Crossing&quot; (not checked when imported) #tflcid #surveyme"/>
    <tag k="highway" v="crossing"/>
  </node>
  <node id="9856119650" lat="51.5114954" lon="-0.0909109">
    <tag k="crossing" v="unmarked"/>
    <tag k="crossing:continuous" v="no"/>
    <tag k="crossing:island" v="no"/>
    <tag k="crossing:markings" v="no"/>
    <tag k="highway" v="crossing"/>
    <tag k="surface" v="asphalt"/>
    <tag k="tactile_paving" v="yes"/>
    <tag k="traffic_calming" v="table"/>
  </node>
  <node id="10184827424" lat="51.5109880" lon="-0.0875451"/>
  <node id="10184827425" lat="51.5110385" lon="-0.0875183"/>
  <node id="10278399489" lat="51.5118876" lon="-0.0932665">
    <tag k="ref:GB:tflcid" v="RWG065311"/>
    <tag k="traffic_calming" v="hump"/>
  </node>
  <node id="10575609205" lat="51.5156146" lon="-0.0883231"/>
  <node id="10575609206" lat="51.5155208" lon="-0.0883331"/>
  <node id="10603058332" lat="51.5134935" lon="-0.0897533"/>
  <node id="10603058333" lat="51.5133531" lon="-0.0897850"/>
  <node id="10603058335" lat="51.5131609" lon="-0.0905546"/>
  <node id="10603058336" lat="51.5131803" lon="-0.0904780"/>
  <node id="10603058337" lat="51.5131571" lon="-0.0903745"/>
  <node id="10603058338" lat="51.5135337" lon="-0.0889554"/>
  <node id="10603058339" lat="51.5132076" lon="-0.0888661">
    <tag k="barrier" v="kerb"/>
    <tag k="kerb" v="lowered"/>
    <tag k="tactile_paving" v="yes"/>
  </node>
  <node id="10603058340" lat="51.5133102" lon="-0.0893062">
    <tag k="barrier" v="kerb"/>
    <tag k="kerb" v="lowered"/>
    <tag k="tactile_paving" v="yes"/>
  </node>
  <node id="10660049636" lat="51.5131310" lon="-0.0904920"/>
  <node id="10660049637" lat="51.5133981" lon="-0.0899531">
    <tag k="barrier" v="kerb"/>
    <tag k="kerb" v="lowered"/>
    <tag k="tactile_paving" v="yes"/>
  </node>
  <node id="10660049638" lat="51.5134920" lon="-0.0898991"/>
  <node id="10660049642" lat="51.5132628" lon="-0.0896495"/>
  <node id="10660049644" lat="51.5135008" lon="-0.0903199"/>
  <node id="10660049645" lat="51.5133695" lon="-0.0891267"/>
  <node id="10660049646" lat="51.5133827" lon="-0.0890599"/>
  <node id="10660049647" lat="51.5133262" lon="-0.0890415"/>
  <node id="10660049648" lat="51.5133717" lon="-0.0882679"/>
  <node id="10660049649" lat="51.5133283" lon="-0.0880524"/>
  <node id="10660049650" lat="51.5133715" lon="-0.0880591"/>
  <node id="10660049655" lat="51.5130084" lon="-0.0886234"/>
  <node id="10660373786" lat="51.5139185" lon="-0.0910162"/>
  <node id="10660402950" lat="51.5134033" lon="-0.0887059"/>
  <node id="10660433979" lat="51.5134577" lon="-0.0889729"/>
  <node id="10707949989" lat="51.5144671" lon="-0.0922276"/>
  <node id="10726163586" lat="51.5112792" lon="-0.0876323"/>
  <node id="10729721861" lat="51.5117762" lon="-0.0894950"/>
  <node id="10729721862" lat="51.5118553" lon="-0.0898383"/>
  <node id="10729721866" lat="51.5117892" lon="-0.0895038">
    <tag k="barrier" v="gate"/>
  </node>
  <node id="10729721869" lat="51.5118447" lon="-0.0895527"/>
  <node id="10729721870" lat="51.5118005" lon="-0.0895114"/>
  <node id="10729721871" lat="51.5118282" lon="-0.0895338"/>
  <node id="10785674867" lat="51.5134751" lon="-0.0897858">
    <tag k="barrier" v="kerb"/>
    <tag k="kerb" v="lowered"/>
    <tag k="tactile_paving" v="no"/>
  </node>
  <node id="10785674868" lat="51.5134713" lon="-0.0897516">
    <tag k="crossing" v="unmarked"/>
    <tag k="crossing:island" v="no"/>
    <tag k="crossing:markings" v="no"/>
    <tag k="highway" v="crossing"/>
    <tag k="tactile_paving" v="no"/>
  </node>
  <node id="10785674869" lat="51.5134625" lon="-0.0896782"/>
  <node id="10785674870" lat="51.5134347" lon="-0.0894305"/>
  <node id="10785674871" lat="51.5134534" lon="-0.0896813">
    <tag k="tactile_paving" v="yes"/>
  </node>
  <node id="10785674872" lat="51.5134233" lon="-0.0892262"/>
  <node id="10785697766" lat="51.5111700" lon="-0.0876963">
    <tag k="barrier" v="kerb"/>
    <tag k="kerb" v="lowered"/>
  </node>
  <node id="10785705963" lat="51.5112654" lon="-0.0876402">
    <tag k="barrier" v="bollard"/>
    <tag k="bollard" v="fixed"/>
  </node>
  <node id="10794350027" lat="51.5143145" lon="-0.0922588"/>
  <node id="10794350029" lat="51.5143565" lon="-0.0926761">
    <tag k="crossing" v="unmarked"/>
    <tag k="highway" v="crossing"/>
  </node>
  <node id="10863737759" lat="51.5147475" lon="-0.0921776"/>
  <node id="10863912212" lat="51.5133051" lon="-0.0899512"/>
  <node id="10863936085" lat="51.5133798" lon="-0.0884909">
    <tag k="traffic_calming" v="island"/>
  </node>
  <node id="10866470008" lat="51.5138644" lon="-0.0925917">
    <tag k="cycleway" v="asl"/>
    <tag k="direction" v="backward"/>
  </node>
  <node id="10866487118" lat="51.5139095" lon="-0.0924037">
    <tag k="barrier" v="kerb"/>
    <tag k="kerb" v="lowered"/>
    <tag k="tactile_paving" v="yes"/>
  </node>
  <node id="10866487119" lat="51.5138922" lon="-0.0922934">
    <tag k="barrier" v="kerb"/>
    <tag k="kerb" v="lowered"/>
    <tag k="tactile_paving" v="yes"/>
  </node>
  <node id="10923293011" lat="51.5141795" lon="-0.0855591"/>
  <node id="10933983398" lat="51.5110418" lon="-0.0929856">
    <tag k="barrier" v="bollard"/>
    <tag k="bollard" v="removable"/>
  </node>
  <node id="10996322072" lat="51.5142175" lon="-0.0861734"/>
  <node id="10996333638" lat="51.5133446" lon="-0.0899289">
    <tag k="barrier" v="kerb"/>
    <tag k="kerb" v="flush"/>
    <tag k="tactile_paving" v="yes"/>
  </node>
  <node id="10996333639" lat="51.5134114" lon="-0.0892047"/>
  <node id="10996333640" lat="51.5134209" lon="-0.0891695"/>
  <node id="10996333641" lat="51.5134323" lon="-0.0891514"/>
  <node id="10996333642" lat="51.5134695" lon="-0.0891089"/>
  <node id="10996333643" lat="51.5134950" lon="-0.0890915"/>
  <node id="10996333644" lat="51.5135185" lon="-0.0890837"/>
  <node id="11018990299" lat="51.5145805" lon="-0.0897461"/>
  <node id="11018990300" lat="51.5146170" lon="-0.0897632"/>
  <node id="11019016297" lat="51.5119607" lon="-0.0878437"/>
  <node id="11057639057" lat="51.5133133" lon="-0.0899250">
    <tag k="bicycle" v="yes"/>
    <tag k="highway" v="traffic_signals"/>
    <tag k="traffic_signals:direction" v="forward"/>
  </node>
  <node id="11074284090" lat="51.5142905" lon="-0.0946575"/>
  <node id="11074284091" lat="51.5142437" lon="-0.0943524"/>
  <node id="11074284092" lat="51.5141508" lon="-0.0937876"/>
  <node id="11074284093" lat="51.5140283" lon="-0.0930761"/>
  <node id="11074284094" lat="51.5140752" lon="-0.0941705"/>
  <node id="11074284095" lat="51.5142059" lon="-0.0941158"/>
  <node id="11074284099" lat="51.5140881" lon="-0.0934142"/>
  <node id="11074295276" lat="51.5154157" lon="-0.0934820"/>
  <node id="11074295277" lat="51.5153850" lon="-0.0934536"/>
  <node id="11074295278" lat="51.5152525" lon="-0.0934988"/>
  <node id="11074295279" lat="51.5152096" lon="-0.0935207"/>
  <node id="11074295280" lat="51.5150268" lon="-0.0936271"/>
  <node id="11074295281" lat="51.5149436" lon="-0.0936970"/>
  <node id="11074295282" lat="51.5148458" lon="-0.0937870"/>
  <node id="11074295283" lat="51.5147897" lon="-0.0938459"/>
  <node id="11074295284" lat="51.5146473" lon="-0.0940049"/>
  <node id="11074295285" lat="51.5146118" lon="-0.0940262"/>
  <node id="11074295286" lat="51.5146005" lon="-0.0939842"/>
  <node id="11074295287" lat="51.5156100" lon="-0.0943195"/>
  <node id="11074295288" lat="51.5156054" lon="-0.0943779"/>
  <node id="11074295289" lat="51.5156115" lon="-0.0943547"/>
  <node id="11074295290" lat="51.5153960" lon="-0.0934551"/>
  <node id="11079475737" lat="51.5144577" lon="-0.0934763">
    <tag k="highway" v="crossing"/>
  </node>
  <node id="11079475738" lat="51.5146698" lon="-0.0939157"/>
  <node id="11079475740" lat="51.5146534" lon="-0.0939254"/>
  <node id="11079475741" lat="51.5145093" lon="-0.0934002"/>
  <node id="11079475742" lat="51.5146388" lon="-0.0938401"/>
  <node id="11079475743" lat="51.5146514" lon="-0.0938538"/>
  <node id="11079475744" lat="51.5146649" lon="-0.0938531"/>
  <node id="11079475745" lat="51.5150071" lon="-0.0935188"/>
  <node id="11079475746" lat="51.5153124" lon="-0.0933558"/>
  <node id="11079475747" lat="51.5153379" lon="-0.0932912"/>
  <node id="11079475748" lat="51.5153300" lon="-0.0932617"/>
  <node id="11079475749" lat="51.5152396" lon="-0.0930746"/>
  <node id="11079475750" lat="51.5151752" lon="-0.0928954"/>
  <node id="11079475751" lat="51.5150880" lon="-0.0924191"/>
  <node id="11079475752" lat="51.5150624" lon="-0.0922875"/>
  <node id="11079475753" lat="51.5150386" lon="-0.0922295"/>
  <node id="11079475754" lat="51.5150204" lon="-0.0922137"/>
  <node id="11079475755" lat="51.5150525" lon="-0.0922546"/>
  <node id="11079475756" lat="51.5153253" lon="-0.0933438"/>
  <node id="11079475757" lat="51.5153375" lon="-0.0933214"/>
  <node id="11079475758" lat="51.5153674" lon="-0.0933945">
    <tag k="crossing" v="unmarked"/>
    <tag k="crossing:continuous" v="no"/>
    <tag k="crossing:island" v="no"/>
    <tag k="crossing:markings" v="no"/>
    <tag k="highway" v="crossing"/>
    <tag k="tactile_paving" v="yes"/>
  </node>
  <node id="11079475759" lat="51.5153448" lon="-0.0933313">
    <tag k="barrier" v="kerb"/>
    <tag k="kerb" v="flush"/>
    <tag k="tactile_paving" v="yes"/>
  </node>
  <node id="11079475760" lat="51.5153804" lon="-0.0934310">
    <tag k="barrier" v="kerb"/>
    <tag k="kerb" v="flush"/>
    <tag k="tactile_paving" v="yes"/>
  </node>
  <node id="11079475761" lat="51.5154073" lon="-0.0934645"/>
  <node id="11079475762" lat="51.5138418" lon="-0.0927726"/>
  <node id="11079475763" lat="51.5137902" lon="-0.0924550"/>
  <node id="11079628598" lat="51.5125361" lon="-0.0940042"/>
  <node id="11079664617" lat="51.5126027" lon="-0.0932287"/>
  <node id="11079664626" lat="51.5137703" lon="-0.0924049"/>
  <node id="11079664627" lat="51.5137420" lon="-0.0923829"/>
  <node id="11079664628" lat="51.5136993" lon="-0.0923873"/>
  <node id="11079664629" lat="51.5131843" lon="-0.0924961">
    <tag k="crossing" v="unmarked"/>
    <tag k="crossing:markings" v="no"/>
    <tag k="highway" v="crossing"/>
    <tag k="tactile_paving" v="no"/>
  </node>
  <node id="11079664630" lat="51.5131299" lon="-0.0925137">
    <tag k="barrier" v="kerb"/>
    <tag k="kerb" v="raised"/>
    <tag k="tactile_paving" v="no"/>
  </node>
  <node id="11079664631" lat="51.5127851" lon="-0.0923392"/>
  <node id="11079664632" lat="51.5128175" lon="-0.0925424">
    <tag k="barrier" v="kerb"/>
    <tag k="kerb" v="flush"/>
    <tag k="tactile_paving" v="yes"/>
  </node>
  <node id="11081568975" lat="51.5151568" lon="-0.0922196">
    <tag k="barrier" v="kerb"/>
    <tag k="kerb" v="lowered"/>
  </node>
  <node id="11081568976" lat="51.5152048" lon="-0.0925016"/>
  <node id="11081568977" lat="51.5152594" lon="-0.0928182"/>
  <node id="11081568978" lat="51.5152775" lon="-0.0928700"/>
  <node id="11081568981" lat="51.5153903" lon="-0.0931114">
    <tag k="crossing" v="unmarked"/>
    <tag k="crossing:markings" v="no"/>
    <tag k="highway" v="crossing"/>
  </node>
  <node id="11081568982" lat="51.5150334" lon="-0.0910830">
    <tag k="crossing" v="unmarked"/>
    <tag k="crossing:continuous" v="no"/>
    <tag k="crossing:island" v="no"/>
    <tag k="crossing:markings" v="no"/>
    <tag k="highway" v="crossing"/>
    <tag k="tactile_paving" v="no"/>
  </node>
  <node id="11081568983" lat="51.5149670" lon="-0.0904044"/>
  <node id="11081568984" lat="51.5149534" lon="-0.0903209">
    <tag k="crossing" v="unmarked"/>
    <tag k="crossing:continuous" v="no"/>
    <tag k="crossing:island" v="no"/>
    <tag k="crossing:markings" v="no"/>
    <tag k="highway" v="crossing"/>
    <tag k="surface" v="asphalt"/>
    <tag k="tactile_paving" v="yes"/>
    <tag k="traffic_calming" v="table"/>
  </node>
  <node id="11081568985" lat="51.5149056" lon="-0.0897234"/>
  <node id="11081568986" lat="51.5150385" lon="-0.0911337"/>
  <node id="11081568987" lat="51.5150275" lon="-0.0910251"/>
  <node id="11081568988" lat="51.5151307" lon="-0.0920504">
    <tag k="barrier" v="kerb"/>
    <tag k="kerb" v="lowered"/>
  </node>
  <node id="11081568989" lat="51.5149537" lon="-0.0902416"/>
  <node id="11081568990" lat="51.5155745" lon="-0.0909511"/>
  <node id="11081568991" lat="51.5154923" lon="-0.0900897">
    <tag k="highway" v="crossing"/>
  </node>
  <node id="11081568994" lat="51.5154261" lon="-0.0900250"/>
  <node id="11081568995" lat="51.5153781" lon="-0.0900483"/>
  <node id="11081568996" lat="51.5153179" lon="-0.0895556"/>
  <node id="11081568997" lat="51.5153602" lon="-0.0895429"/>
  <node id="11081568998" lat="51.5155769" lon="-0.0894552"/>
  <node id="11081568999" lat="51.5153933" lon="-0.0901433"/>
  <node id="11081569000" lat="51.5153858" lon="-0.0900975"/>
  <node id="11081569001" lat="51.5154440" lon="-0.0901176"/>
  <node id="11081569002" lat="51.5154357" lon="-0.0900739"/>
  <node id="11081569003" lat="51.5153594" lon="-0.0893542">
    <tag k="barrier" v="kerb"/>
    <tag k="kerb" v="lowered"/>
    <tag k="tactile_paving" v="yes"/>
  </node>
  <node id="11081569004" lat="51.5155721" lon="-0.0892713"/>
  <node id="11081617005" lat="51.5153157" lon="-0.0893692">
    <tag k="barrier" v="kerb"/>
    <tag k="kerb" v="lowered"/>
    <tag k="tactile_paving" v="yes"/>
  </node>
  <node id="11081617006" lat="51.5147943" lon="-0.0892276"/>
  <node id="11081617007" lat="51.5146804" lon="-0.0879001"/>
  <node id="11081617008" lat="51.5147047" lon="-0.0884739"/>
  <node id="11081617009" lat="51.5152176" lon="-0.0884252"/>
  <node id="11081617010" lat="51.5152412" lon="-0.0884247">
    <tag k="crossing" v="unmarked"/>
    <tag k="crossing:markings" v="no"/>
    <tag k="highway" v="crossing"/>
  </node>
  <node id="11081617011" lat="51.5152596" lon="-0.0884264">
    <tag k="barrier" v="kerb"/>
    <tag k="kerb" v="raised"/>
    <tag k="wheelchair" v="no"/>
  </node>
  <node id="11081617012" lat="51.5154988" lon="-0.0883811"/>
  <node id="11081617013" lat="51.5146993" lon="-0.0884126"/>
  <node id="11081617014" lat="51.5154775" lon="-0.0883325"/>
  <node id="11081617015" lat="51.5151039" lon="-0.0883775"/>
  <node id="11081617016" lat="51.5149804" lon="-0.0914349"/>
  <node id="11081617017" lat="51.5149753" lon="-0.0913724">
    <tag k="barrier" v="kerb"/>
    <tag k="kerb" v="lowered"/>
  </node>
  <node id="11081617018" lat="51.5149035" lon="-0.0906924"/>
  <node id="11081617019" lat="51.5148867" lon="-0.0905713">
    <tag k="crossing" v="unmarked"/>
    <tag k="crossing:continuous" v="no"/>
    <tag k="crossing:island" v="no"/>
    <tag k="crossing:markings" v="no"/>
    <tag k="highway" v="crossing"/>
    <tag k="tactile_paving" v="yes"/>
  </node>
  <node id="11081617020" lat="51.5148710" lon="-0.0904883"/>
  <node id="11081617021" lat="51.5147368" lon="-0.0898995"/>
  <node id="11081617023" lat="51.5146965" lon="-0.0896287"/>
  <node id="11081617024" lat="51.5146318" lon="-0.0884410"/>
  <node id="11081617025" lat="51.5138034" lon="-0.0925366"/>
  <node id="11081617026" lat="51.5138524" lon="-0.0925159">
    <tag k="crossing" v="traffic_signals"/>
    <tag k="crossing:island" v="no"/>
    <tag k="crossing:markings" v="dots"/>
    <tag k="crossing:signals" v="yes"/>
    <tag k="highway" v="crossing"/>
    <tag k="tactile_paving" v="yes"/>
  </node>
  <node id="11081617027" lat="51.5138902" lon="-0.0924995">
    <tag k="barrier" v="kerb"/>
    <tag k="kerb" v="lowered"/>
    <tag k="tactile_paving" v="yes"/>
  </node>
  <node id="11081617028" lat="51.5139204" lon="-0.0924657"/>
  <node id="11081617029" lat="51.5141194" lon="-0.0923546">
    <tag k="highway" v="crossing"/>
  </node>
  <node id="11081617030" lat="51.5143301" lon="-0.0923459"/>
  <node id="11081617031" lat="51.5144095" lon="-0.0923171"/>
  <node id="11081617032" lat="51.5149216" lon="-0.0922003"/>
  <node id="11081617033" lat="51.5145815" lon="-0.0922631"/>
  <node id="11081617034" lat="51.5143369" lon="-0.0923450">
    <tag k="barrier" v="kerb"/>
    <tag k="kerb" v="lowered"/>
  </node>
  <node id="11081677218" lat="51.5138757" lon="-0.0920848"/>
  <node id="11081677219" lat="51.5140247" lon="-0.0920294"/>
  <node id="11081677220" lat="51.5143683" lon="-0.0918518"/>
  <node id="11081677221" lat="51.5144902" lon="-0.0917685"/>
  <node id="11081677222" lat="51.5146635" lon="-0.0916279"/>
  <node id="11081677223" lat="51.5147931" lon="-0.0915350"/>
  <node id="11081677224" lat="51.5148406" lon="-0.0915000"/>
  <node id="11081677227" lat="51.5144020" lon="-0.0917825"/>
  <node id="11081677228" lat="51.5145190" lon="-0.0916583"/>
  <node id="11081677230" lat="51.5148144" lon="-0.0906661"/>
  <node id="11081677232" lat="51.5141128" lon="-0.0909708">
    <tag k="crossing" v="unmarked"/>
    <tag k="crossing:markings" v="no"/>
    <tag k="highway" v="crossing"/>
  </node>
  <node id="11081677233" lat="51.5139636" lon="-0.0910258"/>
  <node id="11081677234" lat="51.5138838" lon="-0.0910704"/>
  <node id="11081677235" lat="51.5137066" lon="-0.0911840"/>
  <node id="11081677236" lat="51.5141026" lon="-0.0909746"/>
  <node id="11081677237" lat="51.5141555" lon="-0.0909607"/>
  <node id="11081677238" lat="51.5148468" lon="-0.0905233"/>
  <node id="11081677239" lat="51.5145087" lon="-0.0907019">
    <tag k="highway" v="crossing"/>
  </node>
  <node id="11081871424" lat="51.5121015" lon="-0.0947362">
    <tag k="barrier" v="kerb"/>
    <tag k="kerb" v="lowered"/>
  </node>
  <node id="11081871425" lat="51.5121800" lon="-0.0943427"/>
  <node id="11081871426" lat="51.5122870" lon="-0.0937860"/>
  <node id="11081871427" lat="51.5122920" lon="-0.0936947"/>
  <node id="11081871429" lat="51.5122405" lon="-0.0940533"/>
  <node id="11081871430" lat="51.5122763" lon="-0.0938766"/>
  <node id="11081871431" lat="51.5122972" lon="-0.0936442"/>
  <node id="11081871432" lat="51.5122977" lon="-0.0936672"/>
  <node id="11082107120" lat="51.5109912" lon="-0.0932142"/>
  <node id="11082107121" lat="51.5109601" lon="-0.0929984"/>
  <node id="11082107122" lat="51.5109524" lon="-0.0929534"/>
  <node id="11083837061" lat="51.5146899" lon="-0.0899022"/>
  <node id="11083837062" lat="51.5145010" lon="-0.0897733">
    <tag k="highway" v="crossing"/>
  </node>
  <node id="11083837063" lat="51.5140621" lon="-0.0894603">
    <tag k="highway" v="crossing"/>
  </node>
  <node id="11083837064" lat="51.5146494" lon="-0.0896849"/>
  <node id="11083837065" lat="51.5146095" lon="-0.0878791"/>
  <node id="11083837066" lat="51.5138451" lon="-0.0921342"/>
  <node id="11083837067" lat="51.5137417" lon="-0.0921739"/>
  <node id="11083837068" lat="51.5137091" lon="-0.0922211"/>
  <node id="11083837069" lat="51.5132365" lon="-0.0923219"/>
  <node id="11083837070" lat="51.5131822" lon="-0.0923347"/>
  <node id="11083837071" lat="51.5128154" lon="-0.0923937"/>
  <node id="11083837072" lat="51.5132054" lon="-0.0923292">
    <tag k="crossing" v="unmarked"/>
    <tag k="crossing:markings" v="no"/>
    <tag k="highway" v="crossing"/>
    <tag k="tactile_paving" v="yes"/>
  </node>
  <node id="11083837073" lat="51.5132000" lon="-0.0924916">
    <tag k="barrier" v="kerb"/>
    <tag k="kerb" v="flush"/>
    <tag k="tactile_paving" v="no"/>
  </node>
  <node id="11083837074" lat="51.5132094" lon="-0.0917782">
    <tag k="crossing" v="unmarked"/>
    <tag k="crossing:markings" v="no"/>
    <tag k="highway" v="crossing"/>
  </node>
  <node id="11083837075" lat="51.5131916" lon="-0.0915019"/>
  <node id="11083837077" lat="51.5131440" lon="-0.0916041">
    <tag k="crossing" v="unmarked"/>
    <tag k="crossing:markings" v="no"/>
    <tag k="highway" v="crossing"/>
  </node>
  <node id="11083837078" lat="51.5131391" lon="-0.0915130"/>
  <node id="11083837079" lat="51.5131875" lon="-0.0914138"/>
  <node id="11083837080" lat="51.5130990" lon="-0.0914369"/>
  <node id="11083837081" lat="51.5130056" lon="-0.0913786"/>
  <node id="11083837082" lat="51.5131918" lon="-0.0899100"/>
  <node id="11083837083" lat="51.5131847" lon="-0.0899573"/>
  <node id="11083837085" lat="51.5130492" lon="-0.0905356">
    <tag k="crossing" v="unmarked"/>
    <tag k="crossing:markings" v="no"/>
    <tag k="highway" v="crossing"/>
    <tag k="tactile_paving" v="yes"/>
  </node>
  <node id="11083837086" lat="51.5130415" lon="-0.0905691">
    <tag k="barrier" v="kerb"/>
    <tag k="kerb" v="flush"/>
    <tag k="tactile_paving" v="yes"/>
  </node>
  <node id="11083837087" lat="51.5123743" lon="-0.0933581"/>
  <node id="11083837088" lat="51.5125777" lon="-0.0925123"/>
  <node id="11083837089" lat="51.5126646" lon="-0.0921527"/>
  <node id="11083837090" lat="51.5130707" lon="-0.0904423">
    <tag k="barrier" v="kerb"/>
    <tag k="kerb" v="flush"/>
    <tag k="tactile_paving" v="yes"/>
  </node>
  <node id="11083837092" lat="51.5121117" lon="-0.0927100">
    <tag k="barrier" v="kerb"/>
    <tag k="kerb" v="flush"/>
  </node>
  <node id="11083837094" lat="51.5121829" lon="-0.0926779">
    <tag k="barrier" v="kerb"/>
    <tag k="kerb" v="flush"/>
  </node>
  <node id="11083837101" lat="51.5129548" lon="-0.0905532"/>
  <node id="11083837102" lat="51.5128327" lon="-0.0901338">
    <tag k="barrier" v="kerb"/>
    <tag k="kerb" v="flush"/>
    <tag k="tactile_paving" v="yes"/>
  </node>
  <node id="11083872805" lat="51.5138544" lon="-0.0877203"/>
  <node id="11083872806" lat="51.5128239" lon="-0.0892396"/>
  <node id="11083872807" lat="51.5128173" lon="-0.0892360"/>
  <node id="11083872808" lat="51.5127320" lon="-0.0888728"/>
  <node id="11083872809" lat="51.5126276" lon="-0.0885572">
    <tag k="barrier" v="kerb"/>
    <tag k="kerb" v="lowered"/>
    <tag k="tactile_paving" v="yes"/>
  </node>
  <node id="11083872810" lat="51.5127577" lon="-0.0884289">
    <tag k="barrier" v="kerb"/>
    <tag k="kerb" v="lowered"/>
    <tag k="tactile_paving" v="yes"/>
  </node>
  <node id="11083872811" lat="51.5132512" lon="-0.0890777"/>
  <node id="11083872812" lat="51.5128122" lon="-0.0893358"/>
  <node id="11083872813" lat="51.5127080" lon="-0.0888848"/>
  <node id="11083872814" lat="51.5126041" lon="-0.0885792">
    <tag k="barrier" v="kerb"/>
    <tag k="kerb" v="lowered"/>
    <tag k="tactile_paving" v="yes"/>
  </node>
  <node id="11083872815" lat="51.5128058" lon="-0.0893119"/>
  <node id="11083872816" lat="51.5126186" lon="-0.0885663">
    <tag k="crossing" v="unmarked"/>
    <tag k="highway" v="crossing"/>
  </node>
  <node id="11083872817" lat="51.5133125" lon="-0.0899275">
    <tag k="was:highway" v="crossing"/>
  </node>
  <node id="11083874200" lat="51.5123609" lon="-0.0878958"/>
  <node id="11083874201" lat="51.5128481" lon="-0.0878963"/>
  <node id="11083874202" lat="51.5129034" lon="-0.0880864"/>
  <node id="11083874203" lat="51.5128997" lon="-0.0881672"/>
  <node id="11083874204" lat="51.5128847" lon="-0.0882246"/>
  <node id="11083883405" lat="51.5123656" lon="-0.0882616"/>
  <node id="11083883406" lat="51.5121661" lon="-0.0884183"/>
  <node id="11083883407" lat="51.5121633" lon="-0.0883598"/>
  <node id="11083883408" lat="51.5123844" lon="-0.0881921"/>
  <node id="11083883409" lat="51.5123986" lon="-0.0881734"/>
  <node id="11083883410" lat="51.5124141" lon="-0.0881405">
    <tag k="barrier" v="kerb"/>
    <tag k="kerb" v="lowered"/>
    <tag k="tactile_paving" v="yes"/>
  </node>
  <node id="11083892398" lat="51.5144084" lon="-0.0922412"/>
  <node id="11083892399" lat="51.5143114" lon="-0.0921998"/>
  <node id="11083892400" lat="51.5143599" lon="-0.0927032">
    <tag k="barrier" v="kerb"/>
    <tag k="kerb" v="lowered"/>
  </node>
  <node id="11083892402" lat="51.5143974" lon="-0.0932514"/>
  <node id="11083892403" lat="51.5143553" lon="-0.0926548">
    <tag k="barrier" v="kerb"/>
    <tag k="kerb" v="lowered"/>
  </node>
  <node id="11083904927" lat="51.5144635" lon="-0.0931995"/>
  <node id="11083904928" lat="51.5144410" lon="-0.0927648"/>
  <node id="11083904929" lat="51.5146827" lon="-0.0926455">
    <tag k="highway" v="crossing"/>
  </node>
  <node id="11083904930" lat="51.5148033" lon="-0.0925897">
    <tag k="highway" v="crossing"/>
  </node>
  <node id="11083904931" lat="51.5149583" lon="-0.0925188"/>
  <node id="11083904932" lat="51.5144330" lon="-0.0926260"/>
  <node id="11083904933" lat="51.5149551" lon="-0.0924444"/>
  <node id="11084641687" lat="51.5112465" lon="-0.0945811"/>
  <node id="11097085155" lat="51.5116429" lon="-0.0907944"/>
  <node id="11097085156" lat="51.5116213" lon="-0.0906843"/>
  <node id="11097085157" lat="51.5115503" lon="-0.0903018"/>
  <node id="11097085158" lat="51.5114773" lon="-0.0899042"/>
  <node id="11097085159" lat="51.5113754" lon="-0.0893611"/>
  <node id="11097085160" lat="51.5113637" lon="-0.0893013">
    <tag k="crossing" v="unmarked"/>
    <tag k="crossing:markings" v="no"/>
    <tag k="highway" v="crossing"/>
  </node>
  <node id="11097085161" lat="51.5113533" lon="-0.0892453"/>
  <node id="11097085162" lat="51.5112469" lon="-0.0886544"/>
  <node id="11097085163" lat="51.5111279" lon="-0.0880338"/>
  <node id="11097085164" lat="51.5111218" lon="-0.0880030">
    <tag k="crossing" v="unmarked"/>
    <tag k="crossing:markings" v="no"/>
    <tag k="highway" v="crossing"/>
  </node>
  <node id="11097085165" lat="51.5111172" lon="-0.0879771"/>
  <node id="11097085166" lat="51.5111024" lon="-0.0879067"/>
  <node id="11097085167" lat="51.5114929" lon="-0.0893212">
    <tag k="crossing" v="unmarked"/>
    <tag k="crossing:markings" v="no"/>
    <tag k="highway" v="crossing"/>
  </node>
  <node id="11097085168" lat="51.5113215" lon="-0.0883770">
    <tag k="barrier" v="kerb"/>
    <tag k="kerb" v="lowered"/>
    <tag k="tactile_paving" v="yes"/>
  </node>
  <node id="11097085169" lat="51.5113150" lon="-0.0883401">
    <tag k="crossing" v="unmarked"/>
    <tag k="crossing:markings" v="no"/>
    <tag k="highway" v="crossing"/>
  </node>
  <node id="11097085170" lat="51.5113108" lon="-0.0883192">
    <tag k="barrier" v="kerb"/>
    <tag k="kerb" v="lowered"/>
    <tag k="tactile_paving" v="yes"/>
  </node>
  <node id="11097085172" lat="51.5114974" lon="-0.0893517">
    <tag k="barrier" v="kerb"/>
    <tag k="kerb" v="lowered"/>
  </node>
  <node id="11097085173" lat="51.5114890" lon="-0.0893019">
    <tag k="barrier" v="kerb"/>
    <tag k="kerb" v="lowered"/>
  </node>
  <node id="11097085174" lat="51.5119191" lon="-0.0933786"/>
  <node id="11097085175" lat="51.5118463" lon="-0.0928271"/>
  <node id="11097085176" lat="51.5118307" lon="-0.0926072"/>
  <node id="11097085178" lat="51.5117499" lon="-0.0920837">
    <tag k="crossing" v="unmarked"/>
    <tag k="crossing:markings" v="no"/>
    <tag k="highway" v="crossing"/>
    <tag k="tactile_paving" v="no"/>
  </node>
  <node id="11097085180" lat="51.5115047" lon="-0.0908074"/>
  <node id="11097085181" lat="51.5115134" lon="-0.0908609"/>
  <node id="11097085183" lat="51.5118147" lon="-0.0928642"/>
  <node id="11097085184" lat="51.5118038" lon="-0.0927867">
    <tag k="crossing" v="unmarked"/>
    <tag k="crossing:island" v="no"/>
    <tag k="highway" v="crossing"/>
  </node>
  <node id="11097085185" lat="51.5117896" lon="-0.0926927"/>
  <node id="11097085186" lat="51.5116954" lon="-0.0921118">
    <tag k="crossing" v="unmarked"/>
    <tag k="crossing:markings" v="no"/>
    <tag k="highway" v="crossing"/>
    <tag k="tactile_paving" v="no"/>
  </node>
  <node id="11097085187" lat="51.5113666" lon="-0.0909297"/>
  <node id="11097085188" lat="51.5114650" lon="-0.0908912"/>
  <node id="11097085189" lat="51.5117016" lon="-0.0921477"/>
  <node id="11097085190" lat="51.5116903" lon="-0.0920826"/>
  <node id="11097085191" lat="51.5108655" lon="-0.0911517"/>
  <node id="11097085192" lat="51.5111776" lon="-0.0930670"/>
  <node id="11097085193" lat="51.5111988" lon="-0.0933526"/>
  <node id="11097085194" lat="51.5111509" lon="-0.0928922"/>
  <node id="11097085195" lat="51.5114508" lon="-0.0922602"/>
  <node id="11097085196" lat="51.5110694" lon="-0.0924473"/>
  <node id="11097085197" lat="51.5111165" lon="-0.0923366"/>
  <node id="11097085198" lat="51.5110717" lon="-0.0918476">
    <tag k="highway" v="crossing"/>
  </node>
  <node id="11097085199" lat="51.5110983" lon="-0.0923050"/>
  <node id="11097242598" lat="51.5108296" lon="-0.0891900"/>
  <node id="11097242599" lat="51.5110560" lon="-0.0890904"/>
  <node id="11097242600" lat="51.5109767" lon="-0.0891503"/>
  <node id="11097242601" lat="51.5109475" lon="-0.0891062"/>
  <node id="11097242602" lat="51.5108128" lon="-0.0892247"/>
  <node id="11097242603" lat="51.5110026" lon="-0.0887961"/>
  <node id="11097242604" lat="51.5109928" lon="-0.0887804"/>
  <node id="11097273105" lat="51.5109613" lon="-0.0887941"/>
  <node id="11097273106" lat="51.5108132" lon="-0.0888376"/>
  <node id="11097273107" lat="51.5107908" lon="-0.0887269"/>
  <node id="11097273108" lat="51.5106203" lon="-0.0887797"/>
  <node id="11097273109" lat="51.5107312" lon="-0.0891828"/>
  <node id="11097273116" lat="51.5109774" lon="-0.0888358"/>
  <node id="11097273117" lat="51.5110073" lon="-0.0890155"/>
  <node id="11097273118" lat="51.5107422" lon="-0.0891909"/>
  <node id="11097273131" lat="51.5110023" lon="-0.0898608"/>
  <node id="11097273132" lat="51.5107718" lon="-0.0881913">
    <tag k="crossing" v="unmarked"/>
    <tag k="highway" v="crossing"/>
  </node>
  <node id="11097273138" lat="51.5110255" lon="-0.0880903"/>
  <node id="11097273139" lat="51.5108133" lon="-0.0882395"/>
  <node id="11097273140" lat="51.5105512" lon="-0.0883796"/>
  <node id="11097273141" lat="51.5100847" lon="-0.0886463"/>
  <node id="11104960033" lat="51.5110354" lon="-0.0895748"/>
  <node id="11104960034" lat="51.5110036" lon="-0.0896264"/>
  <node id="11104960035" lat="51.5109918" lon="-0.0896728"/>
  <node id="11104960036" lat="51.5110725" lon="-0.0898174"/>
  <node id="11104960037" lat="51.5111690" lon="-0.0893635">
    <tag k="crossing" v="unmarked"/>
    <tag k="highway" v="crossing"/>
  </node>
  <node id="11104960038" lat="51.5109455" lon="-0.0895536"/>
  <node id="11104960040" lat="51.5115581" lon="-0.0882187"/>
  <node id="11104960041" lat="51.5117700" lon="-0.0880689"/>
  <node id="11104960042" lat="51.5119312" lon="-0.0878986"/>
  <node id="11104960043" lat="51.5113916" lon="-0.0907842"/>
  <node id="11104960044" lat="51.5112819" lon="-0.0908216"/>
  <node id="11104960045" lat="51.5106079" lon="-0.0911430"/>
  <node id="11104960046" lat="51.5112326" lon="-0.0908377">
    <tag k="highway" v="crossing"/>
  </node>
  <node id="11104960047" lat="51.5120276" lon="-0.0885265">
    <tag k="crossing" v="unmarked"/>
    <tag k="highway" v="crossing"/>
  </node>
  <node id="11104960048" lat="51.5118841" lon="-0.0886376"/>
  <node id="11104960049" lat="51.5117986" lon="-0.0884277"/>
  <node id="11104960050" lat="51.5119689" lon="-0.0885026">
    <tag k="crossing" v="unmarked"/>
    <tag k="highway" v="crossing"/>
  </node>
  <node id="11104960051" lat="51.5118961" lon="-0.0885573"/>
  <node id="11104960052" lat="51.5118404" lon="-0.0884078"/>
  <node id="11115208609" lat="51.5119438" lon="-0.0937679"/>
  <node id="11115208614" lat="51.5119767" lon="-0.0937716"/>
  <node id="11115208615" lat="51.5119845" lon="-0.0937770"/>
  <node id="11115208616" lat="51.5120354" lon="-0.0937746"/>
  <node id="11115208617" lat="51.5122095" lon="-0.0937332"/>
  <node id="11115208618" lat="51.5119425" lon="-0.0937864"/>
  <node id="11115208619" lat="51.5119368" lon="-0.0938050"/>
  <node id="11115208620" lat="51.5119274" lon="-0.0938158"/>
  <node id="11115208621" lat="51.5119143" lon="-0.0938208"/>
  <node id="11115208622" lat="51.5113633" lon="-0.0939014">
    <tag k="highway" v="crossing"/>
  </node>
  <node id="11115208623" lat="51.5121144" lon="-0.0946717"/>
  <node id="11115208624" lat="51.5120784" lon="-0.0946478"/>
  <node id="11115208625" lat="51.5119523" lon="-0.0939612"/>
  <node id="11115208626" lat="51.5120367" lon="-0.0944112"/>
  <node id="11115208627" lat="51.5119735" lon="-0.0938476"/>
  <node id="11115208628" lat="51.5122432" lon="-0.0937837"/>
  <node id="11115208629" lat="51.5122693" lon="-0.0937780"/>
  <node id="11115208630" lat="51.5119685" lon="-0.0945888"/>
  <node id="11115208631" lat="51.5120000" lon="-0.0945186"/>
  <node id="11115208632" lat="51.5120072" lon="-0.0944887"/>
  <node id="11115208633" lat="51.5120088" lon="-0.0944556"/>
  <node id="11115208634" lat="51.5120061" lon="-0.0944188"/>
  <node id="11115208635" lat="51.5119138" lon="-0.0938730"/>
  <node id="11115208636" lat="51.5119045" lon="-0.0938653"/>
  <node id="11115208637" lat="51.5112748" lon="-0.0939907"/>
  <node id="11115208641" lat="51.5119889" lon="-0.0945433"/>
  <node id="11115208642" lat="51.5120612" lon="-0.0945500"/>
  <node id="11115208648" lat="51.5112864" lon="-0.0945331"/>
  <node id="11115208649" lat="51.5112546" lon="-0.0941019"/>
  <node id="11115208650" lat="51.5112540" lon="-0.0940736"/>
  <node id="11115208651" lat="51.5112581" lon="-0.0940398"/>
  <node id="11115208652" lat="51.5112663" lon="-0.0940120"/>
  <node id="11115208653" lat="51.5112465" lon="-0.0939207"/>
  <node id="11115208654" lat="51.5112381" lon="-0.0939219">
    <tag k="crossing" v="unmarked"/>
    <tag k="crossing:markings" v="no"/>
    <tag k="highway" v="crossing"/>
    <tag k="tactile_paving" v="no"/>
  </node>
  <node id="11115208655" lat="51.5112231" lon="-0.0939240">
    <tag k="barrier" v="kerb"/>
    <tag k="kerb" v="flush"/>
    <tag k="tactile_paving" v="yes"/>
  </node>
  <node id="11115208656" lat="51.5112737" lon="-0.0943608"/>
  <node id="11115208659" lat="51.5111941" lon="-0.0945532"/>
  <node id="11115208660" lat="51.5111862" lon="-0.0943755"/>
  <node id="11115208661" lat="51.5111810" lon="-0.0940730"/>
  <node id="11115208662" lat="51.5111837" lon="-0.0940414"/>
  <node id="11115208663" lat="51.5111910" lon="-0.0940116"/>
  <node id="11115208664" lat="51.5112105" lon="-0.0939695"/>
  <node id="11115208665" lat="51.5112182" lon="-0.0939569"/>
  <node id="11115208666" lat="51.5112222" lon="-0.0939425"/>
  <node id="11115208667" lat="51.5112005" lon="-0.0939866"/>
  <node id="11115208674" lat="51.5112069" lon="-0.0934453">
    <tag k="crossing:markings" v="no"/>
    <tag k="highway" v="crossing"/>
    <tag k="tactile_paving" v="no"/>
  </node>
  <node id="11115208675" lat="51.5111811" lon="-0.0933581"/>
  <node id="11115208676" lat="51.5111496" lon="-0.0930753">
    <tag k="barrier" v="kerb"/>
    <tag k="kerb" v="flush"/>
    <tag k="tactile_paving" v="yes"/>
  </node>
  <node id="11115208677" lat="51.5109803" lon="-0.0931384"/>
  <node id="11115208678" lat="51.5111221" lon="-0.0929812"/>
  <node id="11115208679" lat="51.5111597" lon="-0.0930724">
    <tag k="crossing" v="unmarked"/>
    <tag k="highway" v="crossing"/>
    <tag k="tactile_paving" v="no"/>
  </node>
  <node id="11115208680" lat="51.5111699" lon="-0.0930694">
    <tag k="barrier" v="kerb"/>
    <tag k="kerb" v="flush"/>
    <tag k="tactile_paving" v="yes"/>
  </node>
  <node id="11115208681" lat="51.5119568" lon="-0.0937637"/>
  <node id="11115208682" lat="51.5119774" lon="-0.0938226"/>
  <node id="11115208683" lat="51.5119438" lon="-0.0938603">
    <tag k="crossing" v="unmarked"/>
    <tag k="crossing:markings" v="no"/>
    <tag k="highway" v="crossing"/>
  </node>
  <node id="11115208684" lat="51.5119029" lon="-0.0938396"/>
  <node id="11115208685" lat="51.5119018" lon="-0.0938227"/>
  <node id="11164185048" lat="51.5133816" lon="-0.0896027"/>
  <node id="11164185049" lat="51.5133958" lon="-0.0886246">
    <tag k="highway" v="traffic_signals"/>
    <tag k="traffic_signals:direction" v="forward"/>
  </node>
  <node id="11164185050" lat="51.5131155" lon="-0.0891581"/>
  <node id="11164185054" lat="51.5133873" lon="-0.0885816"/>
  <node id="11208036213" lat="51.5153791" lon="-0.0930835"/>
  <node id="11208397656" lat="51.5149020" lon="-0.0898947"/>
  <node id="11208397657" lat="51.5147664" lon="-0.0899715"/>
  <node id="11208397658" lat="51.5150658" lon="-0.0923070"/>
  <node id="11208397659" lat="51.5151055" lon="-0.0922863">
    <tag k="button_operated" v="yes"/>
    <tag k="crossing" v="traffic_signals"/>
    <tag k="crossing:island" v="no"/>
    <tag k="crossing:markings" v="dots"/>
    <tag k="crossing:signals" v="yes"/>
    <tag k="crossing_ref" v="pelican"/>
    <tag k="highway" v="crossing"/>
    <tag k="tactile_paving" v="yes"/>
    <tag k="traffic_signals:countdown" v="yes"/>
  </node>
  <node id="11208397660" lat="51.5151626" lon="-0.0922562"/>
  <node id="11208479718" lat="51.5135431" lon="-0.0908316"/>
  <node id="11208479719" lat="51.5136409" lon="-0.0907732"/>
  <node id="11208698404" lat="51.5126431" lon="-0.0922492"/>
  <node id="11208698405" lat="51.5126830" lon="-0.0927412"/>
  <node id="11208698406" lat="51.5125442" lon="-0.0926547"/>
  <node id="11208835415" lat="51.5117205" lon="-0.0905285"/>
  <node id="11208835416" lat="51.5116070" lon="-0.0906094"/>
  <node id="11208835417" lat="51.5117780" lon="-0.0908061"/>
  <node id="11208835418" lat="51.5116667" lon="-0.0908912"/>
  <node id="11210398716" lat="51.5115180" lon="-0.0894713"/>
  <node id="11210398717" lat="51.5114077" lon="-0.0895331"/>
  <node id="11210398718" lat="51.5108969" lon="-0.0926749">
    <tag k="barrier" v="kerb"/>
    <tag k="kerb" v="lowered"/>
    <tag k="tactile_paving" v="yes"/>
  </node>
  <node id="11210474459" lat="51.5134682" lon="-0.0897253">
    <tag k="barrier" v="kerb"/>
    <tag k="kerb" v="lowered"/>
    <tag k="tactile_paving" v="no"/>
  </node>
  <node id="11210474460" lat="51.5126862" lon="-0.0883686">
    <tag k="barrier" v="kerb"/>
    <tag k="kerb" v="lowered"/>
    <tag k="tactile_paving" v="yes"/>
  </node>
  <node id="11210474462" lat="51.5128759" lon="-0.0885258">
    <tag k="barrier" v="kerb"/>
    <tag k="kerb" v="lowered"/>
    <tag k="tactile_paving" v="yes"/>
  </node>
  <node id="11210474463" lat="51.5140712" lon="-0.0933188"/>
  <node id="11210474464" lat="51.5139455" lon="-0.0933893"/>
  <node id="11260325775" lat="51.5130136" lon="-0.0906908"/>
  <node id="11260325776" lat="51.5130331" lon="-0.0907026">
    <tag k="barrier" v="kerb"/>
    <tag k="kerb" v="flush"/>
  </node>
  <node id="11260325777" lat="51.5131409" lon="-0.0907638">
    <tag k="barrier" v="kerb"/>
    <tag k="kerb" v="flush"/>
  </node>
  <node id="11260325778" lat="51.5131537" lon="-0.0907704"/>
  <node id="11300336368" lat="51.5164884" lon="-0.0914479"/>
  <node id="11340458605" lat="51.5133179" lon="-0.0898280">
    <tag k="crossing" v="traffic_signals"/>
    <tag k="crossing:island" v="no"/>
    <tag k="crossing_ref" v="pelican"/>
    <tag k="highway" v="crossing"/>
  </node>
  <node id="11340458606" lat="51.5132736" lon="-0.0896862">
    <tag k="barrier" v="kerb"/>
    <tag k="kerb" v="lowered"/>
  </node>
  <node id="11340458607" lat="51.5132776" lon="-0.0899192"/>
  <node id="11352159652" lat="51.5113524" lon="-0.0885464"/>
  <node id="11352159653" lat="51.5112385" lon="-0.0886084">
    <tag k="barrier" v="kerb"/>
    <tag k="kerb" v="lowered"/>
    <tag k="tactile_paving" v="yes"/>
  </node>
  <node id="11352188649" lat="51.5113300" lon="-0.0885586">
    <tag k="barrier" v="kerb"/>
    <tag k="kerb" v="lowered"/>
    <tag k="tactile_paving" v="yes"/>
  </node>
  <node id="11462384740" lat="51.5130420" lon="-0.0856833"/>
  <node id="11462384741" lat="51.5129376" lon="-0.0857116"/>
  <node id="11505262802" lat="51.5116384" lon="-0.0835627">
    <tag k="crossing" v="no"/>
    <tag k="highway" v="traffic_signals"/>
    <tag k="traffic_signals" v="pedestrian_crossing"/>
    <tag k="traffic_signals:direction" v="backward"/>
  </node>
  <node id="11505262803" lat="51.5116525" lon="-0.0836666">
    <tag k="crossing" v="no"/>
    <tag k="highway" v="traffic_signals"/>
    <tag k="traffic_signals" v="pedestrian_crossing"/>
    <tag k="traffic_signals:direction" v="forward"/>
  </node>
  <node id="11505262804" lat="51.5116415" lon="-0.0838718">
    <tag k="direction" v="forward"/>
    <tag k="highway" v="give_way"/>
  </node>
  <node id="11557851018" lat="51.5134614" lon="-0.0886407">
    <tag k="barrier" v="bollard"/>
    <tag k="foot" v="yes"/>
  </node>
  <node id="11691636786" lat="51.5155897" lon="-0.0866241">
    <tag k="barrier" v="gate"/>
    <tag k="foot" v="permissive"/>
  </node>
  <node id="11703969338" lat="51.5129241" lon="-0.0850445"/>
  <node id="11703969339" lat="51.5129345" lon="-0.0851709"/>
  <node id="11703969340" lat="51.5130733" lon="-0.0849070"/>
  <node id="11703969341" lat="51.5129404" lon="-0.0849169"/>
  <node id="11726398027" lat="51.5138097" lon="-0.0876634"/>
  <node id="11733338213" lat="51.5123798" lon="-0.0935728"/>
  <node id="11733338214" lat="51.5123948" lon="-0.0934891"/>
  <node id="11733338215" lat="51.5124346" lon="-0.0937321"/>
  <node id="11733338216" lat="51.5124535" lon="-0.0938309"/>
  <node id="11733338217" lat="51.5123317" lon="-0.0937626"/>
  <node id="11741109337" lat="51.5128114" lon="-0.0858080"/>
  <node id="11741109338" lat="51.5128469" lon="-0.0859346"/>
  <node id="11741109339" lat="51.5128998" lon="-0.0861627"/>
  <node id="11741109340" lat="51.5129292" lon="-0.0862893"/>
  <node id="11745018754" lat="51.5131283" lon="-0.0859290"/>
  <node id="11745018755" lat="51.5131250" lon="-0.0858970"/>
  <node id="11745018756" lat="51.5129666" lon="-0.0859314"/>
  <node id="11745018757" lat="51.5129843" lon="-0.0859264"/>
  <node id="11745018758" lat="51.5130570" lon="-0.0859110"/>
  <node id="11745018763" lat="51.5133142" lon="-0.0858966"/>
  <node id="11752126291" lat="51.5130731" lon="-0.0863081"/>
  <node id="11752126292" lat="51.5130754" lon="-0.0864291"/>
  <node id="11762657743" lat="51.5130594" lon="-0.0862485"/>
  <node id="11762755023" lat="51.5134825" lon="-0.0848480"/>
  <node id="11762755024" lat="51.5134867" lon="-0.0845738"/>
  <node id="11762762798" lat="51.5156556" lon="-0.0854682"/>
  <node id="11762762799" lat="51.5157722" lon="-0.0854124"/>
  <node id="11762772126" lat="51.5155241" lon="-0.0849389"/>
  <node id="11762772127" lat="51.5154163" lon="-0.0844529">
    <tag k="barrier" v="kerb"/>
    <tag k="kerb" v="raised"/>
    <tag k="tactile_paving" v="no"/>
  </node>
  <node id="11762795476" lat="51.5134394" lon="-0.0853826"/>
  <node id="11762795523" lat="51.5126661" lon="-0.0870852"/>
  <node id="11762795524" lat="51.5129358" lon="-0.0869406"/>
  <node id="11762795525" lat="51.5129555" lon="-0.0869067"/>
  <node id="11762795526" lat="51.5129474" lon="-0.0869318"/>
  <node id="11762882553" lat="51.5127823" lon="-0.0874371"/>
  <node id="11762882554" lat="51.5128777" lon="-0.0873808"/>
  <node id="11762941321" lat="51.5137226" lon="-0.0861090"/>
  <node id="11762941322" lat="51.5137044" lon="-0.0860160"/>
  <node id="11763111789" lat="51.5125853" lon="-0.0845122"/>
  <node id="11763111791" lat="51.5125574" lon="-0.0844064"/>
  <node id="11763290686" lat="51.5122464" lon="-0.0837380"/>
  <node id="11763457216" lat="51.5130294" lon="-0.0844379"/>
  <node id="11763457217" lat="51.5130429" lon="-0.0845370"/>
  <node id="11763760495" lat="51.5136817" lon="-0.0928399"/>
  <node id="11765319231" lat="51.5139494" lon="-0.0866359"/>
  <node id="11787344349" lat="51.5118595" lon="-0.0849213">
    <tag k="button_operated" v="traffic_lights"/>
    <tag k="crossing" v="traffic_signals"/>
    <tag k="crossing:island" v="yes"/>
    <tag k="crossing:markings" v="dots"/>
    <tag k="crossing:signals" v="yes"/>
    <tag k="crossing_ref" v="pelican"/>
    <tag k="highway" v="crossing"/>
    <tag k="kerb" v="lowered"/>
    <tag k="tactile_paving" v="yes"/>
    <tag k="traffic_signals:sound" v="no"/>
    <tag k="traffic_signals:vibration" v="yes"/>
  </node>
  <node id="11807401515" lat="51.5132524" lon="-0.0896854">
    <tag k="barrier" v="kerb"/>
    <tag k="kerb" v="lowered"/>
    <tag k="tactile_paving" v="yes"/>
  </node>
  <node id="11807401516" lat="51.5132120" lon="-0.0898078">
    <tag k="barrier" v="kerb"/>
    <tag k="kerb" v="lowered"/>
    <tag k="tactile_paving" v="yes"/>
  </node>
  <node id="11828797573" lat="51.5135603" lon="-0.0885164"/>
  <node id="11828797574" lat="51.5135766" lon="-0.0884766"/>
  <node id="11828797577" lat="51.5134805" lon="-0.0886195">
    <tag k="bicycle" v="yes"/>
    <tag k="highway" v="traffic_signals"/>
    <tag k="traffic_signals:direction" v="backward"/>
  </node>
  <node id="11828797578" lat="51.5134425" lon="-0.0884571"/>
  <node id="11828797579" lat="51.5135528" lon="-0.0887495"/>
  <node id="11844516930" lat="51.5112885" lon="-0.0945711"/>
  <node id="11844516932" lat="51.5111991" lon="-0.0945924"/>
  <node id="11848430375" lat="51.5136634" lon="-0.0881803"/>
  <node id="11866295826" lat="51.5110278" lon="-0.0905322">
    <tag k="barrier" v="turnstile"/>
  </node>
  <node id="11866295827" lat="51.5110930" lon="-0.0901411">
    <tag k="barrier" v="turnstile"/>
  </node>
  <node id="11866295828" lat="51.5111175" lon="-0.0902725">
    <tag k="barrier" v="turnstile"/>
  </node>
  <node id="11866295829" lat="51.5111409" lon="-0.0904093">
    <tag k="barrier" v="turnstile"/>
  </node>
  <node id="11866295834" lat="51.5109611" lon="-0.0905635"/>
  <node id="11866295836" lat="51.5111876" lon="-0.0904605"/>
  <node id="11866295837" lat="51.5110347" lon="-0.0903397"/>
  <node id="11866295838" lat="51.5110271" lon="-0.0902971"/>
  <node id="11866295839" lat="51.5110354" lon="-0.0902930"/>
  <node id="11866295840" lat="51.5110433" lon="-0.0903355"/>
  <node id="11866295841" lat="51.5110535" lon="-0.0904476"/>
  <node id="11866295842" lat="51.5111756" lon="-0.0903941"/>
  <node id="11866295843" lat="51.5110386" lon="-0.0903102"/>
  <node id="11866295844" lat="51.5111505" lon="-0.0902568"/>
  <node id="11866295845" lat="51.5110057" lon="-0.0901778"/>
  <node id="11866295846" lat="51.5111267" lon="-0.0901270"/>
  <node id="11867419173" lat="51.5136909" lon="-0.0880849">
    <tag k="crossing" v="unmarked"/>
    <tag k="crossing:island" v="no"/>
    <tag k="crossing:markings" v="no"/>
    <tag k="highway" v="crossing"/>
    <tag k="traffic_calming" v="table"/>
  </node>
  <node id="11867419174" lat="51.5136527" lon="-0.0880561"/>
  <node id="11867419175" lat="51.5136408" lon="-0.0880472"/>
  <node id="11872569330" lat="51.5137377" lon="-0.0879227"/>
  <node id="11872569331" lat="51.5136979" lon="-0.0878905"/>
  <node id="11872569332" lat="51.5139129" lon="-0.0869288"/>
  <node id="11872569333" lat="51.5139696" lon="-0.0866602"/>
  <node id="11872569334" lat="51.5139811" lon="-0.0868744"/>
  <node id="11872569337" lat="51.5139411" lon="-0.0873068"/>
  <node id="11938289364" lat="51.5138227" lon="-0.0876129"/>
  <node id="11938289365" lat="51.5138850" lon="-0.0874513"/>
  <node id="12013026827" lat="51.5138704" lon="-0.0874893"/>
  <node id="12013026828" lat="51.5139102" lon="-0.0875184"/>
  <node id="12013026829" lat="51.5139503" lon="-0.0873667">
    <tag k="barrier" v="kerb"/>
    <tag k="kerb" v="lowered"/>
  </node>
  <node id="12013026830" lat="51.5139628" lon="-0.0873225">
    <tag k="crossing" v="unmarked"/>
    <tag k="crossing:markings" v="no"/>
    <tag k="highway" v="crossing"/>
  </node>
  <node id="12027313108" lat="51.5136882" lon="-0.0911369">
    <tag k="direction" v="forward"/>
    <tag k="highway" v="give_way"/>
  </node>
  <node id="12027313109" lat="51.5140799" lon="-0.0909428"/>
  <node id="12027313110" lat="51.5148642" lon="-0.0905814"/>
  <node id="12036747696" lat="51.5136419" lon="-0.0913311">
    <tag k="barrier" v="kerb"/>
    <tag k="kerb" v="lowered"/>
    <tag k="tactile_paving" v="yes"/>
  </node>
  <node id="12036747697" lat="51.5148735" lon="-0.0905024">
    <tag k="barrier" v="kerb"/>
    <tag k="kerb" v="flush"/>
    <tag k="tactile_paving" v="yes"/>
  </node>
  <node id="12036747698" lat="51.5149014" lon="-0.0906622">
    <tag k="barrier" v="kerb"/>
    <tag k="kerb" v="flush"/>
    <tag k="tactile_paving" v="yes"/>
  </node>
  <node id="12036791888" lat="51.5136812" lon="-0.0880775"/>
  <node id="12036791889" lat="51.5137029" lon="-0.0880939"/>
  <node id="12042516119" lat="51.5141112" lon="-0.0909602"/>
  <node id="12085027784" lat="51.5139601" lon="-0.0873201">
    <tag k="direction" v="backward"/>
    <tag k="highway" v="give_way"/>
  </node>
  <node id="12085027789" lat="51.5139243" lon="-0.0872518"/>
  <node id="12085027790" lat="51.5139306" lon="-0.0872936"/>
  <node id="12122648309" lat="51.5128629" lon="-0.0941159"/>
  <node id="12122648314" lat="51.5128373" lon="-0.0939279"/>
  <node id="12122648315" lat="51.5128961" lon="-0.0939061"/>
  <node id="12122648316" lat="51.5128617" lon="-0.0936438"/>
  <node id="12158663417" lat="51.5135395" lon="-0.0885479"/>
  <node id="12166171996" lat="51.5121599" lon="-0.0911635"/>
  <node id="12185201269" lat="51.5139270" lon="-0.0872697">
    <tag k="direction" v="forward"/>
    <tag k="highway" v="give_way"/>
  </node>
  <node id="12351437005" lat="51.5137304" lon="-0.0881452"/>
  <node id="12394542617" lat="51.5155749" lon="-0.0864843"/>
  <node id="12394542618" lat="51.5153771" lon="-0.0864956">
    <tag k="noexit" v="yes"/>
  </node>
  <node id="12394542619" lat="51.5157498" lon="-0.0864327"/>
  <node id="12394542620" lat="51.5157410" lon="-0.0864641"/>
  <node id="12394542621" lat="51.5156743" lon="-0.0864852"/>
  <node id="12394542622" lat="51.5156647" lon="-0.0864340"/>
  <node id="12394542623" lat="51.5155379" lon="-0.0864883"/>
  <node id="12394542624" lat="51.5155426" lon="-0.0866254"/>
  <node id="12394542625" lat="51.5158316" lon="-0.0864146"/>
  <node id="12394542631" lat="51.5155600" lon="-0.0850549"/>
  <node id="12425016903" lat="51.5128144" lon="-0.0857909"/>
  <node id="12425016904" lat="51.5134268" lon="-0.0863677"/>
  <node id="12425016905" lat="51.5125628" lon="-0.0847721"/>
  <node id="12425016906" lat="51.5124611" lon="-0.0866871">
    <tag k="crossing" v="unmarked"/>
    <tag k="crossing:markings" v="no"/>
    <tag k="highway" v="crossing"/>
  </node>
  <node id="12425016907" lat="51.5124225" lon="-0.0866045"/>
  <node id="12425016908" lat="51.5120419" lon="-0.0851977"/>
  <node id="12425016910" lat="51.5134274" lon="-0.0863706"/>
  <node id="12425016911" lat="51.5134230" lon="-0.0857366"/>
  <node id="12425016913" lat="51.5133281" lon="-0.0858945"/>
  <node id="12425016914" lat="51.5133357" lon="-0.0856501"/>
  <node id="12425017002" lat="51.5122804" lon="-0.0862341">
    <tag k="crossing" v="unmarked"/>
    <tag k="crossing:island" v="no"/>
    <tag k="crossing:markings" v="no"/>
    <tag k="crossing:signals" v="no"/>
    <tag k="highway" v="crossing"/>
    <tag k="tactile_paving" v="yes"/>
  </node>
  <node id="12425017003" lat="51.5120210" lon="-0.0853116"/>
  <node id="12425017004" lat="51.5130269" lon="-0.0844213"/>
  <node id="12425017005" lat="51.5131511" lon="-0.0843367"/>
  <node id="12425017006" lat="51.5134373" lon="-0.0864254"/>
  <node id="12425017007" lat="51.5134247" lon="-0.0864232"/>
  <node id="12425017008" lat="51.5134389" lon="-0.0863867"/>
  <node id="12425017009" lat="51.5134203" lon="-0.0863370"/>
  <node id="12425017010" lat="51.5134441" lon="-0.0863564"/>
  <node id="12425017011" lat="51.5134286" lon="-0.0866281"/>
  <node id="12425017012" lat="51.5134294" lon="-0.0853823"/>
  <node id="12425017015" lat="51.5134777" lon="-0.0846452"/>
  <node id="12425017016" lat="51.5132776" lon="-0.0869280"/>
  <node id="12425017017" lat="51.5133041" lon="-0.0866370"/>
  <node id="12425018602" lat="51.5126821" lon="-0.0871766"/>
  <node id="12425018603" lat="51.5121241" lon="-0.0857985"/>
  <node id="12425018604" lat="51.5131368" lon="-0.0872871"/>
  <node id="12425018605" lat="51.5134214" lon="-0.0860560">
    <tag k="crossing:markings" v="no"/>
    <tag k="crossing:signals" v="no"/>
    <tag k="highway" v="crossing"/>
    <tag k="tactile_paving" v="yes"/>
  </node>
  <node id="12425018607" lat="51.5133112" lon="-0.0865000"/>
  <node id="12425093101" lat="51.5128491" lon="-0.0845481"/>
  <node id="12525042804" lat="51.5172807" lon="-0.0889083"/>
  <node id="12539294763" lat="51.5130085" lon="-0.0842258"/>
  <node id="12539294764" lat="51.5130958" lon="-0.0841919"/>
  <node id="12708529375" lat="51.5126704" lon="-0.0927334">
    <tag k="barrier" v="kerb"/>
    <tag k="kerb" v="flush"/>
    <tag k="tactile_paving" v="yes"/>
  </node>
  <node id="12708529376" lat="51.5126294" lon="-0.0925866"/>
  <node id="12708529377" lat="51.5126436" lon="-0.0925960"/>
  <node id="12708529378" lat="51.5125613" lon="-0.0926654">
    <tag k="barrier" v="kerb"/>
    <tag k="kerb" v="flush"/>
    <tag k="tactile_paving" v="yes"/>
  </node>
  <node id="12708529379" lat="51.5125405" lon="-0.0933221">
    <tag k="barrier" v="kerb"/>
    <tag k="kerb" v="lowered"/>
    <tag k="tactile_paving" v="yes"/>
  </node>
  <node id="12714658495" lat="51.5127167" lon="-0.0854364"/>
  <node id="12714658496" lat="51.5127359" lon="-0.0853718"/>
  <node id="12714658497" lat="51.5128104" lon="-0.0857794"/>
  <node id="12714660005" lat="51.5127313" lon="-0.0855135"/>
  <node id="12714660006" lat="51.5127361" lon="-0.0854294"/>
  <node id="12714660028" lat="51.5125599" lon="-0.0855063"/>
  <node id="12714660030" lat="51.5120210" lon="-0.0852641"/>
  <node id="12714660031" lat="51.5121713" lon="-0.0859326"/>
  <node id="12716689604" lat="51.5126968" lon="-0.0853942"/>
  <node id="12716689605" lat="51.5125719" lon="-0.0854965"/>
  <node id="12716689656" lat="51.5125892" lon="-0.0856755"/>
  <node id="12734457044" lat="51.5131213" lon="-0.0842874"/>
  <node id="12734457045" lat="51.5131111" lon="-0.0842385"/>
  <node id="12734457046" lat="51.5130726" lon="-0.0841320">
    <tag k="entrance" v="service"/>
  </node>
  <node id="12734457093" lat="51.5126700" lon="-0.0830738"/>
  <node id="12754625500" lat="51.5133795" lon="-0.0842768">
    <tag k="barrier" v="kerb"/>
    <tag k="kerb" v="lowered"/>
    <tag k="tactile_paving" v="yes"/>
  </node>
  <node id="12754675101" lat="51.5134523" lon="-0.0842704">
    <tag k="barrier" v="kerb"/>
    <tag k="kerb" v="lowered"/>
    <tag k="tactile_paving" v="yes"/>
  </node>
  <node id="12754675103" lat="51.5135691" lon="-0.0841719"/>
  <node id="12754694102" lat="51.5120381" lon="-0.0851559">
    <tag k="barrier" v="kerb"/>
    <tag k="kerb" v="lowered"/>
    <tag k="tactile_paving" v="yes"/>
  </node>
  <node id="12754694103" lat="51.5120477" lon="-0.0851929"/>
  <node id="12754694104" lat="51.5120120" lon="-0.0850551">
    <tag k="button_operated" v="yes"/>
    <tag k="crossing" v="traffic_signals"/>
    <tag k="crossing:island" v="yes"/>
    <tag k="crossing:markings" v="dots"/>
    <tag k="crossing:signals" v="yes"/>
    <tag k="highway" v="crossing"/>
    <tag k="tactile_paving" v="yes"/>
  </node>
  <node id="12754694105" lat="51.5120260" lon="-0.0852422"/>
  <node id="12754694106" lat="51.5133419" lon="-0.0842518"/>
  <node id="12754694107" lat="51.5134156" lon="-0.0842838">
    <tag k="bicycle" v="yes"/>
    <tag k="bus" v="yes"/>
    <tag k="check_date" v="2024-07-02"/>
    <tag k="description" v="Route for use by buses and pedal cycles only, Mon - Fri 7 am - 7 pm"/>
    <tag k="direction" v="backward"/>
    <tag k="traffic_sign" v="GB:953"/>
    <tag k="vehicle:conditional" v="no @ (Mo-Fr 07:00-19:00)"/>
  </node>
  <node id="12754724199" lat="51.5136558" lon="-0.0840479">
    <tag k="bicycle" v="yes"/>
    <tag k="bus" v="yes"/>
    <tag k="check_date" v="2024-07-02"/>
    <tag k="description" v="Route for use by local buses and pedal cycles only, Mon - Fri 7 pm - 7 am"/>
    <tag k="direction" v="forward"/>
    <tag k="traffic_sign" v="GB:953"/>
    <tag k="vehicle:conditional" v="no @ (Mo-Fr 00:00-07:00,19:00-24:00)"/>
  </node>
  <node id="12755456439" lat="51.5143023" lon="-0.0838637"/>
  <node id="12769325482" lat="51.5137251" lon="-0.0916454"/>
  <node id="12769325484" lat="51.5138341" lon="-0.0921380">
    <tag k="barrier" v="kerb"/>
    <tag k="kerb" v="lowered"/>
    <tag k="tactile_paving" v="yes"/>
  </node>
  <node id="12769325486" lat="51.5137460" lon="-0.0922024">
    <tag k="barrier" v="kerb"/>
    <tag k="kerb" v="lowered"/>
    <tag k="tactile_paving" v="yes"/>
  </node>
  <node id="12769325487" lat="51.5137667" lon="-0.0923660"/>
  <node id="12769325488" lat="51.5138178" lon="-0.0925305"/>
  <node id="12769325489" lat="51.5139430" lon="-0.0930652"/>
  <node id="12769325490" lat="51.5140290" lon="-0.0933429"/>
  <node id="12769325491" lat="51.5139648" lon="-0.0933789"/>
  <node id="12784806113" lat="51.5138820" lon="-0.0840613"/>
  <node id="12784806114" lat="51.5140699" lon="-0.0839758"/>
  <node id="12799881532" lat="51.5147202" lon="-0.0886262"/>
  <node id="12799881533" lat="51.5146765" lon="-0.0893086"/>
  <node id="12799881534" lat="51.5149127" lon="-0.0895266"/>
  <node id="12799881535" lat="51.5149333" lon="-0.0896931"/>
  <node id="12799881536" lat="51.5148906" lon="-0.0898125"/>
  <node id="12799881574" lat="51.5146885" lon="-0.0877029"/>
  <node id="12799881575" lat="51.5146488" lon="-0.0879376"/>
  <node id="12799881576" lat="51.5135254" lon="-0.0888552"/>
  <node id="12799881577" lat="51.5142436" lon="-0.0900397"/>
  <node id="12799881578" lat="51.5144656" lon="-0.0898909"/>
  <node id="12799881580" lat="51.5146067" lon="-0.0896934"/>
  <node id="12823252939" lat="51.5112346" lon="-0.0879319"/>
  <node id="12892415982" lat="51.5112877" lon="-0.0908540"/>
  <node id="12894718410" lat="51.5109660" lon="-0.0895516"/>
  <node id="12894718411" lat="51.5110595" lon="-0.0894530"/>
  <node id="12895578148" lat="51.5110558" lon="-0.0899036"/>
  <node id="12898836626" lat="51.5125740" lon="-0.0854947"/>
  <node id="12898836627" lat="51.5125803" lon="-0.0854896"/>
  <node id="12898836628" lat="51.5125901" lon="-0.0854815"/>
  <node id="12898836629" lat="51.5126031" lon="-0.0854709"/>
  <node id="12898836630" lat="51.5126182" lon="-0.0854586"/>
  <node id="12898836631" lat="51.5126505" lon="-0.0854321"/>
  <node id="12898836632" lat="51.5126656" lon="-0.0854197"/>
  <node id="12898836633" lat="51.5126785" lon="-0.0854091"/>
  <node id="12898836634" lat="51.5126884" lon="-0.0854010"/>
  <node id="12898836635" lat="51.5126946" lon="-0.0853960"/>
  <node id="12898836646" lat="51.5126343" lon="-0.0854453"/>
  <node id="12905369756" lat="51.5163158" lon="-0.0896905"/>
  <node id="12905369758" lat="51.5157197" lon="-0.0898945"/>
  <node id="12905369771" lat="51.5161698" lon="-0.0897169"/>
  <node id="12905369772" lat="51.5160933" lon="-0.0897377"/>
  <node id="12905369774" lat="51.5157187" lon="-0.0898815"/>
  <node id="12905369775" lat="51.5162785" lon="-0.0896973"/>
  <node id="12905378681" lat="51.5131387" lon="-0.0915050"/>
  <node id="12905378682" lat="51.5131370" lon="-0.0914706">
    <tag k="crossing" v="unmarked"/>
    <tag k="crossing:markings" v="no"/>
    <tag k="highway" v="crossing"/>
  </node>
  <node id="12905378683" lat="51.5131348" lon="-0.0914276"/>
  <node id="12905378684" lat="51.5131912" lon="-0.0914939"/>
  <node id="12905378685" lat="51.5131897" lon="-0.0914610">
    <tag k="crossing" v="unmarked"/>
    <tag k="crossing:markings" v="no"/>
    <tag k="highway" v="crossing"/>
  </node>
  <node id="12905378687" lat="51.5127336" lon="-0.0926559">
    <tag k="barrier" v="kerb"/>
    <tag k="kerb" v="flush"/>
    <tag k="tactile_paving" v="yes"/>
  </node>
  <node id="12905378688" lat="51.5127611" lon="-0.0926294">
    <tag k="barrier" v="kerb"/>
    <tag k="kerb" v="flush"/>
    <tag k="tactile_paving" v="yes"/>
  </node>
  <node id="12905378689" lat="51.5126015" lon="-0.0924994"/>
  <node id="12905378691" lat="51.5127444" lon="-0.0922552"/>
  <node id="12905474475" lat="51.5115992" lon="-0.0908079">
    <tag k="barrier" v="kerb"/>
    <tag k="kerb" v="lowered"/>
    <tag k="tactile_paving" v="yes"/>
  </node>
  <node id="12905474476" lat="51.5115830" lon="-0.0907255">
    <tag k="barrier" v="kerb"/>
    <tag k="kerb" v="lowered"/>
    <tag k="tactile_paving" v="yes"/>
  </node>
  <node id="12905474477" lat="51.5117673" lon="-0.0908127">
    <tag k="barrier" v="kerb"/>
    <tag k="kerb" v="lowered"/>
    <tag k="tactile_paving" v="yes"/>
  </node>
  <node id="12905474478" lat="51.5116895" lon="-0.0908740">
    <tag k="kerb" v="no"/>
    <tag k="tactile_paving" v="yes"/>
  </node>
  <node id="12905474479" lat="51.5117079" lon="-0.0905375">
    <tag k="barrier" v="kerb"/>
    <tag k="kerb" v="lowered"/>
    <tag k="tactile_paving" v="yes"/>
  </node>
  <node id="12905474480" lat="51.5116309" lon="-0.0905924">
    <tag k="barrier" v="bollard"/>
    <tag k="kerb" v="no"/>
    <tag k="tactile_paving" v="yes"/>
  </node>
  <node id="12905474481" lat="51.5115456" lon="-0.0896339"/>
  <node id="12905474482" lat="51.5115386" lon="-0.0895953"/>
  <node id="12905474483" lat="51.5120226" lon="-0.0878224">
    <tag k="barrier" v="kerb"/>
    <tag k="kerb" v="lowered"/>
    <tag k="tactile_paving" v="yes"/>
  </node>
  <node id="12905474484" lat="51.5128144" lon="-0.0877853"/>
  <node id="12905474493" lat="51.5119647" lon="-0.0868566"/>
  <node id="12905474494" lat="51.5128344" lon="-0.0882665"/>
  <node id="12905474495" lat="51.5127995" lon="-0.0882631"/>
  <node id="12905474496" lat="51.5112961" lon="-0.0870075"/>
  <node id="12905474497" lat="51.5113071" lon="-0.0870187">
    <tag k="barrier" v="kerb"/>
    <tag k="kerb" v="raised"/>
    <tag k="wheelchair" v="no"/>
  </node>
  <node id="12905474498" lat="51.5113558" lon="-0.0870625">
    <tag k="barrier" v="kerb"/>
    <tag k="kerb" v="raised"/>
    <tag k="wheelchair" v="no"/>
  </node>
  <node id="12905474499" lat="51.5113736" lon="-0.0870572"/>
  <node id="12905474500" lat="51.5114422" lon="-0.0869130"/>
  <node id="12905496401" lat="51.5113558" lon="-0.0869827"/>
  <node id="12905496402" lat="51.5117218" lon="-0.0873699"/>
  <node id="12905496403" lat="51.5117354" lon="-0.0873649">
    <tag k="barrier" v="kerb"/>
    <tag k="kerb" v="raised"/>
    <tag k="wheelchair" v="no"/>
  </node>
  <node id="12905496404" lat="51.5117636" lon="-0.0873919">
    <tag k="barrier" v="kerb"/>
    <tag k="kerb" v="raised"/>
    <tag k="wheelchair" v="no"/>
  </node>
  <node id="12905496405" lat="51.5120874" lon="-0.0871375"/>
  <node id="12905496406" lat="51.5121233" lon="-0.0872724"/>
  <node id="12905496407" lat="51.5126282" lon="-0.0871054"/>
  <node id="12905496408" lat="51.5126387" lon="-0.0872925"/>
  <node id="12905496409" lat="51.5117919" lon="-0.0873059"/>
  <node id="12905496410" lat="51.5117687" lon="-0.0873971"/>
  <node id="12905496411" lat="51.5121556" lon="-0.0877362"/>
  <node id="12905496412" lat="51.5121730" lon="-0.0877494">
    <tag k="highway" v="crossing"/>
  </node>
  <node id="12905496413" lat="51.5121840" lon="-0.0877569"/>
  <node id="12905496414" lat="51.5105495" lon="-0.0894320">
    <tag k="crossing" v="unmarked"/>
    <tag k="crossing:markings" v="no"/>
    <tag k="highway" v="crossing"/>
  </node>
  <node id="12905496419" lat="51.5108229" lon="-0.0891640">
    <tag k="crossing" v="unmarked"/>
    <tag k="highway" v="crossing"/>
  </node>
  <node id="12905496421" lat="51.5108171" lon="-0.0891413"/>
  <node id="12905496422" lat="51.5108854" lon="-0.0896900">
    <tag k="crossing" v="unmarked"/>
    <tag k="crossing:markings" v="no"/>
    <tag k="highway" v="crossing"/>
  </node>
  <node id="12905496428" lat="51.5109253" lon="-0.0897582"/>
  <node id="12905496429" lat="51.5109819" lon="-0.0895832">
    <tag k="crossing" v="unmarked"/>
    <tag k="crossing:markings" v="no"/>
    <tag k="highway" v="crossing"/>
  </node>
  <node id="12905496430" lat="51.5110879" lon="-0.0871879"/>
  <node id="12905496431" lat="51.5110316" lon="-0.0875219">
    <tag k="crossing" v="unmarked"/>
    <tag k="highway" v="crossing"/>
  </node>
  <node id="12905496432" lat="51.5110279" lon="-0.0875002">
    <tag k="barrier" v="kerb"/>
    <tag k="kerb" v="lowered"/>
  </node>
  <node id="12905496433" lat="51.5110367" lon="-0.0875517"/>
  <node id="12905496437" lat="51.5110382" lon="-0.0875610"/>
  <node id="12906315023" lat="51.5119738" lon="-0.0852910"/>
  <node id="12906315024" lat="51.5120121" lon="-0.0852517">
    <tag k="barrier" v="kerb"/>
    <tag k="kerb" v="flush"/>
  </node>
  <node id="12908872645" lat="51.5107633" lon="-0.0842788">
    <tag k="crossing" v="unmarked"/>
    <tag k="crossing:island" v="yes"/>
    <tag k="crossing:markings" v="no"/>
    <tag k="highway" v="crossing"/>
    <tag k="kerb" v="lowered"/>
    <tag k="tactile_paving" v="no"/>
  </node>
  <node id="12908872650" lat="51.5108675" lon="-0.0856674"/>
  <node id="12908872658" lat="51.5107722" lon="-0.0843323"/>
  <node id="13016187594" lat="51.5131884" lon="-0.0923332">
    <tag k="barrier" v="kerb"/>
    <tag k="kerb" v="lowered"/>
  </node>
  <node id="13016187595" lat="51.5132322" lon="-0.0923229">
    <tag k="barrier" v="kerb"/>
    <tag k="kerb" v="lowered"/>
  </node>
  <node id="13016187596" lat="51.5131457" lon="-0.0916368"/>
  <node id="13016187597" lat="51.5131424" lon="-0.0915735"/>
  <node id="13016187598" lat="51.5131507" lon="-0.0916029"/>
  <node id="13018997641" lat="51.5110658" lon="-0.0859230">
    <tag k="barrier" v="kerb"/>
    <tag k="kerb" v="lowered"/>
  </node>
  <node id="13019113878" lat="51.5115147" lon="-0.0874014">
    <tag k="barrier" v="kerb"/>
    <tag k="kerb" v="flush"/>
    <tag k="tactile_paving" v="yes"/>
    <tag k="tactile_paving:colour" v="yellow"/>
  </node>
  <node id="13019113879" lat="51.5115397" lon="-0.0874247">
    <tag k="barrier" v="kerb"/>
    <tag k="kerb" v="flush"/>
    <tag k="tactile_paving" v="yes"/>
    <tag k="tactile_paving:colour" v="yellow"/>
  </node>
  <node id="13019158626" lat="51.5115206" lon="-0.0908972"/>
  <node id="13019158627" lat="51.5114712" lon="-0.0909242"/>
  <node id="13019158628" lat="51.5115123" lon="-0.0909013">
    <tag k="barrier" v="kerb"/>
    <tag k="kerb" v="flush"/>
    <tag k="tactile_paving" v="yes"/>
  </node>
  <node id="13019158629" lat="51.5114785" lon="-0.0909205">
    <tag k="barrier" v="kerb"/>
    <tag k="kerb" v="flush"/>
    <tag k="tactile_paving" v="yes"/>
  </node>
  <node id="13019158630" lat="51.5116999" lon="-0.0921380">
    <tag k="barrier" v="kerb"/>
    <tag k="kerb" v="lowered"/>
  </node>
  <node id="13019158631" lat="51.5117425" lon="-0.0920880">
    <tag k="direction" v="forward"/>
    <tag k="highway" v="give_way"/>
  </node>
  <node id="13019158632" lat="51.5119554" lon="-0.0919649">
    <tag k="direction" v="backward"/>
    <tag k="highway" v="give_way"/>
  </node>
  <node id="13019158633" lat="51.5119176" lon="-0.0919868">
    <tag k="check_date" v="2024-04-27"/>
    <tag k="description" v="Weak road"/>
    <tag k="direction" v="forward"/>
    <tag k="maxweightrating" v="7.5"/>
    <tag k="traffic_sign" v="GB:626.2A"/>
  </node>
  <node id="13019187884" lat="51.5123030" lon="-0.0937526">
    <tag k="direction" v="backward"/>
    <tag k="highway" v="give_way"/>
  </node>
  <node id="13019187885" lat="51.5122801" lon="-0.0937483">
    <tag k="check_date" v="2024-04-27"/>
    <tag k="description" v="Weak road"/>
    <tag k="direction" v="forward"/>
    <tag k="maxweightrating" v="7.5"/>
    <tag k="traffic_sign" v="GB:626.2A"/>
  </node>
  <node id="13019187886" lat="51.5122876" lon="-0.0937754">
    <tag k="barrier" v="kerb"/>
    <tag k="kerb" v="lowered"/>
  </node>
  <node id="13019187887" lat="51.5122913" lon="-0.0937074">
    <tag k="barrier" v="kerb"/>
    <tag k="kerb" v="lowered"/>
    <tag k="tactile_paving" v="yes"/>
  </node>
  <node id="13019187888" lat="51.5119711" lon="-0.0937740">
    <tag k="barrier" v="kerb"/>
    <tag k="kerb" v="lowered"/>
    <tag k="tactile_paving" v="yes"/>
  </node>
  <node id="13019187889" lat="51.5119470" lon="-0.0937845">
    <tag k="barrier" v="kerb"/>
    <tag k="kerb" v="lowered"/>
    <tag k="tactile_paving" v="yes"/>
  </node>
  <node id="13019187890" lat="51.5119658" lon="-0.0938509">
    <tag k="barrier" v="kerb"/>
    <tag k="kerb" v="raised"/>
    <tag k="wheelchair" v="no"/>
  </node>
  <node id="13019187891" lat="51.5119195" lon="-0.0938706">
    <tag k="barrier" v="kerb"/>
    <tag k="kerb" v="raised"/>
    <tag k="wheelchair" v="no"/>
  </node>
  <node id="13020905383" lat="51.5118118" lon="-0.0928439">
    <tag k="barrier" v="kerb"/>
    <tag k="kerb" v="lowered"/>
    <tag k="tactile_paving" v="yes"/>
  </node>
  <node id="13020905384" lat="51.5117962" lon="-0.0927350">
    <tag k="barrier" v="kerb"/>
    <tag k="kerb" v="lowered"/>
    <tag k="tactile_paving" v="yes"/>
  </node>
  <node id="13020905385" lat="51.5117442" lon="-0.0906443">
    <tag k="barrier" v="kerb"/>
    <tag k="kerb" v="flush"/>
    <tag k="tactile_paving" v="yes"/>
  </node>
  <node id="13020905386" lat="51.5117646" lon="-0.0907426">
    <tag k="barrier" v="kerb"/>
    <tag k="kerb" v="flush"/>
    <tag k="tactile_paving" v="yes"/>
  </node>
  <node id="13021111715" lat="51.5136267" lon="-0.0907813">
    <tag k="barrier" v="kerb"/>
    <tag k="kerb" v="lowered"/>
    <tag k="tactile_paving" v="yes"/>
  </node>
  <node id="13021111716" lat="51.5135495" lon="-0.0908276">
    <tag k="barrier" v="kerb"/>
    <tag k="kerb" v="lowered"/>
  </node>
  <node id="13021111717" lat="51.5136012" lon="-0.0911754"/>
  <node id="13021245636" lat="51.5153829" lon="-0.0900458"/>
  <node id="13021245637" lat="51.5154224" lon="-0.0900267">
    <tag k="barrier" v="kerb"/>
    <tag k="kerb" v="lowered"/>
  </node>
  <node id="13021245639" lat="51.5150287" lon="-0.0910365">
    <tag k="barrier" v="kerb"/>
    <tag k="kerb" v="lowered"/>
    <tag k="tactile_paving" v="no"/>
  </node>
  <node id="13021245642" lat="51.5149479" lon="-0.0902791">
    <tag k="barrier" v="kerb"/>
    <tag k="kerb" v="flush"/>
    <tag k="tactile_paving" v="yes"/>
  </node>
  <node id="13021245643" lat="51.5149572" lon="-0.0903562">
    <tag k="barrier" v="kerb"/>
    <tag k="kerb" v="flush"/>
    <tag k="tactile_paving" v="yes"/>
  </node>
  <node id="13021245645" lat="51.5149886" lon="-0.0903593"/>
  <node id="13022543552" lat="51.5153626" lon="-0.0930798"/>
  <node id="13022543553" lat="51.5152930" lon="-0.0931575"/>
  <node id="13022543554" lat="51.5153230" lon="-0.0931239">
    <tag k="crossing" v="unmarked"/>
    <tag k="crossing:continuous" v="no"/>
    <tag k="crossing:island" v="yes"/>
    <tag k="crossing:markings" v="no"/>
    <tag k="highway" v="crossing"/>
  </node>
  <node id="13022543555" lat="51.5152843" lon="-0.0931670"/>
  <node id="13022543556" lat="51.5153717" lon="-0.0930670"/>
  <node id="13022543557" lat="51.5154767" lon="-0.0935348"/>
  <node id="13022543558" lat="51.5153161" lon="-0.0931086"/>
  <node id="13022543559" lat="51.5153274" lon="-0.0931335"/>
  <node id="13022543560" lat="51.5144538" lon="-0.0926188"/>
  <node id="13022543561" lat="51.5144579" lon="-0.0927565"/>
  <node id="13022543562" lat="51.5144561" lon="-0.0926496">
    <tag k="barrier" v="kerb"/>
    <tag k="kerb" v="lowered"/>
  </node>
  <node id="13022543563" lat="51.5144031" lon="-0.0923196">
    <tag k="barrier" v="kerb"/>
    <tag k="kerb" v="lowered"/>
  </node>
  <node id="13022543564" lat="51.5144554" lon="-0.0927279">
    <tag k="barrier" v="kerb"/>
    <tag k="kerb" v="lowered"/>
  </node>
  <node id="13022543565" lat="51.5144722" lon="-0.0932376"/>
  <node id="13022543566" lat="51.5144025" lon="-0.0932706"/>
  <node id="13022543567" lat="51.5151345" lon="-0.0922711">
    <tag k="barrier" v="kerb"/>
    <tag k="kerb" v="flush"/>
    <tag k="tactile_paving" v="yes"/>
  </node>
  <node id="13022543568" lat="51.5150765" lon="-0.0923015">
    <tag k="barrier" v="kerb"/>
    <tag k="kerb" v="flush"/>
    <tag k="tactile_paving" v="yes"/>
  </node>
  <node id="13022543569" lat="51.5149887" lon="-0.0920963">
    <tag k="barrier" v="kerb"/>
    <tag k="kerb" v="flush"/>
    <tag k="tactile_paving" v="yes"/>
  </node>
  <node id="13022543570" lat="51.5149967" lon="-0.0921767">
    <tag k="barrier" v="kerb"/>
    <tag k="kerb" v="flush"/>
    <tag k="tactile_paving" v="yes"/>
  </node>
  <node id="13022543571" lat="51.5151099" lon="-0.0919650">
    <tag k="barrier" v="kerb"/>
    <tag k="kerb" v="flush"/>
    <tag k="tactile_paving" v="no"/>
  </node>
  <node id="13022543572" lat="51.5150469" lon="-0.0919828">
    <tag k="barrier" v="kerb"/>
    <tag k="kerb" v="flush"/>
    <tag k="tactile_paving" v="no"/>
  </node>
  <node id="13022543573" lat="51.5149824" lon="-0.0908296">
    <tag k="barrier" v="kerb"/>
    <tag k="kerb" v="lowered"/>
    <tag k="tactile_paving" v="yes"/>
  </node>
  <node id="13022543574" lat="51.5149331" lon="-0.0908434">
    <tag k="barrier" v="kerb"/>
    <tag k="kerb" v="lowered"/>
    <tag k="tactile_paving" v="yes"/>
  </node>
  <node id="13022543575" lat="51.5149198" lon="-0.0908472"/>
  <node id="13022543576" lat="51.5150065" lon="-0.0908228"/>
  <node id="13022543577" lat="51.5149682" lon="-0.0908335">
    <tag k="crossing" v="unmarked"/>
    <tag k="crossing:continuous" v="no"/>
    <tag k="crossing:island" v="yes"/>
    <tag k="crossing:markings" v="no"/>
    <tag k="highway" v="crossing"/>
    <tag k="tactile_paving" v="yes"/>
  </node>
  <node id="13022543578" lat="51.5149793" lon="-0.0914260">
    <tag k="barrier" v="kerb"/>
    <tag k="kerb" v="lowered"/>
  </node>
  <node id="13022543579" lat="51.5149508" lon="-0.0914240"/>
  <node id="13078457363" lat="51.5116554" lon="-0.0874392"/>
  <node id="13078457364" lat="51.5119923" lon="-0.0877134"/>
  <node id="13167973024" lat="51.5118766" lon="-0.0849134">
    <tag k="barrier" v="kerb"/>
    <tag k="kerb" v="lowered"/>
  </node>
  <node id="13167973025" lat="51.5117749" lon="-0.0849702"/>
  <node id="13167973026" lat="51.5119288" lon="-0.0852577"/>
  <node id="13167973027" lat="51.5119198" lon="-0.0852543"/>
  <node id="13167973028" lat="51.5119376" lon="-0.0852647"/>
  <node id="13167973029" lat="51.5119527" lon="-0.0852920">
    <tag k="barrier" v="kerb"/>
    <tag k="kerb" v="lowered"/>
    <tag k="tactile_paving" v="yes"/>
  </node>
  <node id="13167973030" lat="51.5124201" lon="-0.0867293"/>
  <node id="13167973031" lat="51.5122309" lon="-0.0863692"/>
  <node id="13167973032" lat="51.5121741" lon="-0.0861535"/>
  <node id="13167973033" lat="51.5120847" lon="-0.0859712"/>
  <node id="13167973034" lat="51.5119033" lon="-0.0852527"/>
  <node id="13167973035" lat="51.5114316" lon="-0.0854955"/>
  <node id="13167973036" lat="51.5112786" lon="-0.0855879"/>
  <node id="13167973037" lat="51.5112118" lon="-0.0856724"/>
  <node id="13167973038" lat="51.5111319" lon="-0.0858247"/>
  <node id="13167973043" lat="51.5116872" lon="-0.0841798"/>
  <node id="13167973044" lat="51.5117573" lon="-0.0847793"/>
  <node id="13167973045" lat="51.5117824" lon="-0.0850501"/>
  <node id="13167973046" lat="51.5117656" lon="-0.0851836"/>
  <node id="13167973047" lat="51.5114804" lon="-0.0853752">
    <tag k="crossing:markings" v="no"/>
    <tag k="highway" v="crossing"/>
  </node>
  <node id="13167973048" lat="51.5114057" lon="-0.0854097"/>
  <node id="13167973049" lat="51.5112097" lon="-0.0855222">
    <tag k="highway" v="crossing"/>
  </node>
  <node id="13167973050" lat="51.5109936" lon="-0.0856134"/>
  <node id="13235666357" lat="51.5108445" lon="-0.0910319"/>
  <node id="13235666361" lat="51.5112439" lon="-0.0939211">
    <tag k="barrier" v="kerb"/>
    <tag k="kerb" v="flush"/>
    <tag k="tactile_paving" v="yes"/>
  </node>
  <node id="13235666362" lat="51.5111450" lon="-0.0930770"/>
  <node id="13235666363" lat="51.5111974" lon="-0.0933531">
    <tag k="barrier" v="kerb"/>
    <tag k="kerb" v="raised"/>
  </node>
  <node id="13235666364" lat="51.5111829" lon="-0.0933575">
    <tag k="barrier" v="kerb"/>
    <tag k="kerb" v="raised"/>
  </node>
  <node id="13235666365" lat="51.5110036" lon="-0.0918663"/>
  <node id="13235666366" lat="51.5110111" lon="-0.0919401"/>
  <node id="13235666367" lat="51.5110053" lon="-0.0920950"/>
  <node id="13235666370" lat="51.5107178" lon="-0.0910916"/>
  <node id="13235666372" lat="51.5108419" lon="-0.0911627">
    <tag k="crossing" v="unmarked"/>
    <tag k="crossing:markings" v="no"/>
    <tag k="highway" v="crossing"/>
  </node>
  <node id="13235666376" lat="51.5110151" lon="-0.0922295"/>
  <node id="13235666377" lat="51.5110305" lon="-0.0924688"/>
  <node id="13235666378" lat="51.5111037" lon="-0.0928868"/>
  <node id="13235666379" lat="51.5111303" lon="-0.0928744">
    <tag k="crossing" v="unmarked"/>
    <tag k="crossing:markings" v="no"/>
    <tag k="highway" v="crossing"/>
  </node>
  <node id="13235666380" lat="51.5111463" lon="-0.0928669"/>
  <node id="13235666381" lat="51.5111402" lon="-0.0928697">
    <tag k="barrier" v="kerb"/>
    <tag k="kerb" v="lowered"/>
  </node>
  <node id="13235666382" lat="51.5111090" lon="-0.0928844">
    <tag k="barrier" v="kerb"/>
    <tag k="kerb" v="lowered"/>
  </node>
  <node id="13235666383" lat="51.5110636" lon="-0.0918203"/>
  <node id="13235666384" lat="51.5110733" lon="-0.0918754"/>
  <node id="13235666385" lat="51.5110946" lon="-0.0922409"/>
  <node id="13235666386" lat="51.5110656" lon="-0.0922453">
    <tag k="barrier" v="kerb"/>
    <tag k="kerb" v="flush"/>
  </node>
  <node id="13235666387" lat="51.5111181" lon="-0.0923451">
    <tag k="barrier" v="kerb"/>
    <tag k="kerb" v="flush"/>
  </node>
  <node id="13235666388" lat="51.5111274" lon="-0.0923940">
    <tag k="barrier" v="kerb"/>
    <tag k="kerb" v="flush"/>
  </node>
  <node id="13235666389" lat="51.5111232" lon="-0.0923719">
    <tag k="crossing" v="unmarked"/>
    <tag k="crossing:markings" v="no"/>
    <tag k="highway" v="crossing"/>
  </node>
  <node id="13235666390" lat="51.5111317" lon="-0.0924167"/>
  <node id="13235666391" lat="51.5110249" lon="-0.0922325">
    <tag k="barrier" v="kerb"/>
    <tag k="kerb" v="flush"/>
  </node>
  <node id="13235696108" lat="51.5114490" lon="-0.0922506"/>
  <node id="13235696109" lat="51.5121980" lon="-0.0926693"/>
  <node id="13235696110" lat="51.5120994" lon="-0.0927161"/>
  <node id="13235696111" lat="51.5117157" lon="-0.0920615">
    <tag k="crossing" v="unmarked"/>
    <tag k="crossing:markings" v="no"/>
    <tag k="highway" v="crossing"/>
  </node>
  <node id="13235696112" lat="51.5117284" lon="-0.0921300">
    <tag k="crossing" v="unmarked"/>
    <tag k="crossing:markings" v="no"/>
    <tag k="highway" v="crossing"/>
  </node>
  <node id="13235696113" lat="51.5118423" lon="-0.0928548">
    <tag k="barrier" v="kerb"/>
    <tag k="kerb" v="lowered"/>
    <tag k="tactile_paving" v="yes"/>
  </node>
  <node id="13235696114" lat="51.5118208" lon="-0.0928621">
    <tag k="barrier" v="kerb"/>
    <tag k="kerb" v="lowered"/>
    <tag k="tactile_paving" v="yes"/>
  </node>
  <node id="13235696115" lat="51.5118173" lon="-0.0926833">
    <tag k="barrier" v="kerb"/>
    <tag k="kerb" v="lowered"/>
    <tag k="tactile_paving" v="yes"/>
  </node>
  <node id="13235696116" lat="51.5117938" lon="-0.0926913">
    <tag k="barrier" v="kerb"/>
    <tag k="kerb" v="lowered"/>
    <tag k="tactile_paving" v="yes"/>
  </node>
  <node id="13235696117" lat="51.5118008" lon="-0.0926889">
    <tag k="crossing" v="marked"/>
    <tag k="crossing:markings" v="surface"/>
    <tag k="highway" v="crossing"/>
  </node>
  <node id="13235696118" lat="51.5118496" lon="-0.0928523"/>
  <node id="13235696119" lat="51.5118270" lon="-0.0926800"/>
  <node id="13235696120" lat="51.5118229" lon="-0.0926482"/>
  <node id="13237810192" lat="51.5126007" lon="-0.0924198"/>
  <node id="13237810193" lat="51.5126765" lon="-0.0925850">
    <tag k="crossing" v="traffic_signals"/>
    <tag k="crossing:markings" v="dots"/>
    <tag k="crossing:signals" v="yes"/>
    <tag k="highway" v="crossing"/>
  </node>
  <node id="13237810194" lat="51.5126398" lon="-0.0924888">
    <tag k="crossing" v="traffic_signals"/>
    <tag k="crossing:markings" v="dots"/>
    <tag k="crossing:signals" v="yes"/>
    <tag k="highway" v="crossing"/>
  </node>
  <node id="13237810195" lat="51.5126309" lon="-0.0924655">
    <tag k="crossing" v="traffic_signals"/>
    <tag k="crossing:markings" v="dots"/>
    <tag k="crossing:signals" v="yes"/>
    <tag k="highway" v="crossing"/>
  </node>
  <node id="13237810196" lat="51.5126980" lon="-0.0926416">
    <tag k="barrier" v="kerb"/>
    <tag k="kerb" v="flush"/>
    <tag k="tactile_paving" v="yes"/>
  </node>
  <node id="13237810197" lat="51.5126176" lon="-0.0924307">
    <tag k="barrier" v="kerb"/>
    <tag k="kerb" v="flush"/>
    <tag k="tactile_paving" v="yes"/>
  </node>
  <node id="13237810198" lat="51.5127738" lon="-0.0923321">
    <tag k="barrier" v="kerb"/>
    <tag k="kerb" v="flush"/>
    <tag k="tactile_paving" v="yes"/>
  </node>
  <node id="13237810199" lat="51.5126578" lon="-0.0922585">
    <tag k="barrier" v="kerb"/>
    <tag k="kerb" v="flush"/>
    <tag k="tactile_paving" v="yes"/>
  </node>
  <node id="13238175748" lat="51.5115791" lon="-0.0907026"/>
  <node id="13238175749" lat="51.5116008" lon="-0.0908160"/>
  <node id="13238175755" lat="51.5128024" lon="-0.0900476">
    <tag k="barrier" v="kerb"/>
    <tag k="kerb" v="flush"/>
  </node>
  <node id="13238175757" lat="51.5131950" lon="-0.0928256"/>
  <node id="13238175758" lat="51.5131830" lon="-0.0930415"/>
  <node id="13238175759" lat="51.5132110" lon="-0.0925376"/>
  <node id="13238175760" lat="51.5132199" lon="-0.0924874"/>
  <node id="13239868363" lat="51.5130375" lon="-0.0905879"/>
  <node id="13246583433" lat="51.5162691" lon="-0.0890166">
    <tag k="barrier" v="kerb"/>
    <tag k="kerb" v="lowered"/>
  </node>
  <node id="13246583435" lat="51.5157348" lon="-0.0892431">
    <tag k="barrier" v="kerb"/>
    <tag k="kerb" v="lowered"/>
  </node>
  <node id="13246583436" lat="51.5157541" lon="-0.0893903"/>
  <node id="13246583437" lat="51.5157308" lon="-0.0892112"/>
  <node id="13246583438" lat="51.5156763" lon="-0.0892310">
    <tag k="crossing" v="unmarked"/>
    <tag k="crossing:island" v="no"/>
    <tag k="crossing:markings" v="no"/>
    <tag k="highway" v="crossing"/>
    <tag k="tactile_paving" v="yes"/>
  </node>
  <node id="13246583440" lat="51.5162780" lon="-0.0891983"/>
  <node id="13246583442" lat="51.5164983" lon="-0.0891175"/>
  <node id="13246583464" lat="51.5172772" lon="-0.0888860"/>
  <node id="13246583465" lat="51.5172692" lon="-0.0888670"/>
  <node id="13246583466" lat="51.5172420" lon="-0.0888471"/>
  <node id="13246583467" lat="51.5172577" lon="-0.0888535"/>
  <node id="13246583468" lat="51.5172259" lon="-0.0888509"/>
  <node id="13260285731" lat="51.5141077" lon="-0.0919560"/>
  <node id="13396212824" lat="51.5162620" lon="-0.0890192"/>
  <node id="13513212432" lat="51.5120303" lon="-0.0917478"/>
  <node id="13513212433" lat="51.5119899" lon="-0.0915757"/>
  <node id="13513212434" lat="51.5124038" lon="-0.0904280">
    <tag k="fixme" v="ref, name, improve internals"/>
    <tag k="level" v="0"/>
    <tag k="name" v="Bank station, Walbrook exit"/>
    <tag k="railway" v="subway_entrance"/>
    <tag k="wheelchair" v="yes"/>
    <tag k="wheelchair:description" v="Step-free access to Waterloo &amp; City and DLR"/>
  </node>
  <node id="13513212447" lat="51.5126122" lon="-0.0920646">
    <tag k="barrier" v="bollard"/>
  </node>
  <node id="13513212448" lat="51.5124187" lon="-0.0916765"/>
  <node id="13513212490" lat="51.5124186" lon="-0.0904923"/>
  <node id="13513244845" lat="51.5123283" lon="-0.0931609"/>
  <node id="13513244847" lat="51.5123878" lon="-0.0933172"/>
  <node id="13513244865" lat="51.5123589" lon="-0.0933604"/>
  <node id="13513291493" lat="51.5121783" lon="-0.0925611"/>
  <node id="13513291494" lat="51.5121098" lon="-0.0922042"/>
  <node id="13513291495" lat="51.5119642" lon="-0.0915905">
    <tag k="highway" v="crossing"/>
  </node>
  <node id="13513291496" lat="51.5120050" lon="-0.0917625">
    <tag k="highway" v="crossing"/>
  </node>
  <node id="13513420972" lat="51.5122276" lon="-0.0927989"/>
  <node id="13676968319" lat="51.5154614" lon="-0.0927126"/>
  <node id="13676968327" lat="51.5154643" lon="-0.0927128"/>
  <node id="13676968335" lat="51.5155197" lon="-0.0927137"/>
  <node id="13676968336" lat="51.5154986" lon="-0.0927129"/>
  <node id="13807857911" lat="51.5114333" lon="-0.0901057"/>
  <node id="13807857914" lat="51.5114765" lon="-0.0903390"/>
  <node id="13807857915" lat="51.5113731" lon="-0.0893491">
    <tag k="barrier" v="kerb"/>
    <tag k="kerb" v="flush"/>
  </node>
  <node id="13807857916" lat="51.5113561" lon="-0.0892603">
    <tag k="barrier" v="kerb"/>
    <tag k="kerb" v="flush"/>
  </node>
  <node id="13807857918" lat="51.5114247" lon="-0.0895236">
    <tag k="barrier" v="kerb"/>
    <tag k="kerb" v="flush"/>
  </node>
  <node id="13807857919" lat="51.5115005" lon="-0.0894811">
    <tag k="barrier" v="kerb"/>
    <tag k="kerb" v="flush"/>
  </node>
  <node id="13810673508" lat="51.5107521" lon="-0.0842078"/>
  <node id="13810673509" lat="51.5109142" lon="-0.0860778"/>
  <node id="13810673510" lat="51.5113928" lon="-0.0853420"/>
  <node id="13810673511" lat="51.5111597" lon="-0.0841109"/>
  <node id="13810673512" lat="51.5115584" lon="-0.0839786"/>
  <node id="13810673513" lat="51.5111237" lon="-0.0839986"/>
  <node id="13810673514" lat="51.5115149" lon="-0.0838374"/>
  <node id="13810673530" lat="51.5117846" lon="-0.0850771"/>
  <node id="13810673531" lat="51.5117805" lon="-0.0850144"/>
  <node id="13810673534" lat="51.5116336" lon="-0.0839136"/>
  <node id="13810673535" lat="51.5112594" lon="-0.0840779"/>
  <node id="13810673538" lat="51.5114577" lon="-0.0853055"/>
  <node id="13810673539" lat="51.5110456" lon="-0.0840484"/>
  <node id="13810673540" lat="51.5109588" lon="-0.0840971"/>
  <node id="13810673611" lat="51.5110899" lon="-0.0841307"/>
  <node id="13810673612" lat="51.5110048" lon="-0.0841711"/>
  <node id="13810673613" lat="51.5109066" lon="-0.0842180"/>
  <node id="13810673614" lat="51.5108164" lon="-0.0842806"/>
  <node id="13810673615" lat="51.5107995" lon="-0.0842944"/>
  <node id="13810673616" lat="51.5107931" lon="-0.0843002"/>
  <node id="13810673617" lat="51.5107864" lon="-0.0843070"/>
  <node id="13810673618" lat="51.5107772" lon="-0.0843190"/>
  <node id="13810673620" lat="51.5117836" lon="-0.0851147"/>
  <node id="13810673621" lat="51.5117785" lon="-0.0851440"/>
  <node id="13810673622" lat="51.5117919" lon="-0.0849604">
    <tag k="barrier" v="kerb"/>
    <tag k="kerb" v="lowered"/>
    <tag k="tactile_paving" v="yes"/>
  </node>
  <node id="13810673623" lat="51.5110552" lon="-0.0857763"/>
  <node id="13810673624" lat="51.5110741" lon="-0.0857456"/>
  <node id="13810673625" lat="51.5111213" lon="-0.0856635"/>
  <node id="13810673626" lat="51.5111633" lon="-0.0856082"/>
  <node id="13810673627" lat="51.5110218" lon="-0.0858653">
    <tag k="barrier" v="kerb"/>
    <tag k="kerb" v="lowered"/>
  </node>
  <node id="13812694649" lat="51.5119520" lon="-0.0920263"/>
  <node id="13812694650" lat="51.5117592" lon="-0.0921291"/>
  <node id="13812694652" lat="51.5109793" lon="-0.0916861"/>
  <node id="13812694662" lat="51.5119724" lon="-0.0938396">
    <tag k="barrier" v="kerb"/>
    <tag k="kerb" v="raised"/>
    <tag k="wheelchair" v="no"/>
  </node>
  <node id="13812694663" lat="51.5119738" lon="-0.0937838">
    <tag k="barrier" v="kerb"/>
    <tag k="kerb" v="raised"/>
    <tag k="wheelchair" v="no"/>
  </node>
  <node id="13812694664" lat="51.5119729" lon="-0.0938239">
    <tag k="crossing" v="unmarked"/>
    <tag k="crossing:markings" v="no"/>
    <tag k="highway" v="crossing"/>
  </node>
  <node id="13812694665" lat="51.5111766" lon="-0.0930522">
    <tag k="barrier" v="kerb"/>
    <tag k="kerb" v="lowered"/>
  </node>
  <node id="13812694666" lat="51.5111579" lon="-0.0929085">
    <tag k="barrier" v="kerb"/>
    <tag k="kerb" v="lowered"/>
  </node>
  <node id="13812694667" lat="51.5111675" lon="-0.0929762">
    <tag k="crossing" v="unmarked"/>
    <tag k="crossing:markings" v="no"/>
    <tag k="highway" v="crossing"/>
  </node>
  <node id="13812694668" lat="51.5118007" lon="-0.0927658"/>
  <node id="13813256598" lat="51.5127996" lon="-0.0900392"/>
  <node id="13813298301" lat="51.5130046" lon="-0.0897763"/>
  <node id="13813298302" lat="51.5131341" lon="-0.0897002"/>
  <node id="13813298303" lat="51.5129783" lon="-0.0897849"/>
  <node id="13813298304" lat="51.5128936" lon="-0.0898461"/>
  <node id="13813298305" lat="51.5128612" lon="-0.0898684"/>
  <node id="13813298306" lat="51.5128332" lon="-0.0899194"/>
  <node id="13813298307" lat="51.5128197" lon="-0.0899573"/>
  <node id="13813298308" lat="51.5127947" lon="-0.0900205"/>
  <node id="13813298309" lat="51.5113080" lon="-0.0883053"/>
  <node id="13813298310" lat="51.5113673" lon="-0.0882751"/>
  <node id="13813298311" lat="51.5114950" lon="-0.0882000"/>
  <node id="13813298312" lat="51.5116217" lon="-0.0881124"/>
  <node id="13813298313" lat="51.5117183" lon="-0.0880412"/>
  <node id="13813298314" lat="51.5117650" lon="-0.0880054"/>
  <node id="13813298315" lat="51.5118719" lon="-0.0879042"/>
  <node id="13813298316" lat="51.5119520" lon="-0.0878178"/>
  <node id="13813298317" lat="51.5119707" lon="-0.0877799">
    <tag k="barrier" v="kerb"/>
    <tag k="kerb" v="lowered"/>
    <tag k="tactile_paving" v="yes"/>
  </node>
  <node id="13813298318" lat="51.5119834" lon="-0.0877905"/>
  <node id="13813298319" lat="51.5126092" lon="-0.0885943"/>
  <node id="13813298320" lat="51.5125909" lon="-0.0885883"/>
  <node id="13813298321" lat="51.5125601" lon="-0.0886068"/>
  <node id="13813298322" lat="51.5124600" lon="-0.0886764"/>
  <node id="13813298323" lat="51.5123460" lon="-0.0887696"/>
  <node id="13813298324" lat="51.5122287" lon="-0.0888555"/>
  <node id="13813298325" lat="51.5121122" lon="-0.0889460"/>
  <node id="13813298326" lat="51.5119530" lon="-0.0890782"/>
  <node id="13813298327" lat="51.5116934" lon="-0.0892516"/>
  <node id="13813298328" lat="51.5115325" lon="-0.0893387"/>
  <node id="13813298329" lat="51.5115226" lon="-0.0893474"/>
  <node id="13813298330" lat="51.5115141" lon="-0.0893532"/>
  <node id="13813298331" lat="51.5115004" lon="-0.0893650"/>
  <node id="13813298333" lat="51.5121293" lon="-0.0888812"/>
  <node id="13813298334" lat="51.5120143" lon="-0.0889761"/>
  <node id="13813298335" lat="51.5119241" lon="-0.0890432"/>
  <node id="13813298336" lat="51.5117809" lon="-0.0891394"/>
  <node id="13813298337" lat="51.5115941" lon="-0.0892437"/>
  <node id="13813298338" lat="51.5115187" lon="-0.0892856"/>
  <node id="13813298339" lat="51.5115050" lon="-0.0892906"/>
  <node id="13813298340" lat="51.5114887" lon="-0.0892947"/>
  <node id="13816372291" lat="51.5113832" lon="-0.0870084"/>
  <node id="13816372292" lat="51.5120480" lon="-0.0865201"/>
  <node id="13816372293" lat="51.5120794" lon="-0.0865032"/>
  <node id="13816372294" lat="51.5120998" lon="-0.0864830"/>
  <node id="13816372295" lat="51.5121233" lon="-0.0864698"/>
  <node id="13816372296" lat="51.5121428" lon="-0.0864531"/>
  <node id="13816372297" lat="51.5121988" lon="-0.0864195"/>
  <node id="13816372298" lat="51.5122789" lon="-0.0861610"/>
  <node id="13816372299" lat="51.5123879" lon="-0.0860946"/>
  <node id="13816372300" lat="51.5125310" lon="-0.0859675"/>
  <node id="13816415601" lat="51.5123232" lon="-0.0862436"/>
  <node id="13816415602" lat="51.5125693" lon="-0.0860049"/>
  <node id="13816415603" lat="51.5113738" lon="-0.0870249"/>
  <node id="13816415604" lat="51.5122713" lon="-0.0863862"/>
  <node id="13816415605" lat="51.5122436" lon="-0.0863105"/>
  <node id="13816415606" lat="51.5120743" lon="-0.0864242"/>
  <node id="13816415607" lat="51.5118322" lon="-0.0866031"/>
  <node id="13816415608" lat="51.5114960" lon="-0.0868445"/>
  <node id="13816415609" lat="51.5113736" lon="-0.0869306"/>
  <node id="13816415610" lat="51.5113209" lon="-0.0869867"/>
  <node id="13816415611" lat="51.5113070" lon="-0.0869939"/>
  <node id="13816415612" lat="51.5117816" lon="-0.0873597"/>
  <node id="13816415613" lat="51.5118000" lon="-0.0873164"/>
  <node id="13816415614" lat="51.5118417" lon="-0.0872915"/>
  <node id="13816415615" lat="51.5118794" lon="-0.0872660"/>
  <node id="13816415616" lat="51.5119594" lon="-0.0872140"/>
  <node id="13816415617" lat="51.5120577" lon="-0.0871524"/>
  <node id="13816415618" lat="51.5122737" lon="-0.0869972"/>
  <node id="13816415619" lat="51.5124821" lon="-0.0868500"/>
  <node id="13816415620" lat="51.5117349" lon="-0.0873511"/>
  <node id="13816415621" lat="51.5117658" lon="-0.0873195"/>
  <node id="13816415622" lat="51.5117899" lon="-0.0872868"/>
  <node id="13816415623" lat="51.5118392" lon="-0.0872510"/>
  <node id="13816415624" lat="51.5119177" lon="-0.0872001"/>
  <node id="13816415625" lat="51.5120212" lon="-0.0871315"/>
  <node id="13816415626" lat="51.5120668" lon="-0.0871044"/>
  <node id="13816415627" lat="51.5120823" lon="-0.0870957"/>
  <node id="13816415628" lat="51.5121339" lon="-0.0870566"/>
  <node id="13816415629" lat="51.5122281" lon="-0.0869864"/>
  <node id="13816415630" lat="51.5123898" lon="-0.0868554"/>
  <node id="13816415631" lat="51.5124537" lon="-0.0868024"/>
  <node id="13816415632" lat="51.5124883" lon="-0.0868357">
    <tag k="barrier" v="kerb"/>
    <tag k="kerb" v="raised"/>
    <tag k="wheelchair" v="no"/>
  </node>
  <node id="13816415633" lat="51.5124662" lon="-0.0867885">
    <tag k="barrier" v="kerb"/>
    <tag k="kerb" v="raised"/>
    <tag k="wheelchair" v="no"/>
  </node>
  <node id="13816415634" lat="51.5124820" lon="-0.0868143">
    <tag k="crossing" v="unmarked"/>
    <tag k="crossing:markings" v="no"/>
    <tag k="highway" v="crossing"/>
  </node>
  <node id="13816415635" lat="51.5124403" lon="-0.0867818"/>
  <node id="13816415636" lat="51.5122610" lon="-0.0863794">
    <tag k="barrier" v="kerb"/>
    <tag k="kerb" v="raised"/>
    <tag k="wheelchair" v="no"/>
  </node>
  <node id="13816415637" lat="51.5122417" lon="-0.0863318">
    <tag k="barrier" v="kerb"/>
    <tag k="kerb" v="raised"/>
    <tag k="wheelchair" v="no"/>
  </node>
  <node id="13816415638" lat="51.5122516" lon="-0.0863553">
    <tag k="crossing" v="unmarked"/>
    <tag k="crossing:markings" v="no"/>
    <tag k="highway" v="crossing"/>
  </node>
  <node id="13816415639" lat="51.5123058" lon="-0.0862840"/>
  <node id="13816415640" lat="51.5122636" lon="-0.0861729"/>
  <node id="13816415641" lat="51.5122977" lon="-0.0862734">
    <tag k="barrier" v="kerb"/>
    <tag k="kerb" v="lowered"/>
    <tag k="tactile_paving" v="yes"/>
  </node>
  <node id="13816415642" lat="51.5122648" lon="-0.0861936">
    <tag k="barrier" v="kerb"/>
    <tag k="kerb" v="lowered"/>
    <tag k="tactile_paving" v="yes"/>
  </node>
  <node id="13816415643" lat="51.5126004" lon="-0.0859083"/>
  <node id="13816415644" lat="51.5127133" lon="-0.0858856"/>
  <node id="13816415645" lat="51.5128181" lon="-0.0858320"/>
  <node id="13816415646" lat="51.5125562" lon="-0.0858814"/>
  <node id="13816415647" lat="51.5126208" lon="-0.0858326"/>
  <node id="13816415648" lat="51.5127902" lon="-0.0857369"/>
  <node id="13816415649" lat="51.5126396" lon="-0.0858083"/>
  <node id="13816415650" lat="51.5126878" lon="-0.0844638"/>
  <node id="13816415651" lat="51.5125919" lon="-0.0845479"/>
  <node id="13816415652" lat="51.5122917" lon="-0.0847828"/>
  <node id="13816415653" lat="51.5120336" lon="-0.0849835"/>
  <node id="13816415654" lat="51.5119977" lon="-0.0850020"/>
  <node id="13816415655" lat="51.5120136" lon="-0.0849921"/>
  <node id="13816415656" lat="51.5118114" lon="-0.0852590">
    <tag k="barrier" v="kerb"/>
    <tag k="kerb" v="lowered"/>
    <tag k="tactile_paving" v="yes"/>
  </node>
  <node id="13816415657" lat="51.5117911" lon="-0.0851567">
    <tag k="barrier" v="kerb"/>
    <tag k="kerb" v="lowered"/>
    <tag k="tactile_paving" v="yes"/>
  </node>
  <node id="13816415658" lat="51.5118167" lon="-0.0852973"/>
  <node id="13816415659" lat="51.5117706" lon="-0.0874029"/>
  <node id="13816483456" lat="51.5126388" lon="-0.0872174"/>
  <node id="13816483457" lat="51.5126189" lon="-0.0872715"/>
  <node id="13816483458" lat="51.5126358" lon="-0.0872341"/>
  <node id="13816483459" lat="51.5126703" lon="-0.0873145"/>
  <node id="13816483460" lat="51.5126648" lon="-0.0872967">
    <tag k="barrier" v="kerb"/>
    <tag k="kerb" v="lowered"/>
  </node>
  <node id="13816483461" lat="51.5126433" lon="-0.0872402">
    <tag k="barrier" v="kerb"/>
    <tag k="kerb" v="lowered"/>
  </node>
  <node id="13816483462" lat="51.5138849" lon="-0.0870775"/>
  <node id="13816483463" lat="51.5139019" lon="-0.0870859">
    <tag k="barrier" v="kerb"/>
    <tag k="kerb" v="lowered"/>
  </node>
  <node id="13816483464" lat="51.5140207" lon="-0.0864351"/>
  <node id="13816483465" lat="51.5140585" lon="-0.0862936"/>
  <node id="13816483466" lat="51.5141163" lon="-0.0857563">
    <tag k="highway" v="crossing"/>
  </node>
  <node id="13816483467" lat="51.5140457" lon="-0.0863414"/>
  <node id="13816483468" lat="51.5140623" lon="-0.0863504">
    <tag k="barrier" v="kerb"/>
    <tag k="kerb" v="lowered"/>
  </node>
  <node id="13816483469" lat="51.5141005" lon="-0.0863669"/>
  <node id="13816483470" lat="51.5140771" lon="-0.0863567">
    <tag k="crossing" v="traffic_signals"/>
    <tag k="highway" v="crossing"/>
  </node>
  <node id="13816483471" lat="51.5133141" lon="-0.0862361"/>
  <node id="13816483472" lat="51.5133311" lon="-0.0862371">
    <tag k="barrier" v="kerb"/>
    <tag k="kerb" v="lowered"/>
  </node>
  <node id="13816483473" lat="51.5133145" lon="-0.0861952">
    <tag k="barrier" v="kerb"/>
    <tag k="kerb" v="lowered"/>
  </node>
  <node id="13816483474" lat="51.5133156" lon="-0.0861603"/>
  <node id="13816483475" lat="51.5133144" lon="-0.0862059"/>
  <node id="13816483476" lat="51.5132998" lon="-0.0861988"/>
  <node id="13816483477" lat="51.5131713" lon="-0.0862232"/>
  <node id="13816483478" lat="51.5130581" lon="-0.0862863"/>
  <node id="13816483479" lat="51.5127805" lon="-0.0864458"/>
  <node id="13816483480" lat="51.5124656" lon="-0.0866969"/>
  <node id="13816483481" lat="51.5124640" lon="-0.0866933">
    <tag k="barrier" v="kerb"/>
    <tag k="kerb" v="lowered"/>
  </node>
  <node id="13816483482" lat="51.5124578" lon="-0.0866799"/>
  <node id="13816483483" lat="51.5128535" lon="-0.0864039"/>
  <node id="13816483484" lat="51.5130725" lon="-0.0862783"/>
  <node id="13816483485" lat="51.5129491" lon="-0.0883586">
    <tag k="barrier" v="kerb"/>
    <tag k="kerb" v="lowered"/>
  </node>
  <node id="13816483486" lat="51.5129590" lon="-0.0883394"/>
  <node id="13816483487" lat="51.5128714" lon="-0.0882547">
    <tag k="barrier" v="kerb"/>
    <tag k="kerb" v="lowered"/>
  </node>
  <node id="13816483488" lat="51.5129996" lon="-0.0882393">
    <tag k="barrier" v="kerb"/>
    <tag k="kerb" v="lowered"/>
  </node>
  <node id="13816483489" lat="51.5126573" lon="-0.0872770">
    <tag k="crossing" v="unmarked"/>
    <tag k="crossing:markings" v="no"/>
    <tag k="highway" v="crossing"/>
  </node>
  <node id="13816483490" lat="51.5121908" lon="-0.0876572"/>
  <node id="13816483491" lat="51.5121776" lon="-0.0876868"/>
  <node id="13816483492" lat="51.5126563" lon="-0.0873101"/>
  <node id="13816483493" lat="51.5125126" lon="-0.0874199"/>
  <node id="13816483494" lat="51.5122321" lon="-0.0876442"/>
  <node id="13816483495" lat="51.5121815" lon="-0.0877552">
    <tag k="barrier" v="kerb"/>
    <tag k="kerb" v="lowered"/>
  </node>
  <node id="13816483496" lat="51.5121602" lon="-0.0877397">
    <tag k="barrier" v="kerb"/>
    <tag k="kerb" v="lowered"/>
  </node>
  <node id="13816483497" lat="51.5136660" lon="-0.0879769"/>
  <node id="13817011820" lat="51.5119930" lon="-0.0848977"/>
  <node id="13817011821" lat="51.5120367" lon="-0.0848814"/>
  <node id="13817011822" lat="51.5119585" lon="-0.0848937"/>
  <node id="13817011823" lat="51.5119404" lon="-0.0848746"/>
  <node id="13817011824" lat="51.5141721" lon="-0.0853942"/>
  <node id="13817011825" lat="51.5141539" lon="-0.0855160"/>
  <node id="13817011826" lat="51.5141730" lon="-0.0853827"/>
  <node id="13817011827" lat="51.5142033" lon="-0.0851451"/>
  <node id="13817011828" lat="51.5117299" lon="-0.0837928"/>
  <node id="13817011829" lat="51.5117201" lon="-0.0838041"/>
  <node id="13817011830" lat="51.5117426" lon="-0.0839608"/>
  <node id="13817011831" lat="51.5118125" lon="-0.0843589"/>
  <node id="13817011840" lat="51.5143969" lon="-0.0839487"/>
  <node id="13817011869" lat="51.5119015" lon="-0.0848983"/>
  <node id="13817011870" lat="51.5119200" lon="-0.0850067"/>
  <node id="13817011871" lat="51.5119331" lon="-0.0850394"/>
  <node id="13817011872" lat="51.5119466" lon="-0.0850519"/>
  <node id="13817011873" lat="51.5119684" lon="-0.0850410"/>
  <node id="13817011874" lat="51.5120034" lon="-0.0850233">
    <tag k="barrier" v="kerb"/>
    <tag k="kerb" v="lowered"/>
    <tag k="tactile_paving" v="yes"/>
  </node>
  <node id="13817011875" lat="51.5117277" lon="-0.0838864"/>
  <node id="13817011876" lat="51.5117209" lon="-0.0838520"/>
  <node id="13817011877" lat="51.5117157" lon="-0.0838240"/>
  <node id="13817011878" lat="51.5117158" lon="-0.0838130"/>
  <node id="13818112635" lat="51.5153096" lon="-0.0893715"/>
  <node id="13818112636" lat="51.5153106" lon="-0.0893631"/>
  <node id="13818112637" lat="51.5153106" lon="-0.0893461"/>
  <node id="13818112638" lat="51.5152922" lon="-0.0891856"/>
  <node id="13818112639" lat="51.5152410" lon="-0.0887247"/>
  <node id="13818112640" lat="51.5152104" lon="-0.0884308"/>
  <node id="13818112641" lat="51.5139516" lon="-0.0873933"/>
  <node id="13818112642" lat="51.5140014" lon="-0.0874230"/>
  <node id="13818112643" lat="51.5143267" lon="-0.0876439"/>
  <node id="13818112644" lat="51.5145686" lon="-0.0878107"/>
  <node id="13818112645" lat="51.5146051" lon="-0.0878491"/>
  <node id="13818112646" lat="51.5146151" lon="-0.0878339">
    <tag k="barrier" v="kerb"/>
    <tag k="kerb" v="lowered"/>
  </node>
  <node id="13819691419" lat="51.5128416" lon="-0.0901644"/>
  <node id="13819691420" lat="51.5127834" lon="-0.0901563"/>
  <node id="13819691421" lat="51.5117672" lon="-0.0907547"/>
  <node id="13819691422" lat="51.5123933" lon="-0.0903860"/>
  <node id="13819691423" lat="51.5119029" lon="-0.0906748"/>
  <node id="13819691424" lat="51.5130012" lon="-0.0914016">
    <tag k="barrier" v="kerb"/>
    <tag k="kerb" v="lowered"/>
  </node>
  <node id="13819691425" lat="51.5129825" lon="-0.0915009">
    <tag k="barrier" v="kerb"/>
    <tag k="kerb" v="lowered"/>
  </node>
  <node id="13819722415" lat="51.5136901" lon="-0.0906300"/>
  <node id="13819722416" lat="51.5136363" lon="-0.0906662"/>
  <node id="13819722417" lat="51.5136296" lon="-0.0906018"/>
  <node id="13819722418" lat="51.5137852" lon="-0.0904876"/>
  <node id="13819722419" lat="51.5137262" lon="-0.0906052"/>
  <node id="13819722420" lat="51.5138013" lon="-0.0905564"/>
  <node id="13819722421" lat="51.5138415" lon="-0.0905292"/>
  <node id="13819722422" lat="51.5137914" lon="-0.0905110">
    <tag k="highway" v="crossing"/>
  </node>
  <node id="13819722423" lat="51.5135978" lon="-0.0905367"/>
  <node id="13819722424" lat="51.5136121" lon="-0.0905946"/>
  <node id="13819722425" lat="51.5136169" lon="-0.0906000"/>
  <node id="13819722426" lat="51.5136225" lon="-0.0906029"/>
  <node id="13819722427" lat="51.5136260" lon="-0.0906819"/>
  <node id="13819722428" lat="51.5136287" lon="-0.0906747"/>
  <node id="13819722429" lat="51.5136319" lon="-0.0906707"/>
  <node id="13819722430" lat="51.5136305" lon="-0.0907097"/>
  <node id="13819722431" lat="51.5136282" lon="-0.0906943"/>
  <node id="13819722432" lat="51.5138384" lon="-0.0920947">
    <tag k="barrier" v="kerb"/>
    <tag k="kerb" v="flush"/>
  </node>
  <node id="13819722433" lat="51.5138261" lon="-0.0920158"/>
  <node id="13819722434" lat="51.5138394" lon="-0.0920267"/>
  <node id="13819722435" lat="51.5138569" lon="-0.0920361"/>
  <node id="13819722436" lat="51.5138738" lon="-0.0920410"/>
  <node id="13819722437" lat="51.5138869" lon="-0.0920433"/>
  <node id="13819722438" lat="51.5139301" lon="-0.0920283"/>
  <node id="13819722439" lat="51.5141869" lon="-0.0918988"/>
  <node id="13819722440" lat="51.5143768" lon="-0.0917871"/>
  <node id="13819722441" lat="51.5144199" lon="-0.0917628"/>
  <node id="13819722442" lat="51.5145246" lon="-0.0916840"/>
  <node id="13819722443" lat="51.5149643" lon="-0.0913749"/>
  <node id="13819722444" lat="51.5149742" lon="-0.0913610"/>
  <node id="13819722445" lat="51.5142889" lon="-0.0918407"/>
  <node id="13819722446" lat="51.5143414" lon="-0.0918082"/>
  <node id="13819722447" lat="51.5149602" lon="-0.0914239"/>
  <node id="13819722448" lat="51.5149707" lon="-0.0914262"/>
  <node id="13819722449" lat="51.5147324" lon="-0.0898589">
    <tag k="barrier" v="kerb"/>
    <tag k="kerb" v="lowered"/>
  </node>
  <node id="13819722450" lat="51.5147973" lon="-0.0899544">
    <tag k="barrier" v="kerb"/>
    <tag k="kerb" v="lowered"/>
  </node>
  <node id="13819722451" lat="51.5147015" lon="-0.0896604">
    <tag k="barrier" v="kerb"/>
    <tag k="kerb" v="lowered"/>
  </node>
  <node id="13819722452" lat="51.5148953" lon="-0.0897538"/>
  <node id="13819722453" lat="51.5150076" lon="-0.0902413"/>
  <node id="13819722454" lat="51.5149794" lon="-0.0902504"/>
  <node id="13819722455" lat="51.5149655" lon="-0.0902493"/>
  <node id="13819722456" lat="51.5149778" lon="-0.0903819"/>
  <node id="13819722457" lat="51.5148890" lon="-0.0899004">
    <tag k="barrier" v="kerb"/>
    <tag k="kerb" v="lowered"/>
  </node>
  <node id="13819722458" lat="51.5149023" lon="-0.0897131">
    <tag k="barrier" v="kerb"/>
    <tag k="kerb" v="lowered"/>
  </node>
  <node id="13819722465" lat="51.5133114" lon="-0.0898079"/>
  <node id="13819722466" lat="51.5143134" lon="-0.0923169"/>
  <node id="13819722467" lat="51.5143290" lon="-0.0923339"/>
  <node id="13819722468" lat="51.5143262" lon="-0.0923252"/>
  <node id="13819722469" lat="51.5143215" lon="-0.0923186"/>
  <node id="13819722470" lat="51.5144391" lon="-0.0917503"/>
  <node id="13819722471" lat="51.5149194" lon="-0.0897046"/>
  <node id="13819722472" lat="51.5148907" lon="-0.0897765"/>
  <node id="13819722473" lat="51.5148894" lon="-0.0897945"/>
  <node id="13820952587" lat="51.5139834" lon="-0.0872414">
    <tag k="barrier" v="kerb"/>
    <tag k="kerb" v="lowered"/>
    <tag k="tactile_paving" v="yes"/>
  </node>
  <node id="13820952588" lat="51.5139940" lon="-0.0872245"/>
  <node id="13820952589" lat="51.5139991" lon="-0.0872457"/>
  <node id="13820952590" lat="51.5140097" lon="-0.0872724"/>
  <node id="13820952591" lat="51.5140709" lon="-0.0873188"/>
  <node id="13820952592" lat="51.5143225" lon="-0.0875031"/>
  <node id="13820952593" lat="51.5146326" lon="-0.0876767"/>
  <node id="13820952594" lat="51.5147000" lon="-0.0884243">
    <tag k="barrier" v="kerb"/>
    <tag k="kerb" v="lowered"/>
    <tag k="tactile_paving" v="yes"/>
  </node>
  <node id="13820952595" lat="51.5152671" lon="-0.0884250"/>
  <node id="13820952596" lat="51.5152692" lon="-0.0885371"/>
  <node id="13820952597" lat="51.5152715" lon="-0.0886059"/>
  <node id="13820952598" lat="51.5152764" lon="-0.0886669"/>
  <node id="13820952599" lat="51.5153072" lon="-0.0889786"/>
  <node id="13820952600" lat="51.5153435" lon="-0.0892952"/>
  <node id="13820967101" lat="51.5153512" lon="-0.0893230"/>
  <node id="13820967102" lat="51.5153585" lon="-0.0893389"/>
  <node id="13820967103" lat="51.5153680" lon="-0.0893509"/>
  <node id="13821868872" lat="51.5139910" lon="-0.0872069"/>
  <node id="13821868873" lat="51.5140285" lon="-0.0869894"/>
  <node id="13821868874" lat="51.5140597" lon="-0.0868474"/>
  <node id="13821868875" lat="51.5141086" lon="-0.0866407"/>
  <node id="13821868876" lat="51.5141405" lon="-0.0865303"/>
  <node id="13821868877" lat="51.5141953" lon="-0.0863792"/>
  <node id="13821868878" lat="51.5142409" lon="-0.0862583"/>
  <node id="13821868879" lat="51.5142629" lon="-0.0862105"/>
  <node id="13821868880" lat="51.5143001" lon="-0.0861403"/>
  <node id="13821868881" lat="51.5144366" lon="-0.0859758"/>
  <node id="13821868882" lat="51.5145899" lon="-0.0857929"/>
  <node id="13821868883" lat="51.5147916" lon="-0.0855768"/>
  <node id="13821868884" lat="51.5148396" lon="-0.0855141"/>
  <node id="13821868885" lat="51.5148681" lon="-0.0854368">
    <tag k="highway" v="crossing"/>
  </node>
  <node id="13821868886" lat="51.5149512" lon="-0.0852056"/>
  <node id="13821868887" lat="51.5149897" lon="-0.0850623"/>
  <node id="13821868888" lat="51.5150182" lon="-0.0849735"/>
  <node id="13821868889" lat="51.5151077" lon="-0.0847989"/>
  <node id="13821868890" lat="51.5152471" lon="-0.0845999"/>
  <node id="13821868891" lat="51.5153121" lon="-0.0845199"/>
  <node id="13821868892" lat="51.5154120" lon="-0.0844319"/>
  <node id="13821868893" lat="51.5155172" lon="-0.0843370"/>
  <node id="13821868894" lat="51.5156799" lon="-0.0841939"/>
  <node id="13821868895" lat="51.5158438" lon="-0.0840765"/>
  <node id="13821868896" lat="51.5158509" lon="-0.0841224"/>
  <node id="13821868897" lat="51.5159533" lon="-0.0844685"/>
  <node id="13821868898" lat="51.5160685" lon="-0.0849982"/>
  <node id="13821868899" lat="51.5161229" lon="-0.0852406"/>
  <node id="13821868900" lat="51.5161913" lon="-0.0855631"/>
  <node id="13821903201" lat="51.5162278" lon="-0.0856899"/>
  <node id="13821903202" lat="51.5162485" lon="-0.0857106"/>
  <node id="13821903203" lat="51.5162867" lon="-0.0857023"/>
  <node id="13821903205" lat="51.5158227" lon="-0.0840713"/>
  <node id="13821903206" lat="51.5158340" lon="-0.0840658"/>
  <node id="13821903207" lat="51.5158501" lon="-0.0840680">
    <tag k="barrier" v="kerb"/>
    <tag k="kerb" v="flush"/>
  </node>
  <node id="13821903208" lat="51.5166718" lon="-0.0854718"/>
  <node id="13823021903" lat="51.5153575" lon="-0.0895440">
    <tag k="barrier" v="kerb"/>
    <tag k="kerb" v="lowered"/>
  </node>
  <node id="13823325381" lat="51.5125876" lon="-0.0885070"/>
  <node id="13823592926" lat="51.5160682" lon="-0.0910737"/>
  <node id="13823592928" lat="51.5159320" lon="-0.0909581"/>
  <node id="13823592944" lat="51.5158784" lon="-0.0909351"/>
  <node id="13823592945" lat="51.5157492" lon="-0.0909242"/>
  <node id="13823592946" lat="51.5157735" lon="-0.0909262"/>
  <node id="13823908568" lat="51.5159076" lon="-0.0841893"/>
  <node id="13823908569" lat="51.5158935" lon="-0.0841423"/>
  <node id="13823908570" lat="51.5158987" lon="-0.0840789"/>
  <node id="13823908571" lat="51.5160280" lon="-0.0839457"/>
  <node id="13823908585" lat="51.5160742" lon="-0.0847699"/>
  <node id="13823908595" lat="51.5158903" lon="-0.0841078"/>
  <node id="13823908596" lat="51.5160277" lon="-0.0845900"/>
  <node id="13830071958" lat="51.5156818" lon="-0.0941732"/>
  <node id="13830071961" lat="51.5155218" lon="-0.0934719"/>
  <node id="13830071962" lat="51.5155843" lon="-0.0937147"/>
  <node id="13830071967" lat="51.5154959" lon="-0.0933984"/>
  <node id="13830071968" lat="51.5154419" lon="-0.0932630"/>
  <node id="13830071969" lat="51.5162377" lon="-0.0931891"/>
  <node id="13830071971" lat="51.5155756" lon="-0.0931707"/>
  <node id="13830071972" lat="51.5156737" lon="-0.0931736"/>
  <node id="13830071973" lat="51.5157753" lon="-0.0929776"/>
  <node id="13830071975" lat="51.5160624" lon="-0.0929764"/>
  <node id="13830071976" lat="51.5154748" lon="-0.0929864"/>
  <node id="13830071978" lat="51.5162348" lon="-0.0930783"/>
  <node id="13830089602" lat="51.5159133" lon="-0.0910816"/>
  <node id="13830089603" lat="51.5164260" lon="-0.0914768"/>
  <node id="13830089622" lat="51.5154528" lon="-0.0931907"/>
  <node id="13830089623" lat="51.5154841" lon="-0.0931711"/>
  <node id="13830089624" lat="51.5154180" lon="-0.0931953"/>
  <node id="13830089625" lat="51.5154324" lon="-0.0929853"/>
  <node id="13830089626" lat="51.5153974" lon="-0.0929995"/>
  <node id="13830089639" lat="51.5154129" lon="-0.0910603"/>
  <node id="13830089640" lat="51.5154133" lon="-0.0910852"/>
  <node id="13830089641" lat="51.5154124" lon="-0.0911190">
    <tag k="barrier" v="bollard"/>
    <tag k="material" v="metal"/>
  </node>
  <node id="13830089642" lat="51.5154123" lon="-0.0911276"/>
  <node id="13830089643" lat="51.5154098" lon="-0.0912251"/>
  <node id="13830089644" lat="51.5154157" lon="-0.0913462"/>
  <node id="13830089648" lat="51.5154032" lon="-0.0918094"/>
  <node id="13830089661" lat="51.5160886" lon="-0.0931747"/>
  <node id="13830089662" lat="51.5158856" lon="-0.0931745"/>
  <node id="13830089663" lat="51.5157799" lon="-0.0931737"/>
  <node id="13906777453" lat="51.5131368" lon="-0.0943820"/>
  <node id="13919461711" lat="51.5144085" lon="-0.0929173"/>
  <node id="13919461712" lat="51.5138698" lon="-0.0920398"/>
  <node id="13919461713" lat="51.5142788" lon="-0.0908623"/>
  <node id="13988517052" lat="51.5161890" lon="-0.0930175"/>
  <node id="13988517053" lat="51.5159966" lon="-0.0930149"/>
  <node id="13988517054" lat="51.5162429" lon="-0.0931280">
    <tag k="crossing" v="unmarked"/>
    <tag k="crossing:markings" v="no"/>
    <tag k="highway" v="crossing"/>
  </node>
  <node id="13988517055" lat="51.5154749" lon="-0.0930169"/>
  <node id="13988517056" lat="51.5161089" lon="-0.0930134"/>
  <way id="554369">
    <nd ref="13078457364"/>
    <nd ref="24950109"/>
    <nd ref="2961540"/>
    <nd ref="4835108995"/>
    <nd ref="24950105"/>
    <nd ref="24950102"/>
    <nd ref="5925584203"/>
    <nd ref="24950101"/>
    <nd ref="2961557"/>
    <tag k="cycleway:right" v="lane"/>
    <tag k="disused:cycleway:left" v="lane"/>
    <tag k="highway" v="tertiary"/>
    <tag k="lit" v="yes"/>
    <tag k="maxspeed" v="20 mph"/>
    <tag k="name" v="King William Street"/>
    <tag k="name:etymology:wikidata" v="Q130822"/>
    <tag k="oneway" v="yes"/>
    <tag k="oneway:bicycle" v="no"/>
    <tag k="sidewalk" v="both"/>
    <tag k="surface" v="asphalt"/>
    <tag k="wikipedia" v="en:King William Street (London)"/>
  </way>
  <way id="554526">
    <nd ref="109414"/>
    <nd ref="11787344349"/>
    <nd ref="2961885"/>
    <nd ref="2961891"/>
    <nd ref="1312454086"/>
    <nd ref="11505262803"/>
    <nd ref="3215687074"/>
    <nd ref="11505262802"/>
    <nd ref="1547013730"/>
    <nd ref="1312453936"/>
    <nd ref="1312453879"/>
    <nd ref="1547013601"/>
    <nd ref="1547013760"/>
    <tag k="cycleway" v="no"/>
    <tag k="highway" v="tertiary"/>
    <tag k="lanes" v="2"/>
    <tag k="lit" v="yes"/>
    <tag k="maxspeed" v="20 mph"/>
    <tag k="name" v="Fenchurch Street"/>
    <tag k="old_ref" v="A1212"/>
    <tag k="postal_code" v="EC3"/>
    <tag k="sidewalk" v="both"/>
    <tag k="sidewalk:both:surface" v="paving_stones"/>
    <tag k="smoothness" v="good"/>
    <tag k="surface" v="asphalt"/>
    <tag k="wikidata" v="Q3068338"/>
  </way>
  <way id="3709266">
    <nd ref="18382242"/>
    <nd ref="268997560"/>
    <nd ref="7567588716"/>
    <nd ref="8869435257"/>
    <nd ref="24950093"/>
    <tag k="bus" v="yes"/>
    <tag k="highway" v="tertiary"/>
    <tag k="lanes" v="2"/>
    <tag k="lit" v="yes"/>
    <tag k="maxspeed" v="20 mph"/>
    <tag k="motor_vehicle:conditional" v="private @ (Mo-Fr 07:00-19:00)"/>
    <tag k="name" v="Poultry"/>
    <tag k="note" v="Signed as bicycles, buses and authorised vehicles only Mon-Fri 7am-7pm"/>
    <tag k="sidewalk:both" v="separate"/>
    <tag k="surface" v="asphalt"/>
    <tag k="taxi" v="yes"/>
    <tag k="wikidata" v="Q7235592"/>
  </way>
  <way id="3709269">
    <nd ref="1782717878"/>
    <nd ref="12754694107"/>
    <nd ref="3381130090"/>
    <nd ref="107587"/>
    <tag k="bicycle" v="yes"/>
    <tag k="bus" v="yes"/>
    <tag k="highway" v="tertiary"/>
    <tag k="lanes" v="2"/>
    <tag k="lanes:backward" v="1"/>
    <tag k="lanes:forward" v="1"/>
    <tag k="lit" v="yes"/>
    <tag k="maxspeed" v="20 mph"/>
    <tag k="name" v="Cornhill"/>
    <tag k="operator" v="City of London"/>
    <tag k="operator:wikidata" v="Q1094147"/>
    <tag k="postal_code" v="EC3"/>
    <tag k="sidewalk:both" v="separate"/>
    <tag k="smoothness" v="good"/>
    <tag k="surface" v="asphalt"/>
    <tag k="taxi" v="yes"/>
    <tag k="vehicle:conditional" v="no @ (Mo-Fr 07:00-19:00)"/>
    <tag k="wikidata" v="Q28846065"/>
  </way>
  <way id="3712711">
    <nd ref="5218862786"/>
    <nd ref="24950104"/>
    <nd ref="25248113"/>
    <nd ref="9030155654"/>
    <tag k="access" v="yes"/>
    <tag k="bicycle" v="yes"/>
    <tag k="cycleway:right" v="lane"/>
    <tag k="cycleway:right:oneway" v="-1"/>
    <tag k="foot" v="yes"/>
    <tag k="highway" v="tertiary"/>
    <tag k="horse" v="yes"/>
    <tag k="lane_markings" v="no"/>
    <tag k="lit" v="yes"/>
    <tag k="maxspeed" v="20 mph"/>
    <tag k="motor_vehicle" v="yes"/>
    <tag k="name" v="Lombard Street"/>
    <tag k="note" v="Not tertiary because of one-way"/>
    <tag k="oneway" v="yes"/>
    <tag k="oneway:bicycle" v="no"/>
    <tag k="sidewalk" v="both"/>
    <tag k="source:name" v="local knowledge"/>
    <tag k="surface" v="asphalt"/>
    <tag k="wikidata" v="Q1432321"/>
    <tag k="wikipedia" v="en:Lombard Street, London"/>
  </way>
  <way id="3712714">
    <nd ref="12027313108"/>
    <nd ref="18382242"/>
    <tag k="cycleway" v="opposite"/>
    <tag k="highway" v="residential"/>
    <tag k="lanes" v="1"/>
    <tag k="lit" v="yes"/>
    <tag k="maxspeed" v="20 mph"/>
    <tag k="name" v="Old Jewry"/>
    <tag k="oneway" v="yes"/>
    <tag k="oneway:bicycle" v="no"/>
    <tag k="postal_code" v="EC2"/>
    <tag k="ref:GB:usrn" v="8100397"/>
    <tag k="sidewalk:both" v="separate"/>
    <tag k="source:name" v="local knowledge"/>
    <tag k="surface" v="asphalt"/>
    <tag k="wikidata" v="Q7084306"/>
  </way>
  <way id="3712715">
    <nd ref="10677375"/>
    <nd ref="1684511955"/>
    <nd ref="1782724124"/>
    <nd ref="7836155864"/>
    <tag k="highway" v="tertiary"/>
    <tag k="lanes" v="2"/>
    <tag k="lit" v="yes"/>
    <tag k="maxspeed" v="20 mph"/>
    <tag k="name" v="Gresham Street"/>
    <tag k="name:etymology:wikidata" v="Q318673"/>
    <tag k="postal_code" v="EC2"/>
    <tag k="ref:GB:usrn" v="8100255"/>
    <tag k="sidewalk:both" v="separate"/>
    <tag k="source:name" v="local knowledge"/>
    <tag k="surface" v="asphalt"/>
    <tag k="wikidata" v="Q5607603"/>
  </way>
  <way id="3712716">
    <nd ref="11018990299"/>
    <nd ref="2902624645"/>
    <nd ref="4835108996"/>
    <nd ref="1144619335"/>
    <nd ref="4835108997"/>
    <nd ref="7223326412"/>
    <tag k="foot" v="yes"/>
    <tag k="highway" v="tertiary"/>
    <tag k="lanes" v="2"/>
    <tag k="lit" v="yes"/>
    <tag k="maxspeed" v="20 mph"/>
    <tag k="name" v="Princes Street"/>
    <tag k="not:name" v="Prince's Street"/>
    <tag k="oneway" v="no"/>
    <tag k="proposed:highway" v="service"/>
    <tag k="proposed:oneway" v="yes"/>
    <tag k="proposed:oneway:bicycle" v="no"/>
    <tag k="proposed:oneway:bus" v="no"/>
    <tag k="sidewalk:both" v="separate"/>
    <tag k="source:name" v="local knowledge;street sign;web"/>
    <tag k="surface" v="asphalt"/>
  </way>
  <way id="3713142">
    <nd ref="11083837094"/>
    <nd ref="13235696109"/>
    <nd ref="2387195347"/>
    <nd ref="2387195344"/>
    <nd ref="11083837088"/>
    <nd ref="12905378689"/>
    <nd ref="2387194150"/>
    <tag k="bicycle" v="designated"/>
    <tag k="foot" v="designated"/>
    <tag k="highway" v="cycleway"/>
    <tag k="lit" v="yes"/>
    <tag k="name" v="Queen Street"/>
    <tag k="name:etymology:wikidata" v="Q176253"/>
    <tag k="oneway" v="no"/>
    <tag k="segregated" v="no"/>
    <tag k="surface" v="paving_stones"/>
  </way>
  <way id="3713143">
    <nd ref="18395287"/>
    <nd ref="11081677232"/>
    <nd ref="12042516119"/>
    <tag k="highway" v="residential"/>
    <tag k="maxspeed" v="20 mph"/>
    <tag k="name" v="Frederick's Place"/>
    <tag k="name:etymology:wikidata" v="Q14809005"/>
    <tag k="postal_code" v="EC2R 8AB"/>
    <tag k="surface" v="paving_stones"/>
  </way>
  <way id="3713146">
    <nd ref="104322"/>
    <nd ref="7553887409"/>
    <nd ref="1771426173"/>
    <tag k="cycleway" v="opposite"/>
    <tag k="highway" v="tertiary"/>
    <tag k="lit" v="yes"/>
    <tag k="maxspeed" v="20 mph"/>
    <tag k="name" v="King Street"/>
    <tag k="name:etymology:wikidata" v="Q122553"/>
    <tag k="oneway" v="yes"/>
    <tag k="oneway:bicycle" v="no"/>
    <tag k="postal_code" v="EC2"/>
    <tag k="ref:GB:usrn" v="8100301"/>
    <tag k="sidewalk:both" v="separate"/>
    <tag k="source:name" v="local knowledge"/>
    <tag k="surface" v="asphalt"/>
    <tag k="wikidata" v="Q65925639"/>
  </way>
  <way id="3713823">
    <nd ref="9042026424"/>
    <nd ref="25161371"/>
    <nd ref="28800667"/>
    <nd ref="13022543577"/>
    <nd ref="18393873"/>
    <nd ref="21307200"/>
    <tag k="highway" v="tertiary"/>
    <tag k="lanes" v="2"/>
    <tag k="lit" v="yes"/>
    <tag k="maxspeed" v="20 mph"/>
    <tag k="name" v="Gresham Street"/>
    <tag k="name:etymology:wikidata" v="Q318673"/>
    <tag k="postal_code" v="EC2"/>
    <tag k="ref:GB:usrn" v="8100255"/>
    <tag k="sidewalk:both" v="separate"/>
    <tag k="source:name" v="local knowledge"/>
    <tag k="surface" v="asphalt"/>
    <tag k="wikidata" v="Q5607603"/>
  </way>
  <way id="3727758">
    <nd ref="2387194128"/>
    <nd ref="13237810194"/>
    <nd ref="2387194150"/>
    <tag k="highway" v="tertiary"/>
    <tag k="lanes" v="2"/>
    <tag k="lit" v="yes"/>
    <tag k="maxspeed" v="20 mph"/>
    <tag k="name" v="Queen Street"/>
    <tag k="name:etymology:wikidata" v="Q176253"/>
    <tag k="postal_code" v="EC4"/>
    <tag k="sidewalk" v="no"/>
    <tag k="surface" v="asphalt"/>
  </way>
  <way id="3959460">
    <nd ref="107628"/>
    <nd ref="1951616297"/>
    <nd ref="5473273435"/>
    <tag k="cycleway:left" v="no"/>
    <tag k="dual_carriageway" v="yes"/>
    <tag k="highway" v="primary"/>
    <tag k="lit" v="yes"/>
    <tag k="maxspeed" v="20 mph"/>
    <tag k="motor_vehicle:conditional" v="no @ (Mo-Fr 07:00-19:00)"/>
    <tag k="name" v="Gracechurch Street"/>
    <tag k="oneway" v="yes"/>
    <tag k="operator" v="Transport for London"/>
    <tag k="operator:wikidata" v="Q682520"/>
    <tag k="postal_code" v="EC3"/>
    <tag k="ref" v="A1213"/>
    <tag k="sidewalk:left" v="separate"/>
    <tag k="sidewalk:right" v="no"/>
    <tag k="surface" v="asphalt"/>
    <tag k="wikidata" v="Q5591440"/>
    <tag k="wikipedia" v="en:Gracechurch Street"/>
  </way>
  <way id="3959461">
    <nd ref="20458277"/>
    <nd ref="13821868884"/>
    <nd ref="7926563545"/>
    <nd ref="2490721964"/>
    <nd ref="1571298195"/>
    <nd ref="1571298141"/>
    <nd ref="20458276"/>
    <nd ref="250326914"/>
    <nd ref="1401416208"/>
    <nd ref="8868010171"/>
    <nd ref="8868010162"/>
    <nd ref="250327159"/>
    <nd ref="9856119637"/>
    <nd ref="18469132"/>
    <tag k="access" v="no"/>
    <tag k="bicycle" v="yes"/>
    <tag k="cycleway" v="opposite"/>
    <tag k="foot" v="yes"/>
    <tag k="highway" v="pedestrian"/>
    <tag k="horse" v="unknown"/>
    <tag k="maxspeed" v="20 mph"/>
    <tag k="motor_vehicle" v="no"/>
    <tag k="name" v="Throgmorton Street"/>
    <tag k="name:etymology:wikidata" v="Q715321"/>
    <tag k="oneway" v="yes"/>
    <tag k="oneway:bicycle" v="no"/>
    <tag k="sidewalk" v="both"/>
    <tag k="source:cycleway" v="http://www.cityoflondon.gov.uk/services/transport-and-streets/traffic-management/Pages/contra-flow-cycling.aspx"/>
    <tag k="surface" v="paving_stones"/>
  </way>
  <way id="3959462">
    <nd ref="10677377"/>
    <nd ref="7082240198"/>
    <nd ref="10996322072"/>
    <tag k="highway" v="unclassified"/>
    <tag k="lanes" v="1"/>
    <tag k="lit" v="yes"/>
    <tag k="maxspeed" v="20 mph"/>
    <tag k="name" v="Old Broad Street"/>
    <tag k="oneway" v="yes"/>
    <tag k="ref:GB:usrn" v="8100395"/>
    <tag k="sidewalk" v="both"/>
    <tag k="surface" v="asphalt"/>
    <tag k="was:highway" v="tertiary"/>
  </way>
  <way id="3959463">
    <nd ref="11872569337"/>
    <nd ref="12085027784"/>
    <nd ref="12013026830"/>
    <nd ref="2642878568"/>
    <nd ref="18469132"/>
    <tag k="highway" v="unclassified"/>
    <tag k="lane_markings" v="yes"/>
    <tag k="lanes" v="2"/>
    <tag k="lit" v="yes"/>
    <tag k="maxspeed" v="20 mph"/>
    <tag k="name" v="Bartholomew Lane"/>
    <tag k="name:etymology:wikidata" v="Q7592615"/>
    <tag k="sidewalk:both" v="separate"/>
    <tag k="surface" v="asphalt"/>
  </way>
  <way id="3998353">
    <nd ref="12769325489"/>
    <nd ref="24950117"/>
    <nd ref="1721678995"/>
    <nd ref="25161346"/>
    <tag k="bicycle" v="yes"/>
    <tag k="highway" v="unclassified"/>
    <tag k="lanes" v="2"/>
    <tag k="lit" v="yes"/>
    <tag k="maxspeed" v="20 mph"/>
    <tag k="name" v="Cheapside"/>
    <tag k="oneway" v="no"/>
    <tag k="postal_code" v="EC2"/>
    <tag k="sidewalk:both" v="separate"/>
    <tag k="surface" v="asphalt"/>
    <tag k="was:highway" v="tertiary"/>
    <tag k="wikidata" v="Q1068693"/>
  </way>
  <way id="4018975">
    <nd ref="9030155753"/>
    <nd ref="11081568984"/>
    <nd ref="11081569000"/>
    <nd ref="21990632"/>
    <nd ref="11081569002"/>
    <nd ref="1718566880"/>
    <nd ref="21990631"/>
    <tag k="cycleway:right" v="lane"/>
    <tag k="cycleway:right:oneway" v="-1"/>
    <tag k="highway" v="unclassified"/>
    <tag k="lanes" v="1"/>
    <tag k="lit" v="yes"/>
    <tag k="maxspeed" v="20 mph"/>
    <tag k="name" v="Coleman Street"/>
    <tag k="oneway" v="yes"/>
    <tag k="oneway:bicycle" v="no"/>
    <tag k="postal_code" v="EC2"/>
    <tag k="ref:GB:usrn" v="8100141"/>
    <tag k="sidewalk:both" v="separate"/>
    <tag k="surface" v="asphalt"/>
    <tag k="wikidata" v="Q28846054"/>
  </way>
  <way id="4211205">
    <nd ref="24949776"/>
    <nd ref="13819722422"/>
    <nd ref="8869435266"/>
    <nd ref="8869435257"/>
    <tag k="highway" v="residential"/>
    <tag k="maxspeed" v="20 mph"/>
    <tag k="name" v="Grocers' Hall Court"/>
    <tag k="surface" v="asphalt"/>
  </way>
  <way id="4211225">
    <nd ref="5473274895"/>
    <nd ref="1733389217"/>
    <nd ref="1312264512"/>
    <nd ref="1733389249"/>
    <nd ref="5334381837"/>
    <tag k="highway" v="footway"/>
    <tag k="layer" v="-1"/>
    <tag k="name" v="Bucklersbury Passage"/>
    <tag k="surface" v="paving_stones"/>
  </way>
  <way id="4211226">
    <nd ref="2387226304"/>
    <nd ref="2387226311"/>
    <nd ref="2387226313"/>
    <nd ref="24659947"/>
    <tag k="cycleway:both" v="no"/>
    <tag k="highway" v="unclassified"/>
    <tag k="lanes" v="1"/>
    <tag k="lit" v="yes"/>
    <tag k="maxspeed" v="20 mph"/>
    <tag k="name" v="Bucklersbury"/>
    <tag k="oneway" v="yes"/>
    <tag k="oneway:bicycle" v="no"/>
    <tag k="sidewalk" v="both"/>
    <tag k="surface" v="paving_stones"/>
  </way>
  <way id="4211227">
    <nd ref="24659947"/>
    <nd ref="1311961990"/>
    <nd ref="24659907"/>
    <nd ref="1046391070"/>
    <nd ref="5473274866"/>
    <nd ref="4866976617"/>
    <nd ref="1733389278"/>
    <tag k="highway" v="unclassified"/>
    <tag k="lanes" v="1"/>
    <tag k="maxspeed" v="20 mph"/>
    <tag k="name" v="Walbrook"/>
    <tag k="oneway" v="yes"/>
    <tag k="sidewalk" v="both"/>
    <tag k="surface" v="paving_stones"/>
  </way>
  <way id="4211233">
    <nd ref="24949780"/>
    <nd ref="6948380395"/>
    <tag k="bicycle" v="yes"/>
    <tag k="foot" v="yes"/>
    <tag k="highway" v="unclassified"/>
    <tag k="lane_markings" v="no"/>
    <tag k="maxspeed" v="20 mph"/>
    <tag k="name" v="Walbrook"/>
    <tag k="sidewalk" v="both"/>
    <tag k="surface" v="paving_stones"/>
  </way>
  <way id="4211234">
    <nd ref="6948380395"/>
    <nd ref="6948380401"/>
    <nd ref="6948380397"/>
    <nd ref="3100169050"/>
    <nd ref="3100169049"/>
    <tag k="bicycle" v="yes"/>
    <tag k="cycleway:both" v="no"/>
    <tag k="highway" v="pedestrian"/>
    <tag k="name" v="Walbrook"/>
    <tag k="oneway" v="yes"/>
    <tag k="oneway:bicycle" v="no"/>
    <tag k="sidewalk" v="both"/>
    <tag k="surface" v="paving_stones"/>
  </way>
  <way id="4211247">
    <nd ref="6948380401"/>
    <nd ref="24950002"/>
    <nd ref="24950001"/>
    <tag k="highway" v="footway"/>
    <tag k="name" v="Bond Court"/>
    <tag k="surface" v="paving_stones"/>
  </way>
  <way id="4211248">
    <nd ref="9476618294"/>
    <nd ref="1746435089"/>
    <nd ref="5094718798"/>
    <nd ref="24949861"/>
    <nd ref="9476618296"/>
    <tag k="access" v="no"/>
    <tag k="highway" v="footway"/>
    <tag k="name" v="St Stephen's Row"/>
    <tag k="surface" v="paved"/>
  </way>
  <way id="4211249">
    <nd ref="24659709"/>
    <nd ref="11083872816"/>
    <nd ref="1762163776"/>
    <tag k="highway" v="pedestrian"/>
    <tag k="lit" v="yes"/>
    <tag k="motor_vehicle" v="destination"/>
    <tag k="name" v="Mansion House Place"/>
    <tag k="name:etymology:wikidata" v="Q1786933"/>
    <tag k="service" v="alley"/>
    <tag k="smoothness" v="excellent"/>
    <tag k="surface" v="paving_stones"/>
  </way>
  <way id="4211250">
    <nd ref="24950101"/>
    <nd ref="8807431560"/>
    <nd ref="1731216865"/>
    <nd ref="4866705606"/>
    <nd ref="24659709"/>
    <nd ref="4866705607"/>
    <nd ref="24659736"/>
    <nd ref="1569241807"/>
    <nd ref="1569241808"/>
    <nd ref="11097085167"/>
    <nd ref="24659764"/>
    <nd ref="7906964248"/>
    <tag k="access" v="no"/>
    <tag k="cycleway" v="opposite"/>
    <tag k="foot" v="yes"/>
    <tag k="highway" v="unclassified"/>
    <tag k="maxspeed" v="20 mph"/>
    <tag k="motor_vehicle" v="no"/>
    <tag k="name" v="St Swithin's Lane"/>
    <tag k="oneway" v="yes"/>
    <tag k="oneway:bicycle" v="no"/>
    <tag k="sidewalk:both" v="separate"/>
    <tag k="surface" v="paving_stones"/>
  </way>
  <way id="4211251">
    <nd ref="7906964249"/>
    <nd ref="5141625728"/>
    <nd ref="10729721861"/>
    <nd ref="24949808"/>
    <tag k="highway" v="service"/>
    <tag k="maxspeed" v="20 mph"/>
    <tag k="name" v="Salters' Hall Court"/>
    <tag k="note" v="Nowadays the Salters' Hall is no longer on this site."/>
    <tag k="sidewalk:both" v="no"/>
    <tag k="surface" v="asphalt"/>
  </way>
  <way id="4211263">
    <nd ref="24950105"/>
    <nd ref="5095547321"/>
    <nd ref="8807431559"/>
    <nd ref="1951616327"/>
    <nd ref="5095547180"/>
    <nd ref="5095547184"/>
    <nd ref="24950005"/>
    <nd ref="24950013"/>
    <nd ref="24950048"/>
    <tag k="highway" v="unclassified"/>
    <tag k="maxspeed" v="20 mph"/>
    <tag k="name" v="Sherborne Lane"/>
    <tag k="sidewalk:both" v="separate"/>
    <tag k="surface" v="asphalt"/>
  </way>
  <way id="4211264">
    <nd ref="24950048"/>
    <nd ref="11104960049"/>
    <nd ref="24950049"/>
    <nd ref="11104960040"/>
    <nd ref="24950050"/>
    <tag k="highway" v="footway"/>
    <tag k="name" v="Abchurch Yard"/>
    <tag k="name:etymology:wikidata" v="Q7594555"/>
    <tag k="surface" v="paved"/>
  </way>
  <way id="4211265">
    <nd ref="107634"/>
    <nd ref="11097085169"/>
    <nd ref="2389802901"/>
    <nd ref="2279592862"/>
    <nd ref="24950050"/>
    <nd ref="2389802904"/>
    <nd ref="24950051"/>
    <nd ref="11019016297"/>
    <tag k="cycleway" v="opposite"/>
    <tag k="highway" v="unclassified"/>
    <tag k="maxspeed" v="20 mph"/>
    <tag k="name" v="Abchurch Lane"/>
    <tag k="name:etymology:wikidata" v="Q7594555"/>
    <tag k="oneway" v="yes"/>
    <tag k="oneway:bicycle" v="no"/>
    <tag k="sidewalk:both" v="separate"/>
    <tag k="surface" v="asphalt"/>
  </way>
  <way id="4211266">
    <nd ref="5141354388"/>
    <nd ref="10785705963"/>
    <nd ref="10726163586"/>
    <tag k="bicycle" v="yes"/>
    <tag k="highway" v="pedestrian"/>
    <tag k="name" v="Nicholas Lane"/>
    <tag k="postal_code" v="EC4"/>
    <tag k="surface" v="paving_stones"/>
  </way>
  <way id="4211268">
    <nd ref="2961549"/>
    <nd ref="385311590"/>
    <nd ref="12905496409"/>
    <nd ref="9693920795"/>
    <tag k="cycleway" v="opposite"/>
    <tag k="highway" v="unclassified"/>
    <tag k="lane_markings" v="no"/>
    <tag k="lit" v="yes"/>
    <tag k="maxspeed" v="20 mph"/>
    <tag k="name" v="Nicholas Lane"/>
    <tag k="oneway" v="yes"/>
    <tag k="oneway:bicycle" v="no"/>
    <tag k="sidewalk" v="both"/>
    <tag k="source:width" v="ARCore"/>
    <tag k="surface" v="asphalt"/>
    <tag k="width" v="4.1"/>
  </way>
  <way id="4211269">
    <nd ref="24950110"/>
    <nd ref="13816415634"/>
    <nd ref="9693920803"/>
    <nd ref="9693920802"/>
    <nd ref="9693920801"/>
    <nd ref="24660863"/>
    <tag k="highway" v="unclassified"/>
    <tag k="lane_markings" v="no"/>
    <tag k="lit" v="yes"/>
    <tag k="maxspeed" v="20 mph"/>
    <tag k="name" v="Nicholas Lane"/>
    <tag k="oneway" v="no"/>
    <tag k="sidewalk" v="both"/>
    <tag k="source:width" v="ARCore"/>
    <tag k="surface" v="asphalt"/>
    <tag k="width" v="4.7"/>
  </way>
  <way id="4211270">
    <nd ref="24660863"/>
    <nd ref="12905496405"/>
    <nd ref="12905496406"/>
    <nd ref="24950698"/>
    <nd ref="1312188972"/>
    <nd ref="1312188669"/>
    <nd ref="24950699"/>
    <nd ref="5473272884"/>
    <nd ref="13816483491"/>
    <nd ref="24661273"/>
    <tag k="highway" v="footway"/>
    <tag k="name" v="Nicholas Passage"/>
    <tag k="surface" v="paving_stones"/>
  </way>
  <way id="4211271">
    <nd ref="24950112"/>
    <nd ref="13816415638"/>
    <nd ref="13167973031"/>
    <nd ref="24950064"/>
    <nd ref="24660697"/>
    <nd ref="12905474500"/>
    <nd ref="12905496401"/>
    <nd ref="5473273425"/>
    <nd ref="1569216662"/>
    <nd ref="24950114"/>
    <tag k="highway" v="unclassified"/>
    <tag k="lane_markings" v="no"/>
    <tag k="maxspeed" v="20 mph"/>
    <tag k="name" v="Clements Lane"/>
    <tag k="name:etymology:wikidata" v="Q7592845"/>
    <tag k="not:name" v="Clement's Lane"/>
    <tag k="oneway" v="yes"/>
    <tag k="oneway:bicycle" v="no"/>
    <tag k="sidewalk" v="both"/>
    <tag k="source:cycleway" v="http://www.cityoflondon.gov.uk/services/transport-and-streets/traffic-management/Pages/contra-flow-cycling.aspx"/>
    <tag k="surface" v="asphalt"/>
    <tag k="width" v="4"/>
    <tag k="wikidata" v="Q65924069"/>
  </way>
  <way id="4211272">
    <nd ref="24660697"/>
    <nd ref="13816415608"/>
    <nd ref="24950067"/>
    <nd ref="3061197976"/>
    <tag k="foot" v="yes"/>
    <tag k="highway" v="footway"/>
    <tag k="name" v="St. Clement's Court"/>
    <tag k="source" v="survey"/>
    <tag k="surface" v="paving_stones"/>
  </way>
  <way id="4211314">
    <nd ref="24950064"/>
    <nd ref="5218844446"/>
    <tag k="highway" v="unclassified"/>
    <tag k="maxspeed" v="20 mph"/>
    <tag k="name" v="Lombard Court"/>
    <tag k="surface" v="asphalt"/>
  </way>
  <way id="4211318">
    <nd ref="5473274724"/>
    <nd ref="24950057"/>
    <nd ref="1312189026"/>
    <nd ref="1312188839"/>
    <nd ref="24950058"/>
    <nd ref="5473274794"/>
    <nd ref="7623864534"/>
    <nd ref="12905474484"/>
    <nd ref="24950104"/>
    <tag k="highway" v="footway"/>
    <tag k="name" v="Post Office Court"/>
    <tag k="surface" v="paving_stones"/>
  </way>
  <way id="4211332">
    <nd ref="11733338215"/>
    <nd ref="1938819337"/>
    <nd ref="8807429663"/>
    <nd ref="2387210650"/>
    <nd ref="25161350"/>
    <nd ref="12122648316"/>
    <nd ref="24658010"/>
    <nd ref="24658007"/>
    <nd ref="25161367"/>
    <nd ref="25161349"/>
    <nd ref="24658003"/>
    <nd ref="1719899668"/>
    <nd ref="9856119644"/>
    <tag k="bicycle" v="yes"/>
    <tag k="highway" v="pedestrian"/>
    <tag k="lit" v="yes"/>
    <tag k="name" v="Bow Lane"/>
    <tag k="name:etymology:wikidata" v="Q2301992"/>
    <tag k="oneway" v="yes"/>
    <tag k="sidewalk:both" v="yes"/>
    <tag k="surface" v="paving_stones"/>
  </way>
  <way id="4211333">
    <nd ref="24658010"/>
    <nd ref="13906777453"/>
    <nd ref="18468953"/>
    <tag k="bicycle" v="yes"/>
    <tag k="highway" v="pedestrian"/>
    <tag k="historic" v="roman_road"/>
    <tag k="lit" v="yes"/>
    <tag k="maxspeed" v="20 mph"/>
    <tag k="name" v="Watling Street"/>
    <tag k="oneway" v="yes"/>
    <tag k="ref:GB:usrn" v="8100561"/>
    <tag k="sidewalk" v="both"/>
    <tag k="surface" v="paving_stones"/>
    <tag k="wikidata" v="Q65924241"/>
  </way>
  <way id="4211334">
    <nd ref="24950107"/>
    <nd ref="13816483489"/>
    <nd ref="12905496408"/>
    <nd ref="2195965723"/>
    <nd ref="24661273"/>
    <nd ref="12905496412"/>
    <nd ref="2961540"/>
    <tag k="access" v="yes"/>
    <tag k="cycleway:both" v="no"/>
    <tag k="highway" v="unclassified"/>
    <tag k="lane_markings" v="no"/>
    <tag k="lit" v="yes"/>
    <tag k="maxspeed" v="20 mph"/>
    <tag k="name" v="Abchurch Lane"/>
    <tag k="name:etymology:wikidata" v="Q7594555"/>
    <tag k="oneway" v="yes"/>
    <tag k="oneway:bicycle" v="no"/>
    <tag k="source:cycleway" v="http://www.cityoflondon.gov.uk/services/transport-and-streets/traffic-management/Pages/contra-flow-cycling.aspx"/>
    <tag k="surface" v="asphalt"/>
  </way>
  <way id="4215919">
    <nd ref="24951721"/>
    <nd ref="13167973033"/>
    <nd ref="5222453735"/>
    <tag k="highway" v="footway"/>
    <tag k="name" v="Plough Court"/>
    <tag k="surface" v="paving_stones"/>
  </way>
  <way id="4223925">
    <nd ref="25161356"/>
    <nd ref="13812694667"/>
    <nd ref="11097085184"/>
    <nd ref="25161357"/>
    <tag k="highway" v="unclassified"/>
    <tag k="lanes" v="2"/>
    <tag k="lit" v="yes"/>
    <tag k="maxspeed" v="20 mph"/>
    <tag k="name" v="Queen Street"/>
    <tag k="sidewalk:both" v="separate"/>
    <tag k="source:name" v="local knowledge"/>
    <tag k="surface" v="asphalt"/>
  </way>
  <way id="4223929">
    <nd ref="24658007"/>
    <nd ref="1719899591"/>
    <tag k="highway" v="footway"/>
    <tag k="name" v="Groveland Court"/>
    <tag k="source:name" v="local knowledge"/>
  </way>
  <way id="4223930">
    <nd ref="4922952372"/>
    <nd ref="6117895977"/>
    <nd ref="1046334318"/>
    <nd ref="6117895984"/>
    <nd ref="25066334"/>
    <nd ref="6117895978"/>
    <nd ref="25066333"/>
    <nd ref="24658003"/>
    <tag k="highway" v="footway"/>
    <tag k="lit" v="no"/>
    <tag k="name" v="Bow Churchyard"/>
    <tag k="name:etymology:wikidata" v="Q2301992"/>
    <tag k="postal_code" v="EC4"/>
    <tag k="smoothness" v="excellent"/>
    <tag k="source:name" v="local knowledge"/>
    <tag k="surface" v="paving_stones"/>
  </way>
  <way id="4223931">
    <nd ref="11079475762"/>
    <nd ref="1721678987"/>
    <tag k="highway" v="footway"/>
    <tag k="name" v="Crown Court"/>
    <tag k="postal_code" v="EC2"/>
    <tag k="source:name" v="local knowledge"/>
  </way>
  <way id="4223932">
    <nd ref="25161349"/>
    <nd ref="5087519098"/>
    <tag k="highway" v="footway"/>
    <tag k="lit" v="yes"/>
    <tag k="name" v="Well Court"/>
    <tag k="source:name" v="local knowledge"/>
    <tag k="surface" v="paved"/>
  </way>
  <way id="4223933">
    <nd ref="25066412"/>
    <nd ref="25066338"/>
    <nd ref="5087519104"/>
    <nd ref="11079664629"/>
    <tag k="highway" v="unclassified"/>
    <tag k="maxspeed" v="20 mph"/>
    <tag k="name" v="Well Court"/>
    <tag k="postal_code" v="EC4"/>
    <tag k="sidewalk:left" v="separate"/>
    <tag k="sidewalk:right" v="no"/>
    <tag k="surface" v="paving_stones"/>
  </way>
  <way id="4223934">
    <nd ref="25066419"/>
    <nd ref="5090420614"/>
    <nd ref="5090420940"/>
    <nd ref="11083837072"/>
    <nd ref="5090420965"/>
    <tag k="highway" v="unclassified"/>
    <tag k="lane_markings" v="no"/>
    <tag k="maxspeed" v="20 mph"/>
    <tag k="name" v="Pancras Lane"/>
    <tag k="name:etymology:wikidata" v="Q7595031"/>
    <tag k="sidewalk:both" v="separate"/>
    <tag k="source:name" v="local knowledge"/>
    <tag k="surface" v="paving_stones"/>
  </way>
  <way id="4223935">
    <nd ref="25161348"/>
    <nd ref="8807429665"/>
    <nd ref="5090420959"/>
    <nd ref="8807429660"/>
    <nd ref="5090420958"/>
    <nd ref="5090420964"/>
    <nd ref="12905378682"/>
    <nd ref="25066419"/>
    <tag k="cycleway:both" v="no"/>
    <tag k="highway" v="unclassified"/>
    <tag k="lane_markings" v="no"/>
    <tag k="maxspeed" v="20 mph"/>
    <tag k="name" v="Sise Lane"/>
    <tag k="sidewalk:both" v="separate"/>
    <tag k="source:name" v="local knowledge"/>
    <tag k="surface" v="paving_stones"/>
  </way>
  <way id="4223936">
    <nd ref="25066451"/>
    <nd ref="11081677227"/>
    <nd ref="5224610576"/>
    <tag k="highway" v="footway"/>
    <tag k="name" v="St. Olave's Court"/>
    <tag k="source:name" v="local knowledge;survey"/>
    <tag k="survey:date" v="2015-03-06"/>
  </way>
  <way id="4223937">
    <nd ref="25161371"/>
    <nd ref="9856119636"/>
    <nd ref="1717650794"/>
    <nd ref="25066451"/>
    <nd ref="25066453"/>
    <nd ref="25066450"/>
    <nd ref="13260285731"/>
    <tag k="cycleway:both" v="no"/>
    <tag k="highway" v="residential"/>
    <tag k="lanes" v="1"/>
    <tag k="lit" v="yes"/>
    <tag k="maxspeed" v="20 mph"/>
    <tag k="name" v="Ironmonger Lane"/>
    <tag k="oneway" v="yes"/>
    <tag k="oneway:bicycle" v="no"/>
    <tag k="postal_code" v="EC2"/>
    <tag k="ref:GB:usrn" v="8100296"/>
    <tag k="sidewalk:left" v="yes"/>
    <tag k="sidewalk:right" v="separate"/>
    <tag k="source:name" v="local knowledge"/>
    <tag k="surface" v="paving_stones"/>
    <tag k="wikidata" v="Q6073210"/>
  </way>
  <way id="4223939">
    <nd ref="25161369"/>
    <nd ref="1684511897"/>
    <tag k="highway" v="footway"/>
    <tag k="name" v="Prudent Passage"/>
    <tag k="postal_code" v="EC2"/>
    <tag k="ref:GB:usrn" v="8100435"/>
    <tag k="source:name" v="local knowledge"/>
    <tag k="wikidata" v="Q66146906"/>
  </way>
  <way id="4223940">
    <nd ref="2218340965"/>
    <nd ref="10785674868"/>
    <nd ref="10603058332"/>
    <nd ref="25066457"/>
    <tag k="highway" v="residential"/>
    <tag k="lit" v="no"/>
    <tag k="maxspeed" v="20 mph"/>
    <tag k="name" v="St. Mildred's Court"/>
    <tag k="source:name" v="local knowledge"/>
    <tag k="surface" v="concrete"/>
  </way>
  <way id="4223941">
    <nd ref="25161350"/>
    <nd ref="1719875252"/>
    <nd ref="11079664617"/>
    <nd ref="8807429647"/>
    <tag k="highway" v="footway"/>
    <tag k="surface" v="paving_stones"/>
  </way>
  <way id="4223946">
    <nd ref="25067265"/>
    <nd ref="2566132609"/>
    <nd ref="1569382170"/>
    <nd ref="1569382174"/>
    <nd ref="2504822139"/>
    <nd ref="25067266"/>
    <nd ref="11084641687"/>
    <tag k="cycleway" v="opposite"/>
    <tag k="cycleway:right" v="lane"/>
    <tag k="highway" v="unclassified"/>
    <tag k="lanes" v="1"/>
    <tag k="lit" v="yes"/>
    <tag k="maxspeed" v="20 mph"/>
    <tag k="name" v="Little Trinity Lane"/>
    <tag k="oneway" v="yes"/>
    <tag k="oneway:bicycle" v="no"/>
    <tag k="sidewalk:both" v="separate"/>
  </way>
  <way id="4223948">
    <nd ref="25067068"/>
    <nd ref="11115208683"/>
    <nd ref="3233714192"/>
    <nd ref="3233714193"/>
    <nd ref="3233714198"/>
    <nd ref="25066784"/>
    <tag k="cycleway" v="opposite"/>
    <tag k="highway" v="residential"/>
    <tag k="lanes" v="1"/>
    <tag k="lit" v="yes"/>
    <tag k="maxspeed" v="20 mph"/>
    <tag k="name" v="Great Trinity Lane"/>
    <tag k="oneway" v="yes"/>
    <tag k="oneway:bicycle" v="no"/>
    <tag k="sidewalk:both" v="separate"/>
    <tag k="source:cycleway" v="http://www.cityoflondon.gov.uk/services/transport-and-streets/traffic-management/Pages/contra-flow-cycling.aspx"/>
    <tag k="source:name" v="local knowledge"/>
  </way>
  <way id="4223949">
    <nd ref="9024139133"/>
    <nd ref="1360122924"/>
    <nd ref="9024139132"/>
    <tag k="cycleway" v="opposite"/>
    <tag k="highway" v="residential"/>
    <tag k="lanes" v="1"/>
    <tag k="lit" v="yes"/>
    <tag k="maxspeed" v="20 mph"/>
    <tag k="maxweightrating" v="7.5"/>
    <tag k="name" v="Garlick Hill"/>
    <tag k="oneway" v="yes"/>
    <tag k="oneway:bicycle" v="no"/>
    <tag k="postal_code" v="EC4"/>
    <tag k="ref:GB:usrn" v="8100588"/>
    <tag k="sidewalk:both" v="separate"/>
    <tag k="source:cycleway" v="http://www.cityoflondon.gov.uk/services/transport-and-streets/traffic-management/Pages/contra-flow-cycling.aspx"/>
    <tag k="source:name" v="local knowledge"/>
    <tag k="surface" v="asphalt"/>
  </way>
  <way id="4223950">
    <nd ref="25067068"/>
    <nd ref="11115208684"/>
    <nd ref="25067264"/>
    <nd ref="1569382119"/>
    <nd ref="25067265"/>
    <tag k="cycleway" v="opposite"/>
    <tag k="highway" v="unclassified"/>
    <tag k="lanes" v="1"/>
    <tag k="lit" v="yes"/>
    <tag k="maxspeed" v="20 mph"/>
    <tag k="maxweightrating" v="7.5"/>
    <tag k="name" v="Garlick Hill"/>
    <tag k="oneway" v="yes"/>
    <tag k="oneway:bicycle" v="no"/>
    <tag k="postal_code" v="EC4"/>
    <tag k="ref:GB:usrn" v="8100588"/>
    <tag k="sidewalk:both" v="separate"/>
    <tag k="source:cycleway" v="http://www.cityoflondon.gov.uk/services/transport-and-streets/traffic-management/Pages/contra-flow-cycling.aspx"/>
    <tag k="source:name" v="local knowledge"/>
    <tag k="surface" v="sett"/>
  </way>
  <way id="4223951">
    <nd ref="25067264"/>
    <nd ref="11115208622"/>
    <nd ref="7486891708"/>
    <nd ref="25067298"/>
    <tag k="access" v="no"/>
    <tag k="bicycle" v="private"/>
    <tag k="foot" v="private"/>
    <tag k="highway" v="service"/>
    <tag k="horse" v="no"/>
    <tag k="motor_vehicle" v="private"/>
    <tag k="name" v="Miniver Place"/>
    <tag k="ref:GB:usrn" v="8100789"/>
    <tag k="service" v="alley"/>
    <tag k="source:name" v="local knowledge"/>
  </way>
  <way id="4223952">
    <nd ref="25161356"/>
    <nd ref="11115208679"/>
    <nd ref="2566132611"/>
    <tag k="cycleway" v="opposite"/>
    <tag k="highway" v="unclassified"/>
    <tag k="lanes" v="1"/>
    <tag k="lit" v="yes"/>
    <tag k="maxspeed" v="20 mph"/>
    <tag k="name" v="Skinners Lane"/>
    <tag k="oneway" v="yes"/>
    <tag k="oneway:bicycle" v="no"/>
    <tag k="ref:GB:usrn" v="8100475"/>
    <tag k="sidewalk:both" v="separate"/>
    <tag k="source:name" v="http://www.flickr.com/photos/7500206@N08/5632113082/"/>
    <tag k="surface" v="sett"/>
  </way>
  <way id="4223953">
    <nd ref="25067305"/>
    <nd ref="11115208674"/>
    <nd ref="2566132610"/>
    <tag k="highway" v="service"/>
    <tag k="name" v="Doby Court"/>
    <tag k="service" v="parking_aisle"/>
    <tag k="source:name" v="local knowledge"/>
  </way>
  <way id="4223954">
    <nd ref="11115208675"/>
    <nd ref="5201625543"/>
    <tag k="highway" v="footway"/>
    <tag k="name" v="Doby Court"/>
    <tag k="source:name" v="local knowledge"/>
    <tag k="surface" v="paving_stones"/>
  </way>
  <way id="4223957">
    <nd ref="25161357"/>
    <nd ref="2387194158"/>
    <nd ref="10278399489"/>
    <nd ref="3233714195"/>
    <nd ref="11115208681"/>
    <nd ref="3233714194"/>
    <nd ref="25067068"/>
    <tag k="alt_name" v="Great St Thomas Apostle"/>
    <tag k="cycleway" v="opposite"/>
    <tag k="highway" v="unclassified"/>
    <tag k="lanes" v="1"/>
    <tag k="lit" v="yes"/>
    <tag k="maxspeed" v="20 mph"/>
    <tag k="name" v="Great St. Thomas Apostle"/>
    <tag k="oneway" v="yes"/>
    <tag k="oneway:bicycle" v="no"/>
    <tag k="postal_code" v="EC4"/>
    <tag k="sidewalk:both" v="separate"/>
    <tag k="source:name" v="local knowledge"/>
    <tag k="surface" v="asphalt"/>
    <tag k="wikidata" v="Q66012206"/>
  </way>
  <way id="4223958">
    <nd ref="25067324"/>
    <nd ref="13235696112"/>
    <nd ref="5141877019"/>
    <nd ref="5247857728"/>
    <tag k="cycleway" v="opposite"/>
    <tag k="highway" v="unclassified"/>
    <tag k="lit" v="yes"/>
    <tag k="maxspeed" v="20 mph"/>
    <tag k="name" v="Cloak Lane"/>
    <tag k="oneway" v="yes"/>
    <tag k="oneway:bicycle" v="no"/>
    <tag k="postal_code" v="EC4"/>
    <tag k="ref:GB:usrn" v="8100134"/>
    <tag k="sidewalk:both" v="separate"/>
    <tag k="source:name" v="local knowledge"/>
    <tag k="surface" v="asphalt"/>
    <tag k="wikidata" v="Q65924276"/>
  </way>
  <way id="4223959">
    <nd ref="25067324"/>
    <nd ref="13235696111"/>
    <nd ref="4866664736"/>
    <nd ref="9856119650"/>
    <nd ref="25067400"/>
    <tag k="cycleway:both" v="no"/>
    <tag k="highway" v="unclassified"/>
    <tag k="lane_markings" v="no"/>
    <tag k="lit" v="yes"/>
    <tag k="maxspeed" v="20 mph"/>
    <tag k="name" v="Cloak Lane"/>
    <tag k="oneway" v="yes"/>
    <tag k="oneway:bicycle" v="no"/>
    <tag k="parking:left" v="lane"/>
    <tag k="parking:left:markings" v="yes"/>
    <tag k="parking:left:orientation" v="parallel"/>
    <tag k="parking:right" v="no"/>
    <tag k="parking:right:restriction" v="no_parking"/>
    <tag k="parking:right:restriction:reason" v="markings"/>
    <tag k="postal_code" v="EC4"/>
    <tag k="ref:GB:usrn" v="8100134"/>
    <tag k="sidewalk:both" v="separate"/>
    <tag k="source:name" v="local knowledge"/>
    <tag k="surface" v="asphalt"/>
    <tag k="wikidata" v="Q65924276"/>
  </way>
  <way id="4223960">
    <nd ref="107638"/>
    <nd ref="13019158632"/>
    <nd ref="9856119648"/>
    <nd ref="13019158633"/>
    <nd ref="11097085178"/>
    <nd ref="13019158631"/>
    <nd ref="25067324"/>
    <tag k="cycleway" v="opposite"/>
    <tag k="highway" v="residential"/>
    <tag k="lit" v="yes"/>
    <tag k="maxspeed" v="20 mph"/>
    <tag k="maxweightrating" v="7.5"/>
    <tag k="name" v="College Hill"/>
    <tag k="oneway" v="yes"/>
    <tag k="oneway:bicycle" v="no"/>
    <tag k="postal_code" v="EC4"/>
    <tag k="ref:GB:usrn" v="8100143"/>
    <tag k="sidewalk" v="both"/>
    <tag k="source:name" v="local knowledge"/>
    <tag k="surface" v="asphalt"/>
    <tag k="wikidata" v="Q65740763"/>
  </way>
  <way id="4223961">
    <nd ref="25161356"/>
    <nd ref="13235666379"/>
    <nd ref="25067326"/>
    <nd ref="950703626"/>
    <nd ref="5146186489"/>
    <nd ref="25067395"/>
    <nd ref="5146186470"/>
    <nd ref="25067396"/>
    <nd ref="5146186463"/>
    <nd ref="25067397"/>
    <nd ref="13235666372"/>
    <nd ref="25067398"/>
    <tag k="cycleway:both" v="no"/>
    <tag k="highway" v="unclassified"/>
    <tag k="maxspeed" v="20 mph"/>
    <tag k="name" v="College Street"/>
    <tag k="oneway" v="yes"/>
    <tag k="oneway:bicycle" v="no"/>
    <tag k="ref:GB:usrn" v="8100144"/>
    <tag k="source:name" v="local knowledge"/>
    <tag k="surface" v="paving_stones"/>
  </way>
  <way id="4223969">
    <nd ref="25067474"/>
    <nd ref="5104314362"/>
    <nd ref="25067473"/>
    <tag k="highway" v="service"/>
    <tag k="sidewalk:both" v="separate"/>
    <tag k="surface" v="asphalt"/>
  </way>
  <way id="4223971">
    <nd ref="25067461"/>
    <nd ref="5104314275"/>
    <nd ref="25067463"/>
    <nd ref="12905496414"/>
    <nd ref="5104314353"/>
    <nd ref="25067727"/>
    <nd ref="25067479"/>
    <nd ref="1569343756"/>
    <nd ref="12905496419"/>
    <nd ref="1569343909"/>
    <nd ref="25067558"/>
    <nd ref="25067636"/>
    <tag k="highway" v="unclassified"/>
    <tag k="maxspeed" v="20 mph"/>
    <tag k="name" v="Suffolk Lane"/>
    <tag k="sidewalk:both" v="separate"/>
    <tag k="source:name" v="local knowledge"/>
  </way>
  <way id="4223974">
    <nd ref="25161361"/>
    <nd ref="11097085162"/>
    <nd ref="25067932"/>
    <nd ref="25067637"/>
    <nd ref="11097242603"/>
    <nd ref="25067636"/>
    <tag k="highway" v="pedestrian"/>
    <tag k="name" v="Laurence Pountney Hill"/>
    <tag k="name:etymology:wikidata" v="Q7593938"/>
    <tag k="source:name" v="local knowledge"/>
    <tag k="surface" v="paving_stones"/>
  </way>
  <way id="4231082">
    <nd ref="2218344510"/>
    <nd ref="12425017007"/>
    <nd ref="12425017006"/>
    <nd ref="1497452191"/>
    <nd ref="2642857199"/>
    <nd ref="25068755"/>
    <nd ref="11765319231"/>
    <nd ref="11872569333"/>
    <nd ref="25248117"/>
    <tag k="highway" v="footway"/>
    <tag k="lit" v="yes"/>
    <tag k="name" v="Royal Exchange Buildings"/>
    <tag k="source:name" v="local knowledge"/>
    <tag k="surface" v="paving_stones"/>
  </way>
  <way id="4231083">
    <nd ref="25068755"/>
    <nd ref="25068781"/>
    <nd ref="25068840"/>
    <nd ref="11762941321"/>
    <tag k="highway" v="footway"/>
    <tag k="name" v="Royal Exchange Avenue"/>
    <tag k="source:name" v="local knowledge"/>
    <tag k="surface" v="paving_stones"/>
  </way>
  <way id="4231084">
    <nd ref="25248128"/>
    <nd ref="12425018605"/>
    <nd ref="2793904931"/>
    <nd ref="25068862"/>
    <nd ref="25069046"/>
    <nd ref="2642857212"/>
    <tag k="cycleway:left" v="no"/>
    <tag k="cycleway:right" v="shared_lane"/>
    <tag k="cycleway:right:lane" v="pictogram"/>
    <tag k="cycleway:right:oneway" v="-1"/>
    <tag k="highway" v="unclassified"/>
    <tag k="lanes" v="1"/>
    <tag k="lit" v="yes"/>
    <tag k="maxspeed" v="20 mph"/>
    <tag k="name" v="Finch Lane"/>
    <tag k="oneway" v="yes"/>
    <tag k="oneway:bicycle" v="no"/>
    <tag k="parking:both" v="no"/>
    <tag k="sidewalk" v="both"/>
    <tag k="sidewalk:both:surface" v="asphalt"/>
    <tag k="source:name" v="local knowledge"/>
    <tag k="surface" v="asphalt"/>
  </way>
  <way id="4231088">
    <nd ref="25071142"/>
    <nd ref="2793892940"/>
    <nd ref="2793904918"/>
    <tag k="access" v="permissive"/>
    <tag k="highway" v="footway"/>
    <tag k="lit" v="yes"/>
    <tag k="name" v="St. Peter's Alley"/>
    <tag k="source:name" v="local knowledge"/>
    <tag k="surface" v="paving_stones"/>
  </way>
  <way id="4231089">
    <nd ref="25071145"/>
    <nd ref="2793874569"/>
    <nd ref="11703969339"/>
    <tag k="highway" v="footway"/>
    <tag k="name" v="Corbet Court"/>
    <tag k="source:name" v="local knowledge"/>
    <tag k="surface" v="paving_stones"/>
  </way>
  <way id="4231090">
    <nd ref="25071152"/>
    <nd ref="8044121279"/>
    <tag k="highway" v="service"/>
    <tag k="lit" v="yes"/>
    <tag k="name" v="Bell Inn Yard"/>
    <tag k="source:name" v="local knowledge"/>
    <tag k="surface" v="asphalt"/>
  </way>
  <way id="4231091">
    <nd ref="25248126"/>
    <nd ref="12425017002"/>
    <nd ref="25071131"/>
    <nd ref="25071090"/>
    <tag k="access" v="yes"/>
    <tag k="highway" v="unclassified"/>
    <tag k="lane_markings" v="no"/>
    <tag k="lit" v="yes"/>
    <tag k="maxspeed" v="20 mph"/>
    <tag k="name" v="George Yard"/>
    <tag k="name:etymology:wikidata" v="Q12404791"/>
    <tag k="sidewalk" v="both"/>
    <tag k="sidewalk:both:surface" v="paving_stones"/>
    <tag k="source:name" v="local knowledge"/>
    <tag k="source:width" v="ARCore"/>
    <tag k="surface" v="sett"/>
    <tag k="width" v="5.2"/>
  </way>
  <way id="4231092">
    <nd ref="25071090"/>
    <nd ref="1569216656"/>
    <nd ref="1569216180"/>
    <nd ref="25071133"/>
    <tag k="highway" v="footway"/>
    <tag k="lit" v="yes"/>
    <tag k="name" v="George Yard"/>
    <tag k="name:etymology:wikidata" v="Q12404791"/>
    <tag k="source:name" v="local knowledge"/>
    <tag k="surface" v="paving_stones"/>
  </way>
  <way id="4231093">
    <nd ref="25070924"/>
    <nd ref="2793874555"/>
    <nd ref="2793874552"/>
    <nd ref="2793874546"/>
    <nd ref="25071136"/>
    <nd ref="25071145"/>
    <tag k="highway" v="footway"/>
    <tag k="lit" v="yes"/>
    <tag k="name" v="St. Michaels Alley"/>
    <tag k="source:name" v="local knowledge"/>
    <tag k="surface" v="paving_stones"/>
  </way>
  <way id="4231094">
    <nd ref="2793874531"/>
    <nd ref="25071137"/>
    <nd ref="12714658495"/>
    <nd ref="3307352612"/>
    <nd ref="13816415648"/>
    <nd ref="25071133"/>
    <tag k="highway" v="footway"/>
    <tag k="surface" v="paving_stones"/>
  </way>
  <way id="4231095">
    <nd ref="25070924"/>
    <nd ref="11745018756"/>
    <nd ref="1497452184"/>
    <nd ref="2793874583"/>
    <tag k="highway" v="footway"/>
    <tag k="lit" v="yes"/>
    <tag k="name" v="Castle Court"/>
    <tag k="source:name" v="local knowledge"/>
    <tag k="surface" v="paving_stones"/>
  </way>
  <way id="4231096">
    <nd ref="109416"/>
    <nd ref="9856119629"/>
    <nd ref="2642857171"/>
    <nd ref="24950061"/>
    <nd ref="25248129"/>
    <nd ref="25248130"/>
    <nd ref="24661419"/>
    <nd ref="2193050382"/>
    <nd ref="2195709210"/>
    <nd ref="12425016906"/>
    <nd ref="24950111"/>
    <tag k="bicycle" v="yes"/>
    <tag k="cycleway:both" v="no"/>
    <tag k="highway" v="pedestrian"/>
    <tag k="layer" v="1"/>
    <tag k="maxspeed" v="20 mph"/>
    <tag k="name" v="Birchin Lane"/>
    <tag k="note" v="Daytime motor vehicle ban"/>
    <tag k="oneway" v="yes"/>
    <tag k="oneway:bicycle" v="no"/>
    <tag k="surface" v="paving_stones"/>
  </way>
  <way id="4231097">
    <nd ref="11752126292"/>
    <nd ref="25070474"/>
    <nd ref="3307352613"/>
    <nd ref="8869073340"/>
    <tag k="highway" v="footway"/>
    <tag k="name" v="Cowper's Court"/>
    <tag k="source:name" v="local knowledge"/>
    <tag k="surface" v="paving_stones"/>
  </way>
  <way id="4231098">
    <nd ref="11762795523"/>
    <nd ref="25070085"/>
    <nd ref="25070019"/>
    <nd ref="11762795526"/>
    <tag k="highway" v="footway"/>
    <tag k="name" v="Change Alley"/>
    <tag k="name:etymology:wikidata" v="Q1241240"/>
    <tag k="surface" v="paving_stones"/>
    <tag k="tunnel" v="building_passage"/>
  </way>
  <way id="4260239">
    <nd ref="1312454055"/>
    <nd ref="12908872645"/>
    <nd ref="1312453996"/>
    <nd ref="1312454087"/>
    <nd ref="3272712566"/>
    <nd ref="3272782433"/>
    <nd ref="25532332"/>
    <nd ref="5227220835"/>
    <nd ref="9856119628"/>
    <nd ref="11505262804"/>
    <nd ref="2961891"/>
    <tag k="cycleway" v="opposite"/>
    <tag k="highway" v="unclassified"/>
    <tag k="lane_markings" v="no"/>
    <tag k="lit" v="yes"/>
    <tag k="maxspeed" v="20 mph"/>
    <tag k="name" v="Philpot Lane"/>
    <tag k="oneway" v="yes"/>
    <tag k="oneway:bicycle" v="no"/>
    <tag k="postal_code" v="EC3"/>
    <tag k="sidewalk" v="both"/>
    <tag k="surface" v="asphalt"/>
    <tag k="wikidata" v="Q23891229"/>
  </way>
  <way id="4260245">
    <nd ref="1951616319"/>
    <nd ref="1951616284"/>
    <nd ref="1678226917"/>
    <tag k="cycleway:left" v="no"/>
    <tag k="highway" v="tertiary"/>
    <tag k="lanes" v="1"/>
    <tag k="lit" v="yes"/>
    <tag k="maxspeed" v="20 mph"/>
    <tag k="name" v="Gracechurch Street"/>
    <tag k="oneway" v="yes"/>
    <tag k="postal_code" v="EC3"/>
    <tag k="sidewalk" v="left"/>
    <tag k="smoothness" v="excellent"/>
    <tag k="surface" v="asphalt"/>
    <tag k="wikidata" v="Q5591440"/>
  </way>
  <way id="4545831">
    <nd ref="4300170291"/>
    <nd ref="5473273571"/>
    <nd ref="5473273622"/>
    <nd ref="4534858548"/>
    <nd ref="5473272978"/>
    <nd ref="3141897526"/>
    <tag k="highway" v="footway"/>
    <tag k="indoor" v="yes"/>
    <tag k="layer" v="-4"/>
    <tag k="level" v="-4"/>
    <tag k="tunnel" v="yes"/>
  </way>
  <way id="4719918">
    <nd ref="27481044"/>
    <nd ref="12734457093"/>
    <nd ref="1566270409"/>
    <nd ref="692162556"/>
    <nd ref="30056280"/>
    <nd ref="8044121290"/>
    <nd ref="8044121292"/>
    <nd ref="3375451555"/>
    <nd ref="1678245237"/>
    <tag k="covered" v="yes"/>
    <tag k="foot" v="permissive"/>
    <tag k="highway" v="pedestrian"/>
    <tag k="lit" v="yes"/>
    <tag k="name" v="Leadenhall Market"/>
    <tag k="postal_code" v="EC3"/>
    <tag k="smoothness" v="good"/>
    <tag k="surface" v="paving_stones"/>
    <tag k="was:oneway" v="yes"/>
  </way>
  <way id="4722343">
    <nd ref="27481040"/>
    <nd ref="692162517"/>
    <nd ref="1566269741"/>
    <nd ref="11763111791"/>
    <tag k="highway" v="footway"/>
    <tag k="lit" v="yes"/>
    <tag k="name" v="Bull's Head Passage"/>
    <tag k="surface" v="asphalt"/>
  </way>
  <way id="4722344">
    <nd ref="8044121236"/>
    <nd ref="30078474"/>
    <nd ref="5335245254"/>
    <nd ref="692162510"/>
    <nd ref="1566269741"/>
    <tag k="highway" v="footway"/>
    <tag k="name" v="Ship Tavern Passage"/>
    <tag k="surface" v="paving_stones"/>
  </way>
  <way id="7220347">
    <nd ref="25071139"/>
    <nd ref="11703969341"/>
    <tag k="highway" v="footway"/>
    <tag k="name" v="Corbet Court"/>
    <tag k="source:name" v="local knowledge"/>
    <tag k="surface" v="sett"/>
  </way>
  <way id="7225336">
    <nd ref="25066333"/>
    <nd ref="25066331"/>
    <nd ref="5090420968"/>
    <tag k="highway" v="footway"/>
    <tag k="name" v="Bow Churchyard"/>
    <tag k="name:etymology:wikidata" v="Q2301992"/>
    <tag k="source:name" v="local knowledge"/>
    <tag k="surface" v="paved"/>
  </way>
  <way id="8020673">
    <nd ref="25067788"/>
    <nd ref="25067737"/>
    <nd ref="25067871"/>
    <nd ref="1569312412"/>
    <nd ref="5141216745"/>
    <nd ref="25067883"/>
    <nd ref="5141216790"/>
    <nd ref="1569343523"/>
    <nd ref="1569343577"/>
    <nd ref="11097085164"/>
    <nd ref="25161362"/>
    <tag k="highway" v="residential"/>
    <tag k="maxspeed" v="20 mph"/>
    <tag k="name" v="Laurence Pountney Lane"/>
    <tag k="sidewalk" v="both"/>
    <tag k="source:name" v="local knowledge"/>
    <tag k="surface" v="sett"/>
  </way>
  <way id="8020676">
    <nd ref="24661419"/>
    <nd ref="13816483483"/>
    <nd ref="2642857109"/>
    <nd ref="11762795525"/>
    <tag k="highway" v="footway"/>
    <tag k="name" v="Change Alley"/>
    <tag k="name:etymology:wikidata" v="Q1241240"/>
    <tag k="surface" v="paving_stones"/>
  </way>
  <way id="8020678">
    <nd ref="25071137"/>
    <nd ref="12714658496"/>
    <nd ref="2793874537"/>
    <nd ref="2793874540"/>
    <nd ref="25071136"/>
    <tag k="highway" v="footway"/>
    <tag k="name" v="George Yard"/>
    <tag k="name:etymology:wikidata" v="Q12404791"/>
    <tag k="source:name" v="local knowledge"/>
    <tag k="surface" v="paving_stones"/>
  </way>
  <way id="8020679">
    <nd ref="25071133"/>
    <nd ref="12425016903"/>
    <nd ref="25070924"/>
    <nd ref="11462384741"/>
    <nd ref="11462384740"/>
    <nd ref="12425016914"/>
    <tag k="highway" v="footway"/>
    <tag k="lit" v="no"/>
    <tag k="name" v="St. Michaels Alley"/>
    <tag k="source:name" v="local knowledge"/>
    <tag k="surface" v="paving_stones"/>
  </way>
  <way id="8135294">
    <nd ref="24659947"/>
    <nd ref="24949780"/>
    <tag k="highway" v="unclassified"/>
    <tag k="lane_markings" v="no"/>
    <tag k="maxspeed" v="20 mph"/>
    <tag k="name" v="Walbrook"/>
    <tag k="sidewalk" v="both"/>
    <tag k="surface" v="paving_stones"/>
  </way>
  <way id="8135901">
    <nd ref="25071142"/>
    <nd ref="11763457217"/>
    <tag k="highway" v="footway"/>
    <tag k="name" v="St. Peter's Alley"/>
    <tag k="source:name" v="local knowledge"/>
    <tag k="surface" v="paving_stones"/>
  </way>
  <way id="8332404">
    <nd ref="213670986"/>
    <nd ref="11081617010"/>
    <nd ref="1719422032"/>
    <nd ref="1312189047"/>
    <nd ref="1719422038"/>
    <tag k="highway" v="unclassified"/>
    <tag k="maxspeed" v="20 mph"/>
    <tag k="name" v="King's Arms Yard"/>
    <tag k="sidewalk:both" v="separate"/>
    <tag k="surface" v="asphalt"/>
  </way>
  <way id="8352208">
    <nd ref="9707489692"/>
    <nd ref="10933983398"/>
    <nd ref="25161359"/>
    <nd ref="11115208678"/>
    <nd ref="25161356"/>
    <tag k="bicycle" v="designated"/>
    <tag k="foot" v="designated"/>
    <tag k="highway" v="cycleway"/>
    <tag k="lanes" v="2"/>
    <tag k="lit" v="yes"/>
    <tag k="maxspeed" v="20 mph"/>
    <tag k="name" v="Queen Street"/>
    <tag k="oneway" v="no"/>
    <tag k="segregated" v="no"/>
    <tag k="sidewalk" v="both"/>
    <tag k="source:name" v="local knowledge"/>
    <tag k="surface" v="paving_stones"/>
  </way>
  <way id="8431661">
    <nd ref="250550174"/>
    <nd ref="13988517054"/>
    <tag k="access" v="no"/>
    <tag k="cycleway:left" v="no"/>
    <tag k="cycleway:right" v="lane"/>
    <tag k="cycleway:right:lane" v="advisory"/>
    <tag k="cycleway:right:oneway" v="-1"/>
    <tag k="highway" v="unclassified"/>
    <tag k="lanes" v="2"/>
    <tag k="lit" v="yes"/>
    <tag k="maxspeed" v="20 mph"/>
    <tag k="name" v="Aldermanbury"/>
    <tag k="oneway" v="yes"/>
    <tag k="oneway:bicycle" v="no"/>
    <tag k="sidewalk" v="both"/>
    <tag k="surface" v="asphalt"/>
    <tag k="wikidata" v="Q65728383"/>
  </way>
  <way id="8431662">
    <nd ref="28800669"/>
    <nd ref="9038910341"/>
    <nd ref="1684549812"/>
    <tag k="foot" v="yes"/>
    <tag k="highway" v="pedestrian"/>
    <tag k="name" v="Guildhall Yard"/>
    <tag k="name:etymology:wikidata" v="Q81279"/>
    <tag k="surface" v="asphalt"/>
  </way>
  <way id="8431663">
    <nd ref="28800669"/>
    <nd ref="13830089648"/>
    <nd ref="8869464362"/>
    <tag k="foot" v="yes"/>
    <tag k="highway" v="pedestrian"/>
    <tag k="name" v="Guildhall Yard"/>
    <tag k="name:etymology:wikidata" v="Q81279"/>
    <tag k="surface" v="paving_stones"/>
  </way>
  <way id="8431668">
    <nd ref="28800672"/>
    <nd ref="9856119642"/>
    <nd ref="316763513"/>
    <tag k="highway" v="unclassified"/>
    <tag k="lanes" v="2"/>
    <tag k="maxspeed" v="20 mph"/>
    <tag k="name" v="Trump Street"/>
    <tag k="postal_code" v="EC2"/>
    <tag k="ref:GB:usrn" v="8100541"/>
    <tag k="sidewalk:both" v="separate"/>
    <tag k="surface" v="asphalt"/>
    <tag k="wikidata" v="Q47158155"/>
  </way>
  <way id="8431669">
    <nd ref="28800662"/>
    <nd ref="11079475758"/>
    <nd ref="1311962065"/>
    <nd ref="1311962079"/>
    <nd ref="1311961846"/>
    <nd ref="11079475738"/>
    <nd ref="11079475740"/>
    <nd ref="28800671"/>
    <tag k="cycleway:both" v="no"/>
    <tag k="highway" v="unclassified"/>
    <tag k="lanes" v="2"/>
    <tag k="maxspeed" v="20 mph"/>
    <tag k="name" v="Milk Street"/>
    <tag k="postal_code" v="EC2"/>
    <tag k="ref:GB:usrn" v="8100354"/>
    <tag k="sidewalk:both" v="separate"/>
    <tag k="surface" v="asphalt"/>
    <tag k="wikidata" v="Q48699064"/>
  </way>
  <way id="18131108">
    <nd ref="28800661"/>
    <nd ref="28800662"/>
    <nd ref="1311962043"/>
    <nd ref="13022543557"/>
    <tag k="cycleway:both" v="no"/>
    <tag k="highway" v="tertiary"/>
    <tag k="lanes" v="2"/>
    <tag k="lit" v="yes"/>
    <tag k="maxspeed" v="20 mph"/>
    <tag k="name" v="Gresham Street"/>
    <tag k="name:etymology:wikidata" v="Q318673"/>
    <tag k="postal_code" v="EC2"/>
    <tag k="ref:GB:usrn" v="8100255"/>
    <tag k="sidewalk:left" v="separate"/>
    <tag k="sidewalk:right" v="yes"/>
    <tag k="source:name" v="local knowledge"/>
    <tag k="surface" v="paving_stones"/>
    <tag k="wikidata" v="Q5607603"/>
  </way>
  <way id="20205232">
    <nd ref="18469130"/>
    <nd ref="9856119638"/>
    <nd ref="213670986"/>
    <nd ref="213672005"/>
    <nd ref="11081617014"/>
    <nd ref="2642878644"/>
    <tag k="highway" v="unclassified"/>
    <tag k="maxspeed" v="20 mph"/>
    <tag k="name" v="Tokenhouse Yard"/>
    <tag k="sidewalk:both" v="separate"/>
    <tag k="surface" v="asphalt"/>
  </way>
  <way id="23162006">
    <nd ref="21990624"/>
    <nd ref="3393991760"/>
    <nd ref="9710348826"/>
    <nd ref="1779589718"/>
    <nd ref="1787108624"/>
    <tag k="foot" v="yes"/>
    <tag k="highway" v="footway"/>
  </way>
  <way id="23162101">
    <nd ref="213668839"/>
    <nd ref="8868010205"/>
    <nd ref="347335859"/>
    <nd ref="8868010216"/>
    <nd ref="8868010202"/>
    <nd ref="1685272862"/>
    <nd ref="213668842"/>
    <nd ref="8868010218"/>
    <nd ref="250549700"/>
    <nd ref="250549699"/>
    <nd ref="8868010279"/>
    <nd ref="8868010280"/>
    <nd ref="8868010281"/>
    <nd ref="213668844"/>
    <nd ref="2642612586"/>
    <nd ref="250327576"/>
    <tag k="highway" v="pedestrian"/>
    <tag k="maxspeed" v="20 mph"/>
    <tag k="maxweightrating:hgv" v="7.5"/>
    <tag k="maxweightrating:hgv:conditional" v="none @ destination"/>
    <tag k="name" v="Copthall Avenue"/>
    <tag k="note" v="Maxweight applies to goods vehicles, except for loading"/>
    <tag k="postal_code" v="EC2"/>
    <tag k="ref:GB:usrn" v="8100146"/>
    <tag k="sidewalk" v="both"/>
    <tag k="surface" v="asphalt"/>
    <tag k="wikidata" v="Q66693791"/>
  </way>
  <way id="23162103">
    <nd ref="213668839"/>
    <nd ref="11691636786"/>
    <nd ref="12394542624"/>
    <nd ref="3787673643"/>
    <tag k="foot" v="yes"/>
    <tag k="highway" v="footway"/>
    <tag k="name" v="Throgmorton Avenue"/>
    <tag k="name:etymology:wikidata" v="Q715321"/>
  </way>
  <way id="23162125">
    <nd ref="250327037"/>
    <nd ref="11762772126"/>
    <tag k="foot" v="yes"/>
    <tag k="highway" v="footway"/>
    <tag k="name" v="Pinner's Passage"/>
  </way>
  <way id="23162132">
    <nd ref="8868010217"/>
    <nd ref="8868010177"/>
    <nd ref="8868010178"/>
    <nd ref="1762112689"/>
    <nd ref="1762112692"/>
    <nd ref="8868010173"/>
    <tag k="foot" v="yes"/>
    <tag k="highway" v="footway"/>
    <tag k="image" v="https://archive.org/details/cityoflondon2018-11-21/City%20of%20London%202018-11-21/DSCN8504.JPG"/>
    <tag k="name" v="Angel Court"/>
    <tag k="surface" v="paving_stones"/>
  </way>
  <way id="23162134">
    <nd ref="21990631"/>
    <nd ref="12905369758"/>
    <nd ref="12905369774"/>
    <nd ref="5565443394"/>
    <tag k="highway" v="footway"/>
    <tag k="name" v="Great Bell Alley"/>
    <tag k="surface" v="paving_stones"/>
  </way>
  <way id="23162141">
    <nd ref="21990629"/>
    <nd ref="13246583438"/>
    <nd ref="2987960041"/>
    <nd ref="1719422086"/>
    <nd ref="5565452526"/>
    <nd ref="250327547"/>
    <tag k="highway" v="pedestrian"/>
    <tag k="maxspeed" v="20 mph"/>
    <tag k="name" v="Telegraph Street"/>
    <tag k="postal_code" v="EC2"/>
    <tag k="surface" v="paving_stones"/>
  </way>
  <way id="23162155">
    <nd ref="250327546"/>
    <nd ref="250327547"/>
    <tag k="created_by" v="Potlatch 0.7b"/>
    <tag k="foot" v="yes"/>
    <tag k="highway" v="footway"/>
    <tag k="name" v="Whalebone Court"/>
    <tag k="surface" v="paving_stones"/>
  </way>
  <way id="23162158">
    <nd ref="250327546"/>
    <nd ref="213668844"/>
    <tag k="created_by" v="Potlatch 0.7b"/>
    <tag k="foot" v="yes"/>
    <tag k="highway" v="footway"/>
    <tag k="name" v="Copthall Close"/>
    <tag k="surface" v="paving_stones"/>
  </way>
  <way id="23171415">
    <nd ref="213668839"/>
    <nd ref="354886099"/>
    <nd ref="9269886261"/>
    <tag k="highway" v="pedestrian"/>
    <tag k="lane_markings" v="no"/>
    <tag k="maxspeed" v="20 mph"/>
    <tag k="name" v="Throgmorton Avenue"/>
    <tag k="name:etymology:wikidata" v="Q715321"/>
    <tag k="postal_code" v="EC2"/>
    <tag k="surface" v="sett"/>
  </way>
  <way id="23172783">
    <nd ref="1312188692"/>
    <nd ref="2934268021"/>
    <tag k="highway" v="footway"/>
    <tag k="lit" v="yes"/>
    <tag k="name" v="Adams Court"/>
  </way>
  <way id="23172787">
    <nd ref="250549282"/>
    <nd ref="4453606953"/>
    <nd ref="2793905032"/>
    <nd ref="250549348"/>
    <tag k="foot" v="yes"/>
    <tag k="highway" v="footway"/>
    <tag k="name" v="Adams Court"/>
    <tag k="surface" v="paving_stones"/>
  </way>
  <way id="23172873">
    <nd ref="1718566942"/>
    <nd ref="1718566956"/>
    <nd ref="1312264540"/>
    <nd ref="1718566975"/>
    <tag k="highway" v="footway"/>
    <tag k="name" v="Masons Avenue"/>
    <tag k="surface" v="paved"/>
  </way>
  <way id="23172909">
    <nd ref="250550174"/>
    <nd ref="13988517055"/>
    <nd ref="13830071976"/>
    <nd ref="5218915617"/>
    <tag k="highway" v="service"/>
    <tag k="name" v="Guildhall"/>
  </way>
  <way id="23609284">
    <nd ref="10575609206"/>
    <nd ref="10575609205"/>
    <tag k="foot" v="yes"/>
    <tag k="highway" v="footway"/>
    <tag k="name" v="Tokenhouse Yard"/>
    <tag k="surface" v="paving_stones"/>
    <tag k="tunnel" v="building_passage"/>
  </way>
  <way id="23918976">
    <nd ref="259252666"/>
    <nd ref="1689388043"/>
    <tag k="highway" v="footway"/>
    <tag k="name" v="Talbot Court"/>
  </way>
  <way id="27112789">
    <nd ref="3381130092"/>
    <nd ref="8976060358"/>
    <nd ref="3381130493"/>
    <nd ref="12754724199"/>
    <nd ref="3247932481"/>
    <tag k="bicycle" v="yes"/>
    <tag k="bus" v="yes"/>
    <tag k="cycleway:right" v="share_busway"/>
    <tag k="highway" v="primary"/>
    <tag k="lanes" v="3"/>
    <tag k="lanes:psv:backward" v="1"/>
    <tag k="lit" v="yes"/>
    <tag k="maxspeed" v="20 mph"/>
    <tag k="name" v="Bishopsgate"/>
    <tag k="operator" v="Transport for London"/>
    <tag k="operator:wikidata" v="Q682520"/>
    <tag k="postal_code" v="EC2"/>
    <tag k="ref" v="A1213"/>
    <tag k="sidewalk:left" v="separate"/>
    <tag k="sidewalk:right" v="yes"/>
    <tag k="sidewalk:right:surface" v="paving_stones"/>
    <tag k="smoothness" v="good"/>
    <tag k="surface" v="asphalt"/>
    <tag k="vehicle:backward:conditional" v="no @ (Mo-Fr 07:00-19:00)"/>
    <tag k="vehicle:forward:conditional" v="no @ (Mo-Fr 00:00-07:00,19:00-24:00)"/>
    <tag k="wikidata" v="Q19399894"/>
  </way>
  <way id="28811322">
    <nd ref="28800671"/>
    <nd ref="5046314073"/>
    <nd ref="5046314090"/>
    <nd ref="5046314077"/>
    <nd ref="5224630617"/>
    <nd ref="28800689"/>
    <tag k="cycleway" v="opposite"/>
    <tag k="highway" v="unclassified"/>
    <tag k="lanes" v="1"/>
    <tag k="maxspeed" v="20 mph"/>
    <tag k="name" v="Russia Row"/>
    <tag k="oneway" v="yes"/>
    <tag k="oneway:bicycle" v="no"/>
    <tag k="postal_code" v="EC2"/>
    <tag k="ref:GB:usrn" v="8100457"/>
    <tag k="sidewalk:both" v="separate"/>
    <tag k="surface" v="asphalt"/>
    <tag k="wikidata" v="Q48698860"/>
  </way>
  <way id="28811323">
    <nd ref="11074295286"/>
    <nd ref="11074295285"/>
    <nd ref="5046314057"/>
    <tag k="highway" v="footway"/>
    <tag k="name" v="Compter Passage"/>
    <tag k="surface" v="paved"/>
  </way>
  <way id="28811324">
    <nd ref="316763500"/>
    <nd ref="1718328280"/>
    <tag k="highway" v="footway"/>
    <tag k="name" v="Honey Lane"/>
    <tag k="wikidata" v="Q66009343"/>
  </way>
  <way id="28811328">
    <nd ref="316763513"/>
    <nd ref="5046005758"/>
    <nd ref="5046005745"/>
    <nd ref="5046005743"/>
    <nd ref="316763545"/>
    <tag k="highway" v="unclassified"/>
    <tag k="lanes" v="2"/>
    <tag k="maxspeed" v="20 mph"/>
    <tag k="name" v="Lawrence Lane"/>
    <tag k="name:etymology:wikidata" v="Q11704046"/>
    <tag k="postal_code" v="EC2"/>
    <tag k="ref:GB:usrn" v="8100314"/>
    <tag k="sidewalk:both" v="separate"/>
    <tag k="wikidata" v="Q48698883"/>
  </way>
  <way id="28811329">
    <nd ref="316763545"/>
    <nd ref="5046005737"/>
    <nd ref="1718328442"/>
    <nd ref="1718328445"/>
    <tag k="highway" v="pedestrian"/>
    <tag k="name" v="Lawrence Lane"/>
    <tag k="name:etymology:wikidata" v="Q11704046"/>
  </way>
  <way id="28870897">
    <nd ref="316763513"/>
    <nd ref="5046005772"/>
    <nd ref="10794350029"/>
    <nd ref="317380078"/>
    <tag k="highway" v="unclassified"/>
    <tag k="maxspeed" v="20 mph"/>
    <tag k="name" v="Lawrence Lane"/>
    <tag k="name:etymology:wikidata" v="Q11704046"/>
    <tag k="postal_code" v="EC2"/>
    <tag k="ref:GB:usrn" v="8100314"/>
    <tag k="sidewalk" v="both"/>
    <tag k="wikidata" v="Q48698883"/>
  </way>
  <way id="31718233">
    <nd ref="354886082"/>
    <nd ref="3114645200"/>
    <nd ref="3334764218"/>
    <nd ref="12394542625"/>
    <nd ref="354886099"/>
    <tag k="foot" v="yes"/>
    <tag k="highway" v="footway"/>
    <tag k="name" v="Austin Friars"/>
  </way>
  <way id="39123708">
    <nd ref="8336028515"/>
    <nd ref="2387207423"/>
    <tag k="cycleway:left" v="lane"/>
    <tag k="dual_carriageway" v="yes"/>
    <tag k="highway" v="tertiary"/>
    <tag k="lanes" v="1"/>
    <tag k="lit" v="yes"/>
    <tag k="maxspeed" v="20 mph"/>
    <tag k="name" v="Queen Victoria Street"/>
    <tag k="name:etymology:wikidata" v="Q9439"/>
    <tag k="oneway" v="yes"/>
    <tag k="postal_code" v="EC4"/>
    <tag k="ref:GB:usrn" v="8100442"/>
    <tag k="sidewalk:left" v="separate"/>
    <tag k="sidewalk:right" v="no"/>
    <tag k="surface" v="asphalt"/>
    <tag k="wikidata" v="Q4581969"/>
    <tag k="wikipedia" v="en:Queen Victoria Street, London"/>
  </way>
  <way id="44829971">
    <nd ref="9781190368"/>
    <nd ref="12734457044"/>
    <nd ref="25248123"/>
    <nd ref="30056277"/>
    <nd ref="25248124"/>
    <nd ref="25248125"/>
    <nd ref="1211381855"/>
    <nd ref="30078473"/>
    <nd ref="4077599544"/>
    <nd ref="5334625293"/>
    <tag k="bus" v="yes"/>
    <tag k="cycleway:both" v="no"/>
    <tag k="highway" v="primary"/>
    <tag k="lanes" v="2"/>
    <tag k="lit" v="yes"/>
    <tag k="maxspeed" v="20 mph"/>
    <tag k="motor_vehicle:conditional" v="no @ (Mo-Fr 07:00-19:00)"/>
    <tag k="name" v="Gracechurch Street"/>
    <tag k="operator" v="Transport for London"/>
    <tag k="operator:wikidata" v="Q682520"/>
    <tag k="postal_code" v="EC3"/>
    <tag k="ref" v="A1213"/>
    <tag k="sidewalk:left" v="yes"/>
    <tag k="sidewalk:left:surface" v="paving_stones"/>
    <tag k="sidewalk:right" v="separate"/>
    <tag k="smoothness" v="excellent"/>
    <tag k="surface" v="asphalt"/>
    <tag k="wikidata" v="Q5591440"/>
  </way>
  <way id="49775879">
    <nd ref="21990631"/>
    <nd ref="9042025325"/>
    <tag k="cycleway:right" v="lane"/>
    <tag k="cycleway:right:oneway" v="-1"/>
    <tag k="highway" v="unclassified"/>
    <tag k="lit" v="yes"/>
    <tag k="maxspeed" v="20 mph"/>
    <tag k="name" v="Coleman Street"/>
    <tag k="oneway" v="yes"/>
    <tag k="oneway:bicycle" v="no"/>
    <tag k="postal_code" v="EC2"/>
    <tag k="ref:GB:usrn" v="8100141"/>
    <tag k="sidewalk:both" v="separate"/>
    <tag k="surface" v="asphalt"/>
    <tag k="wikidata" v="Q28846054"/>
  </way>
  <way id="53081721">
    <nd ref="672061444"/>
    <nd ref="11081617006"/>
    <nd ref="6985379030"/>
    <nd ref="672061646"/>
    <tag k="highway" v="footway"/>
    <tag k="name" v="Founders Court"/>
    <tag k="source" v="local_knowledge"/>
    <tag k="surface" v="paving_stones"/>
  </way>
  <way id="59161445">
    <nd ref="10677374"/>
    <nd ref="2406484479"/>
    <nd ref="1721713677"/>
    <nd ref="9030121412"/>
    <nd ref="672061444"/>
    <nd ref="6985373981"/>
    <nd ref="1312188714"/>
    <tag k="highway" v="unclassified"/>
    <tag k="lanes" v="1"/>
    <tag k="lit" v="yes"/>
    <tag k="maxspeed" v="20 mph"/>
    <tag k="name" v="Lothbury"/>
    <tag k="oneway" v="yes"/>
    <tag k="sidewalk:left" v="separate"/>
    <tag k="sidewalk:right" v="no"/>
    <tag k="surface" v="asphalt"/>
  </way>
  <way id="83570908">
    <nd ref="28800689"/>
    <nd ref="5046314092"/>
    <nd ref="5046314091"/>
    <nd ref="13919461711"/>
    <nd ref="5247852872"/>
    <tag k="cycleway:both" v="no"/>
    <tag k="highway" v="unclassified"/>
    <tag k="lanes" v="1"/>
    <tag k="maxspeed" v="20 mph"/>
    <tag k="name" v="Trump Street"/>
    <tag k="oneway" v="yes"/>
    <tag k="oneway:bicycle" v="no"/>
    <tag k="postal_code" v="EC2"/>
    <tag k="ref:GB:usrn" v="8100541"/>
    <tag k="sidewalk:both" v="separate"/>
    <tag k="surface" v="asphalt"/>
    <tag k="wikidata" v="Q47158155"/>
  </way>
  <way id="83731207">
    <nd ref="250550174"/>
    <nd ref="1401908258"/>
    <nd ref="11081568981"/>
    <nd ref="28800661"/>
    <tag k="highway" v="unclassified"/>
    <tag k="maxspeed" v="20 mph"/>
    <tag k="name" v="Aldermanbury"/>
    <tag k="sidewalk:both" v="yes"/>
    <tag k="surface" v="paving_stones"/>
    <tag k="wikidata" v="Q65728383"/>
  </way>
  <way id="90244111">
    <nd ref="4922952351"/>
    <nd ref="6117895982"/>
    <nd ref="6117895983"/>
    <nd ref="1046334318"/>
    <tag k="highway" v="footway"/>
    <tag k="lit" v="no"/>
    <tag k="smoothness" v="excellent"/>
    <tag k="surface" v="paving_stones"/>
  </way>
  <way id="98944600">
    <nd ref="1569300062"/>
    <nd ref="1144619343"/>
    <nd ref="1717643483"/>
    <tag k="access" v="private"/>
    <tag k="highway" v="service"/>
    <tag k="source" v="survey/Bing"/>
    <tag k="surface" v="paving_stones"/>
  </way>
  <way id="99944955">
    <nd ref="25067268"/>
    <nd ref="25067269"/>
    <nd ref="25067307"/>
    <nd ref="6967585842"/>
    <nd ref="7824747305"/>
    <nd ref="25161373"/>
    <tag k="cycleway:left" v="separate"/>
    <tag k="cycleway:left:oneway" v="no"/>
    <tag k="dual_carriageway" v="yes"/>
    <tag k="highway" v="primary"/>
    <tag k="lanes" v="1"/>
    <tag k="lit" v="yes"/>
    <tag k="maxspeed" v="20 mph"/>
    <tag k="name" v="Upper Thames Street"/>
    <tag k="oneway" v="yes"/>
    <tag k="operator" v="Transport for London"/>
    <tag k="operator:wikidata" v="Q682520"/>
    <tag k="postal_code" v="EC3"/>
    <tag k="ref" v="A3211"/>
    <tag k="ref:GB:usrn" v="8100545;8100895"/>
    <tag k="sidewalk:left" v="separate"/>
    <tag k="sidewalk:right" v="no"/>
    <tag k="surface" v="asphalt"/>
    <tag k="wikidata" v="Q21031140"/>
  </way>
  <way id="100511756">
    <nd ref="28800671"/>
    <nd ref="11074295286"/>
    <nd ref="1311962055"/>
    <nd ref="1311961988"/>
    <nd ref="7847720729"/>
    <tag k="highway" v="pedestrian"/>
    <tag k="lit" v="yes"/>
    <tag k="name" v="Milk Street"/>
    <tag k="postal_code" v="EC2"/>
    <tag k="ref:GB:usrn" v="8100354"/>
    <tag k="surface" v="paving_stones"/>
    <tag k="wikidata" v="Q48699064"/>
  </way>
  <way id="102730451">
    <nd ref="1186508405"/>
    <nd ref="12905496422"/>
    <nd ref="25067473"/>
    <nd ref="12905496429"/>
    <nd ref="25067476"/>
    <nd ref="1951616322"/>
    <nd ref="11097085160"/>
    <nd ref="25161360"/>
    <tag k="highway" v="residential"/>
    <tag k="maxspeed" v="20 mph"/>
    <tag k="name" v="Bush Lane"/>
    <tag k="postal_code" v="EC4"/>
    <tag k="sidewalk:both" v="separate"/>
    <tag k="source:name" v="local knowledge"/>
    <tag k="surface" v="asphalt"/>
  </way>
  <way id="102730452">
    <nd ref="25067474"/>
    <nd ref="12895578148"/>
    <nd ref="5104314361"/>
    <nd ref="1186508443"/>
    <nd ref="5141625622"/>
    <nd ref="11104960046"/>
    <nd ref="5141625621"/>
    <tag k="access" v="private"/>
    <tag k="highway" v="service"/>
    <tag k="level" v="0"/>
    <tag k="note" v="At street level (below the concourse)"/>
    <tag k="service" v="driveway"/>
    <tag k="tunnel" v="building_passage"/>
  </way>
  <way id="112697637">
    <nd ref="104322"/>
    <nd ref="1684511838"/>
    <nd ref="7836164763"/>
    <nd ref="25161368"/>
    <nd ref="7836164764"/>
    <tag k="highway" v="tertiary"/>
    <tag k="lanes" v="2"/>
    <tag k="lit" v="yes"/>
    <tag k="maxspeed" v="20 mph"/>
    <tag k="name" v="Cheapside"/>
    <tag k="postal_code" v="EC2"/>
    <tag k="sidewalk:both" v="separate"/>
    <tag k="surface" v="asphalt"/>
    <tag k="wikidata" v="Q1068693"/>
  </way>
  <way id="116174914">
    <nd ref="1310663631"/>
    <nd ref="12394542631"/>
    <nd ref="250327037"/>
    <tag k="alt_name" v="Austin Friars"/>
    <tag k="highway" v="unclassified"/>
    <tag k="maxspeed" v="20 mph"/>
    <tag k="name" v="Austin Friars Square"/>
    <tag k="name:etymology:wikidata" v="Q4823089"/>
    <tag k="note" v="Nothinig on the ground but OS (and others) call this extension of Austin Friars - Austin Friars Square"/>
    <tag k="source" v="OS Streetview"/>
  </way>
  <way id="126416790">
    <nd ref="1401416208"/>
    <nd ref="8868010159"/>
    <nd ref="3768819267"/>
    <nd ref="2297390019"/>
    <nd ref="3768819261"/>
    <tag k="highway" v="footway"/>
    <tag k="image" v="https://archive.org/details/cityoflondon2018-11-21/City%20of%20London%202018-11-21/DSCN8512.JPG"/>
    <tag k="surface" v="paving_stones"/>
  </way>
  <way id="126469808">
    <nd ref="1401908258"/>
    <nd ref="13830089626"/>
    <nd ref="1401908257"/>
    <nd ref="1401908260"/>
    <tag k="highway" v="footway"/>
    <tag k="surface" v="paving_stones"/>
  </way>
  <way id="136128921">
    <nd ref="25071026"/>
    <nd ref="11741109337"/>
    <nd ref="2793874539"/>
    <nd ref="12425016903"/>
    <nd ref="12714658497"/>
    <nd ref="2793874536"/>
    <nd ref="12714660005"/>
    <nd ref="2793874532"/>
    <nd ref="2793874533"/>
    <nd ref="12714660006"/>
    <nd ref="2793874534"/>
    <nd ref="12714658496"/>
    <nd ref="1493726272"/>
    <nd ref="2793874531"/>
    <nd ref="2793874528"/>
    <nd ref="2793874529"/>
    <nd ref="12716689604"/>
    <nd ref="12898836635"/>
    <nd ref="12898836634"/>
    <nd ref="12898836633"/>
    <nd ref="12898836632"/>
    <nd ref="12898836631"/>
    <nd ref="12898836646"/>
    <nd ref="12898836630"/>
    <nd ref="12898836629"/>
    <nd ref="12898836628"/>
    <nd ref="12898836627"/>
    <nd ref="12898836626"/>
    <nd ref="12716689605"/>
    <nd ref="12714660028"/>
    <nd ref="375562283"/>
    <nd ref="12716689656"/>
    <nd ref="375562281"/>
    <nd ref="13816415649"/>
    <nd ref="1569216656"/>
    <nd ref="1493726271"/>
    <nd ref="25071026"/>
    <tag k="area" v="yes"/>
    <tag k="foot" v="yes"/>
    <tag k="highway" v="pedestrian"/>
    <tag k="lit" v="yes"/>
    <tag k="surface" v="paving_stones"/>
  </way>
  <way id="136515802">
    <nd ref="11745018758"/>
    <nd ref="11745018755"/>
    <nd ref="11745018754"/>
    <nd ref="1497452174"/>
    <tag k="foot" v="yes"/>
    <tag k="highway" v="footway"/>
    <tag k="lit" v="yes"/>
    <tag k="motor_vehicle" v="no"/>
    <tag k="name" v="Ball Court"/>
    <tag k="surface" v="paving_stones"/>
  </way>
  <way id="142983963">
    <nd ref="259252666"/>
    <nd ref="5238587995"/>
    <tag k="highway" v="service"/>
    <tag k="name" v="Talbot Court"/>
    <tag k="surface" v="paved"/>
  </way>
  <way id="155419704">
    <nd ref="2387207426"/>
    <nd ref="9021498664"/>
    <nd ref="2387207425"/>
    <tag k="cycleway" v="no"/>
    <tag k="dual_carriageway" v="yes"/>
    <tag k="highway" v="tertiary"/>
    <tag k="lit" v="yes"/>
    <tag k="maxspeed" v="20 mph"/>
    <tag k="name" v="Cannon Street"/>
    <tag k="oneway" v="yes"/>
    <tag k="postal_code" v="EC4"/>
    <tag k="sidewalk:left" v="separate"/>
    <tag k="sidewalk:right" v="no"/>
    <tag k="surface" v="asphalt"/>
    <tag k="wikidata" v="Q2936432"/>
    <tag k="wikipedia" v="en:Cannon Street"/>
  </way>
  <way id="155430500">
    <nd ref="1678245237"/>
    <nd ref="30057968"/>
    <nd ref="30056277"/>
    <tag k="foot" v="permissive"/>
    <tag k="highway" v="pedestrian"/>
    <tag k="lit" v="yes"/>
    <tag k="name" v="Leadenhall Market"/>
    <tag k="oneway" v="yes"/>
    <tag k="postal_code" v="EC3"/>
    <tag k="surface" v="asphalt"/>
  </way>
  <way id="156167666">
    <nd ref="1684511892"/>
    <nd ref="11081677220"/>
    <nd ref="25066453"/>
    <tag k="highway" v="footway"/>
    <tag k="lit" v="yes"/>
    <tag k="name" v="Prudent Passage"/>
    <tag k="postal_code" v="EC2"/>
    <tag k="source:name" v="local knowledge"/>
  </way>
  <way id="156167667">
    <nd ref="1684511897"/>
    <nd ref="1684511892"/>
    <tag k="covered" v="yes"/>
    <tag k="highway" v="footway"/>
    <tag k="lit" v="yes"/>
    <tag k="name" v="Prudent Passage"/>
    <tag k="postal_code" v="EC2"/>
    <tag k="ref:GB:usrn" v="8100435"/>
    <tag k="source:name" v="local knowledge"/>
    <tag k="surface" v="paving_stones"/>
    <tag k="wikidata" v="Q66146906"/>
  </way>
  <way id="156172969">
    <nd ref="1312264614"/>
    <nd ref="1401908253"/>
    <nd ref="1401908251"/>
    <nd ref="1401908247"/>
    <nd ref="1684549812"/>
    <nd ref="1684511957"/>
    <nd ref="1684511958"/>
    <nd ref="1684511959"/>
    <nd ref="1684511964"/>
    <nd ref="1684511974"/>
    <nd ref="1684511973"/>
    <nd ref="1684511972"/>
    <nd ref="1684511971"/>
    <nd ref="1684511977"/>
    <nd ref="28800669"/>
    <nd ref="1312264614"/>
    <tag k="area" v="yes"/>
    <tag k="highway" v="pedestrian"/>
    <tag k="source" v="Bing;photographic_survey"/>
    <tag k="surface" v="paving_stones"/>
  </way>
  <way id="156267849">
    <nd ref="1685276643"/>
    <nd ref="250549700"/>
    <tag k="foot" v="yes"/>
    <tag k="highway" v="footway"/>
  </way>
  <way id="159646586">
    <nd ref="1717643537"/>
    <nd ref="11081677239"/>
    <nd ref="1717643534"/>
    <nd ref="1717643530"/>
    <tag k="access" v="private"/>
    <tag k="highway" v="service"/>
    <tag k="source" v="survey/Bing"/>
  </way>
  <way id="159646588">
    <nd ref="1717643505"/>
    <nd ref="12799881577"/>
    <nd ref="1717643512"/>
    <tag k="access" v="private"/>
    <tag k="highway" v="service"/>
    <tag k="source" v="survey"/>
  </way>
  <way id="159648094">
    <nd ref="1717650794"/>
    <nd ref="13819722442"/>
    <nd ref="11081677228"/>
    <nd ref="1717650791"/>
    <nd ref="1717650787"/>
    <nd ref="1718390753"/>
    <tag k="access" v="private"/>
    <tag k="highway" v="footway"/>
    <tag k="source" v="survey"/>
  </way>
  <way id="159718167">
    <nd ref="1718328442"/>
    <nd ref="11083904933"/>
    <nd ref="1718328439"/>
    <nd ref="1718328437"/>
    <nd ref="11081617032"/>
    <nd ref="1718328435"/>
    <tag k="highway" v="footway"/>
    <tag k="surface" v="paved"/>
  </way>
  <way id="159751204">
    <nd ref="1718566883"/>
    <nd ref="1718566886"/>
    <tag k="access" v="private"/>
    <tag k="highway" v="service"/>
    <tag k="source" v="survey"/>
  </way>
  <way id="159844956">
    <nd ref="1719422038"/>
    <nd ref="9856119639"/>
    <nd ref="21990628"/>
    <nd ref="9030155750"/>
    <nd ref="9030155751"/>
    <tag k="highway" v="unclassified"/>
    <tag k="lane_markings" v="no"/>
    <tag k="maxspeed" v="20 mph"/>
    <tag k="name" v="King's Arms Yard"/>
    <tag k="surface" v="asphalt"/>
  </way>
  <way id="159925742">
    <nd ref="1719899595"/>
    <nd ref="5087519101"/>
    <nd ref="2334502396"/>
    <tag k="highway" v="footway"/>
    <tag k="name" v="Groveland Court"/>
    <tag k="source:name" v="local knowledge"/>
  </way>
  <way id="159925743">
    <nd ref="1719899591"/>
    <nd ref="1719899595"/>
    <tag k="covered" v="yes"/>
    <tag k="highway" v="footway"/>
    <tag k="name" v="Groveland Court"/>
    <tag k="source:name" v="local knowledge"/>
    <tag k="tunnel" v="building_passage"/>
  </way>
  <way id="159925749">
    <nd ref="5087519098"/>
    <nd ref="1719899617"/>
    <tag k="covered" v="yes"/>
    <tag k="highway" v="footway"/>
    <tag k="lit" v="yes"/>
    <tag k="name" v="Well Court"/>
    <tag k="source:name" v="local knowledge"/>
    <tag k="surface" v="paved"/>
    <tag k="tunnel" v="building_passage"/>
  </way>
  <way id="159925751">
    <nd ref="1719899611"/>
    <nd ref="25066340"/>
    <nd ref="5087519091"/>
    <tag k="highway" v="footway"/>
    <tag k="lit" v="yes"/>
    <tag k="name" v="Well Court"/>
    <tag k="source:name" v="local knowledge"/>
    <tag k="surface" v="paved"/>
    <tag k="tunnel" v="building_passage"/>
  </way>
  <way id="161357557">
    <nd ref="1733389217"/>
    <nd ref="1733389230"/>
    <nd ref="1733389314"/>
    <nd ref="1733389239"/>
    <nd ref="1733389249"/>
    <tag k="highway" v="footway"/>
    <tag k="surface" v="paving_stones"/>
  </way>
  <way id="161357573">
    <nd ref="1733389314"/>
    <nd ref="1733389325"/>
    <tag k="highway" v="footway"/>
  </way>
  <way id="161357575">
    <nd ref="1733389325"/>
    <nd ref="1733389330"/>
    <tag k="conveying" v="yes"/>
    <tag k="escalator_dir" v="up"/>
    <tag k="highway" v="steps"/>
    <tag k="incline" v="down"/>
  </way>
  <way id="161357586">
    <nd ref="1733389314"/>
    <nd ref="1733389332"/>
    <tag k="highway" v="footway"/>
  </way>
  <way id="161357590">
    <nd ref="1733389332"/>
    <nd ref="1733389342"/>
    <tag k="conveying" v="yes"/>
    <tag k="escalator_dir" v="down"/>
    <tag k="highway" v="steps"/>
    <tag k="incline" v="down"/>
  </way>
  <way id="161357593">
    <nd ref="1733389342"/>
    <nd ref="1733389349"/>
    <tag k="highway" v="footway"/>
  </way>
  <way id="161357597">
    <nd ref="1733389330"/>
    <nd ref="1733389349"/>
    <tag k="highway" v="footway"/>
  </way>
  <way id="161357601">
    <nd ref="1733389358"/>
    <nd ref="1733389349"/>
    <nd ref="1733389353"/>
    <tag k="highway" v="footway"/>
    <tag k="layer" v="-1"/>
    <tag k="level" v="-1"/>
    <tag k="tunnel" v="yes"/>
  </way>
  <way id="161357607">
    <nd ref="5473274899"/>
    <nd ref="560717337"/>
    <tag k="highway" v="steps"/>
    <tag k="incline" v="up"/>
    <tag k="indoor" v="yes"/>
    <tag k="level" v="-0.5;0"/>
    <tag k="step_count" v="15"/>
  </way>
  <way id="163637233">
    <nd ref="5473274721"/>
    <nd ref="5473274720"/>
    <tag k="handrail" v="yes"/>
    <tag k="highway" v="steps"/>
    <tag k="incline" v="up"/>
    <tag k="level" v="-0.7;0"/>
    <tag k="step_count" v="9"/>
  </way>
  <way id="163637234">
    <nd ref="5473274971"/>
    <nd ref="1753024910"/>
    <tag k="highway" v="steps"/>
    <tag k="incline" v="down"/>
    <tag k="level" v="-1;0"/>
    <tag k="step_count" v="20"/>
  </way>
  <way id="164599203">
    <nd ref="1762163776"/>
    <nd ref="1939558644"/>
    <nd ref="24949783"/>
    <nd ref="1311961944"/>
    <nd ref="5473274969"/>
    <nd ref="8807431561"/>
    <nd ref="2538458886"/>
    <nd ref="1939558661"/>
    <nd ref="10660049647"/>
    <nd ref="10660049646"/>
    <tag k="highway" v="service"/>
    <tag k="maxspeed" v="20 mph"/>
    <tag k="name" v="Mansion House Place"/>
    <tag k="name:etymology:wikidata" v="Q1786933"/>
    <tag k="service" v="alley"/>
    <tag k="surface" v="paving_stones"/>
  </way>
  <way id="166515017">
    <nd ref="1779589718"/>
    <nd ref="5165786226"/>
    <nd ref="1779589717"/>
    <nd ref="2921782369"/>
    <tag k="highway" v="footway"/>
  </way>
  <way id="166537414">
    <nd ref="5218844445"/>
    <nd ref="24950065"/>
    <nd ref="5227220845"/>
    <tag k="highway" v="unclassified"/>
    <tag k="maxspeed" v="20 mph"/>
    <tag k="name" v="Lombard Court"/>
    <tag k="surface" v="asphalt"/>
  </way>
  <way id="167304111">
    <nd ref="1787108624"/>
    <nd ref="2920433450"/>
    <tag k="highway" v="steps"/>
  </way>
  <way id="178302939">
    <nd ref="3100169049"/>
    <nd ref="6369361786"/>
    <nd ref="6369361787"/>
    <nd ref="6369361785"/>
    <nd ref="107637"/>
    <tag k="bicycle" v="yes"/>
    <tag k="cycleway:both" v="no"/>
    <tag k="foot" v="yes"/>
    <tag k="highway" v="pedestrian"/>
    <tag k="name" v="Walbrook"/>
    <tag k="oneway" v="yes"/>
    <tag k="oneway:bicycle" v="no"/>
    <tag k="sidewalk" v="both"/>
    <tag k="surface" v="paving_stones"/>
  </way>
  <way id="179066650">
    <nd ref="1894028824"/>
    <nd ref="1894028825"/>
    <tag k="highway" v="footway"/>
    <tag k="layer" v="-1"/>
    <tag k="tunnel" v="yes"/>
  </way>
  <way id="179066653">
    <nd ref="1894028832"/>
    <nd ref="1894028829"/>
    <tag k="highway" v="footway"/>
    <tag k="layer" v="-1"/>
    <tag k="surface" v="asphalt"/>
    <tag k="tunnel" v="yes"/>
  </way>
  <way id="179066654">
    <nd ref="1894028832"/>
    <nd ref="1894028824"/>
    <nd ref="1894028830"/>
    <tag k="highway" v="footway"/>
    <tag k="layer" v="-1"/>
    <tag k="tunnel" v="yes"/>
  </way>
  <way id="179066656">
    <nd ref="1894028829"/>
    <nd ref="1590789224"/>
    <tag k="highway" v="steps"/>
    <tag k="layer" v="-1"/>
    <tag k="surface" v="concrete"/>
  </way>
  <way id="183499309">
    <nd ref="4830306812"/>
    <nd ref="1311962016"/>
    <nd ref="6380335603"/>
    <tag k="crossing" v="traffic_signals"/>
    <tag k="crossing:markings" v="dots"/>
    <tag k="crossing:signals" v="yes"/>
    <tag k="footway" v="crossing"/>
    <tag k="highway" v="footway"/>
    <tag k="lit" v="yes"/>
    <tag k="surface" v="asphalt"/>
  </way>
  <way id="183499313">
    <nd ref="4830306810"/>
    <nd ref="1938819317"/>
    <nd ref="6380335606"/>
    <tag k="crossing" v="traffic_signals"/>
    <tag k="crossing:markings" v="dots"/>
    <tag k="crossing:signals" v="yes"/>
    <tag k="footway" v="crossing"/>
    <tag k="highway" v="footway"/>
    <tag k="lit" v="yes"/>
    <tag k="surface" v="asphalt"/>
  </way>
  <way id="183555208">
    <nd ref="1312188886"/>
    <nd ref="2218344498"/>
    <nd ref="1939558664"/>
    <nd ref="10660049649"/>
    <nd ref="2218344505"/>
    <tag k="cycleway:left" v="no"/>
    <tag k="highway" v="tertiary"/>
    <tag k="lane_markings" v="no"/>
    <tag k="lit" v="yes"/>
    <tag k="maxspeed" v="20 mph"/>
    <tag k="motor_vehicle:conditional" v="no @ (Mo-Fr 07:00-19:00)"/>
    <tag k="name" v="Cornhill"/>
    <tag k="oneway" v="yes"/>
    <tag k="operator" v="City of London"/>
    <tag k="operator:wikidata" v="Q1094147"/>
    <tag k="sidewalk:left" v="separate"/>
    <tag k="sidewalk:right" v="no"/>
    <tag k="surface" v="asphalt"/>
    <tag k="taxi" v="yes"/>
    <tag k="wikidata" v="Q28846065"/>
  </way>
  <way id="183555211">
    <nd ref="1939558650"/>
    <nd ref="2218362310"/>
    <nd ref="1939558651"/>
    <tag k="highway" v="tertiary"/>
    <tag k="lanes" v="2"/>
    <tag k="lit" v="yes"/>
    <tag k="maxspeed" v="20 mph"/>
    <tag k="motor_vehicle:conditional" v="no @ (Mo-Fr 07:00-19:00)"/>
    <tag k="name" v="Lombard Street"/>
    <tag k="not:name" v="Prince's Street"/>
    <tag k="oneway" v="no"/>
    <tag k="oneway:bicycle" v="no"/>
    <tag k="sidewalk" v="both"/>
    <tag k="source:name" v="local knowledge, street sign, web"/>
    <tag k="surface" v="asphalt"/>
    <tag k="wikidata" v="Q1432321"/>
  </way>
  <way id="183555212">
    <nd ref="2961557"/>
    <nd ref="5925584204"/>
    <nd ref="1939558647"/>
    <nd ref="1939558648"/>
    <nd ref="1939558649"/>
    <tag k="cycleway:left" v="lane"/>
    <tag k="highway" v="tertiary"/>
    <tag k="lanes" v="2"/>
    <tag k="lit" v="yes"/>
    <tag k="maxspeed" v="20 mph"/>
    <tag k="name" v="Lombard Street"/>
    <tag k="oneway" v="no"/>
    <tag k="oneway:bicycle" v="no"/>
    <tag k="sidewalk" v="both"/>
    <tag k="source:name" v="local knowledge"/>
    <tag k="surface" v="asphalt"/>
    <tag k="wikidata" v="Q1432321"/>
  </way>
  <way id="183555218">
    <nd ref="1939558697"/>
    <nd ref="10660433979"/>
    <nd ref="1939558667"/>
    <tag k="bicycle:backward" v="designated"/>
    <tag k="bus:backward" v="designated"/>
    <tag k="highway" v="tertiary"/>
    <tag k="lane_markings" v="no"/>
    <tag k="lit" v="yes"/>
    <tag k="maxspeed" v="20 mph"/>
    <tag k="motor_vehicle:conditional" v="no @ (Mo-Fr 07:00-19:00)"/>
    <tag k="name" v="Princes Street"/>
    <tag k="not:name" v="Prince's Street"/>
    <tag k="sidewalk:both" v="separate"/>
    <tag k="source:name" v="local knowledge, street sign, web"/>
    <tag k="surface" v="asphalt"/>
    <tag k="vehicle:backward" v="no"/>
  </way>
  <way id="183555228">
    <nd ref="1312264600"/>
    <nd ref="10603058337"/>
    <tag k="cycleway:both" v="no"/>
    <tag k="highway" v="unclassified"/>
    <tag k="lanes" v="1"/>
    <tag k="lit" v="yes"/>
    <tag k="maxspeed" v="20 mph"/>
    <tag k="name" v="Queen Victoria Street"/>
    <tag k="name:etymology:wikidata" v="Q9439"/>
    <tag k="oneway" v="yes"/>
    <tag k="oneway:bicycle" v="no"/>
    <tag k="ref:GB:usrn" v="8100442"/>
    <tag k="sidewalk:both" v="separate"/>
    <tag k="surface" v="asphalt"/>
    <tag k="was:cycleway:left" v="lane"/>
    <tag k="wikidata" v="Q4581969"/>
    <tag k="wikipedia" v="en:Queen Victoria Street, London"/>
  </way>
  <way id="183555236">
    <nd ref="2538458894"/>
    <nd ref="5473274862"/>
    <nd ref="5473274863"/>
    <nd ref="5473274864"/>
    <nd ref="5473274865"/>
    <nd ref="10660049642"/>
    <nd ref="11340458606"/>
    <tag k="footway" v="sidewalk"/>
    <tag k="highway" v="footway"/>
    <tag k="lit" v="yes"/>
    <tag k="surface" v="paving_stones"/>
  </way>
  <way id="183555239">
    <nd ref="1312264600"/>
    <nd ref="9021504716"/>
    <nd ref="2218362336"/>
    <nd ref="10863912212"/>
    <tag k="foot" v="no"/>
    <tag k="highway" v="cycleway"/>
    <tag k="lit" v="yes"/>
    <tag k="name" v="Queen Victoria Street"/>
    <tag k="name:etymology:wikidata" v="Q9439"/>
    <tag k="oneway" v="yes"/>
    <tag k="ref:GB:usrn" v="8100442"/>
    <tag k="sidewalk:left" v="separate"/>
    <tag k="sidewalk:right" v="no"/>
    <tag k="surface" v="asphalt"/>
    <tag k="wikidata" v="Q4581969"/>
    <tag k="wikipedia" v="en:Queen Victoria Street, London"/>
  </way>
  <way id="184658156">
    <nd ref="25532384"/>
    <nd ref="5238587994"/>
    <nd ref="4077599543"/>
    <nd ref="4077599545"/>
    <nd ref="5238587992"/>
    <nd ref="5227220846"/>
    <nd ref="6463234329"/>
    <nd ref="7797731341"/>
    <nd ref="7797731343"/>
    <nd ref="2793874522"/>
    <nd ref="109414"/>
    <tag k="bus" v="yes"/>
    <tag k="cycleway:both" v="no"/>
    <tag k="highway" v="primary"/>
    <tag k="lanes" v="2"/>
    <tag k="lit" v="yes"/>
    <tag k="maxspeed" v="20 mph"/>
    <tag k="motor_vehicle:forward:conditional" v="no @ (Mo-Fr 07:00-19:00)"/>
    <tag k="name" v="Gracechurch Street"/>
    <tag k="operator" v="Transport for London"/>
    <tag k="operator:wikidata" v="Q682520"/>
    <tag k="postal_code" v="EC3"/>
    <tag k="ref" v="A1213"/>
    <tag k="sidewalk" v="both"/>
    <tag k="sidewalk:both:surface" v="asphalt"/>
    <tag k="surface" v="asphalt"/>
    <tag k="wikidata" v="Q5591440"/>
    <tag k="wikipedia" v="en:Gracechurch Street"/>
  </way>
  <way id="184658161">
    <nd ref="25532384"/>
    <nd ref="13810673626"/>
    <nd ref="1951616319"/>
    <tag k="cycleway:left" v="no"/>
    <tag k="highway" v="primary"/>
    <tag k="lanes" v="1"/>
    <tag k="lit" v="yes"/>
    <tag k="maxspeed" v="20 mph"/>
    <tag k="name" v="Gracechurch Street"/>
    <tag k="oneway" v="yes"/>
    <tag k="operator" v="Transport for London"/>
    <tag k="operator:wikidata" v="Q682520"/>
    <tag k="postal_code" v="EC3"/>
    <tag k="ref" v="A1213"/>
    <tag k="sidewalk" v="left"/>
    <tag k="smoothness" v="excellent"/>
    <tag k="surface" v="asphalt"/>
    <tag k="wikidata" v="Q5591440"/>
  </way>
  <way id="188120784">
    <nd ref="25067398"/>
    <nd ref="5141625621"/>
    <nd ref="5141625625"/>
    <nd ref="5141625630"/>
    <nd ref="25067400"/>
    <nd ref="11097085180"/>
    <nd ref="6369361797"/>
    <nd ref="5141625703"/>
    <nd ref="107637"/>
    <tag k="highway" v="unclassified"/>
    <tag k="maxspeed" v="20 mph"/>
    <tag k="name" v="Dowgate Hill"/>
    <tag k="oneway" v="yes"/>
    <tag k="ref:GB:usrn" v="8100177"/>
    <tag k="sidewalk:both" v="separate"/>
    <tag k="source:name" v="local knowledge"/>
    <tag k="surface" v="asphalt"/>
  </way>
  <way id="189708537">
    <nd ref="2003007012"/>
    <nd ref="1779881394"/>
    <nd ref="1779881392"/>
    <tag k="access" v="private"/>
    <tag k="highway" v="service"/>
    <tag k="lanes" v="2"/>
    <tag k="sidewalk" v="no"/>
  </way>
  <way id="211899526">
    <nd ref="2528522522"/>
    <nd ref="2622219462"/>
    <tag k="footway" v="sidewalk"/>
    <tag k="highway" v="footway"/>
    <tag k="lit" v="yes"/>
    <tag k="surface" v="asphalt"/>
  </way>
  <way id="211899528">
    <nd ref="10660049646"/>
    <nd ref="1939558667"/>
    <tag k="bus" v="yes"/>
    <tag k="highway" v="tertiary"/>
    <tag k="lanes" v="2"/>
    <tag k="lit" v="yes"/>
    <tag k="maxspeed" v="20 mph"/>
    <tag k="motor_vehicle:conditional" v="no @ (Mo-Fr 07:00-19:00)"/>
    <tag k="name" v="Mansion House Street"/>
    <tag k="name:etymology:wikidata" v="Q1786933"/>
    <tag k="sidewalk:both" v="separate"/>
    <tag k="surface" v="asphalt"/>
    <tag k="taxi" v="yes"/>
  </way>
  <way id="211900221">
    <nd ref="12158663417"/>
    <nd ref="1939558700"/>
    <nd ref="11828797577"/>
    <nd ref="11557851018"/>
    <nd ref="10660402950"/>
    <tag k="highway" v="cycleway"/>
    <tag k="lit" v="yes"/>
    <tag k="name" v="Threadneedle Street"/>
    <tag k="note" v="Photo at https://x.com/PauloCampbell/status/1810945614999388653"/>
    <tag k="oneway" v="no"/>
    <tag k="surface" v="asphalt"/>
  </way>
  <way id="216980689">
    <nd ref="1951616319"/>
    <nd ref="1951616295"/>
    <nd ref="1951616292"/>
    <nd ref="5473273433"/>
    <nd ref="1951616287"/>
    <nd ref="1951616276"/>
    <tag k="highway" v="primary"/>
    <tag k="lit" v="yes"/>
    <tag k="maxspeed" v="20 mph"/>
    <tag k="name" v="Gracechurch Street"/>
    <tag k="oneway" v="yes"/>
    <tag k="operator" v="Transport for London"/>
    <tag k="operator:wikidata" v="Q682520"/>
    <tag k="postal_code" v="EC3"/>
    <tag k="ref" v="A1213"/>
    <tag k="sidewalk" v="no"/>
    <tag k="surface" v="asphalt"/>
    <tag k="wikidata" v="Q5591440"/>
  </way>
  <way id="229264178">
    <nd ref="2378843912"/>
    <nd ref="5049840244"/>
    <nd ref="5473273440"/>
    <nd ref="5473273439"/>
    <nd ref="5473273438"/>
    <nd ref="5473273437"/>
    <nd ref="5473273436"/>
    <nd ref="6018098768"/>
    <tag k="footway" v="sidewalk"/>
    <tag k="highway" v="footway"/>
    <tag k="lit" v="yes"/>
    <tag k="name" v="Gracechurch Street"/>
    <tag k="smoothness" v="good"/>
    <tag k="street:name" v="Gracechurch Street"/>
    <tag k="surface" v="asphalt"/>
  </way>
  <way id="230188922">
    <nd ref="8336028512"/>
    <nd ref="2387194156"/>
    <nd ref="8336028513"/>
    <tag k="cycleway:left" v="lane"/>
    <tag k="dual_carriageway" v="yes"/>
    <tag k="highway" v="tertiary"/>
    <tag k="lanes" v="1"/>
    <tag k="lit" v="yes"/>
    <tag k="maxspeed" v="20 mph"/>
    <tag k="name" v="Queen Victoria Street"/>
    <tag k="name:etymology:wikidata" v="Q9439"/>
    <tag k="oneway" v="yes"/>
    <tag k="ref:GB:usrn" v="8100442"/>
    <tag k="sidewalk:left" v="separate"/>
    <tag k="sidewalk:right" v="no"/>
    <tag k="surface" v="asphalt"/>
    <tag k="wikidata" v="Q4581969"/>
    <tag k="wikipedia" v="en:Queen Victoria Street, London"/>
  </way>
  <way id="230188923">
    <nd ref="13237810199"/>
    <nd ref="2387194123"/>
    <nd ref="6369401333"/>
    <tag k="crossing" v="traffic_signals"/>
    <tag k="crossing:markings" v="dots"/>
    <tag k="crossing:signals" v="yes"/>
    <tag k="footway" v="crossing"/>
    <tag k="highway" v="footway"/>
    <tag k="lit" v="yes"/>
    <tag k="surface" v="asphalt"/>
  </way>
  <way id="230188924">
    <nd ref="12708529375"/>
    <nd ref="2387194133"/>
    <nd ref="6369401335"/>
    <tag k="crossing" v="traffic_signals"/>
    <tag k="crossing:markings" v="dots"/>
    <tag k="crossing:signals" v="yes"/>
    <tag k="footway" v="crossing"/>
    <tag k="highway" v="footway"/>
    <tag k="lit" v="yes"/>
  </way>
  <way id="230188926">
    <nd ref="2387194148"/>
    <nd ref="25161347"/>
    <nd ref="7836155866"/>
    <tag k="cycleway:left" v="lane"/>
    <tag k="cycleway:right" v="lane"/>
    <tag k="highway" v="tertiary"/>
    <tag k="lanes" v="2"/>
    <tag k="lit" v="yes"/>
    <tag k="maxspeed" v="20 mph"/>
    <tag k="name" v="Queen Street"/>
    <tag k="name:etymology:wikidata" v="Q176253"/>
    <tag k="postal_code" v="EC4"/>
    <tag k="sidewalk:both" v="separate"/>
    <tag k="surface" v="asphalt"/>
  </way>
  <way id="230189129">
    <nd ref="2387194128"/>
    <nd ref="2387194131"/>
    <nd ref="12905378691"/>
    <nd ref="1401926435"/>
    <tag k="dual_carriageway" v="yes"/>
    <tag k="highway" v="unclassified"/>
    <tag k="lit" v="yes"/>
    <tag k="maxspeed" v="20 mph"/>
    <tag k="name" v="Queen Victoria Street"/>
    <tag k="name:etymology:wikidata" v="Q9439"/>
    <tag k="oneway" v="yes"/>
    <tag k="ref:GB:usrn" v="8100442"/>
    <tag k="sidewalk:left" v="separate"/>
    <tag k="sidewalk:right" v="no"/>
    <tag k="surface" v="asphalt"/>
    <tag k="wikidata" v="Q4581969"/>
    <tag k="wikipedia" v="en:Queen Victoria Street, London"/>
  </way>
  <way id="230189130">
    <nd ref="2387194128"/>
    <nd ref="2387194126"/>
    <nd ref="2387194127"/>
    <nd ref="9781190365"/>
    <tag k="highway" v="tertiary"/>
    <tag k="lanes" v="2"/>
    <tag k="lit" v="yes"/>
    <tag k="maxspeed" v="20 mph"/>
    <tag k="name" v="Queen Street"/>
    <tag k="name:etymology:wikidata" v="Q176253"/>
    <tag k="postal_code" v="EC4"/>
    <tag k="sidewalk:both" v="separate"/>
    <tag k="surface" v="asphalt"/>
  </way>
  <way id="230189342">
    <nd ref="8807429661"/>
    <nd ref="2387200056"/>
    <nd ref="2387194129"/>
    <nd ref="24658060"/>
    <nd ref="2387200059"/>
    <nd ref="24658010"/>
    <tag k="bicycle" v="yes"/>
    <tag k="highway" v="pedestrian"/>
    <tag k="historic" v="roman_road"/>
    <tag k="lit" v="yes"/>
    <tag k="maxspeed" v="20 mph"/>
    <tag k="motor_vehicle:conditional" v="no @ (Mo-Fr 08:00-18:00)"/>
    <tag k="name" v="Watling Street"/>
    <tag k="oneway" v="yes"/>
    <tag k="ref:GB:usrn" v="8100561"/>
    <tag k="sidewalk" v="both"/>
    <tag k="surface" v="paving_stones"/>
    <tag k="wikidata" v="Q65924241"/>
  </way>
  <way id="230190210">
    <nd ref="1782728999"/>
    <nd ref="1311962016"/>
    <nd ref="11733338214"/>
    <tag k="dual_carriageway" v="yes"/>
    <tag k="highway" v="tertiary"/>
    <tag k="lit" v="yes"/>
    <tag k="maxspeed" v="20 mph"/>
    <tag k="name" v="Queen Victoria Street"/>
    <tag k="name:etymology:wikidata" v="Q9439"/>
    <tag k="oneway" v="yes"/>
    <tag k="postal_code" v="EC4"/>
    <tag k="ref:GB:usrn" v="8100442"/>
    <tag k="sidewalk:left" v="separate"/>
    <tag k="sidewalk:right" v="no"/>
    <tag k="surface" v="asphalt"/>
    <tag k="wikidata" v="Q4581969"/>
    <tag k="wikipedia" v="en:Queen Victoria Street, London"/>
  </way>
  <way id="230190527">
    <nd ref="6369390690"/>
    <nd ref="6369390696"/>
    <tag k="dual_carriageway" v="yes"/>
    <tag k="highway" v="tertiary"/>
    <tag k="lit" v="yes"/>
    <tag k="maxspeed" v="20 mph"/>
    <tag k="name" v="Cannon Street"/>
    <tag k="oneway" v="yes"/>
    <tag k="postal_code" v="EC4"/>
    <tag k="sidewalk:left" v="separate"/>
    <tag k="sidewalk:right" v="no"/>
    <tag k="surface" v="asphalt"/>
    <tag k="wikidata" v="Q2936432"/>
    <tag k="wikipedia" v="en:Cannon Street"/>
  </way>
  <way id="230190528">
    <nd ref="2387207425"/>
    <nd ref="1938819317"/>
    <nd ref="6369390690"/>
    <tag k="dual_carriageway" v="yes"/>
    <tag k="highway" v="tertiary"/>
    <tag k="lit" v="yes"/>
    <tag k="maxspeed" v="20 mph"/>
    <tag k="name" v="Cannon Street"/>
    <tag k="oneway" v="yes"/>
    <tag k="postal_code" v="EC4"/>
    <tag k="sidewalk:left" v="separate"/>
    <tag k="sidewalk:right" v="no"/>
    <tag k="surface" v="asphalt"/>
    <tag k="wikidata" v="Q2936432"/>
    <tag k="wikipedia" v="en:Cannon Street"/>
  </way>
  <way id="230191247">
    <nd ref="10677377"/>
    <nd ref="13816483470"/>
    <nd ref="7636163631"/>
    <tag k="highway" v="unclassified"/>
    <tag k="lanes" v="2"/>
    <tag k="lit" v="yes"/>
    <tag k="maxspeed" v="20 mph"/>
    <tag k="name" v="Threadneedle Street"/>
    <tag k="oneway" v="no"/>
    <tag k="sidewalk:both" v="separate"/>
    <tag k="sidewalk:both:surface" v="paving_stones"/>
    <tag k="source:name" v="local knowledge"/>
    <tag k="surface" v="asphalt"/>
  </way>
  <way id="230191864">
    <nd ref="2387226309"/>
    <nd ref="8807429664"/>
    <nd ref="24950097"/>
    <nd ref="9024139130"/>
    <tag k="busway:opening_hours" v="Mo-Fr 07:00-10:00,16:00-19:00"/>
    <tag k="busway:right" v="lane"/>
    <tag k="cycleway:left" v="lane"/>
    <tag k="cycleway:right" v="share_busway"/>
    <tag k="highway" v="unclassified"/>
    <tag k="lit" v="yes"/>
    <tag k="maxspeed" v="20 mph"/>
    <tag k="name" v="Queen Victoria Street"/>
    <tag k="name:etymology:wikidata" v="Q9439"/>
    <tag k="ref:GB:usrn" v="8100442"/>
    <tag k="sidewalk:both" v="separate"/>
    <tag k="surface" v="asphalt"/>
    <tag k="wikidata" v="Q4581969"/>
    <tag k="wikipedia" v="en:Queen Victoria Street, London"/>
  </way>
  <way id="230192075">
    <nd ref="1939558655"/>
    <nd ref="2218362306"/>
    <nd ref="1312264600"/>
    <tag k="bus" v="yes"/>
    <tag k="highway" v="unclassified"/>
    <tag k="lane_markings" v="no"/>
    <tag k="lit" v="yes"/>
    <tag k="maxspeed" v="20 mph"/>
    <tag k="motor_vehicle:conditional" v="no @ (Mo-Fr 07:00-19:00)"/>
    <tag k="name" v="Queen Victoria Street"/>
    <tag k="name:etymology:wikidata" v="Q9439"/>
    <tag k="oneway" v="yes"/>
    <tag k="ref:GB:usrn" v="8100442"/>
    <tag k="sidewalk:left" v="separate"/>
    <tag k="sidewalk:right" v="no"/>
    <tag k="surface" v="asphalt"/>
    <tag k="was:cycleway:left" v="lane"/>
    <tag k="wikidata" v="Q4581969"/>
    <tag k="wikipedia" v="en:Queen Victoria Street, London"/>
  </way>
  <way id="230477993">
    <nd ref="2389802901"/>
    <nd ref="1569238052"/>
    <nd ref="5141625743"/>
    <nd ref="5095547151"/>
    <nd ref="5141625747"/>
    <nd ref="5095547146"/>
    <nd ref="1569238111"/>
    <nd ref="5095547147"/>
    <nd ref="5095547148"/>
    <nd ref="1569238026"/>
    <nd ref="5095547153"/>
    <nd ref="5095547149"/>
    <nd ref="5095547144"/>
    <nd ref="1569238068"/>
    <nd ref="1312189096"/>
    <nd ref="1312188740"/>
    <nd ref="2389802904"/>
    <nd ref="24950050"/>
    <nd ref="2279592862"/>
    <nd ref="2389802901"/>
    <tag k="area" v="yes"/>
    <tag k="highway" v="pedestrian"/>
    <tag k="name" v="Abchurch Yard"/>
    <tag k="name:etymology:wikidata" v="Q7594555"/>
    <tag k="surface" v="paving_stones"/>
  </way>
  <way id="232287545">
    <nd ref="18469132"/>
    <nd ref="2642878569"/>
    <nd ref="12799881575"/>
    <nd ref="18469130"/>
    <nd ref="1312264618"/>
    <tag k="highway" v="unclassified"/>
    <tag k="lane_markings" v="yes"/>
    <tag k="lanes" v="2"/>
    <tag k="maxspeed" v="20 mph"/>
    <tag k="name" v="Lothbury"/>
    <tag k="sidewalk:both" v="separate"/>
    <tag k="surface" v="asphalt"/>
  </way>
  <way id="232287546">
    <nd ref="1312188714"/>
    <nd ref="2406484453"/>
    <nd ref="2406484452"/>
    <nd ref="2406484454"/>
    <nd ref="2406484455"/>
    <nd ref="2406484460"/>
    <nd ref="10677374"/>
    <tag k="highway" v="unclassified"/>
    <tag k="lanes" v="1"/>
    <tag k="lit" v="yes"/>
    <tag k="maxspeed" v="20 mph"/>
    <tag k="name" v="Lothbury"/>
    <tag k="oneway" v="yes"/>
    <tag k="sidewalk:left" v="separate"/>
    <tag k="sidewalk:right" v="no"/>
    <tag k="surface" v="asphalt"/>
  </way>
  <way id="232287547">
    <nd ref="2902624647"/>
    <nd ref="2902624646"/>
    <nd ref="2406484481"/>
    <tag k="highway" v="footway"/>
    <tag k="lit" v="yes"/>
    <tag k="surface" v="paving_stones"/>
  </way>
  <way id="241428909">
    <nd ref="8868001104"/>
    <nd ref="1312188845"/>
    <nd ref="1312188988"/>
    <nd ref="1312188883"/>
    <nd ref="1312188704"/>
    <nd ref="1312188797"/>
    <nd ref="1312188722"/>
    <nd ref="354886082"/>
    <nd ref="250549670"/>
    <nd ref="250327037"/>
    <tag k="highway" v="unclassified"/>
    <tag k="maxspeed" v="20 mph"/>
    <tag k="name" v="Austin Friars"/>
    <tag k="name:etymology:wikidata" v="Q4823089"/>
    <tag k="postal_code" v="EC2"/>
  </way>
  <way id="245708616">
    <nd ref="2528522534"/>
    <nd ref="1939558681"/>
    <nd ref="4861365396"/>
    <tag k="crossing" v="traffic_signals"/>
    <tag k="crossing:markings" v="dots"/>
    <tag k="crossing:signals" v="yes"/>
    <tag k="footway" v="crossing"/>
    <tag k="highway" v="footway"/>
    <tag k="lit" v="yes"/>
    <tag k="surface" v="asphalt"/>
  </way>
  <way id="245708620">
    <nd ref="2528522500"/>
    <nd ref="4861365369"/>
    <tag k="foot" v="yes"/>
    <tag k="footway" v="sidewalk"/>
    <tag k="highway" v="footway"/>
    <tag k="lit" v="yes"/>
    <tag k="surface" v="asphalt"/>
  </way>
  <way id="245708622">
    <nd ref="5473274724"/>
    <nd ref="5473274710"/>
    <nd ref="5473274725"/>
    <nd ref="12905474495"/>
    <nd ref="12905474494"/>
    <nd ref="9030155652"/>
    <tag k="foot" v="yes"/>
    <tag k="footway" v="sidewalk"/>
    <tag k="highway" v="footway"/>
    <tag k="lit" v="yes"/>
    <tag k="surface" v="asphalt"/>
  </way>
  <way id="246870512">
    <nd ref="10603058340"/>
    <nd ref="7223365372"/>
    <nd ref="7223365369"/>
    <tag k="access" v="no"/>
    <tag k="crossing" v="traffic_signals"/>
    <tag k="crossing:markings" v="dots"/>
    <tag k="crossing:signals" v="yes"/>
    <tag k="foot" v="yes"/>
    <tag k="footway" v="crossing"/>
    <tag k="highway" v="footway"/>
    <tag k="lit" v="yes"/>
    <tag k="surface" v="asphalt"/>
  </way>
  <way id="246870517">
    <nd ref="2538458903"/>
    <nd ref="5473274973"/>
    <nd ref="2538458890"/>
    <nd ref="2538458886"/>
    <nd ref="11083872811"/>
    <nd ref="2538458900"/>
    <nd ref="2538458894"/>
    <tag k="footway" v="sidewalk"/>
    <tag k="highway" v="footway"/>
    <tag k="lit" v="yes"/>
    <tag k="surface" v="asphalt"/>
  </way>
  <way id="246870518">
    <nd ref="11210474459"/>
    <nd ref="10785674869"/>
    <nd ref="10785674870"/>
    <nd ref="2538458891"/>
    <nd ref="2538458895"/>
    <nd ref="4861365397"/>
    <nd ref="2538458905"/>
    <nd ref="10996333644"/>
    <nd ref="4861365398"/>
    <tag k="footway" v="sidewalk"/>
    <tag k="highway" v="footway"/>
    <tag k="lit" v="yes"/>
    <tag k="note" v="New paving installed in 2023 has a Jubilee Walkway plaque"/>
    <tag k="surface" v="paving_stones"/>
  </way>
  <way id="256572538">
    <nd ref="3139682860"/>
    <nd ref="291913900"/>
    <tag k="access" v="no"/>
    <tag k="highway" v="steps"/>
    <tag k="incline" v="up"/>
    <tag k="level" v="-1;0"/>
    <tag k="source" v="Bing"/>
    <tag k="steps" v="19"/>
  </way>
  <way id="256572539">
    <nd ref="2622210363"/>
    <nd ref="2622210364"/>
    <tag k="highway" v="steps"/>
    <tag k="incline" v="up"/>
    <tag k="level" v="-1;0"/>
    <tag k="step_count" v="19"/>
  </way>
  <way id="256572822">
    <nd ref="2622212895"/>
    <nd ref="2622212903"/>
    <nd ref="2622212906"/>
    <nd ref="2622212912"/>
    <nd ref="2622212915"/>
    <nd ref="2622212921"/>
    <nd ref="2622212927"/>
    <nd ref="2622212930"/>
    <nd ref="2622212933"/>
    <nd ref="2622212914"/>
    <tag k="bicycle" v="dismount"/>
    <tag k="foot" v="yes"/>
    <tag k="highway" v="footway"/>
    <tag k="lit" v="yes"/>
    <tag k="source" v="Bing"/>
    <tag k="surface" v="paving_stones"/>
  </way>
  <way id="256572823">
    <nd ref="2622212901"/>
    <nd ref="2622212899"/>
    <tag k="bicycle" v="dismount"/>
    <tag k="foot" v="yes"/>
    <tag k="highway" v="steps"/>
    <tag k="lit" v="yes"/>
    <tag k="source" v="Bing"/>
    <tag k="surface" v="paving_stones"/>
  </way>
  <way id="256572824">
    <nd ref="2622212936"/>
    <nd ref="2622212933"/>
    <tag k="bicycle" v="dismount"/>
    <tag k="foot" v="yes"/>
    <tag k="highway" v="footway"/>
    <tag k="lit" v="yes"/>
    <tag k="source" v="Bing"/>
    <tag k="surface" v="paving_stones"/>
  </way>
  <way id="256572826">
    <nd ref="2622212932"/>
    <nd ref="2622212927"/>
    <tag k="bicycle" v="dismount"/>
    <tag k="foot" v="yes"/>
    <tag k="highway" v="footway"/>
    <tag k="lit" v="yes"/>
    <tag k="source" v="Bing"/>
    <tag k="surface" v="paving_stones"/>
  </way>
  <way id="256572827">
    <nd ref="2622212878"/>
    <nd ref="291913900"/>
    <tag k="bicycle" v="dismount"/>
    <tag k="foot" v="yes"/>
    <tag k="highway" v="footway"/>
    <tag k="lit" v="yes"/>
    <tag k="source" v="Bing"/>
    <tag k="surface" v="paving_stones"/>
  </way>
  <way id="256572828">
    <nd ref="2622212919"/>
    <nd ref="2622212914"/>
    <tag k="bicycle" v="dismount"/>
    <tag k="foot" v="yes"/>
    <tag k="highway" v="footway"/>
    <tag k="lit" v="yes"/>
    <tag k="source" v="Bing"/>
    <tag k="surface" v="paving_stones"/>
  </way>
  <way id="256572829">
    <nd ref="2622212937"/>
    <nd ref="2622212935"/>
    <tag k="bicycle" v="dismount"/>
    <tag k="foot" v="yes"/>
    <tag k="highway" v="footway"/>
    <tag k="lit" v="yes"/>
    <tag k="source" v="Bing"/>
    <tag k="surface" v="paving_stones"/>
  </way>
  <way id="256572830">
    <nd ref="2622212865"/>
    <nd ref="2622212872"/>
    <tag k="bicycle" v="dismount"/>
    <tag k="foot" v="yes"/>
    <tag k="highway" v="footway"/>
    <tag k="lit" v="yes"/>
    <tag k="source" v="Bing"/>
    <tag k="surface" v="paving_stones"/>
  </way>
  <way id="256572831">
    <nd ref="2622212939"/>
    <nd ref="2622212938"/>
    <tag k="bicycle" v="dismount"/>
    <tag k="foot" v="yes"/>
    <tag k="highway" v="footway"/>
    <tag k="lit" v="yes"/>
    <tag k="source" v="Bing"/>
    <tag k="surface" v="paving_stones"/>
  </way>
  <way id="256572832">
    <nd ref="2622212923"/>
    <nd ref="2622212919"/>
    <tag k="bicycle" v="dismount"/>
    <tag k="foot" v="yes"/>
    <tag k="highway" v="steps"/>
    <tag k="lit" v="yes"/>
    <tag k="source" v="Bing"/>
    <tag k="surface" v="paving_stones"/>
  </way>
  <way id="256572833">
    <nd ref="2622212862"/>
    <nd ref="2622212870"/>
    <tag k="bicycle" v="dismount"/>
    <tag k="foot" v="yes"/>
    <tag k="highway" v="footway"/>
    <tag k="lit" v="yes"/>
    <tag k="source" v="Bing"/>
    <tag k="surface" v="paving_stones"/>
  </way>
  <way id="256572834">
    <nd ref="2622212941"/>
    <nd ref="2622210364"/>
    <tag k="bicycle" v="dismount"/>
    <tag k="foot" v="yes"/>
    <tag k="highway" v="footway"/>
    <tag k="lit" v="yes"/>
    <tag k="source" v="Bing"/>
    <tag k="surface" v="paving_stones"/>
  </way>
  <way id="256572835">
    <nd ref="2622212874"/>
    <nd ref="2622212889"/>
    <tag k="bicycle" v="dismount"/>
    <tag k="foot" v="yes"/>
    <tag k="highway" v="footway"/>
    <tag k="lit" v="yes"/>
    <tag k="source" v="Bing"/>
    <tag k="surface" v="paving_stones"/>
  </way>
  <way id="256572836">
    <nd ref="2622212903"/>
    <nd ref="2622212901"/>
    <tag k="bicycle" v="dismount"/>
    <tag k="foot" v="yes"/>
    <tag k="highway" v="footway"/>
    <tag k="lit" v="yes"/>
    <tag k="source" v="Bing"/>
    <tag k="surface" v="paving_stones"/>
  </way>
  <way id="256572837">
    <nd ref="2622212938"/>
    <nd ref="2622212936"/>
    <tag k="bicycle" v="dismount"/>
    <tag k="foot" v="yes"/>
    <tag k="highway" v="steps"/>
    <tag k="lit" v="yes"/>
    <tag k="source" v="Bing"/>
    <tag k="surface" v="paving_stones"/>
  </way>
  <way id="256572838">
    <nd ref="2622212925"/>
    <nd ref="2622212923"/>
    <tag k="bicycle" v="dismount"/>
    <tag k="foot" v="yes"/>
    <tag k="highway" v="footway"/>
    <tag k="lit" v="yes"/>
    <tag k="source" v="Bing"/>
    <tag k="surface" v="paving_stones"/>
  </way>
  <way id="256572839">
    <nd ref="2622212935"/>
    <nd ref="2622212932"/>
    <tag k="bicycle" v="dismount"/>
    <tag k="foot" v="yes"/>
    <tag k="highway" v="steps"/>
    <tag k="lit" v="yes"/>
    <tag k="source" v="Bing"/>
    <tag k="surface" v="paving_stones"/>
  </way>
  <way id="256572840">
    <nd ref="2622212876"/>
    <nd ref="2622212885"/>
    <tag k="bicycle" v="dismount"/>
    <tag k="foot" v="yes"/>
    <tag k="highway" v="footway"/>
    <tag k="lit" v="yes"/>
    <tag k="source" v="Bing"/>
    <tag k="surface" v="paving_stones"/>
  </way>
  <way id="256572841">
    <nd ref="2622212899"/>
    <nd ref="2622212897"/>
    <tag k="bicycle" v="dismount"/>
    <tag k="foot" v="yes"/>
    <tag k="highway" v="footway"/>
    <tag k="lit" v="yes"/>
    <tag k="source" v="Bing"/>
    <tag k="surface" v="paving_stones"/>
  </way>
  <way id="256572842">
    <nd ref="2622212870"/>
    <nd ref="2622212874"/>
    <tag k="bicycle" v="dismount"/>
    <tag k="foot" v="yes"/>
    <tag k="highway" v="steps"/>
    <tag k="lit" v="yes"/>
    <tag k="source" v="Bing"/>
    <tag k="surface" v="paving_stones"/>
  </way>
  <way id="256572843">
    <nd ref="2622212872"/>
    <nd ref="2622212876"/>
    <tag k="bicycle" v="dismount"/>
    <tag k="foot" v="yes"/>
    <tag k="highway" v="steps"/>
    <tag k="lit" v="yes"/>
    <tag k="ramp" v="no"/>
    <tag k="source" v="Bing"/>
    <tag k="surface" v="paving_stones"/>
  </way>
  <way id="256572844">
    <nd ref="11872569333"/>
    <nd ref="11872569332"/>
    <nd ref="13816483462"/>
    <nd ref="5473274959"/>
    <nd ref="2622212943"/>
    <nd ref="11872569331"/>
    <nd ref="13816483497"/>
    <nd ref="469759938"/>
    <nd ref="11867419175"/>
    <nd ref="2622212942"/>
    <nd ref="2622212940"/>
    <nd ref="2622212939"/>
    <nd ref="2622212937"/>
    <nd ref="2622212934"/>
    <nd ref="2622212928"/>
    <nd ref="2622212917"/>
    <nd ref="4861365369"/>
    <nd ref="2622212904"/>
    <nd ref="2622212897"/>
    <nd ref="2622212891"/>
    <nd ref="4861365370"/>
    <nd ref="2622212879"/>
    <nd ref="2622212873"/>
    <nd ref="2622212869"/>
    <nd ref="2622212867"/>
    <nd ref="2622212865"/>
    <nd ref="2622212862"/>
    <nd ref="2622212860"/>
    <nd ref="3625312650"/>
    <nd ref="2622212858"/>
    <nd ref="5473274958"/>
    <nd ref="5473274957"/>
    <nd ref="12425017011"/>
    <nd ref="12425017006"/>
    <nd ref="12425017008"/>
    <nd ref="12425016910"/>
    <nd ref="12425016904"/>
    <nd ref="12425017009"/>
    <nd ref="12425018605"/>
    <tag k="foot" v="yes"/>
    <tag k="footway" v="sidewalk"/>
    <tag k="highway" v="footway"/>
    <tag k="lit" v="yes"/>
    <tag k="surface" v="paving_stones"/>
  </way>
  <way id="256572845">
    <nd ref="2622212930"/>
    <nd ref="2622212910"/>
    <nd ref="2622212887"/>
    <tag k="bicycle" v="dismount"/>
    <tag k="foot" v="yes"/>
    <tag k="highway" v="footway"/>
    <tag k="lit" v="yes"/>
    <tag k="source" v="Bing"/>
    <tag k="surface" v="paving_stones"/>
  </way>
  <way id="256572847">
    <nd ref="2622212942"/>
    <nd ref="2622212941"/>
    <nd ref="2622212925"/>
    <nd ref="2622212878"/>
    <nd ref="2622212860"/>
    <tag k="bicycle" v="dismount"/>
    <tag k="foot" v="yes"/>
    <tag k="highway" v="footway"/>
    <tag k="lit" v="yes"/>
    <tag k="source" v="Bing"/>
    <tag k="surface" v="paving_stones"/>
  </way>
  <way id="256573107">
    <nd ref="5473275002"/>
    <nd ref="5473275001"/>
    <nd ref="2622215154"/>
    <nd ref="5473275000"/>
    <nd ref="5473274999"/>
    <nd ref="5473274998"/>
    <nd ref="5473274997"/>
    <nd ref="5473275006"/>
    <tag k="highway" v="steps"/>
    <tag k="incline" v="down"/>
    <tag k="level" v="-0.8;0"/>
    <tag k="lit" v="yes"/>
    <tag k="step_count" v="16"/>
    <tag k="surface" v="asphalt"/>
  </way>
  <way id="256573108">
    <nd ref="5473275005"/>
    <nd ref="5473274991"/>
    <nd ref="5473274992"/>
    <nd ref="5473274993"/>
    <nd ref="5473274994"/>
    <nd ref="5473274995"/>
    <nd ref="2622215142"/>
    <nd ref="5473274996"/>
    <tag k="handrail" v="yes"/>
    <tag k="highway" v="steps"/>
    <tag k="incline" v="up"/>
    <tag k="level" v="-0.8;0"/>
    <tag k="lit" v="yes"/>
    <tag k="step_count" v="16"/>
    <tag k="surface" v="asphalt"/>
  </way>
  <way id="256573722">
    <nd ref="2622222666"/>
    <nd ref="2538458897"/>
    <nd ref="2538458887"/>
    <tag k="foot" v="yes"/>
    <tag k="footway" v="sidewalk"/>
    <tag k="highway" v="footway"/>
    <tag k="lit" v="yes"/>
    <tag k="surface" v="asphalt"/>
  </way>
  <way id="256573724">
    <nd ref="2622222657"/>
    <nd ref="5473274719"/>
    <nd ref="2538458893"/>
    <nd ref="5473274718"/>
    <nd ref="2538458904"/>
    <nd ref="2538458899"/>
    <nd ref="12425018602"/>
    <nd ref="2538458889"/>
    <nd ref="13816483480"/>
    <nd ref="13816483481"/>
    <tag k="foot" v="yes"/>
    <tag k="footway" v="sidewalk"/>
    <tag k="highway" v="footway"/>
    <tag k="lit" v="yes"/>
    <tag k="surface" v="paving_stones"/>
  </way>
  <way id="256573725">
    <nd ref="2622222668"/>
    <nd ref="5473274990"/>
    <nd ref="2622222669"/>
    <nd ref="2622222667"/>
    <nd ref="2622222665"/>
    <nd ref="2622222663"/>
    <nd ref="2528522522"/>
    <tag k="bicycle" v="dismount"/>
    <tag k="foot" v="yes"/>
    <tag k="footway" v="sidewalk"/>
    <tag k="highway" v="footway"/>
    <tag k="lit" v="yes"/>
    <tag k="source" v="Bing"/>
    <tag k="surface" v="paving_stones"/>
  </way>
  <way id="256573726">
    <nd ref="2622222657"/>
    <nd ref="2622222658"/>
    <nd ref="2622222659"/>
    <nd ref="2622222660"/>
    <nd ref="2622222661"/>
    <nd ref="2622222662"/>
    <nd ref="2622222664"/>
    <nd ref="2622222668"/>
    <nd ref="2622222666"/>
    <tag k="bicycle" v="dismount"/>
    <tag k="foot" v="yes"/>
    <tag k="highway" v="footway"/>
    <tag k="lit" v="yes"/>
    <tag k="source" v="Bing"/>
    <tag k="surface" v="paving_stones"/>
  </way>
  <way id="256589956">
    <nd ref="2622404472"/>
    <nd ref="5473275040"/>
    <nd ref="5473275041"/>
    <nd ref="2622404474"/>
    <nd ref="5473275043"/>
    <nd ref="5473275042"/>
    <nd ref="2622404476"/>
    <tag k="handrail" v="yes"/>
    <tag k="highway" v="steps"/>
    <tag k="incline" v="up"/>
    <tag k="level" v="-0.8;0"/>
    <tag k="lit" v="yes"/>
    <tag k="ramp" v="no"/>
    <tag k="step_count" v="16"/>
    <tag k="surface" v="asphalt"/>
    <tag k="tactile_paving" v="yes"/>
  </way>
  <way id="256589957">
    <nd ref="2622404466"/>
    <nd ref="5473275038"/>
    <nd ref="2622404468"/>
    <nd ref="5473275037"/>
    <nd ref="5473275039"/>
    <nd ref="2622404470"/>
    <tag k="handrail" v="yes"/>
    <tag k="highway" v="steps"/>
    <tag k="incline" v="down"/>
    <tag k="level" v="-0.8;0"/>
    <tag k="lit" v="yes"/>
    <tag k="ramp" v="no"/>
    <tag k="step_count" v="15"/>
    <tag k="surface" v="asphalt"/>
    <tag k="tactile_paving" v="yes"/>
  </way>
  <way id="258986244">
    <nd ref="2642857103"/>
    <nd ref="2642857114"/>
    <tag k="highway" v="footway"/>
    <tag k="layer" v="-1"/>
    <tag k="name" v="Change Alley"/>
    <tag k="name:etymology:wikidata" v="Q1241240"/>
    <tag k="surface" v="paving_stones"/>
    <tag k="tunnel" v="yes"/>
  </way>
  <way id="258986245">
    <nd ref="2642857114"/>
    <nd ref="25069911"/>
    <tag k="highway" v="footway"/>
    <tag k="name" v="Change Alley"/>
    <tag k="name:etymology:wikidata" v="Q1241240"/>
    <tag k="surface" v="paving_stones"/>
  </way>
  <way id="258986246">
    <nd ref="2642857185"/>
    <nd ref="12425017016"/>
    <tag k="highway" v="footway"/>
    <tag k="lit" v="yes"/>
    <tag k="name" v="Change Alley"/>
    <tag k="name:etymology:wikidata" v="Q1241240"/>
    <tag k="surface" v="asphalt"/>
  </way>
  <way id="258986247">
    <nd ref="25070030"/>
    <nd ref="2642857185"/>
    <tag k="highway" v="footway"/>
    <tag k="name" v="Change Alley"/>
    <tag k="name:etymology:wikidata" v="Q1241240"/>
    <tag k="surface" v="paving_stones"/>
    <tag k="tunnel" v="yes"/>
  </way>
  <way id="258986248">
    <nd ref="2642857183"/>
    <nd ref="12425018604"/>
    <tag k="highway" v="footway"/>
    <tag k="level" v="-1"/>
    <tag k="name" v="Change Alley"/>
    <tag k="name:etymology:wikidata" v="Q1241240"/>
    <tag k="source:name" v="local knowledge"/>
    <tag k="surface" v="paving_stones"/>
    <tag k="tunnel" v="yes"/>
  </way>
  <way id="258986249">
    <nd ref="12425018604"/>
    <nd ref="25069911"/>
    <nd ref="11762882554"/>
    <tag k="highway" v="footway"/>
    <tag k="name" v="Change Alley"/>
    <tag k="name:etymology:wikidata" v="Q1241240"/>
    <tag k="source:name" v="local knowledge"/>
    <tag k="surface" v="paving_stones"/>
  </way>
  <way id="258986257">
    <nd ref="2642857199"/>
    <nd ref="2642857197"/>
    <tag k="highway" v="footway"/>
    <tag k="lit" v="yes"/>
    <tag k="surface" v="paving_stones"/>
  </way>
  <way id="258989993">
    <nd ref="5473274959"/>
    <nd ref="2642857203"/>
    <tag k="highway" v="footway"/>
  </way>
  <way id="259672662">
    <nd ref="2651104566"/>
    <nd ref="5084792810"/>
    <nd ref="6369401335"/>
    <nd ref="5084792812"/>
    <nd ref="2651104571"/>
    <nd ref="12708529377"/>
    <nd ref="2651104570"/>
    <nd ref="12708529376"/>
    <nd ref="2651104569"/>
    <nd ref="5084792813"/>
    <nd ref="6369401332"/>
    <nd ref="5084792811"/>
    <nd ref="2651104560"/>
    <nd ref="2651104562"/>
    <nd ref="2651104564"/>
    <nd ref="2651104565"/>
    <nd ref="2651104566"/>
    <tag k="area" v="yes"/>
    <tag k="highway" v="footway"/>
    <tag k="source" v="Bing"/>
    <tag k="surface" v="asphalt"/>
  </way>
  <way id="259672670">
    <nd ref="2651107055"/>
    <nd ref="2912075677"/>
    <nd ref="2651107041"/>
    <nd ref="2651107040"/>
    <nd ref="2651107037"/>
    <nd ref="2651107035"/>
    <nd ref="2651107033"/>
    <nd ref="2651107034"/>
    <nd ref="2912075676"/>
    <nd ref="2651107044"/>
    <nd ref="2651107046"/>
    <nd ref="2651107051"/>
    <nd ref="2651107052"/>
    <nd ref="2651107053"/>
    <nd ref="2651107055"/>
    <tag k="area" v="yes"/>
    <tag k="highway" v="footway"/>
    <tag k="lit" v="yes"/>
    <tag k="source" v="Bing"/>
    <tag k="surface" v="asphalt"/>
  </way>
  <way id="259672671">
    <nd ref="2651107043"/>
    <nd ref="6380335604"/>
    <nd ref="2651107049"/>
    <nd ref="2651107048"/>
    <nd ref="2651107047"/>
    <nd ref="2651107045"/>
    <nd ref="6380335603"/>
    <nd ref="2651107036"/>
    <nd ref="2651107038"/>
    <nd ref="2651107039"/>
    <nd ref="2651107042"/>
    <nd ref="2651107043"/>
    <tag k="area" v="yes"/>
    <tag k="highway" v="footway"/>
    <tag k="source" v="Bing"/>
    <tag k="surface" v="asphalt"/>
  </way>
  <way id="274708113">
    <nd ref="2793874559"/>
    <nd ref="25071139"/>
    <nd ref="8044121262"/>
    <tag k="highway" v="service"/>
    <tag k="name" v="Corbet Court"/>
    <tag k="surface" v="sett"/>
  </way>
  <way id="274708114">
    <nd ref="2793874531"/>
    <nd ref="25071152"/>
    <tag k="highway" v="footway"/>
    <tag k="lit" v="yes"/>
    <tag k="name" v="George Yard"/>
    <tag k="name:etymology:wikidata" v="Q12404791"/>
    <tag k="source:name" v="local knowledge"/>
    <tag k="surface" v="paving_stones"/>
  </way>
  <way id="274708131">
    <nd ref="25071145"/>
    <nd ref="2793874576"/>
    <nd ref="2793874587"/>
    <tag k="highway" v="footway"/>
    <tag k="lit" v="yes"/>
    <tag k="surface" v="paving_stones"/>
  </way>
  <way id="274708810">
    <nd ref="2793892937"/>
    <nd ref="2793892935"/>
    <tag k="handrail" v="no"/>
    <tag k="highway" v="steps"/>
    <tag k="incline" v="up"/>
    <tag k="step_count" v="1"/>
    <tag k="surface" v="paving_stones"/>
  </way>
  <way id="282981643">
    <nd ref="291913904"/>
    <nd ref="2869062009"/>
    <tag k="foot" v="yes"/>
    <tag k="handrail" v="yes"/>
    <tag k="highway" v="steps"/>
    <tag k="incline" v="up"/>
    <tag k="indoor" v="yes"/>
    <tag k="level" v="-1;0"/>
    <tag k="step_count" v="18"/>
  </way>
  <way id="288483507">
    <nd ref="2920433450"/>
    <nd ref="2929116721"/>
    <nd ref="4223928969"/>
    <tag k="highway" v="footway"/>
  </way>
  <way id="288626795">
    <nd ref="2921782369"/>
    <nd ref="2921782370"/>
    <tag k="highway" v="steps"/>
  </way>
  <way id="289362464">
    <nd ref="2929116718"/>
    <nd ref="2929116719"/>
    <nd ref="1778747026"/>
    <nd ref="1778747042"/>
    <nd ref="1778747036"/>
    <nd ref="1778747055"/>
    <nd ref="1787108620"/>
    <nd ref="2929116720"/>
    <nd ref="2929116718"/>
    <tag k="area" v="yes"/>
    <tag k="bridge" v="yes"/>
    <tag k="highway" v="pedestrian"/>
    <tag k="layer" v="1"/>
  </way>
  <way id="289362465">
    <nd ref="2929116721"/>
    <nd ref="2929116722"/>
    <tag k="highway" v="steps"/>
  </way>
  <way id="289362466">
    <nd ref="2929116722"/>
    <nd ref="2929116723"/>
    <tag k="highway" v="footway"/>
  </way>
  <way id="289362467">
    <nd ref="2929116723"/>
    <nd ref="2929116724"/>
    <tag k="highway" v="steps"/>
  </way>
  <way id="289362468">
    <nd ref="2929116725"/>
    <nd ref="2934268028"/>
    <nd ref="1787108619"/>
    <nd ref="2929116726"/>
    <nd ref="2929116727"/>
    <nd ref="2929116728"/>
    <nd ref="2929116729"/>
    <nd ref="2929116724"/>
    <nd ref="2929116730"/>
    <nd ref="2929116725"/>
    <tag k="area" v="yes"/>
    <tag k="highway" v="pedestrian"/>
    <tag k="name" v="Sundial Court"/>
    <tag k="surface" v="paving_stones"/>
  </way>
  <way id="289386825">
    <nd ref="2929352615"/>
    <nd ref="9710336885"/>
    <nd ref="3393991776"/>
    <nd ref="21990625"/>
    <tag k="highway" v="footway"/>
  </way>
  <way id="289894271">
    <nd ref="2934268024"/>
    <nd ref="2934268036"/>
    <nd ref="2934268025"/>
    <nd ref="2934268026"/>
    <nd ref="2934268027"/>
    <nd ref="2934268028"/>
    <tag k="highway" v="footway"/>
  </way>
  <way id="289894272">
    <nd ref="2934268030"/>
    <nd ref="250549282"/>
    <nd ref="1787108619"/>
    <tag k="highway" v="footway"/>
    <tag k="name" v="Adams Court"/>
  </way>
  <way id="289894273">
    <nd ref="2934268029"/>
    <nd ref="2934268030"/>
    <tag k="highway" v="steps"/>
    <tag k="name" v="Adams Court"/>
  </way>
  <way id="289894274">
    <nd ref="2934268031"/>
    <nd ref="2934268032"/>
    <nd ref="2934268033"/>
    <nd ref="2934268034"/>
    <nd ref="2934268035"/>
    <nd ref="2934268036"/>
    <nd ref="2934268037"/>
    <nd ref="2934268038"/>
    <nd ref="2934268039"/>
    <nd ref="2934268040"/>
    <nd ref="2934268041"/>
    <nd ref="2934268042"/>
    <nd ref="2934268043"/>
    <nd ref="2934268031"/>
    <tag k="area" v="yes"/>
    <tag k="highway" v="pedestrian"/>
    <tag k="name" v="Adams Court"/>
  </way>
  <way id="290015901">
    <nd ref="2935536501"/>
    <nd ref="13167973049"/>
    <nd ref="5238587994"/>
    <tag k="highway" v="service"/>
    <tag k="lit" v="yes"/>
    <tag k="name" v="Talbot Court"/>
    <tag k="surface" v="asphalt"/>
  </way>
  <way id="290015909">
    <nd ref="5238587995"/>
    <nd ref="2935536501"/>
    <tag k="covered" v="yes"/>
    <tag k="highway" v="service"/>
    <tag k="maxheight" v="3"/>
    <tag k="name" v="Talbot Court"/>
    <tag k="surface" v="sett"/>
    <tag k="tunnel" v="building_passage"/>
  </way>
  <way id="295120665">
    <nd ref="250327547"/>
    <nd ref="255700677"/>
    <nd ref="2987960040"/>
    <tag k="covered" v="yes"/>
    <tag k="highway" v="footway"/>
    <tag k="maxspeed" v="20 mph"/>
    <tag k="name" v="Telegraph Street"/>
    <tag k="surface" v="paving_stones"/>
  </way>
  <way id="295120666">
    <nd ref="2987960040"/>
    <nd ref="1685276643"/>
    <nd ref="1685276642"/>
    <nd ref="8868010217"/>
    <nd ref="213668842"/>
    <tag k="highway" v="pedestrian"/>
    <tag k="maxspeed" v="20 mph"/>
    <tag k="name" v="Telegraph Street"/>
    <tag k="postal_code" v="EC2"/>
    <tag k="surface" v="paving_stones"/>
  </way>
  <way id="301944675">
    <nd ref="5227220848"/>
    <nd ref="1569216406"/>
    <nd ref="1569215914"/>
    <nd ref="5227220847"/>
    <nd ref="13167973035"/>
    <nd ref="5227220846"/>
    <tag k="highway" v="pedestrian"/>
    <tag k="lit" v="yes"/>
    <tag k="name" v="Lombard Court"/>
    <tag k="smoothness" v="intermediate"/>
    <tag k="source" v="survey"/>
    <tag k="source:name" v="survey"/>
    <tag k="surface" v="paving_stones"/>
  </way>
  <way id="303304481">
    <nd ref="3076574284"/>
    <nd ref="1894028826"/>
    <nd ref="1894028828"/>
    <nd ref="1894028830"/>
    <nd ref="1678155316"/>
    <tag k="highway" v="footway"/>
    <tag k="layer" v="-1"/>
    <tag k="tunnel" v="yes"/>
  </way>
  <way id="306049398">
    <nd ref="5238587992"/>
    <nd ref="13167973048"/>
    <nd ref="13810673510"/>
    <nd ref="5223919935"/>
    <tag k="highway" v="footway"/>
    <tag k="lit" v="yes"/>
    <tag k="name" v="St. Benet's Place"/>
    <tag k="surface" v="asphalt"/>
  </way>
  <way id="306522288">
    <nd ref="3114645200"/>
    <nd ref="3114645201"/>
    <tag k="access" v="private"/>
    <tag k="highway" v="footway"/>
  </way>
  <way id="308341554">
    <nd ref="2622210363"/>
    <nd ref="5473274537"/>
    <nd ref="5473274538"/>
    <nd ref="3136301325"/>
    <tag k="highway" v="footway"/>
    <tag k="indoor" v="yes"/>
    <tag k="layer" v="-1"/>
    <tag k="level" v="-1"/>
    <tag k="tunnel" v="yes"/>
  </way>
  <way id="308341556">
    <nd ref="3136301730"/>
    <nd ref="5473275035"/>
    <tag k="highway" v="footway"/>
    <tag k="indoor" v="yes"/>
    <tag k="layer" v="-1"/>
    <tag k="level" v="-1"/>
    <tag k="tunnel" v="yes"/>
  </way>
  <way id="308341557">
    <nd ref="3136301325"/>
    <nd ref="5473274536"/>
    <nd ref="3139705124"/>
    <nd ref="3139677982"/>
    <nd ref="3136301730"/>
    <nd ref="3136301319"/>
    <nd ref="3136311315"/>
    <nd ref="5473274541"/>
    <nd ref="5473274540"/>
    <tag k="highway" v="footway"/>
    <tag k="indoor" v="yes"/>
    <tag k="layer" v="-1"/>
    <tag k="level" v="-1"/>
    <tag k="tunnel" v="yes"/>
  </way>
  <way id="308341558">
    <nd ref="3136301321"/>
    <nd ref="3139682861"/>
    <tag k="highway" v="footway"/>
    <tag k="indoor" v="yes"/>
    <tag k="layer" v="-1"/>
    <tag k="level" v="-1"/>
    <tag k="tunnel" v="yes"/>
  </way>
  <way id="308341559">
    <nd ref="2622404470"/>
    <nd ref="3136301328"/>
    <nd ref="2622404472"/>
    <tag k="highway" v="footway"/>
    <tag k="indoor" v="yes"/>
    <tag k="level" v="-0.8"/>
    <tag k="tunnel" v="yes"/>
  </way>
  <way id="308341560">
    <nd ref="1727737304"/>
    <nd ref="3136301324"/>
    <tag k="highway" v="footway"/>
    <tag k="indoor" v="yes"/>
    <tag k="layer" v="-1"/>
    <tag k="level" v="-1"/>
    <tag k="tunnel" v="yes"/>
  </way>
  <way id="308341562">
    <nd ref="3139705122"/>
    <nd ref="5473274917"/>
    <tag k="highway" v="steps"/>
    <tag k="incline" v="up"/>
    <tag k="indoor" v="yes"/>
    <tag k="level" v="-1;-0.5"/>
    <tag k="step_count" v="11"/>
    <tag k="tunnel" v="yes"/>
  </way>
  <way id="308342004">
    <nd ref="3136311316"/>
    <nd ref="5473274494"/>
    <nd ref="5473274854"/>
    <nd ref="5473274855"/>
    <nd ref="5473274856"/>
    <nd ref="3141817429"/>
    <nd ref="3141814027"/>
    <nd ref="3136311317"/>
    <nd ref="5473274902"/>
    <tag k="highway" v="footway"/>
    <tag k="indoor" v="yes"/>
    <tag k="layer" v="-2"/>
    <tag k="level" v="-1"/>
    <tag k="tunnel" v="yes"/>
  </way>
  <way id="308698032">
    <nd ref="5473274497"/>
    <nd ref="3139655933"/>
    <nd ref="5473274499"/>
    <tag k="highway" v="footway"/>
    <tag k="indoor" v="yes"/>
    <tag k="layer" v="-2"/>
    <tag k="level" v="-2"/>
    <tag k="tunnel" v="yes"/>
  </way>
  <way id="308698033">
    <nd ref="5473274494"/>
    <nd ref="5473274493"/>
    <nd ref="5473274498"/>
    <tag k="highway" v="footway"/>
    <tag k="indoor" v="yes"/>
    <tag k="layer" v="-1"/>
    <tag k="level" v="-1"/>
    <tag k="tunnel" v="yes"/>
  </way>
  <way id="308702450">
    <nd ref="3139682860"/>
    <nd ref="3136301731"/>
    <tag k="access" v="no"/>
    <tag k="highway" v="footway"/>
    <tag k="indoor" v="yes"/>
    <tag k="layer" v="-1"/>
    <tag k="level" v="-1"/>
    <tag k="tunnel" v="yes"/>
  </way>
  <way id="308702452">
    <nd ref="5473275003"/>
    <nd ref="3139682861"/>
    <tag k="highway" v="steps"/>
    <tag k="incline" v="down"/>
    <tag k="indoor" v="yes"/>
    <tag k="layer" v="-1"/>
    <tag k="level" v="-1;-0.8"/>
    <tag k="step_count" v="6"/>
    <tag k="steps" v="5"/>
    <tag k="tunnel" v="yes"/>
  </way>
  <way id="308702545">
    <nd ref="5473272661"/>
    <nd ref="5473274242"/>
    <nd ref="5473274540"/>
    <nd ref="3141897523"/>
    <nd ref="3139677982"/>
    <tag k="highway" v="footway"/>
    <tag k="indoor" v="yes"/>
    <tag k="layer" v="-1"/>
    <tag k="level" v="-1"/>
    <tag k="tunnel" v="yes"/>
  </way>
  <way id="308702547">
    <nd ref="5473272660"/>
    <nd ref="5473274251"/>
    <tag k="conveying" v="yes"/>
    <tag k="highway" v="steps"/>
    <tag k="incline" v="down"/>
    <tag k="indoor" v="yes"/>
    <tag k="layer" v="-2"/>
    <tag k="level" v="-3;-1"/>
    <tag k="tunnel" v="yes"/>
  </way>
  <way id="308705376">
    <nd ref="5473274251"/>
    <nd ref="5473273968"/>
    <nd ref="5473274244"/>
    <tag k="highway" v="footway"/>
    <tag k="indoor" v="yes"/>
    <tag k="layer" v="-3"/>
    <tag k="level" v="-3"/>
    <tag k="tunnel" v="yes"/>
  </way>
  <way id="308705512">
    <nd ref="3139705124"/>
    <nd ref="5473274542"/>
    <nd ref="3139705122"/>
    <tag k="highway" v="footway"/>
    <tag k="indoor" v="yes"/>
    <tag k="layer" v="-1"/>
    <tag k="level" v="-1"/>
    <tag k="tunnel" v="yes"/>
  </way>
  <way id="308705546">
    <nd ref="5473273967"/>
    <nd ref="5473273968"/>
    <nd ref="5473274243"/>
    <tag k="highway" v="footway"/>
    <tag k="indoor" v="yes"/>
    <tag k="layer" v="-3"/>
    <tag k="level" v="-3"/>
    <tag k="tunnel" v="yes"/>
  </way>
  <way id="308892765">
    <nd ref="3139655933"/>
    <nd ref="5473274260"/>
    <nd ref="3139655930"/>
    <nd ref="5473274441"/>
    <tag k="highway" v="footway"/>
    <tag k="indoor" v="yes"/>
    <tag k="layer" v="-2"/>
    <tag k="level" v="-2"/>
    <tag k="tunnel" v="yes"/>
  </way>
  <way id="308892767">
    <nd ref="3141817431"/>
    <nd ref="3141817432"/>
    <tag k="highway" v="steps"/>
    <tag k="incline" v="down"/>
    <tag k="indoor" v="yes"/>
    <tag k="layer" v="-1"/>
    <tag k="level" v="-1.1;-1"/>
    <tag k="step_count" v="5"/>
    <tag k="tunnel" v="yes"/>
  </way>
  <way id="308892770">
    <nd ref="3141817431"/>
    <nd ref="5473274544"/>
    <nd ref="3136311316"/>
    <nd ref="3136311315"/>
    <tag k="highway" v="footway"/>
    <tag k="indoor" v="yes"/>
    <tag k="layer" v="-1"/>
    <tag k="level" v="-1"/>
    <tag k="tunnel" v="yes"/>
  </way>
  <way id="308892773">
    <nd ref="1733389358"/>
    <nd ref="1733389381"/>
    <nd ref="3141814027"/>
    <tag k="highway" v="footway"/>
    <tag k="indoor" v="yes"/>
    <tag k="layer" v="-1"/>
    <tag k="level" v="-1"/>
    <tag k="tunnel" v="yes"/>
  </way>
  <way id="308892775">
    <nd ref="5473274500"/>
    <nd ref="5473274493"/>
    <tag k="highway" v="footway"/>
    <tag k="indoor" v="yes"/>
    <tag k="layer" v="-1"/>
    <tag k="level" v="-1"/>
    <tag k="tunnel" v="yes"/>
  </way>
  <way id="308892778">
    <nd ref="5473273457"/>
    <nd ref="5473273458"/>
    <nd ref="5473273459"/>
    <nd ref="5473273460"/>
    <nd ref="5473273461"/>
    <nd ref="5473273456"/>
    <nd ref="5473273462"/>
    <nd ref="5473273463"/>
    <nd ref="13813298303"/>
    <nd ref="5473273464"/>
    <nd ref="5473273465"/>
    <nd ref="3141814028"/>
    <nd ref="5473273466"/>
    <nd ref="5473273467"/>
    <nd ref="5473273468"/>
    <nd ref="5473273469"/>
    <nd ref="5473273470"/>
    <nd ref="5473274255"/>
    <nd ref="5473274254"/>
    <nd ref="5473274253"/>
    <nd ref="3139655930"/>
    <tag k="highway" v="footway"/>
    <tag k="indoor" v="yes"/>
    <tag k="layer" v="-2"/>
    <tag k="level" v="-2"/>
    <tag k="tunnel" v="yes"/>
  </way>
  <way id="308900852">
    <nd ref="3141897526"/>
    <nd ref="5473272967"/>
    <tag k="highway" v="steps"/>
    <tag k="incline" v="down"/>
    <tag k="indoor" v="yes"/>
    <tag k="layer" v="-6"/>
    <tag k="level" v="-4.4;-4"/>
    <tag k="step_count" v="14"/>
    <tag k="tunnel" v="yes"/>
  </way>
  <way id="308900855">
    <nd ref="5473272990"/>
    <nd ref="5473272989"/>
    <tag k="highway" v="steps"/>
    <tag k="incline" v="down"/>
    <tag k="indoor" v="yes"/>
    <tag k="layer" v="-6"/>
    <tag k="level" v="-5.5;-5"/>
    <tag k="note" v="you need to have bought a ticket on the LU to use this footway... do we have an access tag for this?"/>
    <tag k="step_count" v="33"/>
    <tag k="tunnel" v="yes"/>
  </way>
  <way id="308900856">
    <nd ref="5473272897"/>
    <nd ref="5473272895"/>
    <tag k="highway" v="footway"/>
    <tag k="indoor" v="yes"/>
    <tag k="layer" v="-6"/>
    <tag k="level" v="-6"/>
    <tag k="tunnel" v="yes"/>
    <tag k="wheelchair" v="yes"/>
  </way>
  <way id="308900884">
    <nd ref="5473272901"/>
    <nd ref="5473272900"/>
    <tag k="highway" v="footway"/>
    <tag k="indoor" v="yes"/>
    <tag k="layer" v="-6"/>
    <tag k="level" v="-6"/>
    <tag k="tunnel" v="yes"/>
  </way>
  <way id="308901063">
    <nd ref="5473272987"/>
    <nd ref="5473272988"/>
    <tag k="highway" v="steps"/>
    <tag k="incline" v="up"/>
    <tag k="indoor" v="yes"/>
    <tag k="layer" v="-6"/>
    <tag k="level" v="-5.5;-5"/>
    <tag k="note" v="you need to have bought a ticket on the LU to use this footway... do we have an access tag for this?"/>
    <tag k="step_count" v="33"/>
    <tag k="tunnel" v="yes"/>
  </way>
  <way id="309358485">
    <nd ref="5473272896"/>
    <nd ref="5473272897"/>
    <nd ref="5473272898"/>
    <nd ref="5473272899"/>
    <nd ref="4300153673"/>
    <nd ref="1590789232"/>
    <tag k="highway" v="footway"/>
    <tag k="indoor" v="yes"/>
    <tag k="layer" v="-6"/>
    <tag k="level" v="-6"/>
    <tag k="tunnel" v="yes"/>
    <tag k="wheelchair" v="yes"/>
  </way>
  <way id="310021130">
    <nd ref="5473273076"/>
    <nd ref="5473273073"/>
    <nd ref="5473273074"/>
    <tag k="highway" v="footway"/>
    <tag k="indoor" v="yes"/>
    <tag k="layer" v="-5"/>
    <tag k="level" v="-5"/>
    <tag k="tunnel" v="yes"/>
  </way>
  <way id="310021131">
    <nd ref="5473273453"/>
    <nd ref="5473273454"/>
    <tag k="highway" v="steps"/>
    <tag k="incline" v="up"/>
    <tag k="indoor" v="yes"/>
    <tag k="layer" v="-1"/>
    <tag k="level" v="-5;-4"/>
    <tag k="note" v="you need to have bought a ticket on the LU to use this footway... do we have an access tag for this?"/>
    <tag k="step_count" v="21"/>
    <tag k="tunnel" v="yes"/>
  </way>
  <way id="310021132">
    <nd ref="5473273451"/>
    <nd ref="4534858546"/>
    <nd ref="5473273621"/>
    <nd ref="5473273616"/>
    <nd ref="4300170292"/>
    <nd ref="5473273620"/>
    <nd ref="5473273619"/>
    <nd ref="5473273618"/>
    <nd ref="5473273685"/>
    <tag k="highway" v="footway"/>
    <tag k="indoor" v="yes"/>
    <tag k="layer" v="-4"/>
    <tag k="level" v="-4"/>
    <tag k="tunnel" v="yes"/>
    <tag k="wheelchair" v="yes"/>
  </way>
  <way id="310021134">
    <nd ref="5473273078"/>
    <nd ref="5473273004"/>
    <tag k="conveying" v="yes"/>
    <tag k="highway" v="steps"/>
    <tag k="incline" v="up"/>
    <tag k="indoor" v="yes"/>
    <tag k="layer" v="-4"/>
    <tag k="level" v="-5;-3"/>
    <tag k="tunnel" v="yes"/>
  </way>
  <way id="310021135">
    <nd ref="3153777208"/>
    <nd ref="5473272993"/>
    <nd ref="3153777200"/>
    <tag k="highway" v="footway"/>
    <tag k="indoor" v="yes"/>
    <tag k="layer" v="-3"/>
    <tag k="level" v="-3"/>
    <tag k="tunnel" v="yes"/>
  </way>
  <way id="310456642">
    <nd ref="5473274498"/>
    <nd ref="5473274497"/>
    <tag k="conveying" v="yes"/>
    <tag k="highway" v="footway"/>
    <tag k="incline" v="down"/>
    <tag k="indoor" v="highway"/>
    <tag k="layer" v="-2"/>
    <tag k="level" v="-2;-1"/>
    <tag k="travelator" v="yes"/>
    <tag k="tunnel" v="yes"/>
  </way>
  <way id="310456658">
    <nd ref="5473273077"/>
    <nd ref="5473273076"/>
    <nd ref="5473273075"/>
    <tag k="highway" v="footway"/>
    <tag k="indoor" v="yes"/>
    <tag k="layer" v="-5"/>
    <tag k="level" v="-5"/>
    <tag k="tunnel" v="yes"/>
  </way>
  <way id="310456660">
    <nd ref="3158794148"/>
    <nd ref="5473272984"/>
    <nd ref="3158794151"/>
    <tag k="highway" v="footway"/>
    <tag k="indoor" v="yes"/>
    <tag k="layer" v="-5"/>
    <tag k="level" v="-5"/>
    <tag k="tunnel" v="yes"/>
  </way>
  <way id="310457496">
    <nd ref="3141817429"/>
    <nd ref="5473274853"/>
    <nd ref="291913904"/>
    <tag k="access" v="no"/>
    <tag k="highway" v="footway"/>
    <tag k="indoor" v="yes"/>
    <tag k="layer" v="-1"/>
    <tag k="level" v="-1"/>
    <tag k="tunnel" v="yes"/>
  </way>
  <way id="320652465">
    <nd ref="3272712566"/>
    <nd ref="13810673539"/>
    <nd ref="3272712567"/>
    <tag k="highway" v="pedestrian"/>
    <tag k="surface" v="paving_stones"/>
  </way>
  <way id="320652466">
    <nd ref="3272712567"/>
    <nd ref="3272712568"/>
    <tag k="handrail" v="yes"/>
    <tag k="highway" v="steps"/>
    <tag k="incline" v="up"/>
    <tag k="ramp" v="no"/>
  </way>
  <way id="323969016">
    <nd ref="11741109337"/>
    <nd ref="13816415645"/>
    <nd ref="11741109338"/>
    <tag k="highway" v="footway"/>
    <tag k="name" v="Bengal Court"/>
    <tag k="name:etymology:wikidata" v="Q80338"/>
    <tag k="source:name" v="local knowledge"/>
    <tag k="surface" v="paving_stones"/>
    <tag k="tunnel" v="building_passage"/>
  </way>
  <way id="326329571">
    <nd ref="107637"/>
    <nd ref="5141625702"/>
    <nd ref="7223298254"/>
    <nd ref="6369361796"/>
    <nd ref="5141625696"/>
    <nd ref="5141625698"/>
    <nd ref="7906964249"/>
    <nd ref="7906964251"/>
    <nd ref="7906964250"/>
    <nd ref="7906964247"/>
    <nd ref="7906964248"/>
    <nd ref="25161360"/>
    <tag k="highway" v="tertiary"/>
    <tag k="lanes" v="2"/>
    <tag k="lit" v="yes"/>
    <tag k="maxspeed" v="20 mph"/>
    <tag k="name" v="Cannon Street"/>
    <tag k="postal_code" v="EC4"/>
    <tag k="sidewalk:both" v="separate"/>
    <tag k="surface" v="asphalt"/>
    <tag k="wikidata" v="Q2936432"/>
    <tag k="wikipedia" v="en:Cannon Street"/>
  </way>
  <way id="326750616">
    <nd ref="3334162601"/>
    <nd ref="3334162602"/>
    <tag k="access" v="private"/>
    <tag k="highway" v="service"/>
  </way>
  <way id="330572072">
    <nd ref="3375451559"/>
    <nd ref="3375451557"/>
    <nd ref="4688513240"/>
    <tag k="footway" v="sidewalk"/>
    <tag k="highway" v="footway"/>
    <tag k="surface" v="paving_stones"/>
  </way>
  <way id="331069828">
    <nd ref="4726152857"/>
    <nd ref="8318757606"/>
    <nd ref="1312188619"/>
    <nd ref="4835109000"/>
    <nd ref="255678213"/>
    <nd ref="4835109001"/>
    <nd ref="3247932481"/>
    <tag k="bicycle" v="yes"/>
    <tag k="bus" v="yes"/>
    <tag k="cycleway:both" v="no"/>
    <tag k="highway" v="primary"/>
    <tag k="lanes" v="2"/>
    <tag k="lit" v="yes"/>
    <tag k="maxspeed" v="20 mph"/>
    <tag k="name" v="Bishopsgate"/>
    <tag k="operator" v="Transport for London"/>
    <tag k="operator:wikidata" v="Q682520"/>
    <tag k="parking:right" v="no"/>
    <tag k="parking:right:restriction" v="no_stopping"/>
    <tag k="parking:right:restriction:reason" v="markings"/>
    <tag k="postal_code" v="EC2"/>
    <tag k="ref" v="A1213"/>
    <tag k="sidewalk:left" v="yes"/>
    <tag k="sidewalk:left:surface" v="paving_stones"/>
    <tag k="sidewalk:right" v="separate"/>
    <tag k="surface" v="asphalt"/>
    <tag k="vehicle:backward:conditional" v="no @ (Mo-Fr 00:00-07:00,19:00-24:00)"/>
    <tag k="vehicle:forward:conditional" v="no @ (Mo-Fr 07:00-19:00)"/>
    <tag k="wikidata" v="Q19399894"/>
  </way>
  <way id="332101580">
    <nd ref="3392197130"/>
    <nd ref="25161370"/>
    <tag k="highway" v="footway"/>
    <tag k="lit" v="yes"/>
    <tag k="name" v="St. Olave's Court"/>
    <tag k="source:name" v="survey"/>
    <tag k="surface" v="asphalt"/>
    <tag k="survey:date" v="2015-03-06"/>
  </way>
  <way id="332101581">
    <nd ref="5224610576"/>
    <nd ref="3392197130"/>
    <tag k="highway" v="footway"/>
    <tag k="name" v="St. Olave's Court"/>
    <tag k="source" v="survey"/>
    <tag k="source:name" v="survey"/>
    <tag k="survey:date" v="2015-03-06"/>
    <tag k="tunnel" v="building_passage"/>
  </way>
  <way id="332283086">
    <nd ref="3393991755"/>
    <nd ref="3528774003"/>
    <nd ref="3528774001"/>
    <nd ref="1778747115"/>
    <nd ref="3393991756"/>
    <nd ref="2921782369"/>
    <nd ref="3393991757"/>
    <nd ref="1779587011"/>
    <nd ref="1779587010"/>
    <nd ref="1787108624"/>
    <nd ref="3393991758"/>
    <nd ref="1778747127"/>
    <nd ref="3393991759"/>
    <nd ref="3393991760"/>
    <nd ref="3393991755"/>
    <tag k="area" v="yes"/>
    <tag k="highway" v="pedestrian"/>
    <tag k="surface" v="paving_stones"/>
  </way>
  <way id="332283088">
    <nd ref="2929352615"/>
    <nd ref="1778747150"/>
    <nd ref="3528774011"/>
    <nd ref="3528774008"/>
    <nd ref="3393991775"/>
    <nd ref="3393991776"/>
    <nd ref="3393991777"/>
    <nd ref="3334162605"/>
    <nd ref="8868736647"/>
    <nd ref="8868736652"/>
    <nd ref="8868736646"/>
    <nd ref="3393991778"/>
    <nd ref="2929352615"/>
    <tag k="area" v="yes"/>
    <tag k="highway" v="pedestrian"/>
  </way>
  <way id="352997668">
    <nd ref="2566132610"/>
    <nd ref="11115208654"/>
    <tag k="cycleway" v="opposite"/>
    <tag k="highway" v="unclassified"/>
    <tag k="lanes" v="1"/>
    <tag k="lit" v="yes"/>
    <tag k="maxspeed" v="20 mph"/>
    <tag k="name" v="Skinners Lane"/>
    <tag k="oneway" v="yes"/>
    <tag k="oneway:bicycle" v="no"/>
    <tag k="ref:GB:usrn" v="8100475"/>
    <tag k="sidewalk:left" v="no"/>
    <tag k="sidewalk:right" v="separate"/>
    <tag k="source:name" v="http://www.flickr.com/photos/7500206@N08/5632113082/"/>
    <tag k="surface" v="sett"/>
  </way>
  <way id="357204434">
    <nd ref="3625312652"/>
    <nd ref="3715517745"/>
    <tag k="highway" v="steps"/>
  </way>
  <way id="357204435">
    <nd ref="3625312654"/>
    <nd ref="3715517736"/>
    <tag k="highway" v="steps"/>
    <tag k="surface" v="paving_stones"/>
  </way>
  <way id="357204436">
    <nd ref="3625312656"/>
    <nd ref="3715517730"/>
    <tag k="highway" v="steps"/>
  </way>
  <way id="357204437">
    <nd ref="3625312658"/>
    <nd ref="3715515120"/>
    <tag k="highway" v="steps"/>
    <tag k="surface" v="paving_stones"/>
  </way>
  <way id="358927799">
    <nd ref="5141625648"/>
    <nd ref="5141625653"/>
    <nd ref="2389868966"/>
    <nd ref="3637449662"/>
    <tag k="highway" v="footway"/>
    <tag k="level" v="-1"/>
  </way>
  <way id="358927800">
    <nd ref="3637449662"/>
    <nd ref="3637449663"/>
    <tag k="handrail" v="yes"/>
    <tag k="highway" v="steps"/>
    <tag k="level" v="-1"/>
  </way>
  <way id="367646972">
    <nd ref="1312188759"/>
    <nd ref="12425017007"/>
    <nd ref="12425016904"/>
    <nd ref="2385448043"/>
    <nd ref="2385448044"/>
    <nd ref="12425017010"/>
    <nd ref="2385448045"/>
    <nd ref="2385448046"/>
    <nd ref="2385448039"/>
    <nd ref="2385448040"/>
    <nd ref="25068781"/>
    <nd ref="2283341763"/>
    <nd ref="2283341764"/>
    <nd ref="2283341767"/>
    <nd ref="2283341765"/>
    <nd ref="2283341766"/>
    <nd ref="2283341770"/>
    <nd ref="2283341771"/>
    <nd ref="2283341772"/>
    <nd ref="11765319231"/>
    <nd ref="32825620"/>
    <nd ref="2622424243"/>
    <nd ref="3715517925"/>
    <nd ref="3715517821"/>
    <nd ref="3715517823"/>
    <nd ref="3715517824"/>
    <nd ref="3715517822"/>
    <nd ref="3715517819"/>
    <nd ref="3715517817"/>
    <nd ref="3715517816"/>
    <nd ref="3715517815"/>
    <nd ref="3715517813"/>
    <nd ref="3715517814"/>
    <nd ref="3715517811"/>
    <nd ref="3715517812"/>
    <nd ref="3715517804"/>
    <nd ref="3715517802"/>
    <nd ref="3715517793"/>
    <nd ref="3715517794"/>
    <nd ref="3715517789"/>
    <nd ref="3715517788"/>
    <nd ref="3715517782"/>
    <nd ref="3715517783"/>
    <nd ref="3715517777"/>
    <nd ref="3715517779"/>
    <nd ref="3715517771"/>
    <nd ref="3715517769"/>
    <nd ref="3715517758"/>
    <nd ref="3715517759"/>
    <nd ref="3715517755"/>
    <nd ref="3715517754"/>
    <nd ref="2642857197"/>
    <nd ref="3715517752"/>
    <nd ref="3715517753"/>
    <nd ref="3715517750"/>
    <nd ref="3715517748"/>
    <nd ref="3715517743"/>
    <nd ref="3715517744"/>
    <nd ref="3715517742"/>
    <nd ref="3715517741"/>
    <nd ref="3715517740"/>
    <nd ref="3715517739"/>
    <nd ref="3715517737"/>
    <nd ref="3715517738"/>
    <nd ref="3715517735"/>
    <nd ref="3715517734"/>
    <nd ref="3715517732"/>
    <nd ref="3715517733"/>
    <nd ref="3715517731"/>
    <nd ref="3715517729"/>
    <nd ref="3715517728"/>
    <nd ref="3715517727"/>
    <nd ref="3715517726"/>
    <nd ref="3715517725"/>
    <nd ref="3715515124"/>
    <nd ref="3715515123"/>
    <nd ref="3715515122"/>
    <nd ref="3715515121"/>
    <nd ref="12425017011"/>
    <nd ref="1312188759"/>
    <tag k="area" v="yes"/>
    <tag k="highway" v="pedestrian"/>
    <tag k="lit" v="yes"/>
    <tag k="surface" v="paving_stones"/>
  </way>
  <way id="372790213">
    <nd ref="20458277"/>
    <nd ref="1312188692"/>
    <nd ref="250549587"/>
    <tag k="disused:oneway:bicycle" v="no"/>
    <tag k="highway" v="unclassified"/>
    <tag k="lanes" v="1"/>
    <tag k="lit" v="yes"/>
    <tag k="maxspeed" v="20 mph"/>
    <tag k="name" v="Old Broad Street"/>
    <tag k="oneway" v="yes"/>
    <tag k="ref:GB:usrn" v="8100395"/>
    <tag k="sidewalk:both" v="separate"/>
    <tag k="sidewalk:both:surface" v="paving_stones"/>
    <tag k="surface" v="asphalt"/>
    <tag k="was:cycleway:right" v="track"/>
    <tag k="was:cycleway:right:oneway" v="-1"/>
    <tag k="was:highway" v="tertiary"/>
  </way>
  <way id="373408962">
    <nd ref="3768819260"/>
    <nd ref="3768819261"/>
    <nd ref="3768819262"/>
    <nd ref="3768819263"/>
    <nd ref="7926563556"/>
    <nd ref="3768819264"/>
    <nd ref="3768819267"/>
    <nd ref="3768819265"/>
    <nd ref="3768819266"/>
    <nd ref="3768819260"/>
    <tag k="area" v="yes"/>
    <tag k="highway" v="footway"/>
    <tag k="surface" v="paving_stones"/>
  </way>
  <way id="375393621">
    <nd ref="250549636"/>
    <nd ref="8869040028"/>
    <nd ref="8869040027"/>
    <nd ref="9856119632"/>
    <nd ref="250325411"/>
    <tag k="cycleway:left" v="no"/>
    <tag k="cycleway:right" v="shared_lane"/>
    <tag k="cycleway:right:lane" v="pictogram"/>
    <tag k="highway" v="unclassified"/>
    <tag k="maxspeed" v="20 mph"/>
    <tag k="name" v="Great Winchester Street"/>
    <tag k="oneway" v="no"/>
    <tag k="postal_code" v="EC2"/>
    <tag k="sidewalk:both" v="separate"/>
    <tag k="surface" v="asphalt"/>
  </way>
  <way id="387301053">
    <nd ref="3136311315"/>
    <nd ref="5473274543"/>
    <nd ref="5473274539"/>
    <nd ref="3136301324"/>
    <nd ref="3136301320"/>
    <nd ref="3136301321"/>
    <tag k="highway" v="footway"/>
    <tag k="indoor" v="yes"/>
    <tag k="layer" v="-1"/>
    <tag k="level" v="-1"/>
    <tag k="tunnel" v="yes"/>
  </way>
  <way id="387301057">
    <nd ref="3136301321"/>
    <nd ref="3136301731"/>
    <nd ref="3136301325"/>
    <tag k="access" v="no"/>
    <tag k="highway" v="footway"/>
    <tag k="indoor" v="yes"/>
    <tag k="layer" v="-1"/>
    <tag k="level" v="-1"/>
    <tag k="tunnel" v="yes"/>
  </way>
  <way id="406520577">
    <nd ref="4085778922"/>
    <nd ref="4085778926"/>
    <nd ref="4085778927"/>
    <nd ref="4229210047"/>
    <nd ref="6967585843"/>
    <nd ref="6967585844"/>
    <nd ref="4085778919"/>
    <tag k="est_width" v="3.5"/>
    <tag k="foot" v="yes"/>
    <tag k="highway" v="cycleway"/>
    <tag k="lanes" v="2"/>
    <tag k="lit" v="yes"/>
    <tag k="name" v="Upper Thames Street"/>
    <tag k="oneway" v="no"/>
    <tag k="segregated" v="yes"/>
    <tag k="sidewalk" v="no"/>
    <tag k="source" v="https://www.youtube.com/watch?v=Pxg5ky9mSjI"/>
    <tag k="surface" v="asphalt"/>
  </way>
  <way id="422655912">
    <nd ref="4223928969"/>
    <nd ref="1787108621"/>
    <nd ref="1787108622"/>
    <nd ref="2920433449"/>
    <nd ref="1787108625"/>
    <nd ref="1787108626"/>
    <nd ref="1787108627"/>
    <nd ref="1787108630"/>
    <nd ref="1787108633"/>
    <nd ref="2929352614"/>
    <tag k="highway" v="footway"/>
  </way>
  <way id="422674576">
    <nd ref="2934268028"/>
    <nd ref="4224123322"/>
    <nd ref="4224123324"/>
    <nd ref="4224123323"/>
    <nd ref="1787108619"/>
    <tag k="highway" v="footway"/>
  </way>
  <way id="422674577">
    <nd ref="4224123324"/>
    <nd ref="4453606958"/>
    <nd ref="2929116724"/>
    <tag k="highway" v="footway"/>
  </way>
  <way id="423537463">
    <nd ref="2538458895"/>
    <nd ref="10785674872"/>
    <nd ref="2622404466"/>
    <tag k="highway" v="footway"/>
    <tag k="lit" v="yes"/>
  </way>
  <way id="423537464">
    <nd ref="2622404476"/>
    <nd ref="2538458905"/>
    <tag k="highway" v="footway"/>
  </way>
  <way id="424726710">
    <nd ref="4241089207"/>
    <nd ref="4241089208"/>
    <tag k="handrail" v="yes"/>
    <tag k="highway" v="steps"/>
    <tag k="incline" v="down"/>
    <tag k="ramp" v="no"/>
    <tag k="surface" v="paving_stones"/>
  </way>
  <way id="430750602">
    <nd ref="4300170291"/>
    <nd ref="5473273593"/>
    <tag k="highway" v="steps"/>
    <tag k="incline" v="up"/>
    <tag k="indoor" v="yes"/>
    <tag k="layer" v="-1"/>
    <tag k="level" v="-4;-3.3"/>
    <tag k="step_count" v="16"/>
    <tag k="tunnel" v="yes"/>
  </way>
  <way id="448338304">
    <nd ref="4453606953"/>
    <nd ref="4453606954"/>
    <tag k="highway" v="steps"/>
  </way>
  <way id="448338305">
    <nd ref="4453606954"/>
    <nd ref="4453606955"/>
    <nd ref="4453606956"/>
    <nd ref="4453606957"/>
    <nd ref="4453606958"/>
    <tag k="highway" v="footway"/>
  </way>
  <way id="457321308">
    <nd ref="5473273806"/>
    <nd ref="4534858556"/>
    <nd ref="5473273709"/>
    <nd ref="5473273693"/>
    <nd ref="5473273694"/>
    <nd ref="5473273695"/>
    <nd ref="5473273696"/>
    <nd ref="5473273697"/>
    <nd ref="5473273698"/>
    <nd ref="5473273699"/>
    <nd ref="5473273707"/>
    <nd ref="5473273700"/>
    <nd ref="5473273701"/>
    <nd ref="5473273702"/>
    <nd ref="5473273703"/>
    <nd ref="5473273704"/>
    <nd ref="5473273705"/>
    <nd ref="5473273706"/>
    <nd ref="5473273708"/>
    <nd ref="5473273686"/>
    <nd ref="5473273687"/>
    <nd ref="5473273688"/>
    <nd ref="5473273689"/>
    <nd ref="5473273690"/>
    <nd ref="5473273691"/>
    <nd ref="5473273692"/>
    <nd ref="5473273685"/>
    <tag k="highway" v="steps"/>
    <tag k="incline" v="down"/>
    <tag k="indoor" v="yes"/>
    <tag k="layer" v="-4"/>
    <tag k="level" v="-4;-3"/>
    <tag k="note" v="spiral staircase"/>
    <tag k="step_count" v="37"/>
    <tag k="tunnel" v="yes"/>
  </way>
  <way id="457321309">
    <nd ref="4534858546"/>
    <nd ref="5473273623"/>
    <nd ref="1590789232"/>
    <tag k="highway" v="footway"/>
    <tag k="indoor" v="yes"/>
    <tag k="layer" v="-4"/>
    <tag k="level" v="-4"/>
    <tag k="tunnel" v="yes"/>
    <tag k="wheelchair" v="yes"/>
  </way>
  <way id="457321310">
    <nd ref="5473273580"/>
    <nd ref="5473273500"/>
    <nd ref="5473273579"/>
    <tag k="highway" v="footway"/>
    <tag k="indoor" v="yes"/>
    <tag k="layer" v="-2"/>
    <tag k="level" v="-2"/>
    <tag k="tunnel" v="yes"/>
  </way>
  <way id="457321311">
    <nd ref="5473273503"/>
    <nd ref="3136301323"/>
    <nd ref="5473273457"/>
    <nd ref="5473273490"/>
    <nd ref="5473273500"/>
    <nd ref="5473273589"/>
    <tag k="highway" v="footway"/>
    <tag k="indoor" v="yes"/>
    <tag k="layer" v="-2"/>
    <tag k="level" v="-2"/>
    <tag k="tunnel" v="yes"/>
  </way>
  <way id="457321312">
    <nd ref="5473272837"/>
    <nd ref="5473272700"/>
    <nd ref="4534858543"/>
    <nd ref="5473272900"/>
    <nd ref="5473272904"/>
    <tag k="highway" v="footway"/>
    <tag k="indoor" v="yes"/>
    <tag k="layer" v="-6"/>
    <tag k="level" v="-6"/>
    <tag k="tunnel" v="yes"/>
  </way>
  <way id="457321313">
    <nd ref="5473272656"/>
    <nd ref="4534858554"/>
    <tag k="highway" v="steps"/>
    <tag k="incline" v="up"/>
    <tag k="indoor" v="yes"/>
    <tag k="layer" v="-2"/>
    <tag k="level" v="-3;-2.5"/>
    <tag k="step_count" v="12"/>
    <tag k="tunnel" v="yes"/>
  </way>
  <way id="457321314">
    <nd ref="5473273796"/>
    <nd ref="5473273639"/>
    <nd ref="3139703896"/>
    <nd ref="5473273640"/>
    <nd ref="5473273794"/>
    <nd ref="5473273644"/>
    <nd ref="5473273793"/>
    <nd ref="5473273625"/>
    <nd ref="5473273792"/>
    <nd ref="5473273624"/>
    <nd ref="3139703895"/>
    <nd ref="5473273791"/>
    <tag k="highway" v="footway"/>
    <tag k="indoor" v="yes"/>
    <tag k="layer" v="-3"/>
    <tag k="level" v="-3"/>
    <tag k="tunnel" v="yes"/>
  </way>
  <way id="457321315">
    <nd ref="5473273805"/>
    <nd ref="5473273631"/>
    <nd ref="4534858557"/>
    <nd ref="5473273630"/>
    <nd ref="5473273802"/>
    <nd ref="5473273629"/>
    <nd ref="5473273801"/>
    <nd ref="5473273800"/>
    <nd ref="5473273628"/>
    <nd ref="5473273799"/>
    <nd ref="4534858552"/>
    <nd ref="5473273798"/>
    <tag k="highway" v="footway"/>
    <tag k="indoor" v="yes"/>
    <tag k="layer" v="-3"/>
    <tag k="level" v="-3"/>
    <tag k="tunnel" v="yes"/>
  </way>
  <way id="467203249">
    <nd ref="4618510643"/>
    <nd ref="8868194770"/>
    <tag k="access" v="private"/>
    <tag k="highway" v="service"/>
  </way>
  <way id="475030765">
    <nd ref="1312188886"/>
    <nd ref="3816097107"/>
    <nd ref="3816097106"/>
    <nd ref="25248112"/>
    <nd ref="107588"/>
    <nd ref="2218344511"/>
    <nd ref="25248115"/>
    <nd ref="2218344510"/>
    <nd ref="9710332576"/>
    <nd ref="2218344508"/>
    <nd ref="9710332577"/>
    <nd ref="109416"/>
    <tag k="bicycle" v="yes"/>
    <tag k="bus" v="yes"/>
    <tag k="highway" v="tertiary"/>
    <tag k="lanes" v="2"/>
    <tag k="lit" v="yes"/>
    <tag k="maxspeed" v="20 mph"/>
    <tag k="name" v="Cornhill"/>
    <tag k="operator" v="City of London"/>
    <tag k="operator:wikidata" v="Q1094147"/>
    <tag k="postal_code" v="EC3"/>
    <tag k="sidewalk:both" v="separate"/>
    <tag k="surface" v="asphalt"/>
    <tag k="taxi" v="yes"/>
    <tag k="vehicle:conditional" v="no @ (Mo-Fr 07:00-19:00)"/>
    <tag k="wikidata" v="Q28846065"/>
  </way>
  <way id="475030766">
    <nd ref="4688513223"/>
    <nd ref="4688513231"/>
    <nd ref="4688513222"/>
    <nd ref="2793904918"/>
    <nd ref="4688513220"/>
    <nd ref="12425016914"/>
    <nd ref="12425016913"/>
    <nd ref="13816483474"/>
    <tag k="footway" v="sidewalk"/>
    <tag k="highway" v="footway"/>
    <tag k="lit" v="yes"/>
    <tag k="surface" v="paving_stones"/>
  </way>
  <way id="475030767">
    <nd ref="12425018605"/>
    <nd ref="12425016911"/>
    <nd ref="12425017012"/>
    <nd ref="4688513228"/>
    <nd ref="4688513227"/>
    <nd ref="12425017015"/>
    <nd ref="4688513226"/>
    <nd ref="4688513230"/>
    <nd ref="4688513235"/>
    <tag k="footway" v="sidewalk"/>
    <tag k="highway" v="footway"/>
    <tag k="lit" v="yes"/>
    <tag k="surface" v="paving_stones"/>
  </way>
  <way id="475030769">
    <nd ref="12754675101"/>
    <nd ref="3381130090"/>
    <nd ref="12754625500"/>
    <tag k="crossing" v="traffic_signals"/>
    <tag k="footway" v="crossing"/>
    <tag k="highway" v="footway"/>
    <tag k="lit" v="yes"/>
    <tag k="smoothness" v="excellent"/>
    <tag k="surface" v="asphalt"/>
  </way>
  <way id="475030771">
    <nd ref="4688513225"/>
    <nd ref="3381130092"/>
    <nd ref="4688513232"/>
    <tag k="crossing" v="traffic_signals"/>
    <tag k="crossing:island" v="no"/>
    <tag k="crossing:markings" v="dots"/>
    <tag k="crossing:signals" v="yes"/>
    <tag k="crossing_ref" v="pelican"/>
    <tag k="footway" v="crossing"/>
    <tag k="highway" v="footway"/>
    <tag k="lit" v="yes"/>
    <tag k="smoothness" v="good"/>
    <tag k="surface" v="asphalt"/>
  </way>
  <way id="475030775">
    <nd ref="4688513238"/>
    <nd ref="4688513237"/>
    <nd ref="4688513239"/>
    <tag k="crossing" v="traffic_signals"/>
    <tag k="footway" v="crossing"/>
    <tag k="highway" v="footway"/>
    <tag k="lit" v="no"/>
    <tag k="surface" v="asphalt"/>
  </way>
  <way id="475030776">
    <nd ref="4688513240"/>
    <nd ref="4688513238"/>
    <tag k="highway" v="footway"/>
    <tag k="lit" v="yes"/>
    <tag k="surface" v="asphalt"/>
  </way>
  <way id="481964355">
    <nd ref="10726163586"/>
    <nd ref="385311796"/>
    <nd ref="4748394420"/>
    <nd ref="8807431541"/>
    <nd ref="24950113"/>
    <tag k="highway" v="unclassified"/>
    <tag k="lane_markings" v="no"/>
    <tag k="lit" v="yes"/>
    <tag k="maxspeed" v="20 mph"/>
    <tag k="motor_vehicle:conditional" v="no @ (Mo-Fr 07:00-19:00)"/>
    <tag k="name" v="Nicholas Lane"/>
    <tag k="parking:both" v="no"/>
    <tag k="parking:both:restriction" v="no_parking"/>
    <tag k="parking:both:restriction:reason" v="markings"/>
    <tag k="paving_stones:material" v="brick"/>
    <tag k="postal_code" v="EC4"/>
    <tag k="ref:GB:usrn" v="8100916"/>
    <tag k="sidewalk" v="both"/>
    <tag k="sidewalk:both:surface" v="paving_stones"/>
    <tag k="surface" v="paving_stones"/>
    <tag k="wikidata" v="Q65926295"/>
  </way>
  <way id="494370624">
    <nd ref="2538458901"/>
    <nd ref="1939558700"/>
    <nd ref="2622206765"/>
    <nd ref="2528522500"/>
    <tag k="crossing" v="traffic_signals"/>
    <tag k="crossing:island" v="no"/>
    <tag k="crossing:markings" v="dots"/>
    <tag k="crossing:signals" v="yes"/>
    <tag k="foot" v="yes"/>
    <tag k="footway" v="crossing"/>
    <tag k="highway" v="footway"/>
    <tag k="lit" v="yes"/>
    <tag k="surface" v="asphalt"/>
  </way>
  <way id="494370625">
    <nd ref="4861365370"/>
    <nd ref="2528522534"/>
    <tag k="foot" v="yes"/>
    <tag k="footway" v="sidewalk"/>
    <tag k="highway" v="footway"/>
    <tag k="lit" v="yes"/>
    <tag k="surface" v="asphalt"/>
  </way>
  <way id="494370626">
    <nd ref="4861365372"/>
    <nd ref="4861365376"/>
    <tag k="footway" v="sidewalk"/>
    <tag k="highway" v="footway"/>
    <tag k="lit" v="yes"/>
    <tag k="surface" v="paving_stones"/>
  </way>
  <way id="494370627">
    <nd ref="4861365376"/>
    <nd ref="5473274907"/>
    <tag k="footway" v="sidewalk"/>
    <tag k="highway" v="footway"/>
  </way>
  <way id="494370629">
    <nd ref="4861365382"/>
    <nd ref="4861365383"/>
    <tag k="footway" v="sidewalk"/>
    <tag k="highway" v="footway"/>
    <tag k="lit" v="yes"/>
  </way>
  <way id="494370632">
    <nd ref="4861365396"/>
    <nd ref="2622222668"/>
    <tag k="foot" v="yes"/>
    <tag k="footway" v="sidewalk"/>
    <tag k="highway" v="footway"/>
    <tag k="lit" v="yes"/>
    <tag k="surface" v="asphalt"/>
  </way>
  <way id="494886933">
    <nd ref="6369390692"/>
    <nd ref="11733338215"/>
    <tag k="cycleway" v="no"/>
    <tag k="dual_carriageway" v="yes"/>
    <tag k="highway" v="tertiary"/>
    <tag k="lit" v="yes"/>
    <tag k="maxspeed" v="20 mph"/>
    <tag k="name" v="Queen Victoria Street"/>
    <tag k="name:etymology:wikidata" v="Q9439"/>
    <tag k="oneway" v="yes"/>
    <tag k="ref:GB:usrn" v="8100442"/>
    <tag k="sidewalk" v="no"/>
    <tag k="surface" v="asphalt"/>
    <tag k="wikidata" v="Q4581969"/>
    <tag k="wikipedia" v="en:Queen Victoria Street, London"/>
  </way>
  <way id="494886934">
    <nd ref="1938819320"/>
    <nd ref="2387207421"/>
    <nd ref="1938819325"/>
    <nd ref="6369390692"/>
    <tag k="dual_carriageway" v="yes"/>
    <tag k="highway" v="tertiary"/>
    <tag k="lit" v="yes"/>
    <tag k="maxspeed" v="20 mph"/>
    <tag k="name" v="Queen Victoria Street"/>
    <tag k="name:etymology:wikidata" v="Q9439"/>
    <tag k="oneway" v="yes"/>
    <tag k="ref:GB:usrn" v="8100442"/>
    <tag k="sidewalk:left" v="separate"/>
    <tag k="sidewalk:right" v="no"/>
    <tag k="surface" v="asphalt"/>
    <tag k="wikidata" v="Q4581969"/>
    <tag k="wikipedia" v="en:Queen Victoria Street, London"/>
  </way>
  <way id="494897028">
    <nd ref="4866727518"/>
    <nd ref="5473274891"/>
    <tag k="footway" v="sidewalk"/>
    <tag k="highway" v="footway"/>
    <tag k="lit" v="yes"/>
    <tag k="surface" v="paving_stones"/>
  </way>
  <way id="494897029">
    <nd ref="4861365372"/>
    <nd ref="4861365373"/>
    <nd ref="12799881576"/>
    <nd ref="4861365383"/>
    <nd ref="11828797579"/>
    <nd ref="2538458901"/>
    <tag k="foot" v="yes"/>
    <tag k="footway" v="sidewalk"/>
    <tag k="highway" v="footway"/>
    <tag k="lit" v="yes"/>
    <tag k="surface" v="asphalt"/>
  </way>
  <way id="494897031">
    <nd ref="10996333638"/>
    <nd ref="4866727517"/>
    <nd ref="8807429659"/>
    <tag k="footway" v="sidewalk"/>
    <tag k="highway" v="footway"/>
    <tag k="lit" v="yes"/>
    <tag k="surface" v="paving_stones"/>
  </way>
  <way id="494897032">
    <nd ref="2387224475"/>
    <nd ref="2387224474"/>
    <nd ref="1365887500"/>
    <nd ref="4866976613"/>
    <nd ref="2218340965"/>
    <tag k="bus" v="yes"/>
    <tag k="highway" v="tertiary"/>
    <tag k="lanes" v="2"/>
    <tag k="lit" v="yes"/>
    <tag k="maxspeed" v="20 mph"/>
    <tag k="motor_vehicle:conditional" v="no @ (Mo-Fr 07:00-19:00)"/>
    <tag k="name" v="Poultry"/>
    <tag k="sidewalk:both" v="separate"/>
    <tag k="surface" v="asphalt"/>
    <tag k="taxi" v="yes"/>
    <tag k="wikidata" v="Q7235592"/>
  </way>
  <way id="494926883">
    <nd ref="6018098773"/>
    <nd ref="6018098767"/>
    <tag k="highway" v="footway"/>
    <tag k="surface" v="asphalt"/>
  </way>
  <way id="512846333">
    <nd ref="1401926435"/>
    <nd ref="11083837089"/>
    <nd ref="6739026231"/>
    <nd ref="13513212447"/>
    <nd ref="5014115754"/>
    <tag k="bicycle" v="no"/>
    <tag k="highway" v="pedestrian"/>
    <tag k="horse" v="no"/>
    <tag k="lit" v="yes"/>
    <tag k="name" v="Bloomberg Arcade"/>
    <tag k="name:etymology:wikidata" v="Q13977"/>
    <tag k="oneway" v="no"/>
    <tag k="surface" v="paving_stones"/>
  </way>
  <way id="516502202">
    <nd ref="1718566936"/>
    <nd ref="1718566942"/>
    <tag k="covered" v="yes"/>
    <tag k="highway" v="footway"/>
    <tag k="name" v="Masons Avenue"/>
    <tag k="surface" v="paved"/>
  </way>
  <way id="516502203">
    <nd ref="21990631"/>
    <nd ref="8869464378"/>
    <tag k="foot" v="yes"/>
    <tag k="highway" v="footway"/>
    <tag k="name" v="Mason's Avenue"/>
    <tag k="surface" v="paved"/>
  </way>
  <way id="516502204">
    <nd ref="5042033633"/>
    <nd ref="5042033632"/>
    <tag k="access" v="private"/>
    <tag k="highway" v="service"/>
    <tag k="service" v="driveway"/>
  </way>
  <way id="516502205">
    <nd ref="5042033642"/>
    <nd ref="5042033633"/>
    <tag k="access" v="private"/>
    <tag k="covered" v="yes"/>
    <tag k="highway" v="service"/>
    <tag k="maxheight" v="3.9"/>
    <tag k="service" v="driveway"/>
    <tag k="tunnel" v="building_passage"/>
  </way>
  <way id="516502208">
    <nd ref="5042033643"/>
    <nd ref="8869464392"/>
    <nd ref="5042033642"/>
    <tag k="access" v="private"/>
    <tag k="highway" v="service"/>
    <tag k="service" v="driveway"/>
  </way>
  <way id="516984454">
    <nd ref="5046005744"/>
    <nd ref="5046005730"/>
    <tag k="highway" v="service"/>
    <tag k="note" v="Loading bay"/>
    <tag k="service" v="driveway"/>
    <tag k="tunnel" v="building_passage"/>
  </way>
  <way id="516984455">
    <nd ref="5046005742"/>
    <nd ref="5046005731"/>
    <tag k="access" v="private"/>
    <tag k="highway" v="service"/>
    <tag k="service" v="driveway"/>
    <tag k="tunnel" v="building_passage"/>
  </way>
  <way id="516984457">
    <nd ref="5046005743"/>
    <nd ref="11083904930"/>
    <nd ref="5046005742"/>
    <tag k="highway" v="service"/>
    <tag k="service" v="driveway"/>
  </way>
  <way id="516984458">
    <nd ref="5046005745"/>
    <nd ref="11083904929"/>
    <nd ref="5046005744"/>
    <tag k="highway" v="service"/>
    <tag k="service" v="driveway"/>
  </way>
  <way id="516984460">
    <nd ref="1718328448"/>
    <nd ref="11079475751"/>
    <tag k="highway" v="pedestrian"/>
    <tag k="name" v="Lawrence Lane"/>
    <tag k="name:etymology:wikidata" v="Q11704046"/>
  </way>
  <way id="516984461">
    <nd ref="1718328445"/>
    <nd ref="1718328448"/>
    <tag k="highway" v="pedestrian"/>
    <tag k="name" v="Lawrence Lane"/>
    <tag k="name:etymology:wikidata" v="Q11704046"/>
    <tag k="tunnel" v="building_passage"/>
  </way>
  <way id="516984472">
    <nd ref="5046005790"/>
    <nd ref="11081617029"/>
    <nd ref="5046005789"/>
    <tag k="access" v="private"/>
    <tag k="highway" v="service"/>
    <tag k="service" v="driveway"/>
  </way>
  <way id="517030143">
    <nd ref="5046314075"/>
    <nd ref="5046314074"/>
    <tag k="highway" v="service"/>
    <tag k="note" v="Loading bay"/>
    <tag k="service" v="driveway"/>
    <tag k="tunnel" v="building_passage"/>
  </way>
  <way id="517030144">
    <nd ref="5046314077"/>
    <nd ref="11079475737"/>
    <nd ref="5046314076"/>
    <nd ref="5046314075"/>
    <tag k="highway" v="service"/>
    <tag k="service" v="driveway"/>
  </way>
  <way id="517482351">
    <nd ref="8807431550"/>
    <nd ref="6369361792"/>
    <nd ref="5141354330"/>
    <nd ref="5141354332"/>
    <nd ref="5065949596"/>
    <tag k="dual_carriageway" v="yes"/>
    <tag k="highway" v="tertiary"/>
    <tag k="lanes" v="1"/>
    <tag k="lit" v="yes"/>
    <tag k="maxspeed" v="20 mph"/>
    <tag k="name" v="Cannon Street"/>
    <tag k="oneway" v="yes"/>
    <tag k="sidewalk:left" v="separate"/>
    <tag k="sidewalk:right" v="no"/>
    <tag k="surface" v="asphalt"/>
  </way>
  <way id="522314560">
    <nd ref="1719899617"/>
    <nd ref="1719899611"/>
    <tag k="highway" v="footway"/>
    <tag k="lit" v="yes"/>
    <tag k="name" v="Well Court"/>
    <tag k="source:name" v="local knowledge"/>
    <tag k="surface" v="paved"/>
  </way>
  <way id="522314563">
    <nd ref="5087519091"/>
    <nd ref="5087519090"/>
    <tag k="highway" v="footway"/>
    <tag k="lit" v="yes"/>
    <tag k="name" v="Well Court"/>
    <tag k="source:name" v="local knowledge"/>
    <tag k="surface" v="paved"/>
  </way>
  <way id="522314566">
    <nd ref="5087519089"/>
    <nd ref="13238175757"/>
    <nd ref="25066338"/>
    <tag k="highway" v="footway"/>
    <tag k="name" v="Well Court"/>
    <tag k="source:name" v="local knowledge"/>
    <tag k="surface" v="paving_stones"/>
  </way>
  <way id="522314568">
    <nd ref="5087519090"/>
    <nd ref="5087519089"/>
    <tag k="highway" v="footway"/>
    <tag k="name" v="Well Court"/>
    <tag k="source:name" v="local knowledge"/>
    <tag k="surface" v="paved"/>
    <tag k="tunnel" v="building_passage"/>
  </way>
  <way id="522314576">
    <nd ref="5087519106"/>
    <nd ref="5087519105"/>
    <nd ref="5090420977"/>
    <nd ref="5087519104"/>
    <tag k="access" v="private"/>
    <tag k="highway" v="service"/>
    <tag k="maxspeed" v="5 mph"/>
    <tag k="service" v="driveway"/>
  </way>
  <way id="522564784">
    <nd ref="3153656028"/>
    <nd ref="5141354333"/>
    <nd ref="5141354329"/>
    <nd ref="1678227031"/>
    <nd ref="5141354328"/>
    <nd ref="5141354331"/>
    <tag k="dual_carriageway" v="yes"/>
    <tag k="highway" v="tertiary"/>
    <tag k="lanes" v="1"/>
    <tag k="lit" v="yes"/>
    <tag k="maxspeed" v="20 mph"/>
    <tag k="name" v="Cannon Street"/>
    <tag k="oneway" v="yes"/>
    <tag k="sidewalk:left" v="separate"/>
    <tag k="sidewalk:right" v="no"/>
    <tag k="surface" v="asphalt"/>
  </way>
  <way id="522699893">
    <nd ref="5090420610"/>
    <nd ref="25066422"/>
    <nd ref="5090420611"/>
    <tag k="highway" v="service"/>
  </way>
  <way id="522699894">
    <nd ref="5090420614"/>
    <nd ref="13016187598"/>
    <nd ref="11083837077"/>
    <nd ref="5090420613"/>
    <tag k="highway" v="service"/>
    <tag k="service" v="driveway"/>
  </way>
  <way id="522699902">
    <nd ref="5090420941"/>
    <nd ref="11083837074"/>
    <nd ref="5090420940"/>
    <tag k="highway" v="service"/>
    <tag k="service" v="driveway"/>
  </way>
  <way id="522699911">
    <nd ref="5090420967"/>
    <nd ref="25161367"/>
    <tag k="highway" v="footway"/>
    <tag k="name" v="Bow Churchyard"/>
    <tag k="name:etymology:wikidata" v="Q2301992"/>
    <tag k="source:name" v="local knowledge"/>
    <tag k="surface" v="paved"/>
  </way>
  <way id="522699912">
    <nd ref="5090420968"/>
    <nd ref="5090420967"/>
    <tag k="highway" v="footway"/>
    <tag k="name" v="Bow Churchyard"/>
    <tag k="name:etymology:wikidata" v="Q2301992"/>
    <tag k="source:name" v="local knowledge"/>
    <tag k="surface" v="paved"/>
    <tag k="tunnel" v="building_passage"/>
  </way>
  <way id="523281455">
    <nd ref="5094718796"/>
    <nd ref="5094718797"/>
    <nd ref="5094718794"/>
    <tag k="highway" v="steps"/>
    <tag k="step_count" v="6"/>
    <tag k="surface" v="paved"/>
    <tag k="wheelchair" v="no"/>
  </way>
  <way id="523281456">
    <nd ref="5094718798"/>
    <nd ref="5094718796"/>
    <tag k="highway" v="footway"/>
    <tag k="surface" v="paved"/>
  </way>
  <way id="523388305">
    <nd ref="5095547181"/>
    <nd ref="11104960047"/>
    <nd ref="5095547180"/>
    <tag k="highway" v="service"/>
    <tag k="service" v="driveway"/>
  </way>
  <way id="523388308">
    <nd ref="5095547183"/>
    <nd ref="5095547182"/>
    <tag k="highway" v="service"/>
    <tag k="service" v="driveway"/>
    <tag k="tunnel" v="building_passage"/>
  </way>
  <way id="523388310">
    <nd ref="5095547184"/>
    <nd ref="11104960050"/>
    <nd ref="5095547183"/>
    <tag k="highway" v="service"/>
    <tag k="service" v="driveway"/>
  </way>
  <way id="523485320">
    <nd ref="1951616322"/>
    <nd ref="11104960037"/>
    <nd ref="5096270631"/>
    <tag k="highway" v="service"/>
    <tag k="service" v="driveway"/>
  </way>
  <way id="524448290">
    <nd ref="5103660655"/>
    <nd ref="5103660661"/>
    <nd ref="5103660662"/>
    <nd ref="5103660663"/>
    <nd ref="5103660664"/>
    <nd ref="5103660665"/>
    <nd ref="5103660658"/>
    <nd ref="5103660655"/>
    <tag k="area" v="yes"/>
    <tag k="highway" v="pedestrian"/>
    <tag k="lit" v="yes"/>
    <tag k="surface" v="paving_stones"/>
  </way>
  <way id="529215734">
    <nd ref="25161363"/>
    <nd ref="5141354331"/>
    <tag k="cycleway:left" v="lane"/>
    <tag k="highway" v="tertiary"/>
    <tag k="lit" v="yes"/>
    <tag k="maxspeed" v="20 mph"/>
    <tag k="name" v="Cannon Street"/>
    <tag k="postal_code" v="EC4"/>
    <tag k="sidewalk:both" v="separate"/>
    <tag k="surface" v="asphalt"/>
    <tag k="wikidata" v="Q2936432"/>
    <tag k="wikipedia" v="en:Cannon Street"/>
  </way>
  <way id="529246701">
    <nd ref="3637449661"/>
    <nd ref="5141625649"/>
    <tag k="highway" v="footway"/>
    <tag k="indoor" v="yes"/>
  </way>
  <way id="529246702">
    <nd ref="5141625624"/>
    <nd ref="5141625654"/>
    <tag k="highway" v="footway"/>
    <tag k="indoor" v="yes"/>
    <tag k="surface" v="paved"/>
  </way>
  <way id="529246703">
    <nd ref="5141625626"/>
    <nd ref="11104960044"/>
    <nd ref="12892415982"/>
    <nd ref="5141625625"/>
    <tag k="highway" v="footway"/>
    <tag k="surface" v="asphalt"/>
  </way>
  <way id="529246704">
    <nd ref="5141625631"/>
    <nd ref="11097085187"/>
    <nd ref="5141625630"/>
    <tag k="access" v="private"/>
    <tag k="highway" v="footway"/>
    <tag k="note" v="Access to Tallow Chandlers' Hall"/>
    <tag k="surface" v="paved"/>
  </way>
  <way id="529246705">
    <nd ref="5141625632"/>
    <nd ref="5141625631"/>
    <tag k="access" v="private"/>
    <tag k="highway" v="footway"/>
    <tag k="note" v="Access to Tallow Chandlers' Hall"/>
    <tag k="surface" v="paved"/>
    <tag k="tunnel" v="building_passage"/>
  </way>
  <way id="529246707">
    <nd ref="5141625629"/>
    <nd ref="5141625632"/>
    <tag k="access" v="private"/>
    <tag k="highway" v="footway"/>
    <tag k="note" v="Access to Tallow Chandlers' Hall"/>
    <tag k="surface" v="paved"/>
  </way>
  <way id="529246708">
    <nd ref="5141625635"/>
    <nd ref="5141625636"/>
    <nd ref="5141625639"/>
    <tag k="highway" v="footway"/>
    <tag k="indoor" v="yes"/>
    <tag k="level" v="1"/>
  </way>
  <way id="529246709">
    <nd ref="5141625626"/>
    <nd ref="5141625654"/>
    <nd ref="5141625637"/>
    <nd ref="5141625653"/>
    <tag k="highway" v="footway"/>
    <tag k="indoor" v="yes"/>
    <tag k="surface" v="paved"/>
  </way>
  <way id="529246710">
    <nd ref="5141625638"/>
    <nd ref="5141625624"/>
    <tag k="highway" v="steps"/>
    <tag k="indoor" v="yes"/>
  </way>
  <way id="529246712">
    <nd ref="5141625648"/>
    <nd ref="5141625649"/>
    <tag k="handrail:center" v="yes"/>
    <tag k="handrail:left" v="yes"/>
    <tag k="handrail:right" v="yes"/>
    <tag k="highway" v="steps"/>
    <tag k="incline" v="up"/>
    <tag k="indoor" v="yes"/>
    <tag k="step_count" v="4"/>
  </way>
  <way id="529246713">
    <nd ref="11104960043"/>
    <nd ref="3637449661"/>
    <tag k="highway" v="footway"/>
    <tag k="surface" v="paving_stones"/>
  </way>
  <way id="529246715">
    <nd ref="5141625655"/>
    <nd ref="5141625638"/>
    <tag k="highway" v="footway"/>
    <tag k="indoor" v="yes"/>
    <tag k="level" v="1"/>
  </way>
  <way id="529246719">
    <nd ref="5141625686"/>
    <nd ref="13807857914"/>
    <nd ref="5141625688"/>
    <tag k="highway" v="footway"/>
    <tag k="indoor" v="yes"/>
  </way>
  <way id="529246720">
    <nd ref="5141625672"/>
    <nd ref="5141625686"/>
    <tag k="handrail:center" v="yes"/>
    <tag k="handrail:left" v="yes"/>
    <tag k="handrail:right" v="yes"/>
    <tag k="highway" v="steps"/>
    <tag k="indoor" v="yes"/>
    <tag k="step_count" v="9"/>
  </way>
  <way id="529246723">
    <nd ref="5141625682"/>
    <nd ref="5141625679"/>
    <nd ref="5141625680"/>
    <nd ref="5141625699"/>
    <tag k="highway" v="footway"/>
    <tag k="indoor" v="yes"/>
    <tag k="level" v="1"/>
  </way>
  <way id="529246724">
    <nd ref="5141625690"/>
    <nd ref="5141625681"/>
    <nd ref="5141625685"/>
    <tag k="highway" v="footway"/>
    <tag k="indoor" v="yes"/>
  </way>
  <way id="529246725">
    <nd ref="5141625690"/>
    <nd ref="5141625689"/>
    <tag k="handrail:center" v="yes"/>
    <tag k="handrail:left" v="yes"/>
    <tag k="handrail:right" v="yes"/>
    <tag k="highway" v="steps"/>
    <tag k="indoor" v="yes"/>
    <tag k="step_count" v="14"/>
  </way>
  <way id="529246726">
    <nd ref="5141625688"/>
    <nd ref="5141625687"/>
    <tag k="handrail:center" v="yes"/>
    <tag k="handrail:left" v="yes"/>
    <tag k="handrail:right" v="yes"/>
    <tag k="highway" v="steps"/>
    <tag k="indoor" v="yes"/>
    <tag k="step_count" v="14"/>
  </way>
  <way id="529246728">
    <nd ref="5141625685"/>
    <nd ref="11097085158"/>
    <tag k="highway" v="footway"/>
    <tag k="surface" v="paving_stones"/>
  </way>
  <way id="529246731">
    <nd ref="5141625687"/>
    <nd ref="5141625635"/>
    <nd ref="5141625655"/>
    <nd ref="5141625697"/>
    <nd ref="11866295836"/>
    <nd ref="11866295842"/>
    <nd ref="11866295844"/>
    <nd ref="11866295846"/>
    <nd ref="5141625699"/>
    <nd ref="5141625689"/>
    <tag k="highway" v="footway"/>
    <tag k="indoor" v="yes"/>
    <tag k="level" v="1"/>
  </way>
  <way id="529275383">
    <nd ref="5141876997"/>
    <nd ref="11097085195"/>
    <nd ref="13235696108"/>
    <nd ref="5141876996"/>
    <tag k="highway" v="footway"/>
    <tag k="name" v="Newcastle Court"/>
    <tag k="ref:GB:usrn" v="8100800"/>
    <tag k="surface" v="paved"/>
  </way>
  <way id="529275384">
    <nd ref="5141876999"/>
    <nd ref="5141876998"/>
    <tag k="highway" v="footway"/>
    <tag k="name" v="Newcastle Court"/>
    <tag k="ref:GB:usrn" v="8100800"/>
    <tag k="surface" v="paved"/>
  </way>
  <way id="529275385">
    <nd ref="5141876998"/>
    <nd ref="5141876995"/>
    <nd ref="5141876997"/>
    <tag k="highway" v="footway"/>
    <tag k="name" v="Newcastle Court"/>
    <tag k="ref:GB:usrn" v="8100800"/>
    <tag k="surface" v="paved"/>
    <tag k="tunnel" v="building_passage"/>
  </way>
  <way id="529813066">
    <nd ref="5141625639"/>
    <nd ref="5141625637"/>
    <tag k="highway" v="footway"/>
    <tag k="indoor" v="yes"/>
  </way>
  <way id="529813067">
    <nd ref="5141625681"/>
    <nd ref="5141625682"/>
    <tag k="highway" v="footway"/>
    <tag k="indoor" v="yes"/>
    <tag k="level" v="0"/>
  </way>
  <way id="529813101">
    <nd ref="5146186470"/>
    <nd ref="11097085198"/>
    <nd ref="5146186469"/>
    <nd ref="5146186468"/>
    <tag k="highway" v="service"/>
    <tag k="service" v="driveway"/>
  </way>
  <way id="529813108">
    <nd ref="13235666391"/>
    <nd ref="13235666376"/>
    <nd ref="5146186490"/>
    <nd ref="5146186491"/>
    <nd ref="5146186492"/>
    <tag k="highway" v="footway"/>
    <tag k="surface" v="paving_stones"/>
  </way>
  <way id="536716716">
    <nd ref="5198585557"/>
    <nd ref="13513291496"/>
    <nd ref="13513212432"/>
    <tag k="access" v="delivery"/>
    <tag k="highway" v="service"/>
    <tag k="oneway" v="yes"/>
    <tag k="surface" v="asphalt"/>
  </way>
  <way id="536716718">
    <nd ref="13513212433"/>
    <nd ref="13513291495"/>
    <nd ref="5198585559"/>
    <tag k="access" v="delivery"/>
    <tag k="highway" v="service"/>
    <tag k="oneway" v="yes"/>
  </way>
  <way id="536844652">
    <nd ref="12166171996"/>
    <nd ref="13819691423"/>
    <nd ref="3100169049"/>
    <tag k="bicycle" v="no"/>
    <tag k="highway" v="pedestrian"/>
    <tag k="horse" v="no"/>
    <tag k="lit" v="yes"/>
    <tag k="name" v="Bloomberg Arcade"/>
    <tag k="name:etymology:wikidata" v="Q13977"/>
    <tag k="oneway" v="no"/>
    <tag k="surface" v="paving_stones"/>
  </way>
  <way id="539312918">
    <nd ref="5218844446"/>
    <nd ref="5218844445"/>
    <tag k="covered" v="yes"/>
    <tag k="highway" v="unclassified"/>
    <tag k="maxspeed" v="20 mph"/>
    <tag k="name" v="Lombard Court"/>
    <tag k="surface" v="asphalt"/>
    <tag k="tunnel" v="building_passage"/>
  </way>
  <way id="539320023">
    <nd ref="28800669"/>
    <nd ref="1312264614"/>
    <nd ref="1401908259"/>
    <nd ref="1401908260"/>
    <nd ref="1684549819"/>
    <nd ref="13676968319"/>
    <nd ref="13676968327"/>
    <nd ref="250550183"/>
    <nd ref="13676968336"/>
    <nd ref="13676968335"/>
    <nd ref="1684549825"/>
    <nd ref="1684549823"/>
    <nd ref="1684549821"/>
    <nd ref="1684549820"/>
    <nd ref="1684549822"/>
    <nd ref="1684549828"/>
    <nd ref="1684549830"/>
    <nd ref="1684549829"/>
    <nd ref="1684549826"/>
    <nd ref="1684549827"/>
    <nd ref="250550338"/>
    <nd ref="1684511978"/>
    <nd ref="1684511979"/>
    <nd ref="5218910025"/>
    <nd ref="5218885136"/>
    <nd ref="250550339"/>
    <nd ref="1684549833"/>
    <nd ref="5218910023"/>
    <nd ref="794003484"/>
    <nd ref="250550340"/>
    <nd ref="8869464361"/>
    <nd ref="1312264556"/>
    <nd ref="1684511977"/>
    <nd ref="28800669"/>
    <tag k="area" v="yes"/>
    <tag k="foot" v="yes"/>
    <tag k="highway" v="pedestrian"/>
    <tag k="name" v="Guildhall Yard"/>
    <tag k="name:etymology:wikidata" v="Q81279"/>
    <tag k="surface" v="paving_stones"/>
    <tag k="wikidata" v="Q65926195"/>
  </way>
  <way id="539320741">
    <nd ref="5218915617"/>
    <nd ref="1401908261"/>
    <nd ref="250550183"/>
    <tag k="access" v="private"/>
    <tag k="covered" v="yes"/>
    <tag k="highway" v="service"/>
    <tag k="name" v="Guildhall"/>
  </way>
  <way id="539322453">
    <nd ref="250550340"/>
    <nd ref="8869464371"/>
    <nd ref="8869464372"/>
    <nd ref="28800668"/>
    <tag k="foot" v="yes"/>
    <tag k="highway" v="pedestrian"/>
    <tag k="name" v="Guildhall Buildings"/>
    <tag k="name:etymology:wikidata" v="Q81279"/>
    <tag k="surface" v="paving_stones"/>
  </way>
  <way id="539755564">
    <nd ref="5222453731"/>
    <nd ref="24950065"/>
    <tag k="highway" v="footway"/>
    <tag k="name" v="Plough Court"/>
  </way>
  <way id="539755565">
    <nd ref="5222453733"/>
    <nd ref="5222453732"/>
    <nd ref="5222453731"/>
    <tag k="highway" v="footway"/>
    <tag k="name" v="Plough Court"/>
    <tag k="tunnel" v="building_passage"/>
  </way>
  <way id="539755566">
    <nd ref="5222453735"/>
    <nd ref="5222453734"/>
    <tag k="highway" v="footway"/>
    <tag k="name" v="Plough Court"/>
    <tag k="surface" v="paving_stones"/>
    <tag k="tunnel" v="building_passage"/>
  </way>
  <way id="539755567">
    <nd ref="5222453734"/>
    <nd ref="5222453733"/>
    <tag k="highway" v="footway"/>
    <tag k="name" v="Plough Court"/>
    <tag k="surface" v="asphalt"/>
  </way>
  <way id="539924177">
    <nd ref="5223919936"/>
    <nd ref="3108311329"/>
    <tag k="highway" v="footway"/>
    <tag k="name" v="St. Benet's Place"/>
  </way>
  <way id="539924178">
    <nd ref="5223919935"/>
    <nd ref="5223919936"/>
    <tag k="highway" v="footway"/>
    <tag k="name" v="St. Benet's Place"/>
    <tag k="tunnel" v="building_passage"/>
  </way>
  <way id="539924179">
    <nd ref="5223919937"/>
    <nd ref="13810673535"/>
    <nd ref="25532332"/>
    <tag k="foot" v="yes"/>
    <tag k="highway" v="service"/>
    <tag k="name" v="Brabant Court"/>
    <tag k="name:etymology:wikidata" v="Q848831"/>
    <tag k="postal_code" v="EC3"/>
  </way>
  <way id="539924180">
    <nd ref="5223919938"/>
    <nd ref="5223919937"/>
    <tag k="foot" v="yes"/>
    <tag k="highway" v="service"/>
    <tag k="name" v="Brabant Court"/>
    <tag k="name:etymology:wikidata" v="Q848831"/>
    <tag k="postal_code" v="EC3"/>
    <tag k="tunnel" v="building_passage"/>
  </way>
  <way id="539989773">
    <nd ref="1718328195"/>
    <nd ref="11074284093"/>
    <tag k="highway" v="footway"/>
    <tag k="lit" v="yes"/>
    <tag k="name" v="Honey Lane"/>
    <tag k="smoothness" v="excellent"/>
    <tag k="surface" v="paving_stones"/>
    <tag k="wikidata" v="Q66009343"/>
  </way>
  <way id="539989785">
    <nd ref="1718328224"/>
    <nd ref="1718328195"/>
    <tag k="highway" v="footway"/>
    <tag k="lit" v="yes"/>
    <tag k="name" v="Honey Lane"/>
    <tag k="smoothness" v="excellent"/>
    <tag k="surface" v="paving_stones"/>
    <tag k="tunnel" v="building_passage"/>
    <tag k="wikidata" v="Q66009343"/>
  </way>
  <way id="539990608">
    <nd ref="1718328280"/>
    <nd ref="1718328256"/>
    <tag k="highway" v="footway"/>
    <tag k="name" v="Honey Lane"/>
    <tag k="tunnel" v="building_passage"/>
    <tag k="wikidata" v="Q66009343"/>
  </way>
  <way id="539990609">
    <nd ref="1718328256"/>
    <nd ref="1718328224"/>
    <tag k="highway" v="footway"/>
    <tag k="name" v="Honey Lane"/>
    <tag k="wikidata" v="Q66009343"/>
  </way>
  <way id="540282803">
    <nd ref="5227220845"/>
    <nd ref="5227220848"/>
    <tag k="highway" v="unclassified"/>
    <tag k="maxspeed" v="20 mph"/>
    <tag k="name" v="Lombard Court"/>
    <tag k="tunnel" v="building_passage"/>
  </way>
  <way id="542833256">
    <nd ref="5247852872"/>
    <nd ref="9693730842"/>
    <tag k="cycleway:right" v="lane"/>
    <tag k="cycleway:right:oneway" v="-1"/>
    <tag k="highway" v="unclassified"/>
    <tag k="lanes" v="1"/>
    <tag k="maxspeed" v="20 mph"/>
    <tag k="name" v="Trump Street"/>
    <tag k="oneway" v="yes"/>
    <tag k="oneway:bicycle" v="no"/>
    <tag k="postal_code" v="EC2"/>
    <tag k="ref:GB:usrn" v="8100541"/>
    <tag k="sidewalk:both" v="separate"/>
    <tag k="surface" v="asphalt"/>
    <tag k="wikidata" v="Q47158155"/>
  </way>
  <way id="542833598">
    <nd ref="5247857728"/>
    <nd ref="9691101412"/>
    <nd ref="13235696117"/>
    <nd ref="9691101411"/>
    <tag k="cycleway:right" v="lane"/>
    <tag k="cycleway:right:oneway" v="-1"/>
    <tag k="highway" v="unclassified"/>
    <tag k="lit" v="yes"/>
    <tag k="maxspeed" v="20 mph"/>
    <tag k="name" v="Cloak Lane"/>
    <tag k="oneway" v="yes"/>
    <tag k="oneway:bicycle" v="no"/>
    <tag k="postal_code" v="EC4"/>
    <tag k="ref:GB:usrn" v="8100134"/>
    <tag k="sidewalk:both" v="separate"/>
    <tag k="source:name" v="local knowledge"/>
    <tag k="surface" v="paving_stones"/>
    <tag k="wikidata" v="Q65924276"/>
  </way>
  <way id="552629288">
    <nd ref="5335245254"/>
    <nd ref="5335245255"/>
    <nd ref="1566270021"/>
    <tag k="highway" v="footway"/>
    <tag k="lit" v="yes"/>
  </way>
  <way id="560997135">
    <nd ref="1566270189"/>
    <nd ref="7797731340"/>
    <nd ref="9694072864"/>
    <tag k="access" v="yes"/>
    <tag k="bicycle" v="yes"/>
    <tag k="cycleway:left" v="no"/>
    <tag k="cycleway:right" v="lane"/>
    <tag k="cycleway:right:lane" v="exclusive"/>
    <tag k="cycleway:right:oneway" v="-1"/>
    <tag k="foot" v="yes"/>
    <tag k="highway" v="tertiary"/>
    <tag k="horse" v="yes"/>
    <tag k="lane_markings" v="no"/>
    <tag k="lit" v="yes"/>
    <tag k="maxspeed" v="20 mph"/>
    <tag k="motor_vehicle" v="yes"/>
    <tag k="name" v="Lombard Street"/>
    <tag k="note" v="Not tertiary because of one-way"/>
    <tag k="oneway" v="yes"/>
    <tag k="oneway:bicycle" v="no"/>
    <tag k="parking:both" v="no"/>
    <tag k="sidewalk:left" v="separate"/>
    <tag k="sidewalk:right" v="yes"/>
    <tag k="source:name" v="local knowledge"/>
    <tag k="source:width" v="ARCore"/>
    <tag k="surface" v="asphalt"/>
    <tag k="width" v="5.9"/>
    <tag k="wikidata" v="Q1432321"/>
    <tag k="wikipedia" v="en:Lombard Street, London"/>
  </way>
  <way id="560997136">
    <nd ref="24950107"/>
    <nd ref="12905496407"/>
    <nd ref="24950110"/>
    <nd ref="24950111"/>
    <tag k="highway" v="tertiary"/>
    <tag k="horse" v="yes"/>
    <tag k="lane_markings" v="no"/>
    <tag k="lit" v="yes"/>
    <tag k="maxspeed" v="20 mph"/>
    <tag k="name" v="Lombard Street"/>
    <tag k="oneway" v="no"/>
    <tag k="sidewalk" v="both"/>
    <tag k="source:name" v="local knowledge"/>
    <tag k="surface" v="asphalt"/>
    <tag k="width" v="5.8"/>
    <tag k="wikidata" v="Q1432321"/>
    <tag k="wikipedia" v="en:Lombard Street, London"/>
  </way>
  <way id="569024609">
    <nd ref="5473272821"/>
    <nd ref="5473272667"/>
    <nd ref="5473272822"/>
    <tag k="highway" v="footway"/>
    <tag k="indoor" v="yes"/>
    <tag k="layer" v="-4"/>
    <tag k="level" v="-4"/>
    <tag k="tunnel" v="yes"/>
  </way>
  <way id="569024611">
    <nd ref="5473272823"/>
    <nd ref="5473272667"/>
    <nd ref="5473272678"/>
    <nd ref="5473272677"/>
    <nd ref="5473272676"/>
    <nd ref="5473272675"/>
    <nd ref="5473272674"/>
    <nd ref="5473272673"/>
    <nd ref="5473272672"/>
    <nd ref="5473272671"/>
    <nd ref="5473272670"/>
    <nd ref="5473272669"/>
    <nd ref="5473272668"/>
    <nd ref="5473272871"/>
    <tag k="highway" v="footway"/>
    <tag k="indoor" v="yes"/>
    <tag k="layer" v="-4"/>
    <tag k="level" v="-4"/>
    <tag k="tunnel" v="yes"/>
  </way>
  <way id="569024612">
    <nd ref="5473272835"/>
    <nd ref="5473272700"/>
    <nd ref="5473272834"/>
    <tag k="highway" v="footway"/>
    <tag k="indoor" v="yes"/>
    <tag k="layer" v="-6"/>
    <tag k="level" v="-6"/>
    <tag k="tunnel" v="yes"/>
  </way>
  <way id="569024619">
    <nd ref="5473272824"/>
    <nd ref="5473272823"/>
    <tag k="highway" v="steps"/>
    <tag k="incline" v="up"/>
    <tag k="indoor" v="yes"/>
    <tag k="level" v="-4.3;-4"/>
    <tag k="step_count" v="14"/>
    <tag k="tunnel" v="yes"/>
  </way>
  <way id="569024621">
    <nd ref="5473272825"/>
    <nd ref="5473272824"/>
    <tag k="highway" v="footway"/>
    <tag k="indoor" v="yes"/>
    <tag k="layer" v="-6"/>
    <tag k="level" v="-4.3"/>
    <tag k="tunnel" v="yes"/>
  </way>
  <way id="569024622">
    <nd ref="5473272826"/>
    <nd ref="5473272825"/>
    <tag k="highway" v="steps"/>
    <tag k="incline" v="up"/>
    <tag k="indoor" v="yes"/>
    <tag k="level" v="-4.7;-4.3"/>
    <tag k="step_count" v="14"/>
    <tag k="tunnel" v="yes"/>
  </way>
  <way id="569024623">
    <nd ref="5473272827"/>
    <nd ref="5473272826"/>
    <tag k="highway" v="footway"/>
    <tag k="indoor" v="yes"/>
    <tag k="layer" v="-6"/>
    <tag k="level" v="-4.7"/>
    <tag k="tunnel" v="yes"/>
  </way>
  <way id="569024624">
    <nd ref="5473272828"/>
    <nd ref="5473272827"/>
    <tag k="highway" v="steps"/>
    <tag k="incline" v="up"/>
    <tag k="indoor" v="yes"/>
    <tag k="level" v="-5;-4.7"/>
    <tag k="step_count" v="14"/>
    <tag k="tunnel" v="yes"/>
  </way>
  <way id="569024625">
    <nd ref="5473272829"/>
    <nd ref="5473272828"/>
    <tag k="highway" v="footway"/>
    <tag k="indoor" v="yes"/>
    <tag k="layer" v="-6"/>
    <tag k="level" v="-5"/>
    <tag k="tunnel" v="yes"/>
  </way>
  <way id="569024627">
    <nd ref="5473272830"/>
    <nd ref="5473272829"/>
    <tag k="highway" v="steps"/>
    <tag k="incline" v="up"/>
    <tag k="indoor" v="yes"/>
    <tag k="level" v="-5.3;-5"/>
    <tag k="step_count" v="14"/>
    <tag k="tunnel" v="yes"/>
  </way>
  <way id="569024628">
    <nd ref="5473272831"/>
    <nd ref="5473272830"/>
    <tag k="highway" v="footway"/>
    <tag k="indoor" v="yes"/>
    <tag k="layer" v="-6"/>
    <tag k="level" v="-5.3"/>
    <tag k="tunnel" v="yes"/>
  </way>
  <way id="569024629">
    <nd ref="5473272832"/>
    <nd ref="5473272831"/>
    <tag k="highway" v="steps"/>
    <tag k="incline" v="up"/>
    <tag k="indoor" v="yes"/>
    <tag k="level" v="-5.7;-5.3"/>
    <tag k="step_count" v="14"/>
    <tag k="tunnel" v="yes"/>
  </way>
  <way id="569024630">
    <nd ref="5473272833"/>
    <nd ref="5473272832"/>
    <tag k="highway" v="footway"/>
    <tag k="indoor" v="yes"/>
    <tag k="layer" v="-6"/>
    <tag k="level" v="-5.7"/>
    <tag k="tunnel" v="yes"/>
  </way>
  <way id="569024631">
    <nd ref="5473272837"/>
    <nd ref="5473272833"/>
    <tag k="highway" v="steps"/>
    <tag k="incline" v="up"/>
    <tag k="indoor" v="yes"/>
    <tag k="level" v="-6;-5.7"/>
    <tag k="step_count" v="14"/>
    <tag k="tunnel" v="yes"/>
  </way>
  <way id="569024632">
    <nd ref="5473272834"/>
    <nd ref="5473272821"/>
    <tag k="conveying" v="yes"/>
    <tag k="highway" v="steps"/>
    <tag k="incline" v="up"/>
    <tag k="indoor" v="yes"/>
    <tag k="layer" v="-6"/>
    <tag k="level" v="-6;-4"/>
    <tag k="tunnel" v="yes"/>
  </way>
  <way id="569024636">
    <nd ref="5473272822"/>
    <nd ref="5473272835"/>
    <tag k="conveying" v="yes"/>
    <tag k="highway" v="steps"/>
    <tag k="incline" v="down"/>
    <tag k="indoor" v="yes"/>
    <tag k="layer" v="-6"/>
    <tag k="level" v="-6;-4"/>
    <tag k="tunnel" v="yes"/>
  </way>
  <way id="569024681">
    <nd ref="5473272893"/>
    <nd ref="5473272883"/>
    <nd ref="5473272882"/>
    <tag k="highway" v="footway"/>
    <tag k="indoor" v="yes"/>
    <tag k="level" v="-5.5"/>
    <tag k="tunnel" v="yes"/>
  </way>
  <way id="569024684">
    <nd ref="5473272886"/>
    <nd ref="5473272893"/>
    <tag k="highway" v="steps"/>
    <tag k="incline" v="up"/>
    <tag k="indoor" v="yes"/>
    <tag k="layer" v="-6"/>
    <tag k="level" v="-5.8;-5.5"/>
    <tag k="step_count" v="16"/>
    <tag k="tunnel" v="yes"/>
  </way>
  <way id="569024688">
    <nd ref="5473272885"/>
    <nd ref="5473272886"/>
    <tag k="highway" v="footway"/>
    <tag k="indoor" v="yes"/>
    <tag k="level" v="-5.8"/>
    <tag k="tunnel" v="yes"/>
  </way>
  <way id="569024694">
    <nd ref="5473272901"/>
    <nd ref="5473272885"/>
    <tag k="highway" v="steps"/>
    <tag k="incline" v="up"/>
    <tag k="indoor" v="yes"/>
    <tag k="layer" v="-6"/>
    <tag k="level" v="-6;-5.8"/>
    <tag k="step_count" v="16"/>
    <tag k="tunnel" v="yes"/>
  </way>
  <way id="569024697">
    <nd ref="5473272975"/>
    <nd ref="5473272894"/>
    <nd ref="5473272976"/>
    <tag k="highway" v="footway"/>
    <tag k="indoor" v="yes"/>
    <tag k="layer" v="-6"/>
    <tag k="level" v="-6"/>
    <tag k="tunnel" v="yes"/>
  </way>
  <way id="569024701">
    <nd ref="5473272977"/>
    <nd ref="5473272894"/>
    <nd ref="5473272899"/>
    <tag k="highway" v="footway"/>
    <tag k="indoor" v="yes"/>
    <tag k="layer" v="-6"/>
    <tag k="level" v="-6"/>
    <tag k="tunnel" v="yes"/>
  </way>
  <way id="569024705">
    <nd ref="4534858543"/>
    <nd ref="5473272903"/>
    <nd ref="5473272902"/>
    <tag k="highway" v="footway"/>
    <tag k="indoor" v="yes"/>
    <tag k="layer" v="-6"/>
    <tag k="level" v="-6"/>
    <tag k="tunnel" v="yes"/>
  </way>
  <way id="569024740">
    <nd ref="5473272974"/>
    <nd ref="5473272977"/>
    <tag k="highway" v="steps"/>
    <tag k="incline" v="down"/>
    <tag k="indoor" v="yes"/>
    <tag k="layer" v="-6"/>
    <tag k="level" v="-6;-5.6"/>
    <tag k="step_count" v="14"/>
    <tag k="tunnel" v="yes"/>
  </way>
  <way id="569024743">
    <nd ref="5473272973"/>
    <nd ref="5473272974"/>
    <tag k="highway" v="footway"/>
    <tag k="indoor" v="yes"/>
    <tag k="layer" v="-6"/>
    <tag k="level" v="-5.6"/>
    <tag k="tunnel" v="yes"/>
  </way>
  <way id="569024745">
    <nd ref="5473272972"/>
    <nd ref="5473272973"/>
    <tag k="highway" v="steps"/>
    <tag k="incline" v="down"/>
    <tag k="indoor" v="yes"/>
    <tag k="layer" v="-6"/>
    <tag k="level" v="-5.6;-5.2"/>
    <tag k="step_count" v="15"/>
    <tag k="tunnel" v="yes"/>
  </way>
  <way id="569024748">
    <nd ref="5473272971"/>
    <nd ref="5473272972"/>
    <tag k="highway" v="footway"/>
    <tag k="indoor" v="yes"/>
    <tag k="layer" v="-6"/>
    <tag k="level" v="-5.2"/>
    <tag k="tunnel" v="yes"/>
  </way>
  <way id="569024751">
    <nd ref="5473272970"/>
    <nd ref="5473272971"/>
    <tag k="highway" v="steps"/>
    <tag k="incline" v="down"/>
    <tag k="indoor" v="yes"/>
    <tag k="layer" v="-6"/>
    <tag k="level" v="-5.2;-4.8"/>
    <tag k="step_count" v="15"/>
    <tag k="tunnel" v="yes"/>
  </way>
  <way id="569024754">
    <nd ref="5473272969"/>
    <nd ref="5473272970"/>
    <tag k="highway" v="footway"/>
    <tag k="indoor" v="yes"/>
    <tag k="layer" v="-6"/>
    <tag k="level" v="-4.8"/>
    <tag k="tunnel" v="yes"/>
  </way>
  <way id="569024757">
    <nd ref="5473272968"/>
    <nd ref="5473272969"/>
    <tag k="highway" v="steps"/>
    <tag k="incline" v="down"/>
    <tag k="indoor" v="yes"/>
    <tag k="layer" v="-6"/>
    <tag k="level" v="-4.8;-4.4"/>
    <tag k="step_count" v="15"/>
    <tag k="tunnel" v="yes"/>
  </way>
  <way id="569024759">
    <nd ref="5473272967"/>
    <nd ref="5473272968"/>
    <tag k="highway" v="footway"/>
    <tag k="indoor" v="yes"/>
    <tag k="layer" v="-6"/>
    <tag k="level" v="-4.4"/>
    <tag k="tunnel" v="yes"/>
  </way>
  <way id="569024760">
    <nd ref="5473272979"/>
    <nd ref="5473272975"/>
    <tag k="conveying" v="yes"/>
    <tag k="highway" v="steps"/>
    <tag k="incline" v="down"/>
    <tag k="indoor" v="yes"/>
    <tag k="layer" v="-6"/>
    <tag k="level" v="-6;-4"/>
    <tag k="tunnel" v="yes"/>
  </way>
  <way id="569024761">
    <nd ref="5473272976"/>
    <nd ref="5473272980"/>
    <tag k="conveying" v="yes"/>
    <tag k="highway" v="steps"/>
    <tag k="incline" v="up"/>
    <tag k="indoor" v="yes"/>
    <tag k="layer" v="-6"/>
    <tag k="level" v="-6;-4"/>
    <tag k="tunnel" v="yes"/>
  </way>
  <way id="569024762">
    <nd ref="5473272980"/>
    <nd ref="5473272978"/>
    <nd ref="5473272979"/>
    <tag k="highway" v="footway"/>
    <tag k="indoor" v="yes"/>
    <tag k="layer" v="-4"/>
    <tag k="level" v="-4"/>
    <tag k="tunnel" v="yes"/>
  </way>
  <way id="569024764">
    <nd ref="5473272988"/>
    <nd ref="5473272983"/>
    <tag k="highway" v="footway"/>
    <tag k="indoor" v="yes"/>
    <tag k="layer" v="-5"/>
    <tag k="level" v="-5"/>
    <tag k="tunnel" v="yes"/>
  </way>
  <way id="569024765">
    <nd ref="5473272984"/>
    <nd ref="5473272990"/>
    <tag k="highway" v="footway"/>
    <tag k="indoor" v="yes"/>
    <tag k="layer" v="-5"/>
    <tag k="level" v="-5"/>
    <tag k="tunnel" v="yes"/>
  </way>
  <way id="569024766">
    <nd ref="5473272989"/>
    <nd ref="5473272882"/>
    <nd ref="5473272987"/>
    <tag k="highway" v="footway"/>
    <tag k="indoor" v="yes"/>
    <tag k="level" v="-5.5"/>
    <tag k="tunnel" v="yes"/>
  </way>
  <way id="569024769">
    <nd ref="5473273004"/>
    <nd ref="3153777208"/>
    <nd ref="5473273003"/>
    <tag k="highway" v="footway"/>
    <tag k="indoor" v="yes"/>
    <tag k="layer" v="-3"/>
    <tag k="level" v="-3"/>
    <tag k="tunnel" v="yes"/>
  </way>
  <way id="569024770">
    <nd ref="5473273003"/>
    <nd ref="5473273077"/>
    <tag k="conveying" v="yes"/>
    <tag k="highway" v="steps"/>
    <tag k="incline" v="down"/>
    <tag k="indoor" v="yes"/>
    <tag k="layer" v="-4"/>
    <tag k="level" v="-5;-3"/>
    <tag k="tunnel" v="yes"/>
  </way>
  <way id="569024788">
    <nd ref="5473273068"/>
    <nd ref="5473272983"/>
    <nd ref="5473273067"/>
    <tag k="highway" v="footway"/>
    <tag k="indoor" v="yes"/>
    <tag k="layer" v="-5"/>
    <tag k="level" v="-5"/>
    <tag k="tunnel" v="yes"/>
  </way>
  <way id="569024790">
    <nd ref="5473273453"/>
    <nd ref="5473273069"/>
    <tag k="highway" v="footway"/>
    <tag k="indoor" v="yes"/>
    <tag k="layer" v="-5"/>
    <tag k="level" v="-5"/>
    <tag k="tunnel" v="yes"/>
  </way>
  <way id="569024792">
    <nd ref="5473273072"/>
    <nd ref="5473273069"/>
    <nd ref="5473273070"/>
    <tag k="highway" v="footway"/>
    <tag k="indoor" v="yes"/>
    <tag k="layer" v="-5"/>
    <tag k="level" v="-5"/>
    <tag k="tunnel" v="yes"/>
  </way>
  <way id="569024793">
    <nd ref="5473273455"/>
    <nd ref="5473273072"/>
    <nd ref="5473273071"/>
    <tag k="highway" v="footway"/>
    <tag k="indoor" v="yes"/>
    <tag k="layer" v="-5"/>
    <tag k="level" v="-5"/>
    <tag k="tunnel" v="yes"/>
  </way>
  <way id="569024794">
    <nd ref="5473273078"/>
    <nd ref="5473273073"/>
    <tag k="highway" v="footway"/>
    <tag k="indoor" v="yes"/>
    <tag k="layer" v="-5"/>
    <tag k="level" v="-5"/>
    <tag k="tunnel" v="yes"/>
  </way>
  <way id="569024896">
    <nd ref="5473273429"/>
    <nd ref="5473273447"/>
    <tag k="highway" v="footway"/>
  </way>
  <way id="569024897">
    <nd ref="5049840244"/>
    <nd ref="5473273431"/>
    <nd ref="5473273430"/>
    <nd ref="5473273429"/>
    <nd ref="5473273428"/>
    <nd ref="5473273427"/>
    <nd ref="5473273426"/>
    <nd ref="6018098767"/>
    <nd ref="12905474496"/>
    <nd ref="12905474497"/>
    <tag k="footway" v="sidewalk"/>
    <tag k="highway" v="footway"/>
    <tag k="lit" v="yes"/>
    <tag k="name" v="King William Street"/>
    <tag k="name:etymology:wikidata" v="Q130822"/>
    <tag k="street:name" v="King William Street"/>
    <tag k="surface" v="asphalt"/>
  </way>
  <way id="569024912">
    <nd ref="3153777213"/>
    <nd ref="5473273607"/>
    <nd ref="5473273613"/>
    <tag k="highway" v="footway"/>
    <tag k="indoor" v="yes"/>
    <tag k="layer" v="-4"/>
    <tag k="level" v="-4"/>
    <tag k="tunnel" v="yes"/>
    <tag k="wheelchair" v="yes"/>
  </way>
  <way id="569024915">
    <nd ref="3153777213"/>
    <nd ref="5473273455"/>
    <tag k="highway" v="steps"/>
    <tag k="incline" v="down"/>
    <tag k="indoor" v="yes"/>
    <tag k="layer" v="-1"/>
    <tag k="level" v="-5;-4"/>
    <tag k="note" v="you need to have bought a ticket on the LU to use this footway... do we have an access tag for this?"/>
    <tag k="step_count" v="21"/>
    <tag k="tunnel" v="yes"/>
  </way>
  <way id="569024916">
    <nd ref="5473273499"/>
    <nd ref="5473273498"/>
    <nd ref="5473273497"/>
    <nd ref="5473273496"/>
    <nd ref="5473273495"/>
    <nd ref="5473273494"/>
    <nd ref="5473273493"/>
    <nd ref="5473273492"/>
    <nd ref="5473273491"/>
    <nd ref="5473273490"/>
    <tag k="highway" v="footway"/>
    <tag k="indoor" v="yes"/>
    <tag k="layer" v="-2"/>
    <tag k="level" v="-2"/>
    <tag k="tunnel" v="yes"/>
  </way>
  <way id="569024917">
    <nd ref="5473273570"/>
    <nd ref="5473273499"/>
    <nd ref="5473273569"/>
    <tag k="highway" v="footway"/>
    <tag k="indoor" v="yes"/>
    <tag k="layer" v="-2"/>
    <tag k="level" v="-2"/>
    <tag k="tunnel" v="yes"/>
  </way>
  <way id="569024918">
    <nd ref="5473273504"/>
    <nd ref="5473273503"/>
    <tag k="highway" v="steps"/>
    <tag k="incline" v="down"/>
    <tag k="indoor" v="yes"/>
    <tag k="layer" v="-2"/>
    <tag k="level" v="-1.8;-2"/>
    <tag k="step_count" v="12"/>
    <tag k="tunnel" v="yes"/>
  </way>
  <way id="569024919">
    <nd ref="5473273509"/>
    <nd ref="5473273504"/>
    <tag k="highway" v="footway"/>
    <tag k="indoor" v="yes"/>
    <tag k="level" v="-1.8"/>
    <tag k="tunnel" v="yes"/>
  </way>
  <way id="569024921">
    <nd ref="5473273513"/>
    <nd ref="5473273509"/>
    <tag k="highway" v="steps"/>
    <tag k="incline" v="down"/>
    <tag k="indoor" v="yes"/>
    <tag k="layer" v="-2"/>
    <tag k="level" v="-1.5;-1.8"/>
    <tag k="step_count" v="12"/>
    <tag k="tunnel" v="yes"/>
  </way>
  <way id="569024922">
    <nd ref="5473273527"/>
    <nd ref="5473273512"/>
    <nd ref="5473273511"/>
    <nd ref="5473273510"/>
    <nd ref="5473273513"/>
    <tag k="highway" v="footway"/>
    <tag k="indoor" v="yes"/>
    <tag k="level" v="-1.5"/>
    <tag k="tunnel" v="yes"/>
  </way>
  <way id="569024924">
    <nd ref="5473273530"/>
    <nd ref="5473273527"/>
    <tag k="highway" v="steps"/>
    <tag k="incline" v="up"/>
    <tag k="indoor" v="yes"/>
    <tag k="layer" v="-2"/>
    <tag k="level" v="-2;-1-5"/>
    <tag k="step_count" v="10"/>
    <tag k="tunnel" v="yes"/>
  </way>
  <way id="569024925">
    <nd ref="5473273546"/>
    <nd ref="5473273529"/>
    <nd ref="5473273528"/>
    <nd ref="5473273530"/>
    <tag k="highway" v="footway"/>
    <tag k="indoor" v="yes"/>
    <tag k="level" v="-2"/>
    <tag k="tunnel" v="yes"/>
  </way>
  <way id="569024928">
    <nd ref="5473273547"/>
    <nd ref="5473273546"/>
    <tag k="highway" v="steps"/>
    <tag k="incline" v="up"/>
    <tag k="indoor" v="yes"/>
    <tag k="layer" v="-2"/>
    <tag k="level" v="-2.5;-2"/>
    <tag k="step_count" v="11"/>
    <tag k="tunnel" v="yes"/>
  </way>
  <way id="569024929">
    <nd ref="4534858554"/>
    <nd ref="5473273547"/>
    <tag k="highway" v="footway"/>
    <tag k="indoor" v="yes"/>
    <tag k="level" v="-2.5"/>
    <tag k="tunnel" v="yes"/>
  </way>
  <way id="569024931">
    <nd ref="5473273569"/>
    <nd ref="5473274526"/>
    <tag k="conveying" v="yes"/>
    <tag k="highway" v="steps"/>
    <tag k="incline" v="up"/>
    <tag k="indoor" v="yes"/>
    <tag k="layer" v="-1"/>
    <tag k="level" v="-2;-1"/>
    <tag k="tunnel" v="yes"/>
  </way>
  <way id="569024932">
    <nd ref="5473274527"/>
    <nd ref="5473273570"/>
    <tag k="conveying" v="yes"/>
    <tag k="highway" v="steps"/>
    <tag k="incline" v="down"/>
    <tag k="indoor" v="yes"/>
    <tag k="layer" v="-1"/>
    <tag k="level" v="-2;-1"/>
    <tag k="tunnel" v="yes"/>
  </way>
  <way id="569024933">
    <nd ref="5473273596"/>
    <nd ref="5473273571"/>
    <nd ref="5473273597"/>
    <tag k="highway" v="footway"/>
    <tag k="indoor" v="yes"/>
    <tag k="layer" v="-4"/>
    <tag k="level" v="-4"/>
    <tag k="tunnel" v="yes"/>
  </way>
  <way id="569024934">
    <nd ref="5473273579"/>
    <nd ref="5473273596"/>
    <tag k="conveying" v="yes"/>
    <tag k="highway" v="steps"/>
    <tag k="incline" v="down"/>
    <tag k="indoor" v="yes"/>
    <tag k="layer" v="-1"/>
    <tag k="level" v="-4;-2"/>
    <tag k="tunnel" v="yes"/>
  </way>
  <way id="569024935">
    <nd ref="5473273597"/>
    <nd ref="5473273580"/>
    <tag k="conveying" v="yes"/>
    <tag k="highway" v="steps"/>
    <tag k="incline" v="up"/>
    <tag k="indoor" v="yes"/>
    <tag k="layer" v="-1"/>
    <tag k="level" v="-4;-2"/>
    <tag k="tunnel" v="yes"/>
  </way>
  <way id="569024938">
    <nd ref="5473273590"/>
    <nd ref="5473273589"/>
    <tag k="highway" v="steps"/>
    <tag k="incline" v="up"/>
    <tag k="indoor" v="yes"/>
    <tag k="layer" v="-1"/>
    <tag k="level" v="-2.6;-2"/>
    <tag k="step_count" v="16"/>
    <tag k="tunnel" v="yes"/>
  </way>
  <way id="569024939">
    <nd ref="5473273591"/>
    <nd ref="5473273590"/>
    <tag k="highway" v="footway"/>
    <tag k="indoor" v="yes"/>
    <tag k="layer" v="-1"/>
    <tag k="level" v="-2.6"/>
    <tag k="tunnel" v="yes"/>
  </way>
  <way id="569024940">
    <nd ref="5473273592"/>
    <nd ref="5473273591"/>
    <tag k="highway" v="steps"/>
    <tag k="incline" v="up"/>
    <tag k="indoor" v="yes"/>
    <tag k="layer" v="-1"/>
    <tag k="level" v="-3.3;-2.6"/>
    <tag k="step_count" v="10"/>
    <tag k="tunnel" v="yes"/>
  </way>
  <way id="569024941">
    <nd ref="5473273593"/>
    <nd ref="5473273592"/>
    <tag k="highway" v="footway"/>
    <tag k="indoor" v="yes"/>
    <tag k="layer" v="-1"/>
    <tag k="level" v="-3.3"/>
    <tag k="tunnel" v="yes"/>
  </way>
  <way id="569024942">
    <nd ref="5473274509"/>
    <nd ref="5473273604"/>
    <tag k="highway" v="footway"/>
    <tag k="indoor" v="yes"/>
    <tag k="layer" v="-4"/>
    <tag k="level" v="-4"/>
    <tag k="tunnel" v="yes"/>
    <tag k="wheelchair" v="yes"/>
  </way>
  <way id="569024943">
    <nd ref="5473274510"/>
    <nd ref="5473273605"/>
    <tag k="highway" v="footway"/>
    <tag k="indoor" v="yes"/>
    <tag k="layer" v="-4"/>
    <tag k="level" v="-4"/>
    <tag k="tunnel" v="yes"/>
    <tag k="wheelchair" v="yes"/>
  </way>
  <way id="569024944">
    <nd ref="5473274511"/>
    <nd ref="5473273606"/>
    <tag k="highway" v="footway"/>
    <tag k="indoor" v="yes"/>
    <tag k="layer" v="-4"/>
    <tag k="level" v="-4"/>
    <tag k="tunnel" v="yes"/>
    <tag k="wheelchair" v="yes"/>
  </way>
  <way id="569024945">
    <nd ref="5473274512"/>
    <nd ref="5473273609"/>
    <nd ref="5473273606"/>
    <nd ref="5473273605"/>
    <nd ref="5473273604"/>
    <nd ref="5473273608"/>
    <nd ref="5473273607"/>
    <tag k="highway" v="footway"/>
    <tag k="indoor" v="yes"/>
    <tag k="layer" v="-4"/>
    <tag k="level" v="-4"/>
    <tag k="tunnel" v="yes"/>
    <tag k="wheelchair" v="yes"/>
  </way>
  <way id="569024946">
    <nd ref="5473274514"/>
    <nd ref="5473273610"/>
    <tag k="highway" v="footway"/>
    <tag k="indoor" v="yes"/>
    <tag k="layer" v="-4"/>
    <tag k="level" v="-4"/>
    <tag k="tunnel" v="yes"/>
    <tag k="wheelchair" v="yes"/>
  </way>
  <way id="569024947">
    <nd ref="5473274515"/>
    <nd ref="5473273611"/>
    <tag k="highway" v="footway"/>
    <tag k="indoor" v="yes"/>
    <tag k="layer" v="-4"/>
    <tag k="level" v="-4"/>
    <tag k="tunnel" v="yes"/>
    <tag k="wheelchair" v="yes"/>
  </way>
  <way id="569024948">
    <nd ref="5473274516"/>
    <nd ref="5473273612"/>
    <tag k="highway" v="footway"/>
    <tag k="indoor" v="yes"/>
    <tag k="layer" v="-4"/>
    <tag k="level" v="-4"/>
    <tag k="tunnel" v="yes"/>
    <tag k="wheelchair" v="yes"/>
  </way>
  <way id="569024949">
    <nd ref="5473273454"/>
    <nd ref="5473273452"/>
    <nd ref="5473273451"/>
    <nd ref="5473273613"/>
    <nd ref="5473273450"/>
    <nd ref="5473273614"/>
    <nd ref="5473273612"/>
    <nd ref="5473273611"/>
    <nd ref="5473273610"/>
    <nd ref="5473273615"/>
    <nd ref="5473274513"/>
    <tag k="highway" v="footway"/>
    <tag k="indoor" v="yes"/>
    <tag k="layer" v="-4"/>
    <tag k="level" v="-4"/>
    <tag k="tunnel" v="yes"/>
    <tag k="wheelchair" v="yes"/>
  </way>
  <way id="569024950">
    <nd ref="5473273666"/>
    <nd ref="5473273617"/>
    <nd ref="5473273616"/>
    <tag k="highway" v="footway"/>
    <tag k="indoor" v="yes"/>
    <tag k="layer" v="-4"/>
    <tag k="level" v="-4"/>
    <tag k="tunnel" v="yes"/>
  </way>
  <way id="569024951">
    <nd ref="5473273622"/>
    <nd ref="5473273621"/>
    <tag k="highway" v="footway"/>
    <tag k="indoor" v="yes"/>
    <tag k="layer" v="-4"/>
    <tag k="level" v="-4"/>
    <tag k="tunnel" v="yes"/>
  </way>
  <way id="569024952">
    <nd ref="5473273623"/>
    <nd ref="4534858548"/>
    <tag k="highway" v="footway"/>
    <tag k="indoor" v="yes"/>
    <tag k="layer" v="-4"/>
    <tag k="level" v="-4"/>
    <tag k="tunnel" v="yes"/>
  </way>
  <way id="569024953">
    <nd ref="5473273665"/>
    <nd ref="5473273638"/>
    <nd ref="5473273637"/>
    <nd ref="5473273636"/>
    <nd ref="5473273635"/>
    <nd ref="5473273634"/>
    <nd ref="5473273633"/>
    <nd ref="5473273632"/>
    <nd ref="5473273645"/>
    <tag k="highway" v="footway"/>
    <tag k="indoor" v="yes"/>
    <tag k="level" v="-3.7"/>
    <tag k="tunnel" v="yes"/>
  </way>
  <way id="569024955">
    <nd ref="5473273797"/>
    <nd ref="5473273661"/>
    <nd ref="5473273660"/>
    <nd ref="5473273659"/>
    <nd ref="5473273658"/>
    <nd ref="5473273657"/>
    <nd ref="5473273656"/>
    <nd ref="5473273655"/>
    <nd ref="5473273654"/>
    <nd ref="5473273653"/>
    <nd ref="5473273652"/>
    <nd ref="5473273651"/>
    <nd ref="5473273650"/>
    <nd ref="5473273649"/>
    <nd ref="5473273648"/>
    <nd ref="5473273647"/>
    <nd ref="5473273646"/>
    <nd ref="5473273645"/>
    <tag k="highway" v="steps"/>
    <tag k="incline" v="down"/>
    <tag k="indoor" v="yes"/>
    <tag k="layer" v="-4"/>
    <tag k="level" v="-3.7;-3"/>
    <tag k="note" v="spiral staircase"/>
    <tag k="step_count" v="26"/>
    <tag k="tunnel" v="yes"/>
  </way>
  <way id="569024956">
    <nd ref="5473273666"/>
    <nd ref="5473273665"/>
    <tag k="highway" v="steps"/>
    <tag k="incline" v="down"/>
    <tag k="indoor" v="yes"/>
    <tag k="layer" v="-4"/>
    <tag k="level" v="-4;-3.7"/>
    <tag k="note" v="spiral staircase"/>
    <tag k="step_count" v="13"/>
    <tag k="tunnel" v="yes"/>
  </way>
  <way id="569024972">
    <nd ref="5473273790"/>
    <nd ref="5473273788"/>
    <tag k="highway" v="footway"/>
    <tag k="indoor" v="yes"/>
    <tag k="layer" v="-3"/>
    <tag k="level" v="-3"/>
    <tag k="tunnel" v="yes"/>
  </way>
  <way id="569024973">
    <nd ref="5473273789"/>
    <nd ref="5473273790"/>
    <nd ref="5473272656"/>
    <tag k="highway" v="footway"/>
    <tag k="indoor" v="yes"/>
    <tag k="layer" v="-3"/>
    <tag k="level" v="-3"/>
    <tag k="tunnel" v="yes"/>
  </way>
  <way id="569024974">
    <nd ref="5473273797"/>
    <nd ref="5473273796"/>
    <nd ref="5473273795"/>
    <tag k="highway" v="footway"/>
    <tag k="indoor" v="yes"/>
    <tag k="layer" v="-3"/>
    <tag k="level" v="-3"/>
    <tag k="tunnel" v="yes"/>
  </way>
  <way id="569024975">
    <nd ref="5473273806"/>
    <nd ref="5473273805"/>
    <nd ref="5473273804"/>
    <nd ref="5473273803"/>
    <tag k="highway" v="footway"/>
    <tag k="indoor" v="yes"/>
    <tag k="layer" v="-3"/>
    <tag k="level" v="-3"/>
    <tag k="tunnel" v="yes"/>
  </way>
  <way id="569024983">
    <nd ref="5473273968"/>
    <nd ref="5473273966"/>
    <tag k="highway" v="footway"/>
    <tag k="indoor" v="yes"/>
    <tag k="layer" v="-3"/>
    <tag k="level" v="-3"/>
    <tag k="tunnel" v="yes"/>
  </way>
  <way id="569024987">
    <nd ref="5473272662"/>
    <nd ref="5473274242"/>
    <nd ref="5473272660"/>
    <tag k="highway" v="footway"/>
    <tag k="indoor" v="yes"/>
    <tag k="layer" v="-1"/>
    <tag k="level" v="-1"/>
    <tag k="tunnel" v="yes"/>
  </way>
  <way id="569024988">
    <nd ref="5473274243"/>
    <nd ref="5473272662"/>
    <tag k="conveying" v="yes"/>
    <tag k="highway" v="steps"/>
    <tag k="incline" v="up"/>
    <tag k="indoor" v="yes"/>
    <tag k="layer" v="-2"/>
    <tag k="level" v="-3;-1"/>
    <tag k="tunnel" v="yes"/>
  </way>
  <way id="569024989">
    <nd ref="5473274244"/>
    <nd ref="5473272661"/>
    <tag k="conveying" v="yes"/>
    <tag k="highway" v="steps"/>
    <tag k="incline" v="up"/>
    <tag k="indoor" v="yes"/>
    <tag k="layer" v="-2"/>
    <tag k="level" v="-3;-1"/>
    <tag k="tunnel" v="yes"/>
  </way>
  <way id="569024990">
    <nd ref="5473274253"/>
    <nd ref="5473273603"/>
    <nd ref="5473274252"/>
    <tag k="highway" v="footway"/>
    <tag k="indoor" v="yes"/>
    <tag k="layer" v="-2"/>
    <tag k="level" v="-2"/>
    <tag k="tunnel" v="yes"/>
  </way>
  <way id="569024991">
    <nd ref="5473274259"/>
    <nd ref="5473274252"/>
    <nd ref="5473274256"/>
    <tag k="highway" v="footway"/>
    <tag k="indoor" v="yes"/>
    <tag k="layer" v="-2"/>
    <tag k="level" v="-2"/>
    <tag k="tunnel" v="yes"/>
  </way>
  <way id="569024992">
    <nd ref="5473274260"/>
    <nd ref="5473274259"/>
    <nd ref="5473274258"/>
    <nd ref="5473274257"/>
    <tag k="highway" v="footway"/>
    <tag k="indoor" v="yes"/>
    <tag k="layer" v="-2"/>
    <tag k="level" v="-2"/>
    <tag k="tunnel" v="yes"/>
  </way>
  <way id="569025005">
    <nd ref="5473274442"/>
    <nd ref="5473274441"/>
    <tag k="highway" v="steps"/>
    <tag k="incline" v="down"/>
    <tag k="indoor" v="yes"/>
    <tag k="layer" v="-1"/>
    <tag k="level" v="-2;-1.8"/>
    <tag k="step_count" v="11"/>
    <tag k="tunnel" v="yes"/>
  </way>
  <way id="569025006">
    <nd ref="5473274451"/>
    <nd ref="5473274442"/>
    <tag k="highway" v="footway"/>
    <tag k="indoor" v="yes"/>
    <tag k="layer" v="-1"/>
    <tag k="level" v="-1.8"/>
    <tag k="tunnel" v="yes"/>
  </way>
  <way id="569025008">
    <nd ref="5473274452"/>
    <nd ref="5473274451"/>
    <tag k="highway" v="steps"/>
    <tag k="incline" v="down"/>
    <tag k="indoor" v="yes"/>
    <tag k="layer" v="-1"/>
    <tag k="level" v="-1.8;-1.7"/>
    <tag k="step_count" v="5"/>
    <tag k="tunnel" v="yes"/>
  </way>
  <way id="569025009">
    <nd ref="5473274457"/>
    <nd ref="5473274452"/>
    <tag k="highway" v="footway"/>
    <tag k="indoor" v="yes"/>
    <tag k="layer" v="-1"/>
    <tag k="level" v="-1.7"/>
    <tag k="tunnel" v="yes"/>
  </way>
  <way id="569025011">
    <nd ref="5473274458"/>
    <nd ref="5473274457"/>
    <tag k="highway" v="steps"/>
    <tag k="incline" v="down"/>
    <tag k="indoor" v="yes"/>
    <tag k="layer" v="-1"/>
    <tag k="level" v="-1.7;-1.6"/>
    <tag k="step_count" v="5"/>
    <tag k="tunnel" v="yes"/>
  </way>
  <way id="569025012">
    <nd ref="5473274463"/>
    <nd ref="5473274458"/>
    <tag k="highway" v="footway"/>
    <tag k="indoor" v="yes"/>
    <tag k="layer" v="-1"/>
    <tag k="level" v="-1.6"/>
    <tag k="tunnel" v="yes"/>
  </way>
  <way id="569025014">
    <nd ref="5473274464"/>
    <nd ref="5473274463"/>
    <tag k="highway" v="steps"/>
    <tag k="incline" v="down"/>
    <tag k="indoor" v="yes"/>
    <tag k="layer" v="-1"/>
    <tag k="level" v="-1.6;-1.5"/>
    <tag k="step_count" v="5"/>
    <tag k="tunnel" v="yes"/>
  </way>
  <way id="569025015">
    <nd ref="5473274469"/>
    <nd ref="5473274464"/>
    <tag k="highway" v="footway"/>
    <tag k="indoor" v="yes"/>
    <tag k="layer" v="-1"/>
    <tag k="level" v="-1.5"/>
    <tag k="tunnel" v="yes"/>
  </way>
  <way id="569025017">
    <nd ref="5473274470"/>
    <nd ref="5473274469"/>
    <tag k="highway" v="steps"/>
    <tag k="incline" v="down"/>
    <tag k="indoor" v="yes"/>
    <tag k="layer" v="-1"/>
    <tag k="level" v="-1.5;-1.4"/>
    <tag k="step_count" v="5"/>
    <tag k="tunnel" v="yes"/>
  </way>
  <way id="569025018">
    <nd ref="5473274475"/>
    <nd ref="5473274470"/>
    <tag k="highway" v="footway"/>
    <tag k="indoor" v="yes"/>
    <tag k="layer" v="-1"/>
    <tag k="level" v="-1.4"/>
    <tag k="tunnel" v="yes"/>
  </way>
  <way id="569025020">
    <nd ref="5473274476"/>
    <nd ref="5473274475"/>
    <tag k="highway" v="steps"/>
    <tag k="incline" v="down"/>
    <tag k="indoor" v="yes"/>
    <tag k="layer" v="-1"/>
    <tag k="level" v="-1.4;-1.3"/>
    <tag k="step_count" v="5"/>
    <tag k="tunnel" v="yes"/>
  </way>
  <way id="569025021">
    <nd ref="5473274481"/>
    <nd ref="5473274476"/>
    <tag k="highway" v="footway"/>
    <tag k="indoor" v="yes"/>
    <tag k="layer" v="-1"/>
    <tag k="level" v="-1.3"/>
    <tag k="tunnel" v="yes"/>
  </way>
  <way id="569025023">
    <nd ref="3141817432"/>
    <nd ref="5473274481"/>
    <tag k="highway" v="steps"/>
    <tag k="incline" v="down"/>
    <tag k="indoor" v="yes"/>
    <tag k="layer" v="-1"/>
    <tag k="level" v="-1.3;-1.2"/>
    <tag k="step_count" v="5"/>
    <tag k="tunnel" v="yes"/>
  </way>
  <way id="569025030">
    <nd ref="5473274499"/>
    <nd ref="11340458607"/>
    <nd ref="5473274500"/>
    <tag k="conveying" v="yes"/>
    <tag k="highway" v="footway"/>
    <tag k="incline" v="up"/>
    <tag k="indoor" v="highway"/>
    <tag k="layer" v="-2"/>
    <tag k="level" v="-2;-1"/>
    <tag k="travelator" v="yes"/>
    <tag k="tunnel" v="yes"/>
  </way>
  <way id="569025031">
    <nd ref="5473274509"/>
    <nd ref="5473274501"/>
    <tag k="highway" v="footway"/>
    <tag k="indoor" v="yes"/>
    <tag k="layer" v="-1"/>
    <tag k="level" v="-1"/>
    <tag k="tunnel" v="yes"/>
    <tag k="wheelchair" v="yes"/>
  </way>
  <way id="569025032">
    <nd ref="5473274510"/>
    <nd ref="5473274502"/>
    <tag k="highway" v="footway"/>
    <tag k="indoor" v="yes"/>
    <tag k="layer" v="-1"/>
    <tag k="level" v="-1"/>
    <tag k="tunnel" v="yes"/>
    <tag k="wheelchair" v="yes"/>
  </way>
  <way id="569025033">
    <nd ref="5473274511"/>
    <nd ref="5473274503"/>
    <tag k="highway" v="footway"/>
    <tag k="indoor" v="yes"/>
    <tag k="layer" v="-1"/>
    <tag k="level" v="-1"/>
    <tag k="tunnel" v="yes"/>
    <tag k="wheelchair" v="yes"/>
  </way>
  <way id="569025034">
    <nd ref="5473274506"/>
    <nd ref="5473274505"/>
    <nd ref="5473274501"/>
    <nd ref="5473274502"/>
    <nd ref="5473274503"/>
    <nd ref="5473274504"/>
    <nd ref="5473274512"/>
    <tag k="highway" v="footway"/>
    <tag k="indoor" v="yes"/>
    <tag k="layer" v="-1"/>
    <tag k="level" v="-1"/>
    <tag k="tunnel" v="yes"/>
    <tag k="wheelchair" v="yes"/>
  </way>
  <way id="569025035">
    <nd ref="5473274513"/>
    <nd ref="5473274507"/>
    <tag k="highway" v="footway"/>
    <tag k="indoor" v="yes"/>
    <tag k="layer" v="-1"/>
    <tag k="level" v="-1"/>
    <tag k="tunnel" v="yes"/>
    <tag k="wheelchair" v="yes"/>
  </way>
  <way id="569025036">
    <nd ref="5473274514"/>
    <nd ref="5473274531"/>
    <tag k="highway" v="footway"/>
    <tag k="indoor" v="yes"/>
    <tag k="layer" v="-1"/>
    <tag k="level" v="-1"/>
    <tag k="tunnel" v="yes"/>
    <tag k="wheelchair" v="yes"/>
  </way>
  <way id="569025037">
    <nd ref="5473274515"/>
    <nd ref="5473274508"/>
    <tag k="highway" v="footway"/>
    <tag k="indoor" v="yes"/>
    <tag k="layer" v="-1"/>
    <tag k="level" v="-1"/>
    <tag k="tunnel" v="yes"/>
    <tag k="wheelchair" v="yes"/>
  </way>
  <way id="569025038">
    <nd ref="5473274516"/>
    <nd ref="5473274519"/>
    <tag k="highway" v="footway"/>
    <tag k="indoor" v="yes"/>
    <tag k="layer" v="-1"/>
    <tag k="level" v="-1"/>
    <tag k="tunnel" v="yes"/>
    <tag k="wheelchair" v="yes"/>
  </way>
  <way id="569025039">
    <nd ref="5473274531"/>
    <nd ref="5473274508"/>
    <nd ref="5473274519"/>
    <nd ref="5473274518"/>
    <nd ref="5473274506"/>
    <nd ref="5473274517"/>
    <nd ref="5473274711"/>
    <tag k="highway" v="footway"/>
    <tag k="indoor" v="yes"/>
    <tag k="layer" v="-1"/>
    <tag k="level" v="-1"/>
    <tag k="tunnel" v="yes"/>
    <tag k="wheelchair" v="yes"/>
  </way>
  <way id="569025040">
    <nd ref="5473274525"/>
    <nd ref="5473274524"/>
    <nd ref="5473274723"/>
    <tag k="highway" v="footway"/>
    <tag k="indoor" v="yes"/>
    <tag k="layer" v="-1"/>
    <tag k="level" v="-1"/>
    <tag k="tunnel" v="yes"/>
  </way>
  <way id="569025041">
    <nd ref="5473274526"/>
    <nd ref="5473274528"/>
    <tag k="highway" v="footway"/>
    <tag k="indoor" v="yes"/>
    <tag k="layer" v="-1"/>
    <tag k="level" v="-1"/>
    <tag k="tunnel" v="yes"/>
  </way>
  <way id="569025045">
    <nd ref="5473274533"/>
    <nd ref="5473274528"/>
    <nd ref="5473274527"/>
    <tag k="highway" v="footway"/>
    <tag k="indoor" v="yes"/>
    <tag k="layer" v="-1"/>
    <tag k="level" v="-1"/>
    <tag k="tunnel" v="yes"/>
  </way>
  <way id="569025049">
    <nd ref="5473274532"/>
    <nd ref="5473273598"/>
    <nd ref="5473274529"/>
    <tag k="highway" v="footway"/>
    <tag k="indoor" v="yes"/>
    <tag k="layer" v="-1"/>
    <tag k="level" v="-1"/>
    <tag k="tunnel" v="yes"/>
  </way>
  <way id="569025052">
    <nd ref="5473274534"/>
    <nd ref="5473274529"/>
    <nd ref="5473274530"/>
    <nd ref="5473274747"/>
    <tag k="highway" v="footway"/>
    <tag k="indoor" v="yes"/>
    <tag k="layer" v="-1"/>
    <tag k="level" v="-1"/>
    <tag k="tunnel" v="yes"/>
  </way>
  <way id="569025056">
    <nd ref="3136301320"/>
    <nd ref="5473274535"/>
    <nd ref="5473274525"/>
    <nd ref="5473274534"/>
    <nd ref="5473274533"/>
    <nd ref="5473274532"/>
    <nd ref="5473274531"/>
    <nd ref="5473274507"/>
    <nd ref="5473274523"/>
    <nd ref="5473274522"/>
    <nd ref="5473274520"/>
    <tag k="highway" v="footway"/>
    <tag k="indoor" v="yes"/>
    <tag k="layer" v="-1"/>
    <tag k="level" v="-1"/>
    <tag k="surface" v="paving_stones"/>
    <tag k="tunnel" v="yes"/>
    <tag k="wheelchair" v="yes"/>
  </way>
  <way id="569025157">
    <nd ref="4300196357"/>
    <nd ref="5473274710"/>
    <tag k="highway" v="footway"/>
  </way>
  <way id="569025158">
    <nd ref="5473274711"/>
    <nd ref="4300196357"/>
    <tag k="highway" v="footway"/>
    <tag k="level" v="0"/>
    <tag k="wheelchair" v="yes"/>
  </way>
  <way id="569025160">
    <nd ref="5473274716"/>
    <nd ref="2538458904"/>
    <tag k="foot" v="yes"/>
    <tag k="highway" v="footway"/>
    <tag k="surface" v="paving_stones"/>
  </way>
  <way id="569025161">
    <nd ref="5473274720"/>
    <nd ref="5473274717"/>
    <tag k="highway" v="footway"/>
  </way>
  <way id="569025162">
    <nd ref="2538458888"/>
    <nd ref="5473274717"/>
    <nd ref="13816483488"/>
    <tag k="crossing" v="unmarked"/>
    <tag k="crossing:markings" v="no"/>
    <tag k="footway" v="crossing"/>
    <tag k="highway" v="footway"/>
    <tag k="lit" v="yes"/>
  </way>
  <way id="569025163">
    <nd ref="5473274722"/>
    <nd ref="5473274721"/>
    <tag k="highway" v="footway"/>
    <tag k="level" v="-0.7"/>
  </way>
  <way id="569025164">
    <nd ref="5473274723"/>
    <nd ref="5473274722"/>
    <tag k="highway" v="steps"/>
    <tag k="incline" v="up"/>
    <tag k="level" v="-1;-0.7"/>
    <tag k="step_count" v="16"/>
  </way>
  <way id="569025165">
    <nd ref="5473274739"/>
    <nd ref="5473274709"/>
    <nd ref="5473274725"/>
    <tag k="highway" v="footway"/>
    <tag k="lit" v="yes"/>
  </way>
  <way id="569025167">
    <nd ref="5473274742"/>
    <nd ref="5473274740"/>
    <nd ref="5473274739"/>
    <tag k="handrail" v="yes"/>
    <tag k="highway" v="steps"/>
    <tag k="incline" v="up"/>
    <tag k="level" v="-0.7;0"/>
    <tag k="lit" v="yes"/>
    <tag k="step_count" v="18"/>
  </way>
  <way id="569025168">
    <nd ref="5473274742"/>
    <nd ref="5473274741"/>
    <nd ref="5473274746"/>
    <tag k="highway" v="footway"/>
    <tag k="indoor" v="yes"/>
    <tag k="level" v="-0.7"/>
    <tag k="tunnel" v="yes"/>
  </way>
  <way id="569025170">
    <nd ref="5473274747"/>
    <nd ref="5473274746"/>
    <tag k="highway" v="steps"/>
    <tag k="incline" v="up"/>
    <tag k="indoor" v="yes"/>
    <tag k="level" v="-1;-0.7"/>
    <tag k="step_count" v="7"/>
    <tag k="tunnel" v="yes"/>
  </way>
  <way id="569025171">
    <nd ref="5473274867"/>
    <nd ref="5473274861"/>
    <nd ref="2869062009"/>
    <tag k="highway" v="footway"/>
    <tag k="surface" v="paving_stones"/>
  </way>
  <way id="569025174">
    <nd ref="5473274902"/>
    <nd ref="5473274903"/>
    <tag k="highway" v="steps"/>
    <tag k="incline" v="up"/>
    <tag k="indoor" v="yes"/>
    <tag k="level" v="-1;-0.5"/>
    <tag k="step_count" v="15"/>
    <tag k="tunnel" v="yes"/>
  </way>
  <way id="569025175">
    <nd ref="5473274896"/>
    <nd ref="5473274894"/>
    <nd ref="5473274893"/>
    <nd ref="5473274892"/>
    <nd ref="5473274891"/>
    <tag k="footway" v="sidewalk"/>
    <tag k="highway" v="footway"/>
    <tag k="lit" v="yes"/>
    <tag k="name" v="Poultry"/>
    <tag k="street:name" v="Poultry"/>
    <tag k="surface" v="paving_stones"/>
  </way>
  <way id="569025176">
    <nd ref="560717337"/>
    <nd ref="5473274896"/>
    <tag k="highway" v="footway"/>
    <tag k="surface" v="paving_stones"/>
  </way>
  <way id="569025178">
    <nd ref="5473274903"/>
    <nd ref="5473274899"/>
    <tag k="highway" v="footway"/>
    <tag k="indoor" v="yes"/>
    <tag k="level" v="-0.5"/>
    <tag k="tunnel" v="yes"/>
  </way>
  <way id="569025180">
    <nd ref="5473274911"/>
    <nd ref="5473274908"/>
    <tag k="highway" v="footway"/>
    <tag k="indoor" v="yes"/>
    <tag k="level" v="-0.5"/>
    <tag k="tunnel" v="yes"/>
  </way>
  <way id="569025181">
    <nd ref="5473274917"/>
    <nd ref="5473274911"/>
    <nd ref="5473274906"/>
    <tag k="highway" v="footway"/>
    <tag k="indoor" v="yes"/>
    <tag k="level" v="-0.5"/>
    <tag k="tunnel" v="yes"/>
  </way>
  <way id="569025182">
    <nd ref="5473274906"/>
    <nd ref="5473274907"/>
    <tag k="highway" v="steps"/>
    <tag k="incline" v="up"/>
    <tag k="indoor" v="yes"/>
    <tag k="level" v="-0.5;0"/>
    <tag k="step_count" v="9"/>
  </way>
  <way id="569025183">
    <nd ref="5473274908"/>
    <nd ref="4861365382"/>
    <tag k="highway" v="steps"/>
    <tag k="incline" v="up"/>
    <tag k="indoor" v="yes"/>
    <tag k="level" v="-0.5;0"/>
    <tag k="step_count" v="9"/>
  </way>
  <way id="569025187">
    <nd ref="1753024910"/>
    <nd ref="1727737304"/>
    <tag k="highway" v="footway"/>
    <tag k="level" v="-1"/>
  </way>
  <way id="569025188">
    <nd ref="5473274971"/>
    <nd ref="5473274970"/>
    <nd ref="5473274969"/>
    <tag k="highway" v="footway"/>
  </way>
  <way id="569025189">
    <nd ref="5473274996"/>
    <nd ref="2622222659"/>
    <tag k="highway" v="footway"/>
  </way>
  <way id="569025190">
    <nd ref="5473274990"/>
    <nd ref="5473275002"/>
    <tag k="highway" v="footway"/>
  </way>
  <way id="569025191">
    <nd ref="5473275004"/>
    <nd ref="5473275003"/>
    <tag k="highway" v="footway"/>
    <tag k="indoor" v="yes"/>
    <tag k="level" v="-0.8"/>
    <tag k="tunnel" v="yes"/>
  </way>
  <way id="569025192">
    <nd ref="5473275006"/>
    <nd ref="5473275004"/>
    <nd ref="5473275005"/>
    <tag k="highway" v="footway"/>
    <tag k="indoor" v="yes"/>
    <tag k="level" v="-0.8"/>
    <tag k="tunnel" v="yes"/>
  </way>
  <way id="569025194">
    <nd ref="5473275036"/>
    <nd ref="5473275035"/>
    <tag k="highway" v="steps"/>
    <tag k="incline" v="down"/>
    <tag k="indoor" v="yes"/>
    <tag k="level" v="-1;-0.8"/>
    <tag k="lit" v="yes"/>
    <tag k="step_count" v="5"/>
    <tag k="surface" v="asphalt"/>
    <tag k="tunnel" v="yes"/>
  </way>
  <way id="569025195">
    <nd ref="3136301328"/>
    <nd ref="5473275036"/>
    <tag k="highway" v="footway"/>
    <tag k="indoor" v="yes"/>
    <tag k="level" v="-0.8"/>
    <tag k="tunnel" v="yes"/>
  </way>
  <way id="569027665">
    <nd ref="5473273615"/>
    <nd ref="5473299340"/>
    <nd ref="5473299344"/>
    <tag k="highway" v="footway"/>
    <tag k="indoor" v="yes"/>
    <tag k="layer" v="-4"/>
    <tag k="level" v="-4"/>
    <tag k="tunnel" v="yes"/>
  </way>
  <way id="569027666">
    <nd ref="5473299349"/>
    <nd ref="5473299342"/>
    <nd ref="5473299341"/>
    <nd ref="5473299343"/>
    <tag k="highway" v="footway"/>
    <tag k="indoor" v="yes"/>
    <tag k="level" v="-2.5"/>
    <tag k="tunnel" v="yes"/>
  </way>
  <way id="569027667">
    <nd ref="5473299343"/>
    <nd ref="5473299344"/>
    <tag k="description" v="66 steps divided into 8 staircases above of eachother"/>
    <tag k="highway" v="steps"/>
    <tag k="incline" v="down"/>
    <tag k="indoor" v="yes"/>
    <tag k="level" v="-4;-2.5"/>
    <tag k="step_count" v="66"/>
    <tag k="tunnel" v="yes"/>
  </way>
  <way id="569027669">
    <nd ref="5473274520"/>
    <nd ref="5473299349"/>
    <tag k="description" v="62 steps divided into 8 staircases above of eachother"/>
    <tag k="highway" v="steps"/>
    <tag k="incline" v="down"/>
    <tag k="indoor" v="yes"/>
    <tag k="level" v="-2.5;-1"/>
    <tag k="step_count" v="62"/>
    <tag k="tunnel" v="yes"/>
  </way>
  <way id="581729089">
    <nd ref="5565443391"/>
    <nd ref="2990651920"/>
    <nd ref="28800666"/>
    <nd ref="11300336368"/>
    <nd ref="2990651921"/>
    <nd ref="5041945508"/>
    <nd ref="5042032158"/>
    <nd ref="1718567007"/>
    <nd ref="1718566997"/>
    <nd ref="250549835"/>
    <tag k="cycleway" v="opposite"/>
    <tag k="highway" v="unclassified"/>
    <tag k="lanes" v="1"/>
    <tag k="lit" v="yes"/>
    <tag k="maxspeed" v="20 mph"/>
    <tag k="name" v="Basinghall Street"/>
    <tag k="oneway" v="yes"/>
    <tag k="oneway:bicycle" v="no"/>
    <tag k="postal_code" v="EC2"/>
    <tag k="ref:GB:usrn" v="8100044"/>
    <tag k="sidewalk:both" v="separate"/>
    <tag k="wikidata" v="Q4867514"/>
  </way>
  <way id="581729092">
    <nd ref="10677374"/>
    <nd ref="1721713699"/>
    <nd ref="1350430181"/>
    <nd ref="6985373982"/>
    <tag k="highway" v="tertiary"/>
    <tag k="lane_markings" v="yes"/>
    <tag k="lanes" v="2"/>
    <tag k="lit" v="yes"/>
    <tag k="maxspeed" v="20 mph"/>
    <tag k="name" v="Moorgate"/>
    <tag k="sidewalk:both" v="separate"/>
    <tag k="source:name" v="local knowledge"/>
    <tag k="surface" v="asphalt"/>
  </way>
  <way id="581729096">
    <nd ref="9042025325"/>
    <nd ref="5042033643"/>
    <nd ref="1312264546"/>
    <nd ref="1755265415"/>
    <nd ref="21307201"/>
    <nd ref="873809385"/>
    <nd ref="1343823418"/>
    <nd ref="250550023"/>
    <nd ref="250550024"/>
    <tag k="cycleway:both" v="no"/>
    <tag k="highway" v="unclassified"/>
    <tag k="lanes" v="1"/>
    <tag k="lit" v="yes"/>
    <tag k="maxspeed" v="20 mph"/>
    <tag k="name" v="Coleman Street"/>
    <tag k="oneway" v="yes"/>
    <tag k="oneway:bicycle" v="no"/>
    <tag k="postal_code" v="EC2"/>
    <tag k="ref:GB:usrn" v="8100141"/>
    <tag k="sidewalk:both" v="separate"/>
    <tag k="surface" v="asphalt"/>
    <tag k="wikidata" v="Q28846054"/>
  </way>
  <way id="581729097">
    <nd ref="1718566975"/>
    <nd ref="1718566972"/>
    <tag k="covered" v="yes"/>
    <tag k="highway" v="footway"/>
    <tag k="name" v="Mason's Avenue"/>
    <tag k="surface" v="paved"/>
  </way>
  <way id="581729098">
    <nd ref="1718566969"/>
    <nd ref="1718566966"/>
    <tag k="covered" v="yes"/>
    <tag k="highway" v="footway"/>
    <tag k="name" v="Masons Avenue"/>
    <tag k="surface" v="paved"/>
  </way>
  <way id="581729099">
    <nd ref="9808795604"/>
    <nd ref="5875062471"/>
    <nd ref="5565443397"/>
    <tag k="cycleway:left" v="track"/>
    <tag k="highway" v="tertiary"/>
    <tag k="lanes" v="2"/>
    <tag k="lit" v="yes"/>
    <tag k="maxspeed" v="20 mph"/>
    <tag k="name" v="Moorgate"/>
    <tag k="sidewalk:both" v="separate"/>
    <tag k="source:name" v="local knowledge"/>
    <tag k="surface" v="asphalt"/>
  </way>
  <way id="581729100">
    <nd ref="5565443396"/>
    <nd ref="5565443389"/>
    <nd ref="13246583435"/>
    <tag k="crossing" v="unmarked"/>
    <tag k="crossing:markings" v="no"/>
    <tag k="footway" v="crossing"/>
    <tag k="highway" v="footway"/>
  </way>
  <way id="581729101">
    <nd ref="13246583436"/>
    <nd ref="5565443396"/>
    <tag k="footway" v="sidewalk"/>
    <tag k="highway" v="footway"/>
  </way>
  <way id="581729103">
    <nd ref="1718566972"/>
    <nd ref="1718566969"/>
    <tag k="highway" v="footway"/>
    <tag k="name" v="Masons Avenue"/>
    <tag k="surface" v="paved"/>
  </way>
  <way id="627678231">
    <nd ref="2934268032"/>
    <nd ref="250549281"/>
    <nd ref="2934268024"/>
    <nd ref="4618483059"/>
    <nd ref="2934268023"/>
    <nd ref="2934268039"/>
    <nd ref="2934268029"/>
    <tag k="highway" v="footway"/>
    <tag k="name" v="Adams Court"/>
  </way>
  <way id="627678234">
    <nd ref="2934268021"/>
    <nd ref="2934268022"/>
    <tag k="covered" v="yes"/>
    <tag k="highway" v="footway"/>
    <tag k="name" v="Adams Court"/>
    <tag k="tunnel" v="building_passage"/>
  </way>
  <way id="633514616">
    <nd ref="25161346"/>
    <nd ref="7553887464"/>
    <tag k="bicycle" v="yes"/>
    <tag k="highway" v="unclassified"/>
    <tag k="lanes" v="2"/>
    <tag k="lit" v="yes"/>
    <tag k="maxspeed" v="20 mph"/>
    <tag k="name" v="Cheapside"/>
    <tag k="postal_code" v="EC2"/>
    <tag k="sidewalk:both" v="separate"/>
    <tag k="surface" v="asphalt"/>
    <tag k="was:highway" v="tertiary"/>
  </way>
  <way id="638565671">
    <nd ref="6018098772"/>
    <nd ref="8807431536"/>
    <tag k="footway" v="sidewalk"/>
    <tag k="highway" v="footway"/>
    <tag k="surface" v="asphalt"/>
  </way>
  <way id="638565674">
    <nd ref="5473273434"/>
    <nd ref="6018098775"/>
    <nd ref="6018098774"/>
    <nd ref="2632806026"/>
    <tag k="footway" v="traffic_island"/>
    <tag k="highway" v="footway"/>
    <tag k="lit" v="yes"/>
    <tag k="surface" v="asphalt"/>
  </way>
  <way id="638565679">
    <nd ref="6018098765"/>
    <nd ref="4867087535"/>
    <nd ref="6018098773"/>
    <tag k="crossing" v="uncontrolled"/>
    <tag k="crossing:island" v="yes"/>
    <tag k="crossing:markings" v="dots"/>
    <tag k="crossing:signals" v="no"/>
    <tag k="footway" v="crossing"/>
    <tag k="highway" v="footway"/>
    <tag k="surface" v="asphalt"/>
  </way>
  <way id="638565682">
    <nd ref="13018997641"/>
    <nd ref="5473273435"/>
    <nd ref="13810673627"/>
    <tag k="crossing" v="traffic_signals"/>
    <tag k="crossing:markings" v="dots"/>
    <tag k="crossing:signals" v="yes"/>
    <tag k="footway" v="crossing"/>
    <tag k="highway" v="footway"/>
    <tag k="lit" v="yes"/>
    <tag k="surface" v="asphalt"/>
  </way>
  <way id="652398209">
    <nd ref="13513212434"/>
    <nd ref="13513212490"/>
    <nd ref="6116290275"/>
    <tag k="highway" v="footway"/>
    <tag k="indoor" v="yes"/>
    <tag k="layer" v="-2"/>
  </way>
  <way id="652398210">
    <nd ref="6116290275"/>
    <nd ref="6116290276"/>
    <tag k="conveying" v="yes"/>
    <tag k="highway" v="steps"/>
    <tag k="incline" v="down"/>
    <tag k="layer" v="-2"/>
    <tag k="tunnel" v="yes"/>
  </way>
  <way id="652398211">
    <nd ref="6116290276"/>
    <nd ref="6116290277"/>
    <nd ref="6116290278"/>
    <tag k="highway" v="footway"/>
    <tag k="layer" v="-2"/>
    <tag k="tunnel" v="yes"/>
  </way>
  <way id="652398212">
    <nd ref="6116290278"/>
    <nd ref="6116290279"/>
    <tag k="conveying" v="yes"/>
    <tag k="highway" v="steps"/>
    <tag k="incline" v="down"/>
    <tag k="layer" v="-2"/>
    <tag k="tunnel" v="yes"/>
  </way>
  <way id="652398213">
    <nd ref="6116290279"/>
    <nd ref="6116290280"/>
    <nd ref="5473274254"/>
    <tag k="highway" v="footway"/>
    <tag k="indoor" v="yes"/>
    <tag k="layer" v="-2"/>
    <tag k="tunnel" v="yes"/>
  </way>
  <way id="652398214">
    <nd ref="6116290280"/>
    <nd ref="5473273470"/>
    <tag k="highway" v="footway"/>
    <tag k="indoor" v="yes"/>
    <tag k="layer" v="-2"/>
    <tag k="tunnel" v="yes"/>
  </way>
  <way id="652398215">
    <nd ref="13513212434"/>
    <nd ref="13819691422"/>
    <nd ref="3100169050"/>
    <tag k="highway" v="footway"/>
    <tag k="surface" v="paving_stones"/>
  </way>
  <way id="652601960">
    <nd ref="1719899663"/>
    <nd ref="1719899656"/>
    <nd ref="6117895978"/>
    <nd ref="6117895979"/>
    <nd ref="1046334296"/>
    <nd ref="6117895981"/>
    <nd ref="6117895975"/>
    <nd ref="6117895977"/>
    <nd ref="1719899673"/>
    <nd ref="1719899671"/>
    <nd ref="1719899672"/>
    <nd ref="4922952351"/>
    <nd ref="6117895976"/>
    <nd ref="1719899663"/>
    <tag k="area" v="yes"/>
    <tag k="highway" v="pedestrian"/>
    <tag k="lit" v="no"/>
    <tag k="name" v="Bow Churchyard"/>
    <tag k="name:etymology:wikidata" v="Q2301992"/>
    <tag k="smoothness" v="excellent"/>
    <tag k="surface" v="paving_stones"/>
  </way>
  <way id="671296049">
    <nd ref="1717643512"/>
    <nd ref="1717643520"/>
    <nd ref="12799881578"/>
    <nd ref="1717643526"/>
    <tag k="access" v="private"/>
    <tag k="covered" v="yes"/>
    <tag k="highway" v="service"/>
    <tag k="oneway" v="yes"/>
    <tag k="source" v="survey"/>
  </way>
  <way id="671296050">
    <nd ref="1717643526"/>
    <nd ref="11083837062"/>
    <nd ref="2902624645"/>
    <tag k="access" v="private"/>
    <tag k="highway" v="service"/>
    <tag k="oneway" v="yes"/>
    <tag k="source" v="survey"/>
  </way>
  <way id="671296198">
    <nd ref="1717643490"/>
    <nd ref="11083837063"/>
    <nd ref="1144619335"/>
    <tag k="access" v="private"/>
    <tag k="highway" v="service"/>
    <tag k="source" v="survey/Bing"/>
    <tag k="surface" v="paving_stones"/>
  </way>
  <way id="671296199">
    <nd ref="1717643483"/>
    <nd ref="1717643490"/>
    <tag k="access" v="private"/>
    <tag k="covered" v="yes"/>
    <tag k="highway" v="service"/>
    <tag k="source" v="survey/Bing"/>
    <tag k="surface" v="paving_stones"/>
  </way>
  <way id="680249601">
    <nd ref="5065949596"/>
    <nd ref="9027328314"/>
    <nd ref="4867087535"/>
    <tag k="bus" v="yes"/>
    <tag k="highway" v="tertiary"/>
    <tag k="lanes" v="2"/>
    <tag k="lit" v="yes"/>
    <tag k="maxspeed" v="20 mph"/>
    <tag k="motor_vehicle" v="delivery"/>
    <tag k="motor_vehicle:conditional" v="yes @ 19:00-07:00"/>
    <tag k="name" v="King William Street"/>
    <tag k="name:etymology:wikidata" v="Q130822"/>
    <tag k="oneway" v="no"/>
    <tag k="oneway:bicycle" v="no"/>
    <tag k="sidewalk:both" v="separate"/>
    <tag k="surface" v="asphalt"/>
    <tag k="wikidata" v="Q3197044"/>
    <tag k="wikipedia" v="en:King William Street (London)"/>
  </way>
  <way id="680253226">
    <nd ref="6369390692"/>
    <nd ref="1938819330"/>
    <nd ref="2387212189"/>
    <nd ref="18468958"/>
    <tag k="dual_carriageway" v="yes"/>
    <tag k="highway" v="tertiary"/>
    <tag k="lit" v="yes"/>
    <tag k="maxspeed" v="20 mph"/>
    <tag k="name" v="Cannon Street"/>
    <tag k="oneway" v="yes"/>
    <tag k="sidewalk:left" v="separate"/>
    <tag k="sidewalk:right" v="no"/>
    <tag k="surface" v="asphalt"/>
    <tag k="wikidata" v="Q2936432"/>
  </way>
  <way id="680253228">
    <nd ref="11733338215"/>
    <nd ref="1938819328"/>
    <tag k="busway:opening_hours" v="Mo-Fr 07:00-10:00,16:00-19:00"/>
    <tag k="busway:right" v="lane"/>
    <tag k="cycleway:left" v="lane"/>
    <tag k="dual_carriageway" v="yes"/>
    <tag k="highway" v="tertiary"/>
    <tag k="lit" v="yes"/>
    <tag k="maxspeed" v="20 mph"/>
    <tag k="name" v="Queen Victoria Street"/>
    <tag k="name:etymology:wikidata" v="Q9439"/>
    <tag k="oneway" v="yes"/>
    <tag k="ref:GB:usrn" v="8100442"/>
    <tag k="sidewalk:left" v="separate"/>
    <tag k="sidewalk:right" v="no"/>
    <tag k="surface" v="asphalt"/>
    <tag k="wikidata" v="Q4581969"/>
    <tag k="wikipedia" v="en:Queen Victoria Street, London"/>
  </way>
  <way id="680253229">
    <nd ref="11733338213"/>
    <nd ref="1938819326"/>
    <nd ref="1938819319"/>
    <nd ref="1678155318"/>
    <tag k="dual_carriageway" v="yes"/>
    <tag k="highway" v="tertiary"/>
    <tag k="lit" v="yes"/>
    <tag k="maxspeed" v="20 mph"/>
    <tag k="name" v="Cannon Street"/>
    <tag k="oneway" v="yes"/>
    <tag k="postal_code" v="EC4"/>
    <tag k="sidewalk:left" v="separate"/>
    <tag k="sidewalk:right" v="no"/>
    <tag k="surface" v="asphalt"/>
    <tag k="wikidata" v="Q2936432"/>
    <tag k="wikipedia" v="en:Cannon Street"/>
  </way>
  <way id="680253230">
    <nd ref="6369390696"/>
    <nd ref="6369390692"/>
    <tag k="dual_carriageway" v="yes"/>
    <tag k="highway" v="tertiary"/>
    <tag k="lit" v="yes"/>
    <tag k="maxspeed" v="20 mph"/>
    <tag k="name" v="Cannon Street"/>
    <tag k="oneway" v="yes"/>
    <tag k="sidewalk" v="no"/>
    <tag k="surface" v="asphalt"/>
    <tag k="wikidata" v="Q2936432"/>
  </way>
  <way id="680253231">
    <nd ref="9024139129"/>
    <nd ref="6369361789"/>
    <nd ref="6369361794"/>
    <nd ref="6369361795"/>
    <nd ref="107638"/>
    <tag k="highway" v="tertiary"/>
    <tag k="lanes" v="2"/>
    <tag k="lit" v="yes"/>
    <tag k="maxspeed" v="20 mph"/>
    <tag k="name" v="Cannon Street"/>
    <tag k="postal_code" v="EC4"/>
    <tag k="sidewalk:both" v="separate"/>
    <tag k="surface" v="asphalt"/>
    <tag k="wikidata" v="Q2936432"/>
    <tag k="wikipedia" v="en:Cannon Street"/>
  </way>
  <way id="680253232">
    <nd ref="6369390696"/>
    <nd ref="11733338217"/>
    <nd ref="18468961"/>
    <nd ref="6739026230"/>
    <nd ref="1938819320"/>
    <tag k="dual_carriageway" v="yes"/>
    <tag k="highway" v="tertiary"/>
    <tag k="lit" v="yes"/>
    <tag k="maxspeed" v="20 mph"/>
    <tag k="name" v="Queen Victoria Street"/>
    <tag k="name:etymology:wikidata" v="Q9439"/>
    <tag k="oneway" v="yes"/>
    <tag k="ref:GB:usrn" v="8100442"/>
    <tag k="sidewalk:left" v="separate"/>
    <tag k="sidewalk:right" v="no"/>
    <tag k="surface" v="asphalt"/>
    <tag k="wikidata" v="Q4581969"/>
    <tag k="wikipedia" v="en:Queen Victoria Street, London"/>
  </way>
  <way id="681324216">
    <nd ref="25161360"/>
    <nd ref="3644748767"/>
    <nd ref="25161361"/>
    <nd ref="7223298253"/>
    <nd ref="107634"/>
    <nd ref="8753664977"/>
    <tag k="cycleway:both" v="no"/>
    <tag k="highway" v="tertiary"/>
    <tag k="lanes" v="2"/>
    <tag k="lit" v="yes"/>
    <tag k="maxspeed" v="20 mph"/>
    <tag k="name" v="Cannon Street"/>
    <tag k="postal_code" v="EC4"/>
    <tag k="sidewalk:both" v="separate"/>
    <tag k="surface" v="asphalt"/>
    <tag k="wikidata" v="Q2936432"/>
    <tag k="wikipedia" v="en:Cannon Street"/>
  </way>
  <way id="681324499">
    <nd ref="6380335604"/>
    <nd ref="1311962122"/>
    <nd ref="12708529379"/>
    <tag k="crossing" v="traffic_signals"/>
    <tag k="crossing:markings" v="dots"/>
    <tag k="crossing:signals" v="yes"/>
    <tag k="footway" v="crossing"/>
    <tag k="highway" v="footway"/>
    <tag k="lit" v="yes"/>
  </way>
  <way id="681324500">
    <nd ref="6380335606"/>
    <nd ref="1938819324"/>
    <nd ref="1938819321"/>
    <nd ref="6380335605"/>
    <tag k="footway" v="traffic_island"/>
    <tag k="highway" v="footway"/>
    <tag k="lit" v="yes"/>
  </way>
  <way id="681324501">
    <nd ref="6380335605"/>
    <nd ref="1938819326"/>
    <nd ref="4830306811"/>
    <tag k="crossing" v="traffic_signals"/>
    <tag k="crossing:markings" v="dots"/>
    <tag k="crossing:signals" v="yes"/>
    <tag k="footway" v="crossing"/>
    <tag k="highway" v="footway"/>
    <tag k="lit" v="yes"/>
  </way>
  <way id="681324503">
    <nd ref="6380335603"/>
    <nd ref="2387194137"/>
    <nd ref="2387194154"/>
    <nd ref="6380335604"/>
    <tag k="footway" v="traffic_island"/>
    <tag k="highway" v="footway"/>
    <tag k="lit" v="yes"/>
    <tag k="surface" v="asphalt"/>
  </way>
  <way id="689021930">
    <nd ref="6463230640"/>
    <nd ref="13810673538"/>
    <nd ref="13167973047"/>
    <nd ref="6463234329"/>
    <tag k="highway" v="service"/>
    <tag k="lit" v="yes"/>
    <tag k="surface" v="asphalt"/>
  </way>
  <way id="742184198">
    <nd ref="6948380400"/>
    <nd ref="6948380399"/>
    <nd ref="6948380395"/>
    <tag k="highway" v="service"/>
    <tag k="surface" v="paving_stones"/>
  </way>
  <way id="742184199">
    <nd ref="107638"/>
    <nd ref="5198585557"/>
    <nd ref="5198585559"/>
    <tag k="highway" v="tertiary"/>
    <tag k="lit" v="yes"/>
    <tag k="maxspeed" v="20 mph"/>
    <tag k="name" v="Cannon Street"/>
    <tag k="postal_code" v="EC4"/>
    <tag k="sidewalk:both" v="separate"/>
    <tag k="surface" v="asphalt"/>
    <tag k="wikidata" v="Q2936432"/>
    <tag k="wikipedia" v="en:Cannon Street"/>
  </way>
  <way id="742184725">
    <nd ref="5198585559"/>
    <nd ref="3644785104"/>
    <nd ref="4729628192"/>
    <nd ref="6369361788"/>
    <nd ref="7223298252"/>
    <nd ref="6369361791"/>
    <nd ref="107637"/>
    <tag k="highway" v="tertiary"/>
    <tag k="lanes" v="2"/>
    <tag k="lit" v="yes"/>
    <tag k="maxspeed" v="20 mph"/>
    <tag k="name" v="Cannon Street"/>
    <tag k="postal_code" v="EC4"/>
    <tag k="sidewalk:both" v="separate"/>
    <tag k="surface" v="asphalt"/>
    <tag k="wikidata" v="Q2936432"/>
    <tag k="wikipedia" v="en:Cannon Street"/>
  </way>
  <way id="746439828">
    <nd ref="6369401335"/>
    <nd ref="6369401332"/>
    <tag k="footway" v="traffic_island"/>
    <tag k="highway" v="footway"/>
    <tag k="lit" v="yes"/>
  </way>
  <way id="746439829">
    <nd ref="2387194134"/>
    <nd ref="2651104589"/>
    <nd ref="2651104587"/>
    <nd ref="2651104586"/>
    <nd ref="2651104584"/>
    <nd ref="2651104582"/>
    <nd ref="6369401333"/>
    <nd ref="2651104572"/>
    <nd ref="2651104575"/>
    <nd ref="2651104576"/>
    <nd ref="2651104577"/>
    <nd ref="2651104580"/>
    <nd ref="2651104581"/>
    <nd ref="2387194134"/>
    <tag k="area" v="yes"/>
    <tag k="highway" v="footway"/>
    <tag k="source" v="Bing"/>
    <tag k="surface" v="asphalt"/>
  </way>
  <way id="746439830">
    <nd ref="6369401332"/>
    <nd ref="2387194149"/>
    <nd ref="12708529378"/>
    <tag k="crossing" v="traffic_signals"/>
    <tag k="crossing:markings" v="dots"/>
    <tag k="crossing:signals" v="yes"/>
    <tag k="footway" v="crossing"/>
    <tag k="highway" v="footway"/>
    <tag k="lit" v="yes"/>
  </way>
  <way id="746439831">
    <nd ref="2387194134"/>
    <nd ref="2387194131"/>
    <nd ref="13237810198"/>
    <tag k="crossing" v="traffic_signals"/>
    <tag k="crossing:markings" v="dots"/>
    <tag k="crossing:signals" v="yes"/>
    <tag k="footway" v="crossing"/>
    <tag k="highway" v="footway"/>
    <tag k="lit" v="yes"/>
    <tag k="surface" v="asphalt"/>
  </way>
  <way id="769149505">
    <nd ref="4861365398"/>
    <nd ref="1939558697"/>
    <nd ref="10603058338"/>
    <tag k="crossing" v="traffic_signals"/>
    <tag k="crossing:markings" v="dots"/>
    <tag k="crossing:signals" v="yes"/>
    <tag k="foot" v="yes"/>
    <tag k="footway" v="crossing"/>
    <tag k="highway" v="footway"/>
    <tag k="lit" v="yes"/>
    <tag k="surface" v="asphalt"/>
  </way>
  <way id="769149506">
    <nd ref="2622219462"/>
    <nd ref="1939558651"/>
    <nd ref="10603058339"/>
    <tag k="crossing" v="traffic_signals"/>
    <tag k="crossing:markings" v="dots"/>
    <tag k="crossing:signals" v="yes"/>
    <tag k="footway" v="crossing"/>
    <tag k="highway" v="footway"/>
    <tag k="lit" v="yes"/>
    <tag k="surface" v="asphalt"/>
  </way>
  <way id="773853948">
    <nd ref="1939558649"/>
    <nd ref="2218362314"/>
    <nd ref="1939558650"/>
    <tag k="cycleway:left" v="lane"/>
    <tag k="highway" v="tertiary"/>
    <tag k="lanes" v="2"/>
    <tag k="lit" v="yes"/>
    <tag k="maxspeed" v="20 mph"/>
    <tag k="motor_vehicle:conditional" v="no @ (Mo-Fr 07:00-19:00)"/>
    <tag k="name" v="Lombard Street"/>
    <tag k="not:name" v="Prince's Street"/>
    <tag k="oneway" v="no"/>
    <tag k="oneway:bicycle" v="no"/>
    <tag k="sidewalk" v="both"/>
    <tag k="source:name" v="local knowledge"/>
    <tag k="surface" v="asphalt"/>
    <tag k="wikidata" v="Q1432321"/>
  </way>
  <way id="773853949">
    <nd ref="7223326412"/>
    <nd ref="1939558704"/>
    <tag k="cycleway:left" v="lane"/>
    <tag k="foot" v="yes"/>
    <tag k="highway" v="tertiary"/>
    <tag k="lanes" v="2"/>
    <tag k="lit" v="yes"/>
    <tag k="maxspeed" v="20 mph"/>
    <tag k="name" v="Princes Street"/>
    <tag k="not:name" v="Prince's Street"/>
    <tag k="oneway" v="no"/>
    <tag k="proposed:highway" v="service"/>
    <tag k="proposed:oneway" v="yes"/>
    <tag k="proposed:oneway:bicycle" v="no"/>
    <tag k="proposed:oneway:bus" v="no"/>
    <tag k="sidewalk:both" v="separate"/>
    <tag k="source:name" v="local knowledge;street sign;web"/>
    <tag k="surface" v="asphalt"/>
  </way>
  <way id="773853950">
    <nd ref="2218362321"/>
    <nd ref="1939558701"/>
    <nd ref="1939558697"/>
    <tag k="bicycle:backward" v="designated"/>
    <tag k="bus:backward" v="designated"/>
    <tag k="highway" v="tertiary"/>
    <tag k="lane_markings" v="no"/>
    <tag k="lit" v="yes"/>
    <tag k="maxspeed" v="20 mph"/>
    <tag k="motor_vehicle:conditional" v="no @ (Mo-Fr 07:00-19:00)"/>
    <tag k="name" v="Princes Street"/>
    <tag k="not:name" v="Prince's Street"/>
    <tag k="sidewalk:both" v="separate"/>
    <tag k="source:name" v="local knowledge, street sign, web"/>
    <tag k="surface" v="asphalt"/>
    <tag k="vehicle:backward" v="no"/>
  </way>
  <way id="773853951">
    <nd ref="1939558704"/>
    <nd ref="2218362321"/>
    <tag k="bicycle:backward" v="designated"/>
    <tag k="bus:backward" v="designated"/>
    <tag k="cycleway:left" v="lane"/>
    <tag k="foot" v="yes"/>
    <tag k="highway" v="tertiary"/>
    <tag k="lanes" v="2"/>
    <tag k="lit" v="yes"/>
    <tag k="maxspeed" v="20 mph"/>
    <tag k="motor_vehicle:conditional" v="no @ (Mo-Fr 07:00-19:00)"/>
    <tag k="name" v="Princes Street"/>
    <tag k="not:name" v="Prince's Street"/>
    <tag k="sidewalk:both" v="separate"/>
    <tag k="source:name" v="local knowledge, street sign, web"/>
    <tag k="surface" v="asphalt"/>
    <tag k="vehicle:backward" v="no"/>
  </way>
  <way id="773853954">
    <nd ref="1939558651"/>
    <nd ref="1939558657"/>
    <nd ref="1939558667"/>
    <tag k="highway" v="tertiary"/>
    <tag k="lanes" v="2"/>
    <tag k="lit" v="yes"/>
    <tag k="maxspeed" v="20 mph"/>
    <tag k="motor_vehicle:conditional" v="no @ (Mo-Fr 07:00-19:00)"/>
    <tag k="name" v="Lombard Street"/>
    <tag k="not:name" v="Prince's Street"/>
    <tag k="oneway" v="no"/>
    <tag k="oneway:bicycle" v="no"/>
    <tag k="sidewalk:both" v="separate"/>
    <tag k="source:name" v="local knowledge, street sign, web"/>
    <tag k="surface" v="asphalt"/>
  </way>
  <way id="807778834">
    <nd ref="11081677218"/>
    <nd ref="7553887423"/>
    <nd ref="7553887422"/>
    <nd ref="8869435286"/>
    <tag k="covered" v="yes"/>
    <tag k="highway" v="footway"/>
    <tag k="surface" v="paving_stones"/>
  </way>
  <way id="817648163">
    <nd ref="2387220933"/>
    <nd ref="10677377"/>
    <tag k="cycle_network" v="GB:London Streetspace"/>
    <tag k="cycleway" v="opposite"/>
    <tag k="highway" v="unclassified"/>
    <tag k="lanes" v="2"/>
    <tag k="lit" v="yes"/>
    <tag k="maxspeed" v="20 mph"/>
    <tag k="name" v="Threadneedle Street"/>
    <tag k="note:covid19" v="Temporarily closed to eastbound motorists"/>
    <tag k="oneway" v="yes"/>
    <tag k="oneway:bicycle" v="no"/>
    <tag k="postal_code" v="EC2"/>
    <tag k="sidewalk" v="both"/>
    <tag k="sidewalk:both:surface" v="paving_stones"/>
    <tag k="source:name" v="local knowledge"/>
    <tag k="surface" v="asphalt"/>
  </way>
  <way id="817648164">
    <nd ref="8318797237"/>
    <nd ref="4835109002"/>
    <nd ref="4618510643"/>
    <nd ref="2934268020"/>
    <nd ref="20458277"/>
    <tag k="disused:oneway:bicycle" v="no"/>
    <tag k="highway" v="unclassified"/>
    <tag k="lit" v="yes"/>
    <tag k="maxspeed" v="20 mph"/>
    <tag k="name" v="Old Broad Street"/>
    <tag k="oneway" v="yes"/>
    <tag k="ref:GB:usrn" v="8100395"/>
    <tag k="sidewalk:both" v="separate"/>
    <tag k="sidewalk:both:surface" v="paving_stones"/>
    <tag k="surface" v="asphalt"/>
    <tag k="was:cycleway:right" v="track"/>
    <tag k="was:cycleway:right:oneway" v="-1"/>
    <tag k="was:highway" v="tertiary"/>
  </way>
  <way id="819981223">
    <nd ref="4726152854"/>
    <nd ref="250549348"/>
    <nd ref="3499544028"/>
    <nd ref="10923293011"/>
    <tag k="cycle_network" v="GB:London Streetspace"/>
    <tag k="cycleway:right" v="track"/>
    <tag k="cycleway:right:oneway" v="-1"/>
    <tag k="highway" v="unclassified"/>
    <tag k="lanes" v="2"/>
    <tag k="lit" v="yes"/>
    <tag k="maxspeed" v="20 mph"/>
    <tag k="name" v="Threadneedle Street"/>
    <tag k="note:covid19" v="Temporarily closed to eastbound motorists"/>
    <tag k="oneway" v="yes"/>
    <tag k="oneway:bicycle" v="no"/>
    <tag k="parking:both" v="no"/>
    <tag k="postal_code" v="EC2"/>
    <tag k="sidewalk" v="both"/>
    <tag k="sidewalk:both:surface" v="paving_stones"/>
    <tag k="source:name" v="local knowledge"/>
    <tag k="surface" v="asphalt"/>
  </way>
  <way id="839767664">
    <nd ref="1771426166"/>
    <nd ref="2140227862"/>
    <tag k="highway" v="tertiary"/>
    <tag k="lanes" v="2"/>
    <tag k="lit" v="yes"/>
    <tag k="maxspeed" v="20 mph"/>
    <tag k="name" v="Queen Street"/>
    <tag k="name:etymology:wikidata" v="Q176253"/>
    <tag k="postal_code" v="EC4"/>
    <tag k="sidewalk:both" v="separate"/>
    <tag k="surface" v="asphalt"/>
  </way>
  <way id="839767665">
    <nd ref="2140227862"/>
    <nd ref="104322"/>
    <tag k="highway" v="tertiary"/>
    <tag k="lanes" v="2"/>
    <tag k="lit" v="yes"/>
    <tag k="maxspeed" v="20 mph"/>
    <tag k="name" v="Queen Street"/>
    <tag k="name:etymology:wikidata" v="Q176253"/>
    <tag k="postal_code" v="EC4"/>
    <tag k="sidewalk:both" v="separate"/>
    <tag k="surface" v="asphalt"/>
  </way>
  <way id="839767666">
    <nd ref="7836155870"/>
    <nd ref="5043864464"/>
    <nd ref="10677375"/>
    <tag k="cycleway" v="opposite"/>
    <tag k="highway" v="tertiary"/>
    <tag k="lit" v="yes"/>
    <tag k="maxspeed" v="20 mph"/>
    <tag k="name" v="King Street"/>
    <tag k="name:etymology:wikidata" v="Q122553"/>
    <tag k="oneway" v="yes"/>
    <tag k="oneway:bicycle" v="no"/>
    <tag k="postal_code" v="EC2"/>
    <tag k="ref:GB:usrn" v="8100301"/>
    <tag k="sidewalk:both" v="separate"/>
    <tag k="source:name" v="local knowledge"/>
    <tag k="surface" v="asphalt"/>
    <tag k="wikidata" v="Q65925639"/>
  </way>
  <way id="839767667">
    <nd ref="1771426173"/>
    <nd ref="1718328198"/>
    <nd ref="5046005790"/>
    <nd ref="10794350027"/>
    <nd ref="28800672"/>
    <tag k="cycleway:right" v="lane"/>
    <tag k="cycleway:right:oneway" v="-1"/>
    <tag k="highway" v="tertiary"/>
    <tag k="lit" v="yes"/>
    <tag k="maxspeed" v="20 mph"/>
    <tag k="name" v="King Street"/>
    <tag k="name:etymology:wikidata" v="Q122553"/>
    <tag k="oneway" v="yes"/>
    <tag k="oneway:bicycle" v="no"/>
    <tag k="postal_code" v="EC2"/>
    <tag k="ref:GB:usrn" v="8100301"/>
    <tag k="sidewalk:both" v="separate"/>
    <tag k="source:name" v="local knowledge"/>
    <tag k="surface" v="asphalt"/>
    <tag k="wikidata" v="Q65925639"/>
  </way>
  <way id="840264350">
    <nd ref="12027313110"/>
    <nd ref="9042027866"/>
    <nd ref="1717643537"/>
    <nd ref="13919461713"/>
    <nd ref="18395288"/>
    <nd ref="12027313109"/>
    <tag k="cyclestreets_id" v="173568"/>
    <tag k="cycleway:both" v="no"/>
    <tag k="highway" v="residential"/>
    <tag k="lanes" v="1"/>
    <tag k="lit" v="yes"/>
    <tag k="maxspeed" v="20 mph"/>
    <tag k="name" v="Old Jewry"/>
    <tag k="oneway" v="yes"/>
    <tag k="oneway:bicycle" v="no"/>
    <tag k="postal_code" v="EC2"/>
    <tag k="ref:GB:usrn" v="8100397"/>
    <tag k="sidewalk:both" v="separate"/>
    <tag k="source:name" v="local knowledge"/>
    <tag k="surface" v="asphalt"/>
    <tag k="wikidata" v="Q7084306"/>
  </way>
  <way id="849359561">
    <nd ref="2406484451"/>
    <nd ref="2902624642"/>
    <nd ref="2902624643"/>
    <nd ref="2902624644"/>
    <nd ref="2902624645"/>
    <tag k="highway" v="footway"/>
    <tag k="layer" v="-1"/>
    <tag k="name" v="Tivoli Corner"/>
    <tag k="surface" v="paving_stones"/>
  </way>
  <way id="849359562">
    <nd ref="7924362752"/>
    <nd ref="7924362755"/>
    <tag k="highway" v="footway"/>
    <tag k="lit" v="yes"/>
    <tag k="surface" v="asphalt"/>
  </way>
  <way id="849359563">
    <nd ref="1312264618"/>
    <nd ref="6985373984"/>
    <nd ref="1312188714"/>
    <tag k="highway" v="unclassified"/>
    <tag k="lane_markings" v="yes"/>
    <tag k="lanes" v="2"/>
    <tag k="maxspeed" v="20 mph"/>
    <tag k="name" v="Lothbury"/>
    <tag k="sidewalk:both" v="separate"/>
    <tag k="surface" v="asphalt"/>
  </way>
  <way id="849359564">
    <nd ref="7924362755"/>
    <nd ref="2406484455"/>
    <nd ref="2406484451"/>
    <tag k="crossing" v="traffic_signals"/>
    <tag k="crossing:markings" v="dots"/>
    <tag k="footway" v="crossing"/>
    <tag k="highway" v="footway"/>
    <tag k="lit" v="yes"/>
    <tag k="surface" v="asphalt"/>
  </way>
  <way id="849359565">
    <nd ref="9030155749"/>
    <nd ref="9042053624"/>
    <tag k="cycleway:left" v="lane"/>
    <tag k="cycleway:right" v="lane"/>
    <tag k="highway" v="tertiary"/>
    <tag k="lanes" v="2"/>
    <tag k="lit" v="yes"/>
    <tag k="maxspeed" v="20 mph"/>
    <tag k="name" v="Moorgate"/>
    <tag k="sidewalk:both" v="separate"/>
    <tag k="source:name" v="local knowledge"/>
    <tag k="surface" v="asphalt"/>
  </way>
  <way id="849359567">
    <nd ref="2406484481"/>
    <nd ref="1721713677"/>
    <nd ref="7924362752"/>
    <tag k="crossing" v="traffic_signals"/>
    <tag k="crossing:markings" v="dots"/>
    <tag k="footway" v="crossing"/>
    <tag k="highway" v="footway"/>
    <tag k="lit" v="yes"/>
    <tag k="surface" v="asphalt"/>
  </way>
  <way id="849359568">
    <nd ref="6985379286"/>
    <nd ref="10677374"/>
    <tag k="highway" v="tertiary"/>
    <tag k="lanes" v="2"/>
    <tag k="lit" v="yes"/>
    <tag k="maxspeed" v="20 mph"/>
    <tag k="name" v="Lothbury"/>
    <tag k="oneway:bus" v="no"/>
    <tag k="sidewalk:both" v="separate"/>
    <tag k="surface" v="asphalt"/>
  </way>
  <way id="863027932">
    <nd ref="4922952371"/>
    <nd ref="11074284094"/>
    <nd ref="4922952372"/>
    <nd ref="11210474464"/>
    <nd ref="9856119644"/>
    <nd ref="11079475762"/>
    <nd ref="11081617025"/>
    <nd ref="11079475763"/>
    <nd ref="11079664626"/>
    <nd ref="11079664627"/>
    <nd ref="11079664628"/>
    <nd ref="13238175760"/>
    <nd ref="11083837073"/>
    <tag k="footway" v="sidewalk"/>
    <tag k="highway" v="footway"/>
    <tag k="lit" v="yes"/>
    <tag k="surface" v="paving_stones"/>
  </way>
  <way id="863516654">
    <nd ref="8044121235"/>
    <nd ref="8044121236"/>
    <tag k="highway" v="footway"/>
    <tag k="lit" v="yes"/>
    <tag k="name" v="Ship Tavern Passage"/>
    <tag k="tunnel" v="building_passage"/>
  </way>
  <way id="863516655">
    <nd ref="30078473"/>
    <nd ref="13816415652"/>
    <nd ref="710474271"/>
    <nd ref="8044121235"/>
    <tag k="highway" v="footway"/>
    <tag k="lit" v="yes"/>
    <tag k="name" v="Ship Tavern Passage"/>
    <tag k="surface" v="concrete:plates"/>
  </way>
  <way id="863516665">
    <nd ref="2793874542"/>
    <nd ref="12425093101"/>
    <nd ref="25248124"/>
    <tag k="highway" v="service"/>
    <tag k="name" v="Corbet Court"/>
    <tag k="surface" v="sett"/>
  </way>
  <way id="863516666">
    <nd ref="8044121262"/>
    <nd ref="2793874542"/>
    <tag k="highway" v="service"/>
    <tag k="name" v="Corbet Court"/>
    <tag k="surface" v="sett"/>
    <tag k="tunnel" v="building_passage"/>
  </way>
  <way id="863516670">
    <nd ref="8044121280"/>
    <nd ref="12425016905"/>
    <nd ref="1211381855"/>
    <tag k="highway" v="service"/>
    <tag k="lit" v="yes"/>
    <tag k="name" v="Bell Inn Yard"/>
    <tag k="smoothness" v="excellent"/>
    <tag k="source:name" v="local knowledge"/>
    <tag k="surface" v="asphalt"/>
  </way>
  <way id="863516671">
    <nd ref="8044121279"/>
    <nd ref="8044121280"/>
    <tag k="highway" v="service"/>
    <tag k="lit" v="yes"/>
    <tag k="maxheight:signed" v="no"/>
    <tag k="name" v="Bell Inn Yard"/>
    <tag k="source:name" v="local knowledge"/>
    <tag k="surface" v="asphalt"/>
    <tag k="tunnel" v="building_passage"/>
  </way>
  <way id="894946631">
    <nd ref="3768819261"/>
    <nd ref="13821868880"/>
    <nd ref="1401416203"/>
    <tag k="footway" v="crossing"/>
    <tag k="highway" v="footway"/>
    <tag k="lit" v="yes"/>
    <tag k="surface" v="paving_stones"/>
  </way>
  <way id="896794990">
    <nd ref="6369390701"/>
    <nd ref="11733338216"/>
    <tag k="cycleway:left" v="lane"/>
    <tag k="dual_carriageway" v="yes"/>
    <tag k="highway" v="tertiary"/>
    <tag k="lit" v="yes"/>
    <tag k="maxspeed" v="20 mph"/>
    <tag k="name" v="Cannon Street"/>
    <tag k="oneway" v="yes"/>
    <tag k="sidewalk:left" v="separate"/>
    <tag k="sidewalk:right" v="no"/>
    <tag k="surface" v="asphalt"/>
    <tag k="wikidata" v="Q2936432"/>
  </way>
  <way id="896794991">
    <nd ref="1938819328"/>
    <nd ref="8336028511"/>
    <tag k="cycleway:left" v="lane"/>
    <tag k="dual_carriageway" v="yes"/>
    <tag k="highway" v="tertiary"/>
    <tag k="lanes" v="2"/>
    <tag k="lit" v="yes"/>
    <tag k="maxspeed" v="20 mph"/>
    <tag k="name" v="Queen Victoria Street"/>
    <tag k="name:etymology:wikidata" v="Q9439"/>
    <tag k="oneway" v="yes"/>
    <tag k="ref:GB:usrn" v="8100442"/>
    <tag k="sidewalk:left" v="separate"/>
    <tag k="sidewalk:right" v="no"/>
    <tag k="surface" v="asphalt"/>
    <tag k="wikidata" v="Q4581969"/>
    <tag k="wikipedia" v="en:Queen Victoria Street, London"/>
  </way>
  <way id="896794992">
    <nd ref="8336028511"/>
    <nd ref="1311962122"/>
    <nd ref="8336028512"/>
    <tag k="dual_carriageway" v="yes"/>
    <tag k="highway" v="tertiary"/>
    <tag k="lit" v="yes"/>
    <tag k="maxspeed" v="20 mph"/>
    <tag k="name" v="Queen Victoria Street"/>
    <tag k="name:etymology:wikidata" v="Q9439"/>
    <tag k="oneway" v="yes"/>
    <tag k="ref:GB:usrn" v="8100442"/>
    <tag k="sidewalk:left" v="separate"/>
    <tag k="sidewalk:right" v="no"/>
    <tag k="surface" v="asphalt"/>
    <tag k="wikidata" v="Q4581969"/>
    <tag k="wikipedia" v="en:Queen Victoria Street, London"/>
  </way>
  <way id="896794993">
    <nd ref="8336028513"/>
    <nd ref="2387194157"/>
    <nd ref="2387194133"/>
    <nd ref="13237810193"/>
    <nd ref="2387194128"/>
    <tag k="dual_carriageway" v="yes"/>
    <tag k="highway" v="tertiary"/>
    <tag k="lit" v="yes"/>
    <tag k="maxspeed" v="20 mph"/>
    <tag k="name" v="Queen Victoria Street"/>
    <tag k="name:etymology:wikidata" v="Q9439"/>
    <tag k="oneway" v="yes"/>
    <tag k="ref:GB:usrn" v="8100442"/>
    <tag k="sidewalk:left" v="separate"/>
    <tag k="sidewalk:right" v="no"/>
    <tag k="surface" v="asphalt"/>
    <tag k="wikidata" v="Q4581969"/>
    <tag k="wikipedia" v="en:Queen Victoria Street, London"/>
  </way>
  <way id="896794994">
    <nd ref="2387207423"/>
    <nd ref="1782728999"/>
    <tag k="dual_carriageway" v="yes"/>
    <tag k="highway" v="tertiary"/>
    <tag k="lanes" v="2"/>
    <tag k="lit" v="yes"/>
    <tag k="maxspeed" v="20 mph"/>
    <tag k="name" v="Queen Victoria Street"/>
    <tag k="name:etymology:wikidata" v="Q9439"/>
    <tag k="oneway" v="yes"/>
    <tag k="postal_code" v="EC4"/>
    <tag k="ref:GB:usrn" v="8100442"/>
    <tag k="sidewalk:left" v="separate"/>
    <tag k="sidewalk:right" v="no"/>
    <tag k="surface" v="asphalt"/>
    <tag k="wikidata" v="Q4581969"/>
    <tag k="wikipedia" v="en:Queen Victoria Street, London"/>
  </way>
  <way id="896794995">
    <nd ref="1401926435"/>
    <nd ref="8336028514"/>
    <nd ref="2387194123"/>
    <nd ref="13237810195"/>
    <nd ref="2387194150"/>
    <tag k="dual_carriageway" v="yes"/>
    <tag k="highway" v="unclassified"/>
    <tag k="lit" v="yes"/>
    <tag k="maxspeed" v="20 mph"/>
    <tag k="name" v="Queen Victoria Street"/>
    <tag k="name:etymology:wikidata" v="Q9439"/>
    <tag k="oneway" v="yes"/>
    <tag k="postal_code" v="EC4"/>
    <tag k="ref:GB:usrn" v="8100442"/>
    <tag k="sidewalk:left" v="separate"/>
    <tag k="sidewalk:right" v="no"/>
    <tag k="surface" v="asphalt"/>
    <tag k="wikidata" v="Q4581969"/>
    <tag k="wikipedia" v="en:Queen Victoria Street, London"/>
  </way>
  <way id="896794996">
    <nd ref="2387207418"/>
    <nd ref="2387207417"/>
    <nd ref="1938819335"/>
    <nd ref="6369390701"/>
    <tag k="dual_carriageway" v="yes"/>
    <tag k="highway" v="tertiary"/>
    <tag k="lit" v="yes"/>
    <tag k="maxspeed" v="20 mph"/>
    <tag k="name" v="Cannon Street"/>
    <tag k="oneway" v="yes"/>
    <tag k="sidewalk:left" v="separate"/>
    <tag k="sidewalk:right" v="no"/>
    <tag k="surface" v="asphalt"/>
    <tag k="wikidata" v="Q2936432"/>
  </way>
  <way id="896810424">
    <nd ref="28800668"/>
    <nd ref="9042041321"/>
    <tag k="cycleway" v="opposite"/>
    <tag k="highway" v="unclassified"/>
    <tag k="lanes" v="1"/>
    <tag k="lit" v="yes"/>
    <tag k="maxspeed" v="20 mph"/>
    <tag k="name" v="Basinghall Street"/>
    <tag k="oneway" v="yes"/>
    <tag k="oneway:bicycle" v="no"/>
    <tag k="postal_code" v="EC2"/>
    <tag k="ref:GB:usrn" v="8100044"/>
    <tag k="sidewalk:both" v="separate"/>
    <tag k="wikidata" v="Q4867514"/>
  </way>
  <way id="896810425">
    <nd ref="250549835"/>
    <nd ref="28800668"/>
    <tag k="cycleway" v="opposite"/>
    <tag k="highway" v="unclassified"/>
    <tag k="lanes" v="1"/>
    <tag k="lit" v="yes"/>
    <tag k="maxspeed" v="20 mph"/>
    <tag k="name" v="Basinghall Street"/>
    <tag k="oneway" v="yes"/>
    <tag k="oneway:bicycle" v="no"/>
    <tag k="postal_code" v="EC2"/>
    <tag k="ref:GB:usrn" v="8100044"/>
    <tag k="sidewalk:both" v="separate"/>
    <tag k="wikidata" v="Q4867514"/>
  </way>
  <way id="924417935">
    <nd ref="1733389278"/>
    <nd ref="8579522887"/>
    <nd ref="1939558655"/>
    <tag k="bus" v="yes"/>
    <tag k="highway" v="unclassified"/>
    <tag k="lane_markings" v="no"/>
    <tag k="lit" v="yes"/>
    <tag k="maxspeed" v="20 mph"/>
    <tag k="motor_vehicle:conditional" v="no @ (Mo-Fr 07:00-19:00)"/>
    <tag k="name" v="Queen Victoria Street"/>
    <tag k="name:etymology:wikidata" v="Q9439"/>
    <tag k="oneway" v="yes"/>
    <tag k="proposed:highway" v="cycleway"/>
    <tag k="ref:GB:usrn" v="8100442"/>
    <tag k="sidewalk:left" v="separate"/>
    <tag k="sidewalk:right" v="no"/>
    <tag k="surface" v="asphalt"/>
    <tag k="wikidata" v="Q4581969"/>
    <tag k="wikipedia" v="en:Queen Victoria Street, London"/>
  </way>
  <way id="929084062">
    <nd ref="24950111"/>
    <nd ref="24950112"/>
    <nd ref="25248126"/>
    <tag k="highway" v="tertiary"/>
    <tag k="horse" v="yes"/>
    <tag k="lane_markings" v="no"/>
    <tag k="lit" v="yes"/>
    <tag k="maxspeed" v="20 mph"/>
    <tag k="name" v="Lombard Street"/>
    <tag k="oneway" v="no"/>
    <tag k="sidewalk" v="both"/>
    <tag k="source:name" v="local knowledge"/>
    <tag k="source:width" v="ARCore"/>
    <tag k="surface" v="asphalt"/>
    <tag k="width" v="5.8"/>
    <tag k="wikidata" v="Q1432321"/>
    <tag k="wikipedia" v="en:Lombard Street, London"/>
  </way>
  <way id="929084063">
    <nd ref="109416"/>
    <nd ref="25248128"/>
    <tag k="bicycle" v="yes"/>
    <tag k="bus" v="yes"/>
    <tag k="highway" v="tertiary"/>
    <tag k="lanes" v="2"/>
    <tag k="lit" v="yes"/>
    <tag k="maxspeed" v="20 mph"/>
    <tag k="name" v="Cornhill"/>
    <tag k="operator" v="City of London"/>
    <tag k="operator:wikidata" v="Q1094147"/>
    <tag k="postal_code" v="EC3"/>
    <tag k="sidewalk:both" v="separate"/>
    <tag k="surface" v="asphalt"/>
    <tag k="taxi" v="yes"/>
    <tag k="vehicle:conditional" v="no @ (Mo-Fr 07:00-19:00)"/>
    <tag k="wikidata" v="Q28846065"/>
  </way>
  <way id="929084064">
    <nd ref="25248128"/>
    <nd ref="4688513218"/>
    <nd ref="3816097108"/>
    <nd ref="25248120"/>
    <nd ref="9781190367"/>
    <tag k="bicycle" v="yes"/>
    <tag k="bus" v="yes"/>
    <tag k="highway" v="tertiary"/>
    <tag k="lanes" v="2"/>
    <tag k="lit" v="yes"/>
    <tag k="maxspeed" v="20 mph"/>
    <tag k="name" v="Cornhill"/>
    <tag k="operator" v="City of London"/>
    <tag k="operator:wikidata" v="Q1094147"/>
    <tag k="postal_code" v="EC3"/>
    <tag k="sidewalk:both" v="separate"/>
    <tag k="surface" v="asphalt"/>
    <tag k="taxi" v="yes"/>
    <tag k="vehicle:conditional" v="no @ (Mo-Fr 07:00-19:00)"/>
    <tag k="wikidata" v="Q28846065"/>
  </way>
  <way id="929084065">
    <nd ref="25248118"/>
    <nd ref="8318797235"/>
    <nd ref="8318797234"/>
    <tag k="cycle_network" v="GB:London Streetspace"/>
    <tag k="cycleway:right" v="lane"/>
    <tag k="cycleway:right:oneway" v="-1"/>
    <tag k="highway" v="unclassified"/>
    <tag k="lanes" v="2"/>
    <tag k="lit" v="yes"/>
    <tag k="maxspeed" v="20 mph"/>
    <tag k="name" v="Threadneedle Street"/>
    <tag k="note:covid19" v="Temporarily closed to eastbound motorists"/>
    <tag k="oneway" v="yes"/>
    <tag k="oneway:bicycle" v="no"/>
    <tag k="postal_code" v="EC2"/>
    <tag k="sidewalk" v="both"/>
    <tag k="sidewalk:both:surface" v="paving_stones"/>
    <tag k="source:name" v="local knowledge"/>
    <tag k="surface" v="asphalt"/>
  </way>
  <way id="951529232">
    <nd ref="8807431536"/>
    <nd ref="9027328315"/>
    <nd ref="8807431537"/>
    <nd ref="8807431538"/>
    <nd ref="8807431539"/>
    <nd ref="8807431540"/>
    <nd ref="13019113878"/>
    <tag k="footway" v="sidewalk"/>
    <tag k="highway" v="footway"/>
    <tag k="lit" v="yes"/>
    <tag k="name" v="King William Street"/>
    <tag k="name:etymology:wikidata" v="Q130822"/>
    <tag k="street:name" v="King William Street"/>
    <tag k="surface" v="paving_stones"/>
  </way>
  <way id="951529234">
    <nd ref="9027342517"/>
    <nd ref="5141354330"/>
    <nd ref="6018098772"/>
    <tag k="crossing" v="marked"/>
    <tag k="crossing:island" v="no"/>
    <tag k="crossing:markings" v="dots"/>
    <tag k="footway" v="crossing"/>
    <tag k="highway" v="footway"/>
    <tag k="lit" v="yes"/>
    <tag k="surface" v="asphalt"/>
  </way>
  <way id="951529235">
    <nd ref="11097085170"/>
    <nd ref="13813298309"/>
    <nd ref="12823252939"/>
    <nd ref="5141354388"/>
    <nd ref="12905496430"/>
    <nd ref="8807431536"/>
    <nd ref="4867087528"/>
    <nd ref="6018098765"/>
    <tag k="footway" v="sidewalk"/>
    <tag k="highway" v="footway"/>
    <tag k="lit" v="yes"/>
    <tag k="name" v="Cannon Street"/>
    <tag k="street:name" v="Cannon Street"/>
    <tag k="surface" v="asphalt"/>
  </way>
  <way id="951529236">
    <nd ref="11083872810"/>
    <nd ref="8807431555"/>
    <nd ref="11210474462"/>
    <nd ref="8807431556"/>
    <nd ref="10660049655"/>
    <nd ref="8807431557"/>
    <nd ref="8807431558"/>
    <nd ref="2538458903"/>
    <tag k="footway" v="sidewalk"/>
    <tag k="highway" v="footway"/>
    <tag k="lit" v="yes"/>
    <tag k="surface" v="paving_stones"/>
  </way>
  <way id="951531587">
    <nd ref="11083837081"/>
    <nd ref="8807429657"/>
    <nd ref="8807429658"/>
    <nd ref="11260325778"/>
    <nd ref="5334381837"/>
    <nd ref="8807429659"/>
    <tag k="footway" v="sidewalk"/>
    <tag k="highway" v="footway"/>
  </way>
  <way id="951531588">
    <nd ref="11079628598"/>
    <nd ref="8807429645"/>
    <nd ref="8807429663"/>
    <nd ref="8807429646"/>
    <nd ref="4830306813"/>
    <nd ref="8807429647"/>
    <nd ref="8807429648"/>
    <nd ref="11208698405"/>
    <nd ref="8807429649"/>
    <nd ref="8807429650"/>
    <nd ref="12905378687"/>
    <tag k="footway" v="sidewalk"/>
    <tag k="highway" v="footway"/>
  </way>
  <way id="951531589">
    <nd ref="11079664632"/>
    <nd ref="2387194127"/>
    <nd ref="5090558494"/>
    <tag k="crossing" v="traffic_signals"/>
    <tag k="crossing:island" v="yes"/>
    <tag k="crossing:markings" v="dots"/>
    <tag k="crossing:signals" v="yes"/>
    <tag k="footway" v="crossing"/>
    <tag k="highway" v="footway"/>
    <tag k="surface" v="asphalt"/>
  </way>
  <way id="951533792">
    <nd ref="2528522522"/>
    <nd ref="5473274979"/>
    <nd ref="5473274978"/>
    <nd ref="5473274977"/>
    <nd ref="2622222658"/>
    <tag k="bicycle" v="dismount"/>
    <tag k="foot" v="yes"/>
    <tag k="footway" v="sidewalk"/>
    <tag k="highway" v="footway"/>
    <tag k="lit" v="yes"/>
    <tag k="source" v="Bing"/>
    <tag k="surface" v="paving_stones"/>
  </way>
  <way id="951533793">
    <nd ref="8807443108"/>
    <nd ref="2622212889"/>
    <nd ref="2622212887"/>
    <nd ref="2622212885"/>
    <nd ref="2622212883"/>
    <nd ref="2622212881"/>
    <nd ref="11828797578"/>
    <nd ref="2622212893"/>
    <nd ref="2622212895"/>
    <tag k="bicycle" v="dismount"/>
    <tag k="foot" v="yes"/>
    <tag k="highway" v="footway"/>
    <tag k="lit" v="yes"/>
    <tag k="source" v="Bing"/>
    <tag k="surface" v="paving_stones"/>
  </way>
  <way id="951533794">
    <nd ref="2622212914"/>
    <nd ref="8807443108"/>
    <tag k="bicycle" v="dismount"/>
    <tag k="foot" v="yes"/>
    <tag k="highway" v="footway"/>
    <tag k="lit" v="yes"/>
    <tag k="source" v="Bing"/>
    <tag k="surface" v="paving_stones"/>
  </way>
  <way id="951533795">
    <nd ref="2622212895"/>
    <nd ref="4861365370"/>
    <tag k="highway" v="footway"/>
    <tag k="surface" v="paved"/>
  </way>
  <way id="958434657">
    <nd ref="8868001103"/>
    <nd ref="1312188731"/>
    <nd ref="8868001104"/>
    <tag k="fixme" v="Add max height"/>
    <tag k="highway" v="unclassified"/>
    <tag k="maxspeed" v="20 mph"/>
    <tag k="maxwidth" v="2.3"/>
    <tag k="name" v="Austin Friars"/>
    <tag k="name:etymology:wikidata" v="Q4823089"/>
    <tag k="postal_code" v="EC2"/>
    <tag k="tunnel" v="building_passage"/>
  </way>
  <way id="958434658">
    <nd ref="250549587"/>
    <nd ref="13821868885"/>
    <nd ref="8868001103"/>
    <tag k="highway" v="unclassified"/>
    <tag k="maxspeed" v="20 mph"/>
    <tag k="name" v="Austin Friars"/>
    <tag k="name:etymology:wikidata" v="Q4823089"/>
    <tag k="postal_code" v="EC2"/>
    <tag k="sidewalk" v="left"/>
  </way>
  <way id="958434666">
    <nd ref="8868010145"/>
    <nd ref="250326914"/>
    <tag k="foot" v="yes"/>
    <tag k="highway" v="footway"/>
    <tag k="name" v="Throgmorton Avenue"/>
    <tag k="name:etymology:wikidata" v="Q715321"/>
  </way>
  <way id="958434667">
    <nd ref="3787673643"/>
    <nd ref="8868010145"/>
    <tag k="foot" v="yes"/>
    <tag k="highway" v="footway"/>
    <tag k="name" v="Throgmorton Avenue"/>
    <tag k="name:etymology:wikidata" v="Q715321"/>
    <tag k="tunnel" v="building_passage"/>
  </way>
  <way id="958434673">
    <nd ref="8868010161"/>
    <nd ref="8868010160"/>
    <tag k="highway" v="service"/>
    <tag k="indoor" v="yes"/>
    <tag k="service" v="driveway"/>
  </way>
  <way id="958434674">
    <nd ref="8868010162"/>
    <nd ref="8868010161"/>
    <tag k="highway" v="service"/>
    <tag k="service" v="driveway"/>
  </way>
  <way id="958434677">
    <nd ref="8868010172"/>
    <nd ref="250327159"/>
    <tag k="foot" v="yes"/>
    <tag k="highway" v="footway"/>
    <tag k="name" v="Angel Court"/>
    <tag k="surface" v="paving_stones"/>
  </way>
  <way id="958434678">
    <nd ref="8868010173"/>
    <nd ref="8868010172"/>
    <tag k="foot" v="yes"/>
    <tag k="highway" v="footway"/>
    <tag k="name" v="Angel Court"/>
    <tag k="surface" v="paving_stones"/>
    <tag k="tunnel" v="building_passage"/>
  </way>
  <way id="958434685">
    <nd ref="8868010204"/>
    <nd ref="8868010203"/>
    <nd ref="8868010202"/>
    <tag k="access" v="private"/>
    <tag k="highway" v="service"/>
    <tag k="service" v="driveway"/>
  </way>
  <way id="958434689">
    <nd ref="250549699"/>
    <nd ref="8868010221"/>
    <tag k="highway" v="unclassified"/>
    <tag k="lane_markings" v="no"/>
    <tag k="maxspeed" v="20 mph"/>
    <tag k="name" v="Copthall Avenue"/>
    <tag k="postal_code" v="EC2"/>
    <tag k="sidewalk" v="both"/>
    <tag k="surface" v="asphalt"/>
  </way>
  <way id="958455744">
    <nd ref="8868194770"/>
    <nd ref="4618510644"/>
    <tag k="access" v="private"/>
    <tag k="highway" v="service"/>
    <tag k="indoor" v="yes"/>
  </way>
  <way id="958455752">
    <nd ref="2934268022"/>
    <nd ref="2934268032"/>
    <tag k="highway" v="footway"/>
    <tag k="name" v="Adams Court"/>
    <tag k="tunnel" v="building_passage"/>
  </way>
  <way id="958511592">
    <nd ref="8807429659"/>
    <nd ref="4866727518"/>
    <tag k="footway" v="sidewalk"/>
    <tag k="highway" v="footway"/>
    <tag k="lit" v="yes"/>
    <tag k="surface" v="paving_stones"/>
  </way>
  <way id="958540956">
    <nd ref="8869073339"/>
    <nd ref="12425018607"/>
    <tag k="highway" v="footway"/>
    <tag k="lit" v="yes"/>
    <tag k="name" v="Cowper's Court"/>
    <tag k="source:name" v="local knowledge"/>
    <tag k="surface" v="paving_stones"/>
  </way>
  <way id="958540957">
    <nd ref="8869073340"/>
    <nd ref="8869073339"/>
    <tag k="highway" v="footway"/>
    <tag k="name" v="Cowper's Court"/>
    <tag k="source:name" v="local knowledge"/>
    <tag k="surface" v="paving_stones"/>
    <tag k="tunnel" v="building_passage"/>
  </way>
  <way id="958579190">
    <nd ref="8869435256"/>
    <nd ref="1365887500"/>
    <nd ref="10660049637"/>
    <tag k="crossing" v="marked"/>
    <tag k="crossing:markings" v="dots"/>
    <tag k="footway" v="crossing"/>
    <tag k="highway" v="footway"/>
    <tag k="surface" v="asphalt"/>
  </way>
  <way id="958579192">
    <nd ref="8869435275"/>
    <nd ref="13819722424"/>
    <nd ref="13819722423"/>
    <nd ref="10660049638"/>
    <tag k="footway" v="sidewalk"/>
    <tag k="highway" v="footway"/>
    <tag k="lit" v="yes"/>
    <tag k="name" v="Poultry"/>
    <tag k="street:name" v="Poultry"/>
    <tag k="surface" v="paving_stones"/>
  </way>
  <way id="958579193">
    <nd ref="8869435276"/>
    <nd ref="13819722433"/>
    <nd ref="8869435272"/>
    <nd ref="11081677235"/>
    <nd ref="8869435271"/>
    <tag k="footway" v="sidewalk"/>
    <tag k="highway" v="footway"/>
    <tag k="lit" v="yes"/>
    <tag k="name" v="Cheapside"/>
    <tag k="street:name" v="Cheapside"/>
    <tag k="surface" v="paving_stones"/>
  </way>
  <way id="958579195">
    <nd ref="8869435271"/>
    <nd ref="8869435267"/>
    <nd ref="8869435270"/>
    <tag k="crossing" v="unmarked"/>
    <tag k="crossing:continuous" v="no"/>
    <tag k="crossing:island" v="no"/>
    <tag k="crossing:markings" v="no"/>
    <tag k="footway" v="crossing"/>
    <tag k="highway" v="footway"/>
    <tag k="lit" v="yes"/>
    <tag k="surface" v="paving_stones"/>
  </way>
  <way id="958579197">
    <nd ref="7553887390"/>
    <nd ref="7553887392"/>
    <nd ref="12036747696"/>
    <tag k="crossing" v="unmarked"/>
    <tag k="crossing:island" v="yes"/>
    <tag k="crossing:markings" v="no"/>
    <tag k="footway" v="crossing"/>
    <tag k="highway" v="footway"/>
    <tag k="surface" v="asphalt"/>
  </way>
  <way id="958579198">
    <nd ref="8869435270"/>
    <nd ref="8869435269"/>
    <nd ref="11208479719"/>
    <nd ref="13819722430"/>
    <nd ref="13819722431"/>
    <nd ref="13819722427"/>
    <nd ref="8869435274"/>
    <tag k="footway" v="sidewalk"/>
    <tag k="highway" v="footway"/>
    <tag k="lit" v="yes"/>
    <tag k="name" v="Poultry"/>
    <tag k="street:name" v="Poultry"/>
    <tag k="surface" v="paving_stones"/>
  </way>
  <way id="958579199">
    <nd ref="8869435275"/>
    <nd ref="8869435266"/>
    <nd ref="8869435274"/>
    <tag k="crossing" v="unmarked"/>
    <tag k="crossing:continuous" v="no"/>
    <tag k="crossing:island" v="no"/>
    <tag k="crossing:markings" v="no"/>
    <tag k="footway" v="crossing"/>
    <tag k="highway" v="footway"/>
    <tag k="surface" v="paving_stones"/>
  </way>
  <way id="958579200">
    <nd ref="8869435277"/>
    <nd ref="11083837066"/>
    <nd ref="8869435265"/>
    <tag k="footway" v="sidewalk"/>
    <tag k="highway" v="footway"/>
    <tag k="surface" v="paving_stones"/>
  </way>
  <way id="958579202">
    <nd ref="8869435276"/>
    <nd ref="8869435268"/>
    <nd ref="13819722432"/>
    <tag k="crossing" v="unmarked"/>
    <tag k="crossing:island" v="no"/>
    <tag k="crossing:markings" v="no"/>
    <tag k="footway" v="crossing"/>
    <tag k="highway" v="footway"/>
    <tag k="surface" v="paving_stones"/>
    <tag k="traffic_calming" v="table"/>
  </way>
  <way id="958579203">
    <nd ref="8869435265"/>
    <nd ref="8869435287"/>
    <nd ref="8869435286"/>
    <nd ref="8869435278"/>
    <nd ref="11083892399"/>
    <nd ref="8869435279"/>
    <nd ref="25161369"/>
    <nd ref="8869435280"/>
    <nd ref="8869435281"/>
    <nd ref="8869435282"/>
    <nd ref="8869435283"/>
    <tag k="footway" v="sidewalk"/>
    <tag k="highway" v="footway"/>
    <tag k="lit" v="yes"/>
    <tag k="name" v="King Street"/>
    <tag k="name:etymology:wikidata" v="Q122553"/>
    <tag k="street:name" v="King Street"/>
    <tag k="surface" v="paving_stones"/>
  </way>
  <way id="958579204">
    <nd ref="10866487119"/>
    <nd ref="7553887409"/>
    <nd ref="10866487118"/>
    <tag k="crossing" v="traffic_signals"/>
    <tag k="crossing:markings" v="dots"/>
    <tag k="crossing:signals" v="yes"/>
    <tag k="footway" v="crossing"/>
    <tag k="highway" v="footway"/>
    <tag k="surface" v="asphalt"/>
  </way>
  <way id="958582018">
    <nd ref="13022543569"/>
    <nd ref="5043864464"/>
    <nd ref="13022543570"/>
    <tag k="crossing" v="traffic_signals"/>
    <tag k="crossing:island" v="no"/>
    <tag k="crossing:markings" v="dots"/>
    <tag k="crossing:signals" v="yes"/>
    <tag k="crossing_ref" v="pelican"/>
    <tag k="footway" v="crossing"/>
    <tag k="highway" v="footway"/>
    <tag k="lit" v="yes"/>
    <tag k="surface" v="asphalt"/>
  </way>
  <way id="958582019">
    <nd ref="13022543572"/>
    <nd ref="1684511955"/>
    <nd ref="13022543571"/>
    <tag k="crossing" v="traffic_signals"/>
    <tag k="crossing:island" v="no"/>
    <tag k="crossing:markings" v="dots"/>
    <tag k="crossing:signals" v="yes"/>
    <tag k="crossing_ref" v="pelican"/>
    <tag k="footway" v="crossing"/>
    <tag k="highway" v="footway"/>
    <tag k="lit" v="yes"/>
    <tag k="surface" v="asphalt"/>
  </way>
  <way id="958582020">
    <nd ref="8869464357"/>
    <nd ref="10677375"/>
    <tag k="foot" v="yes"/>
    <tag k="highway" v="pedestrian"/>
    <tag k="name" v="Guildhall Yard"/>
    <tag k="name:etymology:wikidata" v="Q81279"/>
    <tag k="surface" v="asphalt"/>
  </way>
  <way id="958582021">
    <nd ref="8869464356"/>
    <nd ref="11081568988"/>
    <tag k="footway" v="sidewalk"/>
    <tag k="highway" v="footway"/>
    <tag k="lit" v="yes"/>
    <tag k="name" v="Gresham Street"/>
    <tag k="name:etymology:wikidata" v="Q318673"/>
    <tag k="street:name" v="Gresham Street"/>
    <tag k="surface" v="paving_stones"/>
  </way>
  <way id="958582023">
    <nd ref="1684549812"/>
    <nd ref="8869464357"/>
    <tag k="foot" v="yes"/>
    <tag k="highway" v="pedestrian"/>
    <tag k="name" v="Guildhall Yard"/>
    <tag k="name:etymology:wikidata" v="Q81279"/>
    <tag k="surface" v="paving_stones"/>
  </way>
  <way id="958582024">
    <nd ref="8869464360"/>
    <nd ref="8869464361"/>
    <nd ref="8869464362"/>
    <tag k="footway" v="sidewalk"/>
    <tag k="highway" v="footway"/>
    <tag k="surface" v="paving_stones"/>
  </way>
  <way id="958582026">
    <nd ref="8869464362"/>
    <nd ref="250550340"/>
    <tag k="foot" v="yes"/>
    <tag k="highway" v="pedestrian"/>
    <tag k="name" v="Guildhall Buildings"/>
    <tag k="name:etymology:wikidata" v="Q81279"/>
    <tag k="surface" v="paving_stones"/>
  </way>
  <way id="958582027">
    <nd ref="1718566966"/>
    <nd ref="13823592946"/>
    <nd ref="8869464366"/>
    <tag k="highway" v="footway"/>
    <tag k="name" v="Mason's Avenue"/>
    <tag k="surface" v="paved"/>
  </way>
  <way id="958582029">
    <nd ref="8869464366"/>
    <nd ref="250549835"/>
    <nd ref="8869464367"/>
    <tag k="crossing" v="unmarked"/>
    <tag k="crossing:island" v="yes"/>
    <tag k="footway" v="crossing"/>
    <tag k="highway" v="footway"/>
    <tag k="surface" v="asphalt"/>
  </way>
  <way id="958582030">
    <nd ref="8869464367"/>
    <nd ref="8869464368"/>
    <nd ref="8869464369"/>
    <nd ref="13830089639"/>
    <nd ref="8869464370"/>
    <nd ref="8869464371"/>
    <nd ref="8869464360"/>
    <tag k="footway" v="sidewalk"/>
    <tag k="highway" v="footway"/>
    <tag k="lit" v="yes"/>
    <tag k="name" v="Basinghall Street"/>
    <tag k="street:name" v="Basinghall Street"/>
    <tag k="surface" v="paving_stones"/>
  </way>
  <way id="958582034">
    <nd ref="5042033653"/>
    <nd ref="8869464380"/>
    <nd ref="8869464381"/>
    <nd ref="8869464382"/>
    <nd ref="8869464383"/>
    <nd ref="8869464391"/>
    <nd ref="8869464384"/>
    <nd ref="8869464385"/>
    <tag k="footway" v="sidewalk"/>
    <tag k="highway" v="footway"/>
    <tag k="lit" v="yes"/>
    <tag k="name" v="Coleman Street"/>
    <tag k="street:name" v="Coleman Street"/>
    <tag k="surface" v="paving_stones"/>
  </way>
  <way id="958582035">
    <nd ref="8869464378"/>
    <nd ref="8869464379"/>
    <nd ref="8869464393"/>
    <tag k="footway" v="sidewalk"/>
    <tag k="highway" v="footway"/>
    <tag k="lit" v="yes"/>
    <tag k="name" v="Coleman Street"/>
    <tag k="street:name" v="Coleman Street"/>
    <tag k="surface" v="paving_stones"/>
  </way>
  <way id="958582036">
    <nd ref="8869464393"/>
    <nd ref="8869464392"/>
    <nd ref="5042033653"/>
    <tag k="crossing" v="unmarked"/>
    <tag k="crossing:island" v="no"/>
    <tag k="crossing:markings" v="no"/>
    <tag k="footway" v="crossing"/>
    <tag k="highway" v="footway"/>
    <tag k="surface" v="asphalt"/>
    <tag k="tactile_paving" v="no"/>
  </way>
  <way id="958587773">
    <nd ref="8869464378"/>
    <nd ref="1718566936"/>
    <tag k="foot" v="yes"/>
    <tag k="highway" v="footway"/>
    <tag k="name" v="Mason's Avenue"/>
    <tag k="surface" v="paved"/>
  </way>
  <way id="958716470">
    <nd ref="7836164764"/>
    <nd ref="12769325482"/>
    <tag k="bicycle" v="yes"/>
    <tag k="cycleway:right" v="lane"/>
    <tag k="highway" v="tertiary"/>
    <tag k="lanes" v="2"/>
    <tag k="lit" v="yes"/>
    <tag k="maxspeed" v="20 mph"/>
    <tag k="name" v="Cheapside"/>
    <tag k="postal_code" v="EC2"/>
    <tag k="sidewalk:both" v="separate"/>
    <tag k="surface" v="asphalt"/>
    <tag k="wikidata" v="Q1068693"/>
  </way>
  <way id="958716471">
    <nd ref="3533830193"/>
    <nd ref="7553887392"/>
    <nd ref="18382242"/>
    <tag k="highway" v="tertiary"/>
    <tag k="lanes" v="2"/>
    <tag k="lit" v="yes"/>
    <tag k="maxspeed" v="20 mph"/>
    <tag k="name" v="Cheapside"/>
    <tag k="postal_code" v="EC2"/>
    <tag k="sidewalk:both" v="separate"/>
    <tag k="surface" v="asphalt"/>
    <tag k="wikidata" v="Q1068693"/>
  </way>
  <way id="958716472">
    <nd ref="24950093"/>
    <nd ref="10660049644"/>
    <nd ref="4866976614"/>
    <nd ref="2387224475"/>
    <tag k="bus" v="yes"/>
    <tag k="highway" v="tertiary"/>
    <tag k="lanes" v="2"/>
    <tag k="lit" v="yes"/>
    <tag k="maxspeed" v="20 mph"/>
    <tag k="motor_vehicle:conditional" v="no @ (Mo-Fr 07:00-19:00)"/>
    <tag k="name" v="Poultry"/>
    <tag k="sidewalk:both" v="separate"/>
    <tag k="surface" v="asphalt"/>
    <tag k="taxi" v="yes"/>
    <tag k="was:cycleway:left" v="lane"/>
    <tag k="wikidata" v="Q7235592"/>
  </way>
  <way id="964732131">
    <nd ref="9042053623"/>
    <nd ref="8923643489"/>
    <nd ref="21990629"/>
    <nd ref="5565443389"/>
    <tag k="cycleway:left" v="track"/>
    <tag k="cycleway:right" v="lane"/>
    <tag k="highway" v="tertiary"/>
    <tag k="lit" v="yes"/>
    <tag k="maxspeed" v="20 mph"/>
    <tag k="name" v="Moorgate"/>
    <tag k="sidewalk:both" v="separate"/>
    <tag k="source:name" v="local knowledge"/>
    <tag k="surface" v="asphalt"/>
  </way>
  <way id="964732132">
    <nd ref="8923643490"/>
    <nd ref="5875062472"/>
    <nd ref="9042053623"/>
    <tag k="cycleway:left" v="no"/>
    <tag k="cycleway:right" v="lane"/>
    <tag k="cycleway:right:lane" v="advisory"/>
    <tag k="highway" v="tertiary"/>
    <tag k="lanes" v="2"/>
    <tag k="lit" v="yes"/>
    <tag k="maxspeed" v="20 mph"/>
    <tag k="name" v="Moorgate"/>
    <tag k="sidewalk:both" v="separate"/>
    <tag k="source:name" v="local knowledge"/>
    <tag k="surface" v="asphalt"/>
  </way>
  <way id="975142222">
    <nd ref="1678155318"/>
    <nd ref="2387207426"/>
    <tag k="cycleway:left" v="lane"/>
    <tag k="dual_carriageway" v="yes"/>
    <tag k="highway" v="tertiary"/>
    <tag k="lit" v="yes"/>
    <tag k="maxspeed" v="20 mph"/>
    <tag k="name" v="Cannon Street"/>
    <tag k="oneway" v="yes"/>
    <tag k="postal_code" v="EC4"/>
    <tag k="sidewalk:left" v="separate"/>
    <tag k="sidewalk:right" v="no"/>
    <tag k="surface" v="asphalt"/>
    <tag k="wikidata" v="Q2936432"/>
    <tag k="wikipedia" v="en:Cannon Street"/>
  </way>
  <way id="975142223">
    <nd ref="1678155318"/>
    <nd ref="9024139129"/>
    <tag k="cycleway:right" v="lane"/>
    <tag k="highway" v="tertiary"/>
    <tag k="lit" v="yes"/>
    <tag k="maxspeed" v="20 mph"/>
    <tag k="name" v="Cannon Street"/>
    <tag k="postal_code" v="EC4"/>
    <tag k="sidewalk:both" v="separate"/>
    <tag k="surface" v="asphalt"/>
    <tag k="wikidata" v="Q2936432"/>
    <tag k="wikipedia" v="en:Cannon Street"/>
  </way>
  <way id="975142224">
    <nd ref="9024139130"/>
    <nd ref="3517985666"/>
    <nd ref="9024139131"/>
    <tag k="busway:opening_hours" v="Mo-Fr 07:00-10:00,16:00-19:00"/>
    <tag k="busway:right" v="lane"/>
    <tag k="cycleway:left" v="lane"/>
    <tag k="cycleway:right" v="share_busway"/>
    <tag k="highway" v="unclassified"/>
    <tag k="lit" v="yes"/>
    <tag k="maxspeed" v="20 mph"/>
    <tag k="name" v="Queen Victoria Street"/>
    <tag k="name:etymology:wikidata" v="Q9439"/>
    <tag k="ref:GB:usrn" v="8100442"/>
    <tag k="sidewalk:both" v="separate"/>
    <tag k="surface" v="asphalt"/>
    <tag k="wikidata" v="Q4581969"/>
    <tag k="wikipedia" v="en:Queen Victoria Street, London"/>
  </way>
  <way id="975142225">
    <nd ref="9024139131"/>
    <nd ref="25161348"/>
    <nd ref="3499500226"/>
    <nd ref="9021504714"/>
    <tag k="busway:opening_hours" v="Mo-Fr 07:00-10:00,16:00-19:00"/>
    <tag k="busway:right" v="lane"/>
    <tag k="cycleway:left" v="no"/>
    <tag k="cycleway:right" v="share_busway"/>
    <tag k="highway" v="unclassified"/>
    <tag k="lit" v="yes"/>
    <tag k="maxspeed" v="20 mph"/>
    <tag k="name" v="Queen Victoria Street"/>
    <tag k="name:etymology:wikidata" v="Q9439"/>
    <tag k="ref:GB:usrn" v="8100442"/>
    <tag k="sidewalk:both" v="separate"/>
    <tag k="surface" v="asphalt"/>
    <tag k="wikidata" v="Q4581969"/>
    <tag k="wikipedia" v="en:Queen Victoria Street, London"/>
  </way>
  <way id="975142226">
    <nd ref="9021504714"/>
    <nd ref="1401926435"/>
    <tag k="cycleway:left" v="shared"/>
    <tag k="highway" v="unclassified"/>
    <tag k="lit" v="yes"/>
    <tag k="maxspeed" v="20 mph"/>
    <tag k="name" v="Queen Victoria Street"/>
    <tag k="name:etymology:wikidata" v="Q9439"/>
    <tag k="ref:GB:usrn" v="8100442"/>
    <tag k="sidewalk:both" v="separate"/>
    <tag k="surface" v="asphalt"/>
    <tag k="wikidata" v="Q4581969"/>
    <tag k="wikipedia" v="en:Queen Victoria Street, London"/>
  </way>
  <way id="975142227">
    <nd ref="3233714197"/>
    <nd ref="25067068"/>
    <tag k="cycleway" v="opposite"/>
    <tag k="highway" v="residential"/>
    <tag k="lanes" v="1"/>
    <tag k="lit" v="yes"/>
    <tag k="maxspeed" v="20 mph"/>
    <tag k="maxweightrating" v="7.5"/>
    <tag k="name" v="Garlick Hill"/>
    <tag k="oneway" v="yes"/>
    <tag k="oneway:bicycle" v="no"/>
    <tag k="postal_code" v="EC4"/>
    <tag k="ref:GB:usrn" v="8100588"/>
    <tag k="sidewalk:both" v="separate"/>
    <tag k="source:cycleway" v="http://www.cityoflondon.gov.uk/services/transport-and-streets/traffic-management/Pages/contra-flow-cycling.aspx"/>
    <tag k="source:name" v="local knowledge"/>
    <tag k="surface" v="asphalt"/>
  </way>
  <way id="975142228">
    <nd ref="9024139132"/>
    <nd ref="11115208682"/>
    <nd ref="13812694664"/>
    <nd ref="3233714197"/>
    <tag k="cycleway:right" v="lane"/>
    <tag k="cycleway:right:oneway" v="-1"/>
    <tag k="highway" v="residential"/>
    <tag k="lanes" v="1"/>
    <tag k="lit" v="yes"/>
    <tag k="maxspeed" v="20 mph"/>
    <tag k="maxweightrating" v="7.5"/>
    <tag k="name" v="Garlick Hill"/>
    <tag k="oneway" v="yes"/>
    <tag k="oneway:bicycle" v="no"/>
    <tag k="postal_code" v="EC4"/>
    <tag k="ref:GB:usrn" v="8100588"/>
    <tag k="sidewalk:both" v="separate"/>
    <tag k="source:cycleway" v="http://www.cityoflondon.gov.uk/services/transport-and-streets/traffic-management/Pages/contra-flow-cycling.aspx"/>
    <tag k="source:name" v="local knowledge"/>
    <tag k="surface" v="asphalt"/>
  </way>
  <way id="975142229">
    <nd ref="11733338217"/>
    <nd ref="13019187884"/>
    <nd ref="25161366"/>
    <tag k="cycleway" v="opposite"/>
    <tag k="highway" v="residential"/>
    <tag k="lanes" v="1"/>
    <tag k="lit" v="yes"/>
    <tag k="maxspeed" v="20 mph"/>
    <tag k="maxweightrating" v="7.5"/>
    <tag k="name" v="Garlick Hill"/>
    <tag k="oneway" v="yes"/>
    <tag k="oneway:bicycle" v="no"/>
    <tag k="postal_code" v="EC4"/>
    <tag k="ref:GB:usrn" v="8100588"/>
    <tag k="sidewalk:both" v="separate"/>
    <tag k="source:cycleway" v="http://www.cityoflondon.gov.uk/services/transport-and-streets/traffic-management/Pages/contra-flow-cycling.aspx"/>
    <tag k="source:name" v="local knowledge"/>
    <tag k="surface" v="asphalt"/>
  </way>
  <way id="975142230">
    <nd ref="25161366"/>
    <nd ref="13019187885"/>
    <nd ref="2387209415"/>
    <nd ref="9024139133"/>
    <tag k="cycleway:right" v="lane"/>
    <tag k="cycleway:right:oneway" v="-1"/>
    <tag k="highway" v="residential"/>
    <tag k="lanes" v="1"/>
    <tag k="lit" v="yes"/>
    <tag k="maxspeed" v="20 mph"/>
    <tag k="maxweightrating" v="7.5"/>
    <tag k="name" v="Garlick Hill"/>
    <tag k="oneway" v="yes"/>
    <tag k="oneway:bicycle" v="no"/>
    <tag k="postal_code" v="EC4"/>
    <tag k="ref:GB:usrn" v="8100588"/>
    <tag k="sidewalk:both" v="separate"/>
    <tag k="source:cycleway" v="http://www.cityoflondon.gov.uk/services/transport-and-streets/traffic-management/Pages/contra-flow-cycling.aspx"/>
    <tag k="source:name" v="local knowledge"/>
    <tag k="surface" v="asphalt"/>
  </way>
  <way id="975512353">
    <nd ref="9027328316"/>
    <nd ref="9027342517"/>
    <tag k="footway" v="traffic_island"/>
    <tag k="highway" v="footway"/>
    <tag k="surface" v="asphalt"/>
  </way>
  <way id="975841622">
    <nd ref="9030029183"/>
    <nd ref="109414"/>
    <tag k="bus" v="yes"/>
    <tag k="cycleway:both" v="no"/>
    <tag k="highway" v="primary"/>
    <tag k="lanes" v="2"/>
    <tag k="lit" v="yes"/>
    <tag k="maxspeed" v="20 mph"/>
    <tag k="motor_vehicle:conditional" v="no @ (Mo-Fr 07:00-19:00)"/>
    <tag k="name" v="Gracechurch Street"/>
    <tag k="note" v="white signed south of ring road"/>
    <tag k="operator" v="Transport for London"/>
    <tag k="postal_code" v="EC3"/>
    <tag k="ref" v="A1213"/>
    <tag k="sidewalk" v="both"/>
    <tag k="smoothness" v="good"/>
    <tag k="surface" v="asphalt"/>
  </way>
  <way id="975844655">
    <nd ref="6985373980"/>
    <nd ref="1782718792"/>
    <nd ref="6985379286"/>
    <tag k="highway" v="tertiary"/>
    <tag k="lanes" v="2"/>
    <tag k="lit" v="yes"/>
    <tag k="maxspeed" v="20 mph"/>
    <tag k="name" v="Lothbury"/>
    <tag k="sidewalk:both" v="separate"/>
    <tag k="surface" v="asphalt"/>
  </way>
  <way id="975844656">
    <nd ref="6985379285"/>
    <nd ref="6985373980"/>
    <tag k="cycleway:left" v="lane"/>
    <tag k="highway" v="tertiary"/>
    <tag k="lanes" v="2"/>
    <tag k="lit" v="yes"/>
    <tag k="maxspeed" v="20 mph"/>
    <tag k="name" v="Lothbury"/>
    <tag k="sidewalk:both" v="separate"/>
    <tag k="surface" v="asphalt"/>
  </way>
  <way id="975850165">
    <nd ref="6985373982"/>
    <nd ref="9030155749"/>
    <tag k="cycleway:right" v="lane"/>
    <tag k="highway" v="tertiary"/>
    <tag k="lanes" v="2"/>
    <tag k="lit" v="yes"/>
    <tag k="maxspeed" v="20 mph"/>
    <tag k="name" v="Moorgate"/>
    <tag k="sidewalk:both" v="separate"/>
    <tag k="source:name" v="local knowledge"/>
    <tag k="surface" v="asphalt"/>
  </way>
  <way id="975850167">
    <nd ref="21307200"/>
    <nd ref="9030155753"/>
    <tag k="cycleway:both" v="no"/>
    <tag k="highway" v="unclassified"/>
    <tag k="lanes" v="1"/>
    <tag k="lit" v="yes"/>
    <tag k="maxspeed" v="20 mph"/>
    <tag k="name" v="Coleman Street"/>
    <tag k="oneway" v="yes"/>
    <tag k="oneway:bicycle" v="no"/>
    <tag k="postal_code" v="EC2"/>
    <tag k="ref:GB:usrn" v="8100141"/>
    <tag k="sidewalk:both" v="separate"/>
    <tag k="surface" v="asphalt"/>
    <tag k="wikidata" v="Q28846054"/>
  </way>
  <way id="975850168">
    <nd ref="9030155754"/>
    <nd ref="21990628"/>
    <nd ref="8923643490"/>
    <tag k="cycleway" v="lane"/>
    <tag k="highway" v="tertiary"/>
    <tag k="lit" v="yes"/>
    <tag k="maxspeed" v="20 mph"/>
    <tag k="name" v="Moorgate"/>
    <tag k="sidewalk:both" v="separate"/>
    <tag k="source:name" v="local knowledge"/>
    <tag k="surface" v="asphalt"/>
  </way>
  <way id="975852292">
    <nd ref="2961557"/>
    <nd ref="9030155653"/>
    <tag k="access" v="yes"/>
    <tag k="bicycle" v="yes"/>
    <tag k="foot" v="yes"/>
    <tag k="highway" v="tertiary"/>
    <tag k="horse" v="yes"/>
    <tag k="lit" v="yes"/>
    <tag k="maxspeed" v="20 mph"/>
    <tag k="motor_vehicle" v="yes"/>
    <tag k="name" v="Lombard Street"/>
    <tag k="note" v="Not tertiary because of one-way"/>
    <tag k="oneway" v="yes"/>
    <tag k="oneway:bicycle" v="no"/>
    <tag k="sidewalk" v="both"/>
    <tag k="source:name" v="local knowledge"/>
    <tag k="surface" v="asphalt"/>
    <tag k="wikidata" v="Q1432321"/>
    <tag k="wikipedia" v="en:Lombard Street, London"/>
  </way>
  <way id="975852293">
    <nd ref="9030155654"/>
    <nd ref="24950107"/>
    <tag k="access" v="yes"/>
    <tag k="bicycle" v="yes"/>
    <tag k="cycleway" v="opposite"/>
    <tag k="foot" v="yes"/>
    <tag k="highway" v="tertiary"/>
    <tag k="horse" v="yes"/>
    <tag k="lane_markings" v="no"/>
    <tag k="lit" v="yes"/>
    <tag k="maxspeed" v="20 mph"/>
    <tag k="motor_vehicle" v="yes"/>
    <tag k="name" v="Lombard Street"/>
    <tag k="note" v="Not tertiary because of one-way"/>
    <tag k="oneway" v="yes"/>
    <tag k="oneway:bicycle" v="no"/>
    <tag k="sidewalk" v="both"/>
    <tag k="source:name" v="local knowledge"/>
    <tag k="source:width" v="ARCore"/>
    <tag k="surface" v="asphalt"/>
    <tag k="width" v="5.2"/>
    <tag k="wikidata" v="Q1432321"/>
    <tag k="wikipedia" v="en:Lombard Street, London"/>
  </way>
  <way id="977093939">
    <nd ref="18393873"/>
    <nd ref="9042027865"/>
    <tag k="cyclestreets_id" v="173568"/>
    <tag k="cycleway:both" v="no"/>
    <tag k="highway" v="residential"/>
    <tag k="lanes" v="1"/>
    <tag k="lit" v="yes"/>
    <tag k="maxspeed" v="20 mph"/>
    <tag k="name" v="Old Jewry"/>
    <tag k="oneway" v="yes"/>
    <tag k="oneway:bicycle" v="no"/>
    <tag k="postal_code" v="EC2"/>
    <tag k="ref:GB:usrn" v="8100397"/>
    <tag k="sidewalk:both" v="separate"/>
    <tag k="source:name" v="local knowledge"/>
    <tag k="surface" v="asphalt"/>
    <tag k="wikidata" v="Q7084306"/>
  </way>
  <way id="977094021">
    <nd ref="7836155864"/>
    <nd ref="9042026424"/>
    <tag k="cycleway:right" v="lane"/>
    <tag k="highway" v="tertiary"/>
    <tag k="lanes" v="2"/>
    <tag k="lit" v="yes"/>
    <tag k="maxspeed" v="20 mph"/>
    <tag k="name" v="Gresham Street"/>
    <tag k="name:etymology:wikidata" v="Q318673"/>
    <tag k="postal_code" v="EC2"/>
    <tag k="ref:GB:usrn" v="8100255"/>
    <tag k="sidewalk:both" v="separate"/>
    <tag k="source:name" v="local knowledge"/>
    <tag k="surface" v="asphalt"/>
    <tag k="wikidata" v="Q5607603"/>
  </way>
  <way id="977094516">
    <nd ref="9042041321"/>
    <nd ref="11081568982"/>
    <nd ref="9042041320"/>
    <tag k="cycleway:right" v="lane"/>
    <tag k="cycleway:right:oneway" v="-1"/>
    <tag k="highway" v="unclassified"/>
    <tag k="lanes" v="1"/>
    <tag k="lit" v="yes"/>
    <tag k="maxspeed" v="20 mph"/>
    <tag k="name" v="Basinghall Street"/>
    <tag k="oneway" v="yes"/>
    <tag k="oneway:bicycle" v="no"/>
    <tag k="postal_code" v="EC2"/>
    <tag k="ref:GB:usrn" v="8100044"/>
    <tag k="sidewalk:both" v="separate"/>
    <tag k="wikidata" v="Q4867514"/>
  </way>
  <way id="977094517">
    <nd ref="9042041320"/>
    <nd ref="28800667"/>
    <tag k="cycleway" v="opposite"/>
    <tag k="highway" v="unclassified"/>
    <tag k="lanes" v="1"/>
    <tag k="lit" v="yes"/>
    <tag k="maxspeed" v="20 mph"/>
    <tag k="name" v="Basinghall Street"/>
    <tag k="oneway" v="yes"/>
    <tag k="oneway:bicycle" v="no"/>
    <tag k="postal_code" v="EC2"/>
    <tag k="ref:GB:usrn" v="8100044"/>
    <tag k="sidewalk:both" v="separate"/>
    <tag k="wikidata" v="Q4867514"/>
  </way>
  <way id="977095714">
    <nd ref="9042053624"/>
    <nd ref="9030155754"/>
    <tag k="cycleway:left" v="lane"/>
    <tag k="cycleway:right" v="lane"/>
    <tag k="highway" v="tertiary"/>
    <tag k="lanes" v="2"/>
    <tag k="lit" v="yes"/>
    <tag k="maxspeed" v="20 mph"/>
    <tag k="name" v="Moorgate"/>
    <tag k="sidewalk:both" v="separate"/>
    <tag k="source:name" v="local knowledge"/>
    <tag k="surface" v="asphalt"/>
  </way>
  <way id="977104958">
    <nd ref="7836155865"/>
    <nd ref="1312264648"/>
    <nd ref="9042133642"/>
    <tag k="cycleway:right" v="lane"/>
    <tag k="highway" v="tertiary"/>
    <tag k="lanes" v="2"/>
    <tag k="lit" v="yes"/>
    <tag k="maxspeed" v="20 mph"/>
    <tag k="name" v="Gresham Street"/>
    <tag k="name:etymology:wikidata" v="Q318673"/>
    <tag k="postal_code" v="EC2"/>
    <tag k="ref:GB:usrn" v="8100255"/>
    <tag k="sidewalk:both" v="separate"/>
    <tag k="source:name" v="local knowledge"/>
    <tag k="surface" v="asphalt"/>
    <tag k="wikidata" v="Q5607603"/>
  </way>
  <way id="977104959">
    <nd ref="10677375"/>
    <nd ref="11208397659"/>
    <nd ref="1782724125"/>
    <nd ref="7836155865"/>
    <tag k="highway" v="tertiary"/>
    <tag k="lanes" v="2"/>
    <tag k="lit" v="yes"/>
    <tag k="maxspeed" v="20 mph"/>
    <tag k="name" v="Gresham Street"/>
    <tag k="name:etymology:wikidata" v="Q318673"/>
    <tag k="postal_code" v="EC2"/>
    <tag k="ref:GB:usrn" v="8100255"/>
    <tag k="sidewalk:both" v="separate"/>
    <tag k="source:name" v="local knowledge"/>
    <tag k="surface" v="asphalt"/>
    <tag k="wikidata" v="Q5607603"/>
  </way>
  <way id="977105112">
    <nd ref="7836155867"/>
    <nd ref="1718328435"/>
    <nd ref="7836155868"/>
    <nd ref="7836155870"/>
    <tag k="cycleway:right" v="lane"/>
    <tag k="cycleway:right:oneway" v="-1"/>
    <tag k="highway" v="tertiary"/>
    <tag k="lit" v="yes"/>
    <tag k="maxspeed" v="20 mph"/>
    <tag k="name" v="King Street"/>
    <tag k="name:etymology:wikidata" v="Q122553"/>
    <tag k="oneway" v="yes"/>
    <tag k="oneway:bicycle" v="no"/>
    <tag k="postal_code" v="EC2"/>
    <tag k="ref:GB:usrn" v="8100301"/>
    <tag k="sidewalk:both" v="separate"/>
    <tag k="source:name" v="local knowledge"/>
    <tag k="surface" v="asphalt"/>
    <tag k="wikidata" v="Q65925639"/>
  </way>
  <way id="1028138679">
    <nd ref="24949780"/>
    <nd ref="13238175755"/>
    <tag k="crossing" v="unmarked"/>
    <tag k="crossing:markings" v="no"/>
    <tag k="footway" v="crossing"/>
    <tag k="highway" v="footway"/>
    <tag k="surface" v="paving_stones"/>
  </way>
  <way id="1028138680">
    <nd ref="9476618296"/>
    <nd ref="11083872815"/>
    <nd ref="9476618295"/>
    <nd ref="24949783"/>
    <tag k="highway" v="footway"/>
    <tag k="name" v="St Stephen's Row"/>
    <tag k="surface" v="paved"/>
  </way>
  <way id="1053802070">
    <nd ref="7840711614"/>
    <nd ref="8869435267"/>
    <nd ref="12027313108"/>
    <tag k="cycleway:right" v="lane"/>
    <tag k="cycleway:right:oneway" v="-1"/>
    <tag k="highway" v="residential"/>
    <tag k="lanes" v="1"/>
    <tag k="lit" v="yes"/>
    <tag k="maxspeed" v="20 mph"/>
    <tag k="name" v="Old Jewry"/>
    <tag k="oneway" v="yes"/>
    <tag k="oneway:bicycle" v="no"/>
    <tag k="postal_code" v="EC2"/>
    <tag k="ref:GB:usrn" v="8100397"/>
    <tag k="sidewalk:both" v="separate"/>
    <tag k="source:name" v="local knowledge"/>
    <tag k="surface" v="paving_stones"/>
    <tag k="wikidata" v="Q7084306"/>
  </way>
  <way id="1054588352">
    <nd ref="2387226309"/>
    <nd ref="9691082671"/>
    <tag k="cycleway:both" v="no"/>
    <tag k="highway" v="unclassified"/>
    <tag k="lanes" v="1"/>
    <tag k="lit" v="yes"/>
    <tag k="maxspeed" v="20 mph"/>
    <tag k="name" v="Bucklersbury"/>
    <tag k="oneway" v="yes"/>
    <tag k="oneway:bicycle" v="no"/>
    <tag k="surface" v="sett"/>
  </way>
  <way id="1054588353">
    <nd ref="9691082671"/>
    <nd ref="2387226307"/>
    <nd ref="11083837085"/>
    <nd ref="2387226304"/>
    <tag k="cycleway:right" v="lane"/>
    <tag k="cycleway:right:oneway" v="-1"/>
    <tag k="highway" v="unclassified"/>
    <tag k="lanes" v="1"/>
    <tag k="lit" v="yes"/>
    <tag k="maxspeed" v="20 mph"/>
    <tag k="name" v="Bucklersbury"/>
    <tag k="oneway" v="yes"/>
    <tag k="oneway:bicycle" v="no"/>
    <tag k="surface" v="sett"/>
  </way>
  <way id="1054588567">
    <nd ref="9691101411"/>
    <nd ref="25161357"/>
    <tag k="cycleway" v="opposite"/>
    <tag k="highway" v="unclassified"/>
    <tag k="lit" v="yes"/>
    <tag k="maxspeed" v="20 mph"/>
    <tag k="name" v="Cloak Lane"/>
    <tag k="oneway" v="yes"/>
    <tag k="oneway:bicycle" v="no"/>
    <tag k="postal_code" v="EC4"/>
    <tag k="ref:GB:usrn" v="8100134"/>
    <tag k="sidewalk:both" v="separate"/>
    <tag k="source:name" v="local knowledge"/>
    <tag k="surface" v="paving_stones"/>
    <tag k="wikidata" v="Q65924276"/>
  </way>
  <way id="1054934952">
    <nd ref="9693920794"/>
    <nd ref="24660863"/>
    <tag k="cycleway" v="opposite"/>
    <tag k="highway" v="unclassified"/>
    <tag k="lane_markings" v="no"/>
    <tag k="lit" v="yes"/>
    <tag k="maxspeed" v="20 mph"/>
    <tag k="name" v="Nicholas Lane"/>
    <tag k="oneway" v="yes"/>
    <tag k="oneway:bicycle" v="no"/>
    <tag k="sidewalk" v="both"/>
    <tag k="surface" v="asphalt"/>
  </way>
  <way id="1054934953">
    <nd ref="9693920795"/>
    <nd ref="9693920794"/>
    <tag k="cycleway:right" v="lane"/>
    <tag k="cycleway:right:oneway" v="-1"/>
    <tag k="highway" v="unclassified"/>
    <tag k="lane_markings" v="no"/>
    <tag k="lit" v="yes"/>
    <tag k="maxspeed" v="20 mph"/>
    <tag k="name" v="Nicholas Lane"/>
    <tag k="oneway" v="yes"/>
    <tag k="oneway:bicycle" v="no"/>
    <tag k="sidewalk" v="both"/>
    <tag k="surface" v="asphalt"/>
  </way>
  <way id="1054934955">
    <nd ref="9693920798"/>
    <nd ref="9693920799"/>
    <tag k="highway" v="service"/>
    <tag k="service" v="driveway"/>
    <tag k="surface" v="asphalt"/>
    <tag k="tunnel" v="building_passage"/>
  </way>
  <way id="1054934956">
    <nd ref="9693920799"/>
    <nd ref="9693920800"/>
    <nd ref="12905474493"/>
    <tag k="highway" v="service"/>
    <tag k="service" v="driveway"/>
    <tag k="surface" v="asphalt"/>
  </way>
  <way id="1054934957">
    <nd ref="24660863"/>
    <nd ref="13816415627"/>
    <nd ref="9693920798"/>
    <tag k="highway" v="service"/>
    <tag k="service" v="driveway"/>
    <tag k="surface" v="asphalt"/>
  </way>
  <way id="1054935424">
    <nd ref="9693730842"/>
    <nd ref="316763513"/>
    <tag k="cycleway:both" v="no"/>
    <tag k="highway" v="unclassified"/>
    <tag k="lanes" v="1"/>
    <tag k="maxspeed" v="20 mph"/>
    <tag k="name" v="Trump Street"/>
    <tag k="oneway" v="yes"/>
    <tag k="oneway:bicycle" v="no"/>
    <tag k="postal_code" v="EC2"/>
    <tag k="ref:GB:usrn" v="8100541"/>
    <tag k="sidewalk:both" v="separate"/>
    <tag k="surface" v="asphalt"/>
    <tag k="wikidata" v="Q47158155"/>
  </way>
  <way id="1054956648">
    <nd ref="9694072864"/>
    <nd ref="12906315023"/>
    <nd ref="1566269623"/>
    <nd ref="9030029183"/>
    <tag k="access" v="yes"/>
    <tag k="bicycle" v="yes"/>
    <tag k="cycleway" v="opposite"/>
    <tag k="foot" v="yes"/>
    <tag k="highway" v="tertiary"/>
    <tag k="horse" v="yes"/>
    <tag k="lanes" v="2"/>
    <tag k="lit" v="yes"/>
    <tag k="maxspeed" v="20 mph"/>
    <tag k="motor_vehicle" v="yes"/>
    <tag k="name" v="Lombard Street"/>
    <tag k="note" v="Not tertiary because of one-way"/>
    <tag k="oneway" v="yes"/>
    <tag k="oneway:bicycle" v="no"/>
    <tag k="sidewalk:left" v="separate"/>
    <tag k="sidewalk:right" v="yes"/>
    <tag k="smoothness" v="good"/>
    <tag k="source:name" v="local knowledge"/>
    <tag k="surface" v="asphalt"/>
    <tag k="wikidata" v="Q1432321"/>
    <tag k="wikipedia" v="en:Lombard Street, London"/>
  </way>
  <way id="1056766259">
    <nd ref="250549587"/>
    <nd ref="20458273"/>
    <nd ref="20458275"/>
    <nd ref="8868194778"/>
    <nd ref="1571298192"/>
    <nd ref="8868194757"/>
    <nd ref="9710348827"/>
    <tag k="disused:oneway:bicycle" v="no"/>
    <tag k="highway" v="unclassified"/>
    <tag k="lit" v="yes"/>
    <tag k="maxspeed" v="20 mph"/>
    <tag k="name" v="Old Broad Street"/>
    <tag k="oneway" v="yes"/>
    <tag k="postal_code" v="EC2"/>
    <tag k="ref:GB:usrn" v="8100395"/>
    <tag k="sidewalk:both" v="separate"/>
    <tag k="sidewalk:both:surface" v="paving_stones"/>
    <tag k="surface" v="asphalt"/>
    <tag k="was:cycleway:right" v="track"/>
    <tag k="was:cycleway:right:oneway" v="-1"/>
    <tag k="was:highway" v="tertiary"/>
  </way>
  <way id="1056766260">
    <nd ref="9710348827"/>
    <nd ref="21990624"/>
    <nd ref="4835108999"/>
    <nd ref="250327100"/>
    <nd ref="21990625"/>
    <nd ref="2003007012"/>
    <nd ref="4835108998"/>
    <nd ref="9710348828"/>
    <tag k="disused:oneway:bicycle" v="no"/>
    <tag k="highway" v="unclassified"/>
    <tag k="lit" v="yes"/>
    <tag k="maxspeed" v="20 mph"/>
    <tag k="name" v="Old Broad Street"/>
    <tag k="oneway" v="yes"/>
    <tag k="postal_code" v="EC2"/>
    <tag k="ref:GB:usrn" v="8100395"/>
    <tag k="sidewalk:both" v="separate"/>
    <tag k="sidewalk:both:surface" v="paving_stones"/>
    <tag k="surface" v="asphalt"/>
    <tag k="was:cycleway:right" v="lane"/>
    <tag k="was:cycleway:right:oneway" v="-11"/>
    <tag k="was:highway" v="tertiary"/>
  </way>
  <way id="1056766391">
    <nd ref="9710348828"/>
    <nd ref="3334162601"/>
    <nd ref="250325411"/>
    <nd ref="9710304459"/>
    <tag k="disused:oneway:bicycle" v="no"/>
    <tag k="highway" v="unclassified"/>
    <tag k="lit" v="yes"/>
    <tag k="maxspeed" v="20 mph"/>
    <tag k="name" v="Old Broad Street"/>
    <tag k="oneway" v="yes"/>
    <tag k="postal_code" v="EC2"/>
    <tag k="ref:GB:usrn" v="8100395"/>
    <tag k="sidewalk:both" v="separate"/>
    <tag k="sidewalk:both:surface" v="paving_stones"/>
    <tag k="surface" v="asphalt"/>
    <tag k="was:cycleway:right" v="track"/>
    <tag k="was:cycleway:right:oneway" v="-1"/>
    <tag k="was:highway" v="tertiary"/>
  </way>
  <way id="1065083427">
    <nd ref="9781190365"/>
    <nd ref="7836155869"/>
    <nd ref="1782725824"/>
    <tag k="cycleway" v="no"/>
    <tag k="highway" v="tertiary"/>
    <tag k="lanes" v="2"/>
    <tag k="lit" v="yes"/>
    <tag k="maxspeed" v="20 mph"/>
    <tag k="name" v="Queen Street"/>
    <tag k="name:etymology:wikidata" v="Q176253"/>
    <tag k="postal_code" v="EC4"/>
    <tag k="sidewalk:both" v="separate"/>
    <tag k="surface" v="asphalt"/>
  </way>
  <way id="1065083428">
    <nd ref="104322"/>
    <nd ref="11081617026"/>
    <nd ref="10866470008"/>
    <nd ref="7836164765"/>
    <tag k="bicycle" v="yes"/>
    <tag k="highway" v="unclassified"/>
    <tag k="lanes" v="2"/>
    <tag k="lit" v="yes"/>
    <tag k="maxspeed" v="20 mph"/>
    <tag k="name" v="Cheapside"/>
    <tag k="oneway" v="no"/>
    <tag k="postal_code" v="EC2"/>
    <tag k="sidewalk:both" v="separate"/>
    <tag k="surface" v="asphalt"/>
    <tag k="was:highway" v="tertiary"/>
    <tag k="wikidata" v="Q1068693"/>
  </way>
  <way id="1065083429">
    <nd ref="1782718791"/>
    <nd ref="6985373983"/>
    <tag k="foot" v="yes"/>
    <tag k="highway" v="tertiary"/>
    <tag k="lanes" v="2"/>
    <tag k="lit" v="yes"/>
    <tag k="maxspeed" v="20 mph"/>
    <tag k="name" v="Princes Street"/>
    <tag k="not:name" v="Prince's Street"/>
    <tag k="oneway" v="no"/>
    <tag k="proposed:highway" v="service"/>
    <tag k="proposed:oneway" v="yes"/>
    <tag k="proposed:oneway:bicycle" v="no"/>
    <tag k="proposed:oneway:bus" v="no"/>
    <tag k="sidewalk:both" v="separate"/>
    <tag k="surface" v="asphalt"/>
  </way>
  <way id="1065083430">
    <nd ref="10677374"/>
    <nd ref="1312264610"/>
    <nd ref="1782718791"/>
    <tag k="foot" v="yes"/>
    <tag k="highway" v="tertiary"/>
    <tag k="lane_markings" v="yes"/>
    <tag k="lanes" v="2"/>
    <tag k="lit" v="yes"/>
    <tag k="maxspeed" v="20 mph"/>
    <tag k="name" v="Princes Street"/>
    <tag k="not:name" v="Prince's Street"/>
    <tag k="oneway" v="no"/>
    <tag k="proposed:highway" v="service"/>
    <tag k="proposed:oneway" v="yes"/>
    <tag k="proposed:oneway:bicycle" v="no"/>
    <tag k="proposed:oneway:bus" v="no"/>
    <tag k="sidewalk:both" v="separate"/>
    <tag k="source:name" v="local knowledge;street sign;web"/>
    <tag k="surface" v="asphalt"/>
  </way>
  <way id="1065083431">
    <nd ref="107587"/>
    <nd ref="1678245252"/>
    <tag k="disused:oneway" v="no"/>
    <tag k="highway" v="tertiary"/>
    <tag k="lanes" v="2"/>
    <tag k="lanes:backward" v="1"/>
    <tag k="lanes:forward" v="1"/>
    <tag k="lit" v="yes"/>
    <tag k="maxspeed" v="20 mph"/>
    <tag k="name" v="Leadenhall Street"/>
    <tag k="old_ref" v="A11"/>
    <tag k="oneway" v="no"/>
    <tag k="postal_code" v="EC3"/>
    <tag k="sidewalk:both" v="separate"/>
    <tag k="surface" v="asphalt"/>
    <tag k="wikidata" v="Q866797"/>
    <tag k="wikipedia" v="en:Leadenhall Street"/>
  </way>
  <way id="1065083432">
    <nd ref="9781190367"/>
    <nd ref="3381130091"/>
    <nd ref="1782717878"/>
    <tag k="bicycle" v="yes"/>
    <tag k="bus" v="yes"/>
    <tag k="cycleway:left" v="lane"/>
    <tag k="highway" v="tertiary"/>
    <tag k="lanes" v="2"/>
    <tag k="lit" v="yes"/>
    <tag k="maxspeed" v="20 mph"/>
    <tag k="name" v="Cornhill"/>
    <tag k="operator" v="City of London"/>
    <tag k="operator:wikidata" v="Q1094147"/>
    <tag k="postal_code" v="EC3"/>
    <tag k="sidewalk:both" v="separate"/>
    <tag k="smoothness" v="good"/>
    <tag k="surface" v="asphalt"/>
    <tag k="taxi" v="yes"/>
    <tag k="vehicle:conditional" v="no @ (Mo-Fr 07:00-19:00)"/>
    <tag k="wikidata" v="Q28846065"/>
  </way>
  <way id="1065083433">
    <nd ref="107587"/>
    <nd ref="4688513237"/>
    <nd ref="3381130087"/>
    <tag k="bus" v="yes"/>
    <tag k="highway" v="primary"/>
    <tag k="lane_markings" v="no"/>
    <tag k="lanes:backward" v="1"/>
    <tag k="lanes:forward" v="1"/>
    <tag k="lit" v="yes"/>
    <tag k="maxspeed" v="20 mph"/>
    <tag k="motor_vehicle:conditional" v="no @ (Mo-Fr 07:00-19:00)"/>
    <tag k="name" v="Gracechurch Street"/>
    <tag k="operator" v="Transport for London"/>
    <tag k="operator:wikidata" v="Q682520"/>
    <tag k="postal_code" v="EC3"/>
    <tag k="ref" v="A1213"/>
    <tag k="sidewalk:both" v="separate"/>
    <tag k="surface" v="asphalt"/>
    <tag k="wikidata" v="Q5591440"/>
  </way>
  <way id="1065083434">
    <nd ref="3381130087"/>
    <nd ref="3381130086"/>
    <nd ref="9781190368"/>
    <tag k="bus" v="yes"/>
    <tag k="cycleway:right" v="lane"/>
    <tag k="highway" v="primary"/>
    <tag k="lanes" v="2"/>
    <tag k="lit" v="yes"/>
    <tag k="maxspeed" v="20 mph"/>
    <tag k="motor_vehicle:conditional" v="no @ (Mo-Fr 07:00-19:00)"/>
    <tag k="name" v="Gracechurch Street"/>
    <tag k="operator" v="Transport for London"/>
    <tag k="operator:wikidata" v="Q682520"/>
    <tag k="postal_code" v="EC3"/>
    <tag k="ref" v="A1213"/>
    <tag k="sidewalk:both" v="separate"/>
    <tag k="smoothness" v="excellent"/>
    <tag k="surface" v="asphalt"/>
    <tag k="wikidata" v="Q5591440"/>
  </way>
  <way id="1065083435">
    <nd ref="5334625293"/>
    <nd ref="7797731342"/>
    <tag k="bus" v="yes"/>
    <tag k="cycleway:both" v="no"/>
    <tag k="highway" v="primary"/>
    <tag k="lanes" v="2"/>
    <tag k="lit" v="yes"/>
    <tag k="maxspeed" v="20 mph"/>
    <tag k="motor_vehicle:conditional" v="no @ (Mo-Fr 07:00-19:00)"/>
    <tag k="name" v="Gracechurch Street"/>
    <tag k="operator" v="Transport for London"/>
    <tag k="operator:wikidata" v="Q682520"/>
    <tag k="postal_code" v="EC3"/>
    <tag k="ref" v="A1213"/>
    <tag k="sidewalk:left" v="yes"/>
    <tag k="sidewalk:left:surface" v="paving_stones"/>
    <tag k="sidewalk:right" v="separate"/>
    <tag k="smoothness" v="excellent"/>
    <tag k="surface" v="asphalt"/>
    <tag k="wikidata" v="Q5591440"/>
  </way>
  <way id="1065083436">
    <nd ref="7797731342"/>
    <nd ref="5334625292"/>
    <nd ref="12754694104"/>
    <nd ref="9030029183"/>
    <tag k="bus" v="yes"/>
    <tag k="cycleway:both" v="no"/>
    <tag k="highway" v="primary"/>
    <tag k="lanes" v="2"/>
    <tag k="lit" v="yes"/>
    <tag k="maxspeed" v="20 mph"/>
    <tag k="motor_vehicle:conditional" v="no @ (Mo-Fr 07:00-19:00)"/>
    <tag k="name" v="Gracechurch Street"/>
    <tag k="operator" v="Transport for London"/>
    <tag k="operator:wikidata" v="Q682520"/>
    <tag k="postal_code" v="EC3"/>
    <tag k="ref" v="A1213"/>
    <tag k="sidewalk:left" v="yes"/>
    <tag k="sidewalk:right" v="separate"/>
    <tag k="smoothness" v="good"/>
    <tag k="surface" v="asphalt"/>
    <tag k="wikidata" v="Q5591440"/>
  </way>
  <way id="1065083437">
    <nd ref="24950115"/>
    <nd ref="25161363"/>
    <tag k="cycleway:left" v="lane"/>
    <tag k="highway" v="tertiary"/>
    <tag k="lanes" v="2"/>
    <tag k="lit" v="yes"/>
    <tag k="maxspeed" v="20 mph"/>
    <tag k="name" v="Cannon Street"/>
    <tag k="postal_code" v="EC4"/>
    <tag k="sidewalk:both" v="separate"/>
    <tag k="surface" v="asphalt"/>
    <tag k="wikidata" v="Q2936432"/>
    <tag k="wikipedia" v="en:Cannon Street"/>
  </way>
  <way id="1065083438">
    <nd ref="4077593104"/>
    <nd ref="24950113"/>
    <nd ref="13078457363"/>
    <tag k="cycleway:left" v="lane"/>
    <tag k="disused:cycleway:left" v="lane"/>
    <tag k="highway" v="tertiary"/>
    <tag k="lanes" v="2"/>
    <tag k="lit" v="yes"/>
    <tag k="maxspeed" v="20 mph"/>
    <tag k="name" v="King William Street"/>
    <tag k="name:etymology:wikidata" v="Q130822"/>
    <tag k="oneway" v="yes"/>
    <tag k="oneway:bicycle" v="no"/>
    <tag k="sidewalk:both" v="separate"/>
    <tag k="surface" v="asphalt"/>
    <tag k="wikidata" v="Q3197044"/>
  </way>
  <way id="1065083439">
    <nd ref="4867087535"/>
    <nd ref="9027328313"/>
    <nd ref="8807431535"/>
    <nd ref="24950114"/>
    <tag k="bus" v="yes"/>
    <tag k="cycleway:right" v="lane"/>
    <tag k="disused:cycleway:left" v="lane"/>
    <tag k="highway" v="tertiary"/>
    <tag k="lanes" v="2"/>
    <tag k="lit" v="yes"/>
    <tag k="maxspeed" v="20 mph"/>
    <tag k="motor_vehicle" v="delivery"/>
    <tag k="motor_vehicle:conditional" v="yes @ 19:00-07:00"/>
    <tag k="name" v="King William Street"/>
    <tag k="name:etymology:wikidata" v="Q130822"/>
    <tag k="oneway" v="no"/>
    <tag k="oneway:bicycle" v="no"/>
    <tag k="sidewalk:both" v="separate"/>
    <tag k="surface" v="asphalt"/>
    <tag k="wikidata" v="Q3197044"/>
  </way>
  <way id="1065083440">
    <nd ref="11938289365"/>
    <nd ref="12013026827"/>
    <nd ref="11938289364"/>
    <nd ref="11726398027"/>
    <nd ref="3499500263"/>
    <nd ref="9781190369"/>
    <nd ref="11872569330"/>
    <nd ref="11867419173"/>
    <nd ref="11848430375"/>
    <nd ref="212916714"/>
    <nd ref="11828797574"/>
    <nd ref="11828797573"/>
    <nd ref="7223326408"/>
    <nd ref="12158663417"/>
    <tag k="est_width" v="4"/>
    <tag k="foot" v="no"/>
    <tag k="highway" v="cycleway"/>
    <tag k="lit" v="yes"/>
    <tag k="name" v="Threadneedle Street"/>
    <tag k="note" v="Photo at https://x.com/PauloCampbell/status/1810945614999388653"/>
    <tag k="oneway" v="no"/>
    <tag k="sidewalk:both" v="separate"/>
    <tag k="surface" v="paving_stones"/>
  </way>
  <way id="1068540406">
    <nd ref="5565443389"/>
    <nd ref="9808795604"/>
    <tag k="cycleway:left" v="track"/>
    <tag k="cycleway:right" v="lane"/>
    <tag k="highway" v="tertiary"/>
    <tag k="lit" v="yes"/>
    <tag k="maxspeed" v="20 mph"/>
    <tag k="name" v="Moorgate"/>
    <tag k="sidewalk:both" v="separate"/>
    <tag k="surface" v="asphalt"/>
  </way>
  <way id="1113206897">
    <nd ref="10184827424"/>
    <nd ref="9856119649"/>
    <nd ref="12905496431"/>
    <nd ref="10184827425"/>
    <tag k="highway" v="residential"/>
    <tag k="maxspeed" v="20 mph"/>
    <tag k="name" v="Martin Lane"/>
    <tag k="name:etymology:wikidata" v="Q7594213"/>
    <tag k="note" v="Martin House on this road is number 5, while the Old Wine Shades pub round the corner is number 6 Martin Lane."/>
    <tag k="source:name" v="local knowledge"/>
    <tag k="surface" v="paving_stones"/>
  </way>
  <way id="1113206899">
    <nd ref="10184827425"/>
    <nd ref="25161363"/>
    <tag k="highway" v="residential"/>
    <tag k="maxspeed" v="20 mph"/>
    <tag k="name" v="Martin Lane"/>
    <tag k="name:etymology:wikidata" v="Q7594213"/>
    <tag k="note" v="Martin House on this road is number 5, while the Old Wine Shades pub round the corner is number 6 Martin Lane."/>
    <tag k="source:name" v="local knowledge"/>
    <tag k="surface" v="asphalt"/>
  </way>
  <way id="1127512827">
    <nd ref="4830306812"/>
    <nd ref="11083837087"/>
    <nd ref="13513244865"/>
    <tag k="footway" v="sidewalk"/>
    <tag k="highway" v="footway"/>
    <tag k="lit" v="yes"/>
  </way>
  <way id="1134399790">
    <nd ref="10575609205"/>
    <nd ref="255700677"/>
    <tag k="foot" v="yes"/>
    <tag k="highway" v="footway"/>
    <tag k="name" v="Tokenhouse Yard"/>
    <tag k="surface" v="paving_stones"/>
  </way>
  <way id="1134399791">
    <nd ref="213672005"/>
    <nd ref="10575609206"/>
    <tag k="foot" v="yes"/>
    <tag k="highway" v="footway"/>
    <tag k="name" v="Tokenhouse Yard"/>
    <tag k="surface" v="paving_stones"/>
  </way>
  <way id="1137466217">
    <nd ref="11340458605"/>
    <nd ref="1733389278"/>
    <tag k="emergency" v="yes"/>
    <tag k="foot" v="no"/>
    <tag k="highway" v="cycleway"/>
    <tag k="name" v="Queen Victoria Street"/>
    <tag k="name:etymology:wikidata" v="Q9439"/>
    <tag k="oneway" v="yes"/>
    <tag k="surface" v="asphalt"/>
  </way>
  <way id="1137466218">
    <nd ref="2218340965"/>
    <nd ref="10603058333"/>
    <nd ref="11340458605"/>
    <tag k="emergency" v="yes"/>
    <tag k="foot" v="no"/>
    <tag k="highway" v="cycleway"/>
    <tag k="name" v="Queen Victoria Street"/>
    <tag k="name:etymology:wikidata" v="Q9439"/>
    <tag k="oneway" v="no"/>
    <tag k="surface" v="asphalt"/>
  </way>
  <way id="1137466219">
    <nd ref="2387226309"/>
    <nd ref="10603058335"/>
    <nd ref="10603058336"/>
    <nd ref="10603058337"/>
    <tag k="foot" v="no"/>
    <tag k="highway" v="cycleway"/>
    <tag k="name" v="Queen Victoria Street"/>
    <tag k="name:etymology:wikidata" v="Q9439"/>
    <tag k="oneway" v="yes"/>
    <tag k="surface" v="asphalt"/>
  </way>
  <way id="1137466220">
    <nd ref="10603058337"/>
    <nd ref="10660049636"/>
    <nd ref="2387226309"/>
    <tag k="highway" v="unclassified"/>
    <tag k="lanes" v="1"/>
    <tag k="lit" v="yes"/>
    <tag k="maxspeed" v="20 mph"/>
    <tag k="name" v="Queen Victoria Street"/>
    <tag k="name:etymology:wikidata" v="Q9439"/>
    <tag k="oneway" v="yes"/>
    <tag k="ref:GB:usrn" v="8100442"/>
    <tag k="sidewalk:both" v="separate"/>
    <tag k="surface" v="asphalt"/>
    <tag k="was:cycleway:left" v="lane"/>
    <tag k="wikidata" v="Q4581969"/>
    <tag k="wikipedia" v="en:Queen Victoria Street, London"/>
  </way>
  <way id="1137466221">
    <nd ref="10603058338"/>
    <nd ref="4861365372"/>
    <tag k="highway" v="footway"/>
    <tag k="lit" v="yes"/>
    <tag k="surface" v="asphalt"/>
  </way>
  <way id="1137466222">
    <nd ref="10603058339"/>
    <nd ref="2538458903"/>
    <tag k="highway" v="footway"/>
    <tag k="lit" v="yes"/>
    <tag k="surface" v="asphalt"/>
  </way>
  <way id="1137466223">
    <nd ref="2538458894"/>
    <nd ref="10603058340"/>
    <tag k="footway" v="sidewalk"/>
    <tag k="highway" v="footway"/>
    <tag k="lit" v="yes"/>
    <tag k="surface" v="paving_stones"/>
  </way>
  <way id="1144793999">
    <nd ref="2387194150"/>
    <nd ref="2387194149"/>
    <nd ref="8336028515"/>
    <tag k="dual_carriageway" v="yes"/>
    <tag k="highway" v="tertiary"/>
    <tag k="lit" v="yes"/>
    <tag k="maxspeed" v="20 mph"/>
    <tag k="name" v="Queen Victoria Street"/>
    <tag k="name:etymology:wikidata" v="Q9439"/>
    <tag k="oneway" v="yes"/>
    <tag k="postal_code" v="EC4"/>
    <tag k="ref:GB:usrn" v="8100442"/>
    <tag k="sidewalk:left" v="separate"/>
    <tag k="sidewalk:right" v="no"/>
    <tag k="surface" v="asphalt"/>
    <tag k="wikidata" v="Q4581969"/>
    <tag k="wikipedia" v="en:Queen Victoria Street, London"/>
  </way>
  <way id="1145478718">
    <nd ref="10660049637"/>
    <nd ref="5473274891"/>
    <tag k="highway" v="footway"/>
    <tag k="surface" v="paving_stones"/>
  </way>
  <way id="1145478720">
    <nd ref="11807401515"/>
    <nd ref="5473274866"/>
    <nd ref="11807401516"/>
    <tag k="crossing" v="unmarked"/>
    <tag k="crossing:markings" v="no"/>
    <tag k="footway" v="crossing"/>
    <tag k="highway" v="footway"/>
    <tag k="lit" v="yes"/>
    <tag k="surface" v="paving_stones"/>
  </way>
  <way id="1145478722">
    <nd ref="10660402950"/>
    <nd ref="11164185049"/>
    <nd ref="11164185054"/>
    <nd ref="1939558681"/>
    <nd ref="10863936085"/>
    <nd ref="2218344501"/>
    <nd ref="1939558671"/>
    <nd ref="10660049648"/>
    <nd ref="2218344505"/>
    <tag k="bicycle" v="yes"/>
    <tag k="bus" v="yes"/>
    <tag k="highway" v="tertiary"/>
    <tag k="lanes" v="2"/>
    <tag k="lit" v="yes"/>
    <tag k="maxspeed" v="20 mph"/>
    <tag k="name" v="Cornhill"/>
    <tag k="operator" v="City of London"/>
    <tag k="operator:wikidata" v="Q1094147"/>
    <tag k="sidewalk:both" v="separate"/>
    <tag k="surface" v="asphalt"/>
    <tag k="taxi" v="yes"/>
    <tag k="vehicle:conditional" v="no @ (Mo-Fr 07:00-19:00)"/>
    <tag k="wikidata" v="Q28846065"/>
  </way>
  <way id="1145478723">
    <nd ref="2218344505"/>
    <nd ref="10660049650"/>
    <nd ref="2218344518"/>
    <nd ref="1939558673"/>
    <nd ref="2218344509"/>
    <nd ref="1312188886"/>
    <tag k="bicycle" v="yes"/>
    <tag k="bus" v="yes"/>
    <tag k="cycleway:left" v="no"/>
    <tag k="highway" v="tertiary"/>
    <tag k="lane_markings" v="no"/>
    <tag k="lit" v="yes"/>
    <tag k="maxspeed" v="20 mph"/>
    <tag k="motor_vehicle:conditional" v="no @ (Mo-Fr 07:00-19:00)"/>
    <tag k="name" v="Cornhill"/>
    <tag k="oneway" v="yes"/>
    <tag k="operator" v="City of London"/>
    <tag k="operator:wikidata" v="Q1094147"/>
    <tag k="sidewalk:left" v="separate"/>
    <tag k="sidewalk:right" v="no"/>
    <tag k="surface" v="asphalt"/>
    <tag k="taxi" v="yes"/>
    <tag k="wikidata" v="Q28846065"/>
  </way>
  <way id="1145478725">
    <nd ref="2218340965"/>
    <nd ref="11164185048"/>
    <nd ref="2218364543"/>
    <nd ref="1939558666"/>
    <nd ref="7223365371"/>
    <nd ref="7223365372"/>
    <nd ref="7223365368"/>
    <nd ref="10660049645"/>
    <nd ref="10660049646"/>
    <tag k="bus" v="yes"/>
    <tag k="highway" v="tertiary"/>
    <tag k="lanes" v="2"/>
    <tag k="lit" v="yes"/>
    <tag k="maxspeed" v="20 mph"/>
    <tag k="motor_vehicle:conditional" v="no @ (Mo-Fr 07:00-19:00)"/>
    <tag k="name" v="Mansion House Street"/>
    <tag k="name:etymology:wikidata" v="Q1786933"/>
    <tag k="sidewalk:both" v="separate"/>
    <tag k="surface" v="asphalt"/>
    <tag k="taxi" v="yes"/>
  </way>
  <way id="1145543201">
    <nd ref="1939558667"/>
    <nd ref="10660402950"/>
    <tag k="bicycle" v="yes"/>
    <tag k="bus" v="yes"/>
    <tag k="highway" v="tertiary"/>
    <tag k="lanes" v="2"/>
    <tag k="lit" v="yes"/>
    <tag k="maxspeed" v="20 mph"/>
    <tag k="name:left" v="Threadneedle Street"/>
    <tag k="name:right" v="Cornhill"/>
    <tag k="sidewalk:both" v="separate"/>
    <tag k="surface" v="asphalt"/>
    <tag k="taxi" v="yes"/>
    <tag k="vehicle:conditional" v="no @ (Mo-Fr 07:00-19:00)"/>
  </way>
  <way id="1151083101">
    <nd ref="10707949989"/>
    <nd ref="10863737759"/>
    <tag k="cycleway:right" v="lane"/>
    <tag k="cycleway:right:oneway" v="-1"/>
    <tag k="highway" v="tertiary"/>
    <tag k="lit" v="yes"/>
    <tag k="maxspeed" v="20 mph"/>
    <tag k="name" v="King Street"/>
    <tag k="name:etymology:wikidata" v="Q122553"/>
    <tag k="oneway" v="yes"/>
    <tag k="oneway:bicycle" v="no"/>
    <tag k="postal_code" v="EC2"/>
    <tag k="ref:GB:usrn" v="8100301"/>
    <tag k="sidewalk:both" v="separate"/>
    <tag k="source:name" v="local knowledge"/>
    <tag k="surface" v="asphalt"/>
    <tag k="wikidata" v="Q65925639"/>
  </way>
  <way id="1151083102">
    <nd ref="28800672"/>
    <nd ref="11083892398"/>
    <nd ref="10707949989"/>
    <tag k="cycleway:right" v="lane"/>
    <tag k="cycleway:right:oneway" v="-1"/>
    <tag k="highway" v="tertiary"/>
    <tag k="lit" v="yes"/>
    <tag k="maxspeed" v="20 mph"/>
    <tag k="name" v="King Street"/>
    <tag k="name:etymology:wikidata" v="Q122553"/>
    <tag k="oneway" v="yes"/>
    <tag k="oneway:bicycle" v="no"/>
    <tag k="postal_code" v="EC2"/>
    <tag k="ref:GB:usrn" v="8100301"/>
    <tag k="sidewalk:both" v="separate"/>
    <tag k="source:name" v="local knowledge"/>
    <tag k="surface" v="asphalt"/>
    <tag k="wikidata" v="Q65925639"/>
  </way>
  <way id="1153732892">
    <nd ref="10729721861"/>
    <nd ref="10729721862"/>
    <tag k="highway" v="service"/>
  </way>
  <way id="1153732895">
    <nd ref="10729721870"/>
    <nd ref="10729721871"/>
    <tag k="highway" v="steps"/>
  </way>
  <way id="1153732896">
    <nd ref="10729721871"/>
    <nd ref="10729721869"/>
    <tag k="highway" v="footway"/>
  </way>
  <way id="1153732897">
    <nd ref="10729721861"/>
    <nd ref="10729721866"/>
    <nd ref="10729721870"/>
    <tag k="highway" v="footway"/>
  </way>
  <way id="1159781674">
    <nd ref="8869435256"/>
    <nd ref="10660049638"/>
    <tag k="footway" v="sidewalk"/>
    <tag k="highway" v="footway"/>
    <tag k="surface" v="paving_stones"/>
  </way>
  <way id="1159781675">
    <nd ref="10785674869"/>
    <nd ref="10785674871"/>
    <tag k="highway" v="footway"/>
    <tag k="surface" v="paving_stones"/>
  </way>
  <way id="1159781676">
    <nd ref="2538458891"/>
    <nd ref="7223365369"/>
    <tag k="foot" v="yes"/>
    <tag k="footway" v="sidewalk"/>
    <tag k="highway" v="footway"/>
    <tag k="lit" v="yes"/>
    <tag k="surface" v="paving_stones"/>
  </way>
  <way id="1159781906">
    <nd ref="5141354331"/>
    <nd ref="8807431550"/>
    <tag k="cycleway:left" v="lane"/>
    <tag k="highway" v="tertiary"/>
    <tag k="lanes" v="1"/>
    <tag k="lit" v="yes"/>
    <tag k="maxspeed" v="20 mph"/>
    <tag k="name" v="Cannon Street"/>
    <tag k="oneway" v="yes"/>
    <tag k="sidewalk" v="left"/>
    <tag k="surface" v="asphalt"/>
  </way>
  <way id="1159781907">
    <nd ref="8753664977"/>
    <nd ref="25161362"/>
    <nd ref="24950115"/>
    <tag k="cycleway:left" v="lane"/>
    <tag k="highway" v="tertiary"/>
    <tag k="lanes" v="2"/>
    <tag k="lit" v="yes"/>
    <tag k="maxspeed" v="20 mph"/>
    <tag k="name" v="Cannon Street"/>
    <tag k="postal_code" v="EC4"/>
    <tag k="sidewalk:both" v="separate"/>
    <tag k="surface" v="asphalt"/>
    <tag k="wikidata" v="Q2936432"/>
    <tag k="wikipedia" v="en:Cannon Street"/>
  </way>
  <way id="1159783544">
    <nd ref="24950115"/>
    <nd ref="10785697766"/>
    <tag k="foot" v="yes"/>
    <tag k="highway" v="cycleway"/>
    <tag k="name" v="Nicholas Lane"/>
    <tag k="postal_code" v="EC4"/>
    <tag k="surface" v="asphalt"/>
  </way>
  <way id="1159783545">
    <nd ref="10785697766"/>
    <nd ref="5141354388"/>
    <tag k="foot" v="yes"/>
    <tag k="highway" v="cycleway"/>
    <tag k="name" v="Nicholas Lane"/>
    <tag k="postal_code" v="EC4"/>
    <tag k="surface" v="paving_stones"/>
  </way>
  <way id="1160596808">
    <nd ref="1782725824"/>
    <nd ref="2387194148"/>
    <tag k="cycleway:left" v="lane"/>
    <tag k="highway" v="tertiary"/>
    <tag k="lanes" v="2"/>
    <tag k="lit" v="yes"/>
    <tag k="maxspeed" v="20 mph"/>
    <tag k="name" v="Queen Street"/>
    <tag k="name:etymology:wikidata" v="Q176253"/>
    <tag k="postal_code" v="EC4"/>
    <tag k="sidewalk:both" v="separate"/>
    <tag k="surface" v="asphalt"/>
  </way>
  <way id="1160596809">
    <nd ref="7836155866"/>
    <nd ref="1771426166"/>
    <tag k="cycleway:right" v="lane"/>
    <tag k="highway" v="tertiary"/>
    <tag k="lanes" v="2"/>
    <tag k="lit" v="yes"/>
    <tag k="maxspeed" v="20 mph"/>
    <tag k="name" v="Queen Street"/>
    <tag k="name:etymology:wikidata" v="Q176253"/>
    <tag k="postal_code" v="EC4"/>
    <tag k="sidewalk:both" v="separate"/>
    <tag k="surface" v="asphalt"/>
  </way>
  <way id="1168146120">
    <nd ref="10863737759"/>
    <nd ref="7836155867"/>
    <tag k="cycleway:right" v="lane"/>
    <tag k="cycleway:right:oneway" v="-1"/>
    <tag k="highway" v="tertiary"/>
    <tag k="lit" v="yes"/>
    <tag k="maxspeed" v="20 mph"/>
    <tag k="name" v="King Street"/>
    <tag k="name:etymology:wikidata" v="Q122553"/>
    <tag k="oneway" v="yes"/>
    <tag k="oneway:bicycle" v="no"/>
    <tag k="postal_code" v="EC2"/>
    <tag k="ref:GB:usrn" v="8100301"/>
    <tag k="sidewalk:both" v="separate"/>
    <tag k="source:name" v="local knowledge"/>
    <tag k="surface" v="asphalt"/>
    <tag k="wikidata" v="Q65925639"/>
  </way>
  <way id="1168423832">
    <nd ref="8869435287"/>
    <nd ref="10866487119"/>
    <tag k="footway" v="sidewalk"/>
    <tag k="highway" v="footway"/>
  </way>
  <way id="1175505617">
    <nd ref="10923293011"/>
    <nd ref="3517719434"/>
    <nd ref="25248118"/>
    <tag k="cycle_network" v="GB:London Streetspace"/>
    <tag k="cycleway:right" v="lane"/>
    <tag k="cycleway:right:oneway" v="-1"/>
    <tag k="highway" v="unclassified"/>
    <tag k="lanes" v="2"/>
    <tag k="lit" v="yes"/>
    <tag k="maxspeed" v="20 mph"/>
    <tag k="name" v="Threadneedle Street"/>
    <tag k="note:covid19" v="Temporarily closed to eastbound motorists"/>
    <tag k="oneway" v="yes"/>
    <tag k="oneway:bicycle" v="no"/>
    <tag k="postal_code" v="EC2"/>
    <tag k="sidewalk" v="both"/>
    <tag k="sidewalk:both:surface" v="paving_stones"/>
    <tag k="source:name" v="local knowledge"/>
    <tag k="surface" v="asphalt"/>
  </way>
  <way id="1175505618">
    <nd ref="8318797234"/>
    <nd ref="2387220933"/>
    <tag k="cycle_network" v="GB:London Streetspace"/>
    <tag k="cycleway" v="opposite"/>
    <tag k="highway" v="unclassified"/>
    <tag k="lit" v="yes"/>
    <tag k="maxspeed" v="20 mph"/>
    <tag k="name" v="Threadneedle Street"/>
    <tag k="note:covid19" v="Temporarily closed to eastbound motorists"/>
    <tag k="oneway" v="yes"/>
    <tag k="oneway:bicycle" v="no"/>
    <tag k="sidewalk" v="both"/>
    <tag k="sidewalk:both:surface" v="paving_stones"/>
    <tag k="source:name" v="local knowledge"/>
    <tag k="surface" v="asphalt"/>
  </way>
  <way id="1184100556">
    <nd ref="2538458895"/>
    <nd ref="10996333639"/>
    <nd ref="10996333640"/>
    <nd ref="10996333641"/>
    <nd ref="10996333642"/>
    <nd ref="10996333643"/>
    <nd ref="10996333644"/>
    <tag k="highway" v="footway"/>
    <tag k="lit" v="yes"/>
    <tag k="surface" v="paving_stones"/>
  </way>
  <way id="1184101277">
    <nd ref="10996322072"/>
    <nd ref="212927414"/>
    <tag k="disused:oneway:bicycle" v="no"/>
    <tag k="highway" v="unclassified"/>
    <tag k="lanes" v="1"/>
    <tag k="lit" v="yes"/>
    <tag k="maxspeed" v="20 mph"/>
    <tag k="name" v="Old Broad Street"/>
    <tag k="oneway" v="yes"/>
    <tag k="ref:GB:usrn" v="8100395"/>
    <tag k="sidewalk:both" v="separate"/>
    <tag k="sidewalk:both:surface" v="paving_stones"/>
    <tag k="surface" v="asphalt"/>
    <tag k="was:cycleway:right" v="lane"/>
    <tag k="was:cycleway:right:oneway" v="-1"/>
    <tag k="was:highway" v="tertiary"/>
  </way>
  <way id="1184101278">
    <nd ref="212927414"/>
    <nd ref="1401416203"/>
    <nd ref="8318797237"/>
    <tag k="disused:oneway:bicycle" v="no"/>
    <tag k="highway" v="unclassified"/>
    <tag k="lit" v="yes"/>
    <tag k="maxspeed" v="20 mph"/>
    <tag k="name" v="Old Broad Street"/>
    <tag k="oneway" v="yes"/>
    <tag k="ref:GB:usrn" v="8100395"/>
    <tag k="sidewalk:both" v="separate"/>
    <tag k="sidewalk:both:surface" v="paving_stones"/>
    <tag k="surface" v="asphalt"/>
    <tag k="was:cycleway:right" v="lane"/>
    <tag k="was:cycleway:right:oneway" v="-1"/>
    <tag k="was:highway" v="tertiary"/>
  </way>
  <way id="1186358631">
    <nd ref="6985373983"/>
    <nd ref="11018990300"/>
    <nd ref="11018990299"/>
    <tag k="cycleway:right" v="lane"/>
    <tag k="foot" v="yes"/>
    <tag k="highway" v="tertiary"/>
    <tag k="lanes" v="2"/>
    <tag k="lit" v="yes"/>
    <tag k="maxspeed" v="20 mph"/>
    <tag k="name" v="Princes Street"/>
    <tag k="not:name" v="Prince's Street"/>
    <tag k="oneway" v="no"/>
    <tag k="proposed:highway" v="service"/>
    <tag k="proposed:oneway" v="yes"/>
    <tag k="proposed:oneway:bicycle" v="no"/>
    <tag k="proposed:oneway:bus" v="no"/>
    <tag k="sidewalk:both" v="separate"/>
    <tag k="surface" v="asphalt"/>
  </way>
  <way id="1186359476">
    <nd ref="8807431551"/>
    <nd ref="24950109"/>
    <tag k="cycleway" v="opposite"/>
    <tag k="highway" v="unclassified"/>
    <tag k="maxspeed" v="20 mph"/>
    <tag k="name" v="Abchurch Lane"/>
    <tag k="name:etymology:wikidata" v="Q7594555"/>
    <tag k="oneway" v="yes"/>
    <tag k="oneway:bicycle" v="no"/>
    <tag k="surface" v="asphalt"/>
  </way>
  <way id="1186359477">
    <nd ref="11019016297"/>
    <nd ref="1951616325"/>
    <nd ref="8807431546"/>
    <nd ref="8807431551"/>
    <tag k="cycleway:right" v="lane"/>
    <tag k="cycleway:right:oneway" v="-1"/>
    <tag k="highway" v="unclassified"/>
    <tag k="maxspeed" v="20 mph"/>
    <tag k="name" v="Abchurch Lane"/>
    <tag k="name:etymology:wikidata" v="Q7594555"/>
    <tag k="oneway" v="yes"/>
    <tag k="oneway:bicycle" v="no"/>
    <tag k="surface" v="asphalt"/>
  </way>
  <way id="1193044510">
    <nd ref="11074284090"/>
    <nd ref="11074284091"/>
    <nd ref="7847720729"/>
    <nd ref="11074284095"/>
    <nd ref="11074284092"/>
    <nd ref="11074284099"/>
    <nd ref="11210474463"/>
    <nd ref="11074284093"/>
    <nd ref="11081617028"/>
    <nd ref="10866487118"/>
    <tag k="footway" v="sidewalk"/>
    <tag k="highway" v="footway"/>
    <tag k="lit" v="yes"/>
    <tag k="smoothness" v="excellent"/>
    <tag k="surface" v="paving_stones"/>
  </way>
  <way id="1193636578">
    <nd ref="11083892400"/>
    <nd ref="316763500"/>
    <nd ref="11083892402"/>
    <nd ref="13022543566"/>
    <tag k="footway" v="sidewalk"/>
    <tag k="highway" v="footway"/>
    <tag k="lit" v="yes"/>
    <tag k="name" v="Trump Street"/>
    <tag k="street:name" v="Trump Street"/>
    <tag k="surface" v="paved"/>
  </way>
  <way id="1193636580">
    <nd ref="11079475760"/>
    <nd ref="11079475758"/>
    <nd ref="11079475759"/>
    <tag k="crossing" v="unmarked"/>
    <tag k="crossing:continuous" v="no"/>
    <tag k="crossing:island" v="no"/>
    <tag k="crossing:markings" v="no"/>
    <tag k="footway" v="crossing"/>
    <tag k="highway" v="footway"/>
    <tag k="lit" v="yes"/>
    <tag k="surface" v="paving_stones"/>
  </way>
  <way id="1193636582">
    <nd ref="11079475759"/>
    <nd ref="11079475757"/>
    <nd ref="11079475747"/>
    <nd ref="11079475748"/>
    <nd ref="13022543555"/>
    <nd ref="11079475749"/>
    <nd ref="11079475750"/>
    <nd ref="11079475751"/>
    <nd ref="11208397658"/>
    <nd ref="11079475752"/>
    <nd ref="11079475755"/>
    <nd ref="11079475753"/>
    <tag k="footway" v="sidewalk"/>
    <tag k="highway" v="footway"/>
    <tag k="lit" v="yes"/>
    <tag k="name" v="Gresham Street"/>
    <tag k="name:etymology:wikidata" v="Q318673"/>
    <tag k="street:name" v="Gresham Street"/>
    <tag k="surface" v="paved"/>
  </way>
  <way id="1193655156">
    <nd ref="8869435272"/>
    <nd ref="7553887390"/>
    <tag k="footway" v="sidewalk"/>
    <tag k="highway" v="footway"/>
    <tag k="surface" v="paving_stones"/>
  </way>
  <way id="1193826440">
    <nd ref="11081568975"/>
    <nd ref="11208397660"/>
    <nd ref="11081568976"/>
    <nd ref="11081568977"/>
    <nd ref="11081568978"/>
    <nd ref="13022543556"/>
    <nd ref="11208036213"/>
    <tag k="footway" v="sidewalk"/>
    <tag k="highway" v="footway"/>
    <tag k="lit" v="yes"/>
    <tag k="name" v="Gresham Street"/>
    <tag k="name:etymology:wikidata" v="Q318673"/>
    <tag k="street:name" v="Gresham Street"/>
    <tag k="surface" v="paved"/>
  </way>
  <way id="1193826441">
    <nd ref="13021245642"/>
    <nd ref="11081568989"/>
    <nd ref="11208397656"/>
    <nd ref="12799881536"/>
    <nd ref="13819722473"/>
    <nd ref="13819722472"/>
    <nd ref="13819722452"/>
    <nd ref="11081568985"/>
    <tag k="footway" v="sidewalk"/>
    <tag k="highway" v="footway"/>
    <tag k="lit" v="yes"/>
    <tag k="surface" v="paving_stones"/>
  </way>
  <way id="1193826442">
    <nd ref="11081568988"/>
    <nd ref="8869464357"/>
    <tag k="crossing" v="unmarked"/>
    <tag k="crossing:markings" v="no"/>
    <tag k="footway" v="crossing"/>
    <tag k="highway" v="footway"/>
    <tag k="surface" v="paving_stones"/>
  </way>
  <way id="1193826443">
    <nd ref="8869464357"/>
    <nd ref="11081568975"/>
    <tag k="crossing" v="unmarked"/>
    <tag k="crossing:markings" v="no"/>
    <tag k="footway" v="crossing"/>
    <tag k="highway" v="footway"/>
  </way>
  <way id="1193826444">
    <nd ref="8869464356"/>
    <nd ref="11081568986"/>
    <nd ref="5042032165"/>
    <tag k="footway" v="sidewalk"/>
    <tag k="highway" v="footway"/>
    <tag k="lit" v="yes"/>
    <tag k="name" v="Gresham Street"/>
    <tag k="name:etymology:wikidata" v="Q318673"/>
    <tag k="street:name" v="Gresham Street"/>
    <tag k="surface" v="paving_stones"/>
  </way>
  <way id="1193826445">
    <nd ref="5042032165"/>
    <nd ref="11081568982"/>
    <nd ref="13021245639"/>
    <tag k="crossing" v="unmarked"/>
    <tag k="crossing:continuous" v="no"/>
    <tag k="crossing:island" v="no"/>
    <tag k="crossing:markings" v="no"/>
    <tag k="footway" v="crossing"/>
    <tag k="highway" v="footway"/>
  </way>
  <way id="1193826447">
    <nd ref="13021245643"/>
    <nd ref="11081568984"/>
    <nd ref="13021245642"/>
    <tag k="crossing" v="unmarked"/>
    <tag k="crossing:continuous" v="no"/>
    <tag k="crossing:island" v="no"/>
    <tag k="crossing:markings" v="no"/>
    <tag k="footway" v="crossing"/>
    <tag k="highway" v="footway"/>
    <tag k="lit" v="yes"/>
    <tag k="smoothness" v="good"/>
    <tag k="surface" v="asphalt"/>
  </way>
  <way id="1193826448">
    <nd ref="13819722458"/>
    <nd ref="1721713699"/>
    <nd ref="2902624647"/>
    <tag k="crossing" v="traffic_signals"/>
    <tag k="crossing:markings" v="dots"/>
    <tag k="footway" v="crossing"/>
    <tag k="highway" v="footway"/>
    <tag k="lit" v="yes"/>
    <tag k="surface" v="asphalt"/>
  </way>
  <way id="1193826450">
    <nd ref="11081568986"/>
    <nd ref="8869464360"/>
    <tag k="footway" v="sidewalk"/>
    <tag k="highway" v="footway"/>
    <tag k="lit" v="yes"/>
    <tag k="name" v="Basinghall Street"/>
    <tag k="street:name" v="Basinghall Street"/>
    <tag k="surface" v="paved"/>
  </way>
  <way id="1193826451">
    <nd ref="11081568987"/>
    <nd ref="11081568990"/>
    <tag k="footway" v="sidewalk"/>
    <tag k="highway" v="footway"/>
    <tag k="lit" v="yes"/>
    <tag k="name" v="Basinghall Street"/>
    <tag k="street:name" v="Basinghall Street"/>
    <tag k="surface" v="paved"/>
  </way>
  <way id="1193826452">
    <nd ref="11081568983"/>
    <nd ref="13819722456"/>
    <nd ref="13021245645"/>
    <nd ref="11081568999"/>
    <nd ref="11081569001"/>
    <nd ref="11081568991"/>
    <nd ref="8869464378"/>
    <tag k="footway" v="sidewalk"/>
    <tag k="highway" v="footway"/>
    <tag k="lit" v="yes"/>
    <tag k="name" v="Coleman Street"/>
    <tag k="street:name" v="Coleman Street"/>
    <tag k="surface" v="paving_stones"/>
  </way>
  <way id="1193826453">
    <nd ref="13021245636"/>
    <nd ref="11081568995"/>
    <nd ref="13819722453"/>
    <nd ref="13819722454"/>
    <nd ref="13819722455"/>
    <nd ref="11081568989"/>
    <tag k="footway" v="sidewalk"/>
    <tag k="highway" v="footway"/>
    <tag k="lit" v="yes"/>
    <tag k="name" v="Coleman Street"/>
    <tag k="street:name" v="Coleman Street"/>
    <tag k="surface" v="paving_stones"/>
  </way>
  <way id="1193826455">
    <nd ref="13021245637"/>
    <nd ref="9030155751"/>
    <nd ref="13021245636"/>
    <tag k="crossing" v="unmarked"/>
    <tag k="crossing:markings" v="no"/>
    <tag k="footway" v="crossing"/>
    <tag k="highway" v="footway"/>
  </way>
  <way id="1193826456">
    <nd ref="11081568985"/>
    <nd ref="13819722471"/>
    <nd ref="12799881535"/>
    <nd ref="11081568996"/>
    <tag k="footway" v="sidewalk"/>
    <tag k="highway" v="footway"/>
    <tag k="lit" v="yes"/>
    <tag k="surface" v="paving_stones"/>
  </way>
  <way id="1193826457">
    <nd ref="11081568997"/>
    <nd ref="11081568998"/>
    <nd ref="5565443394"/>
    <nd ref="13246583436"/>
    <nd ref="13246583440"/>
    <nd ref="13246583442"/>
    <nd ref="13246583468"/>
    <nd ref="13246583466"/>
    <nd ref="13246583467"/>
    <nd ref="13246583465"/>
    <nd ref="13246583464"/>
    <nd ref="12525042804"/>
    <tag k="footway" v="sidewalk"/>
    <tag k="highway" v="footway"/>
  </way>
  <way id="1193826458">
    <nd ref="11081568996"/>
    <nd ref="9030155750"/>
    <nd ref="13823021903"/>
    <tag k="crossing" v="unmarked"/>
    <tag k="crossing:markings" v="no"/>
    <tag k="footway" v="crossing"/>
    <tag k="highway" v="footway"/>
  </way>
  <way id="1193826459">
    <nd ref="9030155751"/>
    <nd ref="21990632"/>
    <tag k="highway" v="unclassified"/>
    <tag k="lane_markings" v="no"/>
    <tag k="maxspeed" v="20 mph"/>
    <tag k="name" v="King's Arms Yard"/>
    <tag k="surface" v="asphalt"/>
  </way>
  <way id="1193826462">
    <nd ref="2902624647"/>
    <nd ref="12799881534"/>
    <nd ref="13818112635"/>
    <nd ref="11081617005"/>
    <tag k="footway" v="sidewalk"/>
    <tag k="highway" v="footway"/>
    <tag k="lit" v="yes"/>
    <tag k="surface" v="paving_stones"/>
  </way>
  <way id="1193826464">
    <nd ref="11081617005"/>
    <nd ref="9856119639"/>
    <nd ref="11081569003"/>
    <tag k="crossing" v="unmarked"/>
    <tag k="crossing:markings" v="no"/>
    <tag k="footway" v="crossing"/>
    <tag k="highway" v="footway"/>
    <tag k="surface" v="paving_stones"/>
  </way>
  <way id="1193826465">
    <nd ref="11081568995"/>
    <nd ref="11081568996"/>
    <tag k="footway" v="sidewalk"/>
    <tag k="highway" v="footway"/>
    <tag k="surface" v="paving_stones"/>
  </way>
  <way id="1193826466">
    <nd ref="11081568997"/>
    <nd ref="11081568994"/>
    <tag k="footway" v="sidewalk"/>
    <tag k="highway" v="footway"/>
    <tag k="surface" v="paving_stones"/>
  </way>
  <way id="1193826467">
    <nd ref="11081617013"/>
    <nd ref="11081617007"/>
    <nd ref="12799881574"/>
    <nd ref="9856119637"/>
    <tag k="footway" v="sidewalk"/>
    <tag k="highway" v="footway"/>
    <tag k="surface" v="paving_stones"/>
  </way>
  <way id="1193826468">
    <nd ref="11081617008"/>
    <nd ref="13818112640"/>
    <nd ref="11081617009"/>
    <tag k="footway" v="sidewalk"/>
    <tag k="highway" v="footway"/>
    <tag k="surface" v="asphalt"/>
  </way>
  <way id="1193826469">
    <nd ref="11081617011"/>
    <nd ref="13820952595"/>
    <nd ref="11081617012"/>
    <tag k="footway" v="sidewalk"/>
    <tag k="highway" v="footway"/>
  </way>
  <way id="1193826470">
    <nd ref="11081617009"/>
    <nd ref="11081617010"/>
    <nd ref="11081617011"/>
    <tag k="crossing" v="unmarked"/>
    <tag k="crossing:markings" v="no"/>
    <tag k="footway" v="crossing"/>
    <tag k="highway" v="footway"/>
  </way>
  <way id="1193826471">
    <nd ref="11081617013"/>
    <nd ref="11081617015"/>
    <nd ref="11081617014"/>
    <tag k="footway" v="sidewalk"/>
    <tag k="highway" v="footway"/>
    <tag k="surface" v="asphalt"/>
  </way>
  <way id="1193826472">
    <nd ref="8869435285"/>
    <nd ref="11081617016"/>
    <nd ref="13022543578"/>
    <tag k="footway" v="sidewalk"/>
    <tag k="highway" v="footway"/>
    <tag k="lit" v="yes"/>
    <tag k="name" v="Gresham Street"/>
    <tag k="name:etymology:wikidata" v="Q318673"/>
    <tag k="street:name" v="Gresham Street"/>
    <tag k="surface" v="paving_stones"/>
  </way>
  <way id="1193826473">
    <nd ref="12036747698"/>
    <nd ref="11081617018"/>
    <nd ref="13022543575"/>
    <nd ref="13819722444"/>
    <nd ref="11081617017"/>
    <tag k="footway" v="sidewalk"/>
    <tag k="highway" v="footway"/>
    <tag k="lit" v="yes"/>
    <tag k="name" v="Gresham Street"/>
    <tag k="name:etymology:wikidata" v="Q318673"/>
    <tag k="street:name" v="Gresham Street"/>
    <tag k="surface" v="paving_stones"/>
  </way>
  <way id="1193826474">
    <nd ref="11081617023"/>
    <nd ref="2406484451"/>
    <nd ref="12799881533"/>
    <nd ref="11081617024"/>
    <tag k="footway" v="sidewalk"/>
    <tag k="highway" v="footway"/>
    <tag k="lit" v="yes"/>
    <tag k="surface" v="paving_stones"/>
  </way>
  <way id="1193826475">
    <nd ref="13819722449"/>
    <nd ref="1312264610"/>
    <nd ref="13819722451"/>
    <tag k="crossing" v="traffic_signals"/>
    <tag k="crossing:markings" v="dots"/>
    <tag k="footway" v="crossing"/>
    <tag k="highway" v="footway"/>
    <tag k="lit" v="yes"/>
    <tag k="surface" v="asphalt"/>
  </way>
  <way id="1193826476">
    <nd ref="11081617021"/>
    <nd ref="11208397657"/>
    <nd ref="11081617020"/>
    <nd ref="12036747697"/>
    <tag k="footway" v="sidewalk"/>
    <tag k="highway" v="footway"/>
    <tag k="lit" v="yes"/>
    <tag k="name" v="Lothbury"/>
    <tag k="street:name" v="Lothbury"/>
    <tag k="surface" v="paving_stones"/>
  </way>
  <way id="1193826477">
    <nd ref="12036747697"/>
    <nd ref="11081617019"/>
    <nd ref="12036747698"/>
    <tag k="crossing" v="unmarked"/>
    <tag k="crossing:continuous" v="no"/>
    <tag k="crossing:island" v="no"/>
    <tag k="crossing:markings" v="no"/>
    <tag k="footway" v="crossing"/>
    <tag k="highway" v="footway"/>
    <tag k="lit" v="yes"/>
    <tag k="surface" v="asphalt"/>
  </way>
  <way id="1193826478">
    <nd ref="13022543578"/>
    <nd ref="9856119636"/>
    <nd ref="11081617017"/>
    <tag k="crossing" v="unmarked"/>
    <tag k="crossing:continuous" v="no"/>
    <tag k="crossing:island" v="no"/>
    <tag k="crossing:markings" v="no"/>
    <tag k="footway" v="crossing"/>
    <tag k="highway" v="footway"/>
    <tag k="lit" v="yes"/>
    <tag k="surface" v="paving_stones"/>
  </way>
  <way id="1193826479">
    <nd ref="13022543563"/>
    <nd ref="11081617031"/>
    <nd ref="11081617033"/>
    <nd ref="11081617032"/>
    <nd ref="8869464354"/>
    <nd ref="11079475754"/>
    <nd ref="11079475753"/>
    <tag k="footway" v="sidewalk"/>
    <tag k="highway" v="footway"/>
    <tag k="lit" v="yes"/>
    <tag k="name" v="King Street"/>
    <tag k="name:etymology:wikidata" v="Q122553"/>
    <tag k="street:name" v="King Street"/>
  </way>
  <way id="1193826480">
    <nd ref="11081617027"/>
    <nd ref="11081617028"/>
    <nd ref="11081617029"/>
    <nd ref="13819722466"/>
    <nd ref="13819722469"/>
    <nd ref="13819722468"/>
    <nd ref="13819722467"/>
    <nd ref="11081617030"/>
    <nd ref="11081617034"/>
    <tag k="footway" v="sidewalk"/>
    <tag k="highway" v="footway"/>
    <tag k="lit" v="yes"/>
    <tag k="name" v="King Street"/>
    <tag k="name:etymology:wikidata" v="Q122553"/>
    <tag k="street:name" v="King Street"/>
    <tag k="surface" v="paving_stones"/>
  </way>
  <way id="1193826481">
    <nd ref="11081617034"/>
    <nd ref="9856119642"/>
    <nd ref="13022543563"/>
    <tag k="crossing" v="marked"/>
    <tag k="crossing:markings" v="surface"/>
    <tag k="footway" v="crossing"/>
    <tag k="highway" v="footway"/>
  </way>
  <way id="1193826482">
    <nd ref="12769325488"/>
    <nd ref="11081617026"/>
    <nd ref="11081617027"/>
    <tag k="crossing" v="traffic_signals"/>
    <tag k="crossing:markings" v="dots"/>
    <tag k="crossing:signals" v="yes"/>
    <tag k="footway" v="crossing"/>
    <tag k="highway" v="footway"/>
    <tag k="surface" v="asphalt"/>
  </way>
  <way id="1193831052">
    <nd ref="8869435277"/>
    <nd ref="11081677218"/>
    <nd ref="11081677219"/>
    <nd ref="11081677220"/>
    <nd ref="11081677221"/>
    <nd ref="11081677222"/>
    <nd ref="11081677223"/>
    <nd ref="11081677224"/>
    <nd ref="13022543579"/>
    <nd ref="13819722447"/>
    <nd ref="13819722448"/>
    <nd ref="11081617016"/>
    <tag k="footway" v="sidewalk"/>
    <tag k="highway" v="footway"/>
    <tag k="lit" v="yes"/>
    <tag k="name" v="Ironmonger Lane"/>
    <tag k="street:name" v="Ironmonger Lane"/>
    <tag k="surface" v="paved"/>
  </way>
  <way id="1193831054">
    <nd ref="11081617018"/>
    <nd ref="11081677230"/>
    <nd ref="25161370"/>
    <nd ref="11081677237"/>
    <tag k="footway" v="sidewalk"/>
    <tag k="highway" v="footway"/>
  </way>
  <way id="1193831055">
    <nd ref="11081677235"/>
    <nd ref="11081677234"/>
    <nd ref="11081677233"/>
    <nd ref="11081677236"/>
    <tag k="footway" v="sidewalk"/>
    <tag k="highway" v="footway"/>
  </way>
  <way id="1193831056">
    <nd ref="11081677237"/>
    <nd ref="11081677232"/>
    <nd ref="11081677236"/>
    <tag k="crossing" v="unmarked"/>
    <tag k="crossing:markings" v="no"/>
    <tag k="footway" v="crossing"/>
    <tag k="highway" v="footway"/>
  </way>
  <way id="1193831057">
    <nd ref="11081617020"/>
    <nd ref="11081677238"/>
    <nd ref="11081677239"/>
    <nd ref="8869435269"/>
    <tag k="footway" v="sidewalk"/>
    <tag k="highway" v="footway"/>
  </way>
  <way id="1193851475">
    <nd ref="11081871424"/>
    <nd ref="11115208623"/>
    <nd ref="11081871425"/>
    <nd ref="11081871429"/>
    <nd ref="11081871430"/>
    <nd ref="11081871426"/>
    <nd ref="13019187886"/>
    <tag k="footway" v="sidewalk"/>
    <tag k="highway" v="footway"/>
    <tag k="surface" v="paving_stones"/>
  </way>
  <way id="1193851479">
    <nd ref="13019187887"/>
    <nd ref="11081871427"/>
    <nd ref="11081871432"/>
    <nd ref="11081871431"/>
    <nd ref="4830306810"/>
    <tag k="footway" v="sidewalk"/>
    <tag k="highway" v="footway"/>
    <tag k="lit" v="yes"/>
    <tag k="name" v="Cannon Street"/>
    <tag k="street:name" v="Cannon Street"/>
    <tag k="surface" v="paving_stones"/>
  </way>
  <way id="1193851480">
    <nd ref="13019187886"/>
    <nd ref="25161366"/>
    <nd ref="13019187887"/>
    <tag k="crossing" v="unmarked"/>
    <tag k="crossing:markings" v="no"/>
    <tag k="footway" v="crossing"/>
    <tag k="highway" v="footway"/>
  </way>
  <way id="1193876170">
    <nd ref="5201625543"/>
    <nd ref="11082107120"/>
    <nd ref="11115208677"/>
    <nd ref="11082107121"/>
    <nd ref="11082107122"/>
    <nd ref="11210398718"/>
    <nd ref="5201625545"/>
    <tag k="footway" v="sidewalk"/>
    <tag k="highway" v="footway"/>
    <tag k="name" v="Upper Thames Street"/>
  </way>
  <way id="1194037878">
    <nd ref="11081617021"/>
    <nd ref="11083837061"/>
    <nd ref="11083837062"/>
    <nd ref="11083837063"/>
    <nd ref="10996333644"/>
    <tag k="footway" v="sidewalk"/>
    <tag k="highway" v="footway"/>
    <tag k="lit" v="yes"/>
    <tag k="surface" v="paving_stones"/>
  </way>
  <way id="1194037879">
    <nd ref="11081617023"/>
    <nd ref="11083837064"/>
    <nd ref="12799881580"/>
    <nd ref="2902624644"/>
    <nd ref="4861365376"/>
    <tag k="footway" v="sidewalk"/>
    <tag k="highway" v="footway"/>
    <tag k="lit" v="yes"/>
    <tag k="surface" v="paving_stones"/>
  </way>
  <way id="1194037880">
    <nd ref="11081617024"/>
    <nd ref="11083837065"/>
    <nd ref="13818112645"/>
    <nd ref="13818112646"/>
    <tag k="footway" v="sidewalk"/>
    <tag k="highway" v="footway"/>
    <tag k="surface" v="paving_stones"/>
  </way>
  <way id="1194037882">
    <nd ref="11083837070"/>
    <nd ref="11083837071"/>
    <nd ref="8807429652"/>
    <tag k="footway" v="sidewalk"/>
    <tag k="highway" v="footway"/>
  </way>
  <way id="1194037883">
    <nd ref="13016187595"/>
    <nd ref="11083837072"/>
    <nd ref="13016187594"/>
    <tag k="crossing" v="unmarked"/>
    <tag k="crossing:markings" v="no"/>
    <tag k="footway" v="crossing"/>
    <tag k="highway" v="footway"/>
    <tag k="surface" v="paving_stones"/>
  </way>
  <way id="1194037885">
    <nd ref="11079664630"/>
    <nd ref="8807429651"/>
    <tag k="footway" v="sidewalk"/>
    <tag k="highway" v="footway"/>
    <tag k="lit" v="yes"/>
    <tag k="surface" v="paving_stones"/>
  </way>
  <way id="1194037886">
    <nd ref="11083837073"/>
    <nd ref="11079664629"/>
    <nd ref="11079664630"/>
    <tag k="crossing" v="unmarked"/>
    <tag k="crossing:markings" v="no"/>
    <tag k="footway" v="crossing"/>
    <tag k="highway" v="footway"/>
    <tag k="lit" v="yes"/>
    <tag k="surface" v="paving_stones"/>
  </way>
  <way id="1194037887">
    <nd ref="11083837069"/>
    <nd ref="11083837074"/>
    <nd ref="11083837075"/>
    <tag k="footway" v="sidewalk"/>
    <tag k="highway" v="footway"/>
  </way>
  <way id="1194037889">
    <nd ref="13016187596"/>
    <nd ref="11083837077"/>
    <nd ref="13016187597"/>
    <tag k="crossing" v="unmarked"/>
    <tag k="crossing:markings" v="no"/>
    <tag k="footway" v="crossing"/>
    <tag k="highway" v="footway"/>
  </way>
  <way id="1194037890">
    <nd ref="8807429656"/>
    <nd ref="11083837078"/>
    <tag k="footway" v="sidewalk"/>
    <tag k="highway" v="footway"/>
    <tag k="surface" v="paving_stones"/>
  </way>
  <way id="1194037891">
    <nd ref="11083837079"/>
    <nd ref="12905378683"/>
    <nd ref="11083837080"/>
    <nd ref="11083837081"/>
    <tag k="footway" v="sidewalk"/>
    <tag k="highway" v="footway"/>
    <tag k="surface" v="paving_stones"/>
  </way>
  <way id="1194037892">
    <nd ref="8807429652"/>
    <nd ref="8807429653"/>
    <nd ref="11079664631"/>
    <nd ref="8807429654"/>
    <nd ref="8807429655"/>
    <nd ref="8807429656"/>
    <tag k="footway" v="sidewalk"/>
    <tag k="highway" v="footway"/>
    <tag k="surface" v="paving_stones"/>
  </way>
  <way id="1194037893">
    <nd ref="13819691425"/>
    <nd ref="8807429660"/>
    <nd ref="13819691424"/>
    <tag k="crossing" v="unmarked"/>
    <tag k="crossing:markings" v="no"/>
    <tag k="footway" v="crossing"/>
    <tag k="highway" v="footway"/>
    <tag k="surface" v="paving_stones"/>
  </way>
  <way id="1194037894">
    <nd ref="11083837086"/>
    <nd ref="13239868363"/>
    <nd ref="11260325775"/>
    <nd ref="11083837089"/>
    <nd ref="11208698404"/>
    <nd ref="13237810192"/>
    <nd ref="11083837088"/>
    <nd ref="11208698406"/>
    <nd ref="13513244847"/>
    <nd ref="11083837087"/>
    <tag k="footway" v="sidewalk"/>
    <tag k="highway" v="footway"/>
    <tag k="surface" v="asphalt"/>
  </way>
  <way id="1194037895">
    <nd ref="5473274867"/>
    <nd ref="11083837082"/>
    <nd ref="11083837083"/>
    <nd ref="11083837090"/>
    <tag k="footway" v="sidewalk"/>
    <tag k="highway" v="footway"/>
  </way>
  <way id="1194037896">
    <nd ref="11083837090"/>
    <nd ref="11083837085"/>
    <nd ref="11083837086"/>
    <tag k="crossing" v="unmarked"/>
    <tag k="crossing:markings" v="no"/>
    <tag k="footway" v="crossing"/>
    <tag k="highway" v="footway"/>
  </way>
  <way id="1194037897">
    <nd ref="4830306810"/>
    <nd ref="13235696110"/>
    <nd ref="13812694649"/>
    <nd ref="5141877226"/>
    <tag k="footway" v="sidewalk"/>
    <tag k="highway" v="footway"/>
    <tag k="lit" v="yes"/>
    <tag k="name" v="Cannon Street"/>
    <tag k="street:name" v="Cannon Street"/>
    <tag k="surface" v="paving_stones"/>
  </way>
  <way id="1194037898">
    <nd ref="4830306811"/>
    <nd ref="13513244865"/>
    <nd ref="13513244845"/>
    <nd ref="13513420972"/>
    <nd ref="13235696109"/>
    <nd ref="13513291493"/>
    <nd ref="13513291494"/>
    <nd ref="13513291496"/>
    <nd ref="13513291495"/>
    <nd ref="11208835417"/>
    <nd ref="13819691421"/>
    <nd ref="13020905386"/>
    <tag k="footway" v="sidewalk"/>
    <tag k="highway" v="footway"/>
    <tag k="lit" v="yes"/>
    <tag k="surface" v="paving_stones"/>
  </way>
  <way id="1194037901">
    <nd ref="13239868363"/>
    <nd ref="11083837101"/>
    <nd ref="13819691419"/>
    <nd ref="11083837102"/>
    <tag k="footway" v="sidewalk"/>
    <tag k="highway" v="footway"/>
    <tag k="surface" v="paving_stones"/>
  </way>
  <way id="1194037902">
    <nd ref="11083837102"/>
    <nd ref="24949780"/>
    <tag k="crossing" v="unmarked"/>
    <tag k="crossing:markings" v="no"/>
    <tag k="footway" v="crossing"/>
    <tag k="highway" v="footway"/>
    <tag k="surface" v="paving_stones"/>
  </way>
  <way id="1194037903">
    <nd ref="11340458606"/>
    <nd ref="13819722465"/>
    <nd ref="11340458605"/>
    <nd ref="10996333638"/>
    <tag k="crossing" v="marked"/>
    <tag k="crossing:markings" v="dots"/>
    <tag k="footway" v="crossing"/>
    <tag k="highway" v="footway"/>
  </way>
  <way id="1194037904">
    <nd ref="2538458901"/>
    <nd ref="12351437005"/>
    <nd ref="11083872805"/>
    <nd ref="12013026828"/>
    <nd ref="13818112641"/>
    <tag k="footway" v="sidewalk"/>
    <tag k="highway" v="footway"/>
    <tag k="lit" v="yes"/>
    <tag k="surface" v="paving_stones"/>
  </way>
  <way id="1194037905">
    <nd ref="2538458890"/>
    <nd ref="11083872806"/>
    <nd ref="11083872807"/>
    <nd ref="11083872808"/>
    <nd ref="11083872809"/>
    <tag k="footway" v="sidewalk"/>
    <tag k="highway" v="footway"/>
  </way>
  <way id="1194037906">
    <nd ref="11083872810"/>
    <nd ref="11083872809"/>
    <tag k="footway" v="sidewalk"/>
    <tag k="highway" v="footway"/>
  </way>
  <way id="1194037907">
    <nd ref="11083872811"/>
    <nd ref="11164185050"/>
    <nd ref="11083872812"/>
    <tag k="footway" v="sidewalk"/>
    <tag k="highway" v="footway"/>
    <tag k="surface" v="paving_stones"/>
  </way>
  <way id="1194037908">
    <nd ref="11083872812"/>
    <nd ref="11083872815"/>
    <nd ref="11083872813"/>
    <nd ref="13813298319"/>
    <nd ref="11083872814"/>
    <tag k="footway" v="sidewalk"/>
    <tag k="highway" v="footway"/>
  </way>
  <way id="1194037909">
    <nd ref="11083872814"/>
    <nd ref="11083872816"/>
    <nd ref="11083872809"/>
    <tag k="crossing" v="unmarked"/>
    <tag k="crossing:markings" v="no"/>
    <tag k="footway" v="crossing"/>
    <tag k="highway" v="footway"/>
  </way>
  <way id="1194039442">
    <nd ref="5473274724"/>
    <nd ref="11083874200"/>
    <nd ref="12905496413"/>
    <tag k="footway" v="sidewalk"/>
    <tag k="highway" v="footway"/>
    <tag k="lit" v="yes"/>
  </way>
  <way id="1194039443">
    <nd ref="12905474484"/>
    <nd ref="11083874201"/>
    <nd ref="11083874202"/>
    <nd ref="11083874203"/>
    <nd ref="11083874204"/>
    <nd ref="9030155652"/>
    <tag k="footway" v="sidewalk"/>
    <tag k="highway" v="footway"/>
    <tag k="lit" v="yes"/>
    <tag k="surface" v="paving_stones"/>
  </way>
  <way id="1194039444">
    <nd ref="8807431554"/>
    <nd ref="11083883405"/>
    <nd ref="11083883406"/>
    <nd ref="11104960047"/>
    <nd ref="11104960048"/>
    <nd ref="11104960049"/>
    <tag k="footway" v="sidewalk"/>
    <tag k="highway" v="footway"/>
  </way>
  <way id="1194039445">
    <nd ref="24950048"/>
    <nd ref="11104960052"/>
    <nd ref="11104960051"/>
    <nd ref="11104960050"/>
    <nd ref="11083883407"/>
    <nd ref="11083883408"/>
    <nd ref="11083883409"/>
    <nd ref="11083883410"/>
    <tag k="footway" v="sidewalk"/>
    <tag k="highway" v="footway"/>
  </way>
  <way id="1194042434">
    <nd ref="11083904928"/>
    <nd ref="13022543561"/>
    <nd ref="11083904929"/>
    <nd ref="11083904930"/>
    <nd ref="11083904931"/>
    <nd ref="1718328442"/>
    <tag k="footway" v="sidewalk"/>
    <tag k="highway" v="footway"/>
    <tag k="lit" v="yes"/>
    <tag k="name" v="Lawrence Lane"/>
    <tag k="name:etymology:wikidata" v="Q11704046"/>
    <tag k="street:name" v="Lawrence Lane"/>
    <tag k="surface" v="paved"/>
  </way>
  <way id="1194042435">
    <nd ref="11083904932"/>
    <nd ref="13022543560"/>
    <nd ref="11083904933"/>
    <tag k="footway" v="sidewalk"/>
    <tag k="highway" v="footway"/>
    <tag k="lit" v="yes"/>
    <tag k="name" v="Lawrence Lane"/>
    <tag k="name:etymology:wikidata" v="Q11704046"/>
    <tag k="street:name" v="Lawrence Lane"/>
    <tag k="surface" v="paved"/>
  </way>
  <way id="1194042436">
    <nd ref="13022543564"/>
    <nd ref="5046005758"/>
    <nd ref="13022543562"/>
    <tag k="crossing" v="unmarked"/>
    <tag k="crossing:markings" v="no"/>
    <tag k="footway" v="crossing"/>
    <tag k="highway" v="footway"/>
  </way>
  <way id="1194044938">
    <nd ref="12769325486"/>
    <nd ref="2140227862"/>
    <nd ref="12769325487"/>
    <tag k="crossing" v="traffic_signals"/>
    <tag k="crossing:markings" v="dots"/>
    <tag k="crossing:signals" v="yes"/>
    <tag k="footway" v="crossing"/>
    <tag k="highway" v="footway"/>
    <tag k="surface" v="asphalt"/>
  </way>
  <way id="1194044939">
    <nd ref="11081617030"/>
    <nd ref="11083892403"/>
    <tag k="footway" v="sidewalk"/>
    <tag k="highway" v="footway"/>
    <tag k="lit" v="yes"/>
    <tag k="name" v="Trump Street"/>
    <tag k="street:name" v="Trump Street"/>
    <tag k="surface" v="paved"/>
  </way>
  <way id="1194044942">
    <nd ref="11083892403"/>
    <nd ref="10794350029"/>
    <nd ref="11083892400"/>
    <tag k="crossing" v="unmarked"/>
    <tag k="crossing:markings" v="no"/>
    <tag k="footway" v="crossing"/>
    <tag k="highway" v="footway"/>
  </way>
  <way id="1195609894">
    <nd ref="11097085158"/>
    <nd ref="11210398717"/>
    <nd ref="11097085159"/>
    <tag k="footway" v="sidewalk"/>
    <tag k="highway" v="footway"/>
    <tag k="lit" v="yes"/>
    <tag k="name" v="Cannon Street"/>
    <tag k="street:name" v="Cannon Street"/>
    <tag k="surface" v="paving_stones"/>
  </way>
  <way id="1195609895">
    <nd ref="11097085163"/>
    <nd ref="11097085164"/>
    <nd ref="11097085165"/>
    <tag k="crossing" v="unmarked"/>
    <tag k="crossing:markings" v="no"/>
    <tag k="footway" v="crossing"/>
    <tag k="highway" v="footway"/>
  </way>
  <way id="1195609896">
    <nd ref="11097085165"/>
    <nd ref="11097085166"/>
    <nd ref="12905496437"/>
    <tag k="footway" v="sidewalk"/>
    <tag k="highway" v="footway"/>
    <tag k="lit" v="yes"/>
    <tag k="name" v="Cannon Street"/>
    <tag k="street:name" v="Cannon Street"/>
  </way>
  <way id="1195609897">
    <nd ref="11097085161"/>
    <nd ref="11097085162"/>
    <nd ref="11352159653"/>
    <nd ref="11097085163"/>
    <tag k="footway" v="sidewalk"/>
    <tag k="highway" v="footway"/>
    <tag k="lit" v="yes"/>
    <tag k="name" v="Cannon Street"/>
    <tag k="street:name" v="Cannon Street"/>
  </way>
  <way id="1195609898">
    <nd ref="13807857915"/>
    <nd ref="11097085160"/>
    <nd ref="13807857916"/>
    <tag k="crossing" v="unmarked"/>
    <tag k="crossing:markings" v="no"/>
    <tag k="footway" v="crossing"/>
    <tag k="highway" v="footway"/>
  </way>
  <way id="1195609899">
    <nd ref="5141877221"/>
    <nd ref="11208835418"/>
    <nd ref="11097085155"/>
    <tag k="footway" v="sidewalk"/>
    <tag k="highway" v="footway"/>
    <tag k="lit" v="yes"/>
    <tag k="name" v="Cannon Street"/>
    <tag k="street:name" v="Cannon Street"/>
    <tag k="surface" v="paving_stones"/>
  </way>
  <way id="1195609900">
    <nd ref="12905474475"/>
    <nd ref="5141625703"/>
    <nd ref="12905474476"/>
    <tag k="crossing" v="traffic_signals"/>
    <tag k="crossing:markings" v="dots"/>
    <tag k="crossing:signals" v="yes"/>
    <tag k="footway" v="crossing"/>
    <tag k="highway" v="footway"/>
    <tag k="lit" v="yes"/>
    <tag k="surface" v="asphalt"/>
  </way>
  <way id="1195609901">
    <nd ref="5141877226"/>
    <nd ref="9856119648"/>
    <nd ref="5141877221"/>
    <tag k="crossing" v="unmarked"/>
    <tag k="crossing:continuous" v="no"/>
    <tag k="crossing:island" v="no"/>
    <tag k="crossing:markings" v="no"/>
    <tag k="footway" v="crossing"/>
    <tag k="highway" v="footway"/>
    <tag k="surface" v="asphalt"/>
  </way>
  <way id="1195609902">
    <nd ref="11097085173"/>
    <nd ref="13813298340"/>
    <nd ref="11352159652"/>
    <nd ref="11097085168"/>
    <tag k="footway" v="sidewalk"/>
    <tag k="highway" v="footway"/>
    <tag k="lit" v="yes"/>
    <tag k="name" v="Cannon Street"/>
    <tag k="street:name" v="Cannon Street"/>
  </way>
  <way id="1195609903">
    <nd ref="11097085172"/>
    <nd ref="11097085167"/>
    <nd ref="11097085173"/>
    <tag k="crossing" v="unmarked"/>
    <tag k="crossing:markings" v="no"/>
    <tag k="footway" v="crossing"/>
    <tag k="highway" v="footway"/>
  </way>
  <way id="1195609905">
    <nd ref="11097085168"/>
    <nd ref="11097085169"/>
    <nd ref="11097085170"/>
    <tag k="crossing" v="unmarked"/>
    <tag k="crossing:markings" v="no"/>
    <tag k="footway" v="crossing"/>
    <tag k="highway" v="footway"/>
  </way>
  <way id="1195609906">
    <nd ref="11097085175"/>
    <nd ref="13235696119"/>
    <nd ref="13235696120"/>
    <nd ref="11097085176"/>
    <nd ref="5141877228"/>
    <tag k="footway" v="sidewalk"/>
    <tag k="highway" v="footway"/>
    <tag k="lit" v="yes"/>
    <tag k="name" v="Cloak Lane"/>
    <tag k="street:name" v="Cloak Lane"/>
    <tag k="surface" v="paved"/>
  </way>
  <way id="1195609907">
    <nd ref="11097085181"/>
    <nd ref="13238175749"/>
    <nd ref="11097085155"/>
    <tag k="footway" v="sidewalk"/>
    <tag k="highway" v="footway"/>
    <tag k="lit" v="yes"/>
    <tag k="name" v="Dowgate Hill"/>
    <tag k="street:name" v="Dowgate Hill"/>
    <tag k="surface" v="paving_stones"/>
  </way>
  <way id="1195609908">
    <nd ref="5141877223"/>
    <nd ref="13019158626"/>
    <nd ref="11097085181"/>
    <tag k="footway" v="sidewalk"/>
    <tag k="highway" v="footway"/>
    <tag k="lit" v="yes"/>
    <tag k="name" v="Cloak Lane"/>
    <tag k="street:name" v="Cloak Lane"/>
    <tag k="surface" v="paving_stones"/>
  </way>
  <way id="1195609909">
    <nd ref="5141877228"/>
    <nd ref="11097085178"/>
    <nd ref="5141877223"/>
    <tag k="crossing" v="unmarked"/>
    <tag k="crossing:markings" v="no"/>
    <tag k="footway" v="crossing"/>
    <tag k="highway" v="footway"/>
  </way>
  <way id="1195609910">
    <nd ref="5141877012"/>
    <nd ref="11097085190"/>
    <nd ref="13019158627"/>
    <nd ref="11097085188"/>
    <tag k="footway" v="sidewalk"/>
    <tag k="highway" v="footway"/>
    <tag k="lit" v="yes"/>
    <tag k="name" v="Cloak Lane"/>
    <tag k="street:name" v="Cloak Lane"/>
    <tag k="surface" v="paving_stones"/>
  </way>
  <way id="1195609911">
    <nd ref="11115208619"/>
    <nd ref="11115208618"/>
    <nd ref="11115208609"/>
    <nd ref="11097085183"/>
    <nd ref="13020905383"/>
    <tag k="footway" v="sidewalk"/>
    <tag k="highway" v="footway"/>
    <tag k="lit" v="yes"/>
    <tag k="name" v="Great St. Thomas Apostle"/>
    <tag k="street:name" v="Great St. Thomas Apostle"/>
    <tag k="surface" v="paved"/>
  </way>
  <way id="1195609912">
    <nd ref="13020905383"/>
    <nd ref="11097085184"/>
    <nd ref="13812694668"/>
    <nd ref="13020905384"/>
    <tag k="crossing" v="unmarked"/>
    <tag k="crossing:markings" v="no"/>
    <tag k="footway" v="crossing"/>
    <tag k="highway" v="footway"/>
  </way>
  <way id="1195609913">
    <nd ref="13020905384"/>
    <nd ref="11097085185"/>
    <nd ref="11097085189"/>
    <nd ref="13019158630"/>
    <tag k="footway" v="sidewalk"/>
    <tag k="highway" v="footway"/>
    <tag k="lit" v="yes"/>
    <tag k="name" v="Cloak Lane"/>
    <tag k="street:name" v="Cloak Lane"/>
    <tag k="surface" v="paved"/>
  </way>
  <way id="1195609914">
    <nd ref="13019158630"/>
    <nd ref="11097085186"/>
    <nd ref="5141877012"/>
    <tag k="crossing" v="unmarked"/>
    <tag k="crossing:markings" v="no"/>
    <tag k="footway" v="crossing"/>
    <tag k="highway" v="footway"/>
    <tag k="surface" v="asphalt"/>
  </way>
  <way id="1195609915">
    <nd ref="11097085188"/>
    <nd ref="11097085187"/>
    <nd ref="11097085191"/>
    <tag k="footway" v="sidewalk"/>
    <tag k="highway" v="footway"/>
    <tag k="name" v="Dowgate Hill"/>
    <tag k="surface" v="paving_stones"/>
  </way>
  <way id="1195609916">
    <nd ref="11097085192"/>
    <nd ref="11097085183"/>
    <nd ref="13235696114"/>
    <tag k="footway" v="sidewalk"/>
    <tag k="highway" v="footway"/>
    <tag k="lit" v="yes"/>
    <tag k="name" v="Queen Street"/>
    <tag k="street:name" v="Queen Street"/>
    <tag k="surface" v="paving_stones"/>
  </way>
  <way id="1195609917">
    <nd ref="13235696116"/>
    <nd ref="11097085185"/>
    <nd ref="11097085194"/>
    <tag k="footway" v="sidewalk"/>
    <tag k="highway" v="footway"/>
    <tag k="lit" v="yes"/>
    <tag k="name" v="Queen Street"/>
    <tag k="street:name" v="Queen Street"/>
    <tag k="surface" v="paving_stones"/>
  </way>
  <way id="1195609918">
    <nd ref="5141877016"/>
    <nd ref="11097085189"/>
    <nd ref="11097085195"/>
    <nd ref="13235666390"/>
    <nd ref="11097085196"/>
    <tag k="footway" v="sidewalk"/>
    <tag k="highway" v="footway"/>
    <tag k="lit" v="yes"/>
    <tag k="name" v="College Hill"/>
    <tag k="street:name" v="College Hill"/>
    <tag k="surface" v="paving_stones"/>
  </way>
  <way id="1195609919">
    <nd ref="5141877013"/>
    <nd ref="11097085190"/>
    <nd ref="11097085197"/>
    <nd ref="11097085199"/>
    <tag k="footway" v="sidewalk"/>
    <tag k="highway" v="footway"/>
    <tag k="lit" v="yes"/>
    <tag k="name" v="College Hill"/>
    <tag k="street:name" v="College Hill"/>
    <tag k="surface" v="paving_stones"/>
  </way>
  <way id="1195628446">
    <nd ref="25067728"/>
    <nd ref="11097273108"/>
    <nd ref="11097273107"/>
    <nd ref="11097273106"/>
    <nd ref="11097273105"/>
    <nd ref="11097242604"/>
    <nd ref="11097242603"/>
    <nd ref="11097242599"/>
    <nd ref="11097242600"/>
    <nd ref="11097242601"/>
    <nd ref="11097242598"/>
    <nd ref="11097242602"/>
    <tag k="footway" v="sidewalk"/>
    <tag k="highway" v="footway"/>
  </way>
  <way id="1195628449">
    <nd ref="11097273116"/>
    <nd ref="11097273117"/>
    <nd ref="12905496421"/>
    <nd ref="11097273118"/>
    <nd ref="11097273109"/>
    <tag k="footway" v="sidewalk"/>
    <tag k="highway" v="footway"/>
  </way>
  <way id="1195628458">
    <nd ref="11097085165"/>
    <nd ref="11097273132"/>
    <tag k="footway" v="sidewalk"/>
    <tag k="highway" v="footway"/>
  </way>
  <way id="1195628462">
    <nd ref="11097085163"/>
    <nd ref="11097273138"/>
    <nd ref="11097273139"/>
    <nd ref="11097273140"/>
    <nd ref="11097273141"/>
    <tag k="footway" v="sidewalk"/>
    <tag k="highway" v="footway"/>
  </way>
  <way id="1196815237">
    <nd ref="11097085159"/>
    <nd ref="11104960033"/>
    <nd ref="11104960034"/>
    <nd ref="11104960035"/>
    <nd ref="11104960036"/>
    <tag k="footway" v="sidewalk"/>
    <tag k="highway" v="footway"/>
  </way>
  <way id="1196815238">
    <nd ref="11097085161"/>
    <nd ref="11104960037"/>
    <nd ref="12894718411"/>
    <nd ref="12894718410"/>
    <nd ref="11104960038"/>
    <tag k="footway" v="sidewalk"/>
    <tag k="highway" v="footway"/>
  </way>
  <way id="1196815241">
    <nd ref="11097085168"/>
    <nd ref="1569238052"/>
    <nd ref="11104960040"/>
    <nd ref="1312188740"/>
    <nd ref="11104960041"/>
    <nd ref="11104960042"/>
    <nd ref="12905474483"/>
    <tag k="footway" v="sidewalk"/>
    <tag k="highway" v="footway"/>
  </way>
  <way id="1196815242">
    <nd ref="11097085156"/>
    <nd ref="13238175748"/>
    <nd ref="11104960043"/>
    <nd ref="11104960044"/>
    <nd ref="5141625314"/>
    <nd ref="11104960046"/>
    <nd ref="5141625318"/>
    <nd ref="13235666357"/>
    <nd ref="13235666370"/>
    <nd ref="11104960045"/>
    <tag k="footway" v="sidewalk"/>
    <tag k="highway" v="footway"/>
    <tag k="name" v="Dowgate Hill"/>
    <tag k="surface" v="paving_stones"/>
  </way>
  <way id="1198144554">
    <nd ref="13019187888"/>
    <nd ref="11115208614"/>
    <nd ref="11115208615"/>
    <nd ref="11115208616"/>
    <nd ref="11115208617"/>
    <nd ref="11081871427"/>
    <tag k="footway" v="sidewalk"/>
    <tag k="highway" v="footway"/>
    <tag k="lit" v="yes"/>
    <tag k="name" v="Garlick Hill"/>
    <tag k="street:name" v="Garlick Hill"/>
    <tag k="surface" v="paved"/>
  </way>
  <way id="1198144555">
    <nd ref="11115208619"/>
    <nd ref="11115208620"/>
    <nd ref="11115208621"/>
    <nd ref="11115208685"/>
    <nd ref="11115208622"/>
    <nd ref="11115208653"/>
    <nd ref="13235666361"/>
    <tag k="footway" v="sidewalk"/>
    <tag k="highway" v="footway"/>
    <tag k="lit" v="yes"/>
    <tag k="name" v="Garlick Hill"/>
    <tag k="street:name" v="Garlick Hill"/>
    <tag k="surface" v="paved"/>
  </way>
  <way id="1198144557">
    <nd ref="11115208623"/>
    <nd ref="11115208624"/>
    <nd ref="11115208642"/>
    <nd ref="11115208626"/>
    <nd ref="11115208625"/>
    <nd ref="11115208627"/>
    <tag k="footway" v="sidewalk"/>
    <tag k="highway" v="footway"/>
  </way>
  <way id="1198144563">
    <nd ref="13235666361"/>
    <nd ref="11115208654"/>
    <nd ref="11115208655"/>
    <tag k="crossing" v="unmarked"/>
    <tag k="crossing:markings" v="no"/>
    <tag k="footway" v="crossing"/>
    <tag k="highway" v="footway"/>
    <tag k="lit" v="yes"/>
    <tag k="surface" v="sett"/>
  </way>
  <way id="1198144566">
    <nd ref="11844516932"/>
    <nd ref="11115208659"/>
    <nd ref="11115208660"/>
    <nd ref="11115208661"/>
    <nd ref="11115208662"/>
    <nd ref="11115208663"/>
    <nd ref="11115208667"/>
    <nd ref="11115208664"/>
    <nd ref="11115208665"/>
    <nd ref="11115208666"/>
    <nd ref="11115208655"/>
    <tag k="footway" v="sidewalk"/>
    <tag k="highway" v="footway"/>
    <tag k="lit" v="yes"/>
    <tag k="name" v="Little Trinity Lane"/>
    <tag k="surface" v="paved"/>
  </way>
  <way id="1198144568">
    <nd ref="11115208653"/>
    <nd ref="11115208674"/>
    <nd ref="11097085193"/>
    <tag k="footway" v="sidewalk"/>
    <tag k="highway" v="footway"/>
    <tag k="lit" v="yes"/>
    <tag k="name" v="Skinners Lane"/>
    <tag k="street:name" v="Skinners Lane"/>
    <tag k="surface" v="paving_stones"/>
  </way>
  <way id="1198144570">
    <nd ref="11115208675"/>
    <nd ref="13235666362"/>
    <nd ref="11115208678"/>
    <nd ref="13235666378"/>
    <tag k="footway" v="sidewalk"/>
    <tag k="highway" v="footway"/>
    <tag k="lit" v="yes"/>
    <tag k="name" v="Skinners Lane"/>
    <tag k="street:name" v="Skinners Lane"/>
    <tag k="surface" v="paving_stones"/>
  </way>
  <way id="1198144571">
    <nd ref="11115208676"/>
    <nd ref="11115208679"/>
    <nd ref="11115208680"/>
    <tag k="crossing" v="unmarked"/>
    <tag k="crossing:markings" v="no"/>
    <tag k="footway" v="crossing"/>
    <tag k="highway" v="footway"/>
    <tag k="lit" v="yes"/>
    <tag k="surface" v="asphalt"/>
  </way>
  <way id="1198144572">
    <nd ref="11115208680"/>
    <nd ref="11097085192"/>
    <tag k="footway" v="sidewalk"/>
    <tag k="highway" v="footway"/>
    <tag k="lit" v="yes"/>
    <tag k="surface" v="paving_stones"/>
  </way>
  <way id="1198144575">
    <nd ref="13019187891"/>
    <nd ref="11115208683"/>
    <nd ref="13019187890"/>
    <tag k="crossing" v="unmarked"/>
    <tag k="crossing:markings" v="no"/>
    <tag k="footway" v="crossing"/>
    <tag k="highway" v="footway"/>
  </way>
  <way id="1206951746">
    <nd ref="11097085157"/>
    <nd ref="5141625672"/>
    <tag k="highway" v="footway"/>
    <tag k="indoor" v="yes"/>
  </way>
  <way id="1206951747">
    <nd ref="11097085156"/>
    <nd ref="11208835416"/>
    <nd ref="11097085157"/>
    <tag k="footway" v="sidewalk"/>
    <tag k="highway" v="footway"/>
    <tag k="lit" v="yes"/>
    <tag k="name" v="Cannon Street"/>
    <tag k="street:name" v="Cannon Street"/>
    <tag k="surface" v="paving_stones"/>
  </way>
  <way id="1206951748">
    <nd ref="11097085157"/>
    <nd ref="11097085158"/>
    <tag k="footway" v="sidewalk"/>
    <tag k="highway" v="footway"/>
    <tag k="lit" v="yes"/>
    <tag k="name" v="Cannon Street"/>
    <tag k="street:name" v="Cannon Street"/>
    <tag k="surface" v="paving_stones"/>
  </way>
  <way id="1209802722">
    <nd ref="11208036213"/>
    <nd ref="11081568981"/>
    <tag k="crossing" v="unmarked"/>
    <tag k="crossing:markings" v="no"/>
    <tag k="footway" v="crossing"/>
    <tag k="highway" v="footway"/>
    <tag k="lit" v="yes"/>
    <tag k="surface" v="paved"/>
  </way>
  <way id="1209826448">
    <nd ref="11081617008"/>
    <nd ref="9856119638"/>
    <nd ref="13820952594"/>
    <tag k="crossing" v="unmarked"/>
    <tag k="crossing:markings" v="no"/>
    <tag k="footway" v="crossing"/>
    <tag k="highway" v="footway"/>
    <tag k="surface" v="paving_stones"/>
  </way>
  <way id="1209826449">
    <nd ref="2902624646"/>
    <nd ref="11081617006"/>
    <nd ref="12799881532"/>
    <nd ref="11081617008"/>
    <tag k="footway" v="sidewalk"/>
    <tag k="highway" v="footway"/>
    <tag k="lit" v="yes"/>
    <tag k="surface" v="paving_stones"/>
  </way>
  <way id="1209826450">
    <nd ref="13819722450"/>
    <nd ref="6985379286"/>
    <nd ref="13819722457"/>
    <tag k="crossing" v="traffic_signals"/>
    <tag k="crossing:markings" v="dots"/>
    <tag k="footway" v="crossing"/>
    <tag k="highway" v="footway"/>
    <tag k="lit" v="yes"/>
  </way>
  <way id="1209826451">
    <nd ref="13022543567"/>
    <nd ref="11208397659"/>
    <nd ref="13022543568"/>
    <tag k="crossing" v="traffic_signals"/>
    <tag k="crossing:island" v="no"/>
    <tag k="crossing:markings" v="dots"/>
    <tag k="crossing:signals" v="yes"/>
    <tag k="crossing_ref" v="pelican"/>
    <tag k="footway" v="crossing"/>
    <tag k="highway" v="footway"/>
    <tag k="lit" v="yes"/>
    <tag k="surface" v="asphalt"/>
  </way>
  <way id="1209837332">
    <nd ref="13021111715"/>
    <nd ref="7567588716"/>
    <nd ref="13021111716"/>
    <tag k="crossing" v="unmarked"/>
    <tag k="crossing:island" v="yes"/>
    <tag k="crossing:markings" v="no"/>
    <tag k="footway" v="crossing"/>
    <tag k="highway" v="footway"/>
    <tag k="lit" v="yes"/>
    <tag k="surface" v="asphalt"/>
  </way>
  <way id="1209837333">
    <nd ref="11083883410"/>
    <nd ref="8807431559"/>
    <nd ref="8807431554"/>
    <tag k="crossing" v="unmarked"/>
    <tag k="crossing:markings" v="no"/>
    <tag k="footway" v="crossing"/>
    <tag k="highway" v="footway"/>
    <tag k="surface" v="paved"/>
  </way>
  <way id="1209837334">
    <nd ref="12905474483"/>
    <nd ref="8807431552"/>
    <nd ref="8807431553"/>
    <nd ref="11083883410"/>
    <tag k="footway" v="sidewalk"/>
    <tag k="highway" v="footway"/>
    <tag k="lit" v="yes"/>
    <tag k="surface" v="paved"/>
  </way>
  <way id="1209878637">
    <nd ref="13019158628"/>
    <nd ref="9856119650"/>
    <nd ref="13019158629"/>
    <tag k="crossing" v="unmarked"/>
    <tag k="crossing:continuous" v="no"/>
    <tag k="crossing:island" v="no"/>
    <tag k="crossing:markings" v="no"/>
    <tag k="footway" v="crossing"/>
    <tag k="highway" v="footway"/>
    <tag k="surface" v="asphalt"/>
  </way>
  <way id="1209878638">
    <nd ref="12905474480"/>
    <nd ref="5141625702"/>
    <nd ref="12905474479"/>
    <tag k="crossing" v="traffic_signals"/>
    <tag k="crossing:markings" v="dots"/>
    <tag k="crossing:signals" v="yes"/>
    <tag k="footway" v="crossing"/>
    <tag k="highway" v="footway"/>
    <tag k="lit" v="yes"/>
    <tag k="surface" v="asphalt"/>
  </way>
  <way id="1209878639">
    <nd ref="12905474478"/>
    <nd ref="6369361791"/>
    <nd ref="12905474477"/>
    <tag k="crossing" v="traffic_signals"/>
    <tag k="crossing:markings" v="dots"/>
    <tag k="crossing:signals" v="yes"/>
    <tag k="footway" v="crossing"/>
    <tag k="highway" v="footway"/>
    <tag k="lit" v="yes"/>
    <tag k="surface" v="asphalt"/>
  </way>
  <way id="1210070379">
    <nd ref="13807857918"/>
    <nd ref="7906964250"/>
    <nd ref="13807857919"/>
    <tag k="crossing" v="traffic_signals"/>
    <tag k="crossing:markings" v="dots"/>
    <tag k="footway" v="crossing"/>
    <tag k="highway" v="footway"/>
    <tag k="surface" v="asphalt"/>
  </way>
  <way id="1210070380">
    <nd ref="13020905385"/>
    <nd ref="11208835415"/>
    <nd ref="12905474481"/>
    <nd ref="5141625728"/>
    <nd ref="12905474482"/>
    <nd ref="11210398716"/>
    <nd ref="13813298331"/>
    <nd ref="11097085172"/>
    <tag k="footway" v="sidewalk"/>
    <tag k="highway" v="footway"/>
    <tag k="lit" v="yes"/>
    <tag k="name" v="Cannon Street"/>
    <tag k="street:name" v="Cannon Street"/>
    <tag k="surface" v="paving_stones"/>
  </way>
  <way id="1210070381">
    <nd ref="13020905386"/>
    <nd ref="6369361787"/>
    <nd ref="13020905385"/>
    <tag k="crossing" v="traffic_signals"/>
    <tag k="crossing:markings" v="dots"/>
    <tag k="crossing:signals" v="yes"/>
    <tag k="crossing_ref" v="pelican"/>
    <tag k="footway" v="crossing"/>
    <tag k="highway" v="footway"/>
    <tag k="surface" v="paving_stones"/>
  </way>
  <way id="1210084726">
    <nd ref="10785674867"/>
    <nd ref="10785674868"/>
    <nd ref="11210474459"/>
    <tag k="crossing" v="unmarked"/>
    <tag k="crossing:markings" v="no"/>
    <tag k="footway" v="crossing"/>
    <tag k="highway" v="footway"/>
    <tag k="lit" v="yes"/>
    <tag k="note" v="New paving installed in 2023 has a Jubilee Walkway plaque"/>
    <tag k="surface" v="paving_stones"/>
  </way>
  <way id="1210084727">
    <nd ref="10660049638"/>
    <nd ref="10785674867"/>
    <tag k="footway" v="sidewalk"/>
    <tag k="highway" v="footway"/>
    <tag k="lit" v="yes"/>
    <tag k="name" v="Poultry"/>
    <tag k="note" v="New paving installed in 2023 has a Jubilee Walkway plaque"/>
    <tag k="street:name" v="Poultry"/>
    <tag k="surface" v="paving_stones"/>
  </way>
  <way id="1210084728">
    <nd ref="2538458888"/>
    <nd ref="13816483486"/>
    <nd ref="2538458902"/>
    <nd ref="2622222657"/>
    <tag k="foot" v="yes"/>
    <tag k="footway" v="sidewalk"/>
    <tag k="highway" v="footway"/>
    <tag k="lit" v="yes"/>
    <tag k="surface" v="asphalt"/>
  </way>
  <way id="1210084729">
    <nd ref="13816483487"/>
    <nd ref="2538458898"/>
    <nd ref="2538458888"/>
    <tag k="crossing" v="unmarked"/>
    <tag k="crossing:markings" v="no"/>
    <tag k="foot" v="yes"/>
    <tag k="footway" v="crossing"/>
    <tag k="highway" v="footway"/>
    <tag k="lit" v="yes"/>
    <tag k="surface" v="asphalt"/>
  </way>
  <way id="1210084730">
    <nd ref="8807431554"/>
    <nd ref="11210474460"/>
    <tag k="footway" v="sidewalk"/>
    <tag k="highway" v="footway"/>
    <tag k="lit" v="yes"/>
    <tag k="surface" v="paved"/>
  </way>
  <way id="1210084731">
    <nd ref="11210474460"/>
    <nd ref="8807431560"/>
    <nd ref="11083872810"/>
    <tag k="crossing" v="unmarked"/>
    <tag k="crossing:markings" v="no"/>
    <tag k="footway" v="crossing"/>
    <tag k="highway" v="footway"/>
    <tag k="surface" v="paving_stones"/>
  </way>
  <way id="1210084732">
    <nd ref="11210474462"/>
    <nd ref="5925584204"/>
    <nd ref="13816483485"/>
    <tag k="crossing" v="unmarked"/>
    <tag k="crossing:markings" v="no"/>
    <tag k="footway" v="crossing"/>
    <tag k="highway" v="footway"/>
    <tag k="lit" v="yes"/>
    <tag k="surface" v="asphalt"/>
  </way>
  <way id="1210084733">
    <nd ref="12769325491"/>
    <nd ref="1721678995"/>
    <nd ref="12769325490"/>
    <tag k="crossing" v="unmarked"/>
    <tag k="crossing:markings" v="no"/>
    <tag k="footway" v="crossing"/>
    <tag k="highway" v="footway"/>
    <tag k="surface" v="asphalt"/>
  </way>
  <way id="1215393221">
    <nd ref="11260325776"/>
    <nd ref="11260325775"/>
    <tag k="footway" v="sidewalk"/>
    <tag k="highway" v="footway"/>
  </way>
  <way id="1215393222">
    <nd ref="11260325778"/>
    <nd ref="11260325777"/>
    <tag k="footway" v="sidewalk"/>
    <tag k="highway" v="footway"/>
  </way>
  <way id="1215393223">
    <nd ref="11260325777"/>
    <nd ref="24950097"/>
    <nd ref="11260325776"/>
    <tag k="crossing" v="unmarked"/>
    <tag k="crossing:markings" v="no"/>
    <tag k="footway" v="crossing"/>
    <tag k="highway" v="footway"/>
  </way>
  <way id="1222645722">
    <nd ref="10863912212"/>
    <nd ref="11083872817"/>
    <nd ref="11057639057"/>
    <nd ref="11340458605"/>
    <tag k="foot" v="no"/>
    <tag k="highway" v="cycleway"/>
    <tag k="lit" v="yes"/>
    <tag k="name" v="Queen Victoria Street"/>
    <tag k="name:etymology:wikidata" v="Q9439"/>
    <tag k="oneway" v="yes"/>
    <tag k="ref:GB:usrn" v="8100442"/>
    <tag k="sidewalk:left" v="separate"/>
    <tag k="sidewalk:right" v="no"/>
    <tag k="surface" v="asphalt"/>
    <tag k="wikidata" v="Q4581969"/>
    <tag k="wikipedia" v="en:Queen Victoria Street, London"/>
  </way>
  <way id="1223899111">
    <nd ref="11352159653"/>
    <nd ref="7223298253"/>
    <nd ref="11352188649"/>
    <nd ref="11352159652"/>
    <tag k="crossing" v="unmarked"/>
    <tag k="crossing:markings" v="no"/>
    <tag k="footway" v="crossing"/>
    <tag k="highway" v="footway"/>
  </way>
  <way id="1259026831">
    <nd ref="11703969338"/>
    <nd ref="2793874559"/>
    <tag k="highway" v="footway"/>
    <tag k="name" v="Corbet Court"/>
    <tag k="source:name" v="local knowledge"/>
    <tag k="surface" v="paving_stones"/>
  </way>
  <way id="1259026832">
    <nd ref="11703969339"/>
    <nd ref="11703969338"/>
    <tag k="highway" v="footway"/>
    <tag k="name" v="Corbet Court"/>
    <tag k="source:name" v="local knowledge"/>
    <tag k="surface" v="paving_stones"/>
    <tag k="tunnel" v="building_passage"/>
  </way>
  <way id="1259026833">
    <nd ref="11703969340"/>
    <nd ref="25071142"/>
    <tag k="highway" v="footway"/>
    <tag k="lit" v="yes"/>
    <tag k="name" v="Corbet Court"/>
    <tag k="source:name" v="local knowledge"/>
    <tag k="surface" v="paving_stones"/>
  </way>
  <way id="1259026834">
    <nd ref="11703969341"/>
    <nd ref="11703969340"/>
    <tag k="highway" v="footway"/>
    <tag k="name" v="Corbet Court"/>
    <tag k="source:name" v="local knowledge"/>
    <tag k="surface" v="paving_stones"/>
    <tag k="tunnel" v="building_passage"/>
  </way>
  <way id="1262816665">
    <nd ref="11733338213"/>
    <nd ref="6369390696"/>
    <tag k="cycleway" v="no"/>
    <tag k="dual_carriageway" v="yes"/>
    <tag k="highway" v="tertiary"/>
    <tag k="lit" v="yes"/>
    <tag k="maxspeed" v="20 mph"/>
    <tag k="name" v="Queen Victoria Street"/>
    <tag k="name:etymology:wikidata" v="Q9439"/>
    <tag k="oneway" v="yes"/>
    <tag k="ref:GB:usrn" v="8100442"/>
    <tag k="sidewalk" v="no"/>
    <tag k="surface" v="asphalt"/>
    <tag k="wikidata" v="Q4581969"/>
    <tag k="wikipedia" v="en:Queen Victoria Street, London"/>
  </way>
  <way id="1262816666">
    <nd ref="11733338215"/>
    <nd ref="11733338213"/>
    <tag k="dual_carriageway" v="yes"/>
    <tag k="highway" v="tertiary"/>
    <tag k="lit" v="yes"/>
    <tag k="maxspeed" v="20 mph"/>
    <tag k="name" v="Cannon Street"/>
    <tag k="oneway" v="yes"/>
    <tag k="postal_code" v="EC4"/>
    <tag k="sidewalk" v="no"/>
    <tag k="surface" v="asphalt"/>
    <tag k="wikidata" v="Q2936432"/>
    <tag k="wikipedia" v="en:Cannon Street"/>
  </way>
  <way id="1262816667">
    <nd ref="11733338214"/>
    <nd ref="11733338213"/>
    <tag k="busway:opening_hours" v="Mo-Fr 07:00-10:00,16:00-19:00"/>
    <tag k="busway:right" v="lane"/>
    <tag k="cycleway" v="shared"/>
    <tag k="dual_carriageway" v="yes"/>
    <tag k="highway" v="tertiary"/>
    <tag k="lit" v="yes"/>
    <tag k="maxspeed" v="20 mph"/>
    <tag k="name" v="Queen Victoria Street"/>
    <tag k="name:etymology:wikidata" v="Q9439"/>
    <tag k="oneway" v="yes"/>
    <tag k="ref:GB:usrn" v="8100442"/>
    <tag k="sidewalk:left" v="separate"/>
    <tag k="sidewalk:right" v="no"/>
    <tag k="surface" v="asphalt"/>
    <tag k="wikidata" v="Q4581969"/>
    <tag k="wikipedia" v="en:Queen Victoria Street, London"/>
  </way>
  <way id="1262816668">
    <nd ref="11733338216"/>
    <nd ref="11733338215"/>
    <tag k="cycleway:left" v="lane"/>
    <tag k="dual_carriageway" v="yes"/>
    <tag k="highway" v="tertiary"/>
    <tag k="lit" v="yes"/>
    <tag k="maxspeed" v="20 mph"/>
    <tag k="name" v="Cannon Street"/>
    <tag k="oneway" v="yes"/>
    <tag k="sidewalk:left" v="separate"/>
    <tag k="sidewalk:right" v="no"/>
    <tag k="surface" v="asphalt"/>
    <tag k="wikidata" v="Q2936432"/>
  </way>
  <way id="1263720980">
    <nd ref="11741109338"/>
    <nd ref="11741109339"/>
    <tag k="highway" v="footway"/>
    <tag k="name" v="Bengal Court"/>
    <tag k="name:etymology:wikidata" v="Q80338"/>
    <tag k="source:name" v="local knowledge"/>
    <tag k="surface" v="paving_stones"/>
  </way>
  <way id="1263720981">
    <nd ref="25071133"/>
    <nd ref="11741109337"/>
    <tag k="highway" v="footway"/>
    <tag k="name" v="Bengal Court"/>
    <tag k="name:etymology:wikidata" v="Q80338"/>
    <tag k="source:name" v="local knowledge"/>
    <tag k="surface" v="paving_stones"/>
  </way>
  <way id="1263720982">
    <nd ref="11741109339"/>
    <nd ref="11741109340"/>
    <tag k="highway" v="footway"/>
    <tag k="name" v="Bengal Court"/>
    <tag k="name:etymology:wikidata" v="Q80338"/>
    <tag k="source:name" v="local knowledge"/>
    <tag k="surface" v="paving_stones"/>
    <tag k="tunnel" v="building_passage"/>
  </way>
  <way id="1263720983">
    <nd ref="11741109340"/>
    <nd ref="25248130"/>
    <tag k="highway" v="footway"/>
    <tag k="name" v="Bengal Court"/>
    <tag k="name:etymology:wikidata" v="Q80338"/>
    <tag k="source:name" v="local knowledge"/>
    <tag k="surface" v="paving_stones"/>
  </way>
  <way id="1264092433">
    <nd ref="11745018756"/>
    <nd ref="11745018757"/>
    <tag k="highway" v="footway"/>
    <tag k="lit" v="yes"/>
    <tag k="motor_vehicle" v="no"/>
    <tag k="name" v="Ball Court"/>
    <tag k="surface" v="paving_stones"/>
  </way>
  <way id="1264092434">
    <nd ref="11745018757"/>
    <nd ref="11745018758"/>
    <tag k="foot" v="yes"/>
    <tag k="highway" v="footway"/>
    <tag k="lit" v="yes"/>
    <tag k="name" v="Ball Court"/>
    <tag k="surface" v="paving_stones"/>
    <tag k="tunnel" v="building_passage"/>
  </way>
  <way id="1264092435">
    <nd ref="1497452174"/>
    <nd ref="11745018763"/>
    <tag k="foot" v="yes"/>
    <tag k="highway" v="footway"/>
    <tag k="lit" v="yes"/>
    <tag k="motor_vehicle" v="no"/>
    <tag k="name" v="Ball Court"/>
    <tag k="surface" v="paving_stones"/>
    <tag k="tunnel" v="building_passage"/>
  </way>
  <way id="1264092436">
    <nd ref="11745018763"/>
    <nd ref="12425016913"/>
    <tag k="foot" v="yes"/>
    <tag k="highway" v="footway"/>
    <tag k="lit" v="yes"/>
    <tag k="motor_vehicle" v="no"/>
    <tag k="name" v="Ball Court"/>
    <tag k="surface" v="paving_stones"/>
  </way>
  <way id="1264663568">
    <nd ref="2566132611"/>
    <nd ref="25067304"/>
    <nd ref="2566132610"/>
    <tag k="cycleway" v="opposite"/>
    <tag k="highway" v="unclassified"/>
    <tag k="lanes" v="1"/>
    <tag k="lit" v="yes"/>
    <tag k="maxspeed" v="20 mph"/>
    <tag k="name" v="Skinners Lane"/>
    <tag k="oneway" v="yes"/>
    <tag k="oneway:bicycle" v="no"/>
    <tag k="ref:GB:usrn" v="8100475"/>
    <tag k="sidewalk:left" v="no"/>
    <tag k="sidewalk:right" v="separate"/>
    <tag k="source:name" v="http://www.flickr.com/photos/7500206@N08/5632113082/"/>
    <tag k="surface" v="sett"/>
  </way>
  <way id="1264663569">
    <nd ref="11097085193"/>
    <nd ref="13235666363"/>
    <nd ref="2566132611"/>
    <nd ref="13235666364"/>
    <nd ref="11115208675"/>
    <tag k="footway" v="link"/>
    <tag k="highway" v="footway"/>
    <tag k="lit" v="yes"/>
    <tag k="surface" v="paved"/>
  </way>
  <way id="1264663570">
    <nd ref="11115208635"/>
    <nd ref="11115208636"/>
    <nd ref="11115208637"/>
    <tag k="footway" v="sidewalk"/>
    <tag k="highway" v="footway"/>
    <tag k="lit" v="yes"/>
    <tag k="name" v="Garlick Hill"/>
    <tag k="street:name" v="Garlick Hill"/>
    <tag k="surface" v="paved"/>
  </way>
  <way id="1264663571">
    <nd ref="11115208630"/>
    <nd ref="11115208641"/>
    <nd ref="11115208631"/>
    <nd ref="11115208632"/>
    <nd ref="11115208633"/>
    <nd ref="11115208634"/>
    <nd ref="11115208635"/>
    <tag k="footway" v="sidewalk"/>
    <tag k="highway" v="footway"/>
  </way>
  <way id="1264663574">
    <nd ref="11115208654"/>
    <nd ref="25067265"/>
    <tag k="cycleway" v="opposite"/>
    <tag k="highway" v="unclassified"/>
    <tag k="lanes" v="1"/>
    <tag k="lit" v="yes"/>
    <tag k="maxspeed" v="20 mph"/>
    <tag k="name" v="Skinners Lane"/>
    <tag k="oneway" v="yes"/>
    <tag k="oneway:bicycle" v="no"/>
    <tag k="ref:GB:usrn" v="8100475"/>
    <tag k="sidewalk:both" v="separate"/>
    <tag k="source:name" v="http://www.flickr.com/photos/7500206@N08/5632113082/"/>
    <tag k="surface" v="sett"/>
  </way>
  <way id="1264663575">
    <nd ref="11097085193"/>
    <nd ref="11097085192"/>
    <tag k="footway" v="sidewalk"/>
    <tag k="highway" v="footway"/>
    <tag k="lit" v="yes"/>
    <tag k="name" v="Skinners Lane"/>
    <tag k="street:name" v="Skinners Lane"/>
    <tag k="surface" v="paving_stones"/>
  </way>
  <way id="1265044998">
    <nd ref="11752126291"/>
    <nd ref="11752126292"/>
    <tag k="highway" v="footway"/>
    <tag k="name" v="Cowper's Court"/>
    <tag k="source:name" v="local knowledge"/>
    <tag k="surface" v="paving_stones"/>
    <tag k="tunnel" v="building_passage"/>
  </way>
  <way id="1265044999">
    <nd ref="24950061"/>
    <nd ref="13816483484"/>
    <nd ref="11752126291"/>
    <tag k="highway" v="footway"/>
    <tag k="name" v="Cowper's Court"/>
    <tag k="source:name" v="local knowledge"/>
    <tag k="surface" v="paving_stones"/>
  </way>
  <way id="1266353483">
    <nd ref="11762657743"/>
    <nd ref="25248129"/>
    <tag k="highway" v="footway"/>
    <tag k="name" v="Castle Court"/>
    <tag k="source:name" v="local knowledge"/>
    <tag k="surface" v="paving_stones"/>
  </way>
  <way id="1266353484">
    <nd ref="2793874583"/>
    <nd ref="11762657743"/>
    <tag k="highway" v="footway"/>
    <tag k="name" v="Castle Court"/>
    <tag k="source:name" v="local knowledge"/>
    <tag k="surface" v="paving_stones"/>
    <tag k="tunnel" v="building_passage"/>
  </way>
  <way id="1266355599">
    <nd ref="11762762798"/>
    <nd ref="250549670"/>
    <tag k="foot" v="yes"/>
    <tag k="highway" v="footway"/>
    <tag k="name" v="Austin Friars Passage"/>
    <tag k="name:etymology:wikidata" v="Q4823089"/>
  </way>
  <way id="1266355600">
    <nd ref="3832613086"/>
    <nd ref="11762762799"/>
    <tag k="foot" v="yes"/>
    <tag k="highway" v="footway"/>
    <tag k="name" v="Austin Friars Passage"/>
    <tag k="name:etymology:wikidata" v="Q4823089"/>
  </way>
  <way id="1266355601">
    <nd ref="11762762799"/>
    <nd ref="11762762798"/>
    <tag k="foot" v="yes"/>
    <tag k="highway" v="footway"/>
    <tag k="name" v="Austin Friars Passage"/>
    <tag k="name:etymology:wikidata" v="Q4823089"/>
    <tag k="tunnel" v="building_passage"/>
  </way>
  <way id="1266356041">
    <nd ref="11762772126"/>
    <nd ref="991123236"/>
    <tag k="foot" v="yes"/>
    <tag k="highway" v="footway"/>
    <tag k="lit" v="yes"/>
    <tag k="name" v="Pinner's Passage"/>
    <tag k="surface" v="paving_stones"/>
    <tag k="tunnel" v="building_passage"/>
  </way>
  <way id="1266356042">
    <nd ref="991123236"/>
    <nd ref="11762772127"/>
    <nd ref="13821868892"/>
    <nd ref="250327100"/>
    <tag k="foot" v="yes"/>
    <tag k="highway" v="footway"/>
    <tag k="lit" v="yes"/>
    <tag k="name" v="Pinner's Passage"/>
    <tag k="surface" v="paving_stones"/>
  </way>
  <way id="1266357762">
    <nd ref="11762755023"/>
    <nd ref="25069265"/>
    <tag k="highway" v="footway"/>
    <tag k="name" v="Sun Court"/>
    <tag k="surface" v="concrete"/>
    <tag k="tunnel" v="building_passage"/>
  </way>
  <way id="1266357763">
    <nd ref="11762755024"/>
    <nd ref="25069168"/>
    <nd ref="25069197"/>
    <tag k="highway" v="footway"/>
    <tag k="name" v="White Lion Court"/>
    <tag k="source:name" v="local knowledge"/>
    <tag k="surface" v="paving_stones"/>
    <tag k="tunnel" v="building_passage"/>
  </way>
  <way id="1266362065">
    <nd ref="11762795476"/>
    <nd ref="25069071"/>
    <tag k="highway" v="footway"/>
    <tag k="name" v="Newman's Court"/>
    <tag k="source:name" v="local knowledge"/>
    <tag k="tunnel" v="building_passage"/>
  </way>
  <way id="1266368116">
    <nd ref="11762795524"/>
    <nd ref="2642857103"/>
    <tag k="highway" v="footway"/>
    <tag k="name" v="Change Alley"/>
    <tag k="name:etymology:wikidata" v="Q1241240"/>
    <tag k="surface" v="paving_stones"/>
  </way>
  <way id="1266368117">
    <nd ref="11762795525"/>
    <nd ref="25070019"/>
    <nd ref="11762795524"/>
    <tag k="highway" v="footway"/>
    <tag k="name" v="Change Alley"/>
    <tag k="name:etymology:wikidata" v="Q1241240"/>
    <tag k="surface" v="paving_stones"/>
    <tag k="tunnel" v="building_passage"/>
  </way>
  <way id="1266368118">
    <nd ref="11762795526"/>
    <nd ref="25070030"/>
    <tag k="highway" v="footway"/>
    <tag k="name" v="Change Alley"/>
    <tag k="name:etymology:wikidata" v="Q1241240"/>
    <tag k="surface" v="paving_stones"/>
  </way>
  <way id="1266371189">
    <nd ref="11762882554"/>
    <nd ref="11762882553"/>
    <tag k="highway" v="footway"/>
    <tag k="name" v="Change Alley"/>
    <tag k="name:etymology:wikidata" v="Q1241240"/>
    <tag k="source:name" v="local knowledge"/>
    <tag k="surface" v="paving_stones"/>
    <tag k="tunnel" v="building_passage"/>
  </way>
  <way id="1266371190">
    <nd ref="11762882553"/>
    <nd ref="2538458899"/>
    <tag k="highway" v="footway"/>
    <tag k="name" v="Change Alley"/>
    <tag k="name:etymology:wikidata" v="Q1241240"/>
    <tag k="source:name" v="local knowledge"/>
    <tag k="surface" v="paving_stones"/>
  </way>
  <way id="1266381639">
    <nd ref="11762941322"/>
    <nd ref="25068862"/>
    <tag k="highway" v="footway"/>
    <tag k="lit" v="yes"/>
    <tag k="name" v="Royal Exchange Avenue"/>
    <tag k="source:name" v="local knowledge"/>
    <tag k="surface" v="paving_stones"/>
  </way>
  <way id="1266381640">
    <nd ref="11762941321"/>
    <nd ref="11762941322"/>
    <tag k="highway" v="footway"/>
    <tag k="lit" v="yes"/>
    <tag k="name" v="Royal Exchange Avenue"/>
    <tag k="source:name" v="local knowledge"/>
    <tag k="surface" v="paving_stones"/>
    <tag k="tunnel" v="building_passage"/>
  </way>
  <way id="1266398760">
    <nd ref="11763111789"/>
    <nd ref="13816415651"/>
    <nd ref="25248125"/>
    <tag k="highway" v="footway"/>
    <tag k="name" v="Bull's Head Passage"/>
    <tag k="surface" v="asphalt"/>
  </way>
  <way id="1266398761">
    <nd ref="11763111791"/>
    <nd ref="11763111789"/>
    <tag k="highway" v="footway"/>
    <tag k="name" v="Bull's Head Passage"/>
    <tag k="surface" v="asphalt"/>
    <tag k="tunnel" v="building_passage"/>
  </way>
  <way id="1266418990">
    <nd ref="1566269638"/>
    <nd ref="692162510"/>
    <tag k="highway" v="footway"/>
  </way>
  <way id="1266418991">
    <nd ref="11763290686"/>
    <nd ref="1566269638"/>
    <tag k="covered" v="yes"/>
    <tag k="highway" v="footway"/>
    <tag k="lit" v="yes"/>
  </way>
  <way id="1266442724">
    <nd ref="11763457216"/>
    <nd ref="12425017004"/>
    <nd ref="25248123"/>
    <tag k="highway" v="footway"/>
    <tag k="lit" v="yes"/>
    <tag k="name" v="St. Peter's Alley"/>
    <tag k="source:name" v="local knowledge"/>
    <tag k="surface" v="sett"/>
  </way>
  <way id="1266442725">
    <nd ref="11763457217"/>
    <nd ref="11763457216"/>
    <tag k="highway" v="footway"/>
    <tag k="lit" v="yes"/>
    <tag k="name" v="St. Peter's Alley"/>
    <tag k="source:name" v="local knowledge"/>
    <tag k="surface" v="paving_stones"/>
    <tag k="tunnel" v="building_passage"/>
  </way>
  <way id="1266489009">
    <nd ref="11763760495"/>
    <nd ref="25066337"/>
    <tag k="highway" v="footway"/>
    <tag k="name" v="Crown Court"/>
    <tag k="postal_code" v="EC2"/>
    <tag k="source:name" v="local knowledge"/>
  </way>
  <way id="1266489010">
    <nd ref="1721678987"/>
    <nd ref="11763760495"/>
    <tag k="highway" v="footway"/>
    <tag k="name" v="Crown Court"/>
    <tag k="postal_code" v="EC2"/>
    <tag k="source:name" v="local knowledge"/>
    <tag k="tunnel" v="building_passage"/>
  </way>
  <way id="1271486273">
    <nd ref="10660049642"/>
    <nd ref="11807401515"/>
    <tag k="footway" v="sidewalk"/>
    <tag k="highway" v="footway"/>
    <tag k="lit" v="yes"/>
    <tag k="surface" v="paving_stones"/>
  </way>
  <way id="1271486274">
    <nd ref="11807401516"/>
    <nd ref="5473274867"/>
    <tag k="footway" v="sidewalk"/>
    <tag k="highway" v="footway"/>
    <tag k="lit" v="yes"/>
    <tag k="surface" v="paving_stones"/>
  </way>
  <way id="1275719733">
    <nd ref="11115208637"/>
    <nd ref="11115208652"/>
    <nd ref="11115208651"/>
    <nd ref="11115208650"/>
    <nd ref="11115208649"/>
    <nd ref="11115208656"/>
    <nd ref="11115208648"/>
    <nd ref="11844516930"/>
    <tag k="footway" v="sidewalk"/>
    <tag k="highway" v="footway"/>
    <tag k="lit" v="yes"/>
    <tag k="name" v="Little Trinity Lane"/>
    <tag k="surface" v="paved"/>
  </way>
  <way id="1278178256">
    <nd ref="11866295836"/>
    <nd ref="11866295826"/>
    <nd ref="11866295834"/>
    <nd ref="1272830097"/>
    <tag k="highway" v="footway"/>
    <tag k="indoor" v="yes"/>
    <tag k="level" v="1"/>
  </way>
  <way id="1278178257">
    <nd ref="11866295837"/>
    <nd ref="11866295840"/>
    <nd ref="11866295843"/>
    <nd ref="11866295839"/>
    <nd ref="11866295838"/>
    <tag k="highway" v="footway"/>
    <tag k="indoor" v="yes"/>
    <tag k="level" v="1"/>
  </way>
  <way id="1278178258">
    <nd ref="11866295842"/>
    <nd ref="11866295829"/>
    <nd ref="11866295841"/>
    <tag k="highway" v="footway"/>
    <tag k="indoor" v="yes"/>
    <tag k="level" v="1"/>
  </way>
  <way id="1278178259">
    <nd ref="11866295844"/>
    <nd ref="11866295828"/>
    <nd ref="11866295843"/>
    <tag k="highway" v="footway"/>
    <tag k="indoor" v="yes"/>
    <tag k="level" v="1"/>
  </way>
  <way id="1278178260">
    <nd ref="11866295846"/>
    <nd ref="11866295827"/>
    <nd ref="11866295845"/>
    <tag k="highway" v="footway"/>
    <tag k="indoor" v="yes"/>
    <tag k="level" v="1"/>
  </way>
  <way id="1278329194">
    <nd ref="5839842270"/>
    <nd ref="12351437005"/>
    <nd ref="12036791889"/>
    <tag k="highway" v="footway"/>
    <tag k="surface" v="paving_stones"/>
  </way>
  <way id="1278329195">
    <nd ref="11872569337"/>
    <nd ref="11938289365"/>
    <tag k="est_width" v="4"/>
    <tag k="highway" v="cycleway"/>
    <tag k="lit" v="yes"/>
    <tag k="name" v="Threadneedle Street"/>
    <tag k="oneway" v="no"/>
    <tag k="sidewalk:both" v="separate"/>
    <tag k="source:name" v="local knowledge"/>
    <tag k="surface" v="asphalt"/>
  </way>
  <way id="1278889013">
    <nd ref="7636163631"/>
    <nd ref="8318797236"/>
    <nd ref="25248117"/>
    <nd ref="11872569334"/>
    <nd ref="2297373047"/>
    <nd ref="12085027789"/>
    <nd ref="12185201269"/>
    <nd ref="12085027790"/>
    <nd ref="11872569337"/>
    <tag k="highway" v="unclassified"/>
    <tag k="lane_markings" v="yes"/>
    <tag k="lanes" v="2"/>
    <tag k="lit" v="yes"/>
    <tag k="maxspeed" v="20 mph"/>
    <tag k="name" v="Threadneedle Street"/>
    <tag k="oneway" v="no"/>
    <tag k="sidewalk:both" v="separate"/>
    <tag k="source:name" v="local knowledge"/>
    <tag k="surface" v="asphalt"/>
  </way>
  <way id="1298255715">
    <nd ref="12027313109"/>
    <nd ref="10660373786"/>
    <nd ref="7840711614"/>
    <tag k="cyclestreets_id" v="173568"/>
    <tag k="cycleway:right" v="lane"/>
    <tag k="cycleway:right:oneway" v="-1"/>
    <tag k="highway" v="residential"/>
    <tag k="lanes" v="1"/>
    <tag k="lit" v="yes"/>
    <tag k="maxspeed" v="20 mph"/>
    <tag k="name" v="Old Jewry"/>
    <tag k="oneway" v="yes"/>
    <tag k="oneway:bicycle" v="no"/>
    <tag k="postal_code" v="EC2"/>
    <tag k="ref:GB:usrn" v="8100397"/>
    <tag k="sidewalk:both" v="separate"/>
    <tag k="source:name" v="local knowledge"/>
    <tag k="surface" v="asphalt"/>
    <tag k="wikidata" v="Q7084306"/>
  </way>
  <way id="1298255716">
    <nd ref="9042027865"/>
    <nd ref="11081617019"/>
    <nd ref="12027313110"/>
    <tag k="cyclestreets_id" v="173568"/>
    <tag k="cycleway:right" v="lane"/>
    <tag k="cycleway:right:oneway" v="-1"/>
    <tag k="highway" v="residential"/>
    <tag k="lanes" v="1"/>
    <tag k="lit" v="yes"/>
    <tag k="maxspeed" v="20 mph"/>
    <tag k="name" v="Old Jewry"/>
    <tag k="oneway" v="yes"/>
    <tag k="oneway:bicycle" v="no"/>
    <tag k="postal_code" v="EC2"/>
    <tag k="ref:GB:usrn" v="8100397"/>
    <tag k="sidewalk:both" v="separate"/>
    <tag k="source:name" v="local knowledge"/>
    <tag k="surface" v="asphalt"/>
    <tag k="wikidata" v="Q7084306"/>
  </way>
  <way id="1299392682">
    <nd ref="8869435273"/>
    <nd ref="12036747696"/>
    <tag k="footway" v="sidewalk"/>
    <tag k="highway" v="footway"/>
    <tag k="surface" v="paving_stones"/>
  </way>
  <way id="1299393310">
    <nd ref="12036791888"/>
    <nd ref="11867419174"/>
    <nd ref="11867419175"/>
    <tag k="highway" v="footway"/>
    <tag k="surface" v="paving_stones"/>
  </way>
  <way id="1299393311">
    <nd ref="12036791889"/>
    <nd ref="11867419173"/>
    <nd ref="12036791888"/>
    <tag k="crossing" v="unmarked"/>
    <tag k="crossing:markings" v="no"/>
    <tag k="footway" v="crossing"/>
    <tag k="highway" v="footway"/>
    <tag k="surface" v="paving_stones"/>
  </way>
  <way id="1300111267">
    <nd ref="12042516119"/>
    <nd ref="18395288"/>
    <tag k="highway" v="residential"/>
    <tag k="maxspeed" v="20 mph"/>
    <tag k="name" v="Frederick's Place"/>
    <tag k="name:etymology:wikidata" v="Q14809005"/>
    <tag k="postal_code" v="EC2R 8AB"/>
    <tag k="surface" v="asphalt"/>
  </way>
  <way id="1309088180">
    <nd ref="12122648316"/>
    <nd ref="12122648315"/>
    <nd ref="12122648314"/>
    <nd ref="12122648309"/>
    <tag k="highway" v="footway"/>
  </way>
  <way id="1314440619">
    <nd ref="5014115754"/>
    <nd ref="13513212448"/>
    <nd ref="12166171996"/>
    <tag k="bicycle" v="no"/>
    <tag k="covered" v="yes"/>
    <tag k="highway" v="pedestrian"/>
    <tag k="horse" v="no"/>
    <tag k="lit" v="yes"/>
    <tag k="name" v="Bloomberg Arcade"/>
    <tag k="name:etymology:wikidata" v="Q13977"/>
    <tag k="oneway" v="no"/>
    <tag k="surface" v="paving_stones"/>
    <tag k="tunnel" v="building_passage"/>
  </way>
  <way id="1328197065">
    <nd ref="25161357"/>
    <nd ref="2684431448"/>
    <nd ref="11097085175"/>
    <nd ref="2684431449"/>
    <nd ref="13235696110"/>
    <nd ref="11083837092"/>
    <tag k="bicycle" v="designated"/>
    <tag k="foot" v="designated"/>
    <tag k="highway" v="cycleway"/>
    <tag k="lit" v="yes"/>
    <tag k="name" v="Queen Street"/>
    <tag k="name:etymology:wikidata" v="Q176253"/>
    <tag k="oneway" v="no"/>
    <tag k="segregated" v="no"/>
    <tag k="surface" v="paving_stones"/>
  </way>
  <way id="1328197066">
    <nd ref="11083837092"/>
    <nd ref="6369361794"/>
    <nd ref="11083837094"/>
    <tag k="bicycle" v="designated"/>
    <tag k="crossing" v="traffic_signals"/>
    <tag k="crossing:markings" v="dots"/>
    <tag k="crossing:signals" v="yes"/>
    <tag k="cycleway" v="crossing"/>
    <tag k="foot" v="designated"/>
    <tag k="highway" v="cycleway"/>
    <tag k="lit" v="yes"/>
    <tag k="name" v="Queen Street"/>
    <tag k="name:etymology:wikidata" v="Q176253"/>
    <tag k="oneway" v="no"/>
    <tag k="segregated" v="no"/>
    <tag k="surface" v="paving_stones"/>
  </way>
  <way id="1339917397">
    <nd ref="5609659815"/>
    <nd ref="12394542619"/>
    <nd ref="12394542620"/>
    <nd ref="12394542621"/>
    <nd ref="12394542622"/>
    <nd ref="12394542617"/>
    <nd ref="12394542623"/>
    <nd ref="12394542618"/>
    <tag k="access" v="private"/>
    <tag k="highway" v="footway"/>
    <tag k="motor_vehicle" v="no"/>
    <tag k="surface" v="paved"/>
  </way>
  <way id="1339917398">
    <nd ref="5609659814"/>
    <nd ref="12394542623"/>
    <tag k="access" v="private"/>
    <tag k="highway" v="footway"/>
    <tag k="motor_vehicle" v="no"/>
    <tag k="surface" v="paved"/>
  </way>
  <way id="1339917399">
    <nd ref="5609659814"/>
    <nd ref="12394542624"/>
    <tag k="highway" v="footway"/>
    <tag k="surface" v="paved"/>
  </way>
  <way id="1339917400">
    <nd ref="5609659815"/>
    <nd ref="12394542625"/>
    <tag k="highway" v="footway"/>
    <tag k="surface" v="paved"/>
  </way>
  <way id="1342939708">
    <nd ref="2538458889"/>
    <nd ref="11762795523"/>
    <tag k="highway" v="footway"/>
    <tag k="name" v="Change Alley"/>
    <tag k="name:etymology:wikidata" v="Q1241240"/>
    <tag k="surface" v="paving_stones"/>
  </way>
  <way id="1342939709">
    <nd ref="2538458897"/>
    <nd ref="5473274716"/>
    <tag k="foot" v="yes"/>
    <tag k="highway" v="footway"/>
    <tag k="layer" v="-1"/>
    <tag k="name" v="Popes Head Alley"/>
    <tag k="surface" v="paving_stones"/>
    <tag k="tunnel" v="building_passage"/>
  </way>
  <way id="1342939710">
    <nd ref="5473274957"/>
    <nd ref="2642857191"/>
    <tag k="highway" v="footway"/>
  </way>
  <way id="1342939711">
    <nd ref="12425017012"/>
    <nd ref="11762795476"/>
    <tag k="highway" v="footway"/>
    <tag k="name" v="Newman's Court"/>
    <tag k="source:name" v="local knowledge"/>
    <tag k="surface" v="asphalt"/>
  </way>
  <way id="1342939712">
    <nd ref="4688513226"/>
    <nd ref="11762755024"/>
    <tag k="highway" v="footway"/>
    <tag k="name" v="White Lion Court"/>
    <tag k="source:name" v="local knowledge"/>
    <tag k="surface" v="paving_stones"/>
  </way>
  <way id="1342939713">
    <nd ref="4688513227"/>
    <nd ref="11762755023"/>
    <tag k="highway" v="footway"/>
    <tag k="name" v="Sun Court"/>
    <tag k="surface" v="concrete"/>
  </way>
  <way id="1342939714">
    <nd ref="2538458887"/>
    <nd ref="2642857183"/>
    <tag k="highway" v="footway"/>
    <tag k="lit" v="yes"/>
    <tag k="name" v="Change Alley"/>
    <tag k="name:etymology:wikidata" v="Q1241240"/>
    <tag k="source:name" v="local knowledge"/>
    <tag k="surface" v="paving_stones"/>
  </way>
  <way id="1354946221">
    <nd ref="12539294764"/>
    <nd ref="3375451558"/>
    <nd ref="12539294763"/>
    <nd ref="3375451555"/>
    <tag k="covered" v="yes"/>
    <tag k="highway" v="footway"/>
  </way>
  <way id="1355656821">
    <nd ref="4688513240"/>
    <nd ref="7369057229"/>
    <nd ref="12539294764"/>
    <tag k="footway" v="sidewalk"/>
    <tag k="highway" v="footway"/>
  </way>
  <way id="1372394206">
    <nd ref="13019187888"/>
    <nd ref="3233714194"/>
    <nd ref="13019187889"/>
    <tag k="crossing" v="unmarked"/>
    <tag k="crossing:markings" v="no"/>
    <tag k="footway" v="crossing"/>
    <tag k="highway" v="footway"/>
  </way>
  <way id="1372518155">
    <nd ref="11208698405"/>
    <nd ref="12708529375"/>
    <tag k="footway" v="link"/>
    <tag k="highway" v="footway"/>
    <tag k="lit" v="yes"/>
  </way>
  <way id="1372518156">
    <nd ref="12708529378"/>
    <nd ref="11208698406"/>
    <tag k="footway" v="link"/>
    <tag k="highway" v="footway"/>
    <tag k="lit" v="yes"/>
  </way>
  <way id="1372518157">
    <nd ref="12708529379"/>
    <nd ref="4830306813"/>
    <tag k="footway" v="link"/>
    <tag k="highway" v="footway"/>
    <tag k="lit" v="yes"/>
  </way>
  <way id="1375347807">
    <nd ref="12734457046"/>
    <nd ref="12539294764"/>
    <nd ref="12734457045"/>
    <nd ref="12734457044"/>
    <tag k="highway" v="service"/>
    <tag k="motor_vehicle" v="private"/>
    <tag k="service" v="driveway"/>
  </way>
  <way id="1377485897">
    <nd ref="107587"/>
    <nd ref="3381130092"/>
    <tag k="bicycle" v="yes"/>
    <tag k="bus" v="yes"/>
    <tag k="cycleway:right" v="share_busway"/>
    <tag k="highway" v="primary"/>
    <tag k="lanes" v="3"/>
    <tag k="lanes:backward" v="1"/>
    <tag k="lanes:forward" v="1"/>
    <tag k="lanes:psv:backward" v="1"/>
    <tag k="lit" v="yes"/>
    <tag k="maxspeed" v="20 mph"/>
    <tag k="name" v="Bishopsgate"/>
    <tag k="operator" v="Transport for London"/>
    <tag k="operator:wikidata" v="Q682520"/>
    <tag k="parking:both" v="no"/>
    <tag k="parking:both:restriction" v="no_stopping"/>
    <tag k="parking:both:restriction:reason" v="markings"/>
    <tag k="postal_code" v="EC2"/>
    <tag k="ref" v="A1213"/>
    <tag k="sidewalk:both" v="separate"/>
    <tag k="smoothness" v="good"/>
    <tag k="surface" v="asphalt"/>
    <tag k="vehicle:backward:conditional" v="no @ (Mo-Fr 07:00-19:00)"/>
    <tag k="vehicle:forward:conditional" v="no @ (Mo-Fr 00:00-07:00,19:00-24:00)"/>
    <tag k="wikidata" v="Q19399894"/>
  </way>
  <way id="1377485898">
    <nd ref="12754625500"/>
    <nd ref="4688513231"/>
    <tag k="highway" v="footway"/>
    <tag k="lit" v="yes"/>
    <tag k="surface" v="paving_stones"/>
  </way>
  <way id="1377485899">
    <nd ref="4688513230"/>
    <nd ref="12754675101"/>
    <tag k="highway" v="footway"/>
    <tag k="lit" v="yes"/>
    <tag k="surface" v="paving_stones"/>
  </way>
  <way id="1377485900">
    <nd ref="4688513235"/>
    <nd ref="12754675103"/>
    <nd ref="12784806113"/>
    <nd ref="12784806114"/>
    <nd ref="12755456439"/>
    <tag k="footway" v="sidewalk"/>
    <tag k="highway" v="footway"/>
    <tag k="lit" v="yes"/>
    <tag k="name" v="Bishopsgate"/>
    <tag k="surface" v="paving_stones"/>
  </way>
  <way id="1377485901">
    <nd ref="12754675103"/>
    <nd ref="4688513225"/>
    <tag k="highway" v="footway"/>
    <tag k="lit" v="yes"/>
    <tag k="surface" v="paving_stones"/>
  </way>
  <way id="1377488372">
    <nd ref="12754694102"/>
    <nd ref="12754694103"/>
    <tag k="highway" v="footway"/>
    <tag k="lit" v="yes"/>
    <tag k="surface" v="paving_stones"/>
  </way>
  <way id="1377488373">
    <nd ref="12754694104"/>
    <nd ref="12754694102"/>
    <tag k="crossing" v="traffic_signals"/>
    <tag k="crossing:island" v="yes"/>
    <tag k="crossing:markings" v="dots"/>
    <tag k="crossing:signals" v="yes"/>
    <tag k="footway" v="crossing"/>
    <tag k="highway" v="footway"/>
    <tag k="lit" v="yes"/>
    <tag k="surface" v="asphalt"/>
  </way>
  <way id="1377488374">
    <nd ref="12754694105"/>
    <nd ref="12425016908"/>
    <nd ref="12754694103"/>
    <nd ref="12425016905"/>
    <nd ref="12425093101"/>
    <nd ref="12425017004"/>
    <nd ref="12425017005"/>
    <nd ref="12754694106"/>
    <nd ref="4688513223"/>
    <tag k="foot" v="yes"/>
    <tag k="footway" v="sidewalk"/>
    <tag k="highway" v="footway"/>
    <tag k="lit" v="yes"/>
    <tag k="name" v="Gracechurch Street"/>
    <tag k="street:name" v="Gracechurch Street"/>
    <tag k="surface" v="paving_stones"/>
  </way>
  <way id="1378991585">
    <nd ref="12769325482"/>
    <nd ref="3533830193"/>
    <tag k="bicycle" v="yes"/>
    <tag k="highway" v="tertiary"/>
    <tag k="lanes" v="2"/>
    <tag k="lit" v="yes"/>
    <tag k="maxspeed" v="20 mph"/>
    <tag k="name" v="Cheapside"/>
    <tag k="postal_code" v="EC2"/>
    <tag k="sidewalk:both" v="separate"/>
    <tag k="surface" v="asphalt"/>
    <tag k="wikidata" v="Q1068693"/>
  </way>
  <way id="1378991586">
    <nd ref="12769325484"/>
    <nd ref="1684511838"/>
    <nd ref="7553887404"/>
    <tag k="crossing" v="traffic_signals"/>
    <tag k="crossing:markings" v="dots"/>
    <tag k="crossing:signals" v="yes"/>
    <tag k="footway" v="crossing"/>
    <tag k="highway" v="footway"/>
    <tag k="surface" v="asphalt"/>
  </way>
  <way id="1378991587">
    <nd ref="11083837066"/>
    <nd ref="12769325484"/>
    <tag k="footway" v="sidewalk"/>
    <tag k="highway" v="footway"/>
  </way>
  <way id="1378991588">
    <nd ref="7553887404"/>
    <nd ref="11083837067"/>
    <nd ref="11083837068"/>
    <nd ref="11083837069"/>
    <tag k="footway" v="sidewalk"/>
    <tag k="highway" v="footway"/>
    <tag k="surface" v="paving_stones"/>
  </way>
  <way id="1378991589">
    <nd ref="13021111717"/>
    <nd ref="8869435273"/>
    <nd ref="11083837067"/>
    <nd ref="12769325486"/>
    <tag k="footway" v="sidewalk"/>
    <tag k="highway" v="footway"/>
    <tag k="lit" v="yes"/>
    <tag k="name" v="Cheapside"/>
    <tag k="street:name" v="Cheapside"/>
    <tag k="surface" v="paving_stones"/>
  </way>
  <way id="1378991590">
    <nd ref="12769325487"/>
    <nd ref="11079664626"/>
    <tag k="footway" v="sidewalk"/>
    <tag k="highway" v="footway"/>
  </way>
  <way id="1378991591">
    <nd ref="11081617025"/>
    <nd ref="12769325488"/>
    <tag k="footway" v="sidewalk"/>
    <tag k="highway" v="footway"/>
  </way>
  <way id="1378991592">
    <nd ref="7836164765"/>
    <nd ref="25161345"/>
    <nd ref="12769325489"/>
    <tag k="bicycle" v="yes"/>
    <tag k="cycleway:right" v="lane"/>
    <tag k="highway" v="unclassified"/>
    <tag k="lanes" v="2"/>
    <tag k="lit" v="yes"/>
    <tag k="maxspeed" v="20 mph"/>
    <tag k="name" v="Cheapside"/>
    <tag k="oneway" v="no"/>
    <tag k="postal_code" v="EC2"/>
    <tag k="sidewalk:both" v="separate"/>
    <tag k="surface" v="asphalt"/>
    <tag k="was:highway" v="tertiary"/>
    <tag k="wikidata" v="Q1068693"/>
  </way>
  <way id="1378991593">
    <nd ref="12769325490"/>
    <nd ref="11210474463"/>
    <tag k="highway" v="footway"/>
    <tag k="surface" v="asphalt"/>
  </way>
  <way id="1378991594">
    <nd ref="11210474464"/>
    <nd ref="12769325491"/>
    <tag k="highway" v="footway"/>
    <tag k="surface" v="asphalt"/>
  </way>
  <way id="1381002043">
    <nd ref="4688513239"/>
    <nd ref="12754694106"/>
    <tag k="highway" v="footway"/>
  </way>
  <way id="1394025451">
    <nd ref="25248126"/>
    <nd ref="24951721"/>
    <nd ref="1566270189"/>
    <tag k="access" v="yes"/>
    <tag k="bicycle" v="yes"/>
    <tag k="cycleway:left" v="no"/>
    <tag k="cycleway:right" v="lane"/>
    <tag k="cycleway:right:lane" v="advisory"/>
    <tag k="cycleway:right:oneway" v="-1"/>
    <tag k="foot" v="yes"/>
    <tag k="highway" v="tertiary"/>
    <tag k="horse" v="yes"/>
    <tag k="lane_markings" v="no"/>
    <tag k="lit" v="yes"/>
    <tag k="maxspeed" v="20 mph"/>
    <tag k="motor_vehicle" v="yes"/>
    <tag k="name" v="Lombard Street"/>
    <tag k="note" v="Not tertiary because of one-way"/>
    <tag k="oneway" v="yes"/>
    <tag k="oneway:bicycle" v="no"/>
    <tag k="sidewalk:left" v="separate"/>
    <tag k="sidewalk:right" v="yes"/>
    <tag k="source:name" v="local knowledge"/>
    <tag k="source:width" v="ARCore"/>
    <tag k="surface" v="asphalt"/>
    <tag k="width" v="5.9"/>
    <tag k="wikidata" v="Q1432321"/>
    <tag k="wikipedia" v="en:Lombard Street, London"/>
  </way>
  <way id="1394025452">
    <nd ref="2642857212"/>
    <nd ref="13816483466"/>
    <nd ref="25248118"/>
    <tag k="cycleway:left" v="no"/>
    <tag k="cycleway:right" v="lane"/>
    <tag k="cycleway:right:lane" v="advisory"/>
    <tag k="cycleway:right:oneway" v="-1"/>
    <tag k="highway" v="unclassified"/>
    <tag k="lanes" v="1"/>
    <tag k="lit" v="yes"/>
    <tag k="maxspeed" v="20 mph"/>
    <tag k="name" v="Finch Lane"/>
    <tag k="oneway" v="yes"/>
    <tag k="oneway:bicycle" v="no"/>
    <tag k="parking:both" v="no"/>
    <tag k="sidewalk" v="both"/>
    <tag k="sidewalk:both:surface" v="asphalt"/>
    <tag k="source:name" v="local knowledge"/>
    <tag k="surface" v="asphalt"/>
  </way>
  <way id="1394111215">
    <nd ref="12905369756"/>
    <nd ref="12905369775"/>
    <nd ref="12905369771"/>
    <nd ref="12905369772"/>
    <nd ref="12905369774"/>
    <nd ref="11081568994"/>
    <nd ref="13021245637"/>
    <tag k="footway" v="sidewalk"/>
    <tag k="highway" v="footway"/>
    <tag k="lit" v="yes"/>
    <tag k="name" v="Coleman Street"/>
    <tag k="street:name" v="Coleman Street"/>
    <tag k="surface" v="paving_stones"/>
  </way>
  <way id="1394115575">
    <nd ref="25066419"/>
    <nd ref="12905378685"/>
    <nd ref="5090420610"/>
    <tag k="highway" v="service"/>
  </way>
  <way id="1394115576">
    <nd ref="12905378681"/>
    <nd ref="12905378682"/>
    <nd ref="12905378683"/>
    <tag k="crossing" v="unmarked"/>
    <tag k="crossing:markings" v="no"/>
    <tag k="footway" v="crossing"/>
    <tag k="highway" v="footway"/>
  </way>
  <way id="1394115577">
    <nd ref="11083837079"/>
    <nd ref="12905378685"/>
    <nd ref="12905378684"/>
    <tag k="crossing" v="unmarked"/>
    <tag k="crossing:markings" v="no"/>
    <tag k="footway" v="crossing"/>
    <tag k="highway" v="footway"/>
  </way>
  <way id="1394125670">
    <nd ref="12905474498"/>
    <nd ref="5473273425"/>
    <nd ref="12905474497"/>
    <tag k="crossing" v="unmarked"/>
    <tag k="crossing:markings" v="no"/>
    <tag k="footway" v="crossing"/>
    <tag k="highway" v="footway"/>
  </way>
  <way id="1394125671">
    <nd ref="12905496403"/>
    <nd ref="12905496402"/>
    <nd ref="12905474499"/>
    <nd ref="12905474498"/>
    <tag k="footway" v="sidewalk"/>
    <tag k="highway" v="footway"/>
    <tag k="lit" v="yes"/>
    <tag k="name" v="King William Street"/>
    <tag k="name:etymology:wikidata" v="Q130822"/>
    <tag k="street:name" v="King William Street"/>
    <tag k="surface" v="paving_stones"/>
  </way>
  <way id="1394125672">
    <nd ref="12905496404"/>
    <nd ref="385311590"/>
    <nd ref="12905496403"/>
    <tag k="crossing" v="uncontrolled"/>
    <tag k="crossing:markings" v="surface"/>
    <tag k="footway" v="crossing"/>
    <tag k="highway" v="footway"/>
  </way>
  <way id="1394125673">
    <nd ref="12905496411"/>
    <nd ref="13816415659"/>
    <nd ref="12905496410"/>
    <nd ref="12905496404"/>
    <tag k="footway" v="sidewalk"/>
    <tag k="highway" v="footway"/>
    <tag k="lit" v="yes"/>
    <tag k="surface" v="paving_stones"/>
  </way>
  <way id="1394125674">
    <nd ref="13816483496"/>
    <nd ref="12905496411"/>
    <tag k="footway" v="crossing"/>
    <tag k="highway" v="footway"/>
  </way>
  <way id="1394125680">
    <nd ref="8807431549"/>
    <nd ref="12905496432"/>
    <tag k="footway" v="sidewalk"/>
    <tag k="highway" v="footway"/>
    <tag k="lit" v="yes"/>
    <tag k="name" v="Cannon Street"/>
    <tag k="street:name" v="Cannon Street"/>
  </way>
  <way id="1394125681">
    <nd ref="12905496437"/>
    <nd ref="12905496433"/>
    <nd ref="12905496431"/>
    <nd ref="12905496432"/>
    <tag k="crossing" v="unmarked"/>
    <tag k="crossing:markings" v="no"/>
    <tag k="footway" v="crossing"/>
    <tag k="highway" v="footway"/>
  </way>
  <way id="1394207785">
    <nd ref="12906315024"/>
    <nd ref="1566269623"/>
    <nd ref="13167973029"/>
    <tag k="crossing" v="traffic_signals"/>
    <tag k="crossing:island" v="no"/>
    <tag k="crossing:markings" v="dots"/>
    <tag k="crossing:signals" v="yes"/>
    <tag k="footway" v="crossing"/>
    <tag k="highway" v="footway"/>
    <tag k="surface" v="asphalt"/>
  </way>
  <way id="1394207786">
    <nd ref="12754694105"/>
    <nd ref="12906315024"/>
    <tag k="footway" v="sidewalk"/>
    <tag k="highway" v="footway"/>
    <tag k="surface" v="paved"/>
  </way>
  <way id="1395818340">
    <nd ref="12905378684"/>
    <nd ref="11083837075"/>
    <tag k="footway" v="sidewalk"/>
    <tag k="highway" v="footway"/>
  </way>
  <way id="1395818341">
    <nd ref="11083837078"/>
    <nd ref="12905378681"/>
    <tag k="footway" v="sidewalk"/>
    <tag k="highway" v="footway"/>
  </way>
  <way id="1416395995">
    <nd ref="13016187594"/>
    <nd ref="11083837070"/>
    <tag k="footway" v="sidewalk"/>
    <tag k="highway" v="footway"/>
    <tag k="surface" v="paving_stones"/>
  </way>
  <way id="1416395996">
    <nd ref="11083837069"/>
    <nd ref="13016187595"/>
    <tag k="footway" v="sidewalk"/>
    <tag k="highway" v="footway"/>
    <tag k="surface" v="paving_stones"/>
  </way>
  <way id="1416395997">
    <nd ref="13016187597"/>
    <nd ref="11083837078"/>
    <tag k="footway" v="sidewalk"/>
    <tag k="highway" v="footway"/>
  </way>
  <way id="1416395998">
    <nd ref="11083837070"/>
    <nd ref="13016187596"/>
    <tag k="footway" v="sidewalk"/>
    <tag k="highway" v="footway"/>
  </way>
  <way id="1416395999">
    <nd ref="8807429651"/>
    <nd ref="11079664632"/>
    <tag k="footway" v="sidewalk"/>
    <tag k="highway" v="footway"/>
    <tag k="surface" v="asphalt"/>
  </way>
  <way id="1416396000">
    <nd ref="5090558494"/>
    <nd ref="8807429652"/>
    <tag k="footway" v="sidewalk"/>
    <tag k="highway" v="footway"/>
  </way>
  <way id="1416740219">
    <nd ref="6018098768"/>
    <nd ref="13018997641"/>
    <tag k="highway" v="footway"/>
    <tag k="lit" v="yes"/>
    <tag k="surface" v="paved"/>
  </way>
  <way id="1416740220">
    <nd ref="5473273435"/>
    <nd ref="25532384"/>
    <tag k="cycleway:left" v="no"/>
    <tag k="dual_carriageway" v="yes"/>
    <tag k="highway" v="primary"/>
    <tag k="lit" v="yes"/>
    <tag k="maxspeed" v="20 mph"/>
    <tag k="motor_vehicle:conditional" v="no @ (Mo-Fr 07:00-19:00)"/>
    <tag k="name" v="Gracechurch Street"/>
    <tag k="oneway" v="yes"/>
    <tag k="operator" v="Transport for London"/>
    <tag k="operator:wikidata" v="Q682520"/>
    <tag k="postal_code" v="EC3"/>
    <tag k="ref" v="A1213"/>
    <tag k="sidewalk" v="left"/>
    <tag k="surface" v="asphalt"/>
    <tag k="wikidata" v="Q5591440"/>
    <tag k="wikipedia" v="en:Gracechurch Street"/>
  </way>
  <way id="1416757752">
    <nd ref="13019113879"/>
    <nd ref="8807431542"/>
    <nd ref="8807431543"/>
    <nd ref="8807431544"/>
    <nd ref="8807431545"/>
    <nd ref="13813298317"/>
    <tag k="footway" v="sidewalk"/>
    <tag k="highway" v="footway"/>
    <tag k="lit" v="yes"/>
    <tag k="name" v="King William Street"/>
    <tag k="name:etymology:wikidata" v="Q130822"/>
    <tag k="street:name" v="King William Street"/>
    <tag k="surface" v="paving_stones"/>
  </way>
  <way id="1416757753">
    <nd ref="13019113878"/>
    <nd ref="8807431541"/>
    <nd ref="13019113879"/>
    <tag k="crossing" v="unmarked"/>
    <tag k="crossing:continuous" v="no"/>
    <tag k="crossing:island" v="no"/>
    <tag k="crossing:markings" v="no"/>
    <tag k="footway" v="crossing"/>
    <tag k="highway" v="footway"/>
    <tag k="lit" v="yes"/>
    <tag k="paving_stones:material" v="brick"/>
    <tag k="surface" v="paving_stones"/>
  </way>
  <way id="1416760917">
    <nd ref="11097085199"/>
    <nd ref="13235666385"/>
    <nd ref="13235666384"/>
    <nd ref="11097085198"/>
    <nd ref="13235666383"/>
    <nd ref="11097085191"/>
    <tag k="footway" v="sidewalk"/>
    <tag k="highway" v="footway"/>
  </way>
  <way id="1416760918">
    <nd ref="11097085196"/>
    <nd ref="13235666380"/>
    <nd ref="11097085194"/>
    <tag k="footway" v="sidewalk"/>
    <tag k="highway" v="footway"/>
    <tag k="surface" v="paving_stones"/>
  </way>
  <way id="1416760919">
    <nd ref="25067324"/>
    <nd ref="11097085186"/>
    <nd ref="5141877239"/>
    <nd ref="5141876996"/>
    <nd ref="13235666389"/>
    <nd ref="950703625"/>
    <nd ref="1726783391"/>
    <nd ref="950703626"/>
    <tag k="cycleway:both" v="no"/>
    <tag k="highway" v="residential"/>
    <tag k="lit" v="yes"/>
    <tag k="maxspeed" v="20 mph"/>
    <tag k="maxweightrating" v="7.5"/>
    <tag k="name" v="College Hill"/>
    <tag k="oneway" v="yes"/>
    <tag k="oneway:bicycle" v="no"/>
    <tag k="postal_code" v="EC4"/>
    <tag k="ref:GB:usrn" v="8100143"/>
    <tag k="sidewalk:both" v="separate"/>
    <tag k="source:name" v="local knowledge"/>
    <tag k="surface" v="asphalt"/>
    <tag k="wikidata" v="Q65740763"/>
  </way>
  <way id="1416760920">
    <nd ref="13019158626"/>
    <nd ref="13019158628"/>
    <tag k="highway" v="footway"/>
    <tag k="lit" v="yes"/>
    <tag k="surface" v="paving_stones"/>
  </way>
  <way id="1416760921">
    <nd ref="13019158627"/>
    <nd ref="13019158629"/>
    <tag k="highway" v="footway"/>
    <tag k="lit" v="yes"/>
    <tag k="surface" v="paving_stones"/>
  </way>
  <way id="1416762496">
    <nd ref="11097085175"/>
    <nd ref="13235696118"/>
    <nd ref="11097085174"/>
    <nd ref="11115208614"/>
    <tag k="footway" v="sidewalk"/>
    <tag k="highway" v="footway"/>
    <tag k="lit" v="yes"/>
    <tag k="name" v="Great St. Thomas Apostle"/>
    <tag k="street:name" v="Great St. Thomas Apostle"/>
    <tag k="surface" v="paved"/>
  </way>
  <way id="1416762497">
    <nd ref="13019187890"/>
    <nd ref="11115208627"/>
    <nd ref="11115208628"/>
    <nd ref="11115208629"/>
    <nd ref="11081871426"/>
    <tag k="footway" v="sidewalk"/>
    <tag k="highway" v="footway"/>
    <tag k="lit" v="yes"/>
    <tag k="name" v="Garlick Hill"/>
    <tag k="street:name" v="Garlick Hill"/>
    <tag k="surface" v="paved"/>
  </way>
  <way id="1416762498">
    <nd ref="13019187889"/>
    <nd ref="11115208618"/>
    <tag k="highway" v="footway"/>
    <tag k="lit" v="yes"/>
    <tag k="surface" v="paved"/>
  </way>
  <way id="1416762499">
    <nd ref="11115208635"/>
    <nd ref="13019187891"/>
    <tag k="highway" v="footway"/>
    <tag k="lit" v="yes"/>
    <tag k="surface" v="paved"/>
  </way>
  <way id="1416962728">
    <nd ref="12905474479"/>
    <nd ref="11208835415"/>
    <tag k="highway" v="footway"/>
    <tag k="lit" v="yes"/>
    <tag k="surface" v="paving_stones"/>
  </way>
  <way id="1416962729">
    <nd ref="11208835416"/>
    <nd ref="12905474480"/>
    <tag k="footway" v="sidewalk"/>
    <tag k="highway" v="footway"/>
    <tag k="lit" v="yes"/>
    <tag k="surface" v="paving_stones"/>
  </way>
  <way id="1416962730">
    <nd ref="12905474477"/>
    <nd ref="11208835417"/>
    <tag k="highway" v="footway"/>
    <tag k="lit" v="yes"/>
    <tag k="surface" v="paving_stones"/>
  </way>
  <way id="1416962731">
    <nd ref="11208835418"/>
    <nd ref="12905474478"/>
    <tag k="footway" v="sidewalk"/>
    <tag k="highway" v="footway"/>
    <tag k="lit" v="yes"/>
    <tag k="surface" v="paving_stones"/>
  </way>
  <way id="1416985677">
    <nd ref="13021111716"/>
    <nd ref="11208479718"/>
    <tag k="highway" v="footway"/>
    <tag k="lit" v="yes"/>
    <tag k="surface" v="paving_stones"/>
  </way>
  <way id="1416985678">
    <nd ref="11208479719"/>
    <nd ref="13021111715"/>
    <tag k="highway" v="footway"/>
    <tag k="lit" v="yes"/>
    <tag k="surface" v="paving_stones"/>
  </way>
  <way id="1416985679">
    <nd ref="5473274895"/>
    <nd ref="11208479718"/>
    <nd ref="13021111717"/>
    <tag k="footway" v="sidewalk"/>
    <tag k="highway" v="footway"/>
    <tag k="lit" v="yes"/>
    <tag k="name" v="Poultry"/>
    <tag k="street:name" v="Poultry"/>
    <tag k="surface" v="paving_stones"/>
  </way>
  <way id="1416985680">
    <nd ref="5473274896"/>
    <nd ref="5473274895"/>
    <tag k="footway" v="sidewalk"/>
    <tag k="highway" v="footway"/>
    <tag k="lit" v="yes"/>
    <tag k="name" v="Poultry"/>
    <tag k="street:name" v="Poultry"/>
    <tag k="surface" v="paving_stones"/>
  </way>
  <way id="1416999882">
    <nd ref="1718566880"/>
    <nd ref="11081568991"/>
    <nd ref="1718566883"/>
    <tag k="highway" v="service"/>
    <tag k="lit" v="yes"/>
  </way>
  <way id="1416999887">
    <nd ref="13021245639"/>
    <nd ref="11081568987"/>
    <nd ref="13022543576"/>
    <nd ref="11081568983"/>
    <nd ref="13021245643"/>
    <tag k="footway" v="sidewalk"/>
    <tag k="highway" v="footway"/>
    <tag k="lit" v="yes"/>
    <tag k="name" v="Gresham Street"/>
    <tag k="name:etymology:wikidata" v="Q318673"/>
    <tag k="street:name" v="Gresham Street"/>
    <tag k="surface" v="paving_stones"/>
  </way>
  <way id="1417070527">
    <nd ref="9030155653"/>
    <nd ref="2538458898"/>
    <nd ref="2195965722"/>
    <nd ref="1939558646"/>
    <nd ref="5218862786"/>
    <tag k="access" v="yes"/>
    <tag k="bicycle" v="yes"/>
    <tag k="foot" v="yes"/>
    <tag k="highway" v="tertiary"/>
    <tag k="horse" v="yes"/>
    <tag k="lane_markings" v="no"/>
    <tag k="lit" v="yes"/>
    <tag k="maxspeed" v="20 mph"/>
    <tag k="motor_vehicle" v="yes"/>
    <tag k="name" v="Lombard Street"/>
    <tag k="note" v="Not tertiary because of one-way"/>
    <tag k="oneway" v="yes"/>
    <tag k="oneway:bicycle" v="no"/>
    <tag k="sidewalk" v="both"/>
    <tag k="source:name" v="local knowledge"/>
    <tag k="surface" v="asphalt"/>
    <tag k="wikidata" v="Q1432321"/>
    <tag k="wikipedia" v="en:Lombard Street, London"/>
  </way>
  <way id="1417176409">
    <nd ref="11074295288"/>
    <nd ref="11074295289"/>
    <nd ref="11074295287"/>
    <nd ref="11074295276"/>
    <nd ref="11079475761"/>
    <nd ref="11074295290"/>
    <nd ref="11074295277"/>
    <nd ref="11079475760"/>
    <tag k="footway" v="sidewalk"/>
    <tag k="highway" v="footway"/>
    <tag k="lit" v="yes"/>
    <tag k="name" v="Gresham Street"/>
    <tag k="name:etymology:wikidata" v="Q318673"/>
    <tag k="street:name" v="Gresham Street"/>
    <tag k="surface" v="paved"/>
  </way>
  <way id="1417176410">
    <nd ref="13022543553"/>
    <nd ref="13022543555"/>
    <tag k="highway" v="footway"/>
    <tag k="lit" v="yes"/>
    <tag k="surface" v="paved"/>
  </way>
  <way id="1417176411">
    <nd ref="13022543556"/>
    <nd ref="13022543552"/>
    <tag k="highway" v="footway"/>
    <tag k="lit" v="yes"/>
    <tag k="surface" v="paved"/>
  </way>
  <way id="1417176412">
    <nd ref="13022543552"/>
    <nd ref="13022543554"/>
    <nd ref="13022543553"/>
    <tag k="crossing" v="unmarked"/>
    <tag k="crossing:continuous" v="no"/>
    <tag k="crossing:island" v="yes"/>
    <tag k="crossing:markings" v="no"/>
    <tag k="footway" v="crossing"/>
    <tag k="highway" v="footway"/>
    <tag k="lit" v="yes"/>
    <tag k="surface" v="paving_stones"/>
  </way>
  <way id="1417176413">
    <nd ref="13022543557"/>
    <nd ref="1311961985"/>
    <nd ref="1311962151"/>
    <nd ref="373402354"/>
    <tag k="highway" v="tertiary"/>
    <tag k="lanes" v="2"/>
    <tag k="lit" v="yes"/>
    <tag k="maxspeed" v="20 mph"/>
    <tag k="name" v="Gresham Street"/>
    <tag k="name:etymology:wikidata" v="Q318673"/>
    <tag k="postal_code" v="EC2"/>
    <tag k="ref:GB:usrn" v="8100255"/>
    <tag k="sidewalk:left" v="separate"/>
    <tag k="sidewalk:right" v="yes"/>
    <tag k="source:name" v="local knowledge"/>
    <tag k="surface" v="asphalt"/>
    <tag k="wikidata" v="Q5607603"/>
  </way>
  <way id="1417176414">
    <nd ref="13022543558"/>
    <nd ref="13022543554"/>
    <nd ref="13022543559"/>
    <nd ref="28800661"/>
    <tag k="cycleway:both" v="no"/>
    <tag k="highway" v="tertiary"/>
    <tag k="lanes" v="2"/>
    <tag k="lit" v="yes"/>
    <tag k="maxspeed" v="20 mph"/>
    <tag k="name" v="Gresham Street"/>
    <tag k="name:etymology:wikidata" v="Q318673"/>
    <tag k="postal_code" v="EC2"/>
    <tag k="ref:GB:usrn" v="8100255"/>
    <tag k="sidewalk:both" v="separate"/>
    <tag k="source:name" v="local knowledge"/>
    <tag k="surface" v="paving_stones"/>
    <tag k="wikidata" v="Q5607603"/>
  </way>
  <way id="1417176415">
    <nd ref="11079475743"/>
    <nd ref="11079475744"/>
    <nd ref="11079475745"/>
    <nd ref="11079475746"/>
    <nd ref="11079475756"/>
    <nd ref="11079475757"/>
    <tag k="footway" v="sidewalk"/>
    <tag k="highway" v="footway"/>
    <tag k="lit" v="yes"/>
    <tag k="name" v="Milk Street"/>
    <tag k="street:name" v="Milk Street"/>
    <tag k="surface" v="paved"/>
  </way>
  <way id="1417176416">
    <nd ref="11074295277"/>
    <nd ref="11074295278"/>
    <nd ref="11074295279"/>
    <nd ref="11074295280"/>
    <nd ref="11074295281"/>
    <nd ref="11074295282"/>
    <nd ref="11074295283"/>
    <nd ref="11074295284"/>
    <nd ref="11074295285"/>
    <tag k="footway" v="sidewalk"/>
    <tag k="highway" v="footway"/>
    <tag k="lit" v="yes"/>
    <tag k="name" v="Milk Street"/>
    <tag k="street:name" v="Milk Street"/>
    <tag k="surface" v="paved"/>
  </way>
  <way id="1417176417">
    <nd ref="11079475741"/>
    <nd ref="11079475742"/>
    <nd ref="11079475743"/>
    <tag k="footway" v="sidewalk"/>
    <tag k="highway" v="footway"/>
    <tag k="lit" v="yes"/>
    <tag k="name" v="Russia Row"/>
    <tag k="street:name" v="Russia Row"/>
    <tag k="surface" v="paved"/>
  </way>
  <way id="1417176418">
    <nd ref="13022543565"/>
    <nd ref="11083904927"/>
    <nd ref="11083904928"/>
    <tag k="footway" v="sidewalk"/>
    <tag k="highway" v="footway"/>
    <tag k="lit" v="yes"/>
    <tag k="name" v="Trump Street"/>
    <tag k="street:name" v="Trump Street"/>
    <tag k="surface" v="paved"/>
  </way>
  <way id="1417176419">
    <nd ref="11081617031"/>
    <nd ref="11083904932"/>
    <tag k="footway" v="sidewalk"/>
    <tag k="highway" v="footway"/>
    <tag k="lit" v="yes"/>
    <tag k="name" v="Trump Street"/>
    <tag k="street:name" v="Trump Street"/>
    <tag k="surface" v="paved"/>
  </way>
  <way id="1417176420">
    <nd ref="13022543560"/>
    <nd ref="13022543562"/>
    <tag k="highway" v="footway"/>
    <tag k="lit" v="yes"/>
    <tag k="surface" v="paved"/>
  </way>
  <way id="1417176421">
    <nd ref="13022543561"/>
    <nd ref="13022543564"/>
    <tag k="highway" v="footway"/>
    <tag k="lit" v="yes"/>
    <tag k="surface" v="paved"/>
  </way>
  <way id="1417176422">
    <nd ref="13022543566"/>
    <nd ref="11079475737"/>
    <nd ref="11074295286"/>
    <tag k="footway" v="sidewalk"/>
    <tag k="highway" v="footway"/>
    <tag k="lit" v="yes"/>
    <tag k="name" v="Russia Row"/>
    <tag k="street:name" v="Russia Row"/>
    <tag k="surface" v="paved"/>
  </way>
  <way id="1417176423">
    <nd ref="11079475741"/>
    <nd ref="13022543565"/>
    <tag k="footway" v="sidewalk"/>
    <tag k="highway" v="footway"/>
    <tag k="lit" v="yes"/>
    <tag k="name" v="Russia Row"/>
    <tag k="street:name" v="Russia Row"/>
    <tag k="surface" v="paved"/>
  </way>
  <way id="1417176424">
    <nd ref="13022543568"/>
    <nd ref="11208397658"/>
    <tag k="highway" v="footway"/>
    <tag k="lit" v="yes"/>
    <tag k="surface" v="paving_stones"/>
  </way>
  <way id="1417176425">
    <nd ref="11208397660"/>
    <nd ref="13022543567"/>
    <tag k="highway" v="footway"/>
    <tag k="lit" v="yes"/>
    <tag k="surface" v="paving_stones"/>
  </way>
  <way id="1417176426">
    <nd ref="13022543570"/>
    <nd ref="8869464354"/>
    <tag k="highway" v="footway"/>
    <tag k="lit" v="yes"/>
    <tag k="surface" v="paving_stones"/>
  </way>
  <way id="1417176427">
    <nd ref="8869435281"/>
    <nd ref="13022543569"/>
    <tag k="highway" v="footway"/>
    <tag k="lit" v="yes"/>
    <tag k="surface" v="paving_stones"/>
  </way>
  <way id="1417176428">
    <nd ref="8869435283"/>
    <nd ref="8869435284"/>
    <nd ref="8869435285"/>
    <tag k="footway" v="sidewalk"/>
    <tag k="highway" v="footway"/>
    <tag k="lit" v="yes"/>
    <tag k="name" v="Gresham Street"/>
    <tag k="name:etymology:wikidata" v="Q318673"/>
    <tag k="street:name" v="Gresham Street"/>
    <tag k="surface" v="paving_stones"/>
  </way>
  <way id="1417176429">
    <nd ref="13022543571"/>
    <nd ref="8869464356"/>
    <tag k="highway" v="footway"/>
    <tag k="lit" v="yes"/>
    <tag k="surface" v="paving_stones"/>
  </way>
  <way id="1417176430">
    <nd ref="8869435285"/>
    <nd ref="13022543572"/>
    <tag k="highway" v="footway"/>
    <tag k="lit" v="yes"/>
    <tag k="surface" v="paving_stones"/>
  </way>
  <way id="1417176431">
    <nd ref="13022543574"/>
    <nd ref="13022543575"/>
    <tag k="highway" v="footway"/>
    <tag k="lit" v="yes"/>
    <tag k="surface" v="paving_stones"/>
  </way>
  <way id="1417176432">
    <nd ref="13022543576"/>
    <nd ref="13022543573"/>
    <tag k="highway" v="footway"/>
    <tag k="lit" v="yes"/>
    <tag k="surface" v="paving_stones"/>
  </way>
  <way id="1417176433">
    <nd ref="13022543573"/>
    <nd ref="13022543577"/>
    <nd ref="13022543574"/>
    <tag k="crossing" v="unmarked"/>
    <tag k="crossing:continuous" v="no"/>
    <tag k="crossing:island" v="yes"/>
    <tag k="crossing:markings" v="no"/>
    <tag k="footway" v="crossing"/>
    <tag k="highway" v="footway"/>
    <tag k="lit" v="yes"/>
    <tag k="surface" v="asphalt"/>
  </way>
  <way id="1417176434">
    <nd ref="21307200"/>
    <nd ref="6985379285"/>
    <tag k="highway" v="tertiary"/>
    <tag k="lanes" v="2"/>
    <tag k="lit" v="yes"/>
    <tag k="maxspeed" v="20 mph"/>
    <tag k="name" v="Lothbury"/>
    <tag k="sidewalk:both" v="separate"/>
    <tag k="surface" v="asphalt"/>
  </way>
  <way id="1417176435">
    <nd ref="9042133642"/>
    <nd ref="1312264577"/>
    <nd ref="794039687"/>
    <nd ref="1312264524"/>
    <nd ref="13022543558"/>
    <tag k="highway" v="tertiary"/>
    <tag k="lanes" v="2"/>
    <tag k="lit" v="yes"/>
    <tag k="maxspeed" v="20 mph"/>
    <tag k="name" v="Gresham Street"/>
    <tag k="name:etymology:wikidata" v="Q318673"/>
    <tag k="postal_code" v="EC2"/>
    <tag k="ref:GB:usrn" v="8100255"/>
    <tag k="sidewalk:both" v="separate"/>
    <tag k="source:name" v="local knowledge"/>
    <tag k="surface" v="paving_stones"/>
    <tag k="wikidata" v="Q5607603"/>
  </way>
  <way id="1423084987">
    <nd ref="13078457363"/>
    <nd ref="2961549"/>
    <tag k="cycleway:left" v="lane"/>
    <tag k="cycleway:right" v="lane"/>
    <tag k="cycleway:right:oneway" v="-1"/>
    <tag k="disused:cycleway:left" v="lane"/>
    <tag k="highway" v="tertiary"/>
    <tag k="lanes" v="2"/>
    <tag k="lit" v="yes"/>
    <tag k="maxspeed" v="20 mph"/>
    <tag k="name" v="King William Street"/>
    <tag k="name:etymology:wikidata" v="Q130822"/>
    <tag k="oneway" v="yes"/>
    <tag k="oneway:bicycle" v="no"/>
    <tag k="sidewalk:both" v="separate"/>
    <tag k="surface" v="asphalt"/>
    <tag k="wikidata" v="Q3197044"/>
  </way>
  <way id="1423084988">
    <nd ref="2961549"/>
    <nd ref="13078457364"/>
    <tag k="cycleway:right" v="lane"/>
    <tag k="cycleway:right:oneway" v="-1"/>
    <tag k="disused:cycleway:left" v="lane"/>
    <tag k="highway" v="tertiary"/>
    <tag k="lit" v="yes"/>
    <tag k="maxspeed" v="20 mph"/>
    <tag k="name" v="King William Street"/>
    <tag k="name:etymology:wikidata" v="Q130822"/>
    <tag k="oneway" v="yes"/>
    <tag k="oneway:bicycle" v="no"/>
    <tag k="sidewalk" v="both"/>
    <tag k="surface" v="asphalt"/>
    <tag k="wikipedia" v="en:King William Street (London)"/>
  </way>
  <way id="1432596307">
    <nd ref="13167973024"/>
    <nd ref="11787344349"/>
    <nd ref="13810673622"/>
    <tag k="crossing" v="traffic_signals"/>
    <tag k="footway" v="crossing"/>
    <tag k="highway" v="footway"/>
  </way>
  <way id="1432596308">
    <nd ref="6018098768"/>
    <nd ref="13167973038"/>
    <nd ref="13167973037"/>
    <nd ref="13167973036"/>
    <nd ref="13167973035"/>
    <nd ref="13816415658"/>
    <nd ref="13167973034"/>
    <nd ref="13167973027"/>
    <nd ref="13167973026"/>
    <nd ref="13167973028"/>
    <nd ref="13167973029"/>
    <nd ref="13167973033"/>
    <nd ref="13167973032"/>
    <nd ref="13816415605"/>
    <tag k="footway" v="sidewalk"/>
    <tag k="highway" v="footway"/>
    <tag k="surface" v="asphalt"/>
  </way>
  <way id="1432596309">
    <nd ref="12908872650"/>
    <nd ref="13167973050"/>
    <nd ref="13167973049"/>
    <nd ref="13167973048"/>
    <nd ref="13167973047"/>
    <nd ref="13167973046"/>
    <nd ref="13810673621"/>
    <nd ref="13810673620"/>
    <nd ref="13810673530"/>
    <nd ref="13167973045"/>
    <nd ref="13810673531"/>
    <nd ref="13167973025"/>
    <nd ref="13167973044"/>
    <nd ref="13167973043"/>
    <nd ref="13810673534"/>
    <tag k="footway" v="sidewalk"/>
    <tag k="highway" v="footway"/>
  </way>
  <way id="1442491567">
    <nd ref="13235666378"/>
    <nd ref="13235666377"/>
    <nd ref="13235666376"/>
    <nd ref="13235666367"/>
    <nd ref="13235666366"/>
    <nd ref="13235666365"/>
    <tag k="footway" v="sidewalk"/>
    <tag k="highway" v="footway"/>
  </way>
  <way id="1442491568">
    <nd ref="11115208676"/>
    <nd ref="13235666362"/>
    <nd ref="11115208677"/>
    <tag k="bicycle" v="yes"/>
    <tag k="highway" v="footway"/>
  </way>
  <way id="1442491569">
    <nd ref="13235666382"/>
    <nd ref="13235666378"/>
    <nd ref="11082107122"/>
    <tag k="bicycle" v="yes"/>
    <tag k="highway" v="footway"/>
  </way>
  <way id="1442491570">
    <nd ref="13235666386"/>
    <nd ref="13235666385"/>
    <tag k="footway" v="sidewalk"/>
    <tag k="highway" v="footway"/>
  </way>
  <way id="1442491571">
    <nd ref="11097085197"/>
    <nd ref="13235666387"/>
    <nd ref="13235666389"/>
    <nd ref="13235666388"/>
    <nd ref="13235666390"/>
    <tag k="crossing" v="unmarked"/>
    <tag k="crossing:markings" v="no"/>
    <tag k="footway" v="crossing"/>
    <tag k="highway" v="footway"/>
  </way>
  <way id="1442491575">
    <nd ref="13235666386"/>
    <nd ref="5146186489"/>
    <nd ref="13235666391"/>
    <tag k="crossing" v="unmarked"/>
    <tag k="crossing:markings" v="no"/>
    <tag k="footway" v="crossing"/>
    <tag k="highway" v="footway"/>
    <tag k="surface" v="paving_stones"/>
  </way>
  <way id="1442491578">
    <nd ref="13235666380"/>
    <nd ref="13235666381"/>
    <nd ref="13235666379"/>
    <nd ref="13235666382"/>
    <tag k="crossing" v="unmarked"/>
    <tag k="crossing:markings" v="no"/>
    <tag k="footway" v="crossing"/>
    <tag k="highway" v="footway"/>
  </way>
  <way id="1442496074">
    <nd ref="5141877013"/>
    <nd ref="13235696111"/>
    <nd ref="5141877223"/>
    <tag k="crossing" v="unmarked"/>
    <tag k="crossing:markings" v="no"/>
    <tag k="footway" v="crossing"/>
    <tag k="highway" v="footway"/>
  </way>
  <way id="1442496075">
    <nd ref="5141877016"/>
    <nd ref="13235696112"/>
    <nd ref="5141877228"/>
    <tag k="crossing" v="unmarked"/>
    <tag k="crossing:markings" v="no"/>
    <tag k="footway" v="crossing"/>
    <tag k="highway" v="footway"/>
  </way>
  <way id="1442496076">
    <nd ref="13235696113"/>
    <nd ref="13235696118"/>
    <tag k="footway" v="sidewalk"/>
    <tag k="highway" v="footway"/>
  </way>
  <way id="1442496077">
    <nd ref="13235696115"/>
    <nd ref="13235696119"/>
    <tag k="footway" v="sidewalk"/>
    <tag k="highway" v="footway"/>
  </way>
  <way id="1442496078">
    <nd ref="13235696114"/>
    <nd ref="2387194158"/>
    <nd ref="13235696113"/>
    <tag k="crossing" v="marked"/>
    <tag k="crossing:markings" v="surface"/>
    <tag k="footway" v="crossing"/>
    <tag k="highway" v="footway"/>
  </way>
  <way id="1442496079">
    <nd ref="13235696116"/>
    <nd ref="13235696117"/>
    <nd ref="13235696115"/>
    <tag k="crossing" v="marked"/>
    <tag k="crossing:markings" v="surface"/>
    <tag k="footway" v="crossing"/>
    <tag k="highway" v="footway"/>
  </way>
  <way id="1442689398">
    <nd ref="2387194128"/>
    <nd ref="8807429661"/>
    <tag k="bicycle" v="yes"/>
    <tag k="highway" v="pedestrian"/>
    <tag k="historic" v="roman_road"/>
    <tag k="lit" v="yes"/>
    <tag k="maxspeed" v="20 mph"/>
    <tag k="motor_vehicle:conditional" v="no @ (Mo-Fr 08:00-18:00)"/>
    <tag k="name" v="Watling Street"/>
    <tag k="oneway" v="yes"/>
    <tag k="ref:GB:usrn" v="8100561"/>
    <tag k="sidewalk:left" v="separate"/>
    <tag k="sidewalk:right" v="no"/>
    <tag k="surface" v="paving_stones"/>
    <tag k="wikidata" v="Q65924241"/>
  </way>
  <way id="1442689399">
    <nd ref="13237810197"/>
    <nd ref="13237810192"/>
    <tag k="footway" v="sidewalk"/>
    <tag k="highway" v="footway"/>
  </way>
  <way id="1442689400">
    <nd ref="8807429650"/>
    <nd ref="13237810196"/>
    <tag k="footway" v="sidewalk"/>
    <tag k="highway" v="footway"/>
  </way>
  <way id="1442689401">
    <nd ref="13237810196"/>
    <nd ref="13237810193"/>
    <nd ref="13237810194"/>
    <nd ref="13237810195"/>
    <nd ref="13237810197"/>
    <tag k="crossing" v="traffic_signals"/>
    <tag k="crossing:markings" v="dots"/>
    <tag k="crossing:signals" v="yes"/>
    <tag k="footway" v="crossing"/>
    <tag k="highway" v="footway"/>
  </way>
  <way id="1442689402">
    <nd ref="13237810198"/>
    <nd ref="11079664631"/>
    <tag k="footway" v="sidewalk"/>
    <tag k="highway" v="footway"/>
    <tag k="lit" v="yes"/>
    <tag k="surface" v="asphalt"/>
  </way>
  <way id="1442689403">
    <nd ref="11208698404"/>
    <nd ref="13237810199"/>
    <tag k="footway" v="sidewalk"/>
    <tag k="highway" v="footway"/>
    <tag k="lit" v="yes"/>
    <tag k="surface" v="asphalt"/>
  </way>
  <way id="1442689404">
    <nd ref="6369401333"/>
    <nd ref="2387194134"/>
    <tag k="footway" v="traffic_island"/>
    <tag k="highway" v="footway"/>
    <tag k="lit" v="yes"/>
    <tag k="surface" v="asphalt"/>
  </way>
  <way id="1442689405">
    <nd ref="12905378688"/>
    <nd ref="8807429651"/>
    <tag k="footway" v="sidewalk"/>
    <tag k="highway" v="footway"/>
  </way>
  <way id="1442689406">
    <nd ref="12905378687"/>
    <nd ref="8807429661"/>
    <nd ref="12905378688"/>
    <tag k="crossing" v="unmarked"/>
    <tag k="crossing:markings" v="no"/>
    <tag k="footway" v="crossing"/>
    <tag k="highway" v="footway"/>
  </way>
  <way id="1442723260">
    <nd ref="12905474476"/>
    <nd ref="13238175748"/>
    <tag k="footway" v="sidewalk"/>
    <tag k="highway" v="footway"/>
    <tag k="surface" v="paving_stones"/>
  </way>
  <way id="1442723261">
    <nd ref="12905474475"/>
    <nd ref="13238175749"/>
    <tag k="footway" v="sidewalk"/>
    <tag k="highway" v="footway"/>
  </way>
  <way id="1442723266">
    <nd ref="13238175755"/>
    <nd ref="13813256598"/>
    <nd ref="13813298308"/>
    <nd ref="9476618294"/>
    <tag k="highway" v="footway"/>
    <tag k="name" v="St Stephen's Row"/>
    <tag k="surface" v="paving_stones"/>
  </way>
  <way id="1442723267">
    <nd ref="5090420965"/>
    <nd ref="25161347"/>
    <tag k="highway" v="unclassified"/>
    <tag k="lane_markings" v="no"/>
    <tag k="maxspeed" v="20 mph"/>
    <tag k="name" v="Pancras Lane"/>
    <tag k="name:etymology:wikidata" v="Q7595031"/>
    <tag k="sidewalk:both" v="no"/>
    <tag k="source:name" v="local knowledge"/>
    <tag k="surface" v="paving_stones"/>
  </way>
  <way id="1442723268">
    <nd ref="11079664629"/>
    <nd ref="25161347"/>
    <tag k="highway" v="unclassified"/>
    <tag k="maxspeed" v="20 mph"/>
    <tag k="name" v="Well Court"/>
    <tag k="postal_code" v="EC4"/>
    <tag k="sidewalk:both" v="no"/>
    <tag k="surface" v="paving_stones"/>
  </way>
  <way id="1442723269">
    <nd ref="13238175760"/>
    <nd ref="13238175759"/>
    <nd ref="13238175757"/>
    <nd ref="13238175758"/>
    <tag k="footway" v="sidewalk"/>
    <tag k="highway" v="footway"/>
  </way>
  <way id="1443564025">
    <nd ref="11081569003"/>
    <nd ref="13820967103"/>
    <nd ref="11081569004"/>
    <nd ref="13246583438"/>
    <nd ref="13246583437"/>
    <nd ref="13396212824"/>
    <nd ref="13246583433"/>
    <tag k="footway" v="sidewalk"/>
    <tag k="highway" v="footway"/>
    <tag k="surface" v="paving_stones"/>
  </way>
  <way id="1443564031">
    <nd ref="13246583435"/>
    <nd ref="13246583437"/>
    <tag k="footway" v="sidewalk"/>
    <tag k="highway" v="footway"/>
  </way>
  <way id="1445283567">
    <nd ref="13260285731"/>
    <nd ref="1718233994"/>
    <nd ref="1718233957"/>
    <nd ref="1718233922"/>
    <nd ref="8438226815"/>
    <nd ref="8869435268"/>
    <nd ref="7553887415"/>
    <nd ref="25161368"/>
    <tag k="highway" v="residential"/>
    <tag k="lanes" v="1"/>
    <tag k="lit" v="yes"/>
    <tag k="maxspeed" v="20 mph"/>
    <tag k="name" v="Ironmonger Lane"/>
    <tag k="oneway:bicycle" v="no"/>
    <tag k="postal_code" v="EC2"/>
    <tag k="ref:GB:usrn" v="8100296"/>
    <tag k="sidewalk:left" v="yes"/>
    <tag k="sidewalk:right" v="separate"/>
    <tag k="source:name" v="local knowledge"/>
    <tag k="surface" v="paving_stones"/>
    <tag k="wikidata" v="Q6073210"/>
  </way>
  <way id="1450106863">
    <nd ref="24950114"/>
    <nd ref="4077593104"/>
    <tag k="cycleway:right" v="lane"/>
    <tag k="disused:cycleway:left" v="lane"/>
    <tag k="highway" v="tertiary"/>
    <tag k="lanes" v="2"/>
    <tag k="lit" v="yes"/>
    <tag k="maxspeed" v="20 mph"/>
    <tag k="name" v="King William Street"/>
    <tag k="name:etymology:wikidata" v="Q130822"/>
    <tag k="oneway" v="yes"/>
    <tag k="oneway:bicycle" v="no"/>
    <tag k="sidewalk:both" v="separate"/>
    <tag k="surface" v="asphalt"/>
    <tag k="wikidata" v="Q3197044"/>
  </way>
  <way id="1510463599">
    <nd ref="13807857914"/>
    <nd ref="13807857911"/>
    <tag k="footway" v="sidewalk"/>
    <tag k="highway" v="footway"/>
  </way>
  <way id="1510463601">
    <nd ref="11097085159"/>
    <nd ref="13807857915"/>
    <tag k="footway" v="sidewalk"/>
    <tag k="highway" v="footway"/>
  </way>
  <way id="1510463602">
    <nd ref="13807857916"/>
    <nd ref="11097085161"/>
    <tag k="footway" v="sidewalk"/>
    <tag k="highway" v="footway"/>
  </way>
  <way id="1510463604">
    <nd ref="11097273131"/>
    <nd ref="12905496428"/>
    <tag k="footway" v="sidewalk"/>
    <tag k="highway" v="footway"/>
  </way>
  <way id="1510463608">
    <nd ref="5096270632"/>
    <nd ref="11104960034"/>
    <tag k="footway" v="sidewalk"/>
    <tag k="highway" v="footway"/>
  </way>
  <way id="1510463609">
    <nd ref="11210398717"/>
    <nd ref="13807857918"/>
    <tag k="crossing:markings" v="dots"/>
    <tag k="footway" v="sidewalk"/>
    <tag k="highway" v="footway"/>
    <tag k="surface" v="asphalt"/>
  </way>
  <way id="1510463610">
    <nd ref="13807857919"/>
    <nd ref="11210398716"/>
    <tag k="crossing:markings" v="dots"/>
    <tag k="footway" v="sidewalk"/>
    <tag k="highway" v="footway"/>
    <tag k="surface" v="asphalt"/>
  </way>
  <way id="1510884326">
    <nd ref="13810673539"/>
    <nd ref="13810673540"/>
    <nd ref="13810673508"/>
    <tag k="footway" v="sidewalk"/>
    <tag k="highway" v="footway"/>
  </way>
  <way id="1510884328">
    <nd ref="13810673509"/>
    <nd ref="5473273434"/>
    <tag k="footway" v="sidewalk"/>
    <tag k="highway" v="footway"/>
  </way>
  <way id="1510884329">
    <nd ref="13810673511"/>
    <nd ref="13810673535"/>
    <nd ref="13810673512"/>
    <nd ref="13810673534"/>
    <tag k="footway" v="sidewalk"/>
    <tag k="highway" v="footway"/>
  </way>
  <way id="1510884330">
    <nd ref="3272712567"/>
    <nd ref="13810673513"/>
    <nd ref="13810673514"/>
    <tag k="footway" v="sidewalk"/>
    <tag k="highway" v="footway"/>
  </way>
  <way id="1510884359">
    <nd ref="13810673511"/>
    <nd ref="13810673611"/>
    <nd ref="13810673612"/>
    <nd ref="13810673613"/>
    <nd ref="13810673614"/>
    <nd ref="13810673615"/>
    <nd ref="13810673616"/>
    <nd ref="13810673617"/>
    <nd ref="13810673618"/>
    <nd ref="12908872658"/>
    <tag k="footway" v="sidewalk"/>
    <tag k="highway" v="footway"/>
  </way>
  <way id="1510884362">
    <nd ref="13810673622"/>
    <nd ref="13167973025"/>
    <tag k="footway" v="crossing"/>
    <tag k="highway" v="footway"/>
  </way>
  <way id="1510884365">
    <nd ref="5473273434"/>
    <nd ref="13810673623"/>
    <nd ref="13810673624"/>
    <nd ref="13810673625"/>
    <nd ref="13810673626"/>
    <tag k="footway" v="sidewalk"/>
    <tag k="highway" v="footway"/>
  </way>
  <way id="1510884366">
    <nd ref="13810673627"/>
    <nd ref="5473273434"/>
    <tag k="crossing:markings" v="dots"/>
    <tag k="crossing:signals" v="yes"/>
    <tag k="footway" v="sidewalk"/>
    <tag k="highway" v="footway"/>
    <tag k="lit" v="yes"/>
    <tag k="surface" v="asphalt"/>
  </way>
  <way id="1511177075">
    <nd ref="13812694649"/>
    <nd ref="13812694650"/>
    <tag k="footway" v="sidewalk"/>
    <tag k="highway" v="footway"/>
  </way>
  <way id="1511177077">
    <nd ref="13235666365"/>
    <nd ref="13812694652"/>
    <tag k="footway" v="sidewalk"/>
    <tag k="highway" v="footway"/>
  </way>
  <way id="1511177083">
    <nd ref="11115208627"/>
    <nd ref="13812694662"/>
    <tag k="footway" v="sidewalk"/>
    <tag k="highway" v="footway"/>
  </way>
  <way id="1511177084">
    <nd ref="11115208614"/>
    <nd ref="13812694663"/>
    <tag k="footway" v="sidewalk"/>
    <tag k="highway" v="footway"/>
  </way>
  <way id="1511177085">
    <nd ref="13812694662"/>
    <nd ref="13812694664"/>
    <nd ref="13812694663"/>
    <tag k="crossing" v="unmarked"/>
    <tag k="crossing:markings" v="no"/>
    <tag k="footway" v="crossing"/>
    <tag k="highway" v="footway"/>
  </way>
  <way id="1511177086">
    <nd ref="11097085192"/>
    <nd ref="13812694665"/>
    <tag k="footway" v="sidewalk"/>
    <tag k="highway" v="footway"/>
  </way>
  <way id="1511177087">
    <nd ref="11097085194"/>
    <nd ref="13812694666"/>
    <tag k="footway" v="sidewalk"/>
    <tag k="highway" v="footway"/>
  </way>
  <way id="1511177088">
    <nd ref="13812694665"/>
    <nd ref="13812694667"/>
    <nd ref="13812694666"/>
    <tag k="crossing" v="unmarked"/>
    <tag k="crossing:markings" v="no"/>
    <tag k="footway" v="crossing"/>
    <tag k="highway" v="footway"/>
  </way>
  <way id="1511284133">
    <nd ref="13813298301"/>
    <nd ref="13813298302"/>
    <nd ref="10660049642"/>
    <tag k="footway" v="sidewalk"/>
    <tag k="highway" v="footway"/>
  </way>
  <way id="1511284134">
    <nd ref="13813298301"/>
    <nd ref="13813298303"/>
    <nd ref="13813298304"/>
    <nd ref="13813298305"/>
    <nd ref="13813298306"/>
    <nd ref="13813298307"/>
    <nd ref="13813298308"/>
    <tag k="footway" v="sidewalk"/>
    <tag k="highway" v="footway"/>
  </way>
  <way id="1511284135">
    <nd ref="13813298309"/>
    <nd ref="13813298310"/>
    <nd ref="13813298311"/>
    <nd ref="13813298312"/>
    <nd ref="13813298313"/>
    <nd ref="13813298314"/>
    <nd ref="13813298315"/>
    <nd ref="13813298316"/>
    <nd ref="13813298317"/>
    <tag k="footway" v="sidewalk"/>
    <tag k="highway" v="footway"/>
  </way>
  <way id="1511284136">
    <nd ref="13813298317"/>
    <nd ref="13813298318"/>
    <nd ref="8807431546"/>
    <tag k="crossing" v="unmarked"/>
    <tag k="crossing:markings" v="no"/>
    <tag k="footway" v="crossing"/>
    <tag k="highway" v="footway"/>
    <tag k="lit" v="yes"/>
    <tag k="name" v="King William Street"/>
    <tag k="name:etymology:wikidata" v="Q130822"/>
    <tag k="street:name" v="King William Street"/>
    <tag k="surface" v="paving_stones"/>
  </way>
  <way id="1511284137">
    <nd ref="8807431546"/>
    <nd ref="12905474483"/>
    <tag k="crossing" v="unmarked"/>
    <tag k="crossing:markings" v="no"/>
    <tag k="footway" v="crossing"/>
    <tag k="highway" v="footway"/>
    <tag k="lit" v="yes"/>
    <tag k="surface" v="paved"/>
  </way>
  <way id="1511284138">
    <nd ref="13813298319"/>
    <nd ref="13813298320"/>
    <nd ref="13813298321"/>
    <nd ref="13813298322"/>
    <nd ref="13813298323"/>
    <nd ref="13813298324"/>
    <nd ref="13813298325"/>
    <nd ref="13813298326"/>
    <nd ref="13813298327"/>
    <nd ref="13813298328"/>
    <nd ref="13813298329"/>
    <nd ref="13813298330"/>
    <nd ref="13813298331"/>
    <tag k="footway" v="sidewalk"/>
    <tag k="highway" v="footway"/>
  </way>
  <way id="1511284139">
    <nd ref="11210474460"/>
    <nd ref="13823325381"/>
    <nd ref="13813298333"/>
    <nd ref="13813298334"/>
    <nd ref="13813298335"/>
    <nd ref="13813298336"/>
    <nd ref="13813298337"/>
    <nd ref="13813298338"/>
    <nd ref="13813298339"/>
    <nd ref="13813298340"/>
    <tag k="footway" v="sidewalk"/>
    <tag k="highway" v="footway"/>
  </way>
  <way id="1511787466">
    <nd ref="13816372291"/>
    <nd ref="13816372292"/>
    <nd ref="13816372293"/>
    <tag k="footway" v="sidewalk"/>
    <tag k="highway" v="footway"/>
  </way>
  <way id="1511787467">
    <nd ref="13816372293"/>
    <nd ref="13816372294"/>
    <nd ref="13816372295"/>
    <tag k="footway" v="sidewalk"/>
    <tag k="highway" v="footway"/>
  </way>
  <way id="1511787468">
    <nd ref="13816372295"/>
    <nd ref="13816372296"/>
    <nd ref="13816372297"/>
    <tag k="footway" v="sidewalk"/>
    <tag k="highway" v="footway"/>
  </way>
  <way id="1511787469">
    <nd ref="13816372298"/>
    <nd ref="13816372299"/>
    <tag k="footway" v="sidewalk"/>
    <tag k="highway" v="footway"/>
  </way>
  <way id="1511787470">
    <nd ref="13816372299"/>
    <nd ref="13816372300"/>
    <tag k="footway" v="sidewalk"/>
    <tag k="highway" v="footway"/>
  </way>
  <way id="1511787471">
    <nd ref="13816415601"/>
    <nd ref="13816415602"/>
    <tag k="footway" v="sidewalk"/>
    <tag k="highway" v="footway"/>
  </way>
  <way id="1511787472">
    <nd ref="13816372291"/>
    <nd ref="13816415603"/>
    <nd ref="12905474499"/>
    <tag k="footway" v="sidewalk"/>
    <tag k="highway" v="footway"/>
  </way>
  <way id="1511787473">
    <nd ref="13816372297"/>
    <nd ref="13816415604"/>
    <tag k="footway" v="sidewalk"/>
    <tag k="highway" v="footway"/>
  </way>
  <way id="1511787474">
    <nd ref="13816415605"/>
    <nd ref="13816415606"/>
    <nd ref="13816415607"/>
    <nd ref="5218844446"/>
    <nd ref="13816415608"/>
    <nd ref="13816415609"/>
    <nd ref="13816415610"/>
    <nd ref="13816415611"/>
    <nd ref="12905474496"/>
    <tag k="footway" v="sidewalk"/>
    <tag k="highway" v="footway"/>
  </way>
  <way id="1511787475">
    <nd ref="12905496410"/>
    <nd ref="13816415612"/>
    <nd ref="13816415613"/>
    <nd ref="13816415614"/>
    <nd ref="13816415615"/>
    <nd ref="13816415616"/>
    <nd ref="13816415617"/>
    <nd ref="12905496405"/>
    <nd ref="13816415618"/>
    <nd ref="13816415619"/>
    <tag k="footway" v="sidewalk"/>
    <tag k="highway" v="footway"/>
  </way>
  <way id="1511787476">
    <nd ref="12905496402"/>
    <nd ref="13816415620"/>
    <nd ref="13816415621"/>
    <nd ref="13816415622"/>
    <nd ref="13816415623"/>
    <nd ref="13816415624"/>
    <nd ref="13816415625"/>
    <nd ref="13816415626"/>
    <nd ref="13816415627"/>
    <nd ref="13816415628"/>
    <nd ref="13816415629"/>
    <nd ref="13816415630"/>
    <nd ref="13816415631"/>
    <tag k="footway" v="sidewalk"/>
    <tag k="highway" v="footway"/>
  </way>
  <way id="1511787477">
    <nd ref="13816415619"/>
    <nd ref="13816415632"/>
    <tag k="footway" v="sidewalk"/>
    <tag k="highway" v="footway"/>
  </way>
  <way id="1511787478">
    <nd ref="13816415631"/>
    <nd ref="13816415633"/>
    <tag k="footway" v="sidewalk"/>
    <tag k="highway" v="footway"/>
  </way>
  <way id="1511787479">
    <nd ref="13816415632"/>
    <nd ref="13816415634"/>
    <nd ref="13816415633"/>
    <tag k="crossing" v="unmarked"/>
    <tag k="crossing:markings" v="no"/>
    <tag k="footway" v="crossing"/>
    <tag k="highway" v="footway"/>
  </way>
  <way id="1511787480">
    <nd ref="13167973030"/>
    <nd ref="13816415635"/>
    <nd ref="13816415631"/>
    <tag k="footway" v="sidewalk"/>
    <tag k="highway" v="footway"/>
  </way>
  <way id="1511787481">
    <nd ref="13816415604"/>
    <nd ref="13167973030"/>
    <tag k="footway" v="sidewalk"/>
    <tag k="highway" v="footway"/>
    <tag k="surface" v="asphalt"/>
  </way>
  <way id="1511787482">
    <nd ref="13816415604"/>
    <nd ref="13816415636"/>
    <tag k="footway" v="sidewalk"/>
    <tag k="highway" v="footway"/>
  </way>
  <way id="1511787483">
    <nd ref="13816415605"/>
    <nd ref="13816415637"/>
    <tag k="footway" v="sidewalk"/>
    <tag k="highway" v="footway"/>
  </way>
  <way id="1511787484">
    <nd ref="13816415636"/>
    <nd ref="13816415638"/>
    <nd ref="13816415637"/>
    <tag k="crossing" v="unmarked"/>
    <tag k="crossing:markings" v="no"/>
    <tag k="footway" v="crossing"/>
    <tag k="highway" v="footway"/>
  </way>
  <way id="1511787485">
    <nd ref="13816415640"/>
    <nd ref="12714660031"/>
    <nd ref="12425018603"/>
    <nd ref="12425017003"/>
    <nd ref="12714660030"/>
    <nd ref="12754694105"/>
    <tag k="foot" v="yes"/>
    <tag k="footway" v="sidewalk"/>
    <tag k="highway" v="footway"/>
    <tag k="lit" v="yes"/>
    <tag k="surface" v="paving_stones"/>
  </way>
  <way id="1511787486">
    <nd ref="13816415639"/>
    <nd ref="13816415641"/>
    <tag k="footway" v="sidewalk"/>
    <tag k="highway" v="footway"/>
  </way>
  <way id="1511787487">
    <nd ref="13816415640"/>
    <nd ref="13816415642"/>
    <tag k="footway" v="sidewalk"/>
    <tag k="highway" v="footway"/>
  </way>
  <way id="1511787488">
    <nd ref="13816415641"/>
    <nd ref="12425017002"/>
    <nd ref="13816415642"/>
    <tag k="crossing" v="unmarked"/>
    <tag k="crossing:markings" v="no"/>
    <tag k="footway" v="crossing"/>
    <tag k="highway" v="footway"/>
  </way>
  <way id="1511787489">
    <nd ref="13816415601"/>
    <nd ref="13816415639"/>
    <tag k="footway" v="sidewalk"/>
    <tag k="highway" v="footway"/>
  </way>
  <way id="1511787490">
    <nd ref="13816372298"/>
    <nd ref="13816415640"/>
    <tag k="footway" v="sidewalk"/>
    <tag k="highway" v="footway"/>
  </way>
  <way id="1511787491">
    <nd ref="13816415602"/>
    <nd ref="13816415643"/>
    <nd ref="13816415644"/>
    <nd ref="13816415645"/>
    <tag k="footway" v="sidewalk"/>
    <tag k="highway" v="footway"/>
  </way>
  <way id="1511787492">
    <nd ref="13816372300"/>
    <nd ref="13816415646"/>
    <nd ref="13816415647"/>
    <nd ref="13816415649"/>
    <nd ref="13816415648"/>
    <tag k="footway" v="sidewalk"/>
    <tag k="highway" v="footway"/>
  </way>
  <way id="1511787493">
    <nd ref="3375451555"/>
    <nd ref="13816415650"/>
    <nd ref="13816415651"/>
    <nd ref="13816415652"/>
    <nd ref="13816415653"/>
    <tag k="footway" v="sidewalk"/>
    <tag k="highway" v="footway"/>
  </way>
  <way id="1511787494">
    <nd ref="12754694104"/>
    <nd ref="13817011874"/>
    <tag k="crossing" v="traffic_signals"/>
    <tag k="footway" v="crossing"/>
    <tag k="highway" v="footway"/>
  </way>
  <way id="1511787495">
    <nd ref="13816415654"/>
    <nd ref="13816415655"/>
    <tag k="footway" v="sidewalk"/>
    <tag k="highway" v="footway"/>
  </way>
  <way id="1511787496">
    <nd ref="13816415653"/>
    <nd ref="13816415655"/>
    <tag k="footway" v="sidewalk"/>
    <tag k="highway" v="footway"/>
  </way>
  <way id="1511787497">
    <nd ref="2793874522"/>
    <nd ref="13816415656"/>
    <tag k="crossing" v="traffic_signals"/>
    <tag k="footway" v="crossing"/>
    <tag k="highway" v="footway"/>
  </way>
  <way id="1511787498">
    <nd ref="2793874522"/>
    <nd ref="13816415657"/>
    <tag k="crossing" v="traffic_signals"/>
    <tag k="footway" v="crossing"/>
    <tag k="highway" v="footway"/>
  </way>
  <way id="1511787499">
    <nd ref="13816415657"/>
    <nd ref="13810673621"/>
    <tag k="footway" v="sidewalk"/>
    <tag k="highway" v="footway"/>
  </way>
  <way id="1511787500">
    <nd ref="13816415656"/>
    <nd ref="13816415658"/>
    <tag k="footway" v="sidewalk"/>
    <tag k="highway" v="footway"/>
  </way>
  <way id="1511796553">
    <nd ref="13816483456"/>
    <nd ref="13816415619"/>
    <tag k="footway" v="sidewalk"/>
    <tag k="highway" v="footway"/>
  </way>
  <way id="1511796554">
    <nd ref="12905496411"/>
    <nd ref="13816483491"/>
    <nd ref="13816483490"/>
    <nd ref="13816483457"/>
    <nd ref="13816483458"/>
    <tag k="footway" v="sidewalk"/>
    <tag k="highway" v="footway"/>
  </way>
  <way id="1511796555">
    <nd ref="13816483458"/>
    <nd ref="13816483456"/>
    <tag k="footway" v="sidewalk"/>
    <tag k="highway" v="footway"/>
  </way>
  <way id="1511796556">
    <nd ref="13816483459"/>
    <nd ref="12905474484"/>
    <tag k="footway" v="sidewalk"/>
    <tag k="highway" v="footway"/>
  </way>
  <way id="1511796557">
    <nd ref="13816483460"/>
    <nd ref="13816483489"/>
    <nd ref="13816483461"/>
    <tag k="crossing" v="unmarked"/>
    <tag k="crossing:markings" v="no"/>
    <tag k="footway" v="crossing"/>
    <tag k="highway" v="footway"/>
  </way>
  <way id="1511796558">
    <nd ref="13816483462"/>
    <nd ref="13816483463"/>
    <tag k="footway" v="sidewalk"/>
    <tag k="highway" v="footway"/>
  </way>
  <way id="1511796559">
    <nd ref="13816483463"/>
    <nd ref="2297373047"/>
    <tag k="crossing" v="unmarked"/>
    <tag k="crossing:markings" v="no"/>
    <tag k="footway" v="crossing"/>
    <tag k="highway" v="footway"/>
  </way>
  <way id="1511796560">
    <nd ref="11872569333"/>
    <nd ref="13816483464"/>
    <nd ref="13816483467"/>
    <nd ref="13816483465"/>
    <nd ref="13816483466"/>
    <tag k="footway" v="sidewalk"/>
    <tag k="highway" v="footway"/>
  </way>
  <way id="1511796561">
    <nd ref="13816483467"/>
    <nd ref="13816483468"/>
    <tag k="footway" v="sidewalk"/>
    <tag k="highway" v="footway"/>
  </way>
  <way id="1511796562">
    <nd ref="13816483468"/>
    <nd ref="13816483470"/>
    <nd ref="13816483469"/>
    <tag k="crossing" v="traffic_signals"/>
    <tag k="footway" v="crossing"/>
    <tag k="highway" v="footway"/>
  </way>
  <way id="1511796563">
    <nd ref="13816483471"/>
    <nd ref="13816483472"/>
    <tag k="footway" v="sidewalk"/>
    <tag k="highway" v="footway"/>
  </way>
  <way id="1511796564">
    <nd ref="13816483472"/>
    <nd ref="9710332577"/>
    <tag k="crossing" v="traffic_signals"/>
    <tag k="footway" v="crossing"/>
    <tag k="highway" v="footway"/>
  </way>
  <way id="1511796565">
    <nd ref="13816483473"/>
    <nd ref="13816483475"/>
    <nd ref="13816483471"/>
    <nd ref="12425018607"/>
    <nd ref="12425017017"/>
    <nd ref="12425017016"/>
    <nd ref="2538458887"/>
    <tag k="footway" v="sidewalk"/>
    <tag k="highway" v="footway"/>
    <tag k="lit" v="yes"/>
    <tag k="surface" v="paving_stones"/>
  </way>
  <way id="1511796566">
    <nd ref="13816483474"/>
    <nd ref="9856119629"/>
    <nd ref="13816483473"/>
    <tag k="crossing" v="unmarked"/>
    <tag k="crossing:markings" v="no"/>
    <tag k="footway" v="crossing"/>
    <tag k="highway" v="footway"/>
    <tag k="lit" v="yes"/>
    <tag k="surface" v="paving_stones"/>
  </way>
  <way id="1511796567">
    <nd ref="13816483475"/>
    <nd ref="13816483476"/>
    <nd ref="13816483477"/>
    <nd ref="13816483484"/>
    <nd ref="13816483478"/>
    <nd ref="13816483483"/>
    <nd ref="13816483479"/>
    <nd ref="13816483480"/>
    <tag k="footway" v="sidewalk"/>
    <tag k="highway" v="footway"/>
    <tag k="layer" v="1"/>
  </way>
  <way id="1511796568">
    <nd ref="13816483482"/>
    <nd ref="12425016907"/>
    <nd ref="13816415639"/>
    <tag k="foot" v="yes"/>
    <tag k="footway" v="sidewalk"/>
    <tag k="highway" v="footway"/>
    <tag k="lit" v="yes"/>
    <tag k="surface" v="paving_stones"/>
  </way>
  <way id="1511796569">
    <nd ref="13816483481"/>
    <nd ref="12425016906"/>
    <nd ref="13816483482"/>
    <tag k="crossing" v="unmarked"/>
    <tag k="crossing:markings" v="no"/>
    <tag k="foot" v="yes"/>
    <tag k="footway" v="crossing"/>
    <tag k="highway" v="footway"/>
    <tag k="lit" v="yes"/>
    <tag k="surface" v="paving_stones"/>
  </way>
  <way id="1511796570">
    <nd ref="13816483485"/>
    <nd ref="13816483486"/>
    <tag k="footway" v="sidewalk"/>
    <tag k="highway" v="footway"/>
  </way>
  <way id="1511796571">
    <nd ref="9030155652"/>
    <nd ref="13816483487"/>
    <tag k="foot" v="yes"/>
    <tag k="footway" v="sidewalk"/>
    <tag k="highway" v="footway"/>
    <tag k="lit" v="yes"/>
    <tag k="surface" v="asphalt"/>
  </way>
  <way id="1511796572">
    <nd ref="13816483488"/>
    <nd ref="2538458893"/>
    <tag k="footway" v="sidewalk"/>
    <tag k="highway" v="footway"/>
    <tag k="lit" v="yes"/>
  </way>
  <way id="1511796573">
    <nd ref="13816483459"/>
    <nd ref="13816483460"/>
    <tag k="footway" v="sidewalk"/>
    <tag k="highway" v="footway"/>
  </way>
  <way id="1511796574">
    <nd ref="13816483461"/>
    <nd ref="13816483458"/>
    <tag k="footway" v="sidewalk"/>
    <tag k="highway" v="footway"/>
  </way>
  <way id="1511796575">
    <nd ref="13816483459"/>
    <nd ref="13816483492"/>
    <nd ref="13816483493"/>
    <nd ref="13816483494"/>
    <nd ref="12905496413"/>
    <tag k="footway" v="sidewalk"/>
    <tag k="highway" v="footway"/>
  </way>
  <way id="1511796576">
    <nd ref="12905496413"/>
    <nd ref="13816483495"/>
    <tag k="footway" v="crossing"/>
    <tag k="highway" v="footway"/>
  </way>
  <way id="1511796577">
    <nd ref="13816483495"/>
    <nd ref="12905496412"/>
    <nd ref="13816483496"/>
    <tag k="footway" v="crossing"/>
    <tag k="highway" v="footway"/>
  </way>
  <way id="1511905176">
    <nd ref="13817011820"/>
    <nd ref="13817011821"/>
    <tag k="footway" v="sidewalk"/>
    <tag k="highway" v="footway"/>
  </way>
  <way id="1511905177">
    <nd ref="13817011820"/>
    <nd ref="13817011822"/>
    <nd ref="13817011823"/>
    <nd ref="13817011869"/>
    <nd ref="13167973024"/>
    <tag k="footway" v="sidewalk"/>
    <tag k="highway" v="footway"/>
  </way>
  <way id="1511905178">
    <nd ref="13817011824"/>
    <nd ref="13817011825"/>
    <nd ref="13816483466"/>
    <tag k="footway" v="sidewalk"/>
    <tag k="highway" v="footway"/>
  </way>
  <way id="1511905179">
    <nd ref="13817011824"/>
    <nd ref="13817011826"/>
    <nd ref="13817011827"/>
    <tag k="footway" v="sidewalk"/>
    <tag k="highway" v="footway"/>
  </way>
  <way id="1511905180">
    <nd ref="13817011828"/>
    <nd ref="13817011829"/>
    <nd ref="13817011878"/>
    <nd ref="13817011877"/>
    <nd ref="13817011876"/>
    <nd ref="13817011875"/>
    <nd ref="13817011830"/>
    <nd ref="13817011831"/>
    <tag k="footway" v="sidewalk"/>
    <tag k="highway" v="footway"/>
  </way>
  <way id="1511905185">
    <nd ref="13817011840"/>
    <nd ref="13817011827"/>
    <tag k="footway" v="sidewalk"/>
    <tag k="highway" v="footway"/>
  </way>
  <way id="1511905191">
    <nd ref="13817011831"/>
    <nd ref="13817011869"/>
    <nd ref="13817011870"/>
    <nd ref="13817011871"/>
    <nd ref="13817011872"/>
    <nd ref="13817011873"/>
    <nd ref="13816415654"/>
    <tag k="footway" v="sidewalk"/>
    <tag k="highway" v="footway"/>
  </way>
  <way id="1511905192">
    <nd ref="13817011874"/>
    <nd ref="13816415654"/>
    <tag k="footway" v="sidewalk"/>
    <tag k="highway" v="footway"/>
  </way>
  <way id="1512084458">
    <nd ref="13818112635"/>
    <nd ref="13818112636"/>
    <nd ref="13818112637"/>
    <nd ref="13818112638"/>
    <nd ref="13818112639"/>
    <nd ref="13818112640"/>
    <tag k="footway" v="sidewalk"/>
    <tag k="highway" v="footway"/>
  </way>
  <way id="1512084459">
    <nd ref="12013026829"/>
    <nd ref="12013026830"/>
    <tag k="crossing" v="unmarked"/>
    <tag k="crossing:markings" v="no"/>
    <tag k="footway" v="crossing"/>
    <tag k="highway" v="footway"/>
    <tag k="lit" v="yes"/>
    <tag k="surface" v="paving_stones"/>
  </way>
  <way id="1512084460">
    <nd ref="13818112641"/>
    <nd ref="12013026829"/>
    <tag k="footway" v="sidewalk"/>
    <tag k="highway" v="footway"/>
    <tag k="lit" v="yes"/>
    <tag k="surface" v="paving_stones"/>
  </way>
  <way id="1512084461">
    <nd ref="13818112641"/>
    <nd ref="13818112642"/>
    <nd ref="13818112643"/>
    <nd ref="13818112644"/>
    <nd ref="13818112645"/>
    <tag k="footway" v="sidewalk"/>
    <tag k="highway" v="footway"/>
  </way>
  <way id="1512084462">
    <nd ref="13818112646"/>
    <nd ref="18469132"/>
    <tag k="crossing" v="unmarked"/>
    <tag k="crossing:markings" v="no"/>
    <tag k="footway" v="crossing"/>
    <tag k="highway" v="footway"/>
    <tag k="surface" v="paving_stones"/>
  </way>
  <way id="1512317331">
    <nd ref="13819691419"/>
    <nd ref="13819691420"/>
    <nd ref="13819691422"/>
    <nd ref="13819691423"/>
    <nd ref="13819691421"/>
    <tag k="footway" v="sidewalk"/>
    <tag k="highway" v="footway"/>
    <tag k="surface" v="paving_stones"/>
  </way>
  <way id="1512317332">
    <nd ref="8807429656"/>
    <nd ref="13819691425"/>
    <tag k="footway" v="sidewalk"/>
    <tag k="highway" v="footway"/>
    <tag k="surface" v="paving_stones"/>
  </way>
  <way id="1512317333">
    <nd ref="13819691424"/>
    <nd ref="11083837081"/>
    <tag k="footway" v="sidewalk"/>
    <tag k="highway" v="footway"/>
    <tag k="surface" v="paving_stones"/>
  </way>
  <way id="1512329182">
    <nd ref="13819722415"/>
    <nd ref="13819722416"/>
    <tag k="footway" v="sidewalk"/>
    <tag k="highway" v="footway"/>
  </way>
  <way id="1512329183">
    <nd ref="13819722417"/>
    <nd ref="13819722418"/>
    <tag k="footway" v="sidewalk"/>
    <tag k="highway" v="footway"/>
  </way>
  <way id="1512329184">
    <nd ref="13819722415"/>
    <nd ref="13819722419"/>
    <nd ref="13819722420"/>
    <tag k="footway" v="sidewalk"/>
    <tag k="highway" v="footway"/>
  </way>
  <way id="1512329185">
    <nd ref="13819722420"/>
    <nd ref="13819722421"/>
    <tag k="footway" v="sidewalk"/>
    <tag k="highway" v="footway"/>
  </way>
  <way id="1512329186">
    <nd ref="13819722420"/>
    <nd ref="13819722422"/>
    <nd ref="13819722418"/>
    <tag k="footway" v="sidewalk"/>
    <tag k="highway" v="footway"/>
  </way>
  <way id="1512329187">
    <nd ref="13819722424"/>
    <nd ref="13819722425"/>
    <nd ref="13819722426"/>
    <nd ref="13819722417"/>
    <tag k="footway" v="sidewalk"/>
    <tag k="highway" v="footway"/>
  </way>
  <way id="1512329188">
    <nd ref="13819722427"/>
    <nd ref="13819722428"/>
    <nd ref="13819722429"/>
    <nd ref="13819722416"/>
    <tag k="footway" v="sidewalk"/>
    <tag k="highway" v="footway"/>
  </way>
  <way id="1512329189">
    <nd ref="13819722432"/>
    <nd ref="8869435277"/>
    <tag k="crossing:island" v="no"/>
    <tag k="footway" v="sidewalk"/>
    <tag k="highway" v="footway"/>
    <tag k="surface" v="paving_stones"/>
    <tag k="traffic_calming" v="table"/>
  </way>
  <way id="1512329190">
    <nd ref="13819722433"/>
    <nd ref="13819722434"/>
    <nd ref="13819722435"/>
    <nd ref="13919461712"/>
    <nd ref="13819722436"/>
    <nd ref="13819722437"/>
    <nd ref="13819722438"/>
    <nd ref="13819722439"/>
    <nd ref="13819722445"/>
    <nd ref="13819722446"/>
    <nd ref="13819722440"/>
    <nd ref="5224610576"/>
    <nd ref="13819722441"/>
    <nd ref="13819722470"/>
    <nd ref="13819722442"/>
    <nd ref="13819722443"/>
    <nd ref="13819722444"/>
    <tag k="footway" v="sidewalk"/>
    <tag k="highway" v="footway"/>
  </way>
  <way id="1512329191">
    <nd ref="11081617021"/>
    <nd ref="13819722449"/>
    <tag k="crossing:markings" v="dots"/>
    <tag k="footway" v="sidewalk"/>
    <tag k="highway" v="footway"/>
    <tag k="lit" v="yes"/>
    <tag k="surface" v="asphalt"/>
  </way>
  <way id="1512329192">
    <nd ref="11208397657"/>
    <nd ref="13819722450"/>
    <tag k="crossing:markings" v="dots"/>
    <tag k="footway" v="sidewalk"/>
    <tag k="highway" v="footway"/>
    <tag k="lit" v="yes"/>
  </way>
  <way id="1512329193">
    <nd ref="13819722451"/>
    <nd ref="11081617023"/>
    <tag k="crossing:markings" v="dots"/>
    <tag k="footway" v="sidewalk"/>
    <tag k="highway" v="footway"/>
    <tag k="lit" v="yes"/>
    <tag k="surface" v="asphalt"/>
  </way>
  <way id="1512329194">
    <nd ref="13819722457"/>
    <nd ref="11208397656"/>
    <tag k="crossing:markings" v="dots"/>
    <tag k="footway" v="sidewalk"/>
    <tag k="highway" v="footway"/>
    <tag k="lit" v="yes"/>
  </way>
  <way id="1512329195">
    <nd ref="11081568985"/>
    <nd ref="13819722458"/>
    <tag k="crossing:markings" v="dots"/>
    <tag k="footway" v="sidewalk"/>
    <tag k="highway" v="footway"/>
    <tag k="lit" v="yes"/>
    <tag k="surface" v="asphalt"/>
  </way>
  <way id="1512527148">
    <nd ref="13820952587"/>
    <nd ref="13820952588"/>
    <nd ref="13820952589"/>
    <nd ref="13820952590"/>
    <nd ref="13820952591"/>
    <nd ref="13820952592"/>
    <nd ref="13820952593"/>
    <nd ref="9856119637"/>
    <tag k="footway" v="sidewalk"/>
    <tag k="highway" v="footway"/>
  </way>
  <way id="1512527149">
    <nd ref="12013026830"/>
    <nd ref="13820952587"/>
    <tag k="crossing" v="unmarked"/>
    <tag k="crossing:markings" v="no"/>
    <tag k="footway" v="crossing"/>
    <tag k="highway" v="footway"/>
  </way>
  <way id="1512527150">
    <nd ref="13820952594"/>
    <nd ref="11081617013"/>
    <tag k="footway" v="sidewalk"/>
    <tag k="highway" v="footway"/>
    <tag k="surface" v="paving_stones"/>
  </way>
  <way id="1512527151">
    <nd ref="13820952595"/>
    <nd ref="13820952596"/>
    <nd ref="13820952597"/>
    <nd ref="13820952598"/>
    <nd ref="13820952599"/>
    <nd ref="13820952600"/>
    <nd ref="13820967101"/>
    <nd ref="13820967102"/>
    <nd ref="13820967103"/>
    <tag k="footway" v="sidewalk"/>
    <tag k="highway" v="footway"/>
  </way>
  <way id="1512666592">
    <nd ref="13820952588"/>
    <nd ref="13821868872"/>
    <nd ref="13821868873"/>
    <nd ref="13821868874"/>
    <nd ref="13821868875"/>
    <nd ref="13821868876"/>
    <nd ref="13821868877"/>
    <nd ref="13821868878"/>
    <nd ref="13821868879"/>
    <nd ref="13821868880"/>
    <tag k="footway" v="sidewalk"/>
    <tag k="highway" v="footway"/>
  </way>
  <way id="1512666593">
    <nd ref="13821868880"/>
    <nd ref="13821868881"/>
    <nd ref="13821868882"/>
    <nd ref="13821868883"/>
    <nd ref="13821868884"/>
    <nd ref="13821868885"/>
    <nd ref="13821868886"/>
    <nd ref="13821868887"/>
    <nd ref="13821868888"/>
    <nd ref="13821868889"/>
    <nd ref="13821868890"/>
    <nd ref="13821868891"/>
    <nd ref="13821868892"/>
    <nd ref="13821868893"/>
    <nd ref="13821868894"/>
    <nd ref="13821903205"/>
    <nd ref="13821903206"/>
    <nd ref="13821868895"/>
    <nd ref="13821903207"/>
    <tag k="footway" v="sidewalk"/>
    <tag k="highway" v="footway"/>
  </way>
  <way id="1512666594">
    <nd ref="13821868895"/>
    <nd ref="13821868896"/>
    <nd ref="13821868897"/>
    <nd ref="13821868898"/>
    <nd ref="13821868899"/>
    <nd ref="13821868900"/>
    <nd ref="13821903201"/>
    <nd ref="13821903202"/>
    <nd ref="13821903203"/>
    <nd ref="13821903208"/>
    <tag k="footway" v="sidewalk"/>
    <tag k="highway" v="footway"/>
  </way>
  <way id="1512666595">
    <nd ref="13821903207"/>
    <nd ref="9856119632"/>
    <tag k="crossing" v="unmarked"/>
    <tag k="crossing:markings" v="no"/>
    <tag k="footway" v="crossing"/>
    <tag k="highway" v="footway"/>
  </way>
  <way id="1512790748">
    <nd ref="13823021903"/>
    <nd ref="11081568997"/>
    <tag k="footway" v="sidewalk"/>
    <tag k="highway" v="footway"/>
  </way>
  <way id="1512891875">
    <nd ref="13823592926"/>
    <nd ref="13823592928"/>
    <tag k="footway" v="sidewalk"/>
    <tag k="highway" v="footway"/>
  </way>
  <way id="1512891883">
    <nd ref="13823592928"/>
    <nd ref="13823592944"/>
    <nd ref="13823592946"/>
    <nd ref="13823592945"/>
    <nd ref="11081568990"/>
    <tag k="footway" v="sidewalk"/>
    <tag k="highway" v="footway"/>
  </way>
  <way id="1512936639">
    <nd ref="13823908568"/>
    <nd ref="13823908569"/>
    <nd ref="13823908595"/>
    <nd ref="13823908570"/>
    <tag k="footway" v="sidewalk"/>
    <tag k="highway" v="footway"/>
  </way>
  <way id="1512936640">
    <nd ref="13823908571"/>
    <nd ref="13823908570"/>
    <tag k="footway" v="sidewalk"/>
    <tag k="highway" v="footway"/>
  </way>
  <way id="1512936652">
    <nd ref="13823908568"/>
    <nd ref="13823908596"/>
    <nd ref="13823908585"/>
    <tag k="footway" v="sidewalk"/>
    <tag k="highway" v="footway"/>
  </way>
  <way id="1513887173">
    <nd ref="13830071961"/>
    <nd ref="13830071962"/>
    <nd ref="13830071958"/>
    <tag k="footway" v="sidewalk"/>
    <tag k="highway" v="footway"/>
  </way>
  <way id="1513887176">
    <nd ref="13830071967"/>
    <nd ref="13830071961"/>
    <tag k="footway" v="sidewalk"/>
    <tag k="highway" v="footway"/>
  </way>
  <way id="1513887177">
    <nd ref="13830071967"/>
    <nd ref="13830071968"/>
    <tag k="footway" v="sidewalk"/>
    <tag k="highway" v="footway"/>
  </way>
  <way id="1513887179">
    <nd ref="13830071971"/>
    <nd ref="13830071972"/>
    <nd ref="13830089663"/>
    <nd ref="13830089662"/>
    <nd ref="13830089661"/>
    <nd ref="13830071969"/>
    <tag k="footway" v="sidewalk"/>
    <tag k="highway" v="footway"/>
  </way>
  <way id="1513887180">
    <nd ref="13830071973"/>
    <nd ref="13830071975"/>
    <tag k="footway" v="sidewalk"/>
    <tag k="highway" v="footway"/>
  </way>
  <way id="1513887181">
    <nd ref="13830071973"/>
    <nd ref="13830071976"/>
    <tag k="footway" v="sidewalk"/>
    <tag k="highway" v="footway"/>
  </way>
  <way id="1513887197">
    <nd ref="13830089602"/>
    <nd ref="13830089603"/>
    <tag k="footway" v="sidewalk"/>
    <tag k="highway" v="footway"/>
  </way>
  <way id="1513887198">
    <nd ref="13830089602"/>
    <nd ref="8869464367"/>
    <tag k="footway" v="sidewalk"/>
    <tag k="highway" v="footway"/>
  </way>
  <way id="1513887210">
    <nd ref="13830071968"/>
    <nd ref="13830089622"/>
    <nd ref="13830089623"/>
    <nd ref="13830071971"/>
    <tag k="footway" v="sidewalk"/>
    <tag k="highway" v="footway"/>
  </way>
  <way id="1513887211">
    <nd ref="13830089624"/>
    <nd ref="11081568981"/>
    <tag k="crossing" v="unmarked"/>
    <tag k="crossing:markings" v="no"/>
    <tag k="footway" v="crossing"/>
    <tag k="highway" v="footway"/>
  </way>
  <way id="1513887212">
    <nd ref="13830071968"/>
    <nd ref="13830089624"/>
    <tag k="footway" v="sidewalk"/>
    <tag k="highway" v="footway"/>
  </way>
  <way id="1513887213">
    <nd ref="13830071976"/>
    <nd ref="13830089625"/>
    <nd ref="13830089626"/>
    <nd ref="13022543556"/>
    <tag k="footway" v="sidewalk"/>
    <tag k="highway" v="footway"/>
  </way>
  <way id="1513887220">
    <nd ref="13830089639"/>
    <nd ref="13830089640"/>
    <nd ref="13830089641"/>
    <nd ref="13830089642"/>
    <nd ref="13830089643"/>
    <nd ref="13830089644"/>
    <tag k="footway" v="sidewalk"/>
    <tag k="highway" v="footway"/>
  </way>
  <way id="1527457753">
    <nd ref="13919461712"/>
    <nd ref="8438226815"/>
    <nd ref="11081677218"/>
    <tag k="crossing" v="unmarked"/>
    <tag k="crossing:markings" v="no"/>
    <tag k="footway" v="crossing"/>
    <tag k="highway" v="footway"/>
    <tag k="surface" v="paving_stones"/>
  </way>
  <way id="1535248194">
    <nd ref="13830071978"/>
    <nd ref="13988517052"/>
    <nd ref="13988517056"/>
    <nd ref="13988517053"/>
    <nd ref="13988517055"/>
    <tag k="highway" v="cycleway"/>
    <tag k="note" v="Temporary wand-segregated cycleway during road closure in 2026"/>
    <tag k="surface" v="paved"/>
  </way>

</osm>
