<?xml version="1.0" encoding="UTF-8"?>
<osm version="0.6" generator="Overpass API 0.7.62.11 87bfad18">
<note>The data included in this document is from www.openstreetmap.org. The data is made available under ODbL.</note>
<meta osm_base="2026-07-07T11:30:02Z"/>

  <node id="13875180" lat="48.2512719" lon="11.6534225"/>
  <node id="13875181" lat="48.2495871" lon="11.6529572">
    <tag k="bicycle" v="yes"/>
    <tag k="button_operated" v="only"/>
    <tag k="crossing" v="traffic_signals"/>
    <tag k="highway" v="traffic_signals"/>
    <tag k="tactile_paving" v="yes"/>
    <tag k="traffic_signals" v="signal"/>
    <tag k="traffic_signals:direction" v="both"/>
    <tag k="traffic_signals:sound" v="yes"/>
    <tag k="traffic_signals:vibration" v="no"/>
  </node>
  <node id="13875182" lat="48.2484908" lon="11.6511185"/>
  <node id="13875183" lat="48.2474605" lon="11.6501651">
    <tag k="bicycle" v="yes"/>
    <tag k="button_operated" v="yes"/>
    <tag k="crossing" v="traffic_signals"/>
    <tag k="crossing:island" v="no"/>
    <tag k="crossing:markings" v="dashes"/>
    <tag k="highway" v="crossing"/>
    <tag k="tactile_paving" v="yes"/>
    <tag k="traffic_signals:sound" v="yes"/>
  </node>
  <node id="13875184" lat="48.2457842" lon="11.6478300"/>
  <node id="29398431" lat="48.2472280" lon="11.6503363"/>
  <node id="29398432" lat="48.2470010" lon="11.6506597"/>
  <node id="29398433" lat="48.2468451" lon="11.6508517"/>
  <node id="29398434" lat="48.2466699" lon="11.6509816"/>
  <node id="29398441" lat="48.2458484" lon="11.6555752"/>
  <node id="29398444" lat="48.2477495" lon="11.6558939">
    <tag k="crossing:island" v="no"/>
    <tag k="crossing:markings" v="no"/>
    <tag k="crossing:signals" v="no"/>
    <tag k="highway" v="crossing"/>
    <tag k="tactile_paving" v="no"/>
  </node>
  <node id="29398445" lat="48.2478242" lon="11.6559124"/>
  <node id="29398448" lat="48.2477980" lon="11.6561136">
    <tag k="crossing" v="marked"/>
    <tag k="crossing:island" v="no"/>
    <tag k="crossing:markings" v="yes"/>
    <tag k="crossing_ref" v="zebra"/>
    <tag k="highway" v="crossing"/>
    <tag k="tactile_paving" v="no"/>
  </node>
  <node id="29398449" lat="48.2477930" lon="11.6561548"/>
  <node id="29398450" lat="48.2477881" lon="11.6563483"/>
  <node id="29398451" lat="48.2479117" lon="11.6565539"/>
  <node id="29398452" lat="48.2494523" lon="11.6573805"/>
  <node id="29398453" lat="48.2495349" lon="11.6573992"/>
  <node id="29398456" lat="48.2499276" lon="11.6570288"/>
  <node id="29398460" lat="48.2509009" lon="11.6569575"/>
  <node id="29398463" lat="48.2510826" lon="11.6549494"/>
  <node id="29398464" lat="48.2511643" lon="11.6552863"/>
  <node id="29398465" lat="48.2511619" lon="11.6555861"/>
  <node id="29398469" lat="48.2509797" lon="11.6581187"/>
  <node id="29399465" lat="48.2475128" lon="11.6490738"/>
  <node id="29399466" lat="48.2481981" lon="11.6454250"/>
  <node id="29490283" lat="48.2492173" lon="11.6518350">
    <tag k="highway" v="traffic_signals"/>
    <tag k="traffic_signals" v="junction"/>
    <tag k="traffic_signals:operating_times" v="off @ night"/>
  </node>
  <node id="29490284" lat="48.2480368" lon="11.6508393"/>
  <node id="29490285" lat="48.2488307" lon="11.6512462">
    <tag k="highway" v="traffic_signals"/>
    <tag k="traffic_signals" v="junction"/>
    <tag k="traffic_signals:operating_times" v="off @ night"/>
  </node>
  <node id="29490286" lat="48.2475826" lon="11.6503402"/>
  <node id="29490287" lat="48.2473458" lon="11.6500026"/>
  <node id="29490288" lat="48.2473783" lon="11.6500488"/>
  <node id="34956277" lat="48.2497410" lon="11.6466439">
    <tag k="highway" v="traffic_signals"/>
  </node>
  <node id="55446829" lat="48.2445474" lon="11.6469222"/>
  <node id="55449150" lat="48.2480375" lon="11.6460323"/>
  <node id="55449239" lat="48.2450548" lon="11.6472907"/>
  <node id="55449814" lat="48.2496125" lon="11.6480313">
    <tag k="bus" v="yes"/>
    <tag k="name" v="Garching, Maier-Leibnitz-Straße"/>
    <tag k="network" v="Münchner Verkehrs- und Tarifverbund"/>
    <tag k="network:guid" v="DE-BY-MVV"/>
    <tag k="network:short" v="MVV"/>
    <tag k="network:wikidata" v="Q259000"/>
    <tag k="public_transport" v="stop_position"/>
  </node>
  <node id="90509747" lat="48.2423345" lon="11.6455847"/>
  <node id="90509853" lat="48.2493932" lon="11.6501924"/>
  <node id="90509987" lat="48.2470517" lon="11.6605379"/>
  <node id="90509992" lat="48.2467215" lon="11.6613777"/>
  <node id="90509995" lat="48.2464666" lon="11.6567947"/>
  <node id="90509998" lat="48.2462733" lon="11.6569665"/>
  <node id="90510002" lat="48.2457675" lon="11.6576972"/>
  <node id="90510017" lat="48.2542028" lon="11.6559308"/>
  <node id="90709448" lat="48.2493337" lon="11.6507129"/>
  <node id="90709456" lat="48.2538973" lon="11.6572814"/>
  <node id="90709457" lat="48.2536632" lon="11.6573459"/>
  <node id="90709459" lat="48.2532846" lon="11.6574059"/>
  <node id="90709460" lat="48.2528746" lon="11.6579705">
    <tag k="check_date:crossing" v="2021-03-24"/>
    <tag k="crossing" v="uncontrolled"/>
    <tag k="crossing:island" v="no"/>
    <tag k="crossing_ref" v="zebra"/>
    <tag k="highway" v="crossing"/>
    <tag k="tactile_paving" v="no"/>
  </node>
  <node id="90709463" lat="48.2525303" lon="11.6584960"/>
  <node id="90709465" lat="48.2486159" lon="11.6536094"/>
  <node id="90709467" lat="48.2481939" lon="11.6547692"/>
  <node id="90709468" lat="48.2479836" lon="11.6549699"/>
  <node id="90709470" lat="48.2503138" lon="11.6545344">
    <tag k="barrier" v="bollard"/>
    <tag k="bicycle" v="yes"/>
    <tag k="bollard" v="removable"/>
    <tag k="foot" v="yes"/>
    <tag k="motor_vehicle" v="no"/>
  </node>
  <node id="90709471" lat="48.2495982" lon="11.6535472"/>
  <node id="90716319" lat="48.2499026" lon="11.6574005"/>
  <node id="90716330" lat="48.2509151" lon="11.6571788"/>
  <node id="94884302" lat="48.2473074" lon="11.6592476"/>
  <node id="94884322" lat="48.2497751" lon="11.6557067"/>
  <node id="94884334" lat="48.2499502" lon="11.6542301"/>
  <node id="94884341" lat="48.2501066" lon="11.6531720"/>
  <node id="94884394" lat="48.2514730" lon="11.6584500"/>
  <node id="94884397" lat="48.2510517" lon="11.6582970"/>
  <node id="94884434" lat="48.2515406" lon="11.6584570"/>
  <node id="94884456" lat="48.2510375" lon="11.6562416"/>
  <node id="94884492" lat="48.2540982" lon="11.6564985"/>
  <node id="94924439" lat="48.2521873" lon="11.6584757"/>
  <node id="94924468" lat="48.2540543" lon="11.6566766"/>
  <node id="94924500" lat="48.2516374" lon="11.6584627">
    <tag k="crossing:island" v="no"/>
    <tag k="crossing:markings" v="no"/>
    <tag k="crossing:signals" v="no"/>
    <tag k="highway" v="crossing"/>
    <tag k="tactile_paving" v="no"/>
  </node>
  <node id="94958625" lat="48.2505452" lon="11.6532653"/>
  <node id="94958627" lat="48.2506246" lon="11.6526480"/>
  <node id="94958630" lat="48.2506980" lon="11.6525382"/>
  <node id="94958633" lat="48.2509738" lon="11.6524328"/>
  <node id="94958636" lat="48.2511140" lon="11.6521163"/>
  <node id="94958690" lat="48.2500448" lon="11.6500163"/>
  <node id="94958718" lat="48.2479251" lon="11.6550963"/>
  <node id="94958722" lat="48.2477964" lon="11.6549889"/>
  <node id="94958725" lat="48.2478347" lon="11.6541445">
    <tag k="highway" v="turning_circle"/>
  </node>
  <node id="94958727" lat="48.2476152" lon="11.6484721"/>
  <node id="94958744" lat="48.2494837" lon="11.6492852">
    <tag k="button_operated" v="yes"/>
    <tag k="check_date:crossing" v="2021-01-03"/>
    <tag k="crossing" v="traffic_signals"/>
    <tag k="crossing:island" v="no"/>
    <tag k="highway" v="crossing"/>
    <tag k="tactile_paving" v="no"/>
    <tag k="traffic_signals:sound" v="no"/>
    <tag k="traffic_signals:vibration" v="no"/>
  </node>
  <node id="94971919" lat="48.2494302" lon="11.6534338">
    <tag k="level" v="0"/>
  </node>
  <node id="94971934" lat="48.2493001" lon="11.6516816"/>
  <node id="252321122" lat="48.2488817" lon="11.6523163"/>
  <node id="252448581" lat="48.2449822" lon="11.6554668"/>
  <node id="256215095" lat="48.2481549" lon="11.6455196">
    <tag k="crossing" v="marked"/>
    <tag k="crossing:island" v="no"/>
    <tag k="crossing:markings" v="yes"/>
    <tag k="highway" v="crossing"/>
    <tag k="kerb" v="flush"/>
    <tag k="tactile_paving" v="no"/>
  </node>
  <node id="256215097" lat="48.2497253" lon="11.6468057">
    <tag k="bicycle" v="yes"/>
    <tag k="button_operated" v="yes"/>
    <tag k="check_date:crossing" v="2021-01-03"/>
    <tag k="crossing" v="traffic_signals"/>
    <tag k="crossing:island" v="no"/>
    <tag k="highway" v="crossing"/>
    <tag k="tactile_paving" v="no"/>
    <tag k="traffic_signals:sound" v="yes"/>
    <tag k="traffic_signals:vibration" v="yes"/>
  </node>
  <node id="259797867" lat="48.2493078" lon="11.6514073">
    <tag k="highway" v="turning_circle"/>
  </node>
  <node id="259829944" lat="48.2488258" lon="11.6525764"/>
  <node id="259830113" lat="48.2490273" lon="11.6528167"/>
  <node id="259831261" lat="48.2498176" lon="11.6511166"/>
  <node id="259831302" lat="48.2496201" lon="11.6514768"/>
  <node id="259831383" lat="48.2496118" lon="11.6522510"/>
  <node id="259831386" lat="48.2495384" lon="11.6528910"/>
  <node id="259831734" lat="48.2508799" lon="11.6501022"/>
  <node id="442012959" lat="48.2479052" lon="11.6552169">
    <tag k="crossing" v="marked"/>
    <tag k="crossing:island" v="no"/>
    <tag k="crossing:markings" v="yes"/>
    <tag k="crossing_ref" v="zebra"/>
    <tag k="highway" v="crossing"/>
    <tag k="tactile_paving" v="no"/>
  </node>
  <node id="442012977" lat="48.2506655" lon="11.6511577">
    <tag k="entrance" v="staircase"/>
  </node>
  <node id="442012984" lat="48.2511079" lon="11.6515047"/>
  <node id="442510919" lat="48.2452147" lon="11.6555795"/>
  <node id="442510924" lat="48.2455314" lon="11.6556058"/>
  <node id="442510925" lat="48.2457906" lon="11.6556221"/>
  <node id="442559536" lat="48.2464259" lon="11.6556474"/>
  <node id="442559553" lat="48.2471655" lon="11.6550565"/>
  <node id="442559556" lat="48.2474440" lon="11.6551997"/>
  <node id="442559558" lat="48.2487234" lon="11.6531587"/>
  <node id="442559559" lat="48.2492462" lon="11.6531310"/>
  <node id="442559568" lat="48.2479276" lon="11.6536546"/>
  <node id="442559569" lat="48.2479392" lon="11.6539916"/>
  <node id="442559571" lat="48.2478744" lon="11.6549596"/>
  <node id="442559572" lat="48.2479038" lon="11.6549959"/>
  <node id="442559574" lat="48.2481707" lon="11.6546957"/>
  <node id="442559576" lat="48.2479231" lon="11.6536896"/>
  <node id="442559578" lat="48.2475683" lon="11.6537322"/>
  <node id="442559580" lat="48.2475219" lon="11.6538019"/>
  <node id="442559582" lat="48.2475120" lon="11.6540681"/>
  <node id="442559583" lat="48.2477524" lon="11.6537842"/>
  <node id="442559585" lat="48.2478541" lon="11.6552026"/>
  <node id="442559587" lat="48.2478749" lon="11.6550731">
    <tag k="crossing:island" v="no"/>
    <tag k="crossing:markings" v="no"/>
    <tag k="crossing:signals" v="no"/>
    <tag k="highway" v="crossing"/>
    <tag k="tactile_paving" v="no"/>
  </node>
  <node id="442559589" lat="48.2477949" lon="11.6558326"/>
  <node id="442559592" lat="48.2482076" lon="11.6547952"/>
  <node id="442559594" lat="48.2479890" lon="11.6550331"/>
  <node id="442559598" lat="48.2479656" lon="11.6551127"/>
  <node id="442559601" lat="48.2479482" lon="11.6552356"/>
  <node id="442559602" lat="48.2478577" lon="11.6558839"/>
  <node id="442559604" lat="48.2478318" lon="11.6561231"/>
  <node id="442559605" lat="48.2478051" lon="11.6562769"/>
  <node id="442559607" lat="48.2478225" lon="11.6563507"/>
  <node id="442559609" lat="48.2479488" lon="11.6565040"/>
  <node id="442559611" lat="48.2485007" lon="11.6568072"/>
  <node id="442559613" lat="48.2473676" lon="11.6557476"/>
  <node id="442559617" lat="48.2477069" lon="11.6559360"/>
  <node id="442559619" lat="48.2473546" lon="11.6558704"/>
  <node id="442559623" lat="48.2477488" lon="11.6559408"/>
  <node id="442559624" lat="48.2477732" lon="11.6561071"/>
  <node id="442559670" lat="48.2485354" lon="11.6537743"/>
  <node id="442559671" lat="48.2486922" lon="11.6531757"/>
  <node id="442559674" lat="48.2488522" lon="11.6522776"/>
  <node id="442559675" lat="48.2491298" lon="11.6517863"/>
  <node id="442559679" lat="48.2489228" lon="11.6523184"/>
  <node id="442559681" lat="48.2491943" lon="11.6519600"/>
  <node id="442561836" lat="48.2482408" lon="11.6536485"/>
  <node id="442561837" lat="48.2483019" lon="11.6531438"/>
  <node id="442843720" lat="48.2488115" lon="11.6513236"/>
  <node id="442843721" lat="48.2484396" lon="11.6512250"/>
  <node id="442843722" lat="48.2481342" lon="11.6510538"/>
  <node id="442843723" lat="48.2474292" lon="11.6502151"/>
  <node id="442843726" lat="48.2474055" lon="11.6499548"/>
  <node id="442843727" lat="48.2474872" lon="11.6501226"/>
  <node id="442843729" lat="48.2472484" lon="11.6503627"/>
  <node id="442843730" lat="48.2468759" lon="11.6508972"/>
  <node id="442843731" lat="48.2466904" lon="11.6510365">
    <tag k="crossing:island" v="no"/>
    <tag k="crossing:markings" v="no"/>
    <tag k="crossing:signals" v="no"/>
    <tag k="highway" v="crossing"/>
    <tag k="tactile_paving" v="no"/>
  </node>
  <node id="442843732" lat="48.2463872" lon="11.6510962"/>
  <node id="442861648" lat="48.2458059" lon="11.6510112"/>
  <node id="442861649" lat="48.2463842" lon="11.6509555"/>
  <node id="442861650" lat="48.2466261" lon="11.6509231"/>
  <node id="442861651" lat="48.2467271" lon="11.6508858"/>
  <node id="442861652" lat="48.2468298" lon="11.6508012"/>
  <node id="442861653" lat="48.2469688" lon="11.6506335"/>
  <node id="442861654" lat="48.2471977" lon="11.6503061"/>
  <node id="442861655" lat="48.2473066" lon="11.6500629"/>
  <node id="442863742" lat="48.2455391" lon="11.6555365">
    <tag k="crossing" v="no"/>
  </node>
  <node id="442863751" lat="48.2463630" lon="11.6557069"/>
  <node id="442863755" lat="48.2460591" lon="11.6556619"/>
  <node id="442871865" lat="48.2485756" lon="11.6565420"/>
  <node id="442871899" lat="48.2484881" lon="11.6568611"/>
  <node id="442871905" lat="48.2485402" lon="11.6565921"/>
  <node id="442871906" lat="48.2485188" lon="11.6565443"/>
  <node id="442871908" lat="48.2485481" lon="11.6563134"/>
  <node id="442871910" lat="48.2483972" lon="11.6562516"/>
  <node id="442871912" lat="48.2482416" lon="11.6561343"/>
  <node id="442871914" lat="48.2482662" lon="11.6559712"/>
  <node id="442871916" lat="48.2484409" lon="11.6562713"/>
  <node id="442871918" lat="48.2485343" lon="11.6556064"/>
  <node id="442871920" lat="48.2485766" lon="11.6553050"/>
  <node id="442871922" lat="48.2488583" lon="11.6557113"/>
  <node id="442871924" lat="48.2487494" lon="11.6556761"/>
  <node id="442871926" lat="48.2486796" lon="11.6561905"/>
  <node id="442871928" lat="48.2484609" lon="11.6561291"/>
  <node id="442871930" lat="48.2486275" lon="11.6565699"/>
  <node id="442871931" lat="48.2485237" lon="11.6567991"/>
  <node id="442877744" lat="48.2467436" lon="11.6512941"/>
  <node id="442877746" lat="48.2467754" lon="11.6513373"/>
  <node id="442877747" lat="48.2469647" lon="11.6514053"/>
  <node id="442877749" lat="48.2469329" lon="11.6516477"/>
  <node id="442886893" lat="48.2490884" lon="11.6516626"/>
  <node id="442886894" lat="48.2491614" lon="11.6515858"/>
  <node id="442886896" lat="48.2492228" lon="11.6520570"/>
  <node id="442886898" lat="48.2492754" lon="11.6520226">
    <tag k="bicycle" v="yes"/>
    <tag k="button_operated" v="no"/>
    <tag k="crossing" v="traffic_signals"/>
    <tag k="highway" v="traffic_signals"/>
    <tag k="tactile_paving" v="yes"/>
    <tag k="traffic_signals" v="signal"/>
    <tag k="traffic_signals:direction" v="both"/>
    <tag k="traffic_signals:sound" v="yes"/>
    <tag k="traffic_signals:vibration" v="yes"/>
  </node>
  <node id="442886899" lat="48.2493577" lon="11.6519708"/>
  <node id="442886903" lat="48.2501708" lon="11.6531024"/>
  <node id="442886905" lat="48.2505544" lon="11.6531781"/>
  <node id="442897040" lat="48.2500859" lon="11.6532672">
    <tag k="crossing:island" v="no"/>
    <tag k="crossing:markings" v="yes"/>
    <tag k="crossing:signals" v="no"/>
    <tag k="highway" v="crossing"/>
    <tag k="tactile_paving" v="yes"/>
  </node>
  <node id="442897043" lat="48.2501983" lon="11.6532816"/>
  <node id="442906079" lat="48.2497605" lon="11.6530896"/>
  <node id="442906086" lat="48.2498576" lon="11.6532267"/>
  <node id="444252653" lat="48.2446248" lon="11.6469859"/>
  <node id="444252660" lat="48.2449839" lon="11.6472404"/>
  <node id="444684569" lat="48.2498584" lon="11.6532188"/>
  <node id="444684578" lat="48.2492673" lon="11.6535790"/>
  <node id="444684579" lat="48.2485156" lon="11.6540026"/>
  <node id="444684580" lat="48.2487492" lon="11.6540184"/>
  <node id="444684581" lat="48.2490631" lon="11.6538359"/>
  <node id="444684582" lat="48.2491521" lon="11.6538124"/>
  <node id="444684584" lat="48.2499522" lon="11.6530133"/>
  <node id="444684585" lat="48.2499434" lon="11.6530855"/>
  <node id="444684586" lat="48.2498359" lon="11.6530575"/>
  <node id="444684587" lat="48.2496733" lon="11.6529701"/>
  <node id="444684588" lat="48.2494959" lon="11.6523355"/>
  <node id="444684589" lat="48.2497824" lon="11.6526972"/>
  <node id="444793272" lat="48.2464658" lon="11.6555960"/>
  <node id="444793273" lat="48.2465234" lon="11.6548404"/>
  <node id="454938490" lat="48.2455783" lon="11.6578961"/>
  <node id="454950073" lat="48.2471208" lon="11.6556998">
    <tag k="highway" v="crossing"/>
  </node>
  <node id="454950075" lat="48.2472840" lon="11.6551526"/>
  <node id="454950079" lat="48.2464894" lon="11.6548076">
    <tag k="crossing" v="informal"/>
  </node>
  <node id="454950085" lat="48.2469030" lon="11.6547113"/>
  <node id="454950086" lat="48.2470415" lon="11.6548045"/>
  <node id="454950088" lat="48.2470804" lon="11.6546164"/>
  <node id="454950090" lat="48.2469989" lon="11.6546035"/>
  <node id="497692746" lat="48.2473447" lon="11.6501153">
    <tag k="crossing:island" v="no"/>
    <tag k="crossing:markings" v="no"/>
    <tag k="crossing:signals" v="no"/>
    <tag k="highway" v="crossing"/>
    <tag k="tactile_paving" v="yes"/>
  </node>
  <node id="521080378" lat="48.2506744" lon="11.6537429"/>
  <node id="521080379" lat="48.2507446" lon="11.6537600"/>
  <node id="521080380" lat="48.2507689" lon="11.6535372"/>
  <node id="521080381" lat="48.2507445" lon="11.6535302"/>
  <node id="521080406" lat="48.2506530" lon="11.6539401"/>
  <node id="529869284" lat="48.2499040" lon="11.6508366"/>
  <node id="529869294" lat="48.2496863" lon="11.6512986">
    <tag k="barrier" v="bollard"/>
    <tag k="bicycle" v="yes"/>
    <tag k="bollard" v="rising"/>
    <tag k="foot" v="yes"/>
  </node>
  <node id="529869299" lat="48.2496998" lon="11.6515923"/>
  <node id="529869300" lat="48.2499111" lon="11.6511144"/>
  <node id="529869301" lat="48.2497808" lon="11.6510510"/>
  <node id="529869305" lat="48.2497200" lon="11.6519123"/>
  <node id="529869306" lat="48.2497125" lon="11.6518103"/>
  <node id="529869308" lat="48.2500162" lon="11.6509806"/>
  <node id="529886535" lat="48.2494742" lon="11.6502086"/>
  <node id="529886544" lat="48.2496244" lon="11.6507933"/>
  <node id="533994660" lat="48.2488602" lon="11.6511557">
    <tag k="button_operated" v="no"/>
    <tag k="crossing" v="uncontrolled"/>
    <tag k="crossing:island" v="no"/>
    <tag k="highway" v="crossing"/>
    <tag k="tactile_paving" v="no"/>
    <tag k="traffic_signals:sound" v="no"/>
    <tag k="traffic_signals:vibration" v="no"/>
  </node>
  <node id="533994662" lat="48.2491673" lon="11.6518814">
    <tag k="button_operated" v="no"/>
    <tag k="crossing" v="traffic_signals"/>
    <tag k="crossing:island" v="no"/>
    <tag k="highway" v="crossing"/>
    <tag k="tactile_paving" v="yes"/>
    <tag k="traffic_signals:sound" v="yes"/>
    <tag k="traffic_signals:vibration" v="yes"/>
  </node>
  <node id="533994670" lat="48.2512651" lon="11.6535036">
    <tag k="crossing:island" v="no"/>
    <tag k="crossing:markings" v="yes"/>
    <tag k="crossing:signals" v="no"/>
    <tag k="highway" v="crossing"/>
    <tag k="tactile_paving" v="yes"/>
  </node>
  <node id="600470721" lat="48.2440739" lon="11.6466122"/>
  <node id="600470733" lat="48.2461430" lon="11.6482200"/>
  <node id="600470736" lat="48.2459409" lon="11.6479749"/>
  <node id="600470750" lat="48.2462633" lon="11.6483913"/>
  <node id="600470776" lat="48.2478301" lon="11.6472201">
    <tag k="crossing" v="uncontrolled"/>
    <tag k="crossing:island" v="no"/>
    <tag k="highway" v="crossing"/>
    <tag k="tactile_paving" v="no"/>
  </node>
  <node id="600470778" lat="48.2470124" lon="11.6494945"/>
  <node id="600470794" lat="48.2474542" lon="11.6558844">
    <tag k="bench" v="no"/>
    <tag k="bin" v="no"/>
    <tag k="bus" v="yes"/>
    <tag k="description" v="Garching, Mühlgasse"/>
    <tag k="highway" v="bus_stop"/>
    <tag k="lit" v="yes"/>
    <tag k="name" v="Garching, Mühlgasse"/>
    <tag k="platform:width" v="1.30"/>
    <tag k="public_transport" v="platform"/>
    <tag k="ref:IFOPT" v="de:09184:2019:0:2"/>
    <tag k="shelter" v="no"/>
    <tag k="tactile_paving" v="yes"/>
  </node>
  <node id="606111536" lat="48.2474003" lon="11.6497142"/>
  <node id="606566027" lat="48.2513086" lon="11.6533542"/>
  <node id="606566031" lat="48.2521469" lon="11.6535074">
    <tag k="crossing:markings" v="yes"/>
    <tag k="crossing:signals" v="no"/>
    <tag k="highway" v="crossing"/>
    <tag k="tactile_paving" v="yes"/>
  </node>
  <node id="606566035" lat="48.2523693" lon="11.6535537"/>
  <node id="606566038" lat="48.2527196" lon="11.6536130"/>
  <node id="606566042" lat="48.2529885" lon="11.6536418"/>
  <node id="606566046" lat="48.2537738" lon="11.6536995"/>
  <node id="606566082" lat="48.2541159" lon="11.6536820"/>
  <node id="606957912" lat="48.2521913" lon="11.6535199"/>
  <node id="624444538" lat="48.2500162" lon="11.6513633"/>
  <node id="624444541" lat="48.2501247" lon="11.6513762"/>
  <node id="624444544" lat="48.2502630" lon="11.6514383"/>
  <node id="624444546" lat="48.2504402" lon="11.6513500"/>
  <node id="626374733" lat="48.2499377" lon="11.6509484"/>
  <node id="626374781" lat="48.2508154" lon="11.6507979"/>
  <node id="626374805" lat="48.2495663" lon="11.6517678"/>
  <node id="627331857" lat="48.2495633" lon="11.6514958"/>
  <node id="631761379" lat="48.2523780" lon="11.6537886"/>
  <node id="631761380" lat="48.2527253" lon="11.6538756"/>
  <node id="631761381" lat="48.2528433" lon="11.6538964"/>
  <node id="631761399" lat="48.2534932" lon="11.6539189"/>
  <node id="639272709" lat="48.2498656" lon="11.6515652"/>
  <node id="639272710" lat="48.2498676" lon="11.6516353"/>
  <node id="639272712" lat="48.2498784" lon="11.6518751"/>
  <node id="639272713" lat="48.2498617" lon="11.6518758">
    <tag k="entrance" v="staircase"/>
  </node>
  <node id="639272714" lat="48.2499815" lon="11.6514077"/>
  <node id="639272718" lat="48.2505171" lon="11.6515906"/>
  <node id="639272722" lat="48.2506552" lon="11.6512726"/>
  <node id="639272723" lat="48.2508018" lon="11.6513017"/>
  <node id="639272725" lat="48.2506279" lon="11.6515562"/>
  <node id="639272727" lat="48.2508691" lon="11.6515116"/>
  <node id="639272728" lat="48.2507738" lon="11.6520497"/>
  <node id="656397917" lat="48.2484768" lon="11.6496340"/>
  <node id="656397922" lat="48.2487367" lon="11.6497040"/>
  <node id="656397924" lat="48.2487675" lon="11.6500207"/>
  <node id="656398004" lat="48.2526201" lon="11.6583373"/>
  <node id="656505340" lat="48.2496541" lon="11.6475813"/>
  <node id="656505341" lat="48.2496072" lon="11.6480884"/>
  <node id="656505362" lat="48.2495054" lon="11.6490830"/>
  <node id="734489788" lat="48.2539706" lon="11.6570309"/>
  <node id="747049832" lat="48.2452612" lon="11.6555833"/>
  <node id="747049848" lat="48.2452684" lon="11.6555026"/>
  <node id="846758917" lat="48.2504439" lon="11.6546236"/>
  <node id="846758919" lat="48.2503061" lon="11.6552374"/>
  <node id="846758922" lat="48.2506615" lon="11.6554062"/>
  <node id="846758927" lat="48.2507743" lon="11.6548064"/>
  <node id="846758930" lat="48.2501545" lon="11.6555213"/>
  <node id="846758935" lat="48.2500958" lon="11.6557949"/>
  <node id="846758936" lat="48.2502015" lon="11.6559977"/>
  <node id="846758938" lat="48.2502810" lon="11.6567855"/>
  <node id="846758946" lat="48.2508626" lon="11.6554995"/>
  <node id="846758947" lat="48.2509432" lon="11.6555504"/>
  <node id="1012263558" lat="48.2500678" lon="11.6559744"/>
  <node id="1012263591" lat="48.2497869" lon="11.6560407"/>
  <node id="1097900209" lat="48.2483061" lon="11.6510319"/>
  <node id="1097900210" lat="48.2496106" lon="11.6529115"/>
  <node id="1097900213" lat="48.2489660" lon="11.6513693"/>
  <node id="1097900214" lat="48.2485774" lon="11.6512382"/>
  <node id="1198080697" lat="48.2497801" lon="11.6559599"/>
  <node id="1198080698" lat="48.2497441" lon="11.6559544"/>
  <node id="1198080706" lat="48.2495245" lon="11.6559136"/>
  <node id="1198080708" lat="48.2493590" lon="11.6558807"/>
  <node id="1198080709" lat="48.2494000" lon="11.6554373"/>
  <node id="1198080710" lat="48.2495643" lon="11.6554909"/>
  <node id="1198713704" lat="48.2426468" lon="11.6454711"/>
  <node id="1198713715" lat="48.2424503" lon="11.6452417"/>
  <node id="1198713751" lat="48.2425343" lon="11.6453834"/>
  <node id="1207024449" lat="48.2510144" lon="11.6520646"/>
  <node id="1327106289" lat="48.2507614" lon="11.6551098">
    <tag k="addr:city" v="Garching bei München"/>
    <tag k="addr:country" v="DE"/>
    <tag k="addr:housenumber" v="12"/>
    <tag k="addr:postcode" v="85748"/>
    <tag k="addr:street" v="Römerhofweg"/>
    <tag k="entrance" v="yes"/>
  </node>
  <node id="1327138610" lat="48.2505954" lon="11.6498194"/>
  <node id="1327138677" lat="48.2510125" lon="11.6497955"/>
  <node id="1328132649" lat="48.2495702" lon="11.6513403"/>
  <node id="1328132659" lat="48.2496813" lon="11.6518177"/>
  <node id="1328132665" lat="48.2496747" lon="11.6515969"/>
  <node id="1328132675" lat="48.2496920" lon="11.6514060"/>
  <node id="1331241675" lat="48.2508483" lon="11.6504758"/>
  <node id="1331241694" lat="48.2509024" lon="11.6502739"/>
  <node id="1331241706" lat="48.2509492" lon="11.6502466"/>
  <node id="1331241860" lat="48.2508466" lon="11.6502665"/>
  <node id="1336982247" lat="48.2508523" lon="11.6507701"/>
  <node id="1336982249" lat="48.2508196" lon="11.6507617"/>
  <node id="1336982252" lat="48.2510409" lon="11.6508264"/>
  <node id="1338272144" lat="48.2496316" lon="11.6513745"/>
  <node id="1338299080" lat="48.2494958" lon="11.6507731"/>
  <node id="1338299090" lat="48.2495396" lon="11.6503076"/>
  <node id="1338299106" lat="48.2494698" lon="11.6503324"/>
  <node id="1338299111" lat="48.2493478" lon="11.6505860"/>
  <node id="1340789835" lat="48.2476325" lon="11.6483626"/>
  <node id="1340851772" lat="48.2487889" lon="11.6520401"/>
  <node id="1340851774" lat="48.2485189" lon="11.6519852"/>
  <node id="1340851777" lat="48.2489438" lon="11.6519285">
    <tag k="barrier" v="gate"/>
    <tag k="entrance" v="yes"/>
  </node>
  <node id="1340851781" lat="48.2487149" lon="11.6516111"/>
  <node id="1340851782" lat="48.2487370" lon="11.6520278"/>
  <node id="1340851784" lat="48.2488375" lon="11.6518975"/>
  <node id="1340855757" lat="48.2499420" lon="11.6502015">
    <tag k="barrier" v="bollard"/>
    <tag k="bicycle" v="yes"/>
    <tag k="bollard" v="rising"/>
    <tag k="foot" v="yes"/>
  </node>
  <node id="1340876285" lat="48.2510605" lon="11.6513492"/>
  <node id="1340876287" lat="48.2509996" lon="11.6510833"/>
  <node id="1340938136" lat="48.2509925" lon="11.6511436"/>
  <node id="1340957340" lat="48.2505980" lon="11.6528445"/>
  <node id="1340957341" lat="48.2498597" lon="11.6531178"/>
  <node id="1340957343" lat="48.2510056" lon="11.6523588"/>
  <node id="1340957345" lat="48.2494778" lon="11.6527624"/>
  <node id="1340957346" lat="48.2509411" lon="11.6524444"/>
  <node id="1340957348" lat="48.2508106" lon="11.6524729"/>
  <node id="1340957349" lat="48.2510305" lon="11.6521778"/>
  <node id="1340957715" lat="48.2497633" lon="11.6540264"/>
  <node id="1340957716" lat="48.2496386" lon="11.6536821"/>
  <node id="1341011328" lat="48.2500219" lon="11.6538735"/>
  <node id="1341016838" lat="48.2489979" lon="11.6520732"/>
  <node id="1341016840" lat="48.2490174" lon="11.6521087"/>
  <node id="1341016841" lat="48.2490983" lon="11.6520251"/>
  <node id="1342019533" lat="48.2507967" lon="11.6506581">
    <tag k="addr:city" v="Garching"/>
    <tag k="addr:country" v="DE"/>
    <tag k="addr:housenumber" v="13"/>
    <tag k="addr:postcode" v="85748"/>
    <tag k="addr:street" v="Bürgerplatz"/>
    <tag k="door" v="hinged"/>
    <tag k="entrance" v="main"/>
  </node>
  <node id="1349003754" lat="48.2484910" lon="11.6514081"/>
  <node id="1349003760" lat="48.2484924" lon="11.6515337"/>
  <node id="1349656696" lat="48.2450580" lon="11.6554763">
    <tag k="crossing" v="unmarked"/>
    <tag k="crossing:island" v="yes"/>
    <tag k="crossing:markings" v="no"/>
    <tag k="highway" v="crossing"/>
    <tag k="tactile_paving" v="no"/>
  </node>
  <node id="1349656703" lat="48.2503811" lon="11.6513519"/>
  <node id="1349656730" lat="48.2455009" lon="11.6555317"/>
  <node id="1361555652" lat="48.2493983" lon="11.6501406"/>
  <node id="1361555654" lat="48.2493420" lon="11.6500636"/>
  <node id="1361555657" lat="48.2494227" lon="11.6492690"/>
  <node id="1361555670" lat="48.2494114" lon="11.6500017"/>
  <node id="1363039991" lat="48.2490581" lon="11.6514911"/>
  <node id="1363039995" lat="48.2489120" lon="11.6508415"/>
  <node id="1363039996" lat="48.2489134" lon="11.6510636"/>
  <node id="1363362555" lat="48.2489143" lon="11.6506939"/>
  <node id="1363362570" lat="48.2486349" lon="11.6510929"/>
  <node id="1363362575" lat="48.2486018" lon="11.6511568"/>
  <node id="1363362579" lat="48.2484188" lon="11.6504287"/>
  <node id="1363839530" lat="48.2533917" lon="11.6573465"/>
  <node id="1363848000" lat="48.2477288" lon="11.6477813"/>
  <node id="1374482757" lat="48.2503243" lon="11.6568035"/>
  <node id="1374482758" lat="48.2503311" lon="11.6569965"/>
  <node id="1379229739" lat="48.2502829" lon="11.6558207"/>
  <node id="1379229740" lat="48.2503305" lon="11.6556330"/>
  <node id="1379229741" lat="48.2502459" lon="11.6558170"/>
  <node id="1379229743" lat="48.2502187" lon="11.6556376"/>
  <node id="1379229745" lat="48.2503958" lon="11.6557208"/>
  <node id="1379229746" lat="48.2502519" lon="11.6557714"/>
  <node id="1379229748" lat="48.2501858" lon="11.6557759"/>
  <node id="1379229761" lat="48.2502834" lon="11.6552685"/>
  <node id="1379229764" lat="48.2502252" lon="11.6557581"/>
  <node id="1379229767" lat="48.2502668" lon="11.6552991"/>
  <node id="1379229773" lat="48.2502903" lon="11.6556908"/>
  <node id="1379229775" lat="48.2502813" lon="11.6557743"/>
  <node id="1379229778" lat="48.2508249" lon="11.6554795"/>
  <node id="1379229781" lat="48.2501839" lon="11.6557075"/>
  <node id="1379229784" lat="48.2502478" lon="11.6556851"/>
  <node id="1379229786" lat="48.2503449" lon="11.6557932"/>
  <node id="1379229788" lat="48.2503818" lon="11.6556571"/>
  <node id="1379229791" lat="48.2504114" lon="11.6556710"/>
  <node id="1379229793" lat="48.2503053" lon="11.6557681"/>
  <node id="1379229795" lat="48.2501701" lon="11.6556682"/>
  <node id="1379229798" lat="48.2503732" lon="11.6557619"/>
  <node id="1379229800" lat="48.2503150" lon="11.6556696"/>
  <node id="1379229803" lat="48.2503243" lon="11.6556527"/>
  <node id="1379229806" lat="48.2502785" lon="11.6556939"/>
  <node id="1379229808" lat="48.2502267" lon="11.6556588"/>
  <node id="1379229811" lat="48.2503297" lon="11.6557528"/>
  <node id="1379229815" lat="48.2503032" lon="11.6556827"/>
  <node id="1379229817" lat="48.2502199" lon="11.6554880"/>
  <node id="1379229828" lat="48.2503140" lon="11.6558127"/>
  <node id="1379229830" lat="48.2503696" lon="11.6556959"/>
  <node id="1379229832" lat="48.2502622" lon="11.6556922"/>
  <node id="1379229835" lat="48.2506942" lon="11.6554210"/>
  <node id="1379229837" lat="48.2502121" lon="11.6558002"/>
  <node id="1379229843" lat="48.2501587" lon="11.6555325"/>
  <node id="1379229846" lat="48.2502050" lon="11.6557395"/>
  <node id="1379229849" lat="48.2503519" lon="11.6557281"/>
  <node id="1379229851" lat="48.2502383" lon="11.6556764"/>
  <node id="1379364016" lat="48.2504575" lon="11.6527107"/>
  <node id="1379364021" lat="48.2506075" lon="11.6527596"/>
  <node id="1379364023" lat="48.2505807" lon="11.6527456"/>
  <node id="1379366989" lat="48.2507133" lon="11.6524021"/>
  <node id="1379366990" lat="48.2507464" lon="11.6524935"/>
  <node id="1379366992" lat="48.2507252" lon="11.6522993">
    <tag k="entrance" v="yes"/>
  </node>
  <node id="1381715546" lat="48.2510143" lon="11.6502299"/>
  <node id="1381719148" lat="48.2510015" lon="11.6501870"/>
  <node id="1390701847" lat="48.2508963" lon="11.6515189">
    <tag k="entrance" v="yes"/>
  </node>
  <node id="1390701849" lat="48.2509564" lon="11.6526735"/>
  <node id="1390701850" lat="48.2508506" lon="11.6512992">
    <tag k="entrance" v="staircase"/>
  </node>
  <node id="1390701851" lat="48.2509778" lon="11.6524991"/>
  <node id="1390701856" lat="48.2508347" lon="11.6509846"/>
  <node id="1390701857" lat="48.2508303" lon="11.6510348"/>
  <node id="1390701858" lat="48.2507872" lon="11.6517430"/>
  <node id="1390701859" lat="48.2507575" lon="11.6519764"/>
  <node id="1390701860" lat="48.2508144" lon="11.6511849"/>
  <node id="1390701862" lat="48.2508907" lon="11.6517675">
    <tag k="entrance" v="yes"/>
  </node>
  <node id="1408150747" lat="48.2491262" lon="11.6517521"/>
  <node id="1408150748" lat="48.2496417" lon="11.6519260"/>
  <node id="1408150750" lat="48.2496095" lon="11.6519321"/>
  <node id="1408150754" lat="48.2498570" lon="11.6511868"/>
  <node id="1408150755" lat="48.2492080" lon="11.6516115"/>
  <node id="1449500850" lat="48.2509131" lon="11.6501352"/>
  <node id="1468395929" lat="48.2504889" lon="11.6549020"/>
  <node id="1468395933" lat="48.2505829" lon="11.6557720"/>
  <node id="1468395939" lat="48.2504294" lon="11.6566144"/>
  <node id="1468395951" lat="48.2505877" lon="11.6549488"/>
  <node id="1468395970" lat="48.2509042" lon="11.6558328"/>
  <node id="1468395983" lat="48.2506366" lon="11.6547281"/>
  <node id="1468395998" lat="48.2504051" lon="11.6552862"/>
  <node id="1468396003" lat="48.2504792" lon="11.6563208"/>
  <node id="1468396032" lat="48.2505893" lon="11.6566240"/>
  <node id="1513894915" lat="48.2493838" lon="11.6526554"/>
  <node id="1513894916" lat="48.2499893" lon="11.6534027">
    <tag k="entrance" v="home"/>
  </node>
  <node id="1513894919" lat="48.2493310" lon="11.6527300"/>
  <node id="1513894923" lat="48.2499940" lon="11.6534037"/>
  <node id="1513894926" lat="48.2500079" lon="11.6532588"/>
  <node id="1513894929" lat="48.2493110" lon="11.6527406"/>
  <node id="1513894939" lat="48.2497496" lon="11.6530189"/>
  <node id="1513894941" lat="48.2491906" lon="11.6527469"/>
  <node id="1513894943" lat="48.2500681" lon="11.6530786"/>
  <node id="1513894954" lat="48.2500053" lon="11.6532872"/>
  <node id="1513894957" lat="48.2500022" lon="11.6533177"/>
  <node id="1522863465" lat="48.2468967" lon="11.6610193"/>
  <node id="1660206693" lat="48.2465959" lon="11.6519526"/>
  <node id="1660206701" lat="48.2462244" lon="11.6518543"/>
  <node id="1660206705" lat="48.2461845" lon="11.6518419"/>
  <node id="1660206725" lat="48.2461504" lon="11.6517467"/>
  <node id="1660206726" lat="48.2484966" lon="11.6519399"/>
  <node id="1660206728" lat="48.2483171" lon="11.6519095">
    <tag k="barrier" v="bollard"/>
    <tag k="bollard" v="removable"/>
  </node>
  <node id="1660206736" lat="48.2461578" lon="11.6518075"/>
  <node id="1660206738" lat="48.2484513" lon="11.6517539"/>
  <node id="1660206742" lat="48.2461752" lon="11.6511101"/>
  <node id="1660206746" lat="48.2461756" lon="11.6510566"/>
  <node id="1702521443" lat="48.2501358" lon="11.6516533"/>
  <node id="1702521457" lat="48.2501638" lon="11.6515015"/>
  <node id="1702521483" lat="48.2498391" lon="11.6516389">
    <tag k="entrance" v="staircase"/>
  </node>
  <node id="1804887141" lat="48.2509611" lon="11.6579003"/>
  <node id="1807980552" lat="48.2495507" lon="11.6526677"/>
  <node id="1807980554" lat="48.2496987" lon="11.6526596"/>
  <node id="1807980563" lat="48.2495297" lon="11.6527665"/>
  <node id="1807980565" lat="48.2494640" lon="11.6523557"/>
  <node id="1807980566" lat="48.2495204" lon="11.6524055"/>
  <node id="1807980577" lat="48.2495713" lon="11.6528517"/>
  <node id="1808087561" lat="48.2481034" lon="11.6456738"/>
  <node id="1827611339" lat="48.2463138" lon="11.6518566"/>
  <node id="1827653844" lat="48.2508422" lon="11.6505473"/>
  <node id="1827672516" lat="48.2437917" lon="11.6462985"/>
  <node id="1827672520" lat="48.2439014" lon="11.6463859"/>
  <node id="1827672522" lat="48.2433164" lon="11.6459387"/>
  <node id="1827672524" lat="48.2436827" lon="11.6462108"/>
  <node id="1827672526" lat="48.2428288" lon="11.6455980"/>
  <node id="1827672528" lat="48.2431325" lon="11.6458126"/>
  <node id="1827672530" lat="48.2434290" lon="11.6460218"/>
  <node id="1827672535" lat="48.2436148" lon="11.6461559"/>
  <node id="1827672540" lat="48.2429717" lon="11.6456973"/>
  <node id="1827672542" lat="48.2438666" lon="11.6463574"/>
  <node id="1827676368" lat="48.2444686" lon="11.6467836"/>
  <node id="1827676369" lat="48.2457689" lon="11.6477170"/>
  <node id="1827676370" lat="48.2465314" lon="11.6487055"/>
  <node id="1827676375" lat="48.2467857" lon="11.6490711"/>
  <node id="1827676379" lat="48.2440167" lon="11.6464403"/>
  <node id="1827676380" lat="48.2441006" lon="11.6465019"/>
  <node id="1827676381" lat="48.2441649" lon="11.6465636"/>
  <node id="1827676383" lat="48.2442703" lon="11.6466441"/>
  <node id="1827676384" lat="48.2445104" lon="11.6468142"/>
  <node id="1827676385" lat="48.2446295" lon="11.6468994"/>
  <node id="1827676386" lat="48.2446615" lon="11.6469338"/>
  <node id="1827676387" lat="48.2448615" lon="11.6470759"/>
  <node id="1827676388" lat="48.2447544" lon="11.6470035"/>
  <node id="1827676389" lat="48.2452749" lon="11.6473624"/>
  <node id="1827676390" lat="48.2453956" lon="11.6474434"/>
  <node id="1827676391" lat="48.2455492" lon="11.6475561"/>
  <node id="1827676392" lat="48.2460291" lon="11.6479794"/>
  <node id="1827676394" lat="48.2462476" lon="11.6482507"/>
  <node id="1827676395" lat="48.2464704" lon="11.6485939"/>
  <node id="1827694469" lat="48.2506598" lon="11.6517106"/>
  <node id="1827694475" lat="48.2506130" lon="11.6516073"/>
  <node id="1827714204" lat="48.2522045" lon="11.6537332"/>
  <node id="1827714206" lat="48.2519928" lon="11.6536399"/>
  <node id="1827714207" lat="48.2532720" lon="11.6538869"/>
  <node id="1827714208" lat="48.2530684" lon="11.6539006"/>
  <node id="1828252964" lat="48.2470005" lon="11.6548297"/>
  <node id="1828252979" lat="48.2468945" lon="11.6548155"/>
  <node id="1828253072" lat="48.2469206" lon="11.6548371"/>
  <node id="1828253088" lat="48.2470647" lon="11.6547623"/>
  <node id="1828253101" lat="48.2469533" lon="11.6548321"/>
  <node id="1828253105" lat="48.2467427" lon="11.6548808"/>
  <node id="1828253198" lat="48.2471027" lon="11.6549358"/>
  <node id="1828287364" lat="48.2469759" lon="11.6607998"/>
  <node id="1828287376" lat="48.2473696" lon="11.6562686"/>
  <node id="1828287385" lat="48.2475702" lon="11.6576309"/>
  <node id="1828287413" lat="48.2473213" lon="11.6591691"/>
  <node id="1828287415" lat="48.2471327" lon="11.6601915"/>
  <node id="1828287416" lat="48.2478338" lon="11.6564852">
    <tag k="crossing:island" v="no"/>
    <tag k="crossing:markings" v="no"/>
    <tag k="crossing:signals" v="no"/>
    <tag k="highway" v="crossing"/>
    <tag k="tactile_paving" v="no"/>
  </node>
  <node id="1828287444" lat="48.2477524" lon="11.6563814"/>
  <node id="1828287461" lat="48.2461567" lon="11.6570969"/>
  <node id="1828287470" lat="48.2477832" lon="11.6562620"/>
  <node id="1828287499" lat="48.2459299" lon="11.6574958"/>
  <node id="1828302643" lat="48.2477168" lon="11.6565863"/>
  <node id="1828302647" lat="48.2478067" lon="11.6564207"/>
  <node id="1828302649" lat="48.2478674" lon="11.6564353"/>
  <node id="1828302653" lat="48.2478156" lon="11.6565096"/>
  <node id="1828302672" lat="48.2478712" lon="11.6565192"/>
  <node id="1828327390" lat="48.2445587" lon="11.6468504">
    <tag k="crossing:island" v="no"/>
    <tag k="crossing:markings" v="no"/>
    <tag k="crossing:signals" v="no"/>
    <tag k="highway" v="crossing"/>
    <tag k="tactile_paving" v="yes"/>
  </node>
  <node id="1828331106" lat="48.2467217" lon="11.6490705"/>
  <node id="1828331110" lat="48.2465042" lon="11.6487562"/>
  <node id="1828333452" lat="48.2475520" lon="11.6502992"/>
  <node id="1828333458" lat="48.2476302" lon="11.6501767"/>
  <node id="1828361267" lat="48.2510573" lon="11.6521392"/>
  <node id="1828361334" lat="48.2506530" lon="11.6525893"/>
  <node id="1829070031" lat="48.2531972" lon="11.6575002"/>
  <node id="1829070032" lat="48.2535053" lon="11.6573382"/>
  <node id="1829110162" lat="48.2541889" lon="11.6560707"/>
  <node id="1829458748" lat="48.2424733" lon="11.6455855"/>
  <node id="1829458749" lat="48.2425746" lon="11.6456495"/>
  <node id="1829458750" lat="48.2423858" lon="11.6455802"/>
  <node id="1829531386" lat="48.2485053" lon="11.6537931"/>
  <node id="1829531391" lat="48.2485582" lon="11.6526183"/>
  <node id="1829531394" lat="48.2475122" lon="11.6529938"/>
  <node id="1829531400" lat="48.2474932" lon="11.6551838"/>
  <node id="1829531419" lat="48.2483052" lon="11.6537073"/>
  <node id="1829531438" lat="48.2480016" lon="11.6525432"/>
  <node id="1829531445" lat="48.2482382" lon="11.6545575"/>
  <node id="1829531460" lat="48.2483855" lon="11.6526223"/>
  <node id="1829531473" lat="48.2480384" lon="11.6549533"/>
  <node id="1829531475" lat="48.2485224" lon="11.6538086"/>
  <node id="1829531486" lat="48.2488035" lon="11.6527068"/>
  <node id="1829531525" lat="48.2483677" lon="11.6537529"/>
  <node id="1829531526" lat="48.2486236" lon="11.6550019"/>
  <node id="1829531540" lat="48.2478480" lon="11.6552603"/>
  <node id="1829531544" lat="48.2476372" lon="11.6552147"/>
  <node id="1829531554" lat="48.2479355" lon="11.6528463"/>
  <node id="1829531630" lat="48.2482695" lon="11.6548740"/>
  <node id="1829531655" lat="48.2478837" lon="11.6529938"/>
  <node id="1829531668" lat="48.2487691" lon="11.6526929"/>
  <node id="1829531669" lat="48.2485450" lon="11.6538354"/>
  <node id="1829531673" lat="48.2479516" lon="11.6534390"/>
  <node id="1829531686" lat="48.2483070" lon="11.6549008"/>
  <node id="1830195116" lat="48.2539103" lon="11.6539479"/>
  <node id="1830195117" lat="48.2540527" lon="11.6540077"/>
  <node id="1830215692" lat="48.2511485" lon="11.6533950">
    <tag k="bicycle" v="yes"/>
    <tag k="button_operated" v="yes"/>
    <tag k="crossing" v="traffic_signals"/>
    <tag k="crossing:island" v="no"/>
    <tag k="highway" v="crossing"/>
    <tag k="tactile_paving" v="yes"/>
    <tag k="traffic_signals:sound" v="yes"/>
    <tag k="traffic_signals:vibration" v="yes"/>
  </node>
  <node id="1830215693" lat="48.2511428" lon="11.6534727"/>
  <node id="1830215694" lat="48.2511568" lon="11.6533224"/>
  <node id="1830229150" lat="48.2494610" lon="11.6500462"/>
  <node id="1830229153" lat="48.2503851" lon="11.6497250"/>
  <node id="1830229155" lat="48.2494949" lon="11.6501054"/>
  <node id="1830229159" lat="48.2495278" lon="11.6501193"/>
  <node id="1830229163" lat="48.2494698" lon="11.6498484"/>
  <node id="1830229165" lat="48.2503136" lon="11.6488560"/>
  <node id="1830229167" lat="48.2503512" lon="11.6483652"/>
  <node id="1830229175" lat="48.2494606" lon="11.6499916"/>
  <node id="1830229177" lat="48.2503510" lon="11.6498164"/>
  <node id="1830229178" lat="48.2503648" lon="11.6478866"/>
  <node id="1830229182" lat="48.2503377" lon="11.6494239"/>
  <node id="1830229183" lat="48.2499582" lon="11.6499933"/>
  <node id="1830229184" lat="48.2504191" lon="11.6473603"/>
  <node id="1830229186" lat="48.2503762" lon="11.6496258"/>
  <node id="1830229187" lat="48.2503131" lon="11.6492254"/>
  <node id="1830229193" lat="48.2502529" lon="11.6498860"/>
  <node id="1830445683" lat="48.2491925" lon="11.6537599"/>
  <node id="1830445686" lat="48.2488795" lon="11.6536996"/>
  <node id="1830445693" lat="48.2485990" lon="11.6539730"/>
  <node id="1830445694" lat="48.2487616" lon="11.6511113"/>
  <node id="1830445696" lat="48.2491805" lon="11.6536359"/>
  <node id="1830445698" lat="48.2477785" lon="11.6507092"/>
  <node id="1830445700" lat="48.2486844" lon="11.6534731"/>
  <node id="1830445704" lat="48.2489102" lon="11.6509908"/>
  <node id="1830445705" lat="48.2486955" lon="11.6536996"/>
  <node id="1830445706" lat="48.2463083" lon="11.6484546"/>
  <node id="1830445712" lat="48.2488223" lon="11.6510791"/>
  <node id="1830445722" lat="48.2475147" lon="11.6503287"/>
  <node id="1830445726" lat="48.2486757" lon="11.6511823">
    <tag k="button_operated" v="yes"/>
    <tag k="crossing" v="traffic_signals"/>
    <tag k="crossing:island" v="no"/>
    <tag k="crossing:signals" v="yes"/>
    <tag k="highway" v="crossing"/>
    <tag k="tactile_paving" v="yes"/>
    <tag k="traffic_signals:sound" v="yes"/>
    <tag k="traffic_signals:vibration" v="yes"/>
  </node>
  <node id="1830445741" lat="48.2490331" lon="11.6536782"/>
  <node id="1830445742" lat="48.2486617" lon="11.6512689"/>
  <node id="1830445746" lat="48.2492550" lon="11.6533191"/>
  <node id="1830445747" lat="48.2489289" lon="11.6540046"/>
  <node id="1830445756" lat="48.2489438" lon="11.6537023"/>
  <node id="1830445757" lat="48.2486705" lon="11.6537372"/>
  <node id="1830445758" lat="48.2490149" lon="11.6533334"/>
  <node id="1830445759" lat="48.2486692" lon="11.6535321"/>
  <node id="1830445761" lat="48.2488727" lon="11.6513677"/>
  <node id="1830445762" lat="48.2480080" lon="11.6509518"/>
  <node id="1830445767" lat="48.2486848" lon="11.6511167"/>
  <node id="1830445768" lat="48.2485576" lon="11.6512343"/>
  <node id="1830445769" lat="48.2451442" lon="11.6472718"/>
  <node id="1830445771" lat="48.2451248" lon="11.6473403"/>
  <node id="1830445775" lat="48.2489742" lon="11.6533402"/>
  <node id="1830445777" lat="48.2487815" lon="11.6534954">
    <tag k="entrance" v="yes"/>
  </node>
  <node id="1830445779" lat="48.2488561" lon="11.6530306"/>
  <node id="1830597885" lat="48.2497062" lon="11.6502427"/>
  <node id="1830597886" lat="48.2501642" lon="11.6500446"/>
  <node id="1830597887" lat="48.2505619" lon="11.6497737"/>
  <node id="1830597888" lat="48.2504026" lon="11.6499118"/>
  <node id="1830597890" lat="48.2503245" lon="11.6499815"/>
  <node id="1830597892" lat="48.2504972" lon="11.6497911"/>
  <node id="1830597894" lat="48.2504490" lon="11.6498313"/>
  <node id="1834969897" lat="48.2511750" lon="11.6554371"/>
  <node id="1834993029" lat="48.2502234" lon="11.6513869"/>
  <node id="1834993068" lat="48.2498853" lon="11.6528919"/>
  <node id="1834993078" lat="48.2517999" lon="11.6536039"/>
  <node id="1835169757" lat="48.2498250" lon="11.6554892"/>
  <node id="1835169761" lat="48.2498133" lon="11.6557330"/>
  <node id="1835169766" lat="48.2499753" lon="11.6542533"/>
  <node id="1835169769" lat="48.2499254" lon="11.6569213"/>
  <node id="1835174106" lat="48.2478539" lon="11.6538669"/>
  <node id="1835174107" lat="48.2478510" lon="11.6539209"/>
  <node id="1835174113" lat="48.2484833" lon="11.6544037"/>
  <node id="1835174125" lat="48.2468806" lon="11.6610523"/>
  <node id="1835174145" lat="48.2492446" lon="11.6533198"/>
  <node id="1835174148" lat="48.2496133" lon="11.6536056"/>
  <node id="1835174170" lat="48.2484632" lon="11.6549513"/>
  <node id="1835174171" lat="48.2486536" lon="11.6534679"/>
  <node id="1835174173" lat="48.2484740" lon="11.6529292"/>
  <node id="1835174175" lat="48.2484067" lon="11.6543032"/>
  <node id="1835174191" lat="48.2478584" lon="11.6537871"/>
  <node id="1835174217" lat="48.2489008" lon="11.6540215"/>
  <node id="1835174218" lat="48.2484405" lon="11.6543367"/>
  <node id="1835174220" lat="48.2492586" lon="11.6535860"/>
  <node id="1835174244" lat="48.2482766" lon="11.6545840"/>
  <node id="1835174263" lat="48.2493022" lon="11.6536962"/>
  <node id="1835174298" lat="48.2485167" lon="11.6545688"/>
  <node id="1835174328" lat="48.2478296" lon="11.6550417"/>
  <node id="1835174337" lat="48.2477916" lon="11.6548853"/>
  <node id="1835174369" lat="48.2482917" lon="11.6546209"/>
  <node id="1835174371" lat="48.2487495" lon="11.6530215"/>
  <node id="1835174373" lat="48.2487178" lon="11.6530099"/>
  <node id="1835174386" lat="48.2485083" lon="11.6544735"/>
  <node id="1835174387" lat="48.2486176" lon="11.6535205"/>
  <node id="1835176702" lat="48.2494833" lon="11.6524647"/>
  <node id="1835176707" lat="48.2494612" lon="11.6523472"/>
  <node id="1835181611" lat="48.2509997" lon="11.6582188"/>
  <node id="1835653315" lat="48.2470501" lon="11.6494448"/>
  <node id="1835655767" lat="48.2473582" lon="11.6501830"/>
  <node id="1835675993" lat="48.2466660" lon="11.6488990"/>
  <node id="1836219112" lat="48.2493056" lon="11.6523790"/>
  <node id="1838852137" lat="48.2439961" lon="11.6466558"/>
  <node id="1838852138" lat="48.2434513" lon="11.6462588"/>
  <node id="1838852139" lat="48.2442051" lon="11.6467979"/>
  <node id="1838852140" lat="48.2485748" lon="11.6510397"/>
  <node id="1838852141" lat="48.2483969" lon="11.6509538"/>
  <node id="1838852142" lat="48.2448606" lon="11.6472351"/>
  <node id="1838852145" lat="48.2468772" lon="11.6494131"/>
  <node id="1838852146" lat="48.2481436" lon="11.6508454"/>
  <node id="1838852147" lat="48.2482865" lon="11.6509339"/>
  <node id="1838852149" lat="48.2455108" lon="11.6477018"/>
  <node id="1838852150" lat="48.2460776" lon="11.6482261"/>
  <node id="1838852151" lat="48.2457877" lon="11.6479084"/>
  <node id="1838852152" lat="48.2459431" lon="11.6480505"/>
  <node id="1838852153" lat="48.2462431" lon="11.6484690"/>
  <node id="1838852154" lat="48.2461665" lon="11.6483580"/>
  <node id="1838852157" lat="48.2440550" lon="11.6466951"/>
  <node id="1838852158" lat="48.2436263" lon="11.6463741"/>
  <node id="1838852159" lat="48.2427350" lon="11.6457599"/>
  <node id="1838852161" lat="48.2478667" lon="11.6505852"/>
  <node id="1838852162" lat="48.2452375" lon="11.6475060"/>
  <node id="1838852163" lat="48.2431887" lon="11.6460818"/>
  <node id="1838852164" lat="48.2446059" lon="11.6470592"/>
  <node id="1838852165" lat="48.2447017" lon="11.6471252"/>
  <node id="1838852166" lat="48.2480078" lon="11.6507301"/>
  <node id="1846649274" lat="48.2478746" lon="11.6469663"/>
  <node id="1846649291" lat="48.2478491" lon="11.6471137"/>
  <node id="1846653752" lat="48.2478146" lon="11.6473072"/>
  <node id="1846653758" lat="48.2477670" lon="11.6475703"/>
  <node id="1859001580" lat="48.2490561" lon="11.6522255"/>
  <node id="1859001585" lat="48.2489582" lon="11.6524897"/>
  <node id="1859001591" lat="48.2488698" lon="11.6524989"/>
  <node id="1859001612" lat="48.2488417" lon="11.6524894"/>
  <node id="1859001628" lat="48.2489332" lon="11.6525058"/>
  <node id="1859001631" lat="48.2490523" lon="11.6522719"/>
  <node id="1874105136" lat="48.2463507" lon="11.6484042"/>
  <node id="1874105209" lat="48.2483690" lon="11.6510614"/>
  <node id="1874105256" lat="48.2483409" lon="11.6511741"/>
  <node id="1874105271" lat="48.2479129" lon="11.6508600"/>
  <node id="1874105353" lat="48.2481819" lon="11.6518604"/>
  <node id="1874105354" lat="48.2478211" lon="11.6510411"/>
  <node id="1874105356" lat="48.2479509" lon="11.6507599"/>
  <node id="1874105357" lat="48.2477496" lon="11.6510062"/>
  <node id="1874105360" lat="48.2460323" lon="11.6510008"/>
  <node id="1874112838" lat="48.2466373" lon="11.6489486"/>
  <node id="1874544677" lat="48.2494928" lon="11.6573211"/>
  <node id="1874544734" lat="48.2493843" lon="11.6572746"/>
  <node id="1874544751" lat="48.2504167" lon="11.6547591"/>
  <node id="1874544763" lat="48.2507658" lon="11.6549317"/>
  <node id="1874544791" lat="48.2495869" lon="11.6573311"/>
  <node id="1874544818" lat="48.2498688" lon="11.6573448"/>
  <node id="1874544846" lat="48.2503551" lon="11.6559494"/>
  <node id="1874544848" lat="48.2488278" lon="11.6569824"/>
  <node id="1874544922" lat="48.2509078" lon="11.6570649">
    <tag k="crossing" v="marked"/>
    <tag k="crossing:island" v="no"/>
    <tag k="crossing:markings" v="yes"/>
    <tag k="highway" v="crossing"/>
    <tag k="tactile_paving" v="no"/>
  </node>
  <node id="1877998058" lat="48.2457106" lon="11.6478482"/>
  <node id="1878082302" lat="48.2462381" lon="11.6482388"/>
  <node id="1878087082" lat="48.2454321" lon="11.6474702"/>
  <node id="1878087111" lat="48.2454178" lon="11.6474597"/>
  <node id="1878087118" lat="48.2453954" lon="11.6475321"/>
  <node id="1879766084" lat="48.2462102" lon="11.6509779"/>
  <node id="1882891250" lat="48.2501957" lon="11.6499057"/>
  <node id="1884950392" lat="48.2450309" lon="11.6473675">
    <tag k="crossing" v="unmarked"/>
    <tag k="crossing:island" v="no"/>
    <tag k="crossing:markings" v="no"/>
    <tag k="crossing:signals" v="no"/>
    <tag k="highway" v="crossing"/>
    <tag k="tactile_paving" v="yes"/>
  </node>
  <node id="1885068331" lat="48.2480384" lon="11.6519799"/>
  <node id="1885068333" lat="48.2481283" lon="11.6524515"/>
  <node id="1885068337" lat="48.2467916" lon="11.6511672"/>
  <node id="1885068338" lat="48.2482251" lon="11.6520101"/>
  <node id="1885068343" lat="48.2483337" lon="11.6520244"/>
  <node id="1885068352" lat="48.2467219" lon="11.6511891"/>
  <node id="1885068370" lat="48.2472150" lon="11.6513522"/>
  <node id="1885068376" lat="48.2479461" lon="11.6523888"/>
  <node id="1885068382" lat="48.2467613" lon="11.6511698"/>
  <node id="1885083905" lat="48.2493227" lon="11.6509168"/>
  <node id="1885369822" lat="48.2471169" lon="11.6542184"/>
  <node id="1885369823" lat="48.2469597" lon="11.6542479"/>
  <node id="1885369825" lat="48.2469972" lon="11.6539905"/>
  <node id="1885369836" lat="48.2469434" lon="11.6539632"/>
  <node id="1885369844" lat="48.2469417" lon="11.6543224"/>
  <node id="1885369853" lat="48.2470329" lon="11.6540817"/>
  <node id="1885369873" lat="48.2471991" lon="11.6541594"/>
  <node id="1885369881" lat="48.2471901" lon="11.6540441"/>
  <node id="1885369885" lat="48.2472026" lon="11.6540763"/>
  <node id="1885369901" lat="48.2469133" lon="11.6539662"/>
  <node id="1885369904" lat="48.2472098" lon="11.6541192"/>
  <node id="1885369905" lat="48.2470222" lon="11.6541594"/>
  <node id="1885369909" lat="48.2471669" lon="11.6540146"/>
  <node id="1885369916" lat="48.2465516" lon="11.6548456"/>
  <node id="1885369919" lat="48.2470740" lon="11.6540092"/>
  <node id="1885369928" lat="48.2470169" lon="11.6540387"/>
  <node id="1885369931" lat="48.2470312" lon="11.6541165"/>
  <node id="1885369932" lat="48.2471098" lon="11.6539985"/>
  <node id="1885369934" lat="48.2468309" lon="11.6540276"/>
  <node id="1885369937" lat="48.2471330" lon="11.6540039"/>
  <node id="1885369939" lat="48.2468810" lon="11.6539846"/>
  <node id="1885369945" lat="48.2469454" lon="11.6542667"/>
  <node id="1885369947" lat="48.2469686" lon="11.6539690"/>
  <node id="1885369948" lat="48.2471723" lon="11.6541889"/>
  <node id="1886338730" lat="48.2509731" lon="11.6502592"/>
  <node id="1886338758" lat="48.2507513" lon="11.6501776"/>
  <node id="1886338770" lat="48.2509521" lon="11.6499260"/>
  <node id="1886338823" lat="48.2508312" lon="11.6502982"/>
  <node id="1886338871" lat="48.2508109" lon="11.6502836"/>
  <node id="1886338873" lat="48.2509983" lon="11.6502134"/>
  <node id="1886338896" lat="48.2509412" lon="11.6499525"/>
  <node id="1886338929" lat="48.2509546" lon="11.6502801"/>
  <node id="1886338934" lat="48.2507440" lon="11.6500710"/>
  <node id="1886339113" lat="48.2500357" lon="11.6499639"/>
  <node id="1886339128" lat="48.2508560" lon="11.6503086"/>
  <node id="1886339139" lat="48.2507501" lon="11.6500349"/>
  <node id="1886339149" lat="48.2506248" lon="11.6498539"/>
  <node id="1886339151" lat="48.2503167" lon="11.6492833"/>
  <node id="1886339186" lat="48.2500514" lon="11.6497713"/>
  <node id="1886339223" lat="48.2509919" lon="11.6499792"/>
  <node id="1886339226" lat="48.2507598" lon="11.6500025"/>
  <node id="1886339276" lat="48.2510048" lon="11.6500106"/>
  <node id="1886339287" lat="48.2508792" lon="11.6503120"/>
  <node id="1886339326" lat="48.2509858" lon="11.6500247"/>
  <node id="1886339358" lat="48.2509942" lon="11.6500576"/>
  <node id="1886339380" lat="48.2507444" lon="11.6501403"/>
  <node id="1886339420" lat="48.2509750" lon="11.6499983"/>
  <node id="1886339430" lat="48.2507423" lon="11.6501038"/>
  <node id="1886339434" lat="48.2509608" lon="11.6499745"/>
  <node id="1886339455" lat="48.2503753" lon="11.6497681"/>
  <node id="1886339458" lat="48.2509977" lon="11.6500857"/>
  <node id="1886339485" lat="48.2509611" lon="11.6499340"/>
  <node id="1886339518" lat="48.2510084" lon="11.6501820"/>
  <node id="1886339537" lat="48.2509981" lon="11.6501158"/>
  <node id="1886339572" lat="48.2509280" lon="11.6502996"/>
  <node id="1886339589" lat="48.2509943" lon="11.6501497"/>
  <node id="1886339593" lat="48.2509252" lon="11.6502623"/>
  <node id="1886339648" lat="48.2509929" lon="11.6502264"/>
  <node id="1886339673" lat="48.2510146" lon="11.6500490"/>
  <node id="1886339708" lat="48.2510188" lon="11.6500825"/>
  <node id="1886339725" lat="48.2503176" lon="11.6498497"/>
  <node id="1886339750" lat="48.2507901" lon="11.6502611"/>
  <node id="1886339795" lat="48.2508380" lon="11.6502613"/>
  <node id="1886339807" lat="48.2509061" lon="11.6503085"/>
  <node id="1886339810" lat="48.2507602" lon="11.6502062"/>
  <node id="1886339940" lat="48.2509896" lon="11.6501759"/>
  <node id="1886339943" lat="48.2510147" lon="11.6501579"/>
  <node id="1886339949" lat="48.2510192" lon="11.6501181"/>
  <node id="1886339955" lat="48.2507658" lon="11.6499809"/>
  <node id="1886339964" lat="48.2509753" lon="11.6499514"/>
  <node id="1886340056" lat="48.2508765" lon="11.6502748"/>
  <node id="1886340062" lat="48.2509936" lon="11.6502091"/>
  <node id="1886340103" lat="48.2507741" lon="11.6502365"/>
  <node id="1886570699" lat="48.2488147" lon="11.6526436"/>
  <node id="1886570704" lat="48.2488434" lon="11.6526520"/>
  <node id="1886570707" lat="48.2501283" lon="11.6532726"/>
  <node id="1886570713" lat="48.2488195" lon="11.6528135"/>
  <node id="1895077698" lat="48.2507056" lon="11.6502356"/>
  <node id="1895077737" lat="48.2506628" lon="11.6502275"/>
  <node id="1895077784" lat="48.2506591" lon="11.6502811"/>
  <node id="1895297079" lat="48.2508301" lon="11.6502974"/>
  <node id="1895941761" lat="48.2532863" lon="11.6536700"/>
  <node id="1913990243" lat="48.2497653" lon="11.6513075"/>
  <node id="1913990252" lat="48.2496826" lon="11.6517548"/>
  <node id="1913990263" lat="48.2496686" lon="11.6517591"/>
  <node id="1921675562" lat="48.2487746" lon="11.6550449"/>
  <node id="1941842392" lat="48.2493027" lon="11.6505184"/>
  <node id="1941842393" lat="48.2490469" lon="11.6501765"/>
  <node id="1941842395" lat="48.2492193" lon="11.6505893"/>
  <node id="1941842399" lat="48.2490798" lon="11.6508105"/>
  <node id="1941842400" lat="48.2492545" lon="11.6506944"/>
  <node id="1941842404" lat="48.2493359" lon="11.6501304"/>
  <node id="1941842412" lat="48.2490798" lon="11.6507327"/>
  <node id="1941842415" lat="48.2490566" lon="11.6508368"/>
  <node id="1955671372" lat="48.2449415" lon="11.6472987"/>
  <node id="1956501162" lat="48.2503760" lon="11.6499441"/>
  <node id="1956501181" lat="48.2495067" lon="11.6510687"/>
  <node id="1956501223" lat="48.2493171" lon="11.6510854"/>
  <node id="1956501279" lat="48.2504695" lon="11.6498086"/>
  <node id="1958117008" lat="48.2494807" lon="11.6500887"/>
  <node id="1958117010" lat="48.2495100" lon="11.6501169"/>
  <node id="1958117013" lat="48.2494446" lon="11.6506757"/>
  <node id="1958117027" lat="48.2494155" lon="11.6507247"/>
  <node id="1989552161" lat="48.2495610" lon="11.6530500"/>
  <node id="1989552166" lat="48.2496217" lon="11.6531203"/>
  <node id="1989552169" lat="48.2492966" lon="11.6517808"/>
  <node id="1989552184" lat="48.2489827" lon="11.6514623"/>
  <node id="2012293492" lat="48.2508083" lon="11.6532202"/>
  <node id="2012293502" lat="48.2508410" lon="11.6532434"/>
  <node id="2012293504" lat="48.2506024" lon="11.6539276"/>
  <node id="2012293517" lat="48.2506984" lon="11.6535170"/>
  <node id="2012293519" lat="48.2506078" lon="11.6531727"/>
  <node id="2012293527" lat="48.2506491" lon="11.6535026"/>
  <node id="2012293535" lat="48.2504904" lon="11.6531845"/>
  <node id="2012293539" lat="48.2507232" lon="11.6533036"/>
  <node id="2012293545" lat="48.2508930" lon="11.6532634"/>
  <node id="2012293546" lat="48.2507140" lon="11.6533851"/>
  <node id="2022874177" lat="48.2506052" lon="11.6531730"/>
  <node id="2022874183" lat="48.2509788" lon="11.6524719"/>
  <node id="2022874190" lat="48.2509931" lon="11.6524062"/>
  <node id="2022874196" lat="48.2505079" lon="11.6531836"/>
  <node id="2022876029" lat="48.2507173" lon="11.6533539"/>
  <node id="2022892108" lat="48.2520443" lon="11.6536626"/>
  <node id="2024739709" lat="48.2448729" lon="11.6471617"/>
  <node id="2024739722" lat="48.2483333" lon="11.6504483"/>
  <node id="2024739725" lat="48.2481940" lon="11.6507541"/>
  <node id="2024739730" lat="48.2483601" lon="11.6501345"/>
  <node id="2024739749" lat="48.2482798" lon="11.6506414"/>
  <node id="2024739752" lat="48.2481624" lon="11.6508571"/>
  <node id="2024739769" lat="48.2481432" lon="11.6509197"/>
  <node id="2024739787" lat="48.2448925" lon="11.6470974"/>
  <node id="2024824565" lat="48.2493773" lon="11.6493555"/>
  <node id="2024824584" lat="48.2483570" lon="11.6511109"/>
  <node id="2024824608" lat="48.2475763" lon="11.6502611"/>
  <node id="2024824626" lat="48.2477876" lon="11.6505847"/>
  <node id="2024824665" lat="48.2477958" lon="11.6505055"/>
  <node id="2040890991" lat="48.2449814" lon="11.6473305"/>
  <node id="2040891007" lat="48.2450846" lon="11.6474037"/>
  <node id="2061457985" lat="48.2494373" lon="11.6503105"/>
  <node id="2061458060" lat="48.2494268" lon="11.6503333"/>
  <node id="2092270333" lat="48.2501631" lon="11.6500373"/>
  <node id="2127444778" lat="48.2489096" lon="11.6521369"/>
  <node id="2127444779" lat="48.2489447" lon="11.6521695"/>
  <node id="2127444780" lat="48.2489494" lon="11.6522452"/>
  <node id="2127444781" lat="48.2488782" lon="11.6521967"/>
  <node id="2127444782" lat="48.2489094" lon="11.6522346"/>
  <node id="2149996325" lat="48.2464947" lon="11.6556009"/>
  <node id="2149996329" lat="48.2510965" lon="11.6550229">
    <tag k="crossing" v="marked"/>
    <tag k="crossing:island" v="no"/>
    <tag k="crossing:markings" v="yes"/>
    <tag k="highway" v="crossing"/>
    <tag k="tactile_paving" v="no"/>
  </node>
  <node id="2149996383" lat="48.2471533" lon="11.6552194"/>
  <node id="2149996406" lat="48.2498481" lon="11.6515356">
    <tag k="entrance" v="staircase"/>
  </node>
  <node id="2149996409" lat="48.2511345" lon="11.6551501"/>
  <node id="2149996424" lat="48.2513086" lon="11.6535118"/>
  <node id="2149996425" lat="48.2471077" lon="11.6553999"/>
  <node id="2149996429" lat="48.2512031" lon="11.6551333">
    <tag k="crossing" v="unmarked"/>
    <tag k="crossing:island" v="no"/>
    <tag k="crossing:markings" v="no"/>
    <tag k="highway" v="crossing"/>
    <tag k="tactile_paving" v="no"/>
  </node>
  <node id="2296790477" lat="48.2498254" lon="11.6560327"/>
  <node id="2296790478" lat="48.2506096" lon="11.6548500"/>
  <node id="2296790479" lat="48.2514645" lon="11.6535410"/>
  <node id="2351470612" lat="48.2507491" lon="11.6537192">
    <tag k="addr:city" v="Garching bei München"/>
    <tag k="addr:housenumber" v="8"/>
    <tag k="addr:postcode" v="85748"/>
    <tag k="addr:street" v="Freisinger Landstraße"/>
    <tag k="entrance" v="shop"/>
  </node>
  <node id="2351470617" lat="48.2507565" lon="11.6536504"/>
  <node id="2459202668" lat="48.2503743" lon="11.6479635"/>
  <node id="2459202669" lat="48.2505757" lon="11.6497677"/>
  <node id="2465142859" lat="48.2464688" lon="11.6488050"/>
  <node id="2465142861" lat="48.2466850" lon="11.6491270"/>
  <node id="2465142862" lat="48.2475863" lon="11.6502454"/>
  <node id="2524492748" lat="48.2492879" lon="11.6534251"/>
  <node id="2524492749" lat="48.2492837" lon="11.6532195">
    <tag k="level" v="-1"/>
  </node>
  <node id="2524492750" lat="48.2492880" lon="11.6530712">
    <tag k="level" v="-2"/>
  </node>
  <node id="2524492753" lat="48.2492755" lon="11.6517286">
    <tag k="level" v="-2"/>
  </node>
  <node id="2524492754" lat="48.2493119" lon="11.6515843">
    <tag k="level" v="-1"/>
  </node>
  <node id="2524492756" lat="48.2493796" lon="11.6514027"/>
  <node id="2524492758" lat="48.2494062" lon="11.6514272">
    <tag k="level" v="-1"/>
  </node>
  <node id="2524492759" lat="48.2495618" lon="11.6533870"/>
  <node id="2558912586" lat="48.2501439" lon="11.6556031"/>
  <node id="2558912588" lat="48.2501439" lon="11.6556481"/>
  <node id="2558912591" lat="48.2501540" lon="11.6557032"/>
  <node id="2558912593" lat="48.2501634" lon="11.6555840"/>
  <node id="2558912595" lat="48.2501656" lon="11.6556312"/>
  <node id="2558912597" lat="48.2501675" lon="11.6555440"/>
  <node id="2558912599" lat="48.2501690" lon="11.6557443"/>
  <node id="2558912601" lat="48.2502128" lon="11.6556155"/>
  <node id="2558912603" lat="48.2502132" lon="11.6555873"/>
  <node id="2558912605" lat="48.2502155" lon="11.6555660"/>
  <node id="2559003843" lat="48.2490432" lon="11.6520656"/>
  <node id="2671716318" lat="48.2492520" lon="11.6532174">
    <tag k="level" v="-1"/>
  </node>
  <node id="2671716320" lat="48.2492567" lon="11.6530690">
    <tag k="level" v="-2"/>
  </node>
  <node id="2671716327" lat="48.2492654" lon="11.6533021"/>
  <node id="2671716328" lat="48.2492676" lon="11.6532184">
    <tag k="level" v="-1"/>
  </node>
  <node id="2671716329" lat="48.2492710" lon="11.6530700">
    <tag k="level" v="-2"/>
  </node>
  <node id="2671716337" lat="48.2492813" lon="11.6515820">
    <tag k="level" v="-1"/>
  </node>
  <node id="2671716338" lat="48.2492899" lon="11.6517295">
    <tag k="level" v="-2"/>
  </node>
  <node id="2671716340" lat="48.2492958" lon="11.6515831">
    <tag k="level" v="-1"/>
  </node>
  <node id="2671716342" lat="48.2493062" lon="11.6517301">
    <tag k="level" v="-2"/>
  </node>
  <node id="2671716344" lat="48.2492981" lon="11.6515134"/>
  <node id="2671716346" lat="48.2493295" lon="11.6517442">
    <tag k="description" v="Oberfläche - U-Bahnsteig"/>
    <tag k="door:width" v="1"/>
    <tag k="highway" v="elevator"/>
    <tag k="indoor" v="yes"/>
    <tag k="level" v="0;-2"/>
    <tag k="ref" v="GR01"/>
    <tag k="wheelchair" v="yes"/>
  </node>
  <node id="2671716355" lat="48.2494282" lon="11.6533881">
    <tag k="level" v="0"/>
  </node>
  <node id="2671716356" lat="48.2494292" lon="11.6534124">
    <tag k="level" v="0"/>
  </node>
  <node id="2671716357" lat="48.2494586" lon="11.6534105"/>
  <node id="2671716359" lat="48.2494069" lon="11.6514058">
    <tag k="level" v="-1"/>
  </node>
  <node id="2671716360" lat="48.2494076" lon="11.6513838">
    <tag k="level" v="-1"/>
  </node>
  <node id="2671716364" lat="48.2495052" lon="11.6514397">
    <tag k="level" v="0"/>
  </node>
  <node id="2671716365" lat="48.2495059" lon="11.6514183">
    <tag k="level" v="0"/>
  </node>
  <node id="2671716366" lat="48.2495071" lon="11.6513963">
    <tag k="level" v="0"/>
  </node>
  <node id="2671716367" lat="48.2495668" lon="11.6514211">
    <tag k="description" v="Garching"/>
    <tag k="entrance" v="yes"/>
    <tag k="entrance_marker:subway" v="yes"/>
    <tag k="railway" v="subway_entrance"/>
    <tag k="ref" v="B"/>
    <tag k="subway_entrance" v="yes"/>
    <tag k="wheelchair" v="yes"/>
  </node>
  <node id="3005614422" lat="48.2461757" lon="11.6511476">
    <tag k="access" v="private"/>
    <tag k="barrier" v="gate"/>
  </node>
  <node id="3009378418" lat="48.2493133" lon="11.6521567"/>
  <node id="3149316129" lat="48.2494848" lon="11.6533975">
    <tag k="description" v="Garching"/>
    <tag k="entrance" v="yes"/>
    <tag k="entrance_marker:subway" v="yes"/>
    <tag k="railway" v="subway_entrance"/>
    <tag k="ref" v="A"/>
    <tag k="subway_entrance" v="yes"/>
    <tag k="wheelchair" v="yes"/>
  </node>
  <node id="3375274395" lat="48.2527428" lon="11.6581566">
    <tag k="bus" v="yes"/>
    <tag k="description" v="Garching, Watzmannring"/>
    <tag k="name" v="Garching, Watzmannring"/>
    <tag k="network" v="MVV"/>
    <tag k="public_transport" v="stop_position"/>
  </node>
  <node id="3375274494" lat="48.2501114" lon="11.6499936">
    <tag k="bus" v="yes"/>
    <tag k="description" v="Bus Stop Garching, Bürgerhaus, 290 Ri.Garching Untere Strassäcker"/>
    <tag k="name" v="Garching, Bürgerhaus"/>
    <tag k="network" v="Münchner Verkehrs- und Tarifverbund"/>
    <tag k="network:guid" v="DE-BY-MVV"/>
    <tag k="network:short" v="MVV"/>
    <tag k="network:wikidata" v="Q259000"/>
    <tag k="public_transport" v="stop_position"/>
    <tag k="wheelchair" v="yes"/>
  </node>
  <node id="3375274593" lat="48.2506945" lon="11.6569728">
    <tag k="bus" v="yes"/>
    <tag k="description" v="Garching, Brunnenweg"/>
    <tag k="name" v="Garching, Brunnenweg"/>
    <tag k="network" v="Münchner Verkehrs- und Tarifverbund"/>
    <tag k="network:guid" v="DE-BY-MVV"/>
    <tag k="network:short" v="MVV"/>
    <tag k="network:wikidata" v="Q259000"/>
    <tag k="public_transport" v="stop_position"/>
  </node>
  <node id="3375274693" lat="48.2505894" lon="11.6569793">
    <tag k="bus" v="yes"/>
    <tag k="description" v="Garching, Brunnenweg"/>
    <tag k="name" v="Garching, Brunnenweg"/>
    <tag k="network" v="Münchner Verkehrs- und Tarifverbund"/>
    <tag k="network:guid" v="DE-BY-MVV"/>
    <tag k="network:short" v="MVV"/>
    <tag k="network:wikidata" v="Q259000"/>
    <tag k="public_transport" v="stop_position"/>
  </node>
  <node id="3375274698" lat="48.2528347" lon="11.6580259">
    <tag k="bus" v="yes"/>
    <tag k="description" v="Garching, Watzmannring"/>
    <tag k="name" v="Garching, Watzmannring"/>
    <tag k="network" v="Münchner Verkehrs- und Tarifverbund"/>
    <tag k="network:guid" v="DE-BY-MVV"/>
    <tag k="network:short" v="MVV"/>
    <tag k="network:wikidata" v="Q259000"/>
    <tag k="public_transport" v="stop_position"/>
  </node>
  <node id="3375274796" lat="48.2473001" lon="11.6558069">
    <tag k="bus" v="yes"/>
    <tag k="description" v="Garching, Mühlgasse"/>
    <tag k="name" v="Garching, Mühlgasse"/>
    <tag k="network" v="Münchner Verkehrs- und Tarifverbund"/>
    <tag k="network:guid" v="DE-BY-MVV"/>
    <tag k="network:short" v="MVV"/>
    <tag k="network:wikidata" v="Q259000"/>
    <tag k="public_transport" v="stop_position"/>
  </node>
  <node id="3375274995" lat="48.2474579" lon="11.6558368">
    <tag k="bus" v="yes"/>
    <tag k="description" v="Garching, Mühlgasse"/>
    <tag k="name" v="Garching, Mühlgasse"/>
    <tag k="network" v="Münchner Verkehrs- und Tarifverbund"/>
    <tag k="network:guid" v="DE-BY-MVV"/>
    <tag k="network:short" v="MVV"/>
    <tag k="network:wikidata" v="Q259000"/>
    <tag k="public_transport" v="stop_position"/>
  </node>
  <node id="3375619393" lat="48.2492352" lon="11.6518847">
    <tag k="bus" v="yes"/>
    <tag k="description" v="Bus Stop Garching (U), 230/292 Ri. Ismaning/Oberschleißheim"/>
    <tag k="name" v="Garching (U)"/>
    <tag k="network" v="Münchner Verkehrs- und Tarifverbund"/>
    <tag k="network:guid" v="DE-BY-MVV"/>
    <tag k="network:short" v="MVV"/>
    <tag k="network:wikidata" v="Q259000"/>
    <tag k="public_transport" v="stop_position"/>
    <tag k="wheelchair" v="yes"/>
  </node>
  <node id="3375619394" lat="48.2497804" lon="11.6530995">
    <tag k="bus" v="yes"/>
    <tag k="description" v="Bus Stop Garching (U), 230/292 Ri.Garching Forschungszentrum"/>
    <tag k="name" v="Garching (U)"/>
    <tag k="network" v="Münchner Verkehrs- und Tarifverbund"/>
    <tag k="network:guid" v="DE-BY-MVV"/>
    <tag k="network:short" v="MVV"/>
    <tag k="network:wikidata" v="Q259000"/>
    <tag k="public_transport" v="stop_position"/>
  </node>
  <node id="3387721093" lat="48.2492356" lon="11.6530297"/>
  <node id="3387721294" lat="48.2492696" lon="11.6517616"/>
  <node id="3387721393" lat="48.2493090" lon="11.6530329"/>
  <node id="3387721594" lat="48.2493429" lon="11.6517677"/>
  <node id="3387721693" lat="48.2493287" lon="11.6517666"/>
  <node id="3394531393" lat="48.2464584" lon="11.6486852">
    <tag k="bus" v="yes"/>
    <tag k="description" v="Garching, Auweg"/>
    <tag k="name" v="Garching, Auweg"/>
    <tag k="network" v="Münchner Verkehrs- und Tarifverbund"/>
    <tag k="network:guid" v="DE-BY-MVV"/>
    <tag k="network:short" v="MVV"/>
    <tag k="network:wikidata" v="Q259000"/>
    <tag k="public_transport" v="stop_position"/>
  </node>
  <node id="3457328801" lat="48.2503505" lon="11.6494893"/>
  <node id="3688914807" lat="48.2493289" lon="11.6533974">
    <tag k="level" v="-1"/>
  </node>
  <node id="3688914808" lat="48.2493300" lon="11.6534217">
    <tag k="level" v="-1"/>
  </node>
  <node id="3688914809" lat="48.2493310" lon="11.6534432">
    <tag k="level" v="-1"/>
  </node>
  <node id="3742381804" lat="48.2492610" lon="11.6534247"/>
  <node id="3742381805" lat="48.2493038" lon="11.6513945"/>
  <node id="3902741099" lat="48.2495378" lon="11.6487631"/>
  <node id="3923763908" lat="48.2531491" lon="11.6536570"/>
  <node id="3933948292" lat="48.2474427" lon="11.6568712"/>
  <node id="3933948293" lat="48.2476662" lon="11.6569469"/>
  <node id="3933948298" lat="48.2467925" lon="11.6556497"/>
  <node id="3954829908" lat="48.2497455" lon="11.6531839"/>
  <node id="3954829909" lat="48.2497585" lon="11.6500518"/>
  <node id="3954829913" lat="48.2498742" lon="11.6500179"/>
  <node id="3954829923" lat="48.2500541" lon="11.6500869"/>
  <node id="3954848488" lat="48.2538806" lon="11.6536940"/>
  <node id="3954848490" lat="48.2540140" lon="11.6536872"/>
  <node id="4160521479" lat="48.2469514" lon="11.6494049">
    <tag k="bus" v="yes"/>
    <tag k="description" v="Garching, Auweg"/>
    <tag k="name" v="Garching, Auweg"/>
    <tag k="network" v="Münchner Verkehrs- und Tarifverbund"/>
    <tag k="network:guid" v="DE-BY-MVV"/>
    <tag k="network:short" v="MVV"/>
    <tag k="network:wikidata" v="Q259000"/>
    <tag k="public_transport" v="stop_position"/>
  </node>
  <node id="4187335303" lat="48.2509311" lon="11.6574303"/>
  <node id="4191824277" lat="48.2492726" lon="11.6530313"/>
  <node id="4191824278" lat="48.2492886" lon="11.6517632"/>
  <node id="4449162459" lat="48.2500069" lon="11.6542810">
    <tag k="barrier" v="bollard"/>
    <tag k="bicycle" v="yes"/>
    <tag k="bollard" v="removable"/>
    <tag k="foot" v="yes"/>
    <tag k="motor_vehicle" v="no"/>
  </node>
  <node id="5247867962" lat="48.2493581" lon="11.6525672"/>
  <node id="5247867963" lat="48.2494204" lon="11.6527937"/>
  <node id="5377276827" lat="48.2495574" lon="11.6532812"/>
  <node id="5377297566" lat="48.2496010" lon="11.6525406"/>
  <node id="5377297567" lat="48.2495642" lon="11.6515730"/>
  <node id="5377297568" lat="48.2493056" lon="11.6514710"/>
  <node id="5377297569" lat="48.2493118" lon="11.6518885"/>
  <node id="5377297570" lat="48.2493356" lon="11.6519679"/>
  <node id="5377297671" lat="48.2494557" lon="11.6523816"/>
  <node id="5377297672" lat="48.2492972" lon="11.6517482"/>
  <node id="5377297673" lat="48.2493208" lon="11.6518822"/>
  <node id="5377297674" lat="48.2493317" lon="11.6518753"/>
  <node id="5377297675" lat="48.2493446" lon="11.6519618"/>
  <node id="5377297676" lat="48.2492976" lon="11.6518045"/>
  <node id="5377297677" lat="48.2488176" lon="11.6524319"/>
  <node id="5377297678" lat="48.2490346" lon="11.6519549"/>
  <node id="5377297679" lat="48.2490141" lon="11.6514261"/>
  <node id="5377297680" lat="48.2490248" lon="11.6513282"/>
  <node id="5377297681" lat="48.2489743" lon="11.6512679"/>
  <node id="5377297860" lat="48.2490985" lon="11.6519451"/>
  <node id="5377297861" lat="48.2491232" lon="11.6514855"/>
  <node id="5377297862" lat="48.2490768" lon="11.6514030"/>
  <node id="5377297863" lat="48.2492885" lon="11.6518106"/>
  <node id="5377297864" lat="48.2496225" lon="11.6528886"/>
  <node id="5377297865" lat="48.2496683" lon="11.6531574"/>
  <node id="5377297866" lat="48.2497447" lon="11.6531918"/>
  <node id="5377298014" lat="48.2497438" lon="11.6531997"/>
  <node id="5377298015" lat="48.2498591" lon="11.6532109"/>
  <node id="5377298021" lat="48.2489033" lon="11.6513047"/>
  <node id="5377298022" lat="48.2487542" lon="11.6512095"/>
  <node id="5377298023" lat="48.2491513" lon="11.6516717"/>
  <node id="5377298024" lat="48.2490435" lon="11.6520108"/>
  <node id="5377321133" lat="48.2494914" lon="11.6529456"/>
  <node id="5377335289" lat="48.2495070" lon="11.6528349"/>
  <node id="5377339750" lat="48.2491282" lon="11.6516210">
    <tag k="button_operated" v="no"/>
    <tag k="crossing" v="traffic_signals"/>
    <tag k="crossing:island" v="no"/>
    <tag k="highway" v="crossing"/>
    <tag k="tactile_paving" v="yes"/>
    <tag k="traffic_signals:sound" v="yes"/>
    <tag k="traffic_signals:vibration" v="no"/>
  </node>
  <node id="5377339816" lat="48.2495704" lon="11.6529375"/>
  <node id="5377340470" lat="48.2491820" lon="11.6517426"/>
  <node id="5377340546" lat="48.2494481" lon="11.6526626"/>
  <node id="5470691512" lat="48.2496957" lon="11.6530563"/>
  <node id="5545799320" lat="48.2487267" lon="11.6516781">
    <tag k="entrance" v="yes"/>
  </node>
  <node id="5858683862" lat="48.2500441" lon="11.6536652"/>
  <node id="5858683863" lat="48.2498520" lon="11.6536300"/>
  <node id="5858683865" lat="48.2498950" lon="11.6538860"/>
  <node id="5858683869" lat="48.2498797" lon="11.6537950"/>
  <node id="5942578426" lat="48.2493240" lon="11.6513551"/>
  <node id="5942578427" lat="48.2493290" lon="11.6513453"/>
  <node id="5942578428" lat="48.2493545" lon="11.6510815"/>
  <node id="5942578429" lat="48.2493716" lon="11.6507548"/>
  <node id="5942578434" lat="48.2494219" lon="11.6503676"/>
  <node id="5942578435" lat="48.2494354" lon="11.6502885">
    <tag k="barrier" v="kerb"/>
    <tag k="kerb" v="lowered"/>
    <tag k="tactile_paving" v="no"/>
  </node>
  <node id="5942578436" lat="48.2494573" lon="11.6500752"/>
  <node id="6094854002" lat="48.2493768" lon="11.6507181"/>
  <node id="6094854003" lat="48.2494304" lon="11.6507094"/>
  <node id="6094854012" lat="48.2494441" lon="11.6502000">
    <tag k="crossing" v="unmarked"/>
    <tag k="crossing:island" v="no"/>
    <tag k="crossing:markings" v="no"/>
    <tag k="highway" v="crossing"/>
    <tag k="tactile_paving" v="no"/>
  </node>
  <node id="6429361622" lat="48.2502616" lon="11.6506605"/>
  <node id="6429361624" lat="48.2502789" lon="11.6507163"/>
  <node id="7315019698" lat="48.2501637" lon="11.6541057"/>
  <node id="7315019699" lat="48.2501835" lon="11.6539170"/>
  <node id="7315019700" lat="48.2502362" lon="11.6539313"/>
  <node id="7520950756" lat="48.2528168" lon="11.6536234"/>
  <node id="7907790650" lat="48.2498041" lon="11.6553651"/>
  <node id="7907790651" lat="48.2493512" lon="11.6552673"/>
  <node id="8111666807" lat="48.2493043" lon="11.6515216"/>
  <node id="8111666808" lat="48.2492352" lon="11.6515861"/>
  <node id="8113233498" lat="48.2494038" lon="11.6531219"/>
  <node id="8113233500" lat="48.2492977" lon="11.6535200"/>
  <node id="8113233506" lat="48.2509882" lon="11.6549259"/>
  <node id="8114174906" lat="48.2491116" lon="11.6518545"/>
  <node id="8114174907" lat="48.2491124" lon="11.6517113"/>
  <node id="8114174912" lat="48.2486494" lon="11.6504673"/>
  <node id="8114174915" lat="48.2484342" lon="11.6512888"/>
  <node id="8114205131" lat="48.2484853" lon="11.6516109"/>
  <node id="8117261123" lat="48.2485456" lon="11.6520530"/>
  <node id="8117271908" lat="48.2477525" lon="11.6558242"/>
  <node id="8155859900" lat="48.2496689" lon="11.6536617"/>
  <node id="8250812902" lat="48.2458398" lon="11.6478815"/>
  <node id="8250812903" lat="48.2458587" lon="11.6478076"/>
  <node id="8279991889" lat="48.2465395" lon="11.6509347"/>
  <node id="8279991890" lat="48.2465384" lon="11.6510097"/>
  <node id="8279991902" lat="48.2470713" lon="11.6496941"/>
  <node id="8279991903" lat="48.2471042" lon="11.6496320"/>
  <node id="8396545569" lat="48.2488543" lon="11.6525931"/>
  <node id="8396545570" lat="48.2489981" lon="11.6526212"/>
  <node id="8396545572" lat="48.2490180" lon="11.6526206"/>
  <node id="8396545573" lat="48.2490336" lon="11.6526030"/>
  <node id="8396545576" lat="48.2490410" lon="11.6525779">
    <tag k="amenity" v="parking_entrance"/>
    <tag k="maxheight" v="1.9"/>
    <tag k="parking" v="underground"/>
  </node>
  <node id="8396545577" lat="48.2490624" lon="11.6526950"/>
  <node id="8396545578" lat="48.2490902" lon="11.6526691"/>
  <node id="8396545579" lat="48.2491130" lon="11.6526273"/>
  <node id="8396545580" lat="48.2491243" lon="11.6525875">
    <tag k="amenity" v="parking_entrance"/>
    <tag k="maxheight" v="1.9"/>
    <tag k="parking" v="underground"/>
  </node>
  <node id="8396551478" lat="48.2477779" lon="11.6559600"/>
  <node id="8396551479" lat="48.2477873" lon="11.6560048"/>
  <node id="8396551480" lat="48.2454803" lon="11.6580000"/>
  <node id="8423401612" lat="48.2510846" lon="11.6521282"/>
  <node id="8423406819" lat="48.2505656" lon="11.6508289"/>
  <node id="8423406820" lat="48.2504326" lon="11.6509847"/>
  <node id="8423406821" lat="48.2503335" lon="11.6510278"/>
  <node id="8423406822" lat="48.2510289" lon="11.6509550"/>
  <node id="8423406823" lat="48.2500849" lon="11.6507130"/>
  <node id="8423406825" lat="48.2489042" lon="11.6511995">
    <tag k="barrier" v="kerb"/>
    <tag k="kerb" v="lowered"/>
    <tag k="tactile_paving" v="no"/>
  </node>
  <node id="8473931382" lat="48.2539363" lon="11.6571750"/>
  <node id="8475095566" lat="48.2481146" lon="11.6509007"/>
  <node id="8475095567" lat="48.2480802" lon="11.6510101"/>
  <node id="8475095568" lat="48.2479945" lon="11.6512782"/>
  <node id="8475095569" lat="48.2479026" lon="11.6516052"/>
  <node id="8552674620" lat="48.2518466" lon="11.6534525"/>
  <node id="8664291101" lat="48.2456309" lon="11.6476159"/>
  <node id="8959254441" lat="48.2460632" lon="11.6572702"/>
  <node id="9129410878" lat="48.2474546" lon="11.6558886"/>
  <node id="9129410879" lat="48.2474191" lon="11.6557578"/>
  <node id="9131455528" lat="48.2469877" lon="11.6493565"/>
  <node id="9131455529" lat="48.2464179" lon="11.6487292"/>
  <node id="9282957827" lat="48.2501072" lon="11.6499368"/>
  <node id="9282957829" lat="48.2500556" lon="11.6500949"/>
  <node id="9839834755" lat="48.2471632" lon="11.6549544"/>
  <node id="9930283159" lat="48.2486818" lon="11.6519157"/>
  <node id="9954757772" lat="48.2477706" lon="11.6517273"/>
  <node id="9954782665" lat="48.2509751" lon="11.6502160"/>
  <node id="9954799252" lat="48.2525813" lon="11.6584059">
    <tag k="kerb" v="raised"/>
  </node>
  <node id="10053826427" lat="48.2509494" lon="11.6577162"/>
  <node id="10140884175" lat="48.2484740" lon="11.6495091"/>
  <node id="10140884176" lat="48.2506796" lon="11.6537034"/>
  <node id="10141144195" lat="48.2538719" lon="11.6573155"/>
  <node id="10141144196" lat="48.2539555" lon="11.6571030"/>
  <node id="10141144197" lat="48.2539198" lon="11.6572312"/>
  <node id="10141144198" lat="48.2538788" lon="11.6573095"/>
  <node id="10141144199" lat="48.2538258" lon="11.6573469"/>
  <node id="10141144200" lat="48.2537465" lon="11.6573553"/>
  <node id="10141144201" lat="48.2537945" lon="11.6573540"/>
  <node id="10141144202" lat="48.2538539" lon="11.6573311"/>
  <node id="10736952840" lat="48.2487553" lon="11.6526880">
    <tag k="access" v="private"/>
    <tag k="barrier" v="gate"/>
  </node>
  <node id="10791001504" lat="48.2498595" lon="11.6549320"/>
  <node id="10791081849" lat="48.2471708" lon="11.6548340"/>
  <node id="10791081850" lat="48.2471826" lon="11.6547795"/>
  <node id="10791081851" lat="48.2472042" lon="11.6547191"/>
  <node id="10791081852" lat="48.2472081" lon="11.6546542"/>
  <node id="10791081853" lat="48.2471983" lon="11.6545865"/>
  <node id="10791081854" lat="48.2471905" lon="11.6544818"/>
  <node id="10791081855" lat="48.2472071" lon="11.6544037"/>
  <node id="10791081856" lat="48.2472317" lon="11.6543654"/>
  <node id="10791081857" lat="48.2478146" lon="11.6556201"/>
  <node id="10791081858" lat="48.2477842" lon="11.6556195"/>
  <node id="10791081859" lat="48.2477488" lon="11.6556121"/>
  <node id="10791081860" lat="48.2477312" lon="11.6555974"/>
  <node id="10791081861" lat="48.2477245" lon="11.6555742">
    <tag k="entrance" v="staircase"/>
  </node>
  <node id="10791081862" lat="48.2475131" lon="11.6549007">
    <tag k="entrance" v="yes"/>
  </node>
  <node id="10791088305" lat="48.2493806" lon="11.6548561"/>
  <node id="10791088306" lat="48.2496247" lon="11.6548767"/>
  <node id="10791088307" lat="48.2496750" lon="11.6543904"/>
  <node id="10791088308" lat="48.2496642" lon="11.6543433"/>
  <node id="10791088309" lat="48.2496318" lon="11.6543315"/>
  <node id="10791088310" lat="48.2495828" lon="11.6543403"/>
  <node id="10791088311" lat="48.2495356" lon="11.6543683"/>
  <node id="10791088312" lat="48.2494925" lon="11.6544037"/>
  <node id="10791088313" lat="48.2494866" lon="11.6544862"/>
  <node id="10791088314" lat="48.2494984" lon="11.6545422"/>
  <node id="10791088315" lat="48.2495042" lon="11.6546248"/>
  <node id="10791088316" lat="48.2495023" lon="11.6547250"/>
  <node id="10791088317" lat="48.2495101" lon="11.6547986"/>
  <node id="10791088318" lat="48.2495363" lon="11.6548693"/>
  <node id="10791088328" lat="48.2500196" lon="11.6555989"/>
  <node id="10853333045" lat="48.2473690" lon="11.6498912">
    <tag k="crossing:island" v="no"/>
    <tag k="crossing:markings" v="dashes"/>
    <tag k="crossing:signals" v="no"/>
    <tag k="highway" v="crossing"/>
    <tag k="tactile_paving" v="yes"/>
  </node>
  <node id="10853333046" lat="48.2474129" lon="11.6499866"/>
  <node id="10853333047" lat="48.2474394" lon="11.6500513"/>
  <node id="10994111531" lat="48.2521996" lon="11.6584770"/>
  <node id="10995387728" lat="48.2521242" lon="11.6584747"/>
  <node id="11045995488" lat="48.2473610" lon="11.6562187"/>
  <node id="11045995490" lat="48.2464671" lon="11.6567370"/>
  <node id="11045995494" lat="48.2462596" lon="11.6569255">
    <tag k="crossing:island" v="no"/>
    <tag k="crossing:markings" v="no"/>
    <tag k="crossing:signals" v="no"/>
    <tag k="highway" v="crossing"/>
    <tag k="tactile_paving" v="no"/>
  </node>
  <node id="11045995495" lat="48.2461395" lon="11.6570644"/>
  <node id="11045995496" lat="48.2459080" lon="11.6574622"/>
  <node id="11045995497" lat="48.2457485" lon="11.6576609"/>
  <node id="11045995498" lat="48.2455640" lon="11.6578658">
    <tag k="crossing:island" v="no"/>
    <tag k="crossing:markings" v="no"/>
    <tag k="crossing:signals" v="no"/>
    <tag k="highway" v="crossing"/>
    <tag k="tactile_paving" v="no"/>
  </node>
  <node id="11045995499" lat="48.2452185" lon="11.6582216"/>
  <node id="11045995500" lat="48.2477674" lon="11.6561584">
    <tag k="crossing:island" v="no"/>
    <tag k="crossing:markings" v="no"/>
    <tag k="crossing:signals" v="no"/>
    <tag k="highway" v="crossing"/>
    <tag k="tactile_paving" v="no"/>
  </node>
  <node id="11058137776" lat="48.2492974" lon="11.6517431"/>
  <node id="11058137777" lat="48.2493844" lon="11.6517707"/>
  <node id="11058137778" lat="48.2492278" lon="11.6517600"/>
  <node id="11058137779" lat="48.2491937" lon="11.6530289"/>
  <node id="11058137780" lat="48.2493504" lon="11.6530358"/>
  <node id="11064348046" lat="48.2509411" lon="11.6570592"/>
  <node id="11064348047" lat="48.2509457" lon="11.6568966"/>
  <node id="11064348048" lat="48.2510265" lon="11.6565073"/>
  <node id="11064348049" lat="48.2510781" lon="11.6562562"/>
  <node id="11064348050" lat="48.2511461" lon="11.6559365"/>
  <node id="11064348051" lat="48.2512122" lon="11.6556248"/>
  <node id="11064348053" lat="48.2512408" lon="11.6534974"/>
  <node id="11064348054" lat="48.2512095" lon="11.6538920"/>
  <node id="11064348055" lat="48.2511622" lon="11.6542515"/>
  <node id="11064348056" lat="48.2511140" lon="11.6542955"/>
  <node id="11064348057" lat="48.2510637" lon="11.6549447"/>
  <node id="11064348062" lat="48.2510580" lon="11.6560065"/>
  <node id="11064348063" lat="48.2508953" lon="11.6568554"/>
  <node id="11064348064" lat="48.2508771" lon="11.6568918"/>
  <node id="11064348065" lat="48.2508530" lon="11.6569086"/>
  <node id="11064348066" lat="48.2503300" lon="11.6569442"/>
  <node id="11064348068" lat="48.2501707" lon="11.6569514"/>
  <node id="11210288371" lat="48.2540694" lon="11.6536844"/>
  <node id="11210288372" lat="48.2538875" lon="11.6536936"/>
  <node id="11285383152" lat="48.2499377" lon="11.6538813"/>
  <node id="11285383153" lat="48.2498561" lon="11.6539259"/>
  <node id="11286840950" lat="48.2495826" lon="11.6534787"/>
  <node id="11286840951" lat="48.2495885" lon="11.6535043"/>
  <node id="11740694759" lat="48.2499191" lon="11.6541967"/>
  <node id="11740694760" lat="48.2498338" lon="11.6549246"/>
  <node id="11740694762" lat="48.2497725" lon="11.6553571"/>
  <node id="11740694763" lat="48.2497385" lon="11.6557027"/>
  <node id="11740694765" lat="48.2498492" lon="11.6569406"/>
  <node id="11740694766" lat="48.2498990" lon="11.6573234"/>
  <node id="11748946510" lat="48.2472826" lon="11.6497967"/>
  <node id="11748946511" lat="48.2472042" lon="11.6498784"/>
  <node id="11979321627" lat="48.2443831" lon="11.6468146"/>
  <node id="11979321631" lat="48.2443595" lon="11.6468986">
    <tag k="crossing" v="marked"/>
    <tag k="crossing:island" v="no"/>
    <tag k="crossing:markings" v="yes"/>
    <tag k="crossing:signals" v="no"/>
    <tag k="highway" v="crossing"/>
    <tag k="tactile_paving" v="no"/>
  </node>
  <node id="11979321638" lat="48.2473896" lon="11.6522861"/>
  <node id="11979321639" lat="48.2473539" lon="11.6526206"/>
  <node id="11979321640" lat="48.2473396" lon="11.6529640"/>
  <node id="11979321641" lat="48.2473467" lon="11.6530714"/>
  <node id="11979321642" lat="48.2473860" lon="11.6531454"/>
  <node id="11979321643" lat="48.2474389" lon="11.6531606"/>
  <node id="11979321644" lat="48.2474813" lon="11.6530840"/>
  <node id="11979321650" lat="48.2490082" lon="11.6517052"/>
  <node id="11979321651" lat="48.2490794" lon="11.6518931">
    <tag k="crossing:markings" v="no"/>
    <tag k="highway" v="crossing"/>
    <tag k="tactile_paving" v="no"/>
  </node>
  <node id="11990631746" lat="48.2487220" lon="11.6515484"/>
  <node id="11990631747" lat="48.2488720" lon="11.6515914"/>
  <node id="12361752258" lat="48.2474446" lon="11.6557629"/>
  <node id="12361752259" lat="48.2474550" lon="11.6556121">
    <tag k="entrance" v="secondary"/>
    <tag k="level" v="-1"/>
  </node>
  <node id="12592806702" lat="48.2494040" lon="11.6524970"/>
  <node id="12692702616" lat="48.2502795" lon="11.6504615">
    <tag k="addr:city" v="Garching"/>
    <tag k="addr:housenumber" v="9"/>
    <tag k="addr:postcode" v="85748"/>
    <tag k="addr:street" v="Bürgerplatz"/>
    <tag k="entrance" v="main"/>
  </node>
  <node id="12697359208" lat="48.2482872" lon="11.6530896"/>
  <node id="12697359209" lat="48.2482842" lon="11.6530070"/>
  <node id="12697359210" lat="48.2482898" lon="11.6528831"/>
  <node id="12733789088" lat="48.2524281" lon="11.6584865">
    <tag k="crossing:island" v="no"/>
    <tag k="crossing:markings" v="no"/>
    <tag k="crossing:signals" v="no"/>
    <tag k="highway" v="crossing"/>
    <tag k="tactile_paving" v="no"/>
  </node>
  <node id="12733816302" lat="48.2508901" lon="11.6559250"/>
  <node id="12733816303" lat="48.2512054" lon="11.6559010"/>
  <node id="12733816304" lat="48.2512447" lon="11.6557027"/>
  <node id="12733816309" lat="48.2510801" lon="11.6560172"/>
  <node id="12735375899" lat="48.2508181" lon="11.6520785"/>
  <node id="12736368249" lat="48.2495522" lon="11.6527646"/>
  <node id="12736368250" lat="48.2495716" lon="11.6526665"/>
  <node id="12736368251" lat="48.2499480" lon="11.6530476"/>
  <node id="12736368253" lat="48.2498058" lon="11.6530198"/>
  <node id="12736368254" lat="48.2495477" lon="11.6530301"/>
  <node id="12736368256" lat="48.2495634" lon="11.6530011"/>
  <node id="12736368258" lat="48.2496316" lon="11.6530078"/>
  <node id="12736368259" lat="48.2497327" lon="11.6529734"/>
  <node id="12736368260" lat="48.2498419" lon="11.6530095"/>
  <node id="12736368262" lat="48.2495509" lon="11.6531099"/>
  <node id="12736368263" lat="48.2495977" lon="11.6533816"/>
  <node id="12736394842" lat="48.2489679" lon="11.6532183"/>
  <node id="12736394843" lat="48.2487949" lon="11.6532277"/>
  <node id="12736394846" lat="48.2488398" lon="11.6531547"/>
  <node id="12736394847" lat="48.2487349" lon="11.6532858"/>
  <node id="12736394848" lat="48.2487637" lon="11.6532503"/>
  <node id="12736394849" lat="48.2488837" lon="11.6528160"/>
  <node id="12736705423" lat="48.2495225" lon="11.6510447">
    <tag k="access" v="customers"/>
    <tag k="amenity" v="parking_entrance"/>
    <tag k="maxheight" v="2.2"/>
    <tag k="parking" v="underground"/>
  </node>
  <node id="12736705430" lat="48.2495892" lon="11.6512792"/>
  <node id="12736705431" lat="48.2498186" lon="11.6509558"/>
  <node id="12736705432" lat="48.2498630" lon="11.6507963"/>
  <node id="12736705433" lat="48.2498897" lon="11.6504370"/>
  <node id="12736705434" lat="48.2498550" lon="11.6504339"/>
  <node id="12736705435" lat="48.2498372" lon="11.6503286"/>
  <node id="12736705436" lat="48.2497164" lon="11.6503047"/>
  <node id="12736705437" lat="48.2497695" lon="11.6510312"/>
  <node id="12736705439" lat="48.2497421" lon="11.6510690">
    <tag k="addr:city" v="Garching bei München"/>
    <tag k="addr:housenumber" v="3"/>
    <tag k="addr:postcode" v="85748"/>
    <tag k="addr:street" v="Bürgerplatz"/>
    <tag k="door" v="hinged"/>
    <tag k="entrance" v="main"/>
  </node>
  <node id="12736705443" lat="48.2496010" lon="11.6512980"/>
  <node id="12736705444" lat="48.2496430" lon="11.6513587"/>
  <node id="12736705445" lat="48.2496407" lon="11.6508274"/>
  <node id="12736734351" lat="48.2498865" lon="11.6504804"/>
  <node id="12737511903" lat="48.2493299" lon="11.6517321"/>
  <node id="12737511905" lat="48.2493319" lon="11.6516685"/>
  <node id="12739676616" lat="48.2503747" lon="11.6514195">
    <tag k="entrance" v="staircase"/>
  </node>
  <node id="12739676617" lat="48.2503792" lon="11.6514367"/>
  <node id="12739676619" lat="48.2503884" lon="11.6514309"/>
  <node id="12739676620" lat="48.2503961" lon="11.6514227"/>
  <node id="12739676621" lat="48.2504033" lon="11.6514105"/>
  <node id="12739676622" lat="48.2504045" lon="11.6513933"/>
  <node id="12739676623" lat="48.2504023" lon="11.6513804"/>
  <node id="12739676624" lat="48.2503937" lon="11.6513525"/>
  <node id="12740836952" lat="48.2509904" lon="11.6508260"/>
  <node id="12740836953" lat="48.2512900" lon="11.6509209"/>
  <node id="12740836973" lat="48.2510827" lon="11.6501438"/>
  <node id="12740836974" lat="48.2510747" lon="11.6502025"/>
  <node id="12740836977" lat="48.2513754" lon="11.6502894"/>
  <node id="12740836979" lat="48.2508624" lon="11.6507731"/>
  <node id="12740836982" lat="48.2508818" lon="11.6506220">
    <tag k="access" v="yes"/>
    <tag k="highway" v="elevator"/>
    <tag k="level" v="0;-2"/>
    <tag k="name" v="Tiefgarage"/>
  </node>
  <node id="12740836983" lat="48.2508784" lon="11.6506498">
    <tag k="entrance" v="parking"/>
  </node>
  <node id="12740836984" lat="48.2510130" lon="11.6506587"/>
  <node id="12740836985" lat="48.2509300" lon="11.6506642"/>
  <node id="12740836986" lat="48.2509333" lon="11.6506364"/>
  <node id="12740836988" lat="48.2511903" lon="11.6508895"/>
  <node id="12744619726" lat="48.2505769" lon="11.6515124">
    <tag k="entrance" v="staircase"/>
  </node>
  <node id="12744619727" lat="48.2505728" lon="11.6516000"/>
  <node id="12744619742" lat="48.2504781" lon="11.6513480">
    <tag k="entrance" v="shop"/>
  </node>
  <node id="12744619762" lat="48.2500648" lon="11.6503157">
    <tag k="door" v="hinged"/>
    <tag k="entrance" v="yes"/>
    <tag k="wheelchair" v="no"/>
  </node>
  <node id="12744619763" lat="48.2500524" lon="11.6503431"/>
  <node id="12744619764" lat="48.2500062" lon="11.6503284"/>
  <node id="12744619765" lat="48.2499617" lon="11.6503154"/>
  <node id="12747514370" lat="48.2507776" lon="11.6505977"/>
  <node id="12747514371" lat="48.2505783" lon="11.6505478"/>
  <node id="12747514372" lat="48.2503865" lon="11.6505123"/>
  <node id="12747514373" lat="48.2503656" lon="11.6504688"/>
  <node id="12747514375" lat="48.2507832" lon="11.6506394">
    <tag k="door" v="hinged"/>
    <tag k="indoor" v="door"/>
  </node>
  <node id="12747514376" lat="48.2506705" lon="11.6505221">
    <tag k="door" v="hinged"/>
    <tag k="indoor" v="door"/>
  </node>
  <node id="12747514377" lat="48.2506164" lon="11.6505539"/>
  <node id="12747514378" lat="48.2506951" lon="11.6504338">
    <tag k="door" v="hinged"/>
    <tag k="entrance" v="emergency"/>
  </node>
  <node id="12747514380" lat="48.2503816" lon="11.6504470">
    <tag k="door" v="yes"/>
    <tag k="indoor" v="door"/>
  </node>
  <node id="12747514381" lat="48.2505038" lon="11.6505345"/>
  <node id="12747514382" lat="48.2505054" lon="11.6505067">
    <tag k="door" v="yes"/>
    <tag k="indoor" v="door"/>
  </node>
  <node id="12747514396" lat="48.2501148" lon="11.6502047"/>
  <node id="12747514397" lat="48.2501291" lon="11.6502095">
    <tag k="amenity" v="toilets"/>
    <tag k="fee" v="no"/>
    <tag k="wheelchair" v="no"/>
  </node>
  <node id="12747514398" lat="48.2501004" lon="11.6501989">
    <tag k="door" v="yes"/>
    <tag k="indoor" v="door"/>
  </node>
  <node id="12747514400" lat="48.2506948" lon="11.6505815"/>
  <node id="12747515502" lat="48.2507163" lon="11.6505718">
    <tag k="door" v="hinged"/>
    <tag k="indoor" v="door"/>
  </node>
  <node id="12747515503" lat="48.2507153" lon="11.6505858"/>
  <node id="12747515504" lat="48.2507143" lon="11.6506001">
    <tag k="door" v="hinged"/>
    <tag k="indoor" v="door"/>
  </node>
  <node id="12747515505" lat="48.2507207" lon="11.6504749">
    <tag k="door" v="hinged"/>
    <tag k="entrance" v="emergency"/>
    <tag k="wheelchair" v="no"/>
  </node>
  <node id="12747527735" lat="48.2511229" lon="11.6513654"/>
  <node id="12747527737" lat="48.2510879" lon="11.6514997"/>
  <node id="12747527738" lat="48.2510538" lon="11.6518481"/>
  <node id="12747527743" lat="48.2506053" lon="11.6509715"/>
  <node id="12747527745" lat="48.2506006" lon="11.6510435"/>
  <node id="12747527746" lat="48.2505391" lon="11.6510679"/>
  <node id="12747527747" lat="48.2505332" lon="11.6510455"/>
  <node id="12747527748" lat="48.2504390" lon="11.6510715"/>
  <node id="12747527750" lat="48.2504167" lon="11.6510468"/>
  <node id="12747527751" lat="48.2499276" lon="11.6511435"/>
  <node id="12747527752" lat="48.2500230" lon="11.6510231"/>
  <node id="12747527753" lat="48.2500849" lon="11.6511237"/>
  <node id="12747527754" lat="48.2501530" lon="11.6511258"/>
  <node id="12747527755" lat="48.2501538" lon="11.6511137"/>
  <node id="12747527756" lat="48.2502914" lon="11.6511181"/>
  <node id="12747527757" lat="48.2503682" lon="11.6513591"/>
  <node id="12747527759" lat="48.2499184" lon="11.6511286"/>
  <node id="12747527760" lat="48.2500137" lon="11.6510098"/>
  <node id="12747527761" lat="48.2500548" lon="11.6510735">
    <tag k="door" v="hinged"/>
    <tag k="entrance" v="home"/>
    <tag k="level" v="1"/>
  </node>
  <node id="12747527762" lat="48.2501942" lon="11.6511151">
    <tag k="door" v="hinged"/>
    <tag k="entrance" v="home"/>
    <tag k="level" v="1"/>
  </node>
  <node id="12747527763" lat="48.2503001" lon="11.6510974">
    <tag k="entrance" v="staircase"/>
  </node>
  <node id="12747527764" lat="48.2502316" lon="11.6510956"/>
  <node id="12747527765" lat="48.2502313" lon="11.6511160"/>
  <node id="12747527767" lat="48.2500227" lon="11.6513314">
    <tag k="door" v="hinged"/>
    <tag k="entrance" v="staircase"/>
  </node>
  <node id="12747527768" lat="48.2502334" lon="11.6513523">
    <tag k="entrance" v="staircase"/>
  </node>
  <node id="12748719399" lat="48.2458437" lon="11.6556300"/>
  <node id="12748721601" lat="48.2461061" lon="11.6556074"/>
  <node id="12748721602" lat="48.2461019" lon="11.6556682"/>
  <node id="12750139325" lat="48.2497741" lon="11.6513205"/>
  <node id="12750139326" lat="48.2498644" lon="11.6511990"/>
  <node id="12750139327" lat="48.2497051" lon="11.6514119"/>
  <node id="12750139328" lat="48.2497117" lon="11.6516046"/>
  <node id="12750139329" lat="48.2496874" lon="11.6516099"/>
  <node id="12750139330" lat="48.2496935" lon="11.6517983"/>
  <node id="12750139331" lat="48.2496772" lon="11.6517988"/>
  <node id="12750139332" lat="48.2496352" lon="11.6518002"/>
  <node id="12750166397" lat="48.2510568" lon="11.6546315"/>
  <node id="12750166398" lat="48.2510458" lon="11.6549968"/>
  <node id="12750166399" lat="48.2510728" lon="11.6547179"/>
  <node id="12750166400" lat="48.2510591" lon="11.6547987"/>
  <node id="12750202301" lat="48.2510352" lon="11.6548247"/>
  <node id="12750202302" lat="48.2509998" lon="11.6548438"/>
  <node id="12750202303" lat="48.2509458" lon="11.6548273"/>
  <node id="12750202304" lat="48.2510395" lon="11.6549387">
    <tag k="crossing" v="unmarked"/>
    <tag k="crossing:island" v="no"/>
    <tag k="crossing:markings" v="no"/>
    <tag k="highway" v="crossing"/>
    <tag k="tactile_paving" v="no"/>
  </node>
  <node id="12750202305" lat="48.2507789" lon="11.6548709"/>
  <node id="12750212942" lat="48.2503270" lon="11.6568796"/>
  <node id="12750222769" lat="48.2502380" lon="11.6558544"/>
  <node id="12752098264" lat="48.2512386" lon="11.6554774"/>
  <node id="12752852434" lat="48.2507459" lon="11.6558532">
    <tag k="barrier" v="gate"/>
  </node>
  <node id="12806107162" lat="48.2492937" lon="11.6500545"/>
  <node id="12806107163" lat="48.2493141" lon="11.6500583"/>
  <node id="12806107164" lat="48.2494129" lon="11.6493630"/>
  <node id="12806118744" lat="48.2484904" lon="11.6496377"/>
  <node id="12809228204" lat="48.2495914" lon="11.6523242">
    <tag k="access" v="private"/>
    <tag k="barrier" v="gate"/>
  </node>
  <node id="12809228205" lat="48.2496035" lon="11.6523464">
    <tag k="access" v="private"/>
    <tag k="entrance" v="main"/>
  </node>
  <node id="12809228206" lat="48.2495671" lon="11.6522795"/>
  <node id="12809323327" lat="48.2521146" lon="11.6584745"/>
  <node id="12809323334" lat="48.2522225" lon="11.6584780"/>
  <node id="12809335233" lat="48.2521589" lon="11.6584753"/>
  <node id="12823749468" lat="48.2462759" lon="11.6518551"/>
  <node id="12823822518" lat="48.2487075" lon="11.6516762"/>
  <node id="12823830806" lat="48.2487434" lon="11.6520942"/>
  <node id="12823830807" lat="48.2488254" lon="11.6519994"/>
  <node id="12824203493" lat="48.2449928" lon="11.6473390"/>
  <node id="12824203495" lat="48.2451077" lon="11.6474191"/>
  <node id="12824333276" lat="48.2471509" lon="11.6517250"/>
  <node id="12824333277" lat="48.2471193" lon="11.6519827"/>
  <node id="12825610027" lat="48.2501174" lon="11.6532712"/>
  <node id="12825610028" lat="48.2500516" lon="11.6538812">
    <tag k="highway" v="crossing"/>
  </node>
  <node id="12825805929" lat="48.2495282" lon="11.6512008"/>
  <node id="12825805930" lat="48.2495285" lon="11.6511156">
    <tag k="addr:city" v="Garching bei München"/>
    <tag k="addr:housenumber" v="1"/>
    <tag k="addr:postcode" v="85748"/>
    <tag k="addr:street" v="Bürgerplatz"/>
    <tag k="entrance" v="staircase"/>
  </node>
  <node id="12828529830" lat="48.2505847" lon="11.6511936">
    <tag k="entrance" v="staircase"/>
  </node>
  <node id="12828529832" lat="48.2506609" lon="11.6512090"/>
  <node id="12828529834" lat="48.2508417" lon="11.6517555"/>
  <node id="12828529839" lat="48.2506304" lon="11.6519506"/>
  <node id="12830033649" lat="48.2501228" lon="11.6517380"/>
  <node id="12830033666" lat="48.2501458" lon="11.6517340"/>
  <node id="12830207807" lat="48.2498904" lon="11.6569415"/>
  <node id="12830207808" lat="48.2498834" lon="11.6570448"/>
  <node id="12830207809" lat="48.2499498" lon="11.6569677"/>
  <node id="12830261114" lat="48.2503838" lon="11.6571370"/>
  <node id="12830261115" lat="48.2503736" lon="11.6569937"/>
  <node id="12830261116" lat="48.2503810" lon="11.6570980">
    <tag k="highway" v="crossing"/>
  </node>
  <node id="12830261117" lat="48.2500170" lon="11.6568814"/>
  <node id="12830261118" lat="48.2500303" lon="11.6570206"/>
  <node id="12830261119" lat="48.2500247" lon="11.6569622"/>
  <node id="12830261185" lat="48.2509887" lon="11.6563776"/>
  <node id="12830261186" lat="48.2509455" lon="11.6563136"/>
  <node id="12830261187" lat="48.2510087" lon="11.6559825"/>
  <node id="12837254394" lat="48.2513825" lon="11.6502344"/>
  <node id="12837254398" lat="48.2512622" lon="11.6501980"/>
  <node id="12839624695" lat="48.2504262" lon="11.6524503">
    <tag k="access" v="customers"/>
    <tag k="amenity" v="parking_entrance"/>
    <tag k="maxheight" v="2.5"/>
    <tag k="maxheight:signed" v="no"/>
    <tag k="parking" v="underground"/>
  </node>
  <node id="12839624696" lat="48.2504201" lon="11.6524986"/>
  <node id="12839624697" lat="48.2506710" lon="11.6525689"/>
  <node id="12844057909" lat="48.2514429" lon="11.6533787"/>
  <node id="12844057913" lat="48.2517412" lon="11.6534332"/>
  <node id="12844386122" lat="48.2506274" lon="11.6547698">
    <tag k="barrier" v="gate"/>
  </node>
  <node id="12844386131" lat="48.2507298" lon="11.6550958"/>
  <node id="12844386132" lat="48.2506862" lon="11.6554564">
    <tag k="entrance" v="main"/>
  </node>
  <node id="12844386133" lat="48.2506227" lon="11.6554279"/>
  <node id="12844386134" lat="48.2506301" lon="11.6553919"/>
  <node id="12844386136" lat="48.2504789" lon="11.6554051">
    <tag k="addr:city" v="Garching bei München"/>
    <tag k="addr:housenumber" v="12b"/>
    <tag k="addr:postcode" v="85748"/>
    <tag k="addr:street" v="Römerhofweg"/>
    <tag k="entrance" v="yes"/>
  </node>
  <node id="12844386137" lat="48.2504938" lon="11.6553302"/>
  <node id="12878735140" lat="48.2495176" lon="11.6511433"/>
  <node id="12878735141" lat="48.2495176" lon="11.6511884"/>
  <node id="12878817134" lat="48.2503108" lon="11.6490950"/>
  <node id="12878817139" lat="48.2503540" lon="11.6495078"/>
  <node id="12884083858" lat="48.2484024" lon="11.6519055"/>
  <node id="12884083861" lat="48.2483576" lon="11.6519244"/>
  <node id="12884083862" lat="48.2484578" lon="11.6513587">
    <tag k="barrier" v="gate"/>
  </node>
  <node id="12884083863" lat="48.2485981" lon="11.6514529"/>
  <node id="12884083865" lat="48.2485252" lon="11.6519883"/>
  <node id="12884083866" lat="48.2485828" lon="11.6515652"/>
  <node id="12886387374" lat="48.2490400" lon="11.6526996"/>
  <node id="12886440309" lat="48.2489926" lon="11.6520162"/>
  <node id="12886440314" lat="48.2490801" lon="11.6516468"/>
  <node id="12886440315" lat="48.2490023" lon="11.6516909">
    <tag k="entrance" v="shop"/>
    <tag k="wheelchair" v="yes"/>
  </node>
  <node id="12886440317" lat="48.2491260" lon="11.6518280"/>
  <node id="12923123214" lat="48.2473962" lon="11.6587061"/>
  <node id="12923123216" lat="48.2473874" lon="11.6587605"/>
  <node id="12941546512" lat="48.2499849" lon="11.6501274"/>
  <node id="12941546516" lat="48.2499332" lon="11.6501510"/>
  <node id="12941546517" lat="48.2498326" lon="11.6501920"/>
  <node id="12941570309" lat="48.2499200" lon="11.6500583"/>
  <node id="12944857078" lat="48.2498834" lon="11.6498917">
    <tag k="entrance" v="home"/>
  </node>
  <node id="12944857079" lat="48.2498755" lon="11.6500003">
    <tag k="barrier" v="gate"/>
  </node>
  <node id="12999246094" lat="48.2500188" lon="11.6536606">
    <tag k="barrier" v="bollard"/>
    <tag k="bollard" v="removable"/>
  </node>
  <node id="13037416149" lat="48.2478467" lon="11.6539798"/>
  <node id="13112389892" lat="48.2445945" lon="11.6468752"/>
  <node id="13112390619" lat="48.2445267" lon="11.6468264"/>
  <node id="13150971813" lat="48.2498541" lon="11.6501832"/>
  <node id="13150971814" lat="48.2498683" lon="11.6502367"/>
  <node id="13150971815" lat="48.2498571" lon="11.6501946">
    <tag k="barrier" v="bollard"/>
    <tag k="bollard" v="fixed"/>
    <tag k="material" v="stone"/>
  </node>
  <node id="13154936230" lat="48.2486079" lon="11.6543920"/>
  <node id="13154936231" lat="48.2485127" lon="11.6545230"/>
  <node id="13154936232" lat="48.2485931" lon="11.6552264"/>
  <node id="13154936237" lat="48.2487911" lon="11.6550427"/>
  <node id="13154936238" lat="48.2488084" lon="11.6550338"/>
  <node id="13154936239" lat="48.2488220" lon="11.6550224"/>
  <node id="13154936240" lat="48.2488369" lon="11.6550049"/>
  <node id="13155238644" lat="48.2497135" lon="11.6541157">
    <tag k="barrier" v="gate"/>
  </node>
  <node id="13166045541" lat="48.2498792" lon="11.6505771"/>
  <node id="13175395426" lat="48.2476260" lon="11.6552122"/>
  <node id="13175395427" lat="48.2476342" lon="11.6551114"/>
  <node id="13175395428" lat="48.2475549" lon="11.6550920"/>
  <node id="13175395429" lat="48.2475614" lon="11.6550162"/>
  <node id="13175395430" lat="48.2476119" lon="11.6550267"/>
  <node id="13175395431" lat="48.2476047" lon="11.6551042"/>
  <node id="13175395432" lat="48.2475082" lon="11.6550057"/>
  <node id="13175395433" lat="48.2475342" lon="11.6551921"/>
  <node id="13175395434" lat="48.2475222" lon="11.6553237">
    <tag k="entrance" v="yes"/>
  </node>
  <node id="13238880600" lat="48.2508024" lon="11.6508934"/>
  <node id="13266918260" lat="48.2490948" lon="11.6499453"/>
  <node id="13266918267" lat="48.2489475" lon="11.6505069"/>
  <node id="13266918268" lat="48.2489760" lon="11.6504385"/>
  <node id="13266918269" lat="48.2489969" lon="11.6503375"/>
  <node id="13266918270" lat="48.2490323" lon="11.6502571"/>
  <node id="13266918281" lat="48.2488847" lon="11.6508509"/>
  <node id="13266918282" lat="48.2489112" lon="11.6509083"/>
  <node id="13266918283" lat="48.2493240" lon="11.6501438"/>
  <node id="13266918284" lat="48.2490756" lon="11.6500997"/>
  <node id="13266918285" lat="48.2493260" lon="11.6501143">
    <tag k="access" v="private"/>
    <tag k="amenity" v="parking"/>
    <tag k="layer" v="-1"/>
    <tag k="parking" v="underground"/>
  </node>
  <node id="13266918286" lat="48.2491640" lon="11.6501151"/>
  <node id="13266918288" lat="48.2494044" lon="11.6500754"/>
  <node id="13266918289" lat="48.2491704" lon="11.6500321"/>
  <node id="13266918298" lat="48.2496982" lon="11.6471174"/>
  <node id="13266921714" lat="48.2495702" lon="11.6484485"/>
  <node id="13266921720" lat="48.2495429" lon="11.6487137"/>
  <node id="13266921726" lat="48.2495082" lon="11.6490539"/>
  <node id="13266921732" lat="48.2495095" lon="11.6490413"/>
  <node id="13269717865" lat="48.2496149" lon="11.6480054"/>
  <node id="13269717866" lat="48.2496216" lon="11.6479327"/>
  <node id="13290542122" lat="48.2477844" lon="11.6562491"/>
  <node id="13298244139" lat="48.2473843" lon="11.6501702"/>
  <node id="13298244140" lat="48.2473002" lon="11.6500195"/>
  <node id="13298244141" lat="48.2475410" lon="11.6503973"/>
  <node id="13298244142" lat="48.2472337" lon="11.6498281">
    <tag k="highway" v="traffic_signals"/>
    <tag k="traffic_signals:direction" v="forward"/>
  </node>
  <node id="13298244143" lat="48.2474391" lon="11.6501348">
    <tag k="highway" v="traffic_signals"/>
    <tag k="traffic_signals:direction" v="forward"/>
  </node>
  <node id="13298244144" lat="48.2474811" lon="11.6501953">
    <tag k="highway" v="traffic_signals"/>
    <tag k="traffic_signals:direction" v="backward"/>
  </node>
  <node id="13298244145" lat="48.2474073" lon="11.6501863"/>
  <node id="13298244146" lat="48.2473723" lon="11.6501535">
    <tag k="barrier" v="kerb"/>
    <tag k="kerb" v="lowered"/>
    <tag k="tactile_paving" v="yes"/>
    <tag k="wheelchair" v="yes"/>
  </node>
  <node id="13298244147" lat="48.2473058" lon="11.6500377"/>
  <node id="13298244148" lat="48.2473120" lon="11.6500703">
    <tag k="barrier" v="kerb"/>
    <tag k="kerb" v="lowered"/>
    <tag k="tactile_paving" v="yes"/>
    <tag k="wheelchair" v="yes"/>
  </node>
  <node id="13298244149" lat="48.2473193" lon="11.6498218">
    <tag k="barrier" v="kerb"/>
    <tag k="kerb" v="lowered"/>
    <tag k="tactile_paving" v="yes"/>
    <tag k="wheelchair" v="yes"/>
  </node>
  <node id="13298244150" lat="48.2473939" lon="11.6499259">
    <tag k="barrier" v="kerb"/>
    <tag k="kerb" v="lowered"/>
    <tag k="tactile_paving" v="yes"/>
    <tag k="wheelchair" v="yes"/>
  </node>
  <node id="13299637403" lat="48.2464999" lon="11.6486479"/>
  <node id="13299637405" lat="48.2464707" lon="11.6487042"/>
  <node id="13324434808" lat="48.2498829" lon="11.6508355"/>
  <node id="13325094286" lat="48.2508759" lon="11.6535671">
    <tag k="addr:city" v="Garching bei München"/>
    <tag k="addr:housenumber" v="10"/>
    <tag k="addr:postcode" v="85748"/>
    <tag k="addr:street" v="Freisinger Landstraße"/>
    <tag k="entrance" v="home"/>
  </node>
  <node id="13325094289" lat="48.2508889" lon="11.6534433">
    <tag k="access" v="private"/>
    <tag k="barrier" v="gate"/>
  </node>
  <node id="13325094291" lat="48.2508911" lon="11.6534212"/>
  <node id="13338297904" lat="48.2501055" lon="11.6552369"/>
  <node id="13338297905" lat="48.2500595" lon="11.6552109"/>
  <node id="13338316326" lat="48.2501381" lon="11.6549178"/>
  <node id="13338316327" lat="48.2498791" lon="11.6547803"/>
  <node id="13338316328" lat="48.2499094" lon="11.6547949">
    <tag k="highway" v="crossing"/>
  </node>
  <node id="13338316331" lat="48.2498905" lon="11.6544498"/>
  <node id="13338316332" lat="48.2498142" lon="11.6544329"/>
  <node id="13338316333" lat="48.2497633" lon="11.6549086"/>
  <node id="13357763611" lat="48.2506504" lon="11.6502795">
    <tag k="entrance" v="service"/>
    <tag k="level" v="-1"/>
    <tag k="wheelchair" v="no"/>
  </node>
  <node id="13357763634" lat="48.2507978" lon="11.6506424"/>
  <node id="13357763637" lat="48.2507742" lon="11.6506376"/>
  <node id="13357763643" lat="48.2506524" lon="11.6507139">
    <tag k="door" v="hinged"/>
    <tag k="entrance" v="secondary"/>
  </node>
  <node id="13357763649" lat="48.2506340" lon="11.6504847">
    <tag k="door" v="yes"/>
    <tag k="indoor" v="door"/>
  </node>
  <node id="13357763650" lat="48.2506577" lon="11.6504909"/>
  <node id="13357763656" lat="48.2507074" lon="11.6506973">
    <tag k="door" v="hinged"/>
    <tag k="indoor" v="door"/>
  </node>
  <node id="13357763658" lat="48.2504410" lon="11.6500814">
    <tag k="entrance" v="service"/>
  </node>
  <node id="13357763659" lat="48.2504449" lon="11.6500302"/>
  <node id="13357763660" lat="48.2504139" lon="11.6500164"/>
  <node id="13357763661" lat="48.2506568" lon="11.6507230"/>
  <node id="13357763662" lat="48.2506753" lon="11.6507046"/>
  <node id="13357763663" lat="48.2507904" lon="11.6507272"/>
  <node id="13357763664" lat="48.2508298" lon="11.6506650"/>
  <node id="13357763665" lat="48.2507065" lon="11.6507108"/>
  <node id="13357763671" lat="48.2507238" lon="11.6504497"/>
  <node id="13357763672" lat="48.2506913" lon="11.6503797"/>
  <node id="13357763673" lat="48.2507076" lon="11.6504148"/>
  <node id="13357763685" lat="48.2504090" lon="11.6500992"/>
  <node id="13357763686" lat="48.2502977" lon="11.6500835"/>
  <node id="13357763687" lat="48.2502714" lon="11.6499368"/>
  <node id="13357763688" lat="48.2502827" lon="11.6499979">
    <tag k="highway" v="crossing"/>
  </node>
  <node id="13359123869" lat="48.2487251" lon="11.6498877"/>
  <node id="13359123870" lat="48.2487637" lon="11.6500961"/>
  <node id="13458146150" lat="48.2467334" lon="11.6504423"/>
  <node id="13458858728" lat="48.2470833" lon="11.6556939"/>
  <node id="13458858733" lat="48.2471264" lon="11.6556146">
    <tag k="access" v="private"/>
    <tag k="amenity" v="parking_entrance"/>
    <tag k="parking" v="underground"/>
  </node>
  <node id="13458858734" lat="48.2471155" lon="11.6557732"/>
  <node id="13460097279" lat="48.2473018" lon="11.6562504"/>
  <node id="13460097280" lat="48.2473231" lon="11.6560555"/>
  <node id="13460097281" lat="48.2473339" lon="11.6560583"/>
  <node id="13460097282" lat="48.2473071" lon="11.6562027">
    <tag k="barrier" v="gate"/>
  </node>
  <node id="13460097283" lat="48.2473432" lon="11.6559744">
    <tag k="barrier" v="gate"/>
  </node>
  <node id="13483907271" lat="48.2464454" lon="11.6510295"/>
  <node id="13484017423" lat="48.2485759" lon="11.6510407"/>
  <node id="13659606405" lat="48.2501831" lon="11.6508537"/>
  <node id="13659606406" lat="48.2502975" lon="11.6507712"/>
  <node id="13659606407" lat="48.2503690" lon="11.6507700">
    <tag k="barrier" v="bollard"/>
    <tag k="bollard" v="fixed"/>
    <tag k="material" v="stone"/>
  </node>
  <node id="13659606408" lat="48.2504658" lon="11.6507986"/>
  <node id="13659606412" lat="48.2503784" lon="11.6510083"/>
  <node id="13659606413" lat="48.2501673" lon="11.6509560"/>
  <node id="13659606414" lat="48.2500417" lon="11.6505735"/>
  <node id="13659606458" lat="48.2508404" lon="11.6509037"/>
  <node id="13669062779" lat="48.2502457" lon="11.6514507"/>
  <node id="13669062799" lat="48.2498313" lon="11.6509814"/>
  <node id="13669062800" lat="48.2496784" lon="11.6508597"/>
  <node id="13669069401" lat="48.2498029" lon="11.6509844"/>
  <node id="13669069402" lat="48.2497916" lon="11.6509639"/>
  <node id="13669069403" lat="48.2499794" lon="11.6509498"/>
  <node id="13669114215" lat="48.2496042" lon="11.6507576"/>
  <node id="13669114216" lat="48.2494986" lon="11.6507387">
    <tag k="highway" v="crossing"/>
  </node>
  <way id="4629171">
    <nd ref="29490287"/>
    <nd ref="10853333045"/>
    <nd ref="606111536"/>
    <nd ref="29399465"/>
    <nd ref="94958727"/>
    <nd ref="1340789835"/>
    <nd ref="1363848000"/>
    <nd ref="1846653758"/>
    <nd ref="1846653752"/>
    <nd ref="600470776"/>
    <nd ref="1846649291"/>
    <nd ref="1846649274"/>
    <nd ref="55449150"/>
    <nd ref="1808087561"/>
    <nd ref="256215095"/>
    <nd ref="29399466"/>
    <tag k="cycleway:both" v="separate"/>
    <tag k="highway" v="residential"/>
    <tag k="lit" v="yes"/>
    <tag k="maxspeed" v="30"/>
    <tag k="name" v="Poststraße"/>
    <tag k="parking:left" v="lane"/>
    <tag k="parking:left:orientation" v="parallel"/>
    <tag k="parking:right" v="no"/>
    <tag k="sidewalk:both" v="separate"/>
    <tag k="surface" v="asphalt"/>
  </way>
  <way id="10512929">
    <nd ref="29490288"/>
    <nd ref="497692746"/>
    <nd ref="29398431"/>
    <nd ref="29398432"/>
    <nd ref="29398433"/>
    <nd ref="29398434"/>
    <nd ref="8279991890"/>
    <nd ref="13483907271"/>
    <tag k="highway" v="residential"/>
    <tag k="lit" v="yes"/>
    <tag k="maxspeed" v="30"/>
    <tag k="name" v="Auweg"/>
    <tag k="parking:both" v="no"/>
    <tag k="postal_code" v="85748"/>
    <tag k="sidewalk:both" v="separate"/>
    <tag k="smoothness" v="good"/>
    <tag k="source:maxspeed" v="DE:zone:30"/>
    <tag k="surface" v="asphalt"/>
  </way>
  <way id="10512950">
    <nd ref="442559558"/>
    <nd ref="1835174171"/>
    <nd ref="90709465"/>
    <nd ref="1829531669"/>
    <nd ref="1835174244"/>
    <nd ref="90709467"/>
    <nd ref="90709468"/>
    <nd ref="94958718"/>
    <nd ref="442012959"/>
    <nd ref="29398445"/>
    <tag k="cycleway:both" v="no"/>
    <tag k="highway" v="residential"/>
    <tag k="lanes" v="2"/>
    <tag k="lit" v="yes"/>
    <tag k="maxspeed" v="30"/>
    <tag k="name" v="Mühlgasse"/>
    <tag k="sidewalk:both" v="separate"/>
    <tag k="surface" v="asphalt"/>
  </way>
  <way id="10526139">
    <nd ref="29490285"/>
    <nd ref="533994660"/>
    <nd ref="1363039996"/>
    <nd ref="90709448"/>
    <nd ref="1338299111"/>
    <nd ref="90509853"/>
    <tag k="cycleway:both" v="no"/>
    <tag k="highway" v="tertiary"/>
    <tag k="lanes" v="2"/>
    <tag k="lit" v="yes"/>
    <tag k="maxspeed" v="50"/>
    <tag k="name" v="Schleißheimer Straße"/>
    <tag k="parking:left" v="separate"/>
    <tag k="parking:right" v="no"/>
    <tag k="sidewalk:both" v="separate"/>
    <tag k="surface" v="asphalt"/>
  </way>
  <way id="10526147">
    <nd ref="29490283"/>
    <nd ref="533994662"/>
    <nd ref="5377297860"/>
    <nd ref="5377298024"/>
    <nd ref="1341016838"/>
    <nd ref="2127444779"/>
    <nd ref="2127444782"/>
    <nd ref="252321122"/>
    <nd ref="1859001612"/>
    <nd ref="259829944"/>
    <nd ref="1886570699"/>
    <nd ref="1829531486"/>
    <nd ref="1835174371"/>
    <nd ref="442559558"/>
    <tag k="highway" v="residential"/>
    <tag k="lanes" v="2"/>
    <tag k="lit" v="yes"/>
    <tag k="maxspeed" v="30"/>
    <tag k="maxspeed:type" v="DE:zone30"/>
    <tag k="name" v="Bürgermeister-Amon-Straße"/>
    <tag k="parking:left" v="separate"/>
    <tag k="parking:right" v="no"/>
    <tag k="sidewalk:both" v="separate"/>
    <tag k="surface" v="asphalt"/>
  </way>
  <way id="10697384">
    <nd ref="94884341"/>
    <nd ref="442897040"/>
    <nd ref="5858683862"/>
    <nd ref="1341011328"/>
    <nd ref="94884334"/>
    <tag k="cycleway:both" v="no"/>
    <tag k="highway" v="residential"/>
    <tag k="lane_markings" v="no"/>
    <tag k="lit" v="yes"/>
    <tag k="maxspeed" v="30"/>
    <tag k="name" v="Bürgermeister-Hagn-Straße"/>
    <tag k="parking:both" v="no"/>
    <tag k="sidewalk:left" v="separate"/>
    <tag k="sidewalk:right" v="no"/>
    <tag k="surface" v="asphalt"/>
  </way>
  <way id="10697388">
    <nd ref="29398463"/>
    <nd ref="2149996329"/>
    <nd ref="2149996409"/>
    <nd ref="29398464"/>
    <nd ref="1834969897"/>
    <nd ref="29398465"/>
    <nd ref="12733816309"/>
    <nd ref="94884456"/>
    <nd ref="29398460"/>
    <tag k="cycleway:both" v="no"/>
    <tag k="highway" v="residential"/>
    <tag k="lit" v="yes"/>
    <tag k="maxspeed" v="30"/>
    <tag k="name" v="Riemerfeldring"/>
    <tag k="parking:left" v="lane"/>
    <tag k="parking:left:orientation" v="parallel"/>
    <tag k="parking:right" v="separate"/>
    <tag k="sidewalk:both" v="separate"/>
    <tag k="surface" v="asphalt"/>
  </way>
  <way id="10697392">
    <nd ref="29398463"/>
    <nd ref="11064348057"/>
    <nd ref="12750202304"/>
    <nd ref="8113233506"/>
    <nd ref="846758927"/>
    <nd ref="1468395983"/>
    <nd ref="846758917"/>
    <nd ref="90709470"/>
    <nd ref="4449162459"/>
    <nd ref="1835169766"/>
    <nd ref="94884334"/>
    <tag k="highway" v="living_street"/>
    <tag k="lit" v="yes"/>
    <tag k="name" v="Römerhofweg"/>
    <tag k="parking:left" v="lane"/>
    <tag k="parking:left:orientation" v="parallel"/>
    <tag k="parking:right" v="no"/>
    <tag k="smoothness" v="good"/>
    <tag k="surface" v="asphalt"/>
  </way>
  <way id="10699708">
    <nd ref="94958625"/>
    <nd ref="442886905"/>
    <nd ref="1340957340"/>
    <nd ref="1379364021"/>
    <nd ref="94958627"/>
    <nd ref="1828361334"/>
    <nd ref="12839624697"/>
    <nd ref="94958630"/>
    <nd ref="1379366990"/>
    <nd ref="1340957348"/>
    <nd ref="1340957346"/>
    <nd ref="94958633"/>
    <nd ref="2022874190"/>
    <nd ref="1340957343"/>
    <nd ref="1340957349"/>
    <nd ref="1828361267"/>
    <nd ref="8423401612"/>
    <nd ref="94958636"/>
    <tag k="highway" v="living_street"/>
    <tag k="lit" v="yes"/>
    <tag k="name" v="Freisinger Landstraße"/>
    <tag k="surface" v="asphalt"/>
  </way>
  <way id="10699716">
    <nd ref="94958718"/>
    <nd ref="442559587"/>
    <nd ref="1835174328"/>
    <nd ref="94958722"/>
    <nd ref="1835174337"/>
    <nd ref="94958725"/>
    <tag k="access" v="destination"/>
    <tag k="highway" v="service"/>
    <tag k="lane_markings" v="no"/>
    <tag k="lit" v="no"/>
    <tag k="maxspeed" v="30"/>
    <tag k="name" v="Mühlgasse"/>
    <tag k="service" v="alley"/>
    <tag k="surface" v="asphalt"/>
  </way>
  <way id="22392752">
    <nd ref="29398449"/>
    <nd ref="11045995500"/>
    <nd ref="1828287376"/>
    <nd ref="90509995"/>
    <nd ref="90509998"/>
    <nd ref="1828287461"/>
    <nd ref="8959254441"/>
    <nd ref="1828287499"/>
    <nd ref="90510002"/>
    <nd ref="454938490"/>
    <nd ref="8396551480"/>
    <tag k="bicycle" v="yes"/>
    <tag k="foot" v="yes"/>
    <tag k="highway" v="residential"/>
    <tag k="lit" v="yes"/>
    <tag k="maxspeed" v="20"/>
    <tag k="motor_vehicle" v="destination"/>
    <tag k="name" v="Angerlweg"/>
    <tag k="parking:left" v="no"/>
    <tag k="parking:right" v="lane"/>
    <tag k="parking:right:orientation" v="parallel"/>
    <tag k="postal_code" v="85748"/>
    <tag k="sidewalk:both" v="separate"/>
    <tag k="source:maxspeed" v="sign"/>
    <tag k="surface" v="asphalt"/>
    <tag k="traffic_sign" v="DE:260,1020-30"/>
  </way>
  <way id="23316742">
    <nd ref="252448581"/>
    <nd ref="1349656696"/>
    <nd ref="747049848"/>
    <nd ref="1349656730"/>
    <nd ref="442863742"/>
    <nd ref="29398441"/>
    <nd ref="12748721601"/>
    <nd ref="442559536"/>
    <nd ref="13458858734"/>
    <nd ref="3375274796"/>
    <nd ref="3375274995"/>
    <nd ref="29398444"/>
    <nd ref="29398445"/>
    <tag k="bicycle" v="yes"/>
    <tag k="cycleway:both" v="no"/>
    <tag k="highway" v="residential"/>
    <tag k="lane_markings" v="no"/>
    <tag k="lit" v="yes"/>
    <tag k="maxspeed" v="30"/>
    <tag k="name" v="Mühlfeldweg"/>
    <tag k="postal_code" v="85748"/>
    <tag k="sidewalk:both" v="separate"/>
    <tag k="smoothness" v="good"/>
    <tag k="surface" v="asphalt"/>
  </way>
  <way id="23965040">
    <nd ref="94971934"/>
    <nd ref="8111666807"/>
    <tag k="bicycle" v="yes"/>
    <tag k="highway" v="pedestrian"/>
    <tag k="motor_vehicle:conditional" v="delivery @ (Mo-Fr 07:00-15:00, Sa 07:00-13:00)"/>
    <tag k="name" v="Helmut-Karl-Platz"/>
    <tag k="surface" v="paving_stones"/>
    <tag k="traffic_sign" v="DE:242.1,1026-35,1042-33[Mo-Fr 7-15,Sa 7-13],1022-10"/>
  </way>
  <way id="23967463">
    <nd ref="259830113"/>
    <nd ref="1513894941"/>
    <tag k="highway" v="footway"/>
    <tag k="surface" v="paving_stones"/>
  </way>
  <way id="23967623">
    <nd ref="259831261"/>
    <nd ref="529869301"/>
    <tag k="highway" v="footway"/>
    <tag k="surface" v="paving_stones"/>
  </way>
  <way id="23967647">
    <nd ref="259831734"/>
    <nd ref="1886339795"/>
    <nd ref="1895297079"/>
    <nd ref="1331241675"/>
    <nd ref="1827653844"/>
    <tag k="highway" v="footway"/>
    <tag k="surface" v="asphalt"/>
  </way>
  <way id="23967729">
    <nd ref="259831734"/>
    <nd ref="1886338896"/>
    <nd ref="1886338770"/>
    <nd ref="1327138677"/>
    <tag k="highway" v="footway"/>
    <tag k="surface" v="asphalt"/>
  </way>
  <way id="37726024">
    <nd ref="442559624"/>
    <nd ref="8396551479"/>
    <nd ref="8396551478"/>
    <nd ref="442559623"/>
    <nd ref="442559617"/>
    <nd ref="9129410878"/>
    <nd ref="442559619"/>
    <nd ref="442863751"/>
    <nd ref="12748721602"/>
    <nd ref="442863755"/>
    <nd ref="12748719399"/>
    <nd ref="442510925"/>
    <nd ref="442510924"/>
    <nd ref="747049832"/>
    <nd ref="442510919"/>
    <tag k="highway" v="footway"/>
    <tag k="lit" v="yes"/>
    <tag k="surface" v="paving_stones"/>
  </way>
  <way id="37730483">
    <nd ref="442559558"/>
    <nd ref="12736394846"/>
    <nd ref="442559559"/>
    <tag k="highway" v="living_street"/>
    <tag k="noexit" v="yes"/>
    <tag k="noname" v="yes"/>
    <tag k="service" v="parking_aisle"/>
    <tag k="surface" v="paving_stones"/>
  </way>
  <way id="37730488">
    <nd ref="442559576"/>
    <nd ref="1835174191"/>
    <nd ref="442559583"/>
    <nd ref="442559578"/>
    <nd ref="442559580"/>
    <nd ref="442559582"/>
    <nd ref="442559583"/>
    <tag k="highway" v="footway"/>
    <tag k="surface" v="paving_stones"/>
  </way>
  <way id="37730489">
    <nd ref="13037416149"/>
    <nd ref="442559569"/>
    <nd ref="442559571"/>
    <nd ref="442559572"/>
    <tag k="highway" v="footway"/>
    <tag k="surface" v="asphalt"/>
  </way>
  <way id="37730492">
    <nd ref="442559624"/>
    <nd ref="29398448"/>
    <nd ref="442559604"/>
    <tag k="crossing" v="marked"/>
    <tag k="crossing:island" v="no"/>
    <tag k="crossing:markings" v="zebra"/>
    <tag k="footway" v="crossing"/>
    <tag k="highway" v="footway"/>
    <tag k="lit" v="yes"/>
    <tag k="surface" v="asphalt"/>
  </way>
  <way id="37730671">
    <nd ref="442559670"/>
    <nd ref="442561836"/>
    <nd ref="442561837"/>
    <tag k="highway" v="footway"/>
    <tag k="surface" v="paving_stones"/>
  </way>
  <way id="37752213">
    <nd ref="442843727"/>
    <nd ref="13875183"/>
    <nd ref="442843723"/>
    <tag k="crossing" v="traffic_signals"/>
    <tag k="crossing:island" v="no"/>
    <tag k="crossing:markings" v="dashes"/>
    <tag k="footway" v="crossing"/>
    <tag k="highway" v="footway"/>
    <tag k="surface" v="asphalt"/>
  </way>
  <way id="37753894">
    <nd ref="442861648"/>
    <nd ref="1874105360"/>
    <nd ref="1879766084"/>
    <nd ref="442861649"/>
    <nd ref="8279991889"/>
    <nd ref="442861650"/>
    <nd ref="442861651"/>
    <nd ref="442861652"/>
    <nd ref="442861653"/>
    <nd ref="442861654"/>
    <nd ref="442861655"/>
    <tag k="highway" v="footway"/>
    <tag k="lit" v="yes"/>
    <tag k="surface" v="paving_stones"/>
  </way>
  <way id="37755197">
    <nd ref="442871899"/>
    <nd ref="442559611"/>
    <nd ref="442871905"/>
    <nd ref="442871865"/>
    <tag k="highway" v="living_street"/>
    <tag k="name" v="Brunnenweg"/>
    <tag k="surface" v="paving_stones"/>
  </way>
  <way id="37755206">
    <nd ref="442871916"/>
    <nd ref="442871928"/>
    <nd ref="442871918"/>
    <nd ref="442871920"/>
    <tag k="highway" v="footway"/>
    <tag k="surface" v="paving_stones"/>
  </way>
  <way id="37755207">
    <nd ref="442871918"/>
    <nd ref="442871924"/>
    <nd ref="442871922"/>
    <tag k="highway" v="footway"/>
    <tag k="surface" v="paving_stones"/>
  </way>
  <way id="37755208">
    <nd ref="442871924"/>
    <nd ref="442871926"/>
    <nd ref="442871930"/>
    <tag k="highway" v="footway"/>
    <tag k="surface" v="paving_stones"/>
  </way>
  <way id="37756126">
    <nd ref="29398434"/>
    <nd ref="442843731"/>
    <nd ref="1885068352"/>
    <nd ref="442877744"/>
    <nd ref="442877746"/>
    <nd ref="442877747"/>
    <nd ref="442877749"/>
    <nd ref="12824333276"/>
    <nd ref="12824333277"/>
    <tag k="highway" v="service"/>
    <tag k="lane_markings" v="no"/>
    <tag k="name" v="Am Pfarranger"/>
    <tag k="service" v="alley"/>
    <tag k="surface" v="asphalt"/>
  </way>
  <way id="37756840">
    <nd ref="442886896"/>
    <nd ref="442886898"/>
    <nd ref="442886899"/>
    <tag k="bicycle" v="yes"/>
    <tag k="crossing" v="traffic_signals"/>
    <tag k="footway" v="crossing"/>
    <tag k="highway" v="footway"/>
    <tag k="lit" v="yes"/>
    <tag k="surface" v="paving_stones"/>
  </way>
  <way id="37893147">
    <nd ref="1830445693"/>
    <nd ref="444684580"/>
    <nd ref="1835174217"/>
    <nd ref="1830445747"/>
    <nd ref="444684581"/>
    <nd ref="444684582"/>
    <nd ref="1830445683"/>
    <nd ref="1835174263"/>
    <nd ref="1835174148"/>
    <tag k="highway" v="footway"/>
    <tag k="surface" v="asphalt"/>
  </way>
  <way id="37893148">
    <nd ref="444684584"/>
    <nd ref="12736368251"/>
    <nd ref="444684585"/>
    <nd ref="444684586"/>
    <nd ref="1513894939"/>
    <nd ref="444684587"/>
    <nd ref="1097900210"/>
    <nd ref="1807980577"/>
    <nd ref="1807980563"/>
    <nd ref="1807980552"/>
    <nd ref="1835176702"/>
    <nd ref="5377297671"/>
    <nd ref="1807980565"/>
    <nd ref="444684588"/>
    <nd ref="1807980566"/>
    <nd ref="5377297566"/>
    <nd ref="1807980554"/>
    <nd ref="444684589"/>
    <nd ref="1834993068"/>
    <nd ref="444684584"/>
    <tag k="area" v="yes"/>
    <tag k="highway" v="pedestrian"/>
    <tag k="lit" v="yes"/>
    <tag k="name" v="Maibaumplatz"/>
    <tag k="surface" v="paving_stones"/>
  </way>
  <way id="37899704">
    <nd ref="442559572"/>
    <nd ref="442559587"/>
    <nd ref="442559585"/>
    <nd ref="1829531540"/>
    <nd ref="10791081857"/>
    <nd ref="442559589"/>
    <nd ref="8117271908"/>
    <nd ref="12361752258"/>
    <nd ref="9129410879"/>
    <nd ref="442559613"/>
    <nd ref="454950073"/>
    <nd ref="13458858728"/>
    <nd ref="3933948298"/>
    <nd ref="2149996325"/>
    <nd ref="444793272"/>
    <tag k="highway" v="footway"/>
    <tag k="lit" v="no"/>
    <tag k="surface" v="asphalt"/>
  </way>
  <way id="37899705">
    <nd ref="454950079"/>
    <nd ref="444793273"/>
    <nd ref="1885369916"/>
    <nd ref="1828253105"/>
    <nd ref="1828253198"/>
    <tag k="highway" v="footway"/>
    <tag k="surface" v="paving_stones"/>
  </way>
  <way id="38480345">
    <nd ref="13458858728"/>
    <nd ref="2149996425"/>
    <nd ref="2149996383"/>
    <nd ref="442559553"/>
    <tag k="bicycle" v="no"/>
    <tag k="highway" v="footway"/>
    <tag k="surface" v="paving_stones"/>
  </way>
  <way id="38480347">
    <nd ref="454950085"/>
    <nd ref="1828252979"/>
    <nd ref="1828253072"/>
    <nd ref="1828253101"/>
    <nd ref="1828252964"/>
    <nd ref="454950086"/>
    <nd ref="1828253088"/>
    <nd ref="454950088"/>
    <nd ref="454950090"/>
    <nd ref="454950085"/>
    <tag k="highway" v="footway"/>
    <tag k="surface" v="paving_stones"/>
  </way>
  <way id="39575842">
    <nd ref="29398450"/>
    <nd ref="1828287444"/>
    <nd ref="1828302643"/>
    <nd ref="3933948293"/>
    <nd ref="1828287385"/>
    <nd ref="12923123214"/>
    <nd ref="12923123216"/>
    <nd ref="1828287413"/>
    <nd ref="94884302"/>
    <nd ref="1828287415"/>
    <nd ref="90509987"/>
    <nd ref="1828287364"/>
    <nd ref="1522863465"/>
    <nd ref="1835174125"/>
    <nd ref="90509992"/>
    <tag k="bicycle" v="yes"/>
    <tag k="cycleway" v="no"/>
    <tag k="foot" v="yes"/>
    <tag k="highway" v="residential"/>
    <tag k="lit" v="yes"/>
    <tag k="maxspeed" v="30"/>
    <tag k="motor_vehicle" v="agricultural;delivery"/>
    <tag k="name" v="Mühlgasse"/>
    <tag k="parking:both" v="no"/>
    <tag k="sidewalk" v="no"/>
    <tag k="surface" v="asphalt"/>
  </way>
  <way id="39625023">
    <nd ref="90716319"/>
    <nd ref="29398453"/>
    <nd ref="29398452"/>
    <nd ref="442871899"/>
    <nd ref="29398451"/>
    <nd ref="1828302672"/>
    <nd ref="1828287416"/>
    <nd ref="1828302647"/>
    <nd ref="29398450"/>
    <tag k="bicycle" v="yes"/>
    <tag k="check_date:surface" v="2025-04-05"/>
    <tag k="cycleway:both" v="no"/>
    <tag k="highway" v="residential"/>
    <tag k="lane_markings" v="no"/>
    <tag k="lit" v="yes"/>
    <tag k="maxspeed" v="30"/>
    <tag k="name" v="Brunnenweg"/>
    <tag k="parking:left" v="no"/>
    <tag k="parking:right" v="lane"/>
    <tag k="parking:right:orientation" v="parallel"/>
    <tag k="sidewalk:left" v="no"/>
    <tag k="sidewalk:right" v="separate"/>
    <tag k="smoothness" v="good"/>
    <tag k="surface" v="asphalt"/>
  </way>
  <way id="40893899">
    <nd ref="444684579"/>
    <nd ref="1830445693"/>
    <nd ref="1830445757"/>
    <nd ref="1830445705"/>
    <nd ref="1830445759"/>
    <nd ref="1830445700"/>
    <nd ref="12736394847"/>
    <nd ref="12736394848"/>
    <nd ref="12736394843"/>
    <nd ref="12736394846"/>
    <nd ref="1830445779"/>
    <nd ref="12736394849"/>
    <nd ref="1886570713"/>
    <nd ref="1886570704"/>
    <nd ref="8396545569"/>
    <nd ref="1859001591"/>
    <nd ref="442559679"/>
    <nd ref="2127444780"/>
    <nd ref="1341016840"/>
    <nd ref="2559003843"/>
    <nd ref="1341016841"/>
    <nd ref="442559681"/>
    <tag k="highway" v="footway"/>
    <tag k="lit" v="yes"/>
    <tag k="surface" v="paving_stones"/>
  </way>
  <way id="41495985">
    <nd ref="29490285"/>
    <nd ref="5377298021"/>
    <nd ref="1097900213"/>
    <nd ref="5377297679"/>
    <nd ref="1363039991"/>
    <nd ref="5377339750"/>
    <nd ref="5377298023"/>
    <nd ref="5377340470"/>
    <nd ref="29490283"/>
    <nd ref="3375619393"/>
    <nd ref="442886898"/>
    <nd ref="3009378418"/>
    <tag k="cycleway:both" v="no"/>
    <tag k="foot" v="use_sidepath"/>
    <tag k="highway" v="tertiary"/>
    <tag k="lanes" v="2"/>
    <tag k="lit" v="yes"/>
    <tag k="maxspeed" v="50"/>
    <tag k="maxspeed:conditional" v="30 @ (Mo-Sa 07:00-20:00)"/>
    <tag k="name" v="Münchener Straße"/>
    <tag k="parking:both" v="no"/>
    <tag k="ref" v="St 2350"/>
    <tag k="sidewalk:both" v="separate"/>
    <tag k="surface" v="asphalt"/>
    <tag k="tmc" v="DE:20569/20570"/>
  </way>
  <way id="41495987">
    <nd ref="29490288"/>
    <nd ref="13298244143"/>
    <nd ref="13875183"/>
    <nd ref="13298244144"/>
    <nd ref="1828333452"/>
    <nd ref="29490286"/>
    <nd ref="2024824626"/>
    <nd ref="1874105356"/>
    <nd ref="29490284"/>
    <nd ref="8475095566"/>
    <nd ref="2024739769"/>
    <nd ref="1097900209"/>
    <nd ref="1874105209"/>
    <nd ref="13875182"/>
    <nd ref="1363362575"/>
    <nd ref="1830445726"/>
    <nd ref="5377298022"/>
    <nd ref="29490285"/>
    <tag k="cycleway:both" v="no"/>
    <tag k="highway" v="tertiary"/>
    <tag k="lanes" v="2"/>
    <tag k="lit" v="yes"/>
    <tag k="maxspeed" v="50"/>
    <tag k="maxspeed:conditional" v="30 @ (Mo-Sa 07:00-20:00)"/>
    <tag k="name" v="Münchener Straße"/>
    <tag k="parking:condition:right" v="disc"/>
    <tag k="parking:condition:right:maxstay" v="2 h"/>
    <tag k="parking:condition:right:time_interval" v="Mo-Fr 06:00-20:00;Sa 06:00-12:00"/>
    <tag k="parking:lane:right" v="parallel"/>
    <tag k="ref" v="St 2350"/>
    <tag k="sidewalk:both" v="separate"/>
    <tag k="surface" v="asphalt"/>
    <tag k="tmc" v="DE:20569/20570"/>
  </way>
  <way id="42442683">
    <nd ref="529886544"/>
    <nd ref="1338299080"/>
    <nd ref="5942578429"/>
    <tag k="highway" v="footway"/>
    <tag k="surface" v="asphalt"/>
  </way>
  <way id="47085741">
    <nd ref="442871905"/>
    <nd ref="442871906"/>
    <nd ref="442871908"/>
    <nd ref="442871916"/>
    <nd ref="442871910"/>
    <nd ref="442871912"/>
    <tag k="highway" v="living_street"/>
    <tag k="name" v="Brunnenweg"/>
    <tag k="surface" v="paving_stones"/>
  </way>
  <way id="47085755">
    <nd ref="442871912"/>
    <nd ref="442871914"/>
    <tag k="highway" v="footway"/>
    <tag k="surface" v="paving_stones"/>
  </way>
  <way id="47120328">
    <nd ref="29398460"/>
    <nd ref="1874544922"/>
    <nd ref="90716330"/>
    <nd ref="4187335303"/>
    <nd ref="10053826427"/>
    <nd ref="1804887141"/>
    <nd ref="29398469"/>
    <nd ref="1835181611"/>
    <nd ref="94884397"/>
    <nd ref="94884394"/>
    <nd ref="94884434"/>
    <nd ref="94924500"/>
    <nd ref="12809323327"/>
    <nd ref="10995387728"/>
    <nd ref="12809335233"/>
    <nd ref="94924439"/>
    <nd ref="10994111531"/>
    <nd ref="12809323334"/>
    <nd ref="12733789088"/>
    <nd ref="90709463"/>
    <nd ref="9954799252"/>
    <nd ref="656398004"/>
    <nd ref="3375274395"/>
    <nd ref="3375274698"/>
    <nd ref="90709460"/>
    <nd ref="1829070031"/>
    <nd ref="90709459"/>
    <nd ref="1363839530"/>
    <nd ref="1829070032"/>
    <nd ref="90709457"/>
    <nd ref="10141144200"/>
    <nd ref="10141144201"/>
    <nd ref="10141144199"/>
    <nd ref="10141144202"/>
    <nd ref="10141144195"/>
    <nd ref="10141144198"/>
    <nd ref="90709456"/>
    <nd ref="10141144197"/>
    <nd ref="8473931382"/>
    <nd ref="10141144196"/>
    <nd ref="734489788"/>
    <nd ref="94924468"/>
    <nd ref="94884492"/>
    <nd ref="1829110162"/>
    <nd ref="90510017"/>
    <tag k="cycleway:both" v="no"/>
    <tag k="highway" v="residential"/>
    <tag k="lit" v="yes"/>
    <tag k="maxspeed" v="30"/>
    <tag k="name" v="Riemerfeldring"/>
    <tag k="sidewalk:both" v="separate"/>
    <tag k="smoothness" v="good"/>
    <tag k="surface" v="asphalt"/>
  </way>
  <way id="47120331">
    <nd ref="29398445"/>
    <nd ref="29398448"/>
    <nd ref="29398449"/>
    <nd ref="13290542122"/>
    <nd ref="1828287470"/>
    <nd ref="29398450"/>
    <tag k="bicycle" v="yes"/>
    <tag k="cycleway:both" v="no"/>
    <tag k="highway" v="residential"/>
    <tag k="lane_markings" v="no"/>
    <tag k="lit" v="yes"/>
    <tag k="maxspeed" v="30"/>
    <tag k="name" v="Mühlgasse"/>
    <tag k="sidewalk:both" v="separate"/>
    <tag k="smoothness" v="good"/>
    <tag k="surface" v="asphalt"/>
  </way>
  <way id="49209420">
    <nd ref="1349656703"/>
    <nd ref="12739676624"/>
    <nd ref="624444546"/>
    <nd ref="639272718"/>
    <nd ref="12744619727"/>
    <nd ref="1827694475"/>
    <nd ref="639272725"/>
    <nd ref="639272722"/>
    <nd ref="639272723"/>
    <tag k="bicycle" v="no"/>
    <tag k="foot" v="destination"/>
    <tag k="highway" v="footway"/>
    <tag k="name" v="Bürgerplatz"/>
    <tag k="surface" v="paving_stones"/>
    <tag k="width" v="1"/>
  </way>
  <way id="50318541">
    <nd ref="639272714"/>
    <nd ref="639272709"/>
    <nd ref="639272710"/>
    <nd ref="639272712"/>
    <nd ref="639272713"/>
    <tag k="foot" v="destination"/>
    <tag k="highway" v="footway"/>
    <tag k="name" v="Bürgerplatz"/>
    <tag k="surface" v="paving_stones"/>
    <tag k="width" v="1"/>
  </way>
  <way id="50318543">
    <nd ref="639272723"/>
    <nd ref="639272727"/>
    <nd ref="12828529834"/>
    <nd ref="1390701858"/>
    <nd ref="1390701859"/>
    <nd ref="639272728"/>
    <tag k="foot" v="destination"/>
    <tag k="highway" v="footway"/>
    <tag k="name" v="Rathausplatz"/>
    <tag k="surface" v="paving_stones"/>
  </way>
  <way id="51419310">
    <nd ref="10140884175"/>
    <nd ref="656397917"/>
    <nd ref="12806118744"/>
    <nd ref="656397922"/>
    <nd ref="13359123869"/>
    <nd ref="656397924"/>
    <nd ref="13359123870"/>
    <tag k="highway" v="service"/>
    <tag k="service" v="driveway"/>
    <tag k="surface" v="asphalt"/>
  </way>
  <way id="71094911">
    <nd ref="846758917"/>
    <nd ref="1874544751"/>
    <nd ref="846758919"/>
    <nd ref="1468395998"/>
    <nd ref="12844386137"/>
    <nd ref="12844386134"/>
    <nd ref="846758922"/>
    <nd ref="12844386131"/>
    <nd ref="1874544763"/>
    <nd ref="12750202305"/>
    <tag k="highway" v="footway"/>
    <tag k="surface" v="paving_stones"/>
  </way>
  <way id="71094912">
    <nd ref="846758919"/>
    <nd ref="1379229761"/>
    <nd ref="1379229767"/>
    <tag k="highway" v="footway"/>
    <tag k="surface" v="paving_stones"/>
  </way>
  <way id="71094913">
    <nd ref="846758922"/>
    <nd ref="1379229835"/>
    <tag k="highway" v="footway"/>
    <tag k="surface" v="paving_stones"/>
  </way>
  <way id="85077474">
    <nd ref="1379229778"/>
    <nd ref="846758946"/>
    <nd ref="846758947"/>
    <nd ref="1468395970"/>
    <nd ref="12733816302"/>
    <tag k="highway" v="footway"/>
    <tag k="surface" v="paving_stones"/>
  </way>
  <way id="87020710">
    <nd ref="94884334"/>
    <nd ref="11740694759"/>
    <nd ref="1340957715"/>
    <nd ref="1340957716"/>
    <nd ref="1835174148"/>
    <nd ref="90709471"/>
    <tag k="cycleway:both" v="no"/>
    <tag k="highway" v="residential"/>
    <tag k="lane_markings" v="no"/>
    <tag k="lit" v="yes"/>
    <tag k="maxspeed:type" v="DE:urban"/>
    <tag k="motor_vehicle" v="destination"/>
    <tag k="name" v="Römerhofweg"/>
    <tag k="parking:both" v="no"/>
    <tag k="sidewalk" v="no"/>
    <tag k="surface" v="paving_stones"/>
  </way>
  <way id="87020717">
    <nd ref="11064348068"/>
    <nd ref="1012263558"/>
    <nd ref="2296790477"/>
    <nd ref="1012263591"/>
    <tag k="highway" v="footway"/>
    <tag k="surface" v="paving_stones"/>
  </way>
  <way id="103771197">
    <nd ref="1198080697"/>
    <nd ref="1198080698"/>
    <nd ref="1198080706"/>
    <nd ref="1198080708"/>
    <nd ref="1198080709"/>
    <tag k="highway" v="footway"/>
    <tag k="surface" v="asphalt"/>
  </way>
  <way id="103771198">
    <nd ref="1198080706"/>
    <nd ref="1198080710"/>
    <tag k="highway" v="footway"/>
    <tag k="surface" v="paving_stones"/>
  </way>
  <way id="103838487">
    <nd ref="442843727"/>
    <nd ref="10853333047"/>
    <nd ref="10853333046"/>
    <nd ref="442843726"/>
    <nd ref="13298244150"/>
    <nd ref="10853333045"/>
    <nd ref="13298244149"/>
    <nd ref="11748946510"/>
    <nd ref="1835653315"/>
    <nd ref="9131455528"/>
    <nd ref="1827676375"/>
    <nd ref="1835675993"/>
    <nd ref="1827676370"/>
    <nd ref="13299637403"/>
    <nd ref="1827676395"/>
    <nd ref="1874105136"/>
    <nd ref="1827676394"/>
    <nd ref="1878082302"/>
    <nd ref="1827676392"/>
    <nd ref="8250812903"/>
    <nd ref="1827676369"/>
    <nd ref="8664291101"/>
    <nd ref="1827676391"/>
    <nd ref="1878087082"/>
    <nd ref="1878087111"/>
    <nd ref="1827676390"/>
    <nd ref="1827676389"/>
    <nd ref="1830445769"/>
    <nd ref="2024739787"/>
    <nd ref="1827676387"/>
    <nd ref="1827676388"/>
    <nd ref="1827676386"/>
    <nd ref="1827676385"/>
    <nd ref="13112389892"/>
    <nd ref="1828327390"/>
    <nd ref="13112390619"/>
    <nd ref="1827676384"/>
    <nd ref="1827676368"/>
    <nd ref="1827676383"/>
    <nd ref="1827676381"/>
    <nd ref="1827676380"/>
    <nd ref="1827676379"/>
    <nd ref="1827672520"/>
    <nd ref="1827672542"/>
    <nd ref="1827672516"/>
    <nd ref="1827672524"/>
    <nd ref="1827672535"/>
    <nd ref="1827672530"/>
    <nd ref="1827672522"/>
    <nd ref="1827672528"/>
    <nd ref="1827672540"/>
    <nd ref="1827672526"/>
    <nd ref="1198713704"/>
    <nd ref="1198713751"/>
    <nd ref="1198713715"/>
    <tag k="bicycle" v="yes"/>
    <tag k="foot" v="designated"/>
    <tag k="footway" v="sidewalk"/>
    <tag k="highway" v="footway"/>
    <tag k="oneway:bicycle" v="yes"/>
    <tag k="segregated" v="no"/>
    <tag k="surface" v="asphalt"/>
    <tag k="traffic_sign" v="DE:239;DE:1022-10"/>
  </way>
  <way id="104636135">
    <nd ref="12735375899"/>
    <nd ref="1207024449"/>
    <tag k="highway" v="footway"/>
    <tag k="surface" v="paving_stones"/>
    <tag k="tunnel" v="yes"/>
  </way>
  <way id="118937450">
    <nd ref="1336982252"/>
    <nd ref="12740836979"/>
    <nd ref="1336982247"/>
    <tag k="highway" v="footway"/>
    <tag k="surface" v="paving_stones"/>
    <tag k="tunnel" v="yes"/>
  </way>
  <way id="118937453">
    <nd ref="1336982247"/>
    <nd ref="1336982249"/>
    <tag k="highway" v="footway"/>
    <tag k="surface" v="paving_stones"/>
  </way>
  <way id="119041030">
    <nd ref="529886535"/>
    <nd ref="1338299106"/>
    <nd ref="1958117013"/>
    <nd ref="6094854003"/>
    <nd ref="1958117027"/>
    <nd ref="6094854002"/>
    <nd ref="90709448"/>
    <tag k="highway" v="service"/>
    <tag k="service" v="driveway"/>
    <tag k="surface" v="asphalt"/>
  </way>
  <way id="119041031">
    <nd ref="1338299080"/>
    <nd ref="13669114216"/>
    <nd ref="1338299090"/>
    <tag k="highway" v="footway"/>
    <tag k="surface" v="asphalt"/>
  </way>
  <way id="119166334">
    <nd ref="6429361622"/>
    <nd ref="6429361624"/>
    <tag k="handrail" v="yes"/>
    <tag k="highway" v="steps"/>
    <tag k="incline" v="up"/>
    <tag k="ramp" v="no"/>
    <tag k="step_count" v="4"/>
    <tag k="surface" v="paving_stones"/>
    <tag k="tactile_paving" v="no"/>
  </way>
  <way id="120275197">
    <nd ref="1340851781"/>
    <nd ref="12884083866"/>
    <nd ref="1349003760"/>
    <tag k="highway" v="footway"/>
    <tag k="surface" v="pebblestone"/>
  </way>
  <way id="120358206">
    <nd ref="2671716366"/>
    <nd ref="2671716367"/>
    <tag k="highway" v="footway"/>
    <tag k="indoor" v="yes"/>
  </way>
  <way id="120358220">
    <nd ref="12747527738"/>
    <nd ref="12747527737"/>
    <nd ref="442012984"/>
    <nd ref="12747527735"/>
    <nd ref="1340876285"/>
    <nd ref="1340938136"/>
    <nd ref="1340876287"/>
    <nd ref="1390701857"/>
    <nd ref="12747527743"/>
    <nd ref="12747527745"/>
    <nd ref="12747527746"/>
    <nd ref="12747527747"/>
    <nd ref="12747527748"/>
    <nd ref="12747527750"/>
    <tag k="highway" v="footway"/>
    <tag k="surface" v="paving_stones"/>
    <tag k="tunnel" v="yes"/>
  </way>
  <way id="121713544">
    <nd ref="13266918286"/>
    <nd ref="13266918283"/>
    <tag k="access" v="private"/>
    <tag k="highway" v="service"/>
    <tag k="service" v="driveway"/>
    <tag k="tunnel" v="yes"/>
  </way>
  <way id="121713545">
    <nd ref="13266918289"/>
    <nd ref="12806107162"/>
    <tag k="access" v="private"/>
    <tag k="highway" v="service"/>
    <tag k="service" v="driveway"/>
    <tag k="tunnel" v="yes"/>
  </way>
  <way id="121713546">
    <nd ref="1941842400"/>
    <nd ref="1941842395"/>
    <nd ref="1941842392"/>
    <nd ref="1941842404"/>
    <nd ref="1361555654"/>
    <tag k="footway" v="sidewalk"/>
    <tag k="highway" v="footway"/>
    <tag k="surface" v="paving_stones"/>
  </way>
  <way id="121714537">
    <nd ref="12806107162"/>
    <nd ref="12806107163"/>
    <nd ref="1361555654"/>
    <nd ref="13266918288"/>
    <tag k="highway" v="service"/>
    <tag k="service" v="driveway"/>
    <tag k="surface" v="asphalt"/>
  </way>
  <way id="121714542">
    <nd ref="13266918283"/>
    <nd ref="1941842404"/>
    <nd ref="1361555652"/>
    <tag k="highway" v="service"/>
    <tag k="service" v="driveway"/>
    <tag k="surface" v="asphalt"/>
  </way>
  <way id="121850816">
    <nd ref="1941842412"/>
    <nd ref="1941842399"/>
    <nd ref="1941842415"/>
    <nd ref="1363039995"/>
    <tag k="highway" v="footway"/>
    <tag k="surface" v="paving_stones"/>
  </way>
  <way id="121885970">
    <nd ref="1363362579"/>
    <nd ref="8114174912"/>
    <nd ref="1363362570"/>
    <tag k="highway" v="footway"/>
    <tag k="surface" v="paving_stones"/>
  </way>
  <way id="121885971">
    <nd ref="1363362555"/>
    <nd ref="1363039995"/>
    <nd ref="13266918282"/>
    <nd ref="1830445704"/>
    <nd ref="1363039996"/>
    <tag k="highway" v="service"/>
    <tag k="service" v="driveway"/>
    <tag k="surface" v="asphalt"/>
  </way>
  <way id="123178894">
    <nd ref="1374482758"/>
    <nd ref="11064348066"/>
    <nd ref="12750212942"/>
    <nd ref="1374482757"/>
    <nd ref="1468395939"/>
    <nd ref="1468396032"/>
    <tag k="highway" v="service"/>
    <tag k="service" v="driveway"/>
    <tag k="surface" v="asphalt"/>
  </way>
  <way id="123771558">
    <nd ref="846758930"/>
    <nd ref="1379229843"/>
    <nd ref="2558912586"/>
    <nd ref="2558912588"/>
    <nd ref="2558912591"/>
    <nd ref="2558912599"/>
    <nd ref="1379229748"/>
    <nd ref="1379229837"/>
    <nd ref="1379229741"/>
    <nd ref="1379229739"/>
    <nd ref="1379229828"/>
    <nd ref="1379229786"/>
    <nd ref="1379229798"/>
    <nd ref="1379229745"/>
    <nd ref="1379229791"/>
    <tag k="highway" v="footway"/>
    <tag k="surface" v="pebblestone"/>
  </way>
  <way id="123771559">
    <nd ref="1379229806"/>
    <nd ref="1379229775"/>
    <tag k="handrail" v="no"/>
    <tag k="highway" v="steps"/>
    <tag k="incline" v="up"/>
    <tag k="ramp" v="no"/>
    <tag k="step_count" v="5"/>
    <tag k="surface" v="concrete"/>
    <tag k="tactile_paving" v="no"/>
  </way>
  <way id="123771566">
    <nd ref="1379229803"/>
    <nd ref="1379229830"/>
    <tag k="handrail" v="no"/>
    <tag k="highway" v="steps"/>
    <tag k="incline" v="up"/>
    <tag k="ramp" v="no"/>
    <tag k="step_count" v="5"/>
    <tag k="surface" v="concrete"/>
    <tag k="tactile_paving" v="no"/>
  </way>
  <way id="123771567">
    <nd ref="1379229740"/>
    <nd ref="1379229788"/>
    <tag k="handrail" v="no"/>
    <tag k="highway" v="steps"/>
    <tag k="incline" v="up"/>
    <tag k="ramp" v="no"/>
    <tag k="step_count" v="5"/>
    <tag k="surface" v="concrete"/>
    <tag k="tactile_paving" v="no"/>
  </way>
  <way id="123771568">
    <nd ref="1379229815"/>
    <nd ref="1379229811"/>
    <tag k="handrail" v="no"/>
    <tag k="highway" v="steps"/>
    <tag k="incline" v="up"/>
    <tag k="ramp" v="no"/>
    <tag k="step_count" v="5"/>
    <tag k="surface" v="concrete"/>
    <tag k="tactile_paving" v="no"/>
  </way>
  <way id="123771569">
    <nd ref="1379229784"/>
    <nd ref="1379229764"/>
    <tag k="handrail" v="no"/>
    <tag k="highway" v="steps"/>
    <tag k="incline" v="up"/>
    <tag k="ramp" v="no"/>
    <tag k="step_count" v="5"/>
    <tag k="surface" v="concrete"/>
    <tag k="tactile_paving" v="no"/>
  </way>
  <way id="123771571">
    <nd ref="1379229800"/>
    <nd ref="1379229849"/>
    <tag k="handrail" v="no"/>
    <tag k="highway" v="steps"/>
    <tag k="incline" v="up"/>
    <tag k="ramp" v="no"/>
    <tag k="step_count" v="5"/>
    <tag k="surface" v="concrete"/>
    <tag k="tactile_paving" v="no"/>
  </way>
  <way id="123771573">
    <nd ref="1379229773"/>
    <nd ref="1379229793"/>
    <tag k="handrail" v="no"/>
    <tag k="highway" v="steps"/>
    <tag k="incline" v="up"/>
    <tag k="ramp" v="no"/>
    <tag k="step_count" v="5"/>
    <tag k="surface" v="concrete"/>
    <tag k="tactile_paving" v="no"/>
  </way>
  <way id="123771575">
    <nd ref="1379229835"/>
    <nd ref="1379229778"/>
    <tag k="highway" v="footway"/>
    <tag k="surface" v="paving_stones"/>
    <tag k="tunnel" v="yes"/>
  </way>
  <way id="123771576">
    <nd ref="1379229832"/>
    <nd ref="1379229746"/>
    <tag k="handrail" v="no"/>
    <tag k="highway" v="steps"/>
    <tag k="incline" v="up"/>
    <tag k="ramp" v="no"/>
    <tag k="step_count" v="5"/>
    <tag k="surface" v="concrete"/>
    <tag k="tactile_paving" v="no"/>
  </way>
  <way id="123771577">
    <nd ref="1379229791"/>
    <nd ref="1379229788"/>
    <nd ref="1379229830"/>
    <nd ref="1379229849"/>
    <nd ref="1379229811"/>
    <nd ref="1379229793"/>
    <nd ref="1379229775"/>
    <nd ref="1379229746"/>
    <nd ref="1379229764"/>
    <nd ref="1379229846"/>
    <nd ref="1379229781"/>
    <nd ref="1379229795"/>
    <nd ref="2558912595"/>
    <nd ref="2558912593"/>
    <nd ref="2558912597"/>
    <tag k="highway" v="footway"/>
    <tag k="surface" v="paving_stones"/>
  </way>
  <way id="123771581">
    <nd ref="1379229808"/>
    <nd ref="1379229781"/>
    <tag k="handrail" v="no"/>
    <tag k="highway" v="steps"/>
    <tag k="incline" v="up"/>
    <tag k="ramp" v="no"/>
    <tag k="step_count" v="5"/>
    <tag k="surface" v="concrete"/>
    <tag k="tactile_paving" v="no"/>
  </way>
  <way id="123771582">
    <nd ref="1379229851"/>
    <nd ref="1379229846"/>
    <tag k="handrail" v="no"/>
    <tag k="highway" v="steps"/>
    <tag k="incline" v="up"/>
    <tag k="ramp" v="no"/>
    <tag k="step_count" v="5"/>
    <tag k="surface" v="concrete"/>
    <tag k="tactile_paving" v="no"/>
  </way>
  <way id="123771583">
    <nd ref="1379229817"/>
    <nd ref="846758930"/>
    <tag k="highway" v="footway"/>
    <tag k="surface" v="paving_stones"/>
  </way>
  <way id="123771585">
    <nd ref="1379229767"/>
    <nd ref="1379229817"/>
    <tag k="highway" v="footway"/>
    <tag k="surface" v="paving_stones"/>
    <tag k="tunnel" v="yes"/>
  </way>
  <way id="123771587">
    <nd ref="1379229740"/>
    <nd ref="1379229803"/>
    <nd ref="1379229800"/>
    <nd ref="1379229815"/>
    <nd ref="1379229773"/>
    <nd ref="1379229806"/>
    <nd ref="1379229832"/>
    <nd ref="1379229784"/>
    <nd ref="1379229851"/>
    <nd ref="1379229808"/>
    <nd ref="1379229743"/>
    <nd ref="2558912601"/>
    <nd ref="2558912603"/>
    <nd ref="2558912605"/>
    <tag k="highway" v="footway"/>
    <tag k="surface" v="paving_stones"/>
  </way>
  <way id="123803998">
    <nd ref="1379364016"/>
    <nd ref="1379364023"/>
    <nd ref="1379364021"/>
    <tag k="access" v="private"/>
    <tag k="highway" v="service"/>
    <tag k="service" v="driveway"/>
  </way>
  <way id="123804803">
    <nd ref="1379366992"/>
    <nd ref="1379366989"/>
    <nd ref="1379366990"/>
    <tag k="highway" v="footway"/>
    <tag k="surface" v="paving_stones"/>
  </way>
  <way id="124062349">
    <nd ref="1886338770"/>
    <nd ref="1886339485"/>
    <nd ref="1886339964"/>
    <nd ref="1886339223"/>
    <nd ref="1886339276"/>
    <nd ref="1886339673"/>
    <nd ref="1886339708"/>
    <nd ref="1886339949"/>
    <nd ref="1886339943"/>
    <nd ref="1886339518"/>
    <nd ref="1886338873"/>
    <tag k="highway" v="footway"/>
    <tag k="surface" v="asphalt"/>
  </way>
  <way id="124062350">
    <nd ref="1381715546"/>
    <nd ref="1886338873"/>
    <nd ref="1886340062"/>
    <tag k="highway" v="footway"/>
    <tag k="surface" v="asphalt"/>
  </way>
  <way id="124062351">
    <nd ref="1449500850"/>
    <nd ref="259831734"/>
    <nd ref="1886339955"/>
    <nd ref="1886339149"/>
    <nd ref="1327138610"/>
    <tag k="highway" v="footway"/>
    <tag k="surface" v="paving_stones"/>
  </way>
  <way id="125150031">
    <nd ref="1390701860"/>
    <nd ref="1390701857"/>
    <nd ref="1390701856"/>
    <tag k="highway" v="footway"/>
    <tag k="surface" v="paving_stones"/>
    <tag k="tunnel" v="yes"/>
  </way>
  <way id="125150032">
    <nd ref="639272723"/>
    <nd ref="1390701850"/>
    <tag k="highway" v="footway"/>
    <tag k="surface" v="paving_stones"/>
  </way>
  <way id="125150033">
    <nd ref="1390701849"/>
    <nd ref="1390701851"/>
    <nd ref="2022874183"/>
    <nd ref="94958633"/>
    <tag k="access" v="private"/>
    <tag k="highway" v="service"/>
    <tag k="service" v="driveway"/>
  </way>
  <way id="125150034">
    <nd ref="12828529834"/>
    <nd ref="1390701862"/>
    <tag k="highway" v="footway"/>
    <tag k="surface" v="paving_stones"/>
  </way>
  <way id="125150038">
    <nd ref="639272727"/>
    <nd ref="1390701847"/>
    <tag k="highway" v="footway"/>
    <tag k="surface" v="paving_stones"/>
  </way>
  <way id="125150039">
    <nd ref="639272723"/>
    <nd ref="1390701860"/>
    <tag k="highway" v="footway"/>
    <tag k="surface" v="paving_stones"/>
  </way>
  <way id="131737260">
    <nd ref="1381719148"/>
    <nd ref="1886339940"/>
    <tag k="handrail" v="no"/>
    <tag k="highway" v="steps"/>
    <tag k="incline" v="up"/>
    <tag k="layer" v="-1"/>
    <tag k="ramp" v="no"/>
    <tag k="step_count" v="2"/>
    <tag k="surface" v="asphalt"/>
    <tag k="tactile_paving" v="no"/>
  </way>
  <way id="131737261">
    <nd ref="1331241860"/>
    <nd ref="1886339795"/>
    <tag k="highway" v="footway"/>
    <tag k="layer" v="-1"/>
    <tag k="surface" v="asphalt"/>
  </way>
  <way id="133395362">
    <nd ref="1468395983"/>
    <nd ref="12844386122"/>
    <nd ref="2296790478"/>
    <nd ref="1468395951"/>
    <nd ref="1468395929"/>
    <nd ref="1468395998"/>
    <tag k="highway" v="service"/>
    <tag k="service" v="driveway"/>
    <tag k="surface" v="compacted"/>
  </way>
  <way id="133395368">
    <nd ref="12733816309"/>
    <nd ref="11064348062"/>
    <nd ref="12830261187"/>
    <nd ref="12733816302"/>
    <nd ref="12752852434"/>
    <nd ref="1468395933"/>
    <nd ref="1468396003"/>
    <tag k="highway" v="service"/>
    <tag k="service" v="driveway"/>
    <tag k="surface" v="asphalt"/>
  </way>
  <way id="138082094">
    <nd ref="1513894941"/>
    <nd ref="1513894929"/>
    <tag k="highway" v="footway"/>
    <tag k="surface" v="paving_stones"/>
    <tag k="tunnel" v="passage"/>
  </way>
  <way id="138082096">
    <nd ref="1513894954"/>
    <nd ref="1513894957"/>
    <tag k="handrail" v="no"/>
    <tag k="highway" v="steps"/>
    <tag k="incline" v="down"/>
    <tag k="ramp" v="no"/>
    <tag k="step_count" v="1"/>
    <tag k="surface" v="paving_stones"/>
    <tag k="tactile_paving" v="no"/>
  </way>
  <way id="138082098">
    <nd ref="1513894957"/>
    <nd ref="1513894923"/>
    <nd ref="1513894916"/>
    <tag k="highway" v="footway"/>
    <tag k="surface" v="paving_stones"/>
  </way>
  <way id="138082099">
    <nd ref="1513894929"/>
    <nd ref="1513894919"/>
    <nd ref="1513894915"/>
    <tag k="bicycle" v="yes"/>
    <tag k="highway" v="footway"/>
    <tag k="surface" v="paving_stones"/>
  </way>
  <way id="138082101">
    <nd ref="1513894954"/>
    <nd ref="1513894926"/>
    <tag k="highway" v="footway"/>
    <tag k="surface" v="paving_stones"/>
  </way>
  <way id="138082577">
    <nd ref="1331241706"/>
    <nd ref="1886339593"/>
    <nd ref="1331241694"/>
    <nd ref="1886340056"/>
    <nd ref="1331241860"/>
    <tag k="handrail" v="no"/>
    <tag k="highway" v="steps"/>
    <tag k="incline" v="up"/>
    <tag k="layer" v="-1"/>
    <tag k="ramp" v="no"/>
    <tag k="step_count" v="25"/>
    <tag k="surface" v="paving_stones"/>
    <tag k="tactile_paving" v="no"/>
  </way>
  <way id="152484172">
    <nd ref="259797867"/>
    <nd ref="1956501223"/>
    <nd ref="1885083905"/>
    <nd ref="90709448"/>
    <tag k="highway" v="service"/>
    <tag k="lanes" v="2"/>
    <tag k="service" v="alley"/>
    <tag k="surface" v="asphalt"/>
  </way>
  <way id="153310910">
    <nd ref="12884083861"/>
    <nd ref="12884083858"/>
    <nd ref="1660206726"/>
    <nd ref="1340851774"/>
    <nd ref="12884083865"/>
    <nd ref="12823830806"/>
    <nd ref="1340851772"/>
    <tag k="highway" v="footway"/>
    <tag k="surface" v="pebblestone"/>
  </way>
  <way id="153310914">
    <nd ref="1660206746"/>
    <nd ref="1660206742"/>
    <nd ref="3005614422"/>
    <nd ref="1660206725"/>
    <nd ref="1660206736"/>
    <nd ref="1660206705"/>
    <nd ref="1660206701"/>
    <nd ref="12823749468"/>
    <nd ref="1827611339"/>
    <nd ref="1660206693"/>
    <nd ref="11979321638"/>
    <nd ref="1829531438"/>
    <tag k="access" v="private"/>
    <tag k="highway" v="service"/>
    <tag k="surface" v="compacted"/>
  </way>
  <way id="153310915">
    <nd ref="1660206728"/>
    <nd ref="12884083861"/>
    <nd ref="1660206738"/>
    <nd ref="8114205131"/>
    <nd ref="1349003760"/>
    <nd ref="1349003754"/>
    <nd ref="12884083862"/>
    <tag k="highway" v="footway"/>
    <tag k="surface" v="pebblestone"/>
  </way>
  <way id="158015258">
    <nd ref="639272710"/>
    <nd ref="1702521483"/>
    <tag k="highway" v="footway"/>
    <tag k="surface" v="paving_stones"/>
    <tag k="width" v="1"/>
  </way>
  <way id="158015259">
    <nd ref="639272709"/>
    <nd ref="2149996406"/>
    <tag k="highway" v="footway"/>
    <tag k="surface" v="paving_stones"/>
    <tag k="width" v="1"/>
  </way>
  <way id="158015263">
    <nd ref="639272710"/>
    <nd ref="1702521443"/>
    <nd ref="1702521457"/>
    <nd ref="1834993029"/>
    <tag k="foot" v="destination"/>
    <tag k="highway" v="footway"/>
    <tag k="surface" v="paving_stones"/>
    <tag k="width" v="1"/>
  </way>
  <way id="159713009">
    <nd ref="29398460"/>
    <nd ref="3375274593"/>
    <nd ref="3375274693"/>
    <nd ref="12830261115"/>
    <nd ref="1374482758"/>
    <nd ref="12830261118"/>
    <nd ref="29398456"/>
    <tag k="cycleway:both" v="no"/>
    <tag k="highway" v="residential"/>
    <tag k="lane_markings" v="no"/>
    <tag k="lit" v="yes"/>
    <tag k="maxspeed" v="30"/>
    <tag k="name" v="Brunnenweg"/>
    <tag k="parking:both" v="no"/>
    <tag k="sidewalk:both" v="separate"/>
    <tag k="smoothness" v="good"/>
    <tag k="surface" v="asphalt"/>
  </way>
  <way id="162420523">
    <nd ref="94884334"/>
    <nd ref="13338316327"/>
    <nd ref="10791001504"/>
    <nd ref="7907790650"/>
    <nd ref="94884322"/>
    <nd ref="1198080697"/>
    <nd ref="1012263591"/>
    <nd ref="12830207807"/>
    <nd ref="29398456"/>
    <tag k="bicycle" v="yes"/>
    <tag k="cycleway:both" v="no"/>
    <tag k="highway" v="residential"/>
    <tag k="lane_markings" v="no"/>
    <tag k="lit" v="yes"/>
    <tag k="maxspeed" v="50"/>
    <tag k="name" v="Hüterweg"/>
    <tag k="parking:both" v="no"/>
    <tag k="sidewalk:both" v="separate"/>
    <tag k="smoothness" v="good"/>
    <tag k="surface" v="asphalt"/>
  </way>
  <way id="171791832">
    <nd ref="1390701858"/>
    <nd ref="1827694469"/>
    <nd ref="1827694475"/>
    <tag k="highway" v="footway"/>
    <tag k="surface" v="paving_stones"/>
  </way>
  <way id="171854155">
    <nd ref="442559553"/>
    <nd ref="454950075"/>
    <nd ref="442559556"/>
    <nd ref="1829531400"/>
    <nd ref="13175395433"/>
    <nd ref="13175395426"/>
    <nd ref="1829531544"/>
    <nd ref="1829531540"/>
    <tag k="bicycle" v="no"/>
    <tag k="highway" v="footway"/>
    <tag k="surface" v="asphalt"/>
  </way>
  <way id="171860454">
    <nd ref="442871926"/>
    <nd ref="442871928"/>
    <tag k="highway" v="footway"/>
    <tag k="surface" v="paving_stones"/>
  </way>
  <way id="171860455">
    <nd ref="1828302649"/>
    <nd ref="1828287416"/>
    <nd ref="1828302653"/>
    <nd ref="1828302643"/>
    <tag k="highway" v="footway"/>
    <tag k="lit" v="yes"/>
    <tag k="surface" v="asphalt"/>
  </way>
  <way id="171864259">
    <nd ref="1828333458"/>
    <nd ref="2465142862"/>
    <nd ref="2024824608"/>
    <nd ref="1828333452"/>
    <tag k="access" v="permissive"/>
    <tag k="highway" v="service"/>
    <tag k="service" v="driveway"/>
    <tag k="surface" v="asphalt"/>
  </way>
  <way id="171996800">
    <nd ref="1829531419"/>
    <nd ref="1829531525"/>
    <nd ref="1829531386"/>
    <nd ref="1829531475"/>
    <nd ref="1829531669"/>
    <tag k="access" v="private"/>
    <tag k="highway" v="service"/>
    <tag k="service" v="driveway"/>
  </way>
  <way id="171996816">
    <nd ref="442559572"/>
    <nd ref="442559574"/>
    <nd ref="1829531445"/>
    <nd ref="1829531475"/>
    <nd ref="442559670"/>
    <nd ref="1835174387"/>
    <nd ref="442559671"/>
    <nd ref="1835174373"/>
    <nd ref="1829531668"/>
    <nd ref="5377297677"/>
    <nd ref="442559674"/>
    <nd ref="2127444781"/>
    <nd ref="2127444778"/>
    <nd ref="12886440309"/>
    <nd ref="5377297678"/>
    <nd ref="11979321651"/>
    <nd ref="8114174906"/>
    <nd ref="12886440317"/>
    <nd ref="442559675"/>
    <tag k="highway" v="footway"/>
    <tag k="lit" v="yes"/>
    <tag k="surface" v="asphalt"/>
  </way>
  <way id="171996822">
    <nd ref="442559585"/>
    <nd ref="442012959"/>
    <nd ref="442559601"/>
    <tag k="crossing" v="marked"/>
    <tag k="crossing:island" v="no"/>
    <tag k="crossing:markings" v="zebra"/>
    <tag k="footway" v="crossing"/>
    <tag k="highway" v="footway"/>
    <tag k="lit" v="yes"/>
    <tag k="surface" v="asphalt"/>
  </way>
  <way id="171996825">
    <nd ref="1829531438"/>
    <nd ref="1829531460"/>
    <nd ref="1829531391"/>
    <nd ref="10736952840"/>
    <nd ref="1829531668"/>
    <nd ref="1829531486"/>
    <tag k="access" v="private"/>
    <tag k="highway" v="service"/>
  </way>
  <way id="171996829">
    <nd ref="13154936240"/>
    <nd ref="13154936239"/>
    <nd ref="13154936238"/>
    <nd ref="13154936237"/>
    <nd ref="1921675562"/>
    <nd ref="1829531526"/>
    <nd ref="1835174170"/>
    <nd ref="1829531686"/>
    <nd ref="1829531630"/>
    <nd ref="442559592"/>
    <nd ref="90709467"/>
    <tag k="highway" v="service"/>
    <tag k="service" v="driveway"/>
    <tag k="surface" v="fine_gravel"/>
  </way>
  <way id="172081726">
    <nd ref="1830229184"/>
    <nd ref="1830229178"/>
    <nd ref="2459202668"/>
    <nd ref="1830229167"/>
    <nd ref="1830229165"/>
    <nd ref="12878817134"/>
    <nd ref="1830229187"/>
    <nd ref="1886339151"/>
    <nd ref="1830229182"/>
    <nd ref="3457328801"/>
    <nd ref="12878817139"/>
    <nd ref="1830229186"/>
    <nd ref="1830229153"/>
    <nd ref="1886339455"/>
    <nd ref="1830229177"/>
    <nd ref="1886339725"/>
    <nd ref="1830229193"/>
    <nd ref="1882891250"/>
    <nd ref="9282957827"/>
    <nd ref="1886339113"/>
    <nd ref="1830229183"/>
    <nd ref="3954829913"/>
    <nd ref="3954829909"/>
    <nd ref="1830229159"/>
    <nd ref="1958117010"/>
    <nd ref="1830229155"/>
    <nd ref="1958117008"/>
    <nd ref="1830229150"/>
    <nd ref="1830229175"/>
    <nd ref="1830229163"/>
    <tag k="highway" v="footway"/>
    <tag k="surface" v="paving_stones"/>
  </way>
  <way id="172109019">
    <nd ref="444684579"/>
    <nd ref="1835174175"/>
    <nd ref="1835174369"/>
    <nd ref="442559592"/>
    <nd ref="1829531473"/>
    <nd ref="442559594"/>
    <nd ref="442559598"/>
    <nd ref="442559601"/>
    <nd ref="442559602"/>
    <nd ref="442559604"/>
    <nd ref="442559605"/>
    <nd ref="442559607"/>
    <nd ref="1828302649"/>
    <nd ref="442559609"/>
    <nd ref="442559611"/>
    <nd ref="442871931"/>
    <tag k="highway" v="footway"/>
    <tag k="lit" v="yes"/>
    <tag k="surface" v="paving_stones"/>
  </way>
  <way id="172109022">
    <nd ref="1830445705"/>
    <nd ref="1830445686"/>
    <nd ref="1830445756"/>
    <nd ref="1830445741"/>
    <nd ref="1830445696"/>
    <nd ref="1835174220"/>
    <nd ref="444684578"/>
    <nd ref="8113233500"/>
    <nd ref="11286840950"/>
    <tag k="bicycle" v="yes"/>
    <tag k="foot" v="designated"/>
    <tag k="highway" v="footway"/>
    <tag k="surface" v="paving_stones"/>
    <tag k="traffic_sign" v="DE:242.1,1022-10"/>
  </way>
  <way id="172109025">
    <nd ref="1830445683"/>
    <nd ref="1830445696"/>
    <tag k="highway" v="footway"/>
    <tag k="surface" v="paving_stones"/>
  </way>
  <way id="172109026">
    <nd ref="1830445704"/>
    <nd ref="1830445712"/>
    <nd ref="1830445694"/>
    <nd ref="1830445767"/>
    <nd ref="1363362570"/>
    <tag k="bicycle" v="yes"/>
    <tag k="foot" v="designated"/>
    <tag k="footway" v="sidewalk"/>
    <tag k="highway" v="footway"/>
    <tag k="surface" v="paving_stones"/>
    <tag k="traffic_sign" v="DE:239;DE:1022-10"/>
  </way>
  <way id="172109028">
    <nd ref="12736394843"/>
    <nd ref="12736394842"/>
    <nd ref="1830445775"/>
    <nd ref="1830445758"/>
    <nd ref="1835174145"/>
    <nd ref="1830445746"/>
    <tag k="highway" v="footway"/>
    <tag k="surface" v="paving_stones"/>
  </way>
  <way id="172109031">
    <nd ref="1830445741"/>
    <nd ref="1830445758"/>
    <tag k="highway" v="footway"/>
    <tag k="surface" v="paving_stones"/>
  </way>
  <way id="172109032">
    <nd ref="1830445742"/>
    <nd ref="1830445726"/>
    <nd ref="1830445767"/>
    <tag k="highway" v="footway"/>
    <tag k="surface" v="asphalt"/>
  </way>
  <way id="172109034">
    <nd ref="1830445700"/>
    <nd ref="1830445777"/>
    <tag k="highway" v="footway"/>
    <tag k="surface" v="sett"/>
  </way>
  <way id="172126961">
    <nd ref="2459202669"/>
    <nd ref="1830597887"/>
    <nd ref="1830597892"/>
    <nd ref="1956501279"/>
    <nd ref="1830597894"/>
    <nd ref="1830597888"/>
    <nd ref="1956501162"/>
    <nd ref="1830597890"/>
    <nd ref="13357763688"/>
    <nd ref="1830597886"/>
    <nd ref="9282957829"/>
    <nd ref="12941546512"/>
    <nd ref="12941546516"/>
    <nd ref="13150971813"/>
    <nd ref="12941546517"/>
    <nd ref="1830597885"/>
    <nd ref="1338299090"/>
    <nd ref="1338299106"/>
    <nd ref="2061457985"/>
    <tag k="highway" v="footway"/>
    <tag k="surface" v="paving_stones"/>
  </way>
  <way id="172610837">
    <nd ref="1702521457"/>
    <nd ref="624444541"/>
    <tag k="highway" v="footway"/>
    <tag k="surface" v="paving_stones"/>
    <tag k="width" v="1"/>
  </way>
  <way id="172628371">
    <nd ref="1835169769"/>
    <nd ref="2296790477"/>
    <nd ref="1835169761"/>
    <nd ref="1835169757"/>
    <nd ref="13338316328"/>
    <nd ref="1835169766"/>
    <tag k="highway" v="footway"/>
    <tag k="surface" v="asphalt"/>
  </way>
  <way id="172630254">
    <nd ref="1835174145"/>
    <nd ref="1835174220"/>
    <tag k="highway" v="footway"/>
    <tag k="surface" v="paving_stones"/>
  </way>
  <way id="172630261">
    <nd ref="1835174173"/>
    <nd ref="1835174373"/>
    <nd ref="1835174371"/>
    <tag k="access" v="private"/>
    <tag k="highway" v="service"/>
    <tag k="service" v="driveway"/>
  </way>
  <way id="172630262">
    <nd ref="1835174175"/>
    <nd ref="1835174218"/>
    <nd ref="1835174113"/>
    <nd ref="1835174386"/>
    <nd ref="13154936231"/>
    <nd ref="1835174298"/>
    <nd ref="1835174170"/>
    <tag k="highway" v="service"/>
    <tag k="service" v="driveway"/>
    <tag k="surface" v="asphalt"/>
  </way>
  <way id="172630283">
    <nd ref="1835174191"/>
    <nd ref="1835174106"/>
    <nd ref="1835174107"/>
    <nd ref="13037416149"/>
    <nd ref="94958725"/>
    <tag k="highway" v="footway"/>
    <tag k="surface" v="paving_stones"/>
  </way>
  <way id="173060761">
    <nd ref="1363362570"/>
    <nd ref="13484017423"/>
    <nd ref="1838852140"/>
    <nd ref="1838852141"/>
    <nd ref="1838852147"/>
    <nd ref="2024739752"/>
    <nd ref="1838852146"/>
    <nd ref="1838852166"/>
    <nd ref="1838852161"/>
    <nd ref="2024824665"/>
    <nd ref="2465142862"/>
    <nd ref="442843727"/>
    <tag k="bicycle" v="yes"/>
    <tag k="foot" v="designated"/>
    <tag k="footway" v="sidewalk"/>
    <tag k="highway" v="footway"/>
    <tag k="lit" v="yes"/>
    <tag k="surface" v="paving_stones"/>
    <tag k="traffic_sign" v="DE:239;DE:1022-10"/>
  </way>
  <way id="175283286">
    <nd ref="1859001612"/>
    <nd ref="1859001591"/>
    <nd ref="1859001628"/>
    <nd ref="1859001585"/>
    <nd ref="1859001631"/>
    <nd ref="1859001580"/>
    <nd ref="1341016840"/>
    <nd ref="1341016838"/>
    <tag k="highway" v="service"/>
    <tag k="service" v="parking_aisle"/>
    <tag k="surface" v="sett"/>
  </way>
  <way id="176923478">
    <nd ref="34956277"/>
    <nd ref="256215097"/>
    <nd ref="13266918298"/>
    <nd ref="656505340"/>
    <nd ref="13269717866"/>
    <nd ref="13269717865"/>
    <nd ref="55449814"/>
    <nd ref="656505341"/>
    <nd ref="13266921714"/>
    <nd ref="13266921720"/>
    <nd ref="3902741099"/>
    <nd ref="13266921732"/>
    <nd ref="13266921726"/>
    <nd ref="656505362"/>
    <nd ref="94958744"/>
    <nd ref="1361555670"/>
    <nd ref="13266918288"/>
    <nd ref="1361555652"/>
    <nd ref="90509853"/>
    <tag k="cycleway:both" v="no"/>
    <tag k="foot" v="use_sidepath"/>
    <tag k="highway" v="tertiary"/>
    <tag k="lanes" v="2"/>
    <tag k="lit" v="yes"/>
    <tag k="maxspeed" v="50"/>
    <tag k="name" v="Schleißheimer Straße"/>
    <tag k="parking:both" v="separate"/>
    <tag k="sidewalk:both" v="separate"/>
    <tag k="surface" v="asphalt"/>
  </way>
  <way id="176925877">
    <nd ref="1874105357"/>
    <nd ref="1874105354"/>
    <nd ref="1874105271"/>
    <nd ref="1874105356"/>
    <tag k="highway" v="service"/>
    <tag k="service" v="driveway"/>
    <tag k="surface" v="asphalt"/>
  </way>
  <way id="176925917">
    <nd ref="1874105353"/>
    <nd ref="1874105256"/>
    <nd ref="2024824584"/>
    <nd ref="1874105209"/>
    <tag k="highway" v="service"/>
    <tag k="lanes" v="1"/>
    <tag k="service" v="driveway"/>
    <tag k="surface" v="asphalt"/>
  </way>
  <way id="176981513">
    <nd ref="1379229791"/>
    <nd ref="1874544846"/>
    <nd ref="846758936"/>
    <nd ref="846758935"/>
    <tag k="highway" v="footway"/>
    <tag k="surface" v="pebblestone"/>
  </way>
  <way id="176981518">
    <nd ref="442559611"/>
    <nd ref="1874544848"/>
    <nd ref="1874544734"/>
    <nd ref="1874544677"/>
    <nd ref="1874544791"/>
    <nd ref="1874544818"/>
    <nd ref="11740694766"/>
    <tag k="bicycle" v="yes"/>
    <tag k="highway" v="footway"/>
    <tag k="lit" v="yes"/>
    <tag k="surface" v="paving_stones"/>
  </way>
  <way id="176981519">
    <nd ref="1874544763"/>
    <nd ref="2296790478"/>
    <nd ref="1874544751"/>
    <tag k="highway" v="footway"/>
    <tag k="surface" v="paving_stones"/>
  </way>
  <way id="177466546">
    <nd ref="90509853"/>
    <nd ref="6094854012"/>
    <nd ref="529886535"/>
    <nd ref="12941570309"/>
    <nd ref="94958690"/>
    <tag k="cycleway:both" v="no"/>
    <tag k="foot" v="use_sidepath"/>
    <tag k="highway" v="residential"/>
    <tag k="lanes" v="2"/>
    <tag k="lit" v="yes"/>
    <tag k="maxspeed" v="30"/>
    <tag k="name" v="Telschowstraße"/>
    <tag k="parking:left" v="no"/>
    <tag k="parking:right" v="separate"/>
    <tag k="sidewalk:both" v="separate"/>
    <tag k="surface" v="asphalt"/>
  </way>
  <way id="177490552">
    <nd ref="606566082"/>
    <nd ref="11210288371"/>
    <nd ref="3954848490"/>
    <nd ref="11210288372"/>
    <nd ref="3954848488"/>
    <nd ref="606566046"/>
    <nd ref="1895941761"/>
    <nd ref="3923763908"/>
    <nd ref="606566042"/>
    <nd ref="7520950756"/>
    <nd ref="606566038"/>
    <nd ref="606566035"/>
    <nd ref="606957912"/>
    <nd ref="606566031"/>
    <nd ref="8552674620"/>
    <nd ref="12844057913"/>
    <nd ref="12844057909"/>
    <nd ref="606566027"/>
    <nd ref="1830215694"/>
    <nd ref="2012293545"/>
    <nd ref="2012293502"/>
    <nd ref="2012293492"/>
    <nd ref="2012293519"/>
    <nd ref="2022874177"/>
    <nd ref="442886905"/>
    <nd ref="2022874196"/>
    <nd ref="2012293535"/>
    <nd ref="442886903"/>
    <nd ref="1513894943"/>
    <nd ref="12736368251"/>
    <nd ref="12736368260"/>
    <nd ref="12736368253"/>
    <nd ref="12736368259"/>
    <nd ref="5377297864"/>
    <tag k="bicycle" v="yes"/>
    <tag k="footway" v="sidewalk"/>
    <tag k="highway" v="footway"/>
    <tag k="lit" v="yes"/>
    <tag k="oneway:bicycle" v="yes"/>
    <tag k="surface" v="paving_stones"/>
  </way>
  <way id="178131858">
    <nd ref="12884083861"/>
    <nd ref="1885068343"/>
    <nd ref="1885068338"/>
    <nd ref="1885068331"/>
    <nd ref="1885068376"/>
    <nd ref="1885068333"/>
    <nd ref="1885068338"/>
    <tag k="highway" v="footway"/>
    <tag k="surface" v="pebblestone"/>
  </way>
  <way id="178131859">
    <nd ref="1885068370"/>
    <nd ref="1885068337"/>
    <nd ref="1885068382"/>
    <nd ref="1885068352"/>
    <tag k="highway" v="footway"/>
    <tag k="surface" v="asphalt"/>
  </way>
  <way id="178165569">
    <nd ref="1885369822"/>
    <nd ref="1885369905"/>
    <tag k="highway" v="footway"/>
    <tag k="surface" v="paving_stones"/>
  </way>
  <way id="178165585">
    <nd ref="454950088"/>
    <nd ref="1885369822"/>
    <nd ref="1885369948"/>
    <nd ref="1885369873"/>
    <nd ref="1885369904"/>
    <nd ref="1885369885"/>
    <nd ref="1885369881"/>
    <nd ref="1885369909"/>
    <nd ref="1885369937"/>
    <nd ref="1885369932"/>
    <nd ref="1885369919"/>
    <nd ref="1885369928"/>
    <tag k="highway" v="footway"/>
    <tag k="surface" v="paving_stones"/>
  </way>
  <way id="178165602">
    <nd ref="1885369844"/>
    <nd ref="1885369945"/>
    <nd ref="1885369823"/>
    <nd ref="1885369905"/>
    <nd ref="1885369931"/>
    <nd ref="1885369853"/>
    <nd ref="1885369928"/>
    <nd ref="1885369825"/>
    <nd ref="1885369947"/>
    <nd ref="1885369836"/>
    <nd ref="1885369901"/>
    <nd ref="1885369939"/>
    <nd ref="1885369934"/>
    <tag k="highway" v="footway"/>
    <tag k="surface" v="paving_stones"/>
  </way>
  <way id="178262842">
    <nd ref="1886340062"/>
    <nd ref="1449500850"/>
    <tag k="bridge" v="yes"/>
    <tag k="highway" v="footway"/>
    <tag k="layer" v="1"/>
    <tag k="surface" v="asphalt"/>
  </way>
  <way id="178262855">
    <nd ref="1886339186"/>
    <nd ref="1886339113"/>
    <nd ref="94958690"/>
    <tag k="highway" v="service"/>
    <tag k="service" v="driveway"/>
    <tag k="surface" v="asphalt"/>
  </way>
  <way id="178262865">
    <nd ref="1886339955"/>
    <nd ref="1886339226"/>
    <nd ref="1886339139"/>
    <nd ref="1886338934"/>
    <nd ref="1886339430"/>
    <nd ref="1886339380"/>
    <nd ref="1886338758"/>
    <nd ref="1886339810"/>
    <nd ref="1886340103"/>
    <nd ref="1886339750"/>
    <nd ref="1886338871"/>
    <nd ref="1895297079"/>
    <nd ref="1886338823"/>
    <nd ref="1886339128"/>
    <nd ref="1886339287"/>
    <nd ref="1886339807"/>
    <nd ref="1886339572"/>
    <nd ref="1886338929"/>
    <nd ref="1886338730"/>
    <nd ref="1886339648"/>
    <nd ref="1886338873"/>
    <tag k="highway" v="footway"/>
    <tag k="surface" v="paving_stones"/>
  </way>
  <way id="178262882">
    <nd ref="1886338896"/>
    <nd ref="1886339434"/>
    <nd ref="1886339420"/>
    <nd ref="1886339326"/>
    <nd ref="1886339358"/>
    <nd ref="1886339458"/>
    <nd ref="1886339537"/>
    <nd ref="1886339589"/>
    <nd ref="1886339940"/>
    <nd ref="9954782665"/>
    <nd ref="1331241706"/>
    <tag k="highway" v="footway"/>
    <tag k="incline" v="down"/>
    <tag k="layer" v="-1"/>
    <tag k="surface" v="paving_stones"/>
  </way>
  <way id="178290847">
    <nd ref="12886387374"/>
    <nd ref="1886570704"/>
    <nd ref="1886570699"/>
    <tag k="access" v="private"/>
    <tag k="highway" v="service"/>
    <tag k="service" v="driveway"/>
  </way>
  <way id="179159657">
    <nd ref="1886339810"/>
    <nd ref="1895077698"/>
    <nd ref="1895077737"/>
    <tag k="highway" v="footway"/>
    <tag k="surface" v="asphalt"/>
  </way>
  <way id="179159660">
    <nd ref="13357763611"/>
    <nd ref="1895077784"/>
    <nd ref="1895077737"/>
    <tag k="handrail" v="yes"/>
    <tag k="highway" v="steps"/>
    <tag k="incline" v="up"/>
    <tag k="layer" v="-1"/>
    <tag k="ramp" v="no"/>
    <tag k="step_count" v="20"/>
    <tag k="surface" v="paving_stones"/>
    <tag k="tactile_paving" v="no"/>
  </way>
  <way id="179181840">
    <nd ref="1827653844"/>
    <nd ref="13357763664"/>
    <nd ref="1336982249"/>
    <nd ref="626374781"/>
    <nd ref="13238880600"/>
    <tag k="highway" v="footway"/>
    <tag k="surface" v="paving_stones"/>
  </way>
  <way id="179680441">
    <nd ref="846758936"/>
    <nd ref="846758938"/>
    <nd ref="12750212942"/>
    <tag k="highway" v="service"/>
    <tag k="surface" v="pebblestone"/>
  </way>
  <way id="180084154">
    <nd ref="600470721"/>
    <nd ref="11979321627"/>
    <nd ref="55446829"/>
    <nd ref="444252653"/>
    <nd ref="2024739709"/>
    <nd ref="444252660"/>
    <nd ref="55449239"/>
    <nd ref="1830445771"/>
    <nd ref="1878087118"/>
    <nd ref="13875184"/>
    <nd ref="8250812902"/>
    <nd ref="600470736"/>
    <nd ref="600470733"/>
    <nd ref="600470750"/>
    <nd ref="1830445706"/>
    <nd ref="3394531393"/>
    <nd ref="13299637405"/>
    <nd ref="1828331110"/>
    <nd ref="1874112838"/>
    <nd ref="1828331106"/>
    <nd ref="4160521479"/>
    <nd ref="600470778"/>
    <nd ref="8279991903"/>
    <nd ref="13298244142"/>
    <nd ref="29490287"/>
    <nd ref="29490288"/>
    <tag k="cycleway:both" v="no"/>
    <tag k="highway" v="tertiary"/>
    <tag k="lanes" v="2"/>
    <tag k="lit" v="yes"/>
    <tag k="maxspeed" v="50"/>
    <tag k="name" v="Münchener Straße"/>
    <tag k="parking:lane:right" v="no_stopping"/>
    <tag k="ref" v="St 2350"/>
    <tag k="sidewalk:both" v="separate"/>
    <tag k="smoothness" v="good"/>
    <tag k="surface" v="asphalt"/>
    <tag k="tmc" v="DE:20569/20570"/>
  </way>
  <way id="183775010">
    <nd ref="1941842393"/>
    <nd ref="13266918270"/>
    <nd ref="13266918269"/>
    <nd ref="13266918268"/>
    <nd ref="13266918267"/>
    <nd ref="1363362555"/>
    <tag k="highway" v="footway"/>
    <tag k="surface" v="paving_stones"/>
  </way>
  <way id="185072763">
    <nd ref="12736705423"/>
    <nd ref="1956501181"/>
    <nd ref="5942578428"/>
    <nd ref="1956501223"/>
    <tag k="highway" v="service"/>
    <tag k="incline" v="up"/>
    <tag k="service" v="driveway"/>
    <tag k="surface" v="asphalt"/>
  </way>
  <way id="188326164">
    <nd ref="1989552166"/>
    <nd ref="1989552161"/>
    <nd ref="12736368254"/>
    <nd ref="5377321133"/>
    <nd ref="5247867963"/>
    <nd ref="1513894915"/>
    <nd ref="5247867962"/>
    <nd ref="1836219112"/>
    <nd ref="442886896"/>
    <nd ref="442559681"/>
    <nd ref="533994662"/>
    <nd ref="442559675"/>
    <nd ref="1408150747"/>
    <nd ref="8114174907"/>
    <nd ref="442886893"/>
    <nd ref="12886440314"/>
    <nd ref="1989552184"/>
    <nd ref="1830445761"/>
    <nd ref="442843720"/>
    <nd ref="1830445742"/>
    <nd ref="1097900214"/>
    <nd ref="1830445768"/>
    <nd ref="442843721"/>
    <nd ref="1874105256"/>
    <nd ref="442843722"/>
    <nd ref="8475095567"/>
    <nd ref="1830445762"/>
    <nd ref="1874105271"/>
    <nd ref="1830445698"/>
    <nd ref="13298244141"/>
    <nd ref="1830445722"/>
    <nd ref="442843723"/>
    <nd ref="13298244145"/>
    <nd ref="13298244139"/>
    <nd ref="13298244146"/>
    <nd ref="497692746"/>
    <tag k="footway" v="sidewalk"/>
    <tag k="highway" v="footway"/>
    <tag k="lit" v="yes"/>
    <tag k="surface" v="paving_stones"/>
  </way>
  <way id="190583172">
    <nd ref="10140884176"/>
    <nd ref="2012293517"/>
    <nd ref="2012293546"/>
    <nd ref="2022876029"/>
    <nd ref="2012293539"/>
    <tag k="access" v="private"/>
    <tag k="highway" v="service"/>
    <tag k="service" v="driveway"/>
  </way>
  <way id="190583174">
    <nd ref="2012293527"/>
    <nd ref="2012293504"/>
    <nd ref="521080406"/>
    <nd ref="521080378"/>
    <nd ref="521080379"/>
    <nd ref="2351470612"/>
    <nd ref="2351470617"/>
    <nd ref="521080380"/>
    <nd ref="521080381"/>
    <nd ref="2012293517"/>
    <nd ref="2012293527"/>
    <tag k="access" v="private"/>
    <tag k="area" v="yes"/>
    <tag k="highway" v="service"/>
  </way>
  <way id="191913860">
    <nd ref="2024739730"/>
    <nd ref="2024739722"/>
    <nd ref="2024739749"/>
    <nd ref="2024739725"/>
    <nd ref="2024739752"/>
    <nd ref="2024739769"/>
    <tag k="access" v="private"/>
    <tag k="highway" v="service"/>
    <tag k="service" v="driveway"/>
  </way>
  <way id="191922181">
    <nd ref="497692746"/>
    <nd ref="13298244148"/>
    <nd ref="442861655"/>
    <nd ref="13298244147"/>
    <nd ref="13298244140"/>
    <nd ref="11748946511"/>
    <nd ref="8279991902"/>
    <nd ref="1838852145"/>
    <nd ref="2465142861"/>
    <nd ref="2465142859"/>
    <nd ref="9131455529"/>
    <nd ref="1838852153"/>
    <nd ref="1838852154"/>
    <nd ref="1838852150"/>
    <nd ref="1838852152"/>
    <nd ref="1838852151"/>
    <nd ref="1877998058"/>
    <nd ref="1838852149"/>
    <nd ref="1838852162"/>
    <nd ref="12824203495"/>
    <nd ref="2040891007"/>
    <nd ref="1884950392"/>
    <nd ref="12824203493"/>
    <nd ref="2040890991"/>
    <nd ref="1955671372"/>
    <nd ref="1838852142"/>
    <nd ref="1838852165"/>
    <nd ref="1838852164"/>
    <nd ref="11979321631"/>
    <nd ref="1838852139"/>
    <nd ref="1838852157"/>
    <nd ref="1838852137"/>
    <nd ref="1838852158"/>
    <nd ref="1838852138"/>
    <nd ref="1838852163"/>
    <nd ref="1838852159"/>
    <nd ref="1829458749"/>
    <nd ref="1829458748"/>
    <nd ref="1829458750"/>
    <nd ref="90509747"/>
    <tag k="bicycle" v="yes"/>
    <tag k="footway" v="sidewalk"/>
    <tag k="highway" v="footway"/>
    <tag k="lit" v="yes"/>
    <tag k="segregated" v="no"/>
    <tag k="smoothness" v="good"/>
    <tag k="surface" v="asphalt"/>
  </way>
  <way id="245215111">
    <nd ref="12736368263"/>
    <nd ref="2524492759"/>
    <nd ref="3149316129"/>
    <tag k="bicycle" v="yes"/>
    <tag k="foot" v="designated"/>
    <tag k="highway" v="pedestrian"/>
    <tag k="name" v="Maibaumplatz"/>
    <tag k="surface" v="paving_stones"/>
    <tag k="traffic_sign" v="DE:242.1,1022-10"/>
  </way>
  <way id="245215112">
    <nd ref="2524492758"/>
    <nd ref="2671716364"/>
    <tag k="highway" v="steps"/>
    <tag k="incline" v="up"/>
    <tag k="indoor" v="yes"/>
    <tag k="layer" v="-1"/>
    <tag k="level" v="0;-1"/>
    <tag k="step_count" v="50"/>
  </way>
  <way id="245215117">
    <nd ref="2524492750"/>
    <nd ref="2524492749"/>
    <tag k="highway" v="steps"/>
    <tag k="incline" v="up"/>
    <tag k="indoor" v="yes"/>
    <tag k="level" v="-1;-2"/>
    <tag k="step_count" v="48"/>
    <tag k="tunnel" v="yes"/>
  </way>
  <way id="245215122">
    <nd ref="2671716342"/>
    <nd ref="2524492754"/>
    <tag k="highway" v="steps"/>
    <tag k="incline" v="up"/>
    <tag k="indoor" v="yes"/>
    <tag k="layer" v="-2"/>
    <tag k="level" v="-2;-1"/>
    <tag k="step_count" v="58"/>
    <tag k="tunnel" v="yes"/>
  </way>
  <way id="245215124">
    <nd ref="3688914809"/>
    <nd ref="94971919"/>
    <tag k="conveying" v="forward"/>
    <tag k="highway" v="steps"/>
    <tag k="incline" v="up"/>
    <tag k="indoor" v="yes"/>
    <tag k="layer" v="-1"/>
    <tag k="level" v="0;-1"/>
    <tag k="ref" v="GR04"/>
  </way>
  <way id="245215127">
    <nd ref="3688914809"/>
    <nd ref="2524492748"/>
    <nd ref="3742381804"/>
    <nd ref="2671716327"/>
    <tag k="highway" v="footway"/>
    <tag k="indoor" v="yes"/>
    <tag k="layer" v="-1"/>
    <tag k="level" v="-1"/>
    <tag k="tunnel" v="yes"/>
  </way>
  <way id="245215128">
    <nd ref="2671716340"/>
    <nd ref="2671716344"/>
    <nd ref="3742381805"/>
    <nd ref="2524492756"/>
    <nd ref="2671716359"/>
    <tag k="highway" v="footway"/>
    <tag k="indoor" v="yes"/>
    <tag k="layer" v="-1"/>
    <tag k="level" v="-1"/>
    <tag k="tunnel" v="yes"/>
  </way>
  <way id="249256396">
    <nd ref="1379229743"/>
    <nd ref="1379229795"/>
    <tag k="handrail" v="no"/>
    <tag k="highway" v="steps"/>
    <tag k="incline" v="up"/>
    <tag k="ramp" v="no"/>
    <tag k="step_count" v="5"/>
    <tag k="surface" v="concrete"/>
    <tag k="tactile_paving" v="no"/>
  </way>
  <way id="249256397">
    <nd ref="2558912603"/>
    <nd ref="2558912593"/>
    <tag k="handrail" v="no"/>
    <tag k="highway" v="steps"/>
    <tag k="incline" v="up"/>
    <tag k="ramp" v="no"/>
    <tag k="step_count" v="5"/>
    <tag k="surface" v="concrete"/>
    <tag k="tactile_paving" v="no"/>
  </way>
  <way id="249256398">
    <nd ref="2558912601"/>
    <nd ref="2558912595"/>
    <tag k="handrail" v="no"/>
    <tag k="highway" v="steps"/>
    <tag k="incline" v="up"/>
    <tag k="ramp" v="no"/>
    <tag k="step_count" v="5"/>
    <tag k="surface" v="concrete"/>
    <tag k="tactile_paving" v="no"/>
  </way>
  <way id="249256399">
    <nd ref="2558912605"/>
    <nd ref="2558912597"/>
    <tag k="handrail" v="no"/>
    <tag k="highway" v="steps"/>
    <tag k="incline" v="up"/>
    <tag k="ramp" v="no"/>
    <tag k="step_count" v="5"/>
    <tag k="surface" v="concrete"/>
    <tag k="tactile_paving" v="no"/>
  </way>
  <way id="261574431">
    <nd ref="2671716338"/>
    <nd ref="2671716340"/>
    <tag k="conveying" v="forward"/>
    <tag k="highway" v="steps"/>
    <tag k="incline" v="up"/>
    <tag k="indoor" v="yes"/>
    <tag k="layer" v="-2"/>
    <tag k="level" v="-1;-2"/>
    <tag k="ref" v="GR05"/>
    <tag k="tunnel" v="yes"/>
  </way>
  <way id="261574433">
    <nd ref="2524492753"/>
    <nd ref="2671716337"/>
    <tag k="conveying" v="backward"/>
    <tag k="highway" v="steps"/>
    <tag k="incline" v="up"/>
    <tag k="indoor" v="yes"/>
    <tag k="layer" v="-2"/>
    <tag k="level" v="-1;-2"/>
    <tag k="ref" v="GR06"/>
    <tag k="tunnel" v="yes"/>
  </way>
  <way id="261574434">
    <nd ref="2671716360"/>
    <nd ref="2671716366"/>
    <tag k="conveying" v="backward"/>
    <tag k="highway" v="steps"/>
    <tag k="incline" v="up"/>
    <tag k="indoor" v="yes"/>
    <tag k="layer" v="-1"/>
    <tag k="level" v="0;-1"/>
    <tag k="ref" v="GR07"/>
  </way>
  <way id="261574435">
    <nd ref="2524492748"/>
    <nd ref="3688914808"/>
    <tag k="highway" v="footway"/>
    <tag k="indoor" v="yes"/>
    <tag k="layer" v="-1"/>
    <tag k="level" v="-1"/>
    <tag k="tunnel" v="yes"/>
  </way>
  <way id="261574436">
    <nd ref="2524492748"/>
    <nd ref="3688914807"/>
    <tag k="highway" v="footway"/>
    <tag k="indoor" v="yes"/>
    <tag k="layer" v="-1"/>
    <tag k="level" v="-1"/>
    <tag k="tunnel" v="yes"/>
  </way>
  <way id="261574438">
    <nd ref="3688914808"/>
    <nd ref="2671716356"/>
    <tag k="conveying" v="backward"/>
    <tag k="highway" v="steps"/>
    <tag k="incline" v="up"/>
    <tag k="indoor" v="yes"/>
    <tag k="layer" v="-1"/>
    <tag k="level" v="0;-1"/>
    <tag k="ref" v="GR03"/>
  </way>
  <way id="261574440">
    <nd ref="3688914807"/>
    <nd ref="2671716355"/>
    <tag k="highway" v="steps"/>
    <tag k="incline" v="up"/>
    <tag k="indoor" v="yes"/>
    <tag k="layer" v="-1"/>
    <tag k="level" v="0;-1"/>
    <tag k="step_count" v="54"/>
  </way>
  <way id="261574442">
    <nd ref="2671716359"/>
    <nd ref="2671716365"/>
    <tag k="conveying" v="forward"/>
    <tag k="highway" v="steps"/>
    <tag k="incline" v="up"/>
    <tag k="indoor" v="yes"/>
    <tag k="layer" v="-1"/>
    <tag k="level" v="0;-1"/>
    <tag k="ref" v="GR08"/>
  </way>
  <way id="261574444">
    <nd ref="2671716320"/>
    <nd ref="2671716318"/>
    <tag k="conveying" v="forward"/>
    <tag k="highway" v="steps"/>
    <tag k="incline" v="up"/>
    <tag k="indoor" v="yes"/>
    <tag k="level" v="-1;-2"/>
    <tag k="ref" v="GR01"/>
    <tag k="tunnel" v="yes"/>
  </way>
  <way id="261574446">
    <nd ref="2671716329"/>
    <nd ref="2671716328"/>
    <tag k="conveying" v="backward"/>
    <tag k="highway" v="steps"/>
    <tag k="incline" v="up"/>
    <tag k="indoor" v="yes"/>
    <tag k="level" v="-1;-2"/>
    <tag k="ref" v="GR02"/>
    <tag k="tunnel" v="yes"/>
  </way>
  <way id="261574451">
    <nd ref="2671716365"/>
    <nd ref="2671716367"/>
    <nd ref="2671716364"/>
    <tag k="highway" v="footway"/>
    <tag k="indoor" v="yes"/>
  </way>
  <way id="261574455">
    <nd ref="2671716328"/>
    <nd ref="2671716327"/>
    <nd ref="2671716318"/>
    <tag k="highway" v="footway"/>
    <tag k="indoor" v="yes"/>
    <tag k="layer" v="-1"/>
    <tag k="level" v="-1"/>
    <tag k="tunnel" v="yes"/>
  </way>
  <way id="261574458">
    <nd ref="2671716356"/>
    <nd ref="2671716357"/>
    <nd ref="94971919"/>
    <tag k="highway" v="footway"/>
    <tag k="indoor" v="yes"/>
  </way>
  <way id="261574459">
    <nd ref="2524492754"/>
    <nd ref="2671716344"/>
    <tag k="highway" v="footway"/>
    <tag k="indoor" v="yes"/>
    <tag k="layer" v="-1"/>
    <tag k="level" v="-1"/>
    <tag k="tunnel" v="yes"/>
  </way>
  <way id="261574464">
    <nd ref="2524492756"/>
    <nd ref="2671716360"/>
    <tag k="highway" v="footway"/>
    <tag k="indoor" v="yes"/>
    <tag k="layer" v="-1"/>
    <tag k="level" v="-1"/>
    <tag k="tunnel" v="yes"/>
  </way>
  <way id="297108069">
    <nd ref="3009378418"/>
    <nd ref="12592806702"/>
    <nd ref="5377340546"/>
    <nd ref="1340957345"/>
    <nd ref="5377335289"/>
    <nd ref="259831386"/>
    <tag k="cycleway:both" v="no"/>
    <tag k="foot" v="use_sidepath"/>
    <tag k="highway" v="tertiary"/>
    <tag k="lanes" v="2"/>
    <tag k="lit" v="yes"/>
    <tag k="maxspeed" v="50"/>
    <tag k="maxspeed:conditional" v="30 @ (Mo-Sa 07:00-20:00)"/>
    <tag k="name" v="Münchener Straße"/>
    <tag k="parking:both" v="separate"/>
    <tag k="parking:condition:right" v="disc"/>
    <tag k="parking:condition:right:maxstay" v="2 h"/>
    <tag k="parking:condition:right:time_interval" v="08:00-20:00"/>
    <tag k="ref" v="St 2350"/>
    <tag k="sidewalk:both" v="separate"/>
    <tag k="surface" v="asphalt"/>
    <tag k="tmc" v="DE:20569/20570"/>
  </way>
  <way id="297108070">
    <nd ref="259831386"/>
    <nd ref="5377339816"/>
    <nd ref="13875181"/>
    <nd ref="12736368258"/>
    <nd ref="5470691512"/>
    <nd ref="442906079"/>
    <nd ref="3375619394"/>
    <nd ref="1340957341"/>
    <nd ref="94884341"/>
    <tag k="cycleway:both" v="no"/>
    <tag k="foot" v="use_sidepath"/>
    <tag k="highway" v="tertiary"/>
    <tag k="lanes" v="2"/>
    <tag k="lit" v="yes"/>
    <tag k="maxspeed" v="50"/>
    <tag k="maxspeed:conditional" v="30 @ (Mo-Sa 07:00-20:00)"/>
    <tag k="name" v="Münchener Straße"/>
    <tag k="ref" v="St 2350"/>
    <tag k="sidewalk:both" v="separate"/>
    <tag k="surface" v="asphalt"/>
    <tag k="tmc" v="DE:20569/20570"/>
  </way>
  <way id="310084602">
    <nd ref="2671716367"/>
    <nd ref="259831302"/>
    <tag k="highway" v="footway"/>
    <tag k="name" v="Bürgerplatz"/>
    <tag k="surface" v="paving_stones"/>
  </way>
  <way id="310084604">
    <nd ref="3149316129"/>
    <nd ref="2671716357"/>
    <nd ref="2671716355"/>
    <tag k="highway" v="footway"/>
    <tag k="indoor" v="yes"/>
  </way>
  <way id="331670568">
    <nd ref="3387721693"/>
    <nd ref="2671716346"/>
    <tag k="highway" v="footway"/>
    <tag k="indoor" v="yes"/>
    <tag k="layer" v="-3"/>
    <tag k="level" v="-2"/>
    <tag k="tunnel" v="yes"/>
    <tag k="wheelchair" v="yes"/>
  </way>
  <way id="331670593">
    <nd ref="11058137777"/>
    <nd ref="3387721594"/>
    <nd ref="3387721693"/>
    <nd ref="4191824278"/>
    <nd ref="3387721294"/>
    <nd ref="11058137778"/>
    <tag k="highway" v="footway"/>
    <tag k="indoor" v="yes"/>
    <tag k="layer" v="-3"/>
    <tag k="level" v="-2"/>
    <tag k="tunnel" v="yes"/>
    <tag k="wheelchair" v="yes"/>
  </way>
  <way id="331670594">
    <nd ref="11058137780"/>
    <nd ref="3387721393"/>
    <nd ref="4191824277"/>
    <nd ref="3387721093"/>
    <nd ref="11058137779"/>
    <tag k="highway" v="footway"/>
    <tag k="indoor" v="yes"/>
    <tag k="layer" v="-3"/>
    <tag k="level" v="-2"/>
    <tag k="tunnel" v="yes"/>
  </way>
  <way id="364859376">
    <nd ref="2671716327"/>
    <nd ref="2524492749"/>
    <tag k="highway" v="footway"/>
    <tag k="indoor" v="yes"/>
    <tag k="layer" v="-1"/>
    <tag k="level" v="-1"/>
    <tag k="tunnel" v="yes"/>
  </way>
  <way id="370170468">
    <nd ref="5377297863"/>
    <nd ref="5377297569"/>
    <nd ref="5377297570"/>
    <nd ref="5377297675"/>
    <nd ref="5377297673"/>
    <nd ref="5377297676"/>
    <nd ref="5377297863"/>
    <tag k="area" v="yes"/>
    <tag k="bench" v="yes"/>
    <tag k="bin" v="yes"/>
    <tag k="bus" v="yes"/>
    <tag k="description" v="Bussteig Garching (U), 230/292 Ri. Ismaning/Oberschleißheim"/>
    <tag k="highway" v="bus_stop"/>
    <tag k="kerb" v="raised"/>
    <tag k="kerb:height" v="0.19"/>
    <tag k="lit" v="yes"/>
    <tag k="name" v="Garching (U)"/>
    <tag k="network" v="Münchner Verkehrs- und Tarifverbund"/>
    <tag k="network:guid" v="DE-BY-MVV"/>
    <tag k="network:short" v="MVV"/>
    <tag k="network:wikidata" v="Q259000"/>
    <tag k="public_transport" v="platform"/>
    <tag k="ref:IFOPT" v="de:09184:490:2:3"/>
    <tag k="shelter" v="yes"/>
    <tag k="tactile_paving" v="yes"/>
    <tag k="wheelchair" v="limited"/>
  </way>
  <way id="370396380">
    <nd ref="627331857"/>
    <nd ref="5377297567"/>
    <nd ref="626374805"/>
    <nd ref="1408150750"/>
    <nd ref="1408150748"/>
    <nd ref="529869305"/>
    <nd ref="529869306"/>
    <nd ref="1328132659"/>
    <nd ref="12750139331"/>
    <nd ref="1913990263"/>
    <nd ref="1913990252"/>
    <nd ref="1328132665"/>
    <nd ref="529869299"/>
    <nd ref="1328132675"/>
    <nd ref="1913990243"/>
    <nd ref="1408150754"/>
    <nd ref="529869300"/>
    <nd ref="529869308"/>
    <nd ref="626374733"/>
    <nd ref="529869284"/>
    <nd ref="12736705431"/>
    <nd ref="13669062799"/>
    <nd ref="529869301"/>
    <nd ref="12736705443"/>
    <nd ref="1328132649"/>
    <nd ref="2671716367"/>
    <nd ref="627331857"/>
    <tag k="area" v="yes"/>
    <tag k="highway" v="pedestrian"/>
    <tag k="lit" v="automatic"/>
    <tag k="name" v="Bürgerplatz"/>
    <tag k="surface" v="paving_stones"/>
  </way>
  <way id="390231872">
    <nd ref="3933948292"/>
    <nd ref="3933948293"/>
    <tag k="access" v="private"/>
    <tag k="highway" v="service"/>
    <tag k="service" v="driveway"/>
    <tag k="surface" v="asphalt"/>
  </way>
  <way id="392233403">
    <nd ref="442906086"/>
    <nd ref="444684569"/>
    <nd ref="5377298015"/>
    <nd ref="3954829908"/>
    <nd ref="5377297866"/>
    <nd ref="5377298014"/>
    <nd ref="442906086"/>
    <tag k="area" v="yes"/>
    <tag k="bench" v="yes"/>
    <tag k="bin" v="yes"/>
    <tag k="bus" v="yes"/>
    <tag k="description" v="Bussteig Garching (U), 230/292 Ri. Garching Forschungszentrum"/>
    <tag k="highway" v="bus_stop"/>
    <tag k="kerb" v="raised"/>
    <tag k="kerb:height" v="0.19"/>
    <tag k="lit" v="yes"/>
    <tag k="name" v="Garching (U)"/>
    <tag k="network" v="Münchner Verkehrs- und Tarifverbund"/>
    <tag k="network:guid" v="DE-BY-MVV"/>
    <tag k="network:short" v="MVV"/>
    <tag k="network:wikidata" v="Q259000"/>
    <tag k="public_transport" v="platform"/>
    <tag k="ref:IFOPT" v="de:09184:490:1:1"/>
    <tag k="shelter" v="yes"/>
    <tag k="tactile_paving" v="yes"/>
    <tag k="wheelchair" v="yes"/>
  </way>
  <way id="392233408">
    <nd ref="1989552166"/>
    <nd ref="5377297865"/>
    <nd ref="5377297866"/>
    <nd ref="444684569"/>
    <nd ref="1513894926"/>
    <nd ref="442897040"/>
    <nd ref="12825610027"/>
    <nd ref="1886570707"/>
    <nd ref="442897043"/>
    <nd ref="2012293546"/>
    <nd ref="13325094291"/>
    <nd ref="1830215693"/>
    <nd ref="11064348053"/>
    <nd ref="533994670"/>
    <nd ref="2149996424"/>
    <nd ref="2296790479"/>
    <nd ref="1834993078"/>
    <nd ref="1827714206"/>
    <nd ref="2022892108"/>
    <nd ref="1827714204"/>
    <nd ref="631761379"/>
    <nd ref="631761380"/>
    <nd ref="631761381"/>
    <nd ref="1827714208"/>
    <nd ref="1827714207"/>
    <nd ref="631761399"/>
    <nd ref="1830195116"/>
    <nd ref="1830195117"/>
    <tag k="bicycle" v="yes"/>
    <tag k="footway" v="sidewalk"/>
    <tag k="highway" v="footway"/>
    <tag k="lit" v="yes"/>
    <tag k="oneway:bicycle" v="yes"/>
    <tag k="surface" v="paving_stones"/>
  </way>
  <way id="414913288">
    <nd ref="13298244139"/>
    <nd ref="1835655767"/>
    <nd ref="442843729"/>
    <nd ref="442843730"/>
    <nd ref="442843731"/>
    <nd ref="442843732"/>
    <tag k="highway" v="footway"/>
    <tag k="lit" v="yes"/>
    <tag k="surface" v="paving_stones"/>
  </way>
  <way id="418982130">
    <nd ref="4191824278"/>
    <nd ref="2671716338"/>
    <tag k="highway" v="footway"/>
    <tag k="indoor" v="yes"/>
    <tag k="layer" v="-3"/>
    <tag k="level" v="-2"/>
    <tag k="tunnel" v="yes"/>
  </way>
  <way id="418982134">
    <nd ref="2671716337"/>
    <nd ref="2671716344"/>
    <tag k="highway" v="footway"/>
    <tag k="indoor" v="yes"/>
    <tag k="layer" v="-1"/>
    <tag k="level" v="-1"/>
    <tag k="tunnel" v="yes"/>
  </way>
  <way id="418982137">
    <nd ref="4191824277"/>
    <nd ref="2671716329"/>
    <tag k="highway" v="footway"/>
    <tag k="indoor" v="yes"/>
    <tag k="layer" v="-3"/>
    <tag k="level" v="-2"/>
    <tag k="tunnel" v="yes"/>
  </way>
  <way id="418982139">
    <nd ref="2524492756"/>
    <nd ref="2524492758"/>
    <tag k="highway" v="footway"/>
    <tag k="indoor" v="yes"/>
    <tag k="layer" v="-1"/>
    <tag k="level" v="-1"/>
    <tag k="tunnel" v="yes"/>
  </way>
  <way id="418982142">
    <nd ref="2524492753"/>
    <nd ref="4191824278"/>
    <nd ref="2671716342"/>
    <tag k="highway" v="footway"/>
    <tag k="indoor" v="yes"/>
    <tag k="layer" v="-3"/>
    <tag k="level" v="-2"/>
    <tag k="tunnel" v="yes"/>
  </way>
  <way id="418982144">
    <nd ref="2671716320"/>
    <nd ref="4191824277"/>
    <nd ref="2524492750"/>
    <tag k="highway" v="footway"/>
    <tag k="indoor" v="yes"/>
    <tag k="layer" v="-3"/>
    <tag k="level" v="-2"/>
    <tag k="tunnel" v="yes"/>
  </way>
  <way id="557557682">
    <nd ref="8423406825"/>
    <nd ref="5377297681"/>
    <nd ref="5377297680"/>
    <nd ref="5377297862"/>
    <nd ref="5377297861"/>
    <nd ref="442886894"/>
    <nd ref="1408150755"/>
    <nd ref="1989552169"/>
    <nd ref="5377297674"/>
    <nd ref="442886899"/>
    <nd ref="1835176707"/>
    <nd ref="1807980565"/>
    <nd ref="12736368250"/>
    <nd ref="12736368249"/>
    <nd ref="5377297864"/>
    <tag k="bicycle" v="yes"/>
    <tag k="footway" v="sidewalk"/>
    <tag k="highway" v="footway"/>
    <tag k="lit" v="yes"/>
    <tag k="surface" v="paving_stones"/>
  </way>
  <way id="557557684">
    <nd ref="5377297674"/>
    <nd ref="5377297673"/>
    <nd ref="5377297569"/>
    <tag k="highway" v="footway"/>
    <tag k="lit" v="yes"/>
    <tag k="surface" v="paving_stones"/>
    <tag k="wheelchair" v="yes"/>
  </way>
  <way id="557557685">
    <nd ref="5377297678"/>
    <nd ref="1340851777"/>
    <nd ref="1340851784"/>
    <nd ref="12823830807"/>
    <nd ref="1340851772"/>
    <nd ref="1340851782"/>
    <nd ref="9930283159"/>
    <nd ref="12823822518"/>
    <nd ref="5545799320"/>
    <tag k="highway" v="footway"/>
    <tag k="lit" v="no"/>
    <tag k="surface" v="paving_stones"/>
  </way>
  <way id="620044930">
    <nd ref="5858683862"/>
    <nd ref="12999246094"/>
    <nd ref="5858683863"/>
    <nd ref="8155859900"/>
    <nd ref="1340957716"/>
    <tag k="highway" v="footway"/>
    <tag k="surface" v="compacted"/>
  </way>
  <way id="620044931">
    <nd ref="5858683863"/>
    <nd ref="5858683869"/>
    <nd ref="5858683865"/>
    <nd ref="11285383152"/>
    <nd ref="1341011328"/>
    <tag k="highway" v="footway"/>
    <tag k="surface" v="compacted"/>
  </way>
  <way id="620044932">
    <nd ref="5858683865"/>
    <nd ref="11285383153"/>
    <nd ref="1340957715"/>
    <tag k="highway" v="footway"/>
    <tag k="surface" v="compacted"/>
  </way>
  <way id="629460118">
    <nd ref="259797867"/>
    <nd ref="5942578426"/>
    <nd ref="5942578427"/>
    <nd ref="5942578428"/>
    <nd ref="5942578429"/>
    <nd ref="6094854002"/>
    <nd ref="5942578434"/>
    <nd ref="2061458060"/>
    <nd ref="2061457985"/>
    <nd ref="5942578435"/>
    <tag k="bicycle" v="yes"/>
    <tag k="footway" v="sidewalk"/>
    <tag k="highway" v="footway"/>
    <tag k="surface" v="paving_stones"/>
  </way>
  <way id="629460119">
    <nd ref="5942578435"/>
    <nd ref="6094854012"/>
    <nd ref="5942578436"/>
    <nd ref="1830229150"/>
    <tag k="bicycle" v="yes"/>
    <tag k="crossing" v="unmarked"/>
    <tag k="crossing:markings" v="no"/>
    <tag k="footway" v="crossing"/>
    <tag k="highway" v="footway"/>
    <tag k="kerb" v="lowered"/>
    <tag k="surface" v="asphalt"/>
    <tag k="tactile_paving" v="yes"/>
  </way>
  <way id="685983155">
    <nd ref="8423406822"/>
    <nd ref="13659606458"/>
    <nd ref="13238880600"/>
    <nd ref="8423406819"/>
    <nd ref="8423406820"/>
    <nd ref="13659606412"/>
    <nd ref="8423406821"/>
    <nd ref="13659606413"/>
    <nd ref="13669069403"/>
    <nd ref="626374733"/>
    <nd ref="259831261"/>
    <nd ref="529869294"/>
    <nd ref="12736705444"/>
    <nd ref="1338272144"/>
    <nd ref="259831302"/>
    <nd ref="12750139332"/>
    <nd ref="1408150748"/>
    <nd ref="259831383"/>
    <nd ref="12809228206"/>
    <nd ref="1835176707"/>
    <tag k="bicycle" v="yes"/>
    <tag k="highway" v="pedestrian"/>
    <tag k="lit" v="yes"/>
    <tag k="motor_vehicle:conditional" v="delivery @ (Mo-Fr 07:00-15:00, Sa 07:00-13:00)"/>
    <tag k="name" v="Bürgerplatz"/>
    <tag k="surface" v="paving_stones"/>
    <tag k="traffic_sign" v="DE:242.1,1026-35,1042-33[Mo-Fr 7-15,Sa 7-13],1022-10"/>
  </way>
  <way id="685983156">
    <nd ref="259831302"/>
    <nd ref="5377297567"/>
    <nd ref="12737511905"/>
    <nd ref="94971934"/>
    <tag k="bicycle" v="yes"/>
    <tag k="highway" v="pedestrian"/>
    <tag k="lit" v="yes"/>
    <tag k="motor_vehicle:conditional" v="delivery @ (Mo-Fr 07:00-15:00, Sa 07:00-13:00)"/>
    <tag k="name" v="Helmut-Karl-Platz"/>
    <tag k="surface" v="paving_stones"/>
    <tag k="traffic_sign" v="DE:242.1,1026-35,1042-33[Mo-Fr 7-15,Sa 7-13],1022-10"/>
  </way>
  <way id="707835606">
    <nd ref="94884341"/>
    <nd ref="94958625"/>
    <nd ref="2012293539"/>
    <nd ref="1830215692"/>
    <nd ref="13875180"/>
    <tag k="cycleway:both" v="no"/>
    <tag k="foot" v="use_sidepath"/>
    <tag k="highway" v="tertiary"/>
    <tag k="lanes" v="2"/>
    <tag k="lit" v="yes"/>
    <tag k="maxspeed" v="50"/>
    <tag k="name" v="Freisinger Landstraße"/>
    <tag k="parking:right" v="no"/>
    <tag k="parking:right:restriction" v="no_stopping"/>
    <tag k="ref" v="St 2350"/>
    <tag k="sidewalk:both" v="separate"/>
    <tag k="surface" v="asphalt"/>
    <tag k="tmc" v="DE:20569/20570"/>
  </way>
  <way id="783282741">
    <nd ref="7315019699"/>
    <nd ref="7315019698"/>
    <tag k="highway" v="service"/>
    <tag k="service" v="parking_aisle"/>
    <tag k="surface" v="asphalt"/>
  </way>
  <way id="783282742">
    <nd ref="1341011328"/>
    <nd ref="12825610028"/>
    <nd ref="7315019699"/>
    <nd ref="7315019700"/>
    <tag k="highway" v="service"/>
    <tag k="service" v="driveway"/>
    <tag k="surface" v="asphalt"/>
  </way>
  <way id="847426657">
    <nd ref="7907790650"/>
    <nd ref="11740694762"/>
    <nd ref="7907790651"/>
    <tag k="highway" v="service"/>
    <tag k="service" v="driveway"/>
    <tag k="surface" v="asphalt"/>
  </way>
  <way id="870783529">
    <nd ref="1408150755"/>
    <nd ref="8111666808"/>
    <nd ref="8111666807"/>
    <nd ref="5377297568"/>
    <nd ref="259797867"/>
    <tag k="bicycle" v="yes"/>
    <tag k="highway" v="pedestrian"/>
    <tag k="motor_vehicle:conditional" v="delivery @ (Mo-Fr 07:00-15:00, Sa 07:00-13:00)"/>
    <tag k="name" v="Helmut-Karl-Platz"/>
    <tag k="surface" v="paving_stones"/>
    <tag k="traffic_sign" v="DE:242.1,1026-35,1042-33[Mo-Fr 7-15,Sa 7-13],1022-10"/>
  </way>
  <way id="870984939">
    <nd ref="442559559"/>
    <nd ref="8113233498"/>
    <nd ref="12736368262"/>
    <tag k="bicycle" v="yes"/>
    <tag k="foot" v="designated"/>
    <tag k="highway" v="pedestrian"/>
    <tag k="lit" v="yes"/>
    <tag k="name" v="Maibaumplatz"/>
    <tag k="surface" v="paving_stones"/>
    <tag k="traffic_sign" v="DE:242.1,1022-10"/>
  </way>
  <way id="870984940">
    <nd ref="1830445746"/>
    <nd ref="5377276827"/>
    <tag k="bicycle" v="yes"/>
    <tag k="foot" v="designated"/>
    <tag k="highway" v="footway"/>
    <tag k="surface" v="paving_stones"/>
    <tag k="traffic_sign" v="DE:242.1,1022-10"/>
  </way>
  <way id="870984948">
    <nd ref="442886893"/>
    <nd ref="5377339750"/>
    <nd ref="442886894"/>
    <tag k="bicycle" v="yes"/>
    <tag k="highway" v="footway"/>
    <tag k="surface" v="asphalt"/>
  </way>
  <way id="871489032">
    <nd ref="442559623"/>
    <nd ref="29398444"/>
    <nd ref="8117271908"/>
    <tag k="highway" v="footway"/>
    <tag k="lit" v="yes"/>
    <tag k="surface" v="asphalt"/>
  </way>
  <way id="871489598">
    <nd ref="2127444781"/>
    <nd ref="8117261123"/>
    <tag k="highway" v="footway"/>
    <tag k="lit" v="no"/>
    <tag k="surface" v="paving_stones"/>
  </way>
  <way id="904087554">
    <nd ref="259829944"/>
    <nd ref="8396545569"/>
    <nd ref="8396545570"/>
    <tag k="access" v="private"/>
    <tag k="highway" v="service"/>
    <tag k="service" v="driveway"/>
  </way>
  <way id="904087556">
    <nd ref="8396545570"/>
    <nd ref="8396545572"/>
    <nd ref="8396545573"/>
    <nd ref="8396545576"/>
    <tag k="access" v="private"/>
    <tag k="highway" v="service"/>
    <tag k="layer" v="-1"/>
    <tag k="maxheight" v="1.9"/>
    <tag k="service" v="driveway"/>
    <tag k="tunnel" v="yes"/>
  </way>
  <way id="907120168">
    <nd ref="13659606405"/>
    <nd ref="8423406823"/>
    <nd ref="13659606414"/>
    <nd ref="12744619765"/>
    <nd ref="1340855757"/>
    <nd ref="12941546516"/>
    <tag k="bicycle" v="yes"/>
    <tag k="highway" v="pedestrian"/>
    <tag k="lit" v="automatic"/>
    <tag k="motor_vehicle:conditional" v="delivery @ (Mo-Fr 07:00-15:00, Sa 07:00-13:00)"/>
    <tag k="name" v="Bürgerplatz"/>
    <tag k="surface" v="paving_stones"/>
    <tag k="traffic_sign" v="DE:242.1,1026-35,1042-33[Mo-Fr 7-15,Sa 7-13],1022-10"/>
  </way>
  <way id="907120169">
    <nd ref="12736368254"/>
    <nd ref="12736368262"/>
    <nd ref="5377276827"/>
    <nd ref="2524492759"/>
    <nd ref="11286840950"/>
    <nd ref="11286840951"/>
    <nd ref="90709471"/>
    <tag k="bicycle" v="yes"/>
    <tag k="foot" v="designated"/>
    <tag k="highway" v="pedestrian"/>
    <tag k="lit" v="yes"/>
    <tag k="name" v="Maibaumplatz"/>
    <tag k="surface" v="paving_stones"/>
    <tag k="traffic_sign" v="DE:242.1,1022-10"/>
  </way>
  <way id="907120170">
    <nd ref="5377297864"/>
    <nd ref="1097900210"/>
    <nd ref="13875181"/>
    <nd ref="12736368256"/>
    <nd ref="12736368254"/>
    <tag k="bicycle" v="yes"/>
    <tag k="crossing" v="traffic_signals"/>
    <tag k="footway" v="crossing"/>
    <tag k="highway" v="footway"/>
    <tag k="surface" v="paving_stones"/>
  </way>
  <way id="907120171">
    <nd ref="1989552169"/>
    <nd ref="5377297672"/>
    <nd ref="11058137776"/>
    <nd ref="94971934"/>
    <tag k="bicycle" v="yes"/>
    <tag k="highway" v="footway"/>
    <tag k="lit" v="yes"/>
    <tag k="surface" v="paving_stones"/>
  </way>
  <way id="907120172">
    <nd ref="1830445694"/>
    <nd ref="533994660"/>
    <nd ref="8423406825"/>
    <tag k="bicycle" v="yes"/>
    <tag k="crossing" v="unmarked"/>
    <tag k="crossing:markings" v="no"/>
    <tag k="footway" v="crossing"/>
    <tag k="highway" v="footway"/>
    <tag k="surface" v="paving_stones"/>
  </way>
  <way id="912321704">
    <nd ref="8475095566"/>
    <nd ref="8475095567"/>
    <nd ref="8475095568"/>
    <nd ref="8475095569"/>
    <tag k="highway" v="service"/>
    <tag k="service" v="driveway"/>
    <tag k="surface" v="asphalt"/>
  </way>
  <way id="987684971">
    <nd ref="600470794"/>
    <nd ref="9129410878"/>
    <tag k="highway" v="footway"/>
    <tag k="surface" v="asphalt"/>
  </way>
  <way id="1006138272">
    <nd ref="1830597886"/>
    <nd ref="2092270333"/>
    <tag k="highway" v="footway"/>
    <tag k="surface" v="paving_stones"/>
  </way>
  <way id="1006138273">
    <nd ref="9282957829"/>
    <nd ref="3954829923"/>
    <tag k="highway" v="footway"/>
    <tag k="surface" v="paving_stones"/>
  </way>
  <way id="1006194819">
    <nd ref="94958690"/>
    <nd ref="3375274494"/>
    <tag k="cycleway:both" v="no"/>
    <tag k="foot" v="use_sidepath"/>
    <tag k="highway" v="residential"/>
    <tag k="lanes" v="2"/>
    <tag k="lit" v="yes"/>
    <tag k="maxspeed" v="30"/>
    <tag k="name" v="Telschowstraße"/>
    <tag k="parking:both" v="no"/>
    <tag k="sidewalk:both" v="separate"/>
    <tag k="surface" v="asphalt"/>
  </way>
  <way id="1083605008">
    <nd ref="9954757772"/>
    <nd ref="1874105353"/>
    <tag k="highway" v="service"/>
    <tag k="lanes" v="1"/>
    <tag k="service" v="driveway"/>
  </way>
  <way id="1108352142">
    <nd ref="11979321638"/>
    <nd ref="11979321639"/>
    <nd ref="11979321640"/>
    <nd ref="11979321641"/>
    <nd ref="11979321642"/>
    <nd ref="11979321643"/>
    <nd ref="11979321644"/>
    <nd ref="1829531394"/>
    <nd ref="1829531655"/>
    <nd ref="1829531554"/>
    <nd ref="1829531438"/>
    <tag k="access" v="private"/>
    <tag k="highway" v="service"/>
  </way>
  <way id="1160290199">
    <nd ref="10791001504"/>
    <nd ref="11740694760"/>
    <nd ref="13338316333"/>
    <nd ref="10791088306"/>
    <nd ref="10791088318"/>
    <nd ref="10791088305"/>
    <nd ref="7907790651"/>
    <tag k="highway" v="footway"/>
    <tag k="surface" v="asphalt"/>
  </way>
  <way id="1160290200">
    <nd ref="10791088306"/>
    <nd ref="10791088307"/>
    <nd ref="10791088308"/>
    <nd ref="10791088309"/>
    <nd ref="10791088310"/>
    <nd ref="10791088311"/>
    <nd ref="10791088312"/>
    <nd ref="10791088313"/>
    <nd ref="10791088314"/>
    <nd ref="10791088315"/>
    <nd ref="10791088316"/>
    <nd ref="10791088317"/>
    <nd ref="10791088318"/>
    <tag k="highway" v="footway"/>
    <tag k="surface" v="asphalt"/>
  </way>
  <way id="1160290202">
    <nd ref="1835169757"/>
    <nd ref="10791088328"/>
    <nd ref="13338297904"/>
    <nd ref="13338297905"/>
    <tag k="access" v="private"/>
    <tag k="highway" v="footway"/>
    <tag k="surface" v="paving_stones"/>
  </way>
  <way id="1160290203">
    <nd ref="12736394849"/>
    <nd ref="259830113"/>
    <tag k="highway" v="footway"/>
    <tag k="surface" v="paving_stones"/>
  </way>
  <way id="1160291994">
    <nd ref="9839834755"/>
    <nd ref="10791081849"/>
    <nd ref="10791081850"/>
    <nd ref="10791081851"/>
    <nd ref="10791081852"/>
    <nd ref="10791081853"/>
    <nd ref="10791081854"/>
    <nd ref="10791081855"/>
    <nd ref="10791081856"/>
    <tag k="highway" v="footway"/>
    <tag k="surface" v="paving_stones"/>
  </way>
  <way id="1160291995">
    <nd ref="10791081857"/>
    <nd ref="10791081858"/>
    <nd ref="10791081859"/>
    <nd ref="10791081860"/>
    <nd ref="10791081861"/>
    <tag k="highway" v="footway"/>
    <tag k="surface" v="asphalt"/>
  </way>
  <way id="1160291996">
    <nd ref="1829531400"/>
    <nd ref="13175395432"/>
    <nd ref="10791081862"/>
    <tag k="highway" v="footway"/>
    <tag k="surface" v="asphalt"/>
  </way>
  <way id="1189584138">
    <nd ref="442559624"/>
    <nd ref="11045995488"/>
    <nd ref="13460097279"/>
    <nd ref="11045995490"/>
    <nd ref="11045995494"/>
    <nd ref="11045995495"/>
    <nd ref="11045995496"/>
    <nd ref="11045995497"/>
    <nd ref="11045995498"/>
    <nd ref="11045995499"/>
    <tag k="highway" v="footway"/>
    <tag k="lit" v="yes"/>
    <tag k="surface" v="asphalt"/>
  </way>
  <way id="1189584139">
    <nd ref="442559624"/>
    <nd ref="11045995500"/>
    <nd ref="1828287444"/>
    <tag k="highway" v="footway"/>
    <tag k="lit" v="yes"/>
    <tag k="surface" v="paving_stones"/>
  </way>
  <way id="1190977031">
    <nd ref="12737511903"/>
    <nd ref="12737511905"/>
    <tag k="highway" v="footway"/>
    <tag k="level" v="0"/>
    <tag k="surface" v="paving_stones"/>
    <tag k="wheelchair" v="yes"/>
  </way>
  <way id="1191727351">
    <nd ref="11064348046"/>
    <nd ref="11064348047"/>
    <nd ref="11064348048"/>
    <nd ref="11064348049"/>
    <nd ref="11064348050"/>
    <nd ref="12733816303"/>
    <nd ref="12733816304"/>
    <nd ref="11064348051"/>
    <nd ref="12752098264"/>
    <nd ref="2149996429"/>
    <tag k="foot" v="designated"/>
    <tag k="footway" v="sidewalk"/>
    <tag k="highway" v="footway"/>
    <tag k="surface" v="asphalt"/>
  </way>
  <way id="1191727352">
    <nd ref="11064348053"/>
    <nd ref="11064348054"/>
    <nd ref="11064348055"/>
    <nd ref="11064348056"/>
    <nd ref="12750166397"/>
    <nd ref="12750166399"/>
    <nd ref="12750166400"/>
    <nd ref="12750202301"/>
    <nd ref="12750202302"/>
    <nd ref="12750202303"/>
    <tag k="highway" v="footway"/>
    <tag k="lit" v="yes"/>
    <tag k="surface" v="asphalt"/>
  </way>
  <way id="1191727353">
    <nd ref="12830261187"/>
    <nd ref="12830261186"/>
    <nd ref="12830261185"/>
    <nd ref="11064348063"/>
    <nd ref="11064348064"/>
    <nd ref="11064348065"/>
    <nd ref="11064348066"/>
    <nd ref="11064348068"/>
    <nd ref="12830261119"/>
    <nd ref="12830207809"/>
    <nd ref="1835169769"/>
    <tag k="foot" v="designated"/>
    <tag k="footway" v="sidewalk"/>
    <tag k="highway" v="footway"/>
    <tag k="surface" v="asphalt"/>
  </way>
  <way id="1218080480">
    <nd ref="2671716346"/>
    <nd ref="12737511903"/>
    <tag k="highway" v="footway"/>
    <tag k="level" v="0"/>
    <tag k="surface" v="paving_stones"/>
    <tag k="tunnel" v="yes"/>
    <tag k="wheelchair" v="yes"/>
  </way>
  <way id="1255669186">
    <nd ref="442871930"/>
    <nd ref="442871905"/>
    <tag k="highway" v="footway"/>
    <tag k="surface" v="paving_stones"/>
  </way>
  <way id="1263679350">
    <nd ref="11740694759"/>
    <nd ref="13338316331"/>
    <nd ref="11740694760"/>
    <nd ref="11740694762"/>
    <nd ref="11740694763"/>
    <nd ref="1198080698"/>
    <nd ref="11740694765"/>
    <nd ref="12830207808"/>
    <nd ref="11740694766"/>
    <tag k="highway" v="footway"/>
    <tag k="surface" v="paving_stones"/>
  </way>
  <way id="1292221052">
    <nd ref="5377297860"/>
    <nd ref="11979321651"/>
    <nd ref="11979321650"/>
    <tag k="highway" v="service"/>
    <tag k="service" v="parking_aisle"/>
    <tag k="surface" v="paving_stones"/>
  </way>
  <way id="1293481849">
    <nd ref="12823822518"/>
    <nd ref="1340851781"/>
    <nd ref="11990631746"/>
    <nd ref="11990631747"/>
    <nd ref="1340851784"/>
    <tag k="highway" v="footway"/>
    <tag k="surface" v="paving_stones"/>
  </way>
  <way id="1306900143">
    <nd ref="846758930"/>
    <nd ref="846758935"/>
    <tag k="highway" v="footway"/>
    <tag k="surface" v="pebblestone"/>
  </way>
  <way id="1336493875">
    <nd ref="12361752258"/>
    <nd ref="12361752259"/>
    <tag k="highway" v="footway"/>
    <tag k="surface" v="asphalt"/>
  </way>
  <way id="1360318973">
    <nd ref="12592806702"/>
    <nd ref="1835176707"/>
    <tag k="highway" v="service"/>
    <tag k="lit" v="yes"/>
    <tag k="smoothness" v="good"/>
    <tag k="surface" v="paving_stones"/>
  </way>
  <way id="1360319118">
    <nd ref="1408150755"/>
    <nd ref="5377298023"/>
    <tag k="highway" v="service"/>
    <tag k="lit" v="yes"/>
    <tag k="smoothness" v="good"/>
    <tag k="surface" v="paving_stones"/>
  </way>
  <way id="1360319120">
    <nd ref="12941546516"/>
    <nd ref="12941570309"/>
    <tag k="highway" v="service"/>
    <tag k="lit" v="yes"/>
    <tag k="smoothness" v="good"/>
    <tag k="surface" v="paving_stones"/>
  </way>
  <way id="1370961497">
    <nd ref="442561837"/>
    <nd ref="12697359208"/>
    <nd ref="12697359209"/>
    <nd ref="12697359210"/>
    <tag k="highway" v="footway"/>
    <tag k="surface" v="paving_stones"/>
  </way>
  <way id="1375435613">
    <nd ref="639272728"/>
    <nd ref="12735375899"/>
    <tag k="handrail" v="yes"/>
    <tag k="highway" v="steps"/>
    <tag k="incline" v="down"/>
    <tag k="ramp" v="no"/>
    <tag k="step_count" v="3"/>
    <tag k="surface" v="paving_stones"/>
    <tag k="tactile_paving" v="no"/>
  </way>
  <way id="1375600110">
    <nd ref="1956501181"/>
    <nd ref="12878735140"/>
    <tag k="highway" v="footway"/>
    <tag k="incline" v="up"/>
    <tag k="surface" v="paving_stones"/>
  </way>
  <way id="1375600111">
    <nd ref="12878735140"/>
    <nd ref="12878735141"/>
    <tag k="access" v="yes"/>
    <tag k="handrail" v="yes"/>
    <tag k="highway" v="steps"/>
    <tag k="incline" v="up"/>
    <tag k="ramp" v="no"/>
    <tag k="step_count" v="6"/>
    <tag k="surface" v="metal"/>
    <tag k="tactile_paving" v="no"/>
  </way>
  <way id="1375600112">
    <nd ref="12878735141"/>
    <nd ref="12825805929"/>
    <nd ref="12736705430"/>
    <nd ref="12736705439"/>
    <nd ref="12736705437"/>
    <nd ref="13669069401"/>
    <nd ref="13669069402"/>
    <nd ref="13324434808"/>
    <nd ref="12736705432"/>
    <nd ref="13166045541"/>
    <nd ref="12736734351"/>
    <nd ref="12736705433"/>
    <nd ref="12736705434"/>
    <nd ref="12736705435"/>
    <nd ref="12736705436"/>
    <tag k="highway" v="footway"/>
    <tag k="surface" v="paving_stones"/>
    <tag k="tunnel" v="yes"/>
  </way>
  <way id="1375600113">
    <nd ref="12736705436"/>
    <nd ref="1830597885"/>
    <tag k="highway" v="footway"/>
    <tag k="surface" v="paving_stones"/>
  </way>
  <way id="1375600114">
    <nd ref="12736705430"/>
    <nd ref="12736705443"/>
    <tag k="highway" v="footway"/>
    <tag k="surface" v="paving_stones"/>
    <tag k="tunnel" v="yes"/>
  </way>
  <way id="1375600115">
    <nd ref="12736705443"/>
    <nd ref="12736705444"/>
    <tag k="highway" v="footway"/>
    <tag k="surface" v="paving_stones"/>
  </way>
  <way id="1375600117">
    <nd ref="529869301"/>
    <nd ref="12736705437"/>
    <nd ref="13669062800"/>
    <nd ref="12736705445"/>
    <tag k="highway" v="footway"/>
    <tag k="surface" v="paving_stones"/>
    <tag k="tunnel" v="yes"/>
  </way>
  <way id="1375600118">
    <nd ref="12736705445"/>
    <nd ref="529886544"/>
    <tag k="handrail" v="no"/>
    <tag k="highway" v="steps"/>
    <tag k="incline" v="down"/>
    <tag k="ramp" v="no"/>
    <tag k="step_count" v="2"/>
    <tag k="surface" v="paving_stones"/>
    <tag k="tactile_paving" v="no"/>
  </way>
  <way id="1375935506">
    <nd ref="259831261"/>
    <nd ref="1408150754"/>
    <nd ref="12750139326"/>
    <nd ref="639272714"/>
    <nd ref="624444538"/>
    <nd ref="624444541"/>
    <nd ref="1834993029"/>
    <nd ref="13669062779"/>
    <nd ref="624444544"/>
    <tag k="bicycle" v="no"/>
    <tag k="foot" v="destination"/>
    <tag k="highway" v="footway"/>
    <tag k="name" v="Bürgerplatz"/>
    <tag k="surface" v="paving_stones"/>
    <tag k="width" v="1"/>
  </way>
  <way id="1375935507">
    <nd ref="624444544"/>
    <nd ref="12747527757"/>
    <nd ref="1349656703"/>
    <tag k="bicycle" v="no"/>
    <tag k="highway" v="footway"/>
    <tag k="surface" v="paving_stones"/>
    <tag k="tunnel" v="yes"/>
    <tag k="width" v="1"/>
  </way>
  <way id="1375935508">
    <nd ref="12739676616"/>
    <nd ref="12739676617"/>
    <tag k="highway" v="footway"/>
    <tag k="surface" v="paving_stones"/>
  </way>
  <way id="1375935509">
    <nd ref="12739676617"/>
    <nd ref="12739676619"/>
    <nd ref="12739676620"/>
    <nd ref="12739676621"/>
    <nd ref="12739676622"/>
    <nd ref="12739676623"/>
    <tag k="handrail" v="yes"/>
    <tag k="highway" v="steps"/>
    <tag k="incline" v="down"/>
    <tag k="ramp" v="no"/>
    <tag k="step_count" v="9"/>
    <tag k="surface" v="paving_stones"/>
    <tag k="tactile_paving" v="no"/>
  </way>
  <way id="1375935510">
    <nd ref="12739676623"/>
    <nd ref="12739676624"/>
    <tag k="highway" v="footway"/>
    <tag k="surface" v="paving_stones"/>
  </way>
  <way id="1376044829">
    <nd ref="12740836973"/>
    <nd ref="12740836974"/>
    <nd ref="12740836984"/>
    <nd ref="12740836952"/>
    <nd ref="12740836988"/>
    <nd ref="12740836953"/>
    <nd ref="12740836977"/>
    <nd ref="12837254394"/>
    <nd ref="12837254398"/>
    <nd ref="12740836973"/>
    <tag k="highway" v="service"/>
    <tag k="layer" v="-1"/>
    <tag k="lit" v="yes"/>
    <tag k="maxheight" v="2.3"/>
    <tag k="maxspeed" v="10"/>
    <tag k="oneway" v="yes"/>
    <tag k="surface" v="concrete"/>
    <tag k="tunnel" v="yes"/>
  </way>
  <way id="1376044835">
    <nd ref="12740836979"/>
    <nd ref="12740836983"/>
    <nd ref="12740836982"/>
    <tag k="highway" v="footway"/>
    <tag k="surface" v="paving_stones"/>
    <tag k="tunnel" v="yes"/>
  </way>
  <way id="1376044836">
    <nd ref="12740836982"/>
    <nd ref="12740836986"/>
    <nd ref="12740836984"/>
    <tag k="highway" v="corridor"/>
    <tag k="indoor" v="yes"/>
    <tag k="layer" v="-2"/>
    <tag k="level" v="-1"/>
    <tag k="surface" v="concrete"/>
    <tag k="tunnel" v="yes"/>
  </way>
  <way id="1376044837">
    <nd ref="12740836983"/>
    <nd ref="12740836985"/>
    <nd ref="12740836986"/>
    <tag k="access" v="yes"/>
    <tag k="highway" v="steps"/>
    <tag k="incline" v="down"/>
    <tag k="indoor" v="yes"/>
    <tag k="layer" v="-1"/>
    <tag k="lit" v="yes"/>
    <tag k="tunnel" v="yes"/>
  </way>
  <way id="1376466051">
    <nd ref="12744619726"/>
    <nd ref="12744619727"/>
    <tag k="handrail" v="yes"/>
    <tag k="highway" v="steps"/>
    <tag k="incline" v="down"/>
    <tag k="ramp" v="no"/>
    <tag k="step_count" v="10"/>
    <tag k="surface" v="paving_stones"/>
    <tag k="tactile_paving" v="no"/>
  </way>
  <way id="1376466053">
    <nd ref="624444546"/>
    <nd ref="12744619742"/>
    <tag k="highway" v="footway"/>
    <tag k="surface" v="sett"/>
  </way>
  <way id="1376466055">
    <nd ref="12744619762"/>
    <nd ref="12744619763"/>
    <tag k="highway" v="footway"/>
    <tag k="surface" v="concrete"/>
  </way>
  <way id="1376466056">
    <nd ref="12744619763"/>
    <nd ref="12744619764"/>
    <tag k="handrail" v="yes"/>
    <tag k="highway" v="steps"/>
    <tag k="incline" v="down"/>
    <tag k="ramp" v="no"/>
    <tag k="step_count" v="4"/>
    <tag k="surface" v="concrete"/>
    <tag k="tactile_paving" v="no"/>
  </way>
  <way id="1376466057">
    <nd ref="12744619764"/>
    <nd ref="12744619765"/>
    <tag k="highway" v="footway"/>
    <tag k="surface" v="paving_stones"/>
  </way>
  <way id="1376699462">
    <nd ref="12747514378"/>
    <nd ref="13357763650"/>
    <nd ref="12747514377"/>
    <nd ref="12747514371"/>
    <nd ref="12747514381"/>
    <nd ref="12747514372"/>
    <nd ref="12747514373"/>
    <nd ref="12692702616"/>
    <tag k="highway" v="corridor"/>
    <tag k="indoor" v="yes"/>
  </way>
  <way id="1376699463">
    <nd ref="13357763643"/>
    <nd ref="12747514371"/>
    <tag k="highway" v="corridor"/>
    <tag k="indoor" v="yes"/>
  </way>
  <way id="1376699464">
    <nd ref="1342019533"/>
    <nd ref="13357763634"/>
    <nd ref="12747514375"/>
    <nd ref="13357763637"/>
    <nd ref="12747514370"/>
    <nd ref="12747515503"/>
    <nd ref="12747514400"/>
    <nd ref="12747514376"/>
    <nd ref="13357763650"/>
    <tag k="highway" v="corridor"/>
    <tag k="indoor" v="yes"/>
  </way>
  <way id="1376699465">
    <nd ref="12747514373"/>
    <nd ref="12747514380"/>
    <tag k="highway" v="corridor"/>
    <tag k="indoor" v="yes"/>
  </way>
  <way id="1376699466">
    <nd ref="12747514381"/>
    <nd ref="12747514382"/>
    <tag k="highway" v="corridor"/>
    <tag k="indoor" v="yes"/>
  </way>
  <way id="1376699468">
    <nd ref="12744619762"/>
    <nd ref="12747514396"/>
    <tag k="highway" v="corridor"/>
    <tag k="indoor" v="yes"/>
  </way>
  <way id="1376699469">
    <nd ref="12747514397"/>
    <nd ref="12747514396"/>
    <nd ref="12747514398"/>
    <tag k="highway" v="corridor"/>
    <tag k="indoor" v="yes"/>
  </way>
  <way id="1376699471">
    <nd ref="12747515502"/>
    <nd ref="12747515503"/>
    <nd ref="12747515504"/>
    <tag k="highway" v="corridor"/>
    <tag k="indoor" v="yes"/>
  </way>
  <way id="1376702063">
    <nd ref="12747527759"/>
    <nd ref="12747527751"/>
    <nd ref="12747527752"/>
    <nd ref="12747527761"/>
    <nd ref="12747527753"/>
    <nd ref="12747527754"/>
    <nd ref="12747527755"/>
    <nd ref="12747527762"/>
    <nd ref="12747527765"/>
    <nd ref="12747527756"/>
    <nd ref="12747527757"/>
    <tag k="highway" v="footway"/>
    <tag k="surface" v="paving_stones"/>
    <tag k="tunnel" v="yes"/>
  </way>
  <way id="1376702064">
    <nd ref="12747527759"/>
    <nd ref="12747527760"/>
    <nd ref="12747527752"/>
    <tag k="handrail" v="yes"/>
    <tag k="highway" v="steps"/>
    <tag k="incline" v="up"/>
    <tag k="ramp" v="no"/>
    <tag k="step_count" v="23"/>
    <tag k="surface" v="paving_stones"/>
    <tag k="tactile_paving" v="no"/>
  </way>
  <way id="1376702065">
    <nd ref="12747527763"/>
    <nd ref="12747527764"/>
    <nd ref="12747527765"/>
    <tag k="handrail" v="yes"/>
    <tag k="highway" v="steps"/>
    <tag k="incline" v="up"/>
    <tag k="ramp" v="no"/>
    <tag k="step_count" v="23"/>
    <tag k="surface" v="paving_stones"/>
    <tag k="tactile_paving" v="no"/>
  </way>
  <way id="1376702066">
    <nd ref="624444538"/>
    <nd ref="12747527767"/>
    <tag k="highway" v="footway"/>
    <tag k="surface" v="paving_stones"/>
    <tag k="width" v="1"/>
  </way>
  <way id="1376702067">
    <nd ref="12747527768"/>
    <nd ref="1834993029"/>
    <tag k="highway" v="footway"/>
    <tag k="surface" v="paving_stones"/>
    <tag k="width" v="1"/>
  </way>
  <way id="1377012149">
    <nd ref="12747527759"/>
    <nd ref="12750139326"/>
    <nd ref="12750139325"/>
    <tag k="highway" v="footway"/>
    <tag k="surface" v="paving_stones"/>
  </way>
  <way id="1377012150">
    <nd ref="12750139325"/>
    <nd ref="12750139327"/>
    <nd ref="12750139328"/>
    <nd ref="12750139329"/>
    <nd ref="12750139330"/>
    <nd ref="12750139331"/>
    <tag k="highway" v="footway"/>
    <tag k="surface" v="paving_stones"/>
    <tag k="tunnel" v="yes"/>
  </way>
  <way id="1377012151">
    <nd ref="12750139331"/>
    <nd ref="12750139332"/>
    <tag k="highway" v="footway"/>
    <tag k="surface" v="paving_stones"/>
  </way>
  <way id="1377012152">
    <nd ref="12747527763"/>
    <nd ref="12747527756"/>
    <tag k="highway" v="footway"/>
    <tag k="layer" v="-1"/>
    <tag k="surface" v="sett"/>
    <tag k="tunnel" v="yes"/>
  </way>
  <way id="1377021375">
    <nd ref="1379229741"/>
    <nd ref="12750222769"/>
    <tag k="highway" v="footway"/>
    <tag k="surface" v="pebblestone"/>
  </way>
  <way id="1383510506">
    <nd ref="12809228205"/>
    <nd ref="12809228204"/>
    <nd ref="12809228206"/>
    <tag k="access" v="private"/>
    <tag k="highway" v="footway"/>
  </way>
  <way id="1385321440">
    <nd ref="12825610027"/>
    <nd ref="12825610028"/>
    <nd ref="1835169766"/>
    <tag k="highway" v="footway"/>
    <tag k="surface" v="asphalt"/>
  </way>
  <way id="1385348198">
    <nd ref="12825805929"/>
    <nd ref="12825805930"/>
    <tag k="highway" v="footway"/>
    <tag k="layer" v="-1"/>
    <tag k="surface" v="paving_stones"/>
    <tag k="tunnel" v="yes"/>
  </way>
  <way id="1385595059">
    <nd ref="639272722"/>
    <nd ref="12828529832"/>
    <nd ref="442012977"/>
    <tag k="highway" v="footway"/>
    <tag k="surface" v="paving_stones"/>
    <tag k="width" v="1"/>
  </way>
  <way id="1385595060">
    <nd ref="12828529830"/>
    <nd ref="12828529832"/>
    <tag k="highway" v="footway"/>
    <tag k="surface" v="paving_stones"/>
    <tag k="width" v="1"/>
  </way>
  <way id="1385595061">
    <nd ref="1827694469"/>
    <nd ref="12828529839"/>
    <nd ref="1390701859"/>
    <tag k="highway" v="footway"/>
    <tag k="surface" v="paving_stones"/>
    <tag k="width" v="1"/>
  </way>
  <way id="1385751715">
    <nd ref="1702521443"/>
    <nd ref="12830033649"/>
    <nd ref="12830033666"/>
    <tag k="highway" v="footway"/>
    <tag k="surface" v="paving_stones"/>
    <tag k="width" v="1"/>
  </way>
  <way id="1385777117">
    <nd ref="12830261114"/>
    <nd ref="12830261116"/>
    <nd ref="12830261115"/>
    <tag k="highway" v="service"/>
    <tag k="service" v="driveway"/>
    <tag k="surface" v="asphalt"/>
  </way>
  <way id="1385777118">
    <nd ref="12830261117"/>
    <nd ref="12830261119"/>
    <nd ref="12830261118"/>
    <tag k="highway" v="service"/>
    <tag k="service" v="driveway"/>
    <tag k="surface" v="asphalt"/>
  </way>
  <way id="1386956368">
    <nd ref="12839624695"/>
    <nd ref="12839624696"/>
    <nd ref="12839624697"/>
    <tag k="highway" v="service"/>
    <tag k="lit" v="yes"/>
    <tag k="surface" v="asphalt"/>
  </way>
  <way id="1387548926">
    <nd ref="1327106289"/>
    <nd ref="12844386131"/>
    <tag k="highway" v="footway"/>
    <tag k="surface" v="paving_stones"/>
  </way>
  <way id="1387548927">
    <nd ref="12844386132"/>
    <nd ref="12844386133"/>
    <tag k="handrail" v="yes"/>
    <tag k="highway" v="steps"/>
    <tag k="incline" v="down"/>
    <tag k="name" v="Theater im Römerhof"/>
    <tag k="ramp" v="no"/>
    <tag k="step_count" v="18"/>
    <tag k="surface" v="concrete"/>
    <tag k="tactile_paving" v="no"/>
  </way>
  <way id="1387548928">
    <nd ref="12844386133"/>
    <nd ref="12844386134"/>
    <tag k="highway" v="footway"/>
    <tag k="surface" v="paving_stones"/>
  </way>
  <way id="1387548929">
    <nd ref="12844386136"/>
    <nd ref="12844386137"/>
    <tag k="highway" v="footway"/>
    <tag k="surface" v="paving_stones"/>
  </way>
  <way id="1388951042">
    <nd ref="12750202305"/>
    <nd ref="12750166398"/>
    <tag k="highway" v="footway"/>
    <tag k="smoothness" v="good"/>
    <tag k="surface" v="asphalt"/>
  </way>
  <way id="1391887539">
    <nd ref="1874105353"/>
    <nd ref="1660206728"/>
    <tag k="highway" v="service"/>
    <tag k="service" v="driveway"/>
    <tag k="surface" v="asphalt"/>
  </way>
  <way id="1391887540">
    <nd ref="12884083862"/>
    <nd ref="8114174915"/>
    <nd ref="442843721"/>
    <tag k="highway" v="footway"/>
    <tag k="surface" v="paving_stones"/>
  </way>
  <way id="1391887541">
    <nd ref="1349003754"/>
    <nd ref="12884083863"/>
    <nd ref="1340851781"/>
    <tag k="highway" v="footway"/>
    <tag k="surface" v="pebblestone"/>
  </way>
  <way id="1391887542">
    <nd ref="12884083863"/>
    <nd ref="12884083866"/>
    <nd ref="12884083865"/>
    <tag k="highway" v="footway"/>
    <tag k="surface" v="pebblestone"/>
  </way>
  <way id="1392085986">
    <nd ref="1340851777"/>
    <nd ref="12886440309"/>
    <tag k="highway" v="footway"/>
    <tag k="surface" v="paving_stones"/>
  </way>
  <way id="1392085987">
    <nd ref="12886440314"/>
    <nd ref="11979321650"/>
    <nd ref="12886440315"/>
    <tag k="highway" v="footway"/>
    <tag k="surface" v="sett"/>
  </way>
  <way id="1408581886">
    <nd ref="12944857078"/>
    <nd ref="12944857079"/>
    <nd ref="3954829913"/>
    <tag k="access" v="private"/>
    <tag k="highway" v="footway"/>
  </way>
  <way id="1415841291">
    <nd ref="8396545580"/>
    <nd ref="8396545579"/>
    <nd ref="8396545578"/>
    <nd ref="8396545577"/>
    <nd ref="12886387374"/>
    <tag k="access" v="private"/>
    <tag k="highway" v="service"/>
    <tag k="layer" v="-1"/>
    <tag k="service" v="driveway"/>
    <tag k="tunnel" v="yes"/>
  </way>
  <way id="1418159361">
    <nd ref="12806107163"/>
    <nd ref="2024824565"/>
    <nd ref="12806107164"/>
    <nd ref="1361555657"/>
    <tag k="footway" v="sidewalk"/>
    <tag k="highway" v="footway"/>
    <tag k="surface" v="asphalt"/>
  </way>
  <way id="1418676264">
    <nd ref="1829531673"/>
    <nd ref="442559568"/>
    <nd ref="442559576"/>
    <tag k="highway" v="footway"/>
    <tag k="surface" v="paving_stones"/>
  </way>
  <way id="1430679163">
    <nd ref="13150971813"/>
    <nd ref="13150971815"/>
    <nd ref="13150971814"/>
    <nd ref="12744619765"/>
    <nd ref="13669069403"/>
    <tag k="bicycle" v="yes"/>
    <tag k="highway" v="pedestrian"/>
    <tag k="lit" v="automatic"/>
    <tag k="name" v="Bürgerplatz"/>
    <tag k="surface" v="paving_stones"/>
  </way>
  <way id="1431123436">
    <nd ref="13154936230"/>
    <nd ref="13154936231"/>
    <tag k="highway" v="service"/>
    <tag k="service" v="driveway"/>
    <tag k="surface" v="asphalt"/>
  </way>
  <way id="1431123437">
    <nd ref="1829531526"/>
    <nd ref="13154936232"/>
    <tag k="highway" v="service"/>
    <tag k="service" v="driveway"/>
    <tag k="surface" v="fine_gravel"/>
  </way>
  <way id="1431166603">
    <nd ref="1340957715"/>
    <nd ref="13155238644"/>
    <nd ref="10791088308"/>
    <tag k="access" v="private"/>
    <tag k="highway" v="service"/>
    <tag k="service" v="driveway"/>
  </way>
  <way id="1433578477">
    <nd ref="13175395426"/>
    <nd ref="13175395427"/>
    <nd ref="13175395431"/>
    <nd ref="13175395428"/>
    <nd ref="13175395429"/>
    <nd ref="13175395430"/>
    <nd ref="13175395431"/>
    <tag k="highway" v="footway"/>
    <tag k="surface" v="paving_stones"/>
  </way>
  <way id="1433578478">
    <nd ref="13175395429"/>
    <nd ref="13175395432"/>
    <tag k="access" v="yes"/>
    <tag k="handrail" v="yes"/>
    <tag k="highway" v="steps"/>
    <tag k="incline" v="up"/>
    <tag k="ramp" v="no"/>
    <tag k="step_count" v="3"/>
    <tag k="surface" v="concrete"/>
    <tag k="tactile_paving" v="no"/>
  </way>
  <way id="1433578479">
    <nd ref="1828253198"/>
    <nd ref="9839834755"/>
    <nd ref="442559553"/>
    <tag k="highway" v="footway"/>
    <tag k="surface" v="paving_stones"/>
  </way>
  <way id="1433578480">
    <nd ref="13175395433"/>
    <nd ref="13175395434"/>
    <tag k="highway" v="footway"/>
    <tag k="surface" v="asphalt"/>
  </way>
  <way id="1444028664">
    <nd ref="1941842400"/>
    <nd ref="1830445704"/>
    <tag k="bicycle" v="yes"/>
    <tag k="foot" v="designated"/>
    <tag k="footway" v="sidewalk"/>
    <tag k="highway" v="footway"/>
    <tag k="oneway:bicycle" v="yes"/>
    <tag k="surface" v="paving_stones"/>
    <tag k="traffic_sign" v="DE:239,1022-10"/>
  </way>
  <way id="1444028665">
    <nd ref="90709448"/>
    <nd ref="1941842400"/>
    <tag k="highway" v="path"/>
    <tag k="path" v="link"/>
    <tag k="surface" v="asphalt"/>
  </way>
  <way id="1445973327">
    <nd ref="13266918289"/>
    <nd ref="13266918260"/>
    <tag k="access" v="private"/>
    <tag k="highway" v="service"/>
    <tag k="service" v="driveway"/>
    <tag k="surface" v="asphalt"/>
  </way>
  <way id="1445973333">
    <nd ref="13266918281"/>
    <nd ref="1830445704"/>
    <tag k="access" v="private"/>
    <tag k="highway" v="service"/>
    <tag k="surface" v="paving_stones"/>
  </way>
  <way id="1445973334">
    <nd ref="13266918286"/>
    <nd ref="13266918284"/>
    <tag k="access" v="private"/>
    <tag k="highway" v="service"/>
    <tag k="surface" v="asphalt"/>
  </way>
  <way id="1445973335">
    <nd ref="1941842404"/>
    <nd ref="13266918285"/>
    <tag k="highway" v="service"/>
    <tag k="surface" v="asphalt"/>
  </way>
  <way id="1452988041">
    <nd ref="13325094286"/>
    <nd ref="13325094289"/>
    <nd ref="13325094291"/>
    <tag k="access" v="private"/>
    <tag k="highway" v="footway"/>
  </way>
  <way id="1454419236">
    <nd ref="13338316326"/>
    <nd ref="13338316328"/>
    <nd ref="13338316327"/>
    <tag k="highway" v="service"/>
    <tag k="service" v="driveway"/>
    <tag k="surface" v="paving_stones"/>
  </way>
  <way id="1454419237">
    <nd ref="13338316331"/>
    <nd ref="13338316332"/>
    <nd ref="13338316333"/>
    <tag k="highway" v="footway"/>
    <tag k="surface" v="paving_stones"/>
  </way>
  <way id="1456518145">
    <nd ref="13357763658"/>
    <nd ref="13357763659"/>
    <tag k="highway" v="footway"/>
    <tag k="surface" v="metal"/>
  </way>
  <way id="1456518146">
    <nd ref="13357763659"/>
    <nd ref="13357763660"/>
    <tag k="handrail" v="yes"/>
    <tag k="highway" v="steps"/>
    <tag k="incline" v="down"/>
    <tag k="ramp" v="no"/>
    <tag k="step_count" v="9"/>
    <tag k="surface" v="metal"/>
    <tag k="tactile_paving" v="no"/>
  </way>
  <way id="1456518147">
    <nd ref="13357763660"/>
    <nd ref="1956501162"/>
    <tag k="highway" v="footway"/>
    <tag k="name" v="Bühnenaufgang"/>
    <tag k="surface" v="paving_stones"/>
  </way>
  <way id="1456518148">
    <nd ref="13357763643"/>
    <nd ref="13357763661"/>
    <nd ref="13357763662"/>
    <nd ref="13357763665"/>
    <nd ref="13357763663"/>
    <nd ref="1342019533"/>
    <nd ref="13357763664"/>
    <tag k="highway" v="footway"/>
    <tag k="layer" v="0"/>
    <tag k="surface" v="paving_stones"/>
    <tag k="tunnel" v="yes"/>
  </way>
  <way id="1456518149">
    <nd ref="13357763656"/>
    <nd ref="13357763665"/>
    <tag k="highway" v="footway"/>
    <tag k="layer" v="0"/>
    <tag k="surface" v="paving_stones"/>
    <tag k="tunnel" v="yes"/>
  </way>
  <way id="1456518150">
    <nd ref="1331241675"/>
    <nd ref="13357763671"/>
    <nd ref="13357763673"/>
    <nd ref="13357763672"/>
    <tag k="highway" v="footway"/>
    <tag k="surface" v="paving_stones"/>
  </way>
  <way id="1456518151">
    <nd ref="12747514378"/>
    <nd ref="13357763673"/>
    <tag k="highway" v="footway"/>
    <tag k="layer" v="0"/>
    <tag k="surface" v="paving_stones"/>
    <tag k="tunnel" v="yes"/>
  </way>
  <way id="1456518152">
    <nd ref="12747515505"/>
    <nd ref="13357763671"/>
    <tag k="highway" v="footway"/>
    <tag k="layer" v="0"/>
    <tag k="surface" v="paving_stones"/>
    <tag k="tunnel" v="yes"/>
  </way>
  <way id="1456518155">
    <nd ref="13357763649"/>
    <nd ref="13357763650"/>
    <tag k="highway" v="corridor"/>
    <tag k="indoor" v="yes"/>
  </way>
  <way id="1456518157">
    <nd ref="13357763685"/>
    <nd ref="13357763686"/>
    <nd ref="13357763688"/>
    <nd ref="13357763687"/>
    <tag k="access" v="private"/>
    <tag k="highway" v="service"/>
    <tag k="service" v="driveway"/>
    <tag k="surface" v="paving_stones"/>
  </way>
  <way id="1467293816">
    <nd ref="29398432"/>
    <nd ref="442861653"/>
    <nd ref="13458146150"/>
    <tag k="highway" v="service"/>
    <tag k="service" v="driveway"/>
    <tag k="surface" v="paving_stones"/>
  </way>
  <way id="1467376900">
    <nd ref="13458858733"/>
    <nd ref="454950073"/>
    <nd ref="13458858734"/>
    <tag k="highway" v="service"/>
  </way>
  <way id="1467557764">
    <nd ref="13460097279"/>
    <nd ref="13460097282"/>
    <nd ref="13460097280"/>
    <nd ref="13460097281"/>
    <nd ref="13460097283"/>
    <nd ref="442559619"/>
    <tag k="access" v="private"/>
    <tag k="highway" v="footway"/>
    <tag k="surface" v="paving_stones"/>
  </way>
  <way id="1490321645">
    <nd ref="12747527750"/>
    <nd ref="13659606412"/>
    <tag k="highway" v="footway"/>
    <tag k="surface" v="paving_stones"/>
  </way>
  <way id="1490321646">
    <nd ref="13659606413"/>
    <nd ref="13659606405"/>
    <nd ref="13659606406"/>
    <nd ref="13659606407"/>
    <nd ref="13659606408"/>
    <nd ref="8423406819"/>
    <tag k="bicycle" v="yes"/>
    <tag k="highway" v="pedestrian"/>
    <tag k="lit" v="yes"/>
    <tag k="motor_vehicle:conditional" v="delivery @ (Mo-Fr 07:00-15:00, Sa 07:00-13:00)"/>
    <tag k="name" v="Bürgerplatz"/>
    <tag k="surface" v="paving_stones"/>
    <tag k="traffic_sign" v="DE:242.1,1026-35,1042-33[Mo-Fr 7-15,Sa 7-13],1022-10"/>
  </way>
  <way id="1490321647">
    <nd ref="13659606406"/>
    <nd ref="6429361624"/>
    <tag k="bicycle" v="yes"/>
    <tag k="highway" v="pedestrian"/>
    <tag k="lit" v="automatic"/>
    <tag k="motor_vehicle:conditional" v="delivery @ (Mo-Fr 07:00-15:00, Sa 07:00-13:00)"/>
    <tag k="name" v="Bürgerplatz"/>
    <tag k="surface" v="paving_stones"/>
    <tag k="traffic_sign" v="DE:242.1,1026-35,1042-33[Mo-Fr 7-15,Sa 7-13],1022-10"/>
  </way>
  <way id="1490321648">
    <nd ref="6429361622"/>
    <nd ref="12692702616"/>
    <tag k="bicycle" v="yes"/>
    <tag k="highway" v="pedestrian"/>
    <tag k="lit" v="automatic"/>
    <tag k="motor_vehicle:conditional" v="delivery @ (Mo-Fr 07:00-15:00, Sa 07:00-13:00)"/>
    <tag k="name" v="Bürgerplatz"/>
    <tag k="surface" v="paving_stones"/>
    <tag k="traffic_sign" v="DE:242.1,1026-35,1042-33[Mo-Fr 7-15,Sa 7-13],1022-10"/>
  </way>
  <way id="1490321651">
    <nd ref="1390701856"/>
    <nd ref="13659606458"/>
    <tag k="highway" v="footway"/>
    <tag k="surface" v="paving_stones"/>
  </way>
  <way id="1490321653">
    <nd ref="624444546"/>
    <nd ref="8423406821"/>
    <tag k="bicycle" v="yes"/>
    <tag k="highway" v="pedestrian"/>
    <tag k="lit" v="automatic"/>
    <tag k="motor_vehicle:conditional" v="delivery @ (Mo-Fr 07:00-15:00, Sa 07:00-13:00)"/>
    <tag k="name" v="Bürgerplatz"/>
    <tag k="surface" v="paving_stones"/>
    <tag k="traffic_sign" v="DE:242.1,1026-35,1042-33[Mo-Fr 7-15,Sa 7-13],1022-10"/>
  </way>
  <way id="1491497658">
    <nd ref="1958117027"/>
    <nd ref="13669114216"/>
    <nd ref="13669114215"/>
    <tag k="highway" v="service"/>
    <tag k="service" v="driveway"/>
    <tag k="surface" v="asphalt"/>
  </way>

</osm>
