<?xml version="1.0" encoding="UTF-8"?>
<osm version="0.6" generator="Overpass API 0.7.62.11 87bfad18">
<note>The data included in this document is from www.openstreetmap.org. The data is made available under ODbL.</note>
<meta osm_base="2026-07-07T11:31:02Z"/>

  <node id="42428287" lat="40.7558193" lon="-73.9864249">
    <tag k="highway" v="traffic_signals"/>
  </node>
  <node id="42428297" lat="40.7579634" lon="-73.9855335">
    <tag k="highway" v="traffic_signals"/>
  </node>
  <node id="42428303" lat="40.7594380" lon="-73.9851371">
    <tag k="highway" v="traffic_signals"/>
  </node>
  <node id="42428305" lat="40.7601126" lon="-73.9848196">
    <tag k="highway" v="traffic_signals"/>
  </node>
  <node id="42428307" lat="40.7608040" lon="-73.9845206">
    <tag k="highway" v="traffic_signals"/>
  </node>
  <node id="42428308" lat="40.7614503" lon="-73.9840983">
    <tag k="highway" v="traffic_signals"/>
  </node>
  <node id="42428310" lat="40.7620858" lon="-73.9836782">
    <tag k="highway" v="traffic_signals"/>
  </node>
  <node id="42430333" lat="40.7548420" lon="-73.9841180">
    <tag k="highway" v="traffic_signals"/>
  </node>
  <node id="42430338" lat="40.7555160" lon="-73.9836240">
    <tag k="highway" v="traffic_signals"/>
  </node>
  <node id="42430342" lat="40.7561421" lon="-73.9831665">
    <tag k="highway" v="traffic_signals"/>
  </node>
  <node id="42430344" lat="40.7567712" lon="-73.9827118">
    <tag k="highway" v="traffic_signals"/>
  </node>
  <node id="42430347" lat="40.7573902" lon="-73.9822537">
    <tag k="highway" v="traffic_signals"/>
  </node>
  <node id="42430350" lat="40.7580163" lon="-73.9817975">
    <tag k="highway" v="traffic_signals"/>
  </node>
  <node id="42430352" lat="40.7586450" lon="-73.9813410">
    <tag k="highway" v="traffic_signals"/>
  </node>
  <node id="42430356" lat="40.7592744" lon="-73.9808828">
    <tag k="highway" v="traffic_signals"/>
  </node>
  <node id="42430358" lat="40.7599106" lon="-73.9804176">
    <tag k="highway" v="traffic_signals"/>
  </node>
  <node id="42430361" lat="40.7605248" lon="-73.9799722">
    <tag k="highway" v="traffic_signals"/>
  </node>
  <node id="42430363" lat="40.7611565" lon="-73.9795126">
    <tag k="highway" v="traffic_signals"/>
  </node>
  <node id="42430694" lat="40.7646184" lon="-73.9955216">
    <tag k="highway" v="traffic_signals"/>
    <tag k="traffic_signals:direction" v="forward"/>
  </node>
  <node id="42432580" lat="40.7579096" lon="-73.9776624">
    <tag k="highway" v="traffic_signals"/>
  </node>
  <node id="42432585" lat="40.7604633" lon="-73.9837062">
    <tag k="highway" v="traffic_signals"/>
  </node>
  <node id="42432589" lat="40.7616677" lon="-73.9865661">
    <tag k="highway" v="traffic_signals"/>
  </node>
  <node id="42432697" lat="40.7584619" lon="-73.9867284"/>
  <node id="42432700" lat="40.7591595" lon="-73.9883858">
    <tag k="highway" v="traffic_signals"/>
  </node>
  <node id="42434072" lat="40.7560373" lon="-73.9790227">
    <tag k="highway" v="traffic_signals"/>
  </node>
  <node id="42435660" lat="40.7565670" lon="-73.9902760">
    <tag k="highway" v="traffic_signals"/>
  </node>
  <node id="42435663" lat="40.7572335" lon="-73.9897914">
    <tag k="highway" v="traffic_signals"/>
  </node>
  <node id="42435671" lat="40.7585323" lon="-73.9888429">
    <tag k="highway" v="traffic_signals"/>
  </node>
  <node id="42435675" lat="40.7597869" lon="-73.9879285">
    <tag k="highway" v="traffic_signals"/>
  </node>
  <node id="42435677" lat="40.7604088" lon="-73.9874753">
    <tag k="highway" v="traffic_signals"/>
  </node>
  <node id="42435680" lat="40.7610365" lon="-73.9870177">
    <tag k="highway" v="traffic_signals"/>
  </node>
  <node id="42435684" lat="40.7622941" lon="-73.9861011">
    <tag k="button_operated" v="no"/>
    <tag k="crossing" v="traffic_signals"/>
    <tag k="highway" v="traffic_signals"/>
    <tag k="kerb" v="lowered"/>
    <tag k="tactile_paving" v="no"/>
    <tag k="traffic_signals:sound" v="no"/>
    <tag k="traffic_signals:vibration" v="no"/>
  </node>
  <node id="42437363" lat="40.7560361" lon="-73.9869489">
    <tag k="highway" v="traffic_signals"/>
  </node>
  <node id="42439972" lat="40.7553730" lon="-73.9874470">
    <tag k="highway" v="traffic_signals"/>
  </node>
  <node id="42439981" lat="40.7567100" lon="-73.9864580"/>
  <node id="42439984" lat="40.7573424" lon="-73.9860116">
    <tag k="highway" v="traffic_signals"/>
  </node>
  <node id="42439990" lat="40.7585968" lon="-73.9850795">
    <tag k="highway" v="traffic_signals"/>
  </node>
  <node id="42439994" lat="40.7592229" lon="-73.9846194">
    <tag k="highway" v="traffic_signals"/>
  </node>
  <node id="42439996" lat="40.7598410" lon="-73.9841740">
    <tag k="crossing" v="traffic_signals"/>
    <tag k="highway" v="traffic_signals"/>
    <tag k="kerb" v="lowered"/>
  </node>
  <node id="42440001" lat="40.7610948" lon="-73.9832504">
    <tag k="highway" v="traffic_signals"/>
  </node>
  <node id="42440004" lat="40.7617189" lon="-73.9828071">
    <tag k="crossing" v="traffic_signals"/>
    <tag k="highway" v="traffic_signals"/>
    <tag k="kerb" v="lowered"/>
  </node>
  <node id="42440009" lat="40.7623476" lon="-73.9823472">
    <tag k="highway" v="traffic_signals"/>
  </node>
  <node id="42440153" lat="40.7585437" lon="-73.9772064">
    <tag k="highway" v="traffic_signals"/>
    <tag k="traffic_signals:direction" v="forward"/>
  </node>
  <node id="42443528" lat="40.7572829" lon="-73.9781109">
    <tag k="highway" v="traffic_signals"/>
  </node>
  <node id="42443532" lat="40.7622326" lon="-73.9898591">
    <tag k="highway" v="traffic_signals"/>
  </node>
  <node id="42443534" lat="40.7634277" lon="-73.9927007">
    <tag k="highway" v="traffic_signals"/>
    <tag k="traffic_signals" v="signal"/>
    <tag k="traffic_signals:direction" v="forward"/>
  </node>
  <node id="42443559" lat="40.7578359" lon="-73.9871891"/>
  <node id="42443561" lat="40.7597283" lon="-73.9916836">
    <tag k="highway" v="traffic_signals"/>
  </node>
  <node id="42445011" lat="40.7591038" lon="-73.9921385">
    <tag k="highway" v="traffic_signals"/>
  </node>
  <node id="42445018" lat="40.7609866" lon="-73.9907670">
    <tag k="highway" v="traffic_signals"/>
  </node>
  <node id="42445020" lat="40.7616052" lon="-73.9903162">
    <tag k="highway" v="traffic_signals"/>
  </node>
  <node id="42452353" lat="40.7566594" lon="-73.9785571">
    <tag k="highway" v="traffic_signals"/>
  </node>
  <node id="530697965" lat="40.7590303" lon="-73.9817040"/>
  <node id="530697967" lat="40.7590587" lon="-73.9820665"/>
  <node id="530697968" lat="40.7594616" lon="-73.9830426"/>
  <node id="530697969" lat="40.7599304" lon="-73.9826972"/>
  <node id="530697970" lat="40.7593042" lon="-73.9815056"/>
  <node id="593921849" lat="40.7637752" lon="-73.9935339"/>
  <node id="805764932" lat="40.7582415" lon="-73.9784455"/>
  <node id="805764974" lat="40.7588760" lon="-73.9779906"/>
  <node id="1058296139" lat="40.7583129" lon="-73.9784269"/>
  <node id="1251540931" lat="40.7605171" lon="-73.9801887"/>
  <node id="1288901368" lat="40.7580259" lon="-73.9820980">
    <tag k="description" v="all B,D,F,&lt;F&gt;,M trains"/>
    <tag k="level" v="0"/>
    <tag k="railway" v="subway_entrance"/>
    <tag k="wheelchair" v="no"/>
  </node>
  <node id="1332501220" lat="40.7609534" lon="-73.9806988"/>
  <node id="1332501227" lat="40.7613924" lon="-73.9803836"/>
  <node id="1511873346" lat="40.7621229" lon="-73.9841152"/>
  <node id="1511873347" lat="40.7624449" lon="-73.9848834"/>
  <node id="1511873348" lat="40.7617196" lon="-73.9844098"/>
  <node id="1511879371" lat="40.7624964" lon="-73.9848804"/>
  <node id="1593295528" lat="40.7606123" lon="-73.9817147"/>
  <node id="1593295553" lat="40.7607478" lon="-73.9800760"/>
  <node id="1593295557" lat="40.7609719" lon="-73.9806184"/>
  <node id="1593295560" lat="40.7609988" lon="-73.9805990"/>
  <node id="1593295562" lat="40.7610201" lon="-73.9806508"/>
  <node id="1593295564" lat="40.7611076" lon="-73.9798170"/>
  <node id="1593295568" lat="40.7613039" lon="-73.9803799"/>
  <node id="1593295570" lat="40.7613253" lon="-73.9804319"/>
  <node id="1593295571" lat="40.7613318" lon="-73.9803597"/>
  <node id="1593328953" lat="40.7602407" lon="-73.9822244"/>
  <node id="1593328960" lat="40.7604677" lon="-73.9820585"/>
  <node id="1593915781" lat="40.7586381" lon="-73.9818219"/>
  <node id="1593915791" lat="40.7588193" lon="-73.9822572"/>
  <node id="1593915792" lat="40.7589022" lon="-73.9821968"/>
  <node id="1593915814" lat="40.7591515" lon="-73.9819955"/>
  <node id="1593915819" lat="40.7596278" lon="-73.9822842"/>
  <node id="1593915820" lat="40.7597290" lon="-73.9822111"/>
  <node id="1595140557" lat="40.7581231" lon="-73.9837510">
    <tag k="entrance" v="main"/>
  </node>
  <node id="1745856010" lat="40.7608045" lon="-73.9786747"/>
  <node id="1745991210" lat="40.7594093" lon="-73.9831606"/>
  <node id="1745991212" lat="40.7600415" lon="-73.9827044">
    <tag k="crossing" v="no"/>
  </node>
  <node id="1745991214" lat="40.7606769" lon="-73.9822497"/>
  <node id="1751440889" lat="40.7549599" lon="-73.9840313"/>
  <node id="1751552932" lat="40.7582787" lon="-73.9818064"/>
  <node id="1751552937" lat="40.7583678" lon="-73.9820181"/>
  <node id="1751570231" lat="40.7601458" lon="-73.9806062"/>
  <node id="1752942903" lat="40.7568036" lon="-73.9849586">
    <tag k="entrance" v="main"/>
  </node>
  <node id="1752946323" lat="40.7555764" lon="-73.9855115"/>
  <node id="1752946328" lat="40.7561388" lon="-73.9851023"/>
  <node id="1752946330" lat="40.7560608" lon="-73.9851597"/>
  <node id="1753010841" lat="40.7574191" lon="-73.9844848">
    <tag k="entrance" v="yes"/>
  </node>
  <node id="1753010855" lat="40.7569358" lon="-73.9848228">
    <tag k="entrance" v="main"/>
  </node>
  <node id="1758380526" lat="40.7603603" lon="-73.9854112"/>
  <node id="1758380528" lat="40.7609890" lon="-73.9849545"/>
  <node id="1762438249" lat="40.7583143" lon="-73.9825027"/>
  <node id="1762449346" lat="40.7609113" lon="-73.9850108"/>
  <node id="1762449347" lat="40.7604506" lon="-73.9853393"/>
  <node id="1828749426" lat="40.7618645" lon="-73.9811973">
    <tag k="crossing" v="marked"/>
    <tag k="crossing:markings" v="yes"/>
    <tag k="highway" v="crossing"/>
    <tag k="tactile_paving" v="no"/>
  </node>
  <node id="1828749428" lat="40.7612389" lon="-73.9816595">
    <tag k="crossing" v="uncontrolled"/>
    <tag k="highway" v="crossing"/>
    <tag k="tactile_paving" v="no"/>
  </node>
  <node id="1841271352" lat="40.7619338" lon="-73.9811437"/>
  <node id="2176936521" lat="40.7563566" lon="-73.9817169"/>
  <node id="2176936535" lat="40.7569769" lon="-73.9812777"/>
  <node id="2435108436" lat="40.7601651" lon="-73.9849427">
    <tag k="button_operated" v="no"/>
    <tag k="crossing" v="traffic_signals"/>
    <tag k="highway" v="crossing"/>
    <tag k="tactile_paving" v="no"/>
    <tag k="traffic_signals:sound" v="no"/>
  </node>
  <node id="2435108438" lat="40.7605266" lon="-73.9836628">
    <tag k="crossing" v="traffic_signals"/>
    <tag k="crossing:markings" v="zebra"/>
    <tag k="crossing:signals" v="yes"/>
    <tag k="highway" v="crossing"/>
    <tag k="kerb" v="lowered"/>
  </node>
  <node id="2435108447" lat="40.7613821" lon="-73.9839316">
    <tag k="button_operated" v="yes"/>
    <tag k="crossing" v="traffic_signals"/>
    <tag k="highway" v="crossing"/>
    <tag k="tactile_paving" v="no"/>
    <tag k="traffic_signals:sound" v="no"/>
  </node>
  <node id="2435108448" lat="40.7593682" lon="-73.9849694">
    <tag k="crossing" v="traffic_signals"/>
    <tag k="highway" v="crossing"/>
  </node>
  <node id="2435108451" lat="40.7597310" lon="-73.9879693">
    <tag k="button_operated" v="no"/>
    <tag k="crossing" v="traffic_signals"/>
    <tag k="highway" v="crossing"/>
    <tag k="tactile_paving" v="no"/>
    <tag k="traffic_signals:sound" v="no"/>
    <tag k="traffic_signals:vibration" v="no"/>
  </node>
  <node id="2435108452" lat="40.7585496" lon="-73.9849674">
    <tag k="crossing" v="traffic_signals"/>
    <tag k="highway" v="crossing"/>
  </node>
  <node id="2435108453" lat="40.7615078" lon="-73.9840613">
    <tag k="button_operated" v="no"/>
    <tag k="crossing" v="traffic_signals"/>
    <tag k="highway" v="crossing"/>
    <tag k="tactile_paving" v="yes"/>
    <tag k="traffic_signals:sound" v="no"/>
    <tag k="traffic_signals:vibration" v="no"/>
  </node>
  <node id="2435108455" lat="40.7613880" lon="-73.9841402">
    <tag k="button_operated" v="no"/>
    <tag k="crossing" v="traffic_signals"/>
    <tag k="crossing:island" v="no"/>
    <tag k="crossing:markings" v="zebra"/>
    <tag k="crossing:signals" v="yes"/>
    <tag k="highway" v="crossing"/>
    <tag k="tactile_paving" v="yes"/>
    <tag k="traffic_signals:sound" v="no"/>
    <tag k="traffic_signals:vibration" v="no"/>
  </node>
  <node id="2435108457" lat="40.7598511" lon="-73.9878814">
    <tag k="button_operated" v="no"/>
    <tag k="crossing" v="traffic_signals"/>
    <tag k="highway" v="crossing"/>
    <tag k="tactile_paving" v="yes"/>
    <tag k="traffic_signals:sound" v="no"/>
    <tag k="traffic_signals:vibration" v="no"/>
  </node>
  <node id="2435108458" lat="40.7604076" lon="-73.9837477">
    <tag k="crossing" v="traffic_signals"/>
    <tag k="crossing:markings" v="zebra"/>
    <tag k="crossing:signals" v="yes"/>
    <tag k="highway" v="crossing"/>
    <tag k="kerb" v="lowered"/>
  </node>
  <node id="2435108459" lat="40.7600571" lon="-73.9849081">
    <tag k="button_operated" v="no"/>
    <tag k="crossing" v="traffic_signals"/>
    <tag k="highway" v="crossing"/>
    <tag k="tactile_paving" v="no"/>
    <tag k="traffic_signals:sound" v="no"/>
    <tag k="traffic_signals:vibration" v="no"/>
  </node>
  <node id="2435108462" lat="40.7614838" lon="-73.9841757">
    <tag k="crossing" v="traffic_signals"/>
    <tag k="highway" v="crossing"/>
  </node>
  <node id="2639531766" lat="40.7595011" lon="-73.9872519"/>
  <node id="2639531794" lat="40.7596857" lon="-73.9873443">
    <tag k="amenity" v="parking"/>
    <tag k="layer" v="-1"/>
    <tag k="parking" v="underground"/>
    <tag k="wheelchair" v="yes"/>
  </node>
  <node id="2639786957" lat="40.7562122" lon="-73.9863674">
    <tag k="description" v="all 1,2,3,7,&lt;7&gt;,N,Q,R,W,S trains"/>
    <tag k="railway" v="subway_entrance"/>
    <tag k="wheelchair" v="no"/>
  </node>
  <node id="2653739423" lat="40.7613257" lon="-73.9815958"/>
  <node id="2653739433" lat="40.7617627" lon="-73.9812767"/>
  <node id="2665094514" lat="40.7624078" lon="-73.9807953"/>
  <node id="2682336471" lat="40.7621657" lon="-73.9877488"/>
  <node id="2682336481" lat="40.7623099" lon="-73.9880913"/>
  <node id="2708133570" lat="40.7621251" lon="-73.9810055"/>
  <node id="2717323977" lat="40.7624340" lon="-73.9848914"/>
  <node id="2717323978" lat="40.7624449" lon="-73.9849176"/>
  <node id="2717546150" lat="40.7594997" lon="-73.9831421"/>
  <node id="2717546205" lat="40.7597028" lon="-73.9829935"/>
  <node id="2717546209" lat="40.7597089" lon="-73.9830040"/>
  <node id="2717546319" lat="40.7599823" lon="-73.9828041"/>
  <node id="2717546353" lat="40.7600926" lon="-73.9825761"/>
  <node id="2717546365" lat="40.7601674" lon="-73.9827477"/>
  <node id="2717546378" lat="40.7602030" lon="-73.9827113"/>
  <node id="2717546381" lat="40.7602064" lon="-73.9827194"/>
  <node id="2717546387" lat="40.7603189" lon="-73.9824107"/>
  <node id="2717546406" lat="40.7603852" lon="-73.9825551"/>
  <node id="2717546409" lat="40.7603929" lon="-73.9825734"/>
  <node id="2717546444" lat="40.7605464" lon="-73.9817658"/>
  <node id="2717546457" lat="40.7605821" lon="-73.9824121"/>
  <node id="2717546460" lat="40.7605937" lon="-73.9824399"/>
  <node id="2717546466" lat="40.7606339" lon="-73.9824107"/>
  <node id="2782279859" lat="40.7610473" lon="-73.9831377">
    <tag k="button_operated" v="no"/>
    <tag k="check_date:crossing" v="2022-05-26"/>
    <tag k="crossing" v="traffic_signals"/>
    <tag k="crossing:markings" v="zebra"/>
    <tag k="highway" v="crossing"/>
    <tag k="tactile_paving" v="no"/>
    <tag k="traffic_signals:sound" v="no"/>
  </node>
  <node id="2782279879" lat="40.7611560" lon="-73.9833952">
    <tag k="button_operated" v="no"/>
    <tag k="crossing" v="traffic_signals"/>
    <tag k="crossing:markings" v="zebra"/>
    <tag k="highway" v="crossing"/>
    <tag k="tactile_paving" v="yes"/>
    <tag k="traffic_signals:sound" v="no"/>
  </node>
  <node id="2969871935" lat="40.7624212" lon="-73.9883556"/>
  <node id="3371304302" lat="40.7604094" lon="-73.9804117"/>
  <node id="3371304303" lat="40.7604538" lon="-73.9805155"/>
  <node id="3371304304" lat="40.7604860" lon="-73.9804921"/>
  <node id="3371304305" lat="40.7603959" lon="-73.9802773"/>
  <node id="3391627297" lat="40.7620156" lon="-73.9852309"/>
  <node id="3391627298" lat="40.7620411" lon="-73.9851769"/>
  <node id="3391627299" lat="40.7620631" lon="-73.9851966"/>
  <node id="3391627300" lat="40.7620517" lon="-73.9851692"/>
  <node id="3447488959" lat="40.7563644" lon="-73.9872666">
    <tag k="check_date:wheelchair" v="2025-01-30"/>
    <tag k="description" v="all A,C,E,N,Q,R,W,1,2,3,7,&lt;7&gt;,S trains"/>
    <tag k="level" v="0"/>
    <tag k="railway" v="subway_entrance"/>
    <tag k="wheelchair" v="no"/>
  </node>
  <node id="3573482144" lat="40.7602511" lon="-73.9890231">
    <tag k="demolished:highway" v="crossing"/>
  </node>
  <node id="3573482145" lat="40.7602621" lon="-73.9890492"/>
  <node id="3855009861" lat="40.7577692" lon="-73.9792604"/>
  <node id="3855009862" lat="40.7591326" lon="-73.9785910"/>
  <node id="3855009863" lat="40.7578520" lon="-73.9794547"/>
  <node id="3855009864" lat="40.7584988" lon="-73.9790526"/>
  <node id="3932923796" lat="40.7612043" lon="-73.9815778">
    <tag k="highway" v="stop"/>
  </node>
  <node id="3932923799" lat="40.7618886" lon="-73.9812549">
    <tag k="highway" v="stop"/>
  </node>
  <node id="3944708044" lat="40.7560890" lon="-73.9791511">
    <tag k="crossing" v="traffic_signals"/>
    <tag k="highway" v="crossing"/>
  </node>
  <node id="3944708045" lat="40.7560874" lon="-73.9830373">
    <tag k="button_operated" v="no"/>
    <tag k="crossing" v="traffic_signals"/>
    <tag k="crossing:markings" v="zebra"/>
    <tag k="crossing:signals" v="yes"/>
    <tag k="highway" v="crossing"/>
    <tag k="tactile_paving" v="no"/>
    <tag k="traffic_signals:sound" v="no"/>
    <tag k="traffic_signals:vibration" v="no"/>
  </node>
  <node id="3944708047" lat="40.7561970" lon="-73.9832969">
    <tag k="button_operated" v="no"/>
    <tag k="crossing" v="traffic_signals"/>
    <tag k="crossing:markings" v="zebra"/>
    <tag k="crossing:signals" v="yes"/>
    <tag k="highway" v="crossing"/>
    <tag k="traffic_signals:sound" v="no"/>
    <tag k="traffic_signals:vibration" v="no"/>
  </node>
  <node id="3944708050" lat="40.7567187" lon="-73.9786939"/>
  <node id="3944708055" lat="40.7573350" lon="-73.9821235">
    <tag k="button_operated" v="no"/>
    <tag k="crossing" v="traffic_signals"/>
    <tag k="crossing:markings" v="zebra"/>
    <tag k="crossing:signals" v="yes"/>
    <tag k="highway" v="crossing"/>
    <tag k="tactile_paving" v="no"/>
    <tag k="traffic_signals:sound" v="no"/>
    <tag k="traffic_signals:vibration" v="no"/>
  </node>
  <node id="3944708056" lat="40.7573366" lon="-73.9782382">
    <tag k="crossing" v="traffic_signals"/>
    <tag k="crossing:island" v="no"/>
    <tag k="crossing:markings" v="zebra"/>
    <tag k="crossing:signals" v="yes"/>
    <tag k="highway" v="crossing"/>
  </node>
  <node id="3944708058" lat="40.7574479" lon="-73.9823908">
    <tag k="button_operated" v="no"/>
    <tag k="crossing" v="traffic_signals"/>
    <tag k="crossing:markings" v="zebra"/>
    <tag k="crossing:signals" v="yes"/>
    <tag k="highway" v="crossing"/>
    <tag k="tactile_paving" v="no"/>
    <tag k="traffic_signals:sound" v="no"/>
    <tag k="traffic_signals:vibration" v="no"/>
  </node>
  <node id="3955372638" lat="40.7564973" lon="-73.9818873"/>
  <node id="3955372901" lat="40.7579660" lon="-73.9777950">
    <tag k="crossing" v="traffic_signals"/>
    <tag k="highway" v="crossing"/>
  </node>
  <node id="3955372903" lat="40.7585881" lon="-73.9812057">
    <tag k="button_operated" v="no"/>
    <tag k="crossing" v="traffic_signals"/>
    <tag k="highway" v="crossing"/>
    <tag k="tactile_paving" v="no"/>
    <tag k="traffic_signals:sound" v="no"/>
    <tag k="traffic_signals:vibration" v="no"/>
  </node>
  <node id="3971196607" lat="40.7582175" lon="-73.9816514"/>
  <node id="3971196618" lat="40.7585861" lon="-73.9813835">
    <tag k="button_operated" v="no"/>
    <tag k="crossing" v="traffic_signals"/>
    <tag k="highway" v="crossing"/>
    <tag k="tactile_paving" v="no"/>
    <tag k="traffic_signals:sound" v="no"/>
    <tag k="traffic_signals:vibration" v="no"/>
  </node>
  <node id="3971196619" lat="40.7587072" lon="-73.9814844">
    <tag k="button_operated" v="no"/>
    <tag k="crossing" v="traffic_signals"/>
    <tag k="highway" v="crossing"/>
    <tag k="tactile_paving" v="yes"/>
    <tag k="traffic_signals:sound" v="no"/>
    <tag k="traffic_signals:vibration" v="no"/>
  </node>
  <node id="3971196620" lat="40.7589801" lon="-73.9821356"/>
  <node id="3971196621" lat="40.7592183" lon="-73.9807504">
    <tag k="button_operated" v="no"/>
    <tag k="crossing" v="traffic_signals"/>
    <tag k="crossing:markings" v="zebra"/>
    <tag k="crossing:signals" v="yes"/>
    <tag k="highway" v="crossing"/>
    <tag k="tactile_paving" v="no"/>
    <tag k="traffic_signals:sound" v="no"/>
    <tag k="traffic_signals:vibration" v="no"/>
  </node>
  <node id="3971196622" lat="40.7592178" lon="-73.9809237">
    <tag k="button_operated" v="no"/>
    <tag k="crossing" v="traffic_signals"/>
    <tag k="crossing:markings" v="zebra"/>
    <tag k="crossing:signals" v="yes"/>
    <tag k="highway" v="crossing"/>
    <tag k="tactile_paving" v="no"/>
    <tag k="traffic_signals:sound" v="no"/>
    <tag k="traffic_signals:vibration" v="no"/>
  </node>
  <node id="3971196623" lat="40.7593366" lon="-73.9810306">
    <tag k="button_operated" v="no"/>
    <tag k="crossing" v="traffic_signals"/>
    <tag k="crossing:markings" v="zebra"/>
    <tag k="crossing:signals" v="yes"/>
    <tag k="highway" v="crossing"/>
    <tag k="traffic_signals:sound" v="no"/>
    <tag k="traffic_signals:vibration" v="no"/>
  </node>
  <node id="3971196624" lat="40.7598101" lon="-73.9821549"/>
  <node id="3971196625" lat="40.7598441" lon="-73.9804662">
    <tag k="crossing" v="traffic_signals"/>
    <tag k="highway" v="crossing"/>
    <tag k="tactile_paving" v="no"/>
  </node>
  <node id="3971196626" lat="40.7598546" lon="-73.9802853">
    <tag k="crossing" v="traffic_signals"/>
    <tag k="crossing:island" v="no"/>
    <tag k="highway" v="crossing"/>
  </node>
  <node id="3971196627" lat="40.7599678" lon="-73.9805536">
    <tag k="crossing" v="traffic_signals"/>
    <tag k="highway" v="crossing"/>
    <tag k="tactile_paving" v="no"/>
  </node>
  <node id="3971196628" lat="40.7600983" lon="-73.9802825">
    <tag k="crossing" v="traffic_signals"/>
    <tag k="highway" v="crossing"/>
  </node>
  <node id="3971196629" lat="40.7604917" lon="-73.9818069"/>
  <node id="3971196631" lat="40.7608605" lon="-73.9807655"/>
  <node id="3971196633" lat="40.7615860" lon="-73.9805346"/>
  <node id="3974095821" lat="40.7561306" lon="-73.9868801">
    <tag k="crossing" v="traffic_signals"/>
    <tag k="crossing:markings" v="zebra"/>
    <tag k="highway" v="crossing"/>
    <tag k="tactile_paving" v="yes"/>
    <tag k="traffic_signals:sound" v="yes"/>
  </node>
  <node id="3974095823" lat="40.7566441" lon="-73.9865075">
    <tag k="crossing" v="traffic_signals"/>
    <tag k="crossing:markings" v="zebra"/>
    <tag k="highway" v="crossing"/>
  </node>
  <node id="3974095824" lat="40.7567549" lon="-73.9865657">
    <tag k="button_operated" v="yes"/>
    <tag k="crossing" v="traffic_signals"/>
    <tag k="crossing:markings" v="zebra"/>
    <tag k="highway" v="crossing"/>
    <tag k="tactile_paving" v="yes"/>
    <tag k="traffic_signals:sound" v="no"/>
    <tag k="traffic_signals:vibration" v="no"/>
  </node>
  <node id="3974095825" lat="40.7567954" lon="-73.9863978">
    <tag k="crossing" v="traffic_signals"/>
    <tag k="crossing:markings" v="zebra"/>
    <tag k="highway" v="crossing"/>
  </node>
  <node id="3974095826" lat="40.7572793" lon="-73.9860561">
    <tag k="crossing" v="traffic_signals"/>
    <tag k="crossing:markings" v="zebra"/>
    <tag k="highway" v="crossing"/>
  </node>
  <node id="3974095828" lat="40.7573856" lon="-73.9861159">
    <tag k="crossing" v="traffic_signals"/>
    <tag k="highway" v="crossing"/>
  </node>
  <node id="3974095829" lat="40.7574192" lon="-73.9859523">
    <tag k="crossing" v="traffic_signals"/>
    <tag k="crossing:markings" v="zebra"/>
    <tag k="highway" v="crossing"/>
  </node>
  <node id="3974095830" lat="40.7578467" lon="-73.9854508"/>
  <node id="3974095832" lat="40.7580252" lon="-73.9856837">
    <tag k="crossing" v="traffic_signals"/>
    <tag k="highway" v="crossing"/>
  </node>
  <node id="3974095842" lat="40.7610949" lon="-73.9793660">
    <tag k="crossing" v="traffic_signals"/>
    <tag k="highway" v="crossing"/>
    <tag k="tactile_paving" v="yes"/>
  </node>
  <node id="3974095843" lat="40.7610886" lon="-73.9795620">
    <tag k="crossing" v="traffic_signals"/>
    <tag k="highway" v="crossing"/>
    <tag k="tactile_paving" v="no"/>
  </node>
  <node id="3974095845" lat="40.7614883" lon="-73.9806099"/>
  <node id="3974095846" lat="40.7619480" lon="-73.9852787"/>
  <node id="3974095849" lat="40.7625697" lon="-73.9848269"/>
  <node id="3976005755" lat="40.7607445" lon="-73.9785320"/>
  <node id="3977886225" lat="40.7586001" lon="-73.9773305">
    <tag k="button_operated" v="no"/>
    <tag k="crossing" v="traffic_signals"/>
    <tag k="highway" v="crossing"/>
    <tag k="kerb" v="flush"/>
    <tag k="tactile_paving" v="yes"/>
    <tag k="traffic_signals:sound" v="no"/>
  </node>
  <node id="3977886252" lat="40.7607829" lon="-73.9808225"/>
  <node id="3977886256" lat="40.7610359" lon="-73.9832927">
    <tag k="button_operated" v="no"/>
    <tag k="crossing" v="traffic_signals"/>
    <tag k="crossing:markings" v="zebra"/>
    <tag k="highway" v="crossing"/>
    <tag k="kerb" v="lowered"/>
    <tag k="tactile_paving" v="yes"/>
    <tag k="traffic_signals:sound" v="no"/>
  </node>
  <node id="3977886860" lat="40.7611535" lon="-73.9832086">
    <tag k="crossing" v="traffic_signals"/>
    <tag k="crossing:markings" v="zebra"/>
    <tag k="highway" v="crossing"/>
    <tag k="kerb" v="lowered"/>
    <tag k="tactile_paving" v="yes"/>
  </node>
  <node id="3977886861" lat="40.7616559" lon="-73.9828519">
    <tag k="button_operated" v="no"/>
    <tag k="crossing" v="traffic_signals"/>
    <tag k="crossing:markings" v="zebra"/>
    <tag k="highway" v="crossing"/>
    <tag k="tactile_paving" v="no"/>
    <tag k="traffic_signals:sound" v="no"/>
  </node>
  <node id="3977886862" lat="40.7617902" lon="-73.9827554">
    <tag k="crossing" v="traffic_signals"/>
    <tag k="crossing:markings" v="zebra"/>
    <tag k="highway" v="crossing"/>
    <tag k="tactile_paving" v="no"/>
    <tag k="traffic_signals:sound" v="no"/>
  </node>
  <node id="3977886863" lat="40.7620141" lon="-73.9837244">
    <tag k="button_operated" v="no"/>
    <tag k="crossing" v="traffic_signals"/>
    <tag k="crossing:markings" v="zebra"/>
    <tag k="highway" v="crossing"/>
    <tag k="tactile_paving" v="yes"/>
    <tag k="traffic_signals:sound" v="no"/>
    <tag k="traffic_signals:vibration" v="no"/>
  </node>
  <node id="3977886864" lat="40.7620168" lon="-73.9835143">
    <tag k="button_operated" v="no"/>
    <tag k="crossing" v="traffic_signals"/>
    <tag k="crossing:island" v="no"/>
    <tag k="crossing:markings" v="zebra"/>
    <tag k="highway" v="crossing"/>
    <tag k="tactile_paving" v="yes"/>
    <tag k="traffic_signals:sound" v="no"/>
    <tag k="traffic_signals:vibration" v="no"/>
  </node>
  <node id="3977886865" lat="40.7621200" lon="-73.9837593">
    <tag k="highway" v="crossing"/>
  </node>
  <node id="3977886867" lat="40.7622902" lon="-73.9823897">
    <tag k="button_operated" v="no"/>
    <tag k="crossing" v="traffic_signals"/>
    <tag k="crossing:markings" v="zebra"/>
    <tag k="highway" v="crossing"/>
    <tag k="kerb" v="lowered"/>
    <tag k="tactile_paving" v="no"/>
    <tag k="traffic_signals:sound" v="no"/>
    <tag k="traffic_signals:vibration" v="no"/>
  </node>
  <node id="4207957613" lat="40.7568684" lon="-73.9900569"/>
  <node id="4207978589" lat="40.7612779" lon="-73.9836865"/>
  <node id="4322008116" lat="40.7614200" lon="-73.9840231"/>
  <node id="4322008118" lat="40.7600919" lon="-73.9847701"/>
  <node id="4545006872" lat="40.7601231" lon="-73.9826461">
    <tag k="barrier" v="gate"/>
    <tag k="gate:type" v="rolling"/>
  </node>
  <node id="4545006873" lat="40.7604822" lon="-73.9820496"/>
  <node id="4545006874" lat="40.7605918" lon="-73.9823106">
    <tag k="barrier" v="gate"/>
    <tag k="gate:type" v="rolling"/>
  </node>
  <node id="4549080328" lat="40.7578315" lon="-73.9794065"/>
  <node id="4550600352" lat="40.7585327" lon="-73.9866763"/>
  <node id="4550600353" lat="40.7590054" lon="-73.9863268"/>
  <node id="4578017556" lat="40.7578589" lon="-73.9855132">
    <tag k="barrier" v="kerb"/>
    <tag k="kerb" v="lowered"/>
    <tag k="tactile_paving" v="yes"/>
    <tag k="wheelchair" v="yes"/>
  </node>
  <node id="4578017557" lat="40.7565163" lon="-73.9859959"/>
  <node id="4578017558" lat="40.7566673" lon="-73.9863565"/>
  <node id="4578044149" lat="40.7593562" lon="-73.9851217"/>
  <node id="4707407257" lat="40.7580788" lon="-73.9855784">
    <tag k="barrier" v="kerb"/>
    <tag k="kerb" v="lowered"/>
    <tag k="tactile_paving" v="yes"/>
    <tag k="wheelchair" v="yes"/>
  </node>
  <node id="4707407260" lat="40.7578673" lon="-73.9854354">
    <tag k="barrier" v="kerb"/>
    <tag k="kerb" v="lowered"/>
    <tag k="tactile_paving" v="yes"/>
    <tag k="wheelchair" v="yes"/>
  </node>
  <node id="4707407261" lat="40.7580355" lon="-73.9854818">
    <tag k="crossing" v="traffic_signals"/>
    <tag k="crossing:markings" v="zebra"/>
    <tag k="highway" v="crossing"/>
    <tag k="tactile_paving" v="yes"/>
  </node>
  <node id="4770624001" lat="40.7561464" lon="-73.9872107">
    <tag k="bus" v="yes"/>
    <tag k="name" v="West 42nd Street &amp; 7th Avenue"/>
    <tag k="network" v="NYC Transit"/>
    <tag k="operator" v="New York City Transit Authority"/>
    <tag k="public_transport" v="stop_position"/>
    <tag k="ref" v="403259"/>
    <tag k="route_ref" v="M42;SIM8;SIM8X;SIM22;SIM25;SIM26;SIM30"/>
  </node>
  <node id="4770624002" lat="40.7562616" lon="-73.9874841">
    <tag k="bus" v="yes"/>
    <tag k="name" v="West 42nd Street &amp; 7th Avenue"/>
    <tag k="network" v="NYC Transit"/>
    <tag k="operator" v="New York City Transit Authority"/>
    <tag k="public_transport" v="stop_position"/>
    <tag k="ref" v="403240"/>
    <tag k="route_ref" v="M42;SIM8;SIM8X;SIM22;SIM25;SIM26;SIM30"/>
  </node>
  <node id="4770624009" lat="40.7561224" lon="-73.9875399">
    <tag k="description" v="all 1,2,3,7,&lt;7&gt;,N,Q,R,W,S trains"/>
    <tag k="level" v="0"/>
    <tag k="railway" v="subway_entrance"/>
    <tag k="wheelchair" v="no"/>
  </node>
  <node id="4782363329" lat="40.7611786" lon="-73.9834491">
    <tag k="bus" v="yes"/>
    <tag k="name" v="West 50th Street/7th Avenue"/>
    <tag k="network" v="NYC Transit"/>
    <tag k="operator" v="New York City Transit Authority"/>
    <tag k="public_transport" v="stop_position"/>
    <tag k="ref" v="403760"/>
    <tag k="route_ref" v="M50"/>
  </node>
  <node id="4782363331" lat="40.7605225" lon="-73.9838477">
    <tag k="crossing" v="traffic_signals"/>
    <tag k="crossing:markings" v="zebra"/>
    <tag k="crossing:signals" v="yes"/>
    <tag k="highway" v="crossing"/>
    <tag k="kerb" v="lowered"/>
  </node>
  <node id="4782363332" lat="40.7604205" lon="-73.9836047">
    <tag k="crossing" v="traffic_signals"/>
    <tag k="crossing:markings" v="zebra"/>
    <tag k="crossing:signals" v="yes"/>
    <tag k="highway" v="crossing"/>
    <tag k="kerb" v="lowered"/>
    <tag k="tactile_paving" v="yes"/>
  </node>
  <node id="4782363334" lat="40.7607932" lon="-73.9834673">
    <tag k="bus" v="yes"/>
    <tag k="name" v="7th Avenue/West 50th Street"/>
    <tag k="network" v="NYC Transit"/>
    <tag k="operator" v="New York City Transit Authority"/>
    <tag k="public_transport" v="stop_position"/>
    <tag k="ref" v="403797"/>
    <tag k="route_ref" v="BxM2;M7;M20;M104"/>
  </node>
  <node id="4782363335" lat="40.7606080" lon="-73.9840497">
    <tag k="bus" v="yes"/>
    <tag k="name" v="West 49th Street/7th Avenue"/>
    <tag k="network" v="NYC Transit"/>
    <tag k="operator" v="New York City Transit Authority"/>
    <tag k="public_transport" v="stop_position"/>
    <tag k="ref" v="404035"/>
    <tag k="route_ref" v="M50"/>
  </node>
  <node id="4782404423" lat="40.7621794" lon="-73.9858285">
    <tag k="bus" v="yes"/>
    <tag k="name" v="West 50th Street/8th Avenue"/>
    <tag k="network" v="NYC Transit"/>
    <tag k="operator" v="New York City Transit Authority"/>
    <tag k="public_transport" v="stop_position"/>
    <tag k="ref" v="402167"/>
    <tag k="route_ref" v="M50"/>
  </node>
  <node id="4782442668" lat="40.7597470" lon="-73.9800607">
    <tag k="bus" v="yes"/>
    <tag k="name" v="West 50th Street/Avenue of the Americas"/>
    <tag k="network" v="NYC Transit"/>
    <tag k="operator" v="New York City Transit Authority"/>
    <tag k="public_transport" v="stop_position"/>
    <tag k="ref" v="402169"/>
    <tag k="route_ref" v="M50;X1;X9"/>
  </node>
  <node id="4782506031" lat="40.7594743" lon="-73.9813574">
    <tag k="bus" v="yes"/>
    <tag k="name" v="West 49th Street/Avenue of the Americas"/>
    <tag k="network" v="NYC Transit"/>
    <tag k="operator" v="New York City Transit Authority"/>
    <tag k="public_transport" v="stop_position"/>
    <tag k="ref" v="402191"/>
    <tag k="route_ref" v="M50"/>
  </node>
  <node id="4782506033" lat="40.7580743" lon="-73.9780511">
    <tag k="bus" v="yes"/>
    <tag k="name" v="East 49th Street/5th Avenue"/>
    <tag k="network" v="NYC Transit"/>
    <tag k="operator" v="New York City Transit Authority"/>
    <tag k="public_transport" v="stop_position"/>
    <tag k="ref" v="402189"/>
    <tag k="route_ref" v="M50"/>
  </node>
  <node id="4782543132" lat="40.7618510" lon="-73.9870015">
    <tag k="bus" v="yes"/>
    <tag k="name" v="West 49th Street/8th Avenue"/>
    <tag k="network" v="NYC Transit"/>
    <tag k="operator" v="New York City Transit Authority"/>
    <tag k="public_transport" v="stop_position"/>
    <tag k="ref" v="404948"/>
    <tag k="route_ref" v="M50"/>
  </node>
  <node id="4784141042" lat="40.7622837" lon="-73.9821950">
    <tag k="crossing" v="traffic_signals"/>
    <tag k="crossing:markings" v="zebra"/>
    <tag k="highway" v="crossing"/>
    <tag k="kerb" v="lowered"/>
    <tag k="tactile_paving" v="no"/>
    <tag k="traffic_signals:sound" v="no"/>
  </node>
  <node id="4799735124" lat="40.7578886" lon="-73.9793640">
    <tag k="barrier" v="bollard"/>
    <tag k="bollard" v="rising"/>
  </node>
  <node id="4799735130" lat="40.7584528" lon="-73.9789441"/>
  <node id="5020830671" lat="40.7576999" lon="-73.9893645"/>
  <node id="5020830672" lat="40.7576892" lon="-73.9893262"/>
  <node id="5020830673" lat="40.7577549" lon="-73.9892777"/>
  <node id="5020830674" lat="40.7577686" lon="-73.9893128"/>
  <node id="5020830675" lat="40.7576897" lon="-73.9893722"/>
  <node id="5020830676" lat="40.7576764" lon="-73.9893407"/>
  <node id="5020830677" lat="40.7569507" lon="-73.9900391"/>
  <node id="5020830678" lat="40.7569647" lon="-73.9900705"/>
  <node id="5020830679" lat="40.7570327" lon="-73.9900208"/>
  <node id="5020830680" lat="40.7570194" lon="-73.9899862"/>
  <node id="5020830681" lat="40.7569399" lon="-73.9900474"/>
  <node id="5020830682" lat="40.7569542" lon="-73.9900814"/>
  <node id="5020832150" lat="40.7569312" lon="-73.9894626">
    <tag k="description" v="all A,C,E,N,Q,R,W,1,2,3,7,&lt;7&gt;,S trains"/>
    <tag k="level" v="0"/>
    <tag k="railway" v="subway_entrance"/>
    <tag k="wheelchair" v="no"/>
  </node>
  <node id="5020832151" lat="40.7569083" lon="-73.9894805"/>
  <node id="5020832152" lat="40.7569493" lon="-73.9895755"/>
  <node id="5020832153" lat="40.7571344" lon="-73.9896511"/>
  <node id="5020832154" lat="40.7572097" lon="-73.9898801"/>
  <node id="5020832155" lat="40.7572385" lon="-73.9898521"/>
  <node id="5020832156" lat="40.7573776" lon="-73.9899113"/>
  <node id="5020832157" lat="40.7574193" lon="-73.9898809"/>
  <node id="5020832158" lat="40.7574707" lon="-73.9900037">
    <tag k="check_date:wheelchair" v="2024-07-18"/>
    <tag k="description" v="all A,C,E,7,&lt;7&gt; trains"/>
    <tag k="level" v="0"/>
    <tag k="railway" v="subway_entrance"/>
    <tag k="wheelchair" v="no"/>
  </node>
  <node id="5020832160" lat="40.7574006" lon="-73.9894559">
    <tag k="description" v="all A,C,E,7,&lt;7&gt; trains"/>
    <tag k="level" v="0"/>
    <tag k="railway" v="subway_entrance"/>
    <tag k="wheelchair" v="no"/>
  </node>
  <node id="5020832161" lat="40.7572141" lon="-73.9896072"/>
  <node id="5020832162" lat="40.7572610" lon="-73.9895739"/>
  <node id="5020832163" lat="40.7572910" lon="-73.9894840"/>
  <node id="5020832164" lat="40.7573828" lon="-73.9894166"/>
  <node id="5020832166" lat="40.7573932" lon="-73.9897580"/>
  <node id="5020832167" lat="40.7572962" lon="-73.9896226"/>
  <node id="5020832168" lat="40.7573275" lon="-73.9896046"/>
  <node id="5020832169" lat="40.7574316" lon="-73.9895232"/>
  <node id="5020832170" lat="40.7573940" lon="-73.9895565"/>
  <node id="5020832172" lat="40.7574725" lon="-73.9895126"/>
  <node id="5020832173" lat="40.7576167" lon="-73.9894015"/>
  <node id="5020832174" lat="40.7576520" lon="-73.9893777"/>
  <node id="5020832177" lat="40.7579007" lon="-73.9894605"/>
  <node id="5020832178" lat="40.7579408" lon="-73.9895536">
    <tag k="description" v="all A,C,E,7,&lt;7&gt; trains"/>
    <tag k="level" v="0"/>
    <tag k="railway" v="subway_entrance"/>
    <tag k="wheelchair" v="no"/>
  </node>
  <node id="5020832180" lat="40.7578282" lon="-73.9892360"/>
  <node id="5020832181" lat="40.7581771" lon="-73.9889737"/>
  <node id="5020832182" lat="40.7582240" lon="-73.9889409"/>
  <node id="5020832183" lat="40.7582488" lon="-73.9889208"/>
  <node id="5020832184" lat="40.7582949" lon="-73.9888891"/>
  <node id="5020832185" lat="40.7584055" lon="-73.9888103"/>
  <node id="5020832186" lat="40.7583618" lon="-73.9888489"/>
  <node id="5020832187" lat="40.7584268" lon="-73.9887881"/>
  <node id="5020832190" lat="40.7583770" lon="-73.9886700">
    <tag k="description" v="all A,C,E,7,&lt;7&gt; trains"/>
    <tag k="level" v="0"/>
    <tag k="railway" v="subway_entrance"/>
    <tag k="wheelchair" v="no"/>
  </node>
  <node id="5020832191" lat="40.7586335" lon="-73.9888742"/>
  <node id="5020832193" lat="40.7586922" lon="-73.9890147">
    <tag k="description" v="all A,C,E,7,&lt;7&gt; trains"/>
    <tag k="level" v="0"/>
    <tag k="railway" v="subway_entrance"/>
    <tag k="wheelchair" v="no"/>
  </node>
  <node id="5020832195" lat="40.7585803" lon="-73.9891802">
    <tag k="description" v="all A,C,E,7,&lt;7&gt; trains"/>
    <tag k="level" v="0"/>
    <tag k="railway" v="subway_entrance"/>
    <tag k="wheelchair" v="yes"/>
  </node>
  <node id="5020832196" lat="40.7585024" lon="-73.9891366"/>
  <node id="5020832197" lat="40.7584794" lon="-73.9891490"/>
  <node id="5020832198" lat="40.7585114" lon="-73.9891598"/>
  <node id="5020832201" lat="40.7585118" lon="-73.9890763"/>
  <node id="5020832202" lat="40.7585613" lon="-73.9891941"/>
  <node id="5020832227" lat="40.7584872" lon="-73.9891725"/>
  <node id="5020832648" lat="40.7563304" lon="-73.9871581"/>
  <node id="5020832649" lat="40.7563733" lon="-73.9872600"/>
  <node id="5020832656" lat="40.7560372" lon="-73.9874324"/>
  <node id="5020832657" lat="40.7560883" lon="-73.9875647"/>
  <node id="5022414759" lat="40.7558347" lon="-73.9885408"/>
  <node id="5022414760" lat="40.7557938" lon="-73.9884441"/>
  <node id="5022414761" lat="40.7573535" lon="-73.9897860"/>
  <node id="5022414762" lat="40.7575053" lon="-73.9894870"/>
  <node id="5022414763" lat="40.7578609" lon="-73.9892132"/>
  <node id="5475605302" lat="40.7615155" lon="-73.9823132"/>
  <node id="5475605303" lat="40.7583669" lon="-73.9852442"/>
  <node id="5481885793" lat="40.7591968" lon="-73.9865156"/>
  <node id="5481886054" lat="40.7606599" lon="-73.9891803"/>
  <node id="5481886055" lat="40.7604877" lon="-73.9890683"/>
  <node id="5481886056" lat="40.7605639" lon="-73.9892520"/>
  <node id="5481886057" lat="40.7603957" lon="-73.9893643"/>
  <node id="5481887475" lat="40.7590884" lon="-73.9892714"/>
  <node id="5481887476" lat="40.7587986" lon="-73.9894755"/>
  <node id="5522182776" lat="40.7588860" lon="-73.9857703"/>
  <node id="5522182777" lat="40.7582527" lon="-73.9862271"/>
  <node id="5522182778" lat="40.7583240" lon="-73.9861757"/>
  <node id="5522182779" lat="40.7588019" lon="-73.9858314"/>
  <node id="5651033419" lat="40.7566551" lon="-73.9884184">
    <tag k="crossing" v="traffic_signals"/>
    <tag k="crossing:island" v="no"/>
    <tag k="highway" v="crossing"/>
    <tag k="tactile_paving" v="yes"/>
  </node>
  <node id="5849918503" lat="40.7595080" lon="-73.9881318"/>
  <node id="5849918504" lat="40.7579117" lon="-73.9892961">
    <tag k="highway" v="traffic_signals"/>
  </node>
  <node id="6007429050" lat="40.7588725" lon="-73.9894234"/>
  <node id="6167628291" lat="40.7593493" lon="-73.9830173"/>
  <node id="6167628293" lat="40.7567704" lon="-73.9886922"/>
  <node id="6210777833" lat="40.7598331" lon="-73.9880374"/>
  <node id="6210777836" lat="40.7604550" lon="-73.9875851"/>
  <node id="6210777839" lat="40.7617110" lon="-73.9866691"/>
  <node id="6353650680" lat="40.7582739" lon="-73.9901667"/>
  <node id="6596799508" lat="40.7579601" lon="-73.9853993">
    <tag k="barrier" v="kerb"/>
    <tag k="kerb" v="lowered"/>
    <tag k="tactile_paving" v="yes"/>
    <tag k="wheelchair" v="yes"/>
  </node>
  <node id="6596799513" lat="40.7584850" lon="-73.9850432">
    <tag k="barrier" v="kerb"/>
    <tag k="kerb" v="lowered"/>
    <tag k="tactile_paving" v="yes"/>
  </node>
  <node id="6596799514" lat="40.7584937" lon="-73.9850067">
    <tag k="barrier" v="kerb"/>
    <tag k="kerb" v="lowered"/>
    <tag k="tactile_paving" v="yes"/>
  </node>
  <node id="6596799555" lat="40.7573844" lon="-73.9858587">
    <tag k="barrier" v="kerb"/>
    <tag k="kerb" v="lowered"/>
    <tag k="tactile_paving" v="yes"/>
    <tag k="wheelchair" v="yes"/>
  </node>
  <node id="6596985372" lat="40.7580430" lon="-73.9816655"/>
  <node id="6597009090" lat="40.7579934" lon="-73.9816380">
    <tag k="barrier" v="kerb"/>
    <tag k="kerb" v="lowered"/>
    <tag k="tactile_paving" v="yes"/>
  </node>
  <node id="6597009106" lat="40.7579242" lon="-73.9817466">
    <tag k="barrier" v="kerb"/>
    <tag k="kerb" v="lowered"/>
  </node>
  <node id="6597009109" lat="40.7579360" lon="-73.9816804">
    <tag k="barrier" v="kerb"/>
    <tag k="kerb" v="lowered"/>
    <tag k="tactile_paving" v="yes"/>
  </node>
  <node id="6597429952" lat="40.7587665" lon="-73.9854918"/>
  <node id="6597429962" lat="40.7597416" lon="-73.9841260">
    <tag k="barrier" v="kerb"/>
  </node>
  <node id="6597429972" lat="40.7581289" lon="-73.9818651"/>
  <node id="6597429974" lat="40.7581282" lon="-73.9818984"/>
  <node id="6597429978" lat="40.7592367" lon="-73.9845078">
    <tag k="barrier" v="kerb"/>
    <tag k="kerb" v="lowered"/>
    <tag k="tactile_paving" v="yes"/>
    <tag k="wheelchair" v="yes"/>
  </node>
  <node id="6597429984" lat="40.7580489" lon="-73.9819539"/>
  <node id="6597464386" lat="40.7580074" lon="-73.9819420"/>
  <node id="6597464391" lat="40.7585861" lon="-73.9849417">
    <tag k="barrier" v="kerb"/>
    <tag k="kerb" v="lowered"/>
    <tag k="tactile_paving" v="yes"/>
    <tag k="wheelchair" v="yes"/>
  </node>
  <node id="6597464400" lat="40.7600052" lon="-73.9847432">
    <tag k="barrier" v="kerb"/>
    <tag k="kerb" v="lowered"/>
    <tag k="tactile_paving" v="yes"/>
    <tag k="wheelchair" v="yes"/>
  </node>
  <node id="6597464402" lat="40.7600159" lon="-73.9847137">
    <tag k="barrier" v="kerb"/>
    <tag k="kerb" v="lowered"/>
    <tag k="tactile_paving" v="yes"/>
    <tag k="wheelchair" v="yes"/>
  </node>
  <node id="6597464410" lat="40.7593175" lon="-73.9846936">
    <tag k="barrier" v="kerb"/>
    <tag k="kerb" v="lowered"/>
    <tag k="tactile_paving" v="yes"/>
    <tag k="wheelchair" v="yes"/>
  </node>
  <node id="6597464412" lat="40.7593089" lon="-73.9847318">
    <tag k="barrier" v="kerb"/>
    <tag k="kerb" v="lowered"/>
    <tag k="tactile_paving" v="yes"/>
    <tag k="wheelchair" v="yes"/>
  </node>
  <node id="6597464445" lat="40.7580455" lon="-73.9857320"/>
  <node id="6597464446" lat="40.7578953" lon="-73.9853729"/>
  <node id="6597464455" lat="40.7571815" lon="-73.9857474">
    <tag k="barrier" v="kerb"/>
    <tag k="kerb" v="lowered"/>
    <tag k="tactile_paving" v="yes"/>
    <tag k="wheelchair" v="yes"/>
  </node>
  <node id="6597464471" lat="40.7585920" lon="-73.9852176">
    <tag k="barrier" v="kerb"/>
    <tag k="kerb" v="lowered"/>
    <tag k="tactile_paving" v="yes"/>
    <tag k="wheelchair" v="yes"/>
  </node>
  <node id="6597464478" lat="40.7586936" lon="-73.9850834">
    <tag k="barrier" v="kerb"/>
    <tag k="kerb" v="lowered"/>
    <tag k="tactile_paving" v="yes"/>
    <tag k="wheelchair" v="yes"/>
  </node>
  <node id="6597464486" lat="40.7578917" lon="-73.9855888">
    <tag k="crossing" v="traffic_signals"/>
    <tag k="crossing:markings" v="zebra"/>
    <tag k="highway" v="crossing"/>
  </node>
  <node id="6597464497" lat="40.7574443" lon="-73.9860199">
    <tag k="barrier" v="kerb"/>
    <tag k="kerb" v="lowered"/>
    <tag k="tactile_paving" v="yes"/>
    <tag k="wheelchair" v="yes"/>
  </node>
  <node id="6597464526" lat="40.7561572" lon="-73.9869426">
    <tag k="barrier" v="kerb"/>
    <tag k="kerb" v="lowered"/>
    <tag k="tactile_paving" v="yes"/>
  </node>
  <node id="6597464529" lat="40.7560868" lon="-73.9870695">
    <tag k="crossing" v="traffic_signals"/>
    <tag k="crossing:island" v="no"/>
    <tag k="crossing:markings" v="zebra"/>
    <tag k="highway" v="crossing"/>
    <tag k="tactile_paving" v="yes"/>
  </node>
  <node id="6597464532" lat="40.7560779" lon="-73.9867558"/>
  <node id="6597464533" lat="40.7566011" lon="-73.9864066"/>
  <node id="6597464534" lat="40.7566077" lon="-73.9863753"/>
  <node id="6597464537" lat="40.7566078" lon="-73.9863978"/>
  <node id="6597464538" lat="40.7555097" lon="-73.9838026"/>
  <node id="6597464539" lat="40.7549944" lon="-73.9841905"/>
  <node id="6597473532" lat="40.7598346" lon="-73.9840271">
    <tag k="barrier" v="kerb"/>
  </node>
  <node id="6597473544" lat="40.7599392" lon="-73.9842745">
    <tag k="barrier" v="kerb"/>
  </node>
  <node id="6597473574" lat="40.7608031" lon="-73.9846192">
    <tag k="barrier" v="kerb"/>
  </node>
  <node id="6597473577" lat="40.7607704" lon="-73.9846036">
    <tag k="barrier" v="kerb"/>
  </node>
  <node id="6597473579" lat="40.7602206" lon="-73.9848813">
    <tag k="barrier" v="kerb"/>
    <tag k="kerb" v="lowered"/>
    <tag k="tactile_paving" v="yes"/>
    <tag k="wheelchair" v="yes"/>
  </node>
  <node id="6597473583" lat="40.7565982" lon="-73.9860083"/>
  <node id="6597473584" lat="40.7571582" lon="-73.9857588"/>
  <node id="6597498385" lat="40.7566665" lon="-73.9861358"/>
  <node id="6597498386" lat="40.7568311" lon="-73.9864842"/>
  <node id="6597498387" lat="40.7568951" lon="-73.9862050"/>
  <node id="6597498390" lat="40.7572361" lon="-73.9859576"/>
  <node id="6597498391" lat="40.7561384" lon="-73.9833391"/>
  <node id="6597498392" lat="40.7556386" lon="-73.9836998"/>
  <node id="6597498393" lat="40.7556340" lon="-73.9837065"/>
  <node id="6597498394" lat="40.7556298" lon="-73.9837167"/>
  <node id="6597498396" lat="40.7572013" lon="-73.9858687"/>
  <node id="6597498397" lat="40.7572395" lon="-73.9859662">
    <tag k="barrier" v="kerb"/>
    <tag k="kerb" v="lowered"/>
    <tag k="tactile_paving" v="yes"/>
    <tag k="wheelchair" v="yes"/>
  </node>
  <node id="6597498398" lat="40.7578580" lon="-73.9891695">
    <tag k="crossing" v="traffic_signals"/>
    <tag k="crossing:markings" v="zebra"/>
    <tag k="crossing:signals" v="yes"/>
    <tag k="highway" v="crossing"/>
  </node>
  <node id="6597498399" lat="40.7584302" lon="-73.9887591"/>
  <node id="6597498400" lat="40.7573240" lon="-73.9861463"/>
  <node id="6597498404" lat="40.7568155" lon="-73.9864955"/>
  <node id="6597498405" lat="40.7568108" lon="-73.9864992"/>
  <node id="6597498406" lat="40.7568096" lon="-73.9865131"/>
  <node id="6597498407" lat="40.7568136" lon="-73.9865221"/>
  <node id="6597498408" lat="40.7579164" lon="-73.9891266"/>
  <node id="6597498409" lat="40.7565238" lon="-73.9861761"/>
  <node id="6597498410" lat="40.7566952" lon="-73.9866102"/>
  <node id="6597498411" lat="40.7561775" lon="-73.9869911"/>
  <node id="6597498413" lat="40.7577968" lon="-73.9892145"/>
  <node id="6597498414" lat="40.7572944" lon="-73.9895973"/>
  <node id="6597498415" lat="40.7572787" lon="-73.9896034"/>
  <node id="6597498416" lat="40.7572645" lon="-73.9896014"/>
  <node id="6597498417" lat="40.7572533" lon="-73.9895933"/>
  <node id="6598499079" lat="40.7599203" lon="-73.9805937"/>
  <node id="6598499082" lat="40.7598884" lon="-73.9805697"/>
  <node id="6598534822" lat="40.7608773" lon="-73.9845692">
    <tag k="barrier" v="kerb"/>
  </node>
  <node id="6598534838" lat="40.7616194" lon="-73.9827647">
    <tag k="barrier" v="kerb"/>
  </node>
  <node id="6598534846" lat="40.7617362" lon="-73.9829738">
    <tag k="barrier" v="kerb"/>
  </node>
  <node id="6598534848" lat="40.7616985" lon="-73.9829537">
    <tag k="barrier" v="kerb"/>
  </node>
  <node id="6598534891" lat="40.7606373" lon="-73.9800282">
    <tag k="barrier" v="kerb"/>
    <tag k="kerb" v="lowered"/>
    <tag k="tactile_paving" v="yes"/>
  </node>
  <node id="6598534897" lat="40.7617532" lon="-73.9826666">
    <tag k="barrier" v="kerb"/>
  </node>
  <node id="6598534908" lat="40.7618322" lon="-73.9828564">
    <tag k="barrier" v="kerb"/>
  </node>
  <node id="6598534911" lat="40.7618255" lon="-73.9829091">
    <tag k="barrier" v="kerb"/>
  </node>
  <node id="6598535041" lat="40.7560324" lon="-73.9871168">
    <tag k="barrier" v="kerb"/>
    <tag k="kerb" v="lowered"/>
    <tag k="tactile_paving" v="yes"/>
  </node>
  <node id="6598535157" lat="40.7591475" lon="-73.9846758">
    <tag k="crossing" v="traffic_signals"/>
    <tag k="crossing:markings" v="zebra"/>
    <tag k="highway" v="crossing"/>
  </node>
  <node id="6598535158" lat="40.7591783" lon="-73.9847499"/>
  <node id="6598535159" lat="40.7586679" lon="-73.9850272">
    <tag k="crossing" v="traffic_signals"/>
    <tag k="crossing:markings" v="zebra"/>
    <tag k="highway" v="crossing"/>
  </node>
  <node id="6598535160" lat="40.7577514" lon="-73.9829190"/>
  <node id="6598535161" lat="40.7582628" lon="-73.9825408"/>
  <node id="6598535162" lat="40.7591011" lon="-73.9845648"/>
  <node id="6598535165" lat="40.7590509" lon="-73.9843813"/>
  <node id="6598535166" lat="40.7580218" lon="-73.9819725"/>
  <node id="6598535167" lat="40.7575118" lon="-73.9823453"/>
  <node id="6598535168" lat="40.7585813" lon="-73.9848917"/>
  <node id="6598535169" lat="40.7585990" lon="-73.9849328"/>
  <node id="6598535170" lat="40.7586185" lon="-73.9849185"/>
  <node id="6598535171" lat="40.7585700" lon="-73.9852358"/>
  <node id="6598535172" lat="40.7587105" lon="-73.9851336"/>
  <node id="6598535173" lat="40.7593996" lon="-73.9852285"/>
  <node id="6598535174" lat="40.7588043" lon="-73.9854128"/>
  <node id="6598535175" lat="40.7597315" lon="-73.9877973">
    <tag k="button_operated" v="no"/>
    <tag k="crossing" v="traffic_signals"/>
    <tag k="highway" v="crossing"/>
    <tag k="tactile_paving" v="no"/>
    <tag k="traffic_signals:sound" v="no"/>
    <tag k="traffic_signals:vibration" v="no"/>
  </node>
  <node id="6598535176" lat="40.7597873" lon="-73.9877587"/>
  <node id="6598535177" lat="40.7597970" lon="-73.9877620"/>
  <node id="6598535178" lat="40.7603064" lon="-73.9873872"/>
  <node id="6598535179" lat="40.7592081" lon="-73.9847609"/>
  <node id="6598535180" lat="40.7592033" lon="-73.9847510"/>
  <node id="6598535181" lat="40.7591869" lon="-73.9847453"/>
  <node id="6598535184" lat="40.7587749" lon="-73.9853242"/>
  <node id="6598535185" lat="40.7588274" lon="-73.9854781"/>
  <node id="6598535186" lat="40.7597756" lon="-73.9877359"/>
  <node id="6598535187" lat="40.7586705" lon="-73.9854622"/>
  <node id="6598535188" lat="40.7585239" lon="-73.9851316">
    <tag k="crossing" v="traffic_signals"/>
    <tag k="crossing:markings" v="zebra"/>
    <tag k="highway" v="crossing"/>
    <tag k="tactile_paving" v="yes"/>
  </node>
  <node id="6598535189" lat="40.7584759" lon="-73.9850200"/>
  <node id="6598535191" lat="40.7584712" lon="-73.9849748"/>
  <node id="6598535192" lat="40.7573996" lon="-73.9824251"/>
  <node id="6598535193" lat="40.7573864" lon="-73.9824238"/>
  <node id="6598535194" lat="40.7568866" lon="-73.9827852"/>
  <node id="6598535195" lat="40.7568815" lon="-73.9827939"/>
  <node id="6598535196" lat="40.7568800" lon="-73.9828073"/>
  <node id="6598535197" lat="40.7579709" lon="-73.9853912"/>
  <node id="6598535200" lat="40.7579892" lon="-73.9853784"/>
  <node id="6598535203" lat="40.7581001" lon="-73.9856475"/>
  <node id="6598535204" lat="40.7591062" lon="-73.9882592">
    <tag k="crossing" v="traffic_signals"/>
    <tag k="crossing:markings" v="zebra"/>
    <tag k="crossing:signals" v="yes"/>
    <tag k="highway" v="crossing"/>
    <tag k="tactile_paving" v="no"/>
  </node>
  <node id="6598535205" lat="40.7585223" lon="-73.9866837"/>
  <node id="6598535206" lat="40.7590351" lon="-73.9863048"/>
  <node id="6598535207" lat="40.7588261" lon="-73.9858140"/>
  <node id="6598535208" lat="40.7596832" lon="-73.9878308"/>
  <node id="6598535209" lat="40.7596824" lon="-73.9878432"/>
  <node id="6598535210" lat="40.7596784" lon="-73.9878532"/>
  <node id="6598535211" lat="40.7591753" lon="-73.9882204"/>
  <node id="6598535212" lat="40.7591644" lon="-73.9882170"/>
  <node id="6598535213" lat="40.7591562" lon="-73.9882093"/>
  <node id="6598535214" lat="40.7581095" lon="-73.9856781"/>
  <node id="6598535217" lat="40.7574641" lon="-73.9860733"/>
  <node id="6598535218" lat="40.7584018" lon="-73.9867726"/>
  <node id="6598535219" lat="40.7578898" lon="-73.9871494"/>
  <node id="6598535220" lat="40.7590503" lon="-73.9882998"/>
  <node id="6598535221" lat="40.7579512" lon="-73.9857247"/>
  <node id="6598535222" lat="40.7574420" lon="-73.9860898"/>
  <node id="6598535223" lat="40.7585419" lon="-73.9886780"/>
  <node id="6598535224" lat="40.7555725" lon="-73.9837577">
    <tag k="button_operated" v="no"/>
    <tag k="crossing" v="traffic_signals"/>
    <tag k="crossing:markings" v="zebra"/>
    <tag k="crossing:signals" v="yes"/>
    <tag k="highway" v="crossing"/>
    <tag k="tactile_paving" v="yes"/>
    <tag k="traffic_signals:sound" v="no"/>
    <tag k="traffic_signals:vibration" v="no"/>
  </node>
  <node id="6598535226" lat="40.7562567" lon="-73.9832539"/>
  <node id="6598535230" lat="40.7572239" lon="-73.9857273">
    <tag k="crossing" v="traffic_signals"/>
    <tag k="highway" v="crossing"/>
  </node>
  <node id="6598535231" lat="40.7572859" lon="-73.9856974"/>
  <node id="6598535232" lat="40.7573666" lon="-73.9858492"/>
  <node id="6598535233" lat="40.7573778" lon="-73.9858419"/>
  <node id="6598535234" lat="40.7578523" lon="-73.9854979"/>
  <node id="6598535235" lat="40.7578559" lon="-73.9854740"/>
  <node id="6598535236" lat="40.7567647" lon="-73.9828831"/>
  <node id="6598535238" lat="40.7562623" lon="-73.9832405"/>
  <node id="6598535241" lat="40.7573468" lon="-73.9858362"/>
  <node id="6632233656" lat="40.7586294" lon="-73.9853696"/>
  <node id="6814895823" lat="40.7587530" lon="-73.9776955"/>
  <node id="6958055831" lat="40.7605973" lon="-73.9781816"/>
  <node id="7095733937" lat="40.7574592" lon="-73.9903332"/>
  <node id="7254138685" lat="40.7592260" lon="-73.9849051"/>
  <node id="7579205552" lat="40.7580694" lon="-73.9820848"/>
  <node id="7579205553" lat="40.7580314" lon="-73.9821116"/>
  <node id="7581386277" lat="40.7583694" lon="-73.9886519"/>
  <node id="7581386278" lat="40.7583815" lon="-73.9886430"/>
  <node id="7618605781" lat="40.7559184" lon="-73.9863795"/>
  <node id="8250885533" lat="40.7594121" lon="-73.9852607"/>
  <node id="8250885534" lat="40.7588235" lon="-73.9854681"/>
  <node id="8250885535" lat="40.7592484" lon="-73.9864805">
    <tag k="highway" v="crossing"/>
  </node>
  <node id="8250885536" lat="40.7596276" lon="-73.9873834">
    <tag k="highway" v="crossing"/>
  </node>
  <node id="8250892563" lat="40.7602340" lon="-73.9870605"/>
  <node id="8250892564" lat="40.7603108" lon="-73.9870076">
    <tag k="amenity" v="parking_entrance"/>
  </node>
  <node id="8250892565" lat="40.7595723" lon="-73.9874205"/>
  <node id="8250908767" lat="40.7582569" lon="-73.9842778"/>
  <node id="8250908768" lat="40.7581740" lon="-73.9843363">
    <tag k="amenity" v="parking_entrance"/>
  </node>
  <node id="8250912518" lat="40.7581960" lon="-73.9843212"/>
  <node id="8318633102" lat="40.7569755" lon="-73.9835588">
    <tag k="amenity" v="parking_entrance"/>
  </node>
  <node id="8318633103" lat="40.7570948" lon="-73.9834777"/>
  <node id="8318633104" lat="40.7575793" lon="-73.9827028"/>
  <node id="8318633105" lat="40.7574848" lon="-73.9827717">
    <tag k="amenity" v="parking_entrance"/>
  </node>
  <node id="8318633106" lat="40.7575310" lon="-73.9827380">
    <tag k="highway" v="crossing"/>
  </node>
  <node id="8318633107" lat="40.7570353" lon="-73.9835181">
    <tag k="highway" v="crossing"/>
  </node>
  <node id="8318633108" lat="40.7611141" lon="-73.9813648"/>
  <node id="8318633109" lat="40.7610338" lon="-73.9814210">
    <tag k="amenity" v="parking_entrance"/>
  </node>
  <node id="8373393481" lat="40.7568243" lon="-73.9828376">
    <tag k="button_operated" v="no"/>
    <tag k="crossing" v="traffic_signals"/>
    <tag k="crossing:markings" v="zebra"/>
    <tag k="crossing:signals" v="yes"/>
    <tag k="highway" v="crossing"/>
    <tag k="traffic_signals:sound" v="no"/>
    <tag k="traffic_signals:vibration" v="no"/>
  </node>
  <node id="8375496965" lat="40.7581394" lon="-73.9818909"/>
  <node id="8375496966" lat="40.7580748" lon="-73.9819359">
    <tag k="crossing" v="traffic_signals"/>
    <tag k="crossing:markings" v="zebra"/>
    <tag k="crossing:signals" v="yes"/>
    <tag k="highway" v="crossing"/>
  </node>
  <node id="8375523266" lat="40.7549381" lon="-73.9840473">
    <tag k="button_operated" v="no"/>
    <tag k="crossing" v="traffic_signals"/>
    <tag k="highway" v="crossing"/>
    <tag k="tactile_paving" v="yes"/>
    <tag k="traffic_signals:sound" v="no"/>
    <tag k="traffic_signals:vibration" v="no"/>
  </node>
  <node id="8396064851" lat="40.7581885" lon="-73.9862703"/>
  <node id="8396064852" lat="40.7581681" lon="-73.9862843">
    <tag k="amenity" v="parking_entrance"/>
  </node>
  <node id="8396878495" lat="40.7565117" lon="-73.9840416"/>
  <node id="8396878496" lat="40.7564530" lon="-73.9840827"/>
  <node id="8396878497" lat="40.7564413" lon="-73.9840910">
    <tag k="amenity" v="parking_entrance"/>
  </node>
  <node id="8396878498" lat="40.7562462" lon="-73.9853559"/>
  <node id="8396878499" lat="40.7563017" lon="-73.9853163"/>
  <node id="8396878500" lat="40.7563173" lon="-73.9853052">
    <tag k="amenity" v="parking_entrance"/>
  </node>
  <node id="8441992773" lat="40.7584993" lon="-73.9907030">
    <tag k="highway" v="traffic_signals"/>
  </node>
  <node id="8640296392" lat="40.7604218" lon="-73.9876503"/>
  <node id="8640296393" lat="40.7607408" lon="-73.9884189"/>
  <node id="8640296394" lat="40.7609824" lon="-73.9889756"/>
  <node id="8640296395" lat="40.7612759" lon="-73.9896510"/>
  <node id="8646554907" lat="40.7616136" lon="-73.9901318"/>
  <node id="8646554908" lat="40.7614993" lon="-73.9902149"/>
  <node id="8646554909" lat="40.7615468" lon="-73.9901804">
    <tag k="button_operated" v="yes"/>
    <tag k="crossing" v="traffic_signals"/>
    <tag k="highway" v="crossing"/>
    <tag k="tactile_paving" v="no"/>
    <tag k="traffic_signals:sound" v="yes"/>
    <tag k="traffic_signals:vibration" v="yes"/>
  </node>
  <node id="8669764313" lat="40.7575242" lon="-73.9883815"/>
  <node id="8669764314" lat="40.7575941" lon="-73.9883345">
    <tag k="access" v="customers"/>
    <tag k="amenity" v="parking_entrance"/>
    <tag k="covered" v="yes"/>
    <tag k="fee" v="yes"/>
    <tag k="level" v="0"/>
    <tag k="maxheight" v="6'9&quot;"/>
    <tag k="parking" v="multi-storey"/>
  </node>
  <node id="8669764315" lat="40.7575828" lon="-73.9883419"/>
  <node id="8704367785" lat="40.7610575" lon="-73.9851171"/>
  <node id="8704367786" lat="40.7611849" lon="-73.9854196"/>
  <node id="8704367787" lat="40.7612553" lon="-73.9853675">
    <tag k="amenity" v="parking_entrance"/>
  </node>
  <node id="8704367788" lat="40.7619657" lon="-73.9853207"/>
  <node id="8704367789" lat="40.7618863" lon="-73.9853788">
    <tag k="amenity" v="parking_entrance"/>
  </node>
  <node id="9004888709" lat="40.7580688" lon="-73.9856633">
    <tag k="barrier" v="kerb"/>
    <tag k="kerb" v="lowered"/>
    <tag k="tactile_paving" v="yes"/>
    <tag k="wheelchair" v="yes"/>
  </node>
  <node id="9004888711" lat="40.7574840" lon="-73.9856929"/>
  <node id="9004888713" lat="40.7573266" lon="-73.9857916"/>
  <node id="9140940649" lat="40.7611195" lon="-73.9795395"/>
  <node id="9140940652" lat="40.7623147" lon="-73.9823715"/>
  <node id="9140940672" lat="40.7615477" lon="-73.9805642"/>
  <node id="9235539537" lat="40.7570830" lon="-73.9897193"/>
  <node id="9235539538" lat="40.7572106" lon="-73.9900081"/>
  <node id="9235539539" lat="40.7573811" lon="-73.9898329"/>
  <node id="9235539540" lat="40.7571772" lon="-73.9896581">
    <tag k="button_operated" v="no"/>
    <tag k="crossing" v="traffic_signals"/>
    <tag k="crossing:island" v="no"/>
    <tag k="crossing:markings" v="zebra"/>
    <tag k="crossing:signals" v="yes"/>
    <tag k="highway" v="crossing"/>
    <tag k="tactile_paving" v="yes"/>
    <tag k="traffic_signals:sound" v="no"/>
  </node>
  <node id="9235539541" lat="40.7573308" lon="-73.9897203">
    <tag k="crossing" v="traffic_signals"/>
    <tag k="crossing:island" v="no"/>
    <tag k="highway" v="crossing"/>
    <tag k="tactile_paving" v="yes"/>
  </node>
  <node id="9235539542" lat="40.7571437" lon="-73.9898567">
    <tag k="button_operated" v="no"/>
    <tag k="crossing" v="traffic_signals"/>
    <tag k="crossing:island" v="no"/>
    <tag k="crossing:markings" v="zebra"/>
    <tag k="crossing:signals" v="yes"/>
    <tag k="highway" v="crossing"/>
    <tag k="tactile_paving" v="yes"/>
    <tag k="traffic_signals:sound" v="no"/>
  </node>
  <node id="9235539543" lat="40.7572884" lon="-73.9899281">
    <tag k="button_operated" v="no"/>
    <tag k="crossing" v="traffic_signals"/>
    <tag k="crossing:island" v="no"/>
    <tag k="crossing:markings" v="zebra"/>
    <tag k="crossing:signals" v="yes"/>
    <tag k="highway" v="crossing"/>
    <tag k="tactile_paving" v="yes"/>
    <tag k="traffic_signals:sound" v="no"/>
  </node>
  <node id="9235539544" lat="40.7567360" lon="-73.9883616"/>
  <node id="9235539545" lat="40.7565671" lon="-73.9884807"/>
  <node id="9235539546" lat="40.7560006" lon="-73.9871389"/>
  <node id="9235539548" lat="40.7559883" lon="-73.9868306">
    <tag k="crossing" v="traffic_signals"/>
    <tag k="crossing:island" v="no"/>
    <tag k="crossing:markings" v="zebra"/>
    <tag k="highway" v="crossing"/>
  </node>
  <node id="9235539549" lat="40.7559487" lon="-73.9870146">
    <tag k="crossing" v="traffic_signals"/>
    <tag k="crossing:markings" v="zebra"/>
    <tag k="highway" v="crossing"/>
  </node>
  <node id="9235539550" lat="40.7559448" lon="-73.9864425"/>
  <node id="9235539555" lat="40.7558542" lon="-73.9865087">
    <tag k="crossing" v="traffic_signals"/>
    <tag k="crossing:island" v="no"/>
    <tag k="highway" v="crossing"/>
    <tag k="tactile_paving" v="no"/>
  </node>
  <node id="9235539558" lat="40.7572700" lon="-73.9856599"/>
  <node id="9235539559" lat="40.7571439" lon="-73.9857221"/>
  <node id="9235539560" lat="40.7572084" lon="-73.9856903"/>
  <node id="9235539561" lat="40.7564562" lon="-73.9860153"/>
  <node id="9235539562" lat="40.7565822" lon="-73.9859784"/>
  <node id="9235539564" lat="40.7567600" lon="-73.9863104">
    <tag k="barrier" v="kerb"/>
    <tag k="kerb" v="lowered"/>
    <tag k="tactile_paving" v="yes"/>
    <tag k="wheelchair" v="yes"/>
  </node>
  <node id="9235539567" lat="40.7560821" lon="-73.9851440"/>
  <node id="9286433216" lat="40.7610612" lon="-73.9882109"/>
  <node id="9286503617" lat="40.7614274" lon="-73.9879463"/>
  <node id="9286503618" lat="40.7611956" lon="-73.9881138"/>
  <node id="9286503619" lat="40.7611633" lon="-73.9880352"/>
  <node id="9286503620" lat="40.7613548" lon="-73.9879988">
    <tag k="barrier" v="gate"/>
    <tag k="vehicle" v="private"/>
  </node>
  <node id="9354852633" lat="40.7591716" lon="-73.9847336">
    <tag k="barrier" v="kerb"/>
    <tag k="kerb" v="lowered"/>
    <tag k="tactile_paving" v="yes"/>
    <tag k="wheelchair" v="yes"/>
  </node>
  <node id="9354852635" lat="40.7586960" lon="-73.9855194"/>
  <node id="9354852636" lat="40.7581274" lon="-73.9857361"/>
  <node id="9354852637" lat="40.7583137" lon="-73.9861831">
    <tag k="highway" v="crossing"/>
  </node>
  <node id="9469803476" lat="40.7577210" lon="-73.9894354"/>
  <node id="9469961217" lat="40.7601095" lon="-73.9876912"/>
  <node id="9501912442" lat="40.7600532" lon="-73.9803150">
    <tag k="highway" v="traffic_signals"/>
    <tag k="traffic_signals:direction" v="forward"/>
  </node>
  <node id="9535571850" lat="40.7584747" lon="-73.9924217"/>
  <node id="9538820158" lat="40.7565677" lon="-73.9900926"/>
  <node id="9538820159" lat="40.7564510" lon="-73.9901796"/>
  <node id="9538820160" lat="40.7565083" lon="-73.9901369">
    <tag k="crossing" v="traffic_signals"/>
    <tag k="highway" v="crossing"/>
  </node>
  <node id="9538820169" lat="40.7575624" lon="-73.9902666"/>
  <node id="9647769356" lat="40.7564255" lon="-73.9857810"/>
  <node id="9648221827" lat="40.7613013" lon="-73.9868339"/>
  <node id="9665064784" lat="40.7576657" lon="-73.9848288"/>
  <node id="9665064785" lat="40.7602164" lon="-73.9908914"/>
  <node id="9665064838" lat="40.7602667" lon="-73.9832392"/>
  <node id="9666047678" lat="40.7550013" lon="-73.9804576"/>
  <node id="9674241493" lat="40.7595223" lon="-73.9807016">
    <tag k="crossing" v="traffic_signals"/>
    <tag k="crossing:island" v="no"/>
    <tag k="highway" v="crossing"/>
    <tag k="tactile_paving" v="no"/>
  </node>
  <node id="9732912239" lat="40.7618811" lon="-73.9831922"/>
  <node id="9749419125" lat="40.7598476" lon="-73.9880713">
    <tag k="button_operated" v="no"/>
    <tag k="crossing" v="traffic_signals"/>
    <tag k="highway" v="crossing"/>
    <tag k="tactile_paving" v="yes"/>
    <tag k="traffic_signals:sound" v="no"/>
    <tag k="traffic_signals:vibration" v="no"/>
  </node>
  <node id="9753722444" lat="40.7556389" lon="-73.9800189"/>
  <node id="9753722445" lat="40.7566051" lon="-73.9823131"/>
  <node id="10009446326" lat="40.7618221" lon="-73.9812305"/>
  <node id="10164937718" lat="40.7554069" lon="-73.9796586"/>
  <node id="10164937719" lat="40.7555200" lon="-73.9795736"/>
  <node id="10164937726" lat="40.7567804" lon="-73.9825330"/>
  <node id="10164937727" lat="40.7566586" lon="-73.9826164"/>
  <node id="10164937728" lat="40.7568323" lon="-73.9826670">
    <tag k="crossing" v="traffic_signals"/>
    <tag k="crossing:markings" v="zebra"/>
    <tag k="crossing:signals" v="yes"/>
    <tag k="highway" v="crossing"/>
  </node>
  <node id="10164937729" lat="40.7567152" lon="-73.9825776">
    <tag k="button_operated" v="no"/>
    <tag k="crossing" v="traffic_signals"/>
    <tag k="crossing:markings" v="zebra"/>
    <tag k="crossing:signals" v="yes"/>
    <tag k="highway" v="crossing"/>
    <tag k="tactile_paving" v="no"/>
    <tag k="traffic_signals:sound" v="no"/>
    <tag k="traffic_signals:vibration" v="no"/>
  </node>
  <node id="10164937730" lat="40.7567133" lon="-73.9827538">
    <tag k="button_operated" v="no"/>
    <tag k="crossing" v="traffic_signals"/>
    <tag k="crossing:markings" v="zebra"/>
    <tag k="crossing:signals" v="yes"/>
    <tag k="highway" v="crossing"/>
    <tag k="traffic_signals:sound" v="no"/>
    <tag k="traffic_signals:vibration" v="no"/>
  </node>
  <node id="10166333040" lat="40.7566520" lon="-73.9787247"/>
  <node id="10166333043" lat="40.7567657" lon="-73.9786427"/>
  <node id="10166333044" lat="40.7567131" lon="-73.9786807">
    <tag k="crossing" v="traffic_signals"/>
    <tag k="highway" v="crossing"/>
  </node>
  <node id="10166333045" lat="40.7572784" lon="-73.9782796"/>
  <node id="10166333048" lat="40.7573946" lon="-73.9781970"/>
  <node id="10166333049" lat="40.7560271" lon="-73.9791969"/>
  <node id="10166333052" lat="40.7561466" lon="-73.9791085"/>
  <node id="10166333053" lat="40.7569317" lon="-73.9813532"/>
  <node id="10166333054" lat="40.7572659" lon="-73.9821726"/>
  <node id="10166333055" lat="40.7570023" lon="-73.9815262"/>
  <node id="10166333056" lat="40.7573767" lon="-73.9824308"/>
  <node id="10166333057" lat="40.7574006" lon="-73.9820770"/>
  <node id="10166333058" lat="40.7574544" lon="-73.9822069">
    <tag k="button_operated" v="no"/>
    <tag k="crossing" v="traffic_signals"/>
    <tag k="crossing:markings" v="zebra"/>
    <tag k="crossing:signals" v="yes"/>
    <tag k="highway" v="crossing"/>
    <tag k="tactile_paving" v="no"/>
    <tag k="traffic_signals:sound" v="no"/>
    <tag k="traffic_signals:vibration" v="no"/>
  </node>
  <node id="10166333059" lat="40.7573223" lon="-73.9823040">
    <tag k="button_operated" v="no"/>
    <tag k="crossing" v="traffic_signals"/>
    <tag k="crossing:markings" v="zebra"/>
    <tag k="crossing:signals" v="yes"/>
    <tag k="highway" v="crossing"/>
    <tag k="tactile_paving" v="no"/>
    <tag k="traffic_signals:sound" v="no"/>
    <tag k="traffic_signals:vibration" v="no"/>
  </node>
  <node id="10166333083" lat="40.7579059" lon="-73.9817029"/>
  <node id="10166333084" lat="40.7580213" lon="-73.9816164"/>
  <node id="10166333085" lat="40.7579598" lon="-73.9816625">
    <tag k="button_operated" v="no"/>
    <tag k="crossing" v="traffic_signals"/>
    <tag k="crossing:markings" v="zebra"/>
    <tag k="crossing:signals" v="yes"/>
    <tag k="highway" v="crossing"/>
    <tag k="tactile_paving" v="yes"/>
    <tag k="traffic_signals:sound" v="no"/>
    <tag k="traffic_signals:vibration" v="no"/>
  </node>
  <node id="10166333086" lat="40.7579632" lon="-73.9818362">
    <tag k="crossing" v="traffic_signals"/>
    <tag k="crossing:markings" v="zebra"/>
    <tag k="crossing:signals" v="yes"/>
    <tag k="highway" v="crossing"/>
  </node>
  <node id="10166333087" lat="40.7580795" lon="-73.9817517">
    <tag k="crossing" v="traffic_signals"/>
    <tag k="crossing:markings" v="zebra"/>
    <tag k="crossing:signals" v="yes"/>
    <tag k="highway" v="crossing"/>
  </node>
  <node id="10166521650" lat="40.7645737" lon="-73.9954161">
    <tag k="button_operated" v="no"/>
    <tag k="crossing" v="traffic_signals"/>
    <tag k="crossing:signals" v="yes"/>
    <tag k="highway" v="crossing"/>
    <tag k="tactile_paving" v="yes"/>
    <tag k="traffic_signals:sound" v="no"/>
  </node>
  <node id="10168029001" lat="40.7634838" lon="-73.9928315">
    <tag k="crossing" v="traffic_signals"/>
    <tag k="highway" v="crossing"/>
  </node>
  <node id="10168029005" lat="40.7633755" lon="-73.9925790">
    <tag k="crossing" v="traffic_signals"/>
    <tag k="highway" v="crossing"/>
  </node>
  <node id="10168047522" lat="40.7597320" lon="-73.9915088"/>
  <node id="10168047523" lat="40.7596728" lon="-73.9915517">
    <tag k="crossing" v="traffic_signals"/>
    <tag k="highway" v="crossing"/>
    <tag k="tactile_paving" v="yes"/>
  </node>
  <node id="10168047524" lat="40.7596177" lon="-73.9915916"/>
  <node id="10168047528" lat="40.7589917" lon="-73.9920622"/>
  <node id="10168047529" lat="40.7590542" lon="-73.9920184">
    <tag k="crossing" v="traffic_signals"/>
    <tag k="crossing:markings" v="zebra"/>
    <tag k="crossing:signals" v="yes"/>
    <tag k="highway" v="crossing"/>
  </node>
  <node id="10168047530" lat="40.7591173" lon="-73.9919742"/>
  <node id="10168047567" lat="40.7609881" lon="-73.9906072"/>
  <node id="10168047568" lat="40.7609369" lon="-73.9906426">
    <tag k="button_operated" v="yes"/>
    <tag k="crossing" v="traffic_signals"/>
    <tag k="highway" v="crossing"/>
    <tag k="tactile_paving" v="yes"/>
    <tag k="traffic_signals:sound" v="yes"/>
    <tag k="traffic_signals:vibration" v="yes"/>
  </node>
  <node id="10168047569" lat="40.7608880" lon="-73.9906764"/>
  <node id="10168047575" lat="40.7603564" lon="-73.9910489"/>
  <node id="10168047577" lat="40.7602450" lon="-73.9911326"/>
  <node id="10168088449" lat="40.7554749" lon="-73.9874874"/>
  <node id="10168088450" lat="40.7553565" lon="-73.9875800"/>
  <node id="10168088452" lat="40.7554332" lon="-73.9874021">
    <tag k="crossing" v="traffic_signals"/>
    <tag k="crossing:markings" v="zebra"/>
    <tag k="highway" v="crossing"/>
  </node>
  <node id="10168088454" lat="40.7554111" lon="-73.9875373">
    <tag k="crossing" v="traffic_signals"/>
    <tag k="crossing:markings" v="zebra"/>
    <tag k="highway" v="crossing"/>
  </node>
  <node id="10168088457" lat="40.7562117" lon="-73.9876628"/>
  <node id="10168088458" lat="40.7562404" lon="-73.9877354"/>
  <node id="10168088459" lat="40.7563273" lon="-73.9879371"/>
  <node id="10168088460" lat="40.7563809" lon="-73.9880716"/>
  <node id="10168088461" lat="40.7565743" lon="-73.9885011"/>
  <node id="10168088462" lat="40.7566425" lon="-73.9886584"/>
  <node id="10168088463" lat="40.7566953" lon="-73.9887841"/>
  <node id="10168088464" lat="40.7567084" lon="-73.9888151"/>
  <node id="10168088465" lat="40.7568330" lon="-73.9891063"/>
  <node id="10168088466" lat="40.7568712" lon="-73.9892040"/>
  <node id="10168088467" lat="40.7578560" lon="-73.9894801"/>
  <node id="10168088468" lat="40.7579179" lon="-73.9894898"/>
  <node id="10168088469" lat="40.7580380" lon="-73.9893990"/>
  <node id="10168088470" lat="40.7579245" lon="-73.9891208"/>
  <node id="10168088471" lat="40.7579767" lon="-73.9892486">
    <tag k="crossing" v="traffic_signals"/>
    <tag k="crossing:markings" v="zebra"/>
    <tag k="crossing:signals" v="yes"/>
    <tag k="highway" v="crossing"/>
  </node>
  <node id="10168088472" lat="40.7578519" lon="-73.9893398">
    <tag k="crossing" v="traffic_signals"/>
    <tag k="crossing:markings" v="zebra"/>
    <tag k="crossing:signals" v="yes"/>
    <tag k="highway" v="crossing"/>
  </node>
  <node id="10168088473" lat="40.7579745" lon="-73.9894470">
    <tag k="crossing" v="traffic_signals"/>
    <tag k="crossing:markings" v="zebra"/>
    <tag k="crossing:signals" v="yes"/>
    <tag k="highway" v="crossing"/>
  </node>
  <node id="10168088474" lat="40.7585435" lon="-73.9890257"/>
  <node id="10168088475" lat="40.7586514" lon="-73.9889461"/>
  <node id="10168088476" lat="40.7584814" lon="-73.9887219"/>
  <node id="10168088477" lat="40.7585916" lon="-73.9887997"/>
  <node id="10168088478" lat="40.7584816" lon="-73.9888800"/>
  <node id="10168088479" lat="40.7585937" lon="-73.9889887"/>
  <node id="10168088480" lat="40.7591636" lon="-73.9885688"/>
  <node id="10168088481" lat="40.7592821" lon="-73.9884887"/>
  <node id="10168088482" lat="40.7592227" lon="-73.9883395">
    <tag k="crossing" v="traffic_signals"/>
    <tag k="crossing:markings" v="zebra"/>
    <tag k="crossing:signals" v="yes"/>
    <tag k="highway" v="crossing"/>
  </node>
  <node id="10168088483" lat="40.7591028" lon="-73.9884271">
    <tag k="crossing" v="traffic_signals"/>
    <tag k="crossing:markings" v="zebra"/>
    <tag k="crossing:signals" v="yes"/>
    <tag k="highway" v="crossing"/>
  </node>
  <node id="10168088484" lat="40.7592205" lon="-73.9885304">
    <tag k="button_operated" v="no"/>
    <tag k="crossing" v="traffic_signals"/>
    <tag k="crossing:markings" v="zebra"/>
    <tag k="crossing:signals" v="yes"/>
    <tag k="highway" v="crossing"/>
    <tag k="traffic_signals:sound" v="no"/>
    <tag k="traffic_signals:vibration" v="no"/>
  </node>
  <node id="10168088485" lat="40.7597958" lon="-73.9881122"/>
  <node id="10168088486" lat="40.7599135" lon="-73.9880192"/>
  <node id="10168088488" lat="40.7605328" lon="-73.9875699"/>
  <node id="10168088489" lat="40.7604187" lon="-73.9872947"/>
  <node id="10168088490" lat="40.7603544" lon="-73.9873463">
    <tag k="button_operated" v="no"/>
    <tag k="crossing:signals" v="yes"/>
    <tag k="highway" v="crossing"/>
    <tag k="tactile_paving" v="no"/>
    <tag k="traffic_signals:sound" v="no"/>
    <tag k="traffic_signals:vibration" v="no"/>
  </node>
  <node id="10168088491" lat="40.7604731" lon="-73.9874291">
    <tag k="button_operated" v="no"/>
    <tag k="crossing:signals" v="yes"/>
    <tag k="highway" v="crossing"/>
    <tag k="tactile_paving" v="no"/>
    <tag k="traffic_signals:sound" v="no"/>
    <tag k="traffic_signals:vibration" v="no"/>
  </node>
  <node id="10168088492" lat="40.7603605" lon="-73.9875105">
    <tag k="button_operated" v="no"/>
    <tag k="crossing:signals" v="yes"/>
    <tag k="highway" v="crossing"/>
    <tag k="tactile_paving" v="no"/>
    <tag k="traffic_signals:sound" v="no"/>
    <tag k="traffic_signals:vibration" v="no"/>
  </node>
  <node id="10168088493" lat="40.7604685" lon="-73.9876173">
    <tag k="button_operated" v="no"/>
    <tag k="crossing:signals" v="yes"/>
    <tag k="highway" v="crossing"/>
    <tag k="tactile_paving" v="no"/>
    <tag k="traffic_signals:sound" v="no"/>
    <tag k="traffic_signals:vibration" v="no"/>
  </node>
  <node id="10168088494" lat="40.7609228" lon="-73.9869334"/>
  <node id="10168088495" lat="40.7610514" lon="-73.9868336"/>
  <node id="10168088496" lat="40.7611591" lon="-73.9871168"/>
  <node id="10168088497" lat="40.7610492" lon="-73.9872061"/>
  <node id="10168088498" lat="40.7609818" lon="-73.9868876">
    <tag k="button_operated" v="no"/>
    <tag k="crossing" v="traffic_signals"/>
    <tag k="crossing:island" v="no"/>
    <tag k="crossing:markings" v="zebra"/>
    <tag k="crossing:signals" v="yes"/>
    <tag k="highway" v="crossing"/>
    <tag k="tactile_paving" v="no"/>
    <tag k="traffic_signals:sound" v="no"/>
    <tag k="traffic_signals:vibration" v="no"/>
  </node>
  <node id="10168088499" lat="40.7611050" lon="-73.9869680">
    <tag k="button_operated" v="no"/>
    <tag k="crossing" v="traffic_signals"/>
    <tag k="crossing:island" v="no"/>
    <tag k="crossing:markings" v="zebra"/>
    <tag k="crossing:signals" v="yes"/>
    <tag k="highway" v="crossing"/>
    <tag k="tactile_paving" v="no"/>
    <tag k="traffic_signals:sound" v="no"/>
    <tag k="traffic_signals:vibration" v="no"/>
  </node>
  <node id="10168088500" lat="40.7609807" lon="-73.9870584">
    <tag k="button_operated" v="no"/>
    <tag k="crossing" v="traffic_signals"/>
    <tag k="crossing:island" v="no"/>
    <tag k="crossing:markings" v="zebra"/>
    <tag k="crossing:signals" v="yes"/>
    <tag k="highway" v="crossing"/>
    <tag k="tactile_paving" v="no"/>
    <tag k="traffic_signals:sound" v="no"/>
    <tag k="traffic_signals:vibration" v="no"/>
  </node>
  <node id="10168088501" lat="40.7611006" lon="-73.9871696">
    <tag k="button_operated" v="no"/>
    <tag k="crossing" v="traffic_signals"/>
    <tag k="crossing:island" v="no"/>
    <tag k="crossing:markings" v="zebra"/>
    <tag k="crossing:signals" v="yes"/>
    <tag k="highway" v="crossing"/>
    <tag k="tactile_paving" v="no"/>
    <tag k="traffic_signals:sound" v="no"/>
    <tag k="traffic_signals:vibration" v="no"/>
  </node>
  <node id="10168088502" lat="40.7604579" lon="-73.9893228"/>
  <node id="10168088504" lat="40.7610821" lon="-73.9888758"/>
  <node id="10168088505" lat="40.7606837" lon="-73.9879358"/>
  <node id="10168088506" lat="40.7616741" lon="-73.9867479"/>
  <node id="10168088508" lat="40.7616638" lon="-73.9863867"/>
  <node id="10168088509" lat="40.7615541" lon="-73.9864689"/>
  <node id="10168088510" lat="40.7616093" lon="-73.9864275">
    <tag k="button_operated" v="no"/>
    <tag k="crossing" v="traffic_signals"/>
    <tag k="crossing:island" v="no"/>
    <tag k="crossing:markings" v="zebra"/>
    <tag k="crossing:signals" v="yes"/>
    <tag k="highway" v="crossing"/>
    <tag k="tactile_paving" v="incorrect"/>
    <tag k="traffic_signals:sound" v="no"/>
    <tag k="traffic_signals:vibration" v="no"/>
  </node>
  <node id="10168088511" lat="40.7617233" lon="-73.9865251">
    <tag k="button_operated" v="no"/>
    <tag k="crossing" v="traffic_signals"/>
    <tag k="crossing:island" v="no"/>
    <tag k="crossing:markings" v="zebra"/>
    <tag k="crossing:signals" v="yes"/>
    <tag k="highway" v="crossing"/>
    <tag k="tactile_paving" v="yes"/>
    <tag k="traffic_signals:sound" v="no"/>
    <tag k="traffic_signals:vibration" v="no"/>
  </node>
  <node id="10168088512" lat="40.7616121" lon="-73.9866037">
    <tag k="button_operated" v="no"/>
    <tag k="crossing" v="traffic_signals"/>
    <tag k="crossing:island" v="no"/>
    <tag k="crossing:markings" v="zebra"/>
    <tag k="crossing:signals" v="yes"/>
    <tag k="highway" v="crossing"/>
    <tag k="tactile_paving" v="yes"/>
    <tag k="traffic_signals:sound" v="no"/>
    <tag k="traffic_signals:vibration" v="no"/>
  </node>
  <node id="10168088513" lat="40.7617274" lon="-73.9867079">
    <tag k="button_operated" v="no"/>
    <tag k="crossing" v="traffic_signals"/>
    <tag k="crossing:island" v="no"/>
    <tag k="crossing:markings" v="zebra"/>
    <tag k="crossing:signals" v="yes"/>
    <tag k="highway" v="crossing"/>
    <tag k="tactile_paving" v="yes"/>
    <tag k="traffic_signals:sound" v="no"/>
    <tag k="traffic_signals:vibration" v="no"/>
  </node>
  <node id="10168088514" lat="40.7621729" lon="-73.9860033"/>
  <node id="10168088515" lat="40.7623000" lon="-73.9859125"/>
  <node id="10168088516" lat="40.7622948" lon="-73.9862994"/>
  <node id="10168091317" lat="40.7622344" lon="-73.9859593">
    <tag k="crossing:signals" v="yes"/>
    <tag k="highway" v="crossing"/>
    <tag k="tactile_paving" v="no"/>
  </node>
  <node id="10168091318" lat="40.7622321" lon="-73.9861471">
    <tag k="crossing:signals" v="yes"/>
    <tag k="highway" v="crossing"/>
  </node>
  <node id="10171089658" lat="40.7627561" lon="-73.9893194"/>
  <node id="10171089659" lat="40.7628688" lon="-73.9892359"/>
  <node id="10171089664" lat="40.7621317" lon="-73.9897764"/>
  <node id="10171089665" lat="40.7622411" lon="-73.9896940"/>
  <node id="10171089667" lat="40.7621817" lon="-73.9897387">
    <tag k="crossing" v="traffic_signals"/>
    <tag k="highway" v="crossing"/>
  </node>
  <node id="10171089670" lat="40.7622876" lon="-73.9899894">
    <tag k="crossing" v="traffic_signals"/>
    <tag k="highway" v="crossing"/>
  </node>
  <node id="10171379105" lat="40.7623476" lon="-73.9825337"/>
  <node id="10171379108" lat="40.7623608" lon="-73.9821838"/>
  <node id="10171379109" lat="40.7622974" lon="-73.9822278">
    <tag k="crossing:signals" v="yes"/>
    <tag k="highway" v="crossing"/>
  </node>
  <node id="10171379110" lat="40.7622412" lon="-73.9822669"/>
  <node id="10172794907" lat="40.7582197" lon="-73.9902067"/>
  <node id="10172901883" lat="40.7598400" lon="-73.9843496"/>
  <node id="10172901884" lat="40.7598970" lon="-73.9843068">
    <tag k="crossing" v="traffic_signals"/>
    <tag k="crossing:markings" v="zebra"/>
    <tag k="highway" v="crossing"/>
  </node>
  <node id="10172901885" lat="40.7599573" lon="-73.9842612"/>
  <node id="10172901886" lat="40.7599028" lon="-73.9841274">
    <tag k="button_operated" v="no"/>
    <tag k="crossing" v="traffic_signals"/>
    <tag k="crossing:markings" v="zebra"/>
    <tag k="highway" v="crossing"/>
    <tag k="tactile_paving" v="no"/>
    <tag k="traffic_signals:sound" v="no"/>
  </node>
  <node id="10172901887" lat="40.7598561" lon="-73.9840116"/>
  <node id="10172901888" lat="40.7597911" lon="-73.9840570">
    <tag k="crossing" v="traffic_signals"/>
    <tag k="crossing:markings" v="zebra"/>
    <tag k="highway" v="crossing"/>
  </node>
  <node id="10172901889" lat="40.7597305" lon="-73.9840996"/>
  <node id="10172901890" lat="40.7597819" lon="-73.9842169">
    <tag k="crossing" v="traffic_signals"/>
    <tag k="crossing:markings" v="zebra"/>
    <tag k="highway" v="crossing"/>
  </node>
  <node id="10172901891" lat="40.7594756" lon="-73.9831127"/>
  <node id="10172901892" lat="40.7587682" lon="-73.9814417"/>
  <node id="10172901894" lat="40.7593519" lon="-73.9832010"/>
  <node id="10172901895" lat="40.7586465" lon="-73.9815268"/>
  <node id="10172901896" lat="40.7587066" lon="-73.9812962">
    <tag k="button_operated" v="no"/>
    <tag k="crossing" v="traffic_signals"/>
    <tag k="highway" v="crossing"/>
    <tag k="tactile_paving" v="no"/>
    <tag k="traffic_signals:sound" v="no"/>
    <tag k="traffic_signals:vibration" v="no"/>
  </node>
  <node id="10172901897" lat="40.7586501" lon="-73.9811626"/>
  <node id="10172901898" lat="40.7585288" lon="-73.9812473"/>
  <node id="10172901899" lat="40.7603657" lon="-73.9836429"/>
  <node id="10172901900" lat="40.7604640" lon="-73.9838885"/>
  <node id="10172901901" lat="40.7605835" lon="-73.9838052"/>
  <node id="10172901902" lat="40.7604853" lon="-73.9835595"/>
  <node id="10172901903" lat="40.7599855" lon="-73.9827448"/>
  <node id="10172901904" lat="40.7592802" lon="-73.9810734"/>
  <node id="10172901905" lat="40.7601077" lon="-73.9826571"/>
  <node id="10172901906" lat="40.7593899" lon="-73.9809900"/>
  <node id="10172901907" lat="40.7591627" lon="-73.9807906"/>
  <node id="10172901909" lat="40.7595852" lon="-73.9808448"/>
  <node id="10172901910" lat="40.7594645" lon="-73.9805701"/>
  <node id="10172901911" lat="40.7599047" lon="-73.9806069"/>
  <node id="10172901912" lat="40.7597879" lon="-73.9803353"/>
  <node id="10172901913" lat="40.7600212" lon="-73.9805086"/>
  <node id="10172901914" lat="40.7599106" lon="-73.9802433"/>
  <node id="10172901915" lat="40.7611048" lon="-73.9830948"/>
  <node id="10172901916" lat="40.7609884" lon="-73.9831816"/>
  <node id="10172941217" lat="40.7606059" lon="-73.9823005"/>
  <node id="10172941218" lat="40.7610982" lon="-73.9834383"/>
  <node id="10172941219" lat="40.7612146" lon="-73.9833515"/>
  <node id="10172941220" lat="40.7618038" lon="-73.9812448"/>
  <node id="10172941221" lat="40.7611452" lon="-73.9796969"/>
  <node id="10172941222" lat="40.7619201" lon="-73.9811543"/>
  <node id="10172941223" lat="40.7612665" lon="-73.9796084"/>
  <node id="10172941224" lat="40.7612132" lon="-73.9796473">
    <tag k="crossing" v="traffic_signals"/>
    <tag k="highway" v="crossing"/>
  </node>
  <node id="10173043408" lat="40.7554547" lon="-73.9836688">
    <tag k="button_operated" v="no"/>
    <tag k="crossing" v="traffic_signals"/>
    <tag k="crossing:markings" v="zebra"/>
    <tag k="crossing:signals" v="yes"/>
    <tag k="highway" v="crossing"/>
    <tag k="tactile_paving" v="no"/>
    <tag k="traffic_signals:sound" v="no"/>
    <tag k="traffic_signals:vibration" v="no"/>
  </node>
  <node id="10173043411" lat="40.7555216" lon="-73.9834531"/>
  <node id="10173043412" lat="40.7555742" lon="-73.9835813">
    <tag k="button_operated" v="no"/>
    <tag k="crossing" v="traffic_signals"/>
    <tag k="crossing:markings" v="zebra"/>
    <tag k="crossing:signals" v="yes"/>
    <tag k="highway" v="crossing"/>
    <tag k="tactile_paving" v="no"/>
    <tag k="traffic_signals:sound" v="no"/>
    <tag k="traffic_signals:vibration" v="no"/>
  </node>
  <node id="10173121969" lat="40.7588571" lon="-73.9894338"/>
  <node id="10173121973" lat="40.7561428" lon="-73.9830008"/>
  <node id="10173121974" lat="40.7560312" lon="-73.9830784"/>
  <node id="10173121975" lat="40.7562045" lon="-73.9831216">
    <tag k="button_operated" v="no"/>
    <tag k="crossing" v="traffic_signals"/>
    <tag k="crossing:markings" v="zebra"/>
    <tag k="crossing:signals" v="yes"/>
    <tag k="highway" v="crossing"/>
    <tag k="tactile_paving" v="no"/>
    <tag k="traffic_signals:sound" v="no"/>
    <tag k="traffic_signals:vibration" v="no"/>
  </node>
  <node id="10173121976" lat="40.7560847" lon="-73.9832084">
    <tag k="button_operated" v="no"/>
    <tag k="crossing" v="traffic_signals"/>
    <tag k="crossing:markings" v="zebra"/>
    <tag k="crossing:signals" v="yes"/>
    <tag k="highway" v="crossing"/>
    <tag k="tactile_paving" v="no"/>
    <tag k="traffic_signals:sound" v="no"/>
    <tag k="traffic_signals:vibration" v="no"/>
  </node>
  <node id="10173121977" lat="40.7602342" lon="-73.9849143"/>
  <node id="10173121978" lat="40.7600787" lon="-73.9849757"/>
  <node id="10173121979" lat="40.7599960" lon="-73.9847213"/>
  <node id="10173121980" lat="40.7600599" lon="-73.9846937">
    <tag k="button_operated" v="no"/>
    <tag k="crossing" v="traffic_signals"/>
    <tag k="highway" v="crossing"/>
    <tag k="tactile_paving" v="no"/>
    <tag k="traffic_signals:sound" v="no"/>
  </node>
  <node id="10173121981" lat="40.7601349" lon="-73.9846590"/>
  <node id="10173121982" lat="40.7606583" lon="-73.9859100"/>
  <node id="10173121983" lat="40.7607301" lon="-73.9864750"/>
  <node id="10173121984" lat="40.7600971" lon="-73.9849684"/>
  <node id="10173121985" lat="40.7604294" lon="-73.9853562">
    <tag k="highway" v="crossing"/>
  </node>
  <node id="10173172590" lat="40.7547779" lon="-73.9801083"/>
  <node id="10173172591" lat="40.7549008" lon="-73.9800187"/>
  <node id="10173210353" lat="40.7615213" lon="-73.9805845"/>
  <node id="10173210354" lat="40.7616405" lon="-73.9804936"/>
  <node id="10173292879" lat="40.7619504" lon="-73.9835556"/>
  <node id="10173292880" lat="40.7620876" lon="-73.9834703"/>
  <node id="10173292882" lat="40.7620342" lon="-73.9837779"/>
  <node id="10173292884" lat="40.7621100" lon="-73.9837355">
    <tag k="crossing" v="traffic_signals"/>
    <tag k="crossing:markings" v="zebra"/>
    <tag k="highway" v="crossing"/>
    <tag k="traffic_signals:vibration" v="no"/>
  </node>
  <node id="10173292885" lat="40.7617137" lon="-73.9829900"/>
  <node id="10173292886" lat="40.7618475" lon="-73.9828932"/>
  <node id="10173292887" lat="40.7617374" lon="-73.9826287"/>
  <node id="10173292888" lat="40.7616038" lon="-73.9827272"/>
  <node id="10173292889" lat="40.7616668" lon="-73.9826807">
    <tag k="crossing" v="traffic_signals"/>
    <tag k="crossing:markings" v="zebra"/>
    <tag k="highway" v="crossing"/>
  </node>
  <node id="10173292890" lat="40.7617767" lon="-73.9829444">
    <tag k="crossing" v="traffic_signals"/>
    <tag k="crossing:markings" v="zebra"/>
    <tag k="highway" v="crossing"/>
  </node>
  <node id="10173292892" lat="40.7617838" lon="-73.9866656"/>
  <node id="10173292893" lat="40.7622210" lon="-73.9877079"/>
  <node id="10173292894" lat="40.7623660" lon="-73.9880498"/>
  <node id="10222376008" lat="40.7560504" lon="-73.9867748">
    <tag k="barrier" v="kerb"/>
    <tag k="kerb" v="lowered"/>
    <tag k="tactile_paving" v="yes"/>
  </node>
  <node id="10222376011" lat="40.7558631" lon="-73.9862501"/>
  <node id="10222376012" lat="40.7560961" lon="-73.9867989">
    <tag k="barrier" v="kerb"/>
    <tag k="kerb" v="lowered"/>
    <tag k="tactile_paving" v="yes"/>
  </node>
  <node id="10222417518" lat="40.7559288" lon="-73.9868840">
    <tag k="barrier" v="kerb"/>
    <tag k="kerb" v="lowered"/>
    <tag k="tactile_paving" v="no"/>
    <tag k="wheelchair" v="yes"/>
  </node>
  <node id="10222417525" lat="40.7562665" lon="-73.9863527"/>
  <node id="10222417529" lat="40.7563095" lon="-73.9862496"/>
  <node id="10222417530" lat="40.7561913" lon="-73.9864030">
    <tag k="description" v="all 1,2,3,7,&lt;7&gt;,N,Q,R,W,S trains"/>
    <tag k="highway" v="elevator"/>
    <tag k="railway" v="subway_entrance"/>
    <tag k="wheelchair" v="yes"/>
  </node>
  <node id="10222417532" lat="40.7561713" lon="-73.9862955"/>
  <node id="10222417533" lat="40.7564912" lon="-73.9860482">
    <tag k="barrier" v="kerb"/>
    <tag k="kerb" v="lowered"/>
    <tag k="tactile_paving" v="yes"/>
  </node>
  <node id="10222417534" lat="40.7564733" lon="-73.9860547"/>
  <node id="10222417536" lat="40.7565663" lon="-73.9862751"/>
  <node id="10222417537" lat="40.7566853" lon="-73.9862545">
    <tag k="barrier" v="kerb"/>
    <tag k="kerb" v="lowered"/>
    <tag k="tactile_paving" v="yes"/>
  </node>
  <node id="10222417538" lat="40.7566018" lon="-73.9863144">
    <tag k="barrier" v="kerb"/>
    <tag k="kerb" v="lowered"/>
    <tag k="tactile_paving" v="yes"/>
  </node>
  <node id="10222417539" lat="40.7566700" lon="-73.9865682">
    <tag k="barrier" v="kerb"/>
    <tag k="kerb" v="lowered"/>
    <tag k="tactile_paving" v="yes"/>
  </node>
  <node id="10222417540" lat="40.7566081" lon="-73.9864234">
    <tag k="barrier" v="kerb"/>
    <tag k="kerb" v="lowered"/>
    <tag k="tactile_paving" v="yes"/>
  </node>
  <node id="10222417541" lat="40.7566096" lon="-73.9863870"/>
  <node id="10222417542" lat="40.7566385" lon="-73.9862881">
    <tag k="crossing" v="traffic_signals"/>
    <tag k="highway" v="crossing"/>
  </node>
  <node id="10222417543" lat="40.7561876" lon="-73.9863833"/>
  <node id="10222417544" lat="40.7561834" lon="-73.9863739"/>
  <node id="10222417545" lat="40.7561655" lon="-73.9863709"/>
  <node id="10222417546" lat="40.7561748" lon="-73.9863704"/>
  <node id="10222417547" lat="40.7565869" lon="-73.9863250"/>
  <node id="10222417550" lat="40.7563792" lon="-73.9860973"/>
  <node id="10222417551" lat="40.7564010" lon="-73.9860886"/>
  <node id="10222417552" lat="40.7564523" lon="-73.9860620"/>
  <node id="10222417553" lat="40.7559929" lon="-73.9862243"/>
  <node id="10222417554" lat="40.7559633" lon="-73.9862312"/>
  <node id="10222417555" lat="40.7558893" lon="-73.9862428"/>
  <node id="10222417556" lat="40.7558578" lon="-73.9862374"/>
  <node id="10222417557" lat="40.7565827" lon="-73.9860153">
    <tag k="barrier" v="kerb"/>
    <tag k="kerb" v="lowered"/>
    <tag k="tactile_paving" v="yes"/>
  </node>
  <node id="10222417558" lat="40.7565320" lon="-73.9860335">
    <tag k="crossing" v="traffic_signals"/>
    <tag k="highway" v="crossing"/>
  </node>
  <node id="10222417559" lat="40.7561516" lon="-73.9870132">
    <tag k="barrier" v="kerb"/>
    <tag k="kerb" v="lowered"/>
    <tag k="tactile_paving" v="yes"/>
  </node>
  <node id="10222417560" lat="40.7559894" lon="-73.9871137">
    <tag k="barrier" v="kerb"/>
    <tag k="kerb" v="lowered"/>
    <tag k="tactile_paving" v="yes"/>
  </node>
  <node id="10224024739" lat="40.7567177" lon="-73.9862323"/>
  <node id="10224024746" lat="40.7567563" lon="-73.9863034"/>
  <node id="10224024748" lat="40.7567834" lon="-73.9861877"/>
  <node id="10224024749" lat="40.7571166" lon="-73.9860443"/>
  <node id="10224024753" lat="40.7567706" lon="-73.9861955"/>
  <node id="10224024754" lat="40.7568865" lon="-73.9861752">
    <tag k="entrance" v="main"/>
  </node>
  <node id="10224024755" lat="40.7569217" lon="-73.9861564"/>
  <node id="10224024756" lat="40.7569356" lon="-73.9861477"/>
  <node id="10224024757" lat="40.7569419" lon="-73.9861374"/>
  <node id="10224024758" lat="40.7569426" lon="-73.9861259"/>
  <node id="10224024759" lat="40.7569412" lon="-73.9861198"/>
  <node id="10224024760" lat="40.7568926" lon="-73.9861715"/>
  <node id="10224024761" lat="40.7568877" lon="-73.9861558"/>
  <node id="10224024762" lat="40.7568863" lon="-73.9861515"/>
  <node id="10224024763" lat="40.7568841" lon="-73.9861444"/>
  <node id="10224024764" lat="40.7568199" lon="-73.9864581">
    <tag k="barrier" v="kerb"/>
    <tag k="kerb" v="lowered"/>
    <tag k="tactile_paving" v="yes"/>
    <tag k="wheelchair" v="yes"/>
  </node>
  <node id="10224024765" lat="40.7568010" lon="-73.9865311">
    <tag k="barrier" v="kerb"/>
    <tag k="kerb" v="lowered"/>
    <tag k="tactile_paving" v="yes"/>
    <tag k="wheelchair" v="yes"/>
  </node>
  <node id="10224024766" lat="40.7568356" lon="-73.9865739"/>
  <node id="10224024767" lat="40.7573531" lon="-73.9861985"/>
  <node id="10224024768" lat="40.7567225" lon="-73.9865899">
    <tag k="barrier" v="kerb"/>
    <tag k="kerb" v="lowered"/>
    <tag k="tactile_paving" v="yes"/>
    <tag k="wheelchair" v="yes"/>
  </node>
  <node id="10224024777" lat="40.7568087" lon="-73.9865049"/>
  <node id="10224024778" lat="40.7567193" lon="-73.9866543"/>
  <node id="10224024779" lat="40.7562015" lon="-73.9870483"/>
  <node id="10224024790" lat="40.7573015" lon="-73.9861061">
    <tag k="barrier" v="kerb"/>
    <tag k="kerb" v="lowered"/>
    <tag k="tactile_paving" v="yes"/>
    <tag k="wheelchair" v="yes"/>
  </node>
  <node id="10224024792" lat="40.7573492" lon="-73.9861301">
    <tag k="barrier" v="kerb"/>
    <tag k="kerb" v="lowered"/>
    <tag k="tactile_paving" v="yes"/>
    <tag k="wheelchair" v="yes"/>
  </node>
  <node id="10224024794" lat="40.7572426" lon="-73.9858905">
    <tag k="barrier" v="kerb"/>
    <tag k="kerb" v="lowered"/>
    <tag k="tactile_paving" v="yes"/>
    <tag k="wheelchair" v="yes"/>
  </node>
  <node id="10224024795" lat="40.7572170" lon="-73.9859088"/>
  <node id="10224024798" lat="40.7572686" lon="-73.9857057">
    <tag k="barrier" v="kerb"/>
    <tag k="kerb" v="lowered"/>
    <tag k="tactile_paving" v="yes"/>
    <tag k="wheelchair" v="yes"/>
  </node>
  <node id="10224024799" lat="40.7573230" lon="-73.9858326">
    <tag k="barrier" v="kerb"/>
    <tag k="kerb" v="lowered"/>
    <tag k="tactile_paving" v="yes"/>
    <tag k="wheelchair" v="yes"/>
  </node>
  <node id="10224024800" lat="40.7572809" lon="-73.9858632">
    <tag k="crossing" v="traffic_signals"/>
    <tag k="highway" v="crossing"/>
  </node>
  <node id="10224024801" lat="40.7573396" lon="-73.9858208"/>
  <node id="10224024803" lat="40.7573579" lon="-73.9858502"/>
  <node id="10224024804" lat="40.7573519" lon="-73.9858461"/>
  <node id="10224024808" lat="40.7574298" lon="-73.9860986">
    <tag k="barrier" v="kerb"/>
    <tag k="kerb" v="lowered"/>
    <tag k="tactile_paving" v="yes"/>
    <tag k="wheelchair" v="yes"/>
  </node>
  <node id="10224024811" lat="40.7574562" lon="-73.9861234"/>
  <node id="10224024812" lat="40.7579659" lon="-73.9857586"/>
  <node id="10224024813" lat="40.7573741" lon="-73.9860883"/>
  <node id="10224024814" lat="40.7574076" lon="-73.9861699"/>
  <node id="10224024815" lat="40.7574052" lon="-73.9861640"/>
  <node id="10224024816" lat="40.7572961" lon="-73.9858994"/>
  <node id="10224032622" lat="40.7579826" lon="-73.9857038">
    <tag k="barrier" v="kerb"/>
    <tag k="kerb" v="lowered"/>
    <tag k="tactile_paving" v="yes"/>
    <tag k="wheelchair" v="yes"/>
  </node>
  <node id="10224032623" lat="40.7579287" lon="-73.9856742">
    <tag k="barrier" v="kerb"/>
    <tag k="kerb" v="lowered"/>
    <tag k="tactile_paving" v="yes"/>
    <tag k="wheelchair" v="yes"/>
  </node>
  <node id="10224032626" lat="40.7578274" lon="-73.9854011"/>
  <node id="10224032629" lat="40.7580108" lon="-73.9856493"/>
  <node id="10224032630" lat="40.7579238" lon="-73.9854396"/>
  <node id="10224032631" lat="40.7578568" lon="-73.9854943"/>
  <node id="10224032632" lat="40.7578586" lon="-73.9854868"/>
  <node id="10224032633" lat="40.7578581" lon="-73.9854799"/>
  <node id="10224032638" lat="40.7579142" lon="-73.9854172">
    <tag k="crossing" v="traffic_signals"/>
    <tag k="highway" v="crossing"/>
  </node>
  <node id="10224032640" lat="40.7580022" lon="-73.9854077">
    <tag k="barrier" v="kerb"/>
    <tag k="kerb" v="lowered"/>
    <tag k="tactile_paving" v="yes"/>
    <tag k="wheelchair" v="yes"/>
  </node>
  <node id="10224032641" lat="40.7579506" lon="-73.9853440"/>
  <node id="10224032642" lat="40.7577358" lon="-73.9855265"/>
  <node id="10224032643" lat="40.7581552" lon="-73.9856188"/>
  <node id="10228962330" lat="40.7595217" lon="-73.9853457"/>
  <node id="10228962331" lat="40.7592729" lon="-73.9847402">
    <tag k="crossing" v="traffic_signals"/>
    <tag k="crossing:markings" v="zebra"/>
    <tag k="highway" v="crossing"/>
    <tag k="tactile_paving" v="yes"/>
  </node>
  <node id="10228962332" lat="40.7592193" lon="-73.9847525">
    <tag k="barrier" v="kerb"/>
    <tag k="kerb" v="lowered"/>
    <tag k="tactile_paving" v="yes"/>
    <tag k="wheelchair" v="yes"/>
  </node>
  <node id="10228962335" lat="40.7592703" lon="-73.9845851">
    <tag k="crossing" v="traffic_signals"/>
    <tag k="crossing:markings" v="zebra"/>
    <tag k="highway" v="crossing"/>
  </node>
  <node id="10228962336" lat="40.7592026" lon="-73.9844881">
    <tag k="barrier" v="kerb"/>
    <tag k="kerb" v="lowered"/>
    <tag k="tactile_paving" v="yes"/>
    <tag k="wheelchair" v="yes"/>
  </node>
  <node id="10228962337" lat="40.7591350" lon="-73.9845403">
    <tag k="barrier" v="kerb"/>
    <tag k="kerb" v="lowered"/>
    <tag k="tactile_paving" v="yes"/>
    <tag k="wheelchair" v="yes"/>
  </node>
  <node id="10228962338" lat="40.7591754" lon="-73.9845091">
    <tag k="crossing" v="traffic_signals"/>
    <tag k="crossing:markings" v="zebra"/>
    <tag k="highway" v="crossing"/>
  </node>
  <node id="10228962339" lat="40.7591130" lon="-73.9845929">
    <tag k="barrier" v="kerb"/>
    <tag k="kerb" v="lowered"/>
    <tag k="tactile_paving" v="yes"/>
    <tag k="wheelchair" v="yes"/>
  </node>
  <node id="10228962340" lat="40.7591963" lon="-73.9847455"/>
  <node id="10228962341" lat="40.7590932" lon="-73.9845334"/>
  <node id="10228962342" lat="40.7592223" lon="-73.9844736"/>
  <node id="10228962343" lat="40.7593284" lon="-73.9847178"/>
  <node id="10228962346" lat="40.7586876" lon="-73.9851525">
    <tag k="barrier" v="kerb"/>
    <tag k="kerb" v="lowered"/>
    <tag k="tactile_paving" v="yes"/>
    <tag k="wheelchair" v="yes"/>
  </node>
  <node id="10228962350" lat="40.7587907" lon="-73.9854168">
    <tag k="barrier" v="kerb"/>
    <tag k="kerb" v="lowered"/>
    <tag k="tactile_paving" v="yes"/>
    <tag k="wheelchair" v="yes"/>
  </node>
  <node id="10228962351" lat="40.7586923" lon="-73.9854538">
    <tag k="barrier" v="kerb"/>
    <tag k="kerb" v="lowered"/>
    <tag k="tactile_paving" v="yes"/>
    <tag k="wheelchair" v="yes"/>
  </node>
  <node id="10228962352" lat="40.7587432" lon="-73.9854346">
    <tag k="crossing" v="traffic_signals"/>
    <tag k="highway" v="crossing"/>
    <tag k="tactile_paving" v="yes"/>
  </node>
  <node id="10228962353" lat="40.7586401" lon="-73.9851848">
    <tag k="crossing" v="traffic_signals"/>
    <tag k="highway" v="crossing"/>
  </node>
  <node id="10228962354" lat="40.7594147" lon="-73.9852242">
    <tag k="barrier" v="kerb"/>
    <tag k="kerb" v="lowered"/>
    <tag k="tactile_paving" v="yes"/>
    <tag k="wheelchair" v="yes"/>
  </node>
  <node id="10228962355" lat="40.7595102" lon="-73.9851913">
    <tag k="barrier" v="kerb"/>
    <tag k="kerb" v="lowered"/>
    <tag k="tactile_paving" v="yes"/>
    <tag k="wheelchair" v="yes"/>
  </node>
  <node id="10228962357" lat="40.7594657" lon="-73.9852067">
    <tag k="crossing" v="traffic_signals"/>
    <tag k="highway" v="crossing"/>
  </node>
  <node id="10228962358" lat="40.7593107" lon="-73.9850107"/>
  <node id="10228962359" lat="40.7587369" lon="-73.9852116"/>
  <node id="10228962369" lat="40.7593228" lon="-73.9850024">
    <tag k="barrier" v="kerb"/>
    <tag k="kerb" v="lowered"/>
    <tag k="tactile_paving" v="yes"/>
    <tag k="wheelchair" v="yes"/>
  </node>
  <node id="10228962370" lat="40.7594019" lon="-73.9849449">
    <tag k="barrier" v="kerb"/>
    <tag k="kerb" v="lowered"/>
    <tag k="tactile_paving" v="yes"/>
    <tag k="wheelchair" v="yes"/>
  </node>
  <node id="10228962373" lat="40.7586283" lon="-73.9849407">
    <tag k="barrier" v="kerb"/>
    <tag k="kerb" v="lowered"/>
    <tag k="tactile_paving" v="yes"/>
    <tag k="wheelchair" v="yes"/>
  </node>
  <node id="10228962375" lat="40.7585511" lon="-73.9851933">
    <tag k="barrier" v="kerb"/>
    <tag k="kerb" v="lowered"/>
    <tag k="tactile_paving" v="yes"/>
    <tag k="wheelchair" v="yes"/>
  </node>
  <node id="10228962377" lat="40.7580917" lon="-73.9856201"/>
  <node id="10228962401" lat="40.7594259" lon="-73.9849355"/>
  <node id="10228962402" lat="40.7594805" lon="-73.9850743">
    <tag k="barrier" v="kerb"/>
    <tag k="kerb" v="flush"/>
    <tag k="tactile_paving" v="yes"/>
    <tag k="wheelchair" v="yes"/>
  </node>
  <node id="10228962409" lat="40.7594686" lon="-73.9850436">
    <tag k="barrier" v="kerb"/>
    <tag k="kerb" v="flush"/>
    <tag k="tactile_paving" v="yes"/>
    <tag k="wheelchair" v="yes"/>
  </node>
  <node id="10228962521" lat="40.7594318" lon="-73.9849486">
    <tag k="barrier" v="kerb"/>
    <tag k="kerb" v="lowered"/>
    <tag k="tactile_paving" v="yes"/>
    <tag k="wheelchair" v="yes"/>
  </node>
  <node id="10228962522" lat="40.7595147" lon="-73.9851624">
    <tag k="barrier" v="kerb"/>
    <tag k="kerb" v="lowered"/>
    <tag k="tactile_paving" v="yes"/>
    <tag k="wheelchair" v="yes"/>
  </node>
  <node id="10228962523" lat="40.7594960" lon="-73.9851161">
    <tag k="crossing" v="traffic_signals"/>
    <tag k="highway" v="crossing"/>
  </node>
  <node id="10228962524" lat="40.7595242" lon="-73.9851866"/>
  <node id="10228962525" lat="40.7600329" lon="-73.9848311">
    <tag k="barrier" v="kerb"/>
    <tag k="kerb" v="flush"/>
    <tag k="tactile_paving" v="yes"/>
    <tag k="wheelchair" v="yes"/>
  </node>
  <node id="10228962532" lat="40.7600433" lon="-73.9848641">
    <tag k="barrier" v="kerb"/>
    <tag k="kerb" v="flush"/>
    <tag k="tactile_paving" v="yes"/>
    <tag k="wheelchair" v="yes"/>
  </node>
  <node id="10228962544" lat="40.7600693" lon="-73.9849465">
    <tag k="barrier" v="kerb"/>
    <tag k="kerb" v="lowered"/>
    <tag k="tactile_paving" v="yes"/>
    <tag k="wheelchair" v="yes"/>
  </node>
  <node id="10228962550" lat="40.7601201" lon="-73.9849592">
    <tag k="barrier" v="kerb"/>
    <tag k="kerb" v="lowered"/>
    <tag k="tactile_paving" v="yes"/>
    <tag k="wheelchair" v="yes"/>
  </node>
  <node id="10228962551" lat="40.7601079" lon="-73.9846719">
    <tag k="barrier" v="kerb"/>
    <tag k="kerb" v="lowered"/>
    <tag k="tactile_paving" v="yes"/>
    <tag k="wheelchair" v="yes"/>
  </node>
  <node id="10228962552" lat="40.7598591" lon="-73.9843358">
    <tag k="barrier" v="kerb"/>
    <tag k="kerb" v="lowered"/>
    <tag k="tactile_paving" v="yes"/>
    <tag k="wheelchair" v="yes"/>
  </node>
  <node id="10228962553" lat="40.7598273" lon="-73.9843194">
    <tag k="barrier" v="kerb"/>
    <tag k="kerb" v="lowered"/>
    <tag k="tactile_paving" v="yes"/>
    <tag k="wheelchair" v="yes"/>
  </node>
  <node id="10228962554" lat="40.7601427" lon="-73.9846772">
    <tag k="barrier" v="kerb"/>
    <tag k="kerb" v="lowered"/>
    <tag k="tactile_paving" v="yes"/>
    <tag k="wheelchair" v="limited"/>
  </node>
  <node id="10228962555" lat="40.7602177" lon="-73.9849228">
    <tag k="barrier" v="kerb"/>
    <tag k="kerb" v="lowered"/>
    <tag k="tactile_paving" v="yes"/>
    <tag k="wheelchair" v="yes"/>
  </node>
  <node id="10228962557" lat="40.7607186" lon="-73.9844689">
    <tag k="barrier" v="kerb"/>
    <tag k="kerb" v="flush"/>
    <tag k="tactile_paving" v="yes"/>
    <tag k="wheelchair" v="yes"/>
  </node>
  <node id="10228962564" lat="40.7607308" lon="-73.9845004">
    <tag k="barrier" v="kerb"/>
    <tag k="kerb" v="flush"/>
    <tag k="tactile_paving" v="yes"/>
    <tag k="wheelchair" v="yes"/>
  </node>
  <node id="10228962576" lat="40.7603000" lon="-73.9870150">
    <tag k="highway" v="crossing"/>
  </node>
  <node id="10228962577" lat="40.7582739" lon="-73.9817943"/>
  <node id="10228962578" lat="40.7578269" lon="-73.9792182"/>
  <node id="10228962579" lat="40.7579098" lon="-73.9794140"/>
  <node id="10228962580" lat="40.7589222" lon="-73.9821810"/>
  <node id="10236589209" lat="40.7592988" lon="-73.9810599">
    <tag k="barrier" v="kerb"/>
  </node>
  <node id="10236589210" lat="40.7592630" lon="-73.9810327">
    <tag k="barrier" v="kerb"/>
    <tag k="kerb" v="lowered"/>
    <tag k="tactile_paving" v="yes"/>
  </node>
  <node id="10236589211" lat="40.7597532" lon="-73.9821943"/>
  <node id="10236589212" lat="40.7593703" lon="-73.9810046">
    <tag k="barrier" v="kerb"/>
    <tag k="kerb" v="lowered"/>
    <tag k="tactile_paving" v="yes"/>
  </node>
  <node id="10236589213" lat="40.7591778" lon="-73.9808270">
    <tag k="barrier" v="kerb"/>
    <tag k="kerb" v="lowered"/>
    <tag k="tactile_paving" v="yes"/>
  </node>
  <node id="10236589214" lat="40.7591783" lon="-73.9807792">
    <tag k="barrier" v="kerb"/>
    <tag k="kerb" v="lowered"/>
    <tag k="tactile_paving" v="yes"/>
  </node>
  <node id="10236589215" lat="40.7592611" lon="-73.9807195">
    <tag k="barrier" v="kerb"/>
    <tag k="kerb" v="lowered"/>
    <tag k="tactile_paving" v="yes"/>
  </node>
  <node id="10236589216" lat="40.7595674" lon="-73.9808043">
    <tag k="barrier" v="kerb"/>
    <tag k="kerb" v="raised"/>
    <tag k="tactile_paving" v="no"/>
  </node>
  <node id="10236589217" lat="40.7594780" lon="-73.9806007">
    <tag k="barrier" v="kerb"/>
    <tag k="kerb" v="flush"/>
    <tag k="tactile_paving" v="no"/>
  </node>
  <node id="10254591060" lat="40.7604223" lon="-73.9818567"/>
  <node id="10254591061" lat="40.7598747" lon="-73.9821159"/>
  <node id="10254591062" lat="40.7590398" lon="-73.9820833"/>
  <node id="10254591065" lat="40.7625129" lon="-73.9848683"/>
  <node id="10261258830" lat="40.7596078" lon="-73.9830636"/>
  <node id="10261258831" lat="40.7596362" lon="-73.9829964"/>
  <node id="10261258834" lat="40.7595925" lon="-73.9830285"/>
  <node id="10552769768" lat="40.7591007" lon="-73.9826047"/>
  <node id="10552769769" lat="40.7590793" lon="-73.9826202"/>
  <node id="10552769770" lat="40.7585938" lon="-73.9829746"/>
  <node id="10552769771" lat="40.7586967" lon="-73.9829000"/>
  <node id="10594155705" lat="40.7617781" lon="-73.9838813"/>
  <node id="10691086259" lat="40.7566978" lon="-73.9885199">
    <tag k="highway" v="traffic_signals"/>
    <tag k="traffic_signals" v="signal"/>
    <tag k="traffic_signals:direction" v="backward"/>
  </node>
  <node id="10691086260" lat="40.7566170" lon="-73.9883280">
    <tag k="highway" v="traffic_signals"/>
    <tag k="traffic_signals" v="signal"/>
    <tag k="traffic_signals:direction" v="forward"/>
  </node>
  <node id="10693758908" lat="40.7608372" lon="-73.9787526">
    <tag k="highway" v="traffic_signals"/>
    <tag k="traffic_signals:direction" v="forward"/>
  </node>
  <node id="10693951249" lat="40.7583864" lon="-73.9787875">
    <tag k="highway" v="traffic_signals"/>
    <tag k="traffic_signals:direction" v="forward"/>
  </node>
  <node id="10693951250" lat="40.7591220" lon="-73.9785659">
    <tag k="highway" v="traffic_signals"/>
    <tag k="traffic_signals" v="traffic_lights"/>
    <tag k="traffic_signals:direction" v="forward"/>
  </node>
  <node id="10698841376" lat="40.7644118" lon="-73.9950344"/>
  <node id="10942563108" lat="40.7601677" lon="-73.9847448">
    <tag k="button_operated" v="no"/>
    <tag k="crossing" v="traffic_signals"/>
    <tag k="crossing:island" v="no"/>
    <tag k="crossing:markings" v="zebra"/>
    <tag k="crossing:signals" v="yes"/>
    <tag k="highway" v="crossing"/>
    <tag k="tactile_paving" v="no"/>
    <tag k="traffic_signals:sound" v="no"/>
  </node>
  <node id="10942563109" lat="40.7604717" lon="-73.9846012"/>
  <node id="10942563110" lat="40.7605588" lon="-73.9846502"/>
  <node id="11065064850" lat="40.7583955" lon="-73.9789868"/>
  <node id="11065064851" lat="40.7584413" lon="-73.9790944"/>
  <node id="11065064852" lat="40.7585145" lon="-73.9788983"/>
  <node id="11065064853" lat="40.7592742" lon="-73.9807099"/>
  <node id="11065064854" lat="40.7585610" lon="-73.9790092"/>
  <node id="11066102534" lat="40.7580188" lon="-73.9777113"/>
  <node id="11066102535" lat="40.7581830" lon="-73.9781077"/>
  <node id="11066102536" lat="40.7578887" lon="-73.9778023"/>
  <node id="11066102537" lat="40.7581831" lon="-73.9784874"/>
  <node id="11190958117" lat="40.7600636" lon="-73.9826886"/>
  <node id="11190958118" lat="40.7600249" lon="-73.9827164"/>
  <node id="11191334801" lat="40.7588204" lon="-73.9886329"/>
  <node id="11198923667" lat="40.7605284" lon="-73.9801417"/>
  <node id="11198923668" lat="40.7608010" lon="-73.9808092"/>
  <node id="11198923669" lat="40.7610518" lon="-73.9814085">
    <tag k="highway" v="crossing"/>
  </node>
  <node id="11198923670" lat="40.7611995" lon="-73.9816884">
    <tag k="barrier" v="kerb"/>
  </node>
  <node id="11198923671" lat="40.7612823" lon="-73.9816277">
    <tag k="barrier" v="kerb"/>
  </node>
  <node id="11198923672" lat="40.7606498" lon="-73.9800556"/>
  <node id="11198923673" lat="40.7609388" lon="-73.9807093"/>
  <node id="11198923674" lat="40.7613119" lon="-73.9816059"/>
  <node id="11198923675" lat="40.7611761" lon="-73.9817055"/>
  <node id="11198923676" lat="40.7616316" lon="-73.9827067">
    <tag k="barrier" v="kerb"/>
  </node>
  <node id="11198923677" lat="40.7617118" lon="-73.9826476">
    <tag k="barrier" v="kerb"/>
  </node>
  <node id="11198923678" lat="40.7599453" lon="-73.9842342">
    <tag k="barrier" v="kerb"/>
  </node>
  <node id="11198923679" lat="40.7598679" lon="-73.9840394">
    <tag k="barrier" v="kerb"/>
  </node>
  <node id="11198923680" lat="40.7597482" lon="-73.9840865">
    <tag k="barrier" v="kerb"/>
  </node>
  <node id="11269427255" lat="40.7590739" lon="-73.9849793"/>
  <node id="11296253736" lat="40.7614252" lon="-73.9842157"/>
  <node id="11296253737" lat="40.7615381" lon="-73.9841386"/>
  <node id="11296253738" lat="40.7614413" lon="-73.9838912"/>
  <node id="11296253739" lat="40.7613198" lon="-73.9839741"/>
  <node id="11296253740" lat="40.7620546" lon="-73.9838244"/>
  <node id="11296253741" lat="40.7620092" lon="-73.9852354"/>
  <node id="11296253742" lat="40.7619058" lon="-73.9853646"/>
  <node id="11296253744" lat="40.7607856" lon="-73.9843424">
    <tag k="barrier" v="kerb"/>
  </node>
  <node id="11296253745" lat="40.7606937" lon="-73.9844099">
    <tag k="barrier" v="kerb"/>
  </node>
  <node id="11296253748" lat="40.7609340" lon="-73.9849944"/>
  <node id="11296253749" lat="40.7612472" lon="-73.9853735"/>
  <node id="11296253750" lat="40.7613765" lon="-73.9879831"/>
  <node id="11299027252" lat="40.7590622" lon="-73.9786435"/>
  <node id="11299027258" lat="40.7590417" lon="-73.9783774">
    <tag k="button_operated" v="no"/>
    <tag k="crossing" v="traffic_signals"/>
    <tag k="crossing:markings" v="zebra"/>
    <tag k="highway" v="crossing"/>
    <tag k="tactile_paving" v="yes"/>
    <tag k="traffic_signals:sound" v="yes"/>
    <tag k="traffic_signals:vibration" v="yes"/>
  </node>
  <node id="11299027260" lat="40.7591609" lon="-73.9784935"/>
  <node id="11299027261" lat="40.7591081" lon="-73.9785331">
    <tag k="button_operated" v="no"/>
    <tag k="crossing" v="traffic_signals"/>
    <tag k="crossing:markings" v="zebra"/>
    <tag k="highway" v="crossing"/>
    <tag k="tactile_paving" v="yes"/>
    <tag k="traffic_signals:sound" v="no"/>
    <tag k="traffic_signals:vibration" v="yes"/>
  </node>
  <node id="11299027263" lat="40.7591852" lon="-73.9785504"/>
  <node id="11299027265" lat="40.7605260" lon="-73.9797814"/>
  <node id="11299027266" lat="40.7604067" lon="-73.9798749"/>
  <node id="11299027268" lat="40.7605904" lon="-73.9799246">
    <tag k="crossing" v="traffic_signals"/>
    <tag k="highway" v="crossing"/>
    <tag k="tactile_paving" v="yes"/>
  </node>
  <node id="11299050769" lat="40.7604688" lon="-73.9800130">
    <tag k="crossing" v="traffic_signals"/>
    <tag k="highway" v="crossing"/>
    <tag k="tactile_paving" v="yes"/>
  </node>
  <node id="11299050770" lat="40.7605819" lon="-73.9801060">
    <tag k="crossing" v="traffic_signals"/>
    <tag k="highway" v="crossing"/>
    <tag k="tactile_paving" v="yes"/>
  </node>
  <node id="11303300330" lat="40.7619032" lon="-73.9811678"/>
  <node id="11303300331" lat="40.7605148" lon="-73.9801117">
    <tag k="barrier" v="kerb"/>
    <tag k="kerb" v="lowered"/>
    <tag k="tactile_paving" v="yes"/>
  </node>
  <node id="11303300332" lat="40.7606289" lon="-73.9800704">
    <tag k="barrier" v="kerb"/>
    <tag k="kerb" v="lowered"/>
    <tag k="tactile_paving" v="yes"/>
  </node>
  <node id="11303300333" lat="40.7605396" lon="-73.9801336">
    <tag k="barrier" v="kerb"/>
    <tag k="kerb" v="lowered"/>
    <tag k="tactile_paving" v="yes"/>
  </node>
  <node id="11303341122" lat="40.7585504" lon="-73.9812324">
    <tag k="barrier" v="kerb"/>
    <tag k="kerb" v="raised"/>
    <tag k="tactile_paving" v="no"/>
  </node>
  <node id="11303341123" lat="40.7585459" lon="-73.9812861">
    <tag k="barrier" v="kerb"/>
    <tag k="kerb" v="lowered"/>
    <tag k="tactile_paving" v="no"/>
  </node>
  <node id="11303341124" lat="40.7586325" lon="-73.9814930"/>
  <node id="11303341125" lat="40.7586633" lon="-73.9815153"/>
  <node id="11303341126" lat="40.7587541" lon="-73.9814083"/>
  <node id="11303341127" lat="40.7587560" lon="-73.9814497"/>
  <node id="11303341128" lat="40.7600024" lon="-73.9805245"/>
  <node id="11303341129" lat="40.7600429" lon="-73.9801450"/>
  <node id="11303341130" lat="40.7601389" lon="-73.9803834">
    <tag k="barrier" v="kerb"/>
    <tag k="kerb" v="lowered"/>
  </node>
  <node id="11303341131" lat="40.7601515" lon="-73.9804147"/>
  <node id="11304874141" lat="40.7583024" lon="-73.9784012"/>
  <node id="11304895432" lat="40.7605433" lon="-73.9817681"/>
  <node id="11304895433" lat="40.7583483" lon="-73.9788759"/>
  <node id="11304895434" lat="40.7584075" lon="-73.9788381">
    <tag k="crossing" v="traffic_signals"/>
    <tag k="highway" v="crossing"/>
  </node>
  <node id="11304895435" lat="40.7584742" lon="-73.9787998"/>
  <node id="11304895436" lat="40.7584207" lon="-73.9790411"/>
  <node id="11304895437" lat="40.7584762" lon="-73.9790000">
    <tag k="crossing" v="traffic_signals"/>
    <tag k="highway" v="crossing"/>
  </node>
  <node id="11304895438" lat="40.7585380" lon="-73.9789543"/>
  <node id="11383994323" lat="40.7590825" lon="-73.9784731">
    <tag k="highway" v="traffic_signals"/>
  </node>
  <node id="11591809859" lat="40.7579753" lon="-73.9912418"/>
  <node id="11591860827" lat="40.7585917" lon="-73.9907201"/>
  <node id="11591860828" lat="40.7584709" lon="-73.9908104"/>
  <node id="11591860829" lat="40.7585269" lon="-73.9907685">
    <tag k="crossing" v="marked"/>
    <tag k="crossing:markings" v="zebra"/>
    <tag k="highway" v="crossing"/>
  </node>
  <node id="12055677927" lat="40.7566379" lon="-73.9861439"/>
  <node id="12055677928" lat="40.7565422" lon="-73.9861709"/>
  <node id="12055677929" lat="40.7565845" lon="-73.9861590">
    <tag k="crossing" v="traffic_signals"/>
    <tag k="highway" v="crossing"/>
  </node>
  <node id="12055677930" lat="40.7573098" lon="-73.9858019"/>
  <node id="12055677931" lat="40.7572664" lon="-73.9858286">
    <tag k="crossing" v="traffic_signals"/>
    <tag k="highway" v="crossing"/>
  </node>
  <node id="12055677932" lat="40.7572266" lon="-73.9858531"/>
  <node id="12055680088" lat="40.7565023" lon="-73.9859627">
    <tag k="highway" v="traffic_signals"/>
    <tag k="traffic_signals" v="signal"/>
  </node>
  <node id="12055680089" lat="40.7568450" lon="-73.9863628">
    <tag k="highway" v="traffic_signals"/>
    <tag k="traffic_signals" v="signal"/>
  </node>
  <node id="12217512992" lat="40.7626403" lon="-73.9888759"/>
  <node id="12231119049" lat="40.7575765" lon="-73.9906145"/>
  <node id="12246639278" lat="40.7581546" lon="-73.9861925"/>
  <node id="12246639279" lat="40.7576326" lon="-73.9865444"/>
  <node id="12246639280" lat="40.7576406" lon="-73.9865384"/>
  <node id="12246639281" lat="40.7581440" lon="-73.9862002"/>
  <node id="12319626485" lat="40.7598334" lon="-73.9880844">
    <tag k="barrier" v="kerb"/>
    <tag k="kerb" v="lowered"/>
    <tag k="tactile_paving" v="yes"/>
  </node>
  <node id="12319626488" lat="40.7596956" lon="-73.9878191">
    <tag k="barrier" v="kerb"/>
    <tag k="kerb" v="lowered"/>
    <tag k="tactile_paving" v="no"/>
  </node>
  <node id="12319626489" lat="40.7598091" lon="-73.9877864">
    <tag k="barrier" v="kerb"/>
    <tag k="kerb" v="lowered"/>
    <tag k="tactile_paving" v="yes"/>
  </node>
  <node id="12319626491" lat="40.7597729" lon="-73.9877711">
    <tag k="barrier" v="kerb"/>
    <tag k="kerb" v="lowered"/>
    <tag k="tactile_paving" v="yes"/>
  </node>
  <node id="12319626496" lat="40.7597847" lon="-73.9880830">
    <tag k="barrier" v="kerb"/>
    <tag k="kerb" v="lowered"/>
    <tag k="tactile_paving" v="yes"/>
  </node>
  <node id="12319626497" lat="40.7598858" lon="-73.9880429">
    <tag k="barrier" v="kerb"/>
    <tag k="kerb" v="lowered"/>
    <tag k="tactile_paving" v="yes"/>
  </node>
  <node id="12319626498" lat="40.7599026" lon="-73.9879973">
    <tag k="barrier" v="kerb"/>
    <tag k="kerb" v="lowered"/>
    <tag k="tactile_paving" v="yes"/>
  </node>
  <node id="12319626500" lat="40.7596876" lon="-73.9878773">
    <tag k="barrier" v="kerb"/>
    <tag k="kerb" v="lowered"/>
    <tag k="tactile_paving" v="no"/>
  </node>
  <node id="12810424952" lat="40.7608365" lon="-73.9845967">
    <tag k="crossing" v="traffic_signals"/>
    <tag k="crossing:island" v="no"/>
    <tag k="crossing:markings" v="zebra"/>
    <tag k="crossing:signals" v="yes"/>
    <tag k="highway" v="crossing"/>
  </node>
  <node id="12810424953" lat="40.7607816" lon="-73.9846304"/>
  <node id="12810424954" lat="40.7607502" lon="-73.9845510">
    <tag k="crossing" v="traffic_signals"/>
    <tag k="crossing:island" v="no"/>
    <tag k="crossing:markings" v="zebra"/>
    <tag k="crossing:signals" v="yes"/>
    <tag k="highway" v="crossing"/>
  </node>
  <node id="12810424955" lat="40.7606997" lon="-73.9843899">
    <tag k="barrier" v="kerb"/>
  </node>
  <node id="12810424956" lat="40.7608271" lon="-73.9843839">
    <tag k="barrier" v="kerb"/>
  </node>
  <node id="12810424957" lat="40.7607403" lon="-73.9843675">
    <tag k="crossing" v="traffic_signals"/>
    <tag k="crossing:island" v="no"/>
    <tag k="crossing:markings" v="zebra"/>
    <tag k="crossing:signals" v="yes"/>
    <tag k="highway" v="crossing"/>
  </node>
  <node id="12810424958" lat="40.7608870" lon="-73.9845287">
    <tag k="barrier" v="kerb"/>
  </node>
  <node id="12810424959" lat="40.7608984" lon="-73.9845556"/>
  <node id="12810424960" lat="40.7608667" lon="-73.9844797">
    <tag k="crossing" v="traffic_signals"/>
    <tag k="crossing:island" v="no"/>
    <tag k="crossing:markings" v="zebra"/>
    <tag k="crossing:signals" v="yes"/>
    <tag k="highway" v="crossing"/>
  </node>
  <node id="12810424961" lat="40.7608042" lon="-73.9843296"/>
  <node id="12810424962" lat="40.7606875" lon="-73.9843957"/>
  <node id="12964675346" lat="40.7591400" lon="-73.9885153"/>
  <node id="12964675347" lat="40.7591281" lon="-73.9884884"/>
  <node id="12964675348" lat="40.7592571" lon="-73.9884259"/>
  <node id="12964675349" lat="40.7592462" lon="-73.9883985"/>
  <node id="12964700147" lat="40.7561027" lon="-73.9832522">
    <tag k="barrier" v="kerb"/>
    <tag k="kerb" v="lowered"/>
    <tag k="tactile_paving" v="no"/>
  </node>
  <node id="12964700148" lat="40.7561107" lon="-73.9832716">
    <tag k="barrier" v="kerb"/>
    <tag k="kerb" v="lowered"/>
    <tag k="tactile_paving" v="no"/>
  </node>
  <node id="12964700149" lat="40.7562294" lon="-73.9831814">
    <tag k="barrier" v="kerb"/>
    <tag k="kerb" v="lowered"/>
    <tag k="tactile_paving" v="no"/>
  </node>
  <node id="12964700150" lat="40.7562223" lon="-73.9831620">
    <tag k="barrier" v="kerb"/>
    <tag k="kerb" v="lowered"/>
    <tag k="tactile_paving" v="no"/>
  </node>
  <node id="12986907232" lat="40.7609668" lon="-73.9844145"/>
  <node id="12988501260" lat="40.7601909" lon="-73.9888812"/>
  <node id="12988501261" lat="40.7601582" lon="-73.9885469"/>
  <node id="12988501262" lat="40.7600758" lon="-73.9886096"/>
  <node id="12988501264" lat="40.7601397" lon="-73.9885610">
    <tag k="crossing" v="unmarked"/>
    <tag k="crossing:island" v="no"/>
    <tag k="crossing:markings" v="no"/>
    <tag k="highway" v="crossing"/>
    <tag k="tactile_paving" v="no"/>
  </node>
  <node id="12988501268" lat="40.7599790" lon="-73.9883812"/>
  <node id="12989986301" lat="40.7601818" lon="-73.9849829">
    <tag k="cycleway" v="asl"/>
    <tag k="direction" v="forward"/>
  </node>
  <node id="12989986302" lat="40.7601776" lon="-73.9847715"/>
  <node id="12989986303" lat="40.7600374" lon="-73.9847805">
    <tag k="access" v="no"/>
    <tag k="barrier" v="gate"/>
  </node>
  <node id="12989986304" lat="40.7594945" lon="-73.9849847">
    <tag k="access" v="no"/>
    <tag k="barrier" v="gate"/>
  </node>
  <node id="12989986305" lat="40.7593906" lon="-73.9850231"/>
  <node id="12989986306" lat="40.7594519" lon="-73.9850004">
    <tag k="crossing" v="traffic_signals"/>
    <tag k="highway" v="crossing"/>
  </node>
  <node id="12989986307" lat="40.7600195" lon="-73.9847887">
    <tag k="crossing" v="traffic_signals"/>
    <tag k="crossing:island" v="no"/>
    <tag k="highway" v="crossing"/>
    <tag k="tactile_paving" v="no"/>
    <tag k="traffic_signals:vibration" v="no"/>
  </node>
  <node id="13119501593" lat="40.7620877" lon="-73.9854181"/>
  <node id="13304565268" lat="40.7599618" lon="-73.9827619"/>
  <node id="13304565269" lat="40.7594857" lon="-73.9831055"/>
  <node id="13342644342" lat="40.7580331" lon="-73.9777459"/>
  <node id="13342644343" lat="40.7579048" lon="-73.9778397"/>
  <node id="13342644352" lat="40.7578399" lon="-73.9792490"/>
  <node id="13342644353" lat="40.7578999" lon="-73.9793905"/>
  <node id="13518638881" lat="40.7606526" lon="-73.9798793"/>
  <node id="13701336658" lat="40.7591144" lon="-73.9903894"/>
  <node id="13701336659" lat="40.7591672" lon="-73.9903510"/>
  <node id="13701336662" lat="40.7592305" lon="-73.9906666"/>
  <node id="13701336663" lat="40.7592840" lon="-73.9906283"/>
  <node id="13915675556" lat="40.7585662" lon="-73.9833599">
    <tag k="entrance" v="secondary"/>
    <tag k="wheelchair" v="no"/>
  </node>
  <node id="13915675557" lat="40.7580762" lon="-73.9836421">
    <tag k="entrance" v="secondary"/>
  </node>
  <node id="13915675558" lat="40.7581679" lon="-73.9838593">
    <tag k="entrance" v="secondary"/>
  </node>
  <node id="13915675559" lat="40.7584961" lon="-73.9834135"/>
  <node id="13915675560" lat="40.7584673" lon="-73.9833988"/>
  <node id="13915675561" lat="40.7584181" lon="-73.9833931"/>
  <node id="13915675562" lat="40.7585291" lon="-73.9834996"/>
  <node id="13915675563" lat="40.7585265" lon="-73.9835736"/>
  <node id="13915675564" lat="40.7585004" lon="-73.9836252"/>
  <node id="13915675565" lat="40.7586036" lon="-73.9833367"/>
  <node id="13915675566" lat="40.7581523" lon="-73.9838685"/>
  <node id="13915675567" lat="40.7580602" lon="-73.9836503"/>
  <node id="13915675568" lat="40.7581073" lon="-73.9837618"/>
  <node id="13915675569" lat="40.7584479" lon="-73.9829732"/>
  <node id="13915675570" lat="40.7584292" lon="-73.9829867"/>
  <node id="13915675571" lat="40.7579462" lon="-73.9833352"/>
  <node id="13915675572" lat="40.7579316" lon="-73.9833458"/>
  <node id="13915675573" lat="40.7583022" lon="-73.9845734"/>
  <node id="13915675574" lat="40.7577799" lon="-73.9849395"/>
  <node id="13915675575" lat="40.7574368" lon="-73.9844726"/>
  <node id="13915675576" lat="40.7569216" lon="-73.9848327"/>
  <node id="13915675577" lat="40.7568179" lon="-73.9849484"/>
  <node id="13915675578" lat="40.7568771" lon="-73.9849062"/>
  <node id="13915675579" lat="40.7557384" lon="-73.9823846"/>
  <node id="13918449476" lat="40.7609532" lon="-73.9818627"/>
  <node id="13918449477" lat="40.7609142" lon="-73.9818902"/>
  <node id="13918449478" lat="40.7606681" lon="-73.9820638"/>
  <node id="13918896916" lat="40.7619103" lon="-73.9813065"/>
  <node id="13918896917" lat="40.7619671" lon="-73.9812642"/>
  <node id="13918896918" lat="40.7624700" lon="-73.9808927"/>
  <node id="13918896919" lat="40.7625246" lon="-73.9808526"/>
  <node id="13918896923" lat="40.7623643" lon="-73.9809708"/>
  <node id="13918896924" lat="40.7620684" lon="-73.9813182">
    <tag k="amenity" v="loading_dock"/>
    <tag k="covered" v="yes"/>
  </node>
  <node id="13918896925" lat="40.7619524" lon="-73.9814067"/>
  <node id="13918896926" lat="40.7620095" lon="-73.9813631"/>
  <node id="13918896927" lat="40.7620228" lon="-73.9813530"/>
  <node id="13918896928" lat="40.7611590" lon="-73.9817169">
    <tag k="door" v="revolving;hinged"/>
    <tag k="entrance" v="yes"/>
  </node>
  <node id="13918896929" lat="40.7606763" lon="-73.9820581">
    <tag k="door" v="revolving;hinged"/>
    <tag k="entrance" v="yes"/>
  </node>
  <node id="13918896934" lat="40.7624570" lon="-73.9809023"/>
  <node id="13918896935" lat="40.7619810" lon="-73.9812540"/>
  <way id="5670114">
    <nd ref="42432580"/>
    <nd ref="3955372901"/>
    <nd ref="4782506033"/>
    <nd ref="805764932"/>
    <nd ref="10693951249"/>
    <nd ref="11304895434"/>
    <nd ref="4799735130"/>
    <nd ref="11304895437"/>
    <nd ref="3855009864"/>
    <nd ref="3971196621"/>
    <nd ref="42430356"/>
    <tag k="cycleway:both" v="no"/>
    <tag k="hgv" v="destination"/>
    <tag k="highway" v="secondary"/>
    <tag k="lanes" v="1"/>
    <tag k="lit" v="yes"/>
    <tag k="name" v="West 49th Street"/>
    <tag k="name:ru" v="Западная 49-я стрит"/>
    <tag k="note" v="thru street"/>
    <tag k="oneway" v="yes"/>
    <tag k="sidewalk:both" v="separate"/>
    <tag k="smoothness" v="good"/>
    <tag k="surface" v="asphalt"/>
  </way>
  <way id="5670124">
    <nd ref="9753722444"/>
    <nd ref="2176936521"/>
    <nd ref="9753722445"/>
    <tag k="hgv" v="destination"/>
    <tag k="highway" v="secondary"/>
    <tag k="lanes" v="2"/>
    <tag k="lit" v="yes"/>
    <tag k="name" v="West 45th Street"/>
    <tag k="name:ru" v="Западная 45-я стрит"/>
    <tag k="name_1" v="West 45 Street"/>
    <tag k="note" v="thru street"/>
    <tag k="oneway" v="yes"/>
    <tag k="sidewalk:both" v="separate"/>
    <tag k="surface" v="asphalt"/>
  </way>
  <way id="5670867">
    <nd ref="42430358"/>
    <nd ref="3971196626"/>
    <nd ref="4782442668"/>
    <nd ref="3855009862"/>
    <nd ref="10693951250"/>
    <nd ref="11299027261"/>
    <nd ref="11383994323"/>
    <nd ref="11299027258"/>
    <nd ref="805764974"/>
    <nd ref="6814895823"/>
    <nd ref="3977886225"/>
    <nd ref="42440153"/>
    <tag k="hgv" v="destination"/>
    <tag k="highway" v="secondary"/>
    <tag k="lanes" v="2"/>
    <tag k="name" v="West 50th Street"/>
    <tag k="name:ru" v="Западная 50-я стрит"/>
    <tag k="note" v="thru street"/>
    <tag k="oneway" v="yes"/>
    <tag k="sidewalk:both" v="separate"/>
    <tag k="surface" v="asphalt"/>
    <tag k="wikidata" v="Q4639969"/>
    <tag k="wikipedia" v="en:50th Street (Manhattan)"/>
  </way>
  <way id="5671115">
    <nd ref="42430694"/>
    <nd ref="10166521650"/>
    <nd ref="10698841376"/>
    <nd ref="593921849"/>
    <nd ref="10168029001"/>
    <nd ref="42443534"/>
    <nd ref="10168029005"/>
    <nd ref="10171089670"/>
    <nd ref="42443532"/>
    <nd ref="10171089667"/>
    <nd ref="9286503617"/>
    <nd ref="10168088501"/>
    <nd ref="42435680"/>
    <tag k="cycleway:both" v="no"/>
    <tag k="highway" v="residential"/>
    <tag k="lanes" v="1"/>
    <tag k="lit" v="yes"/>
    <tag k="maxspeed" v="25 mph"/>
    <tag k="name" v="West 48th Street"/>
    <tag k="name:ru" v="Западная 48-я стрит"/>
    <tag k="name_1" v="West 48 Street"/>
    <tag k="oneway" v="yes"/>
    <tag k="parking:both" v="lane"/>
    <tag k="parking:both:orientation" v="parallel"/>
    <tag k="sidewalk:both" v="separate"/>
    <tag k="sidewalk:both:surface" v="concrete:plates"/>
    <tag k="surface" v="asphalt"/>
  </way>
  <way id="5671182">
    <nd ref="42443559"/>
    <nd ref="6598535219"/>
    <nd ref="6598535218"/>
    <nd ref="42432697"/>
    <tag k="highway" v="pedestrian"/>
    <tag k="name" v="Shubert Alley"/>
    <tag k="wikidata" v="Q7504539"/>
    <tag k="wikipedia" v="en:Shubert Alley"/>
  </way>
  <way id="5672036">
    <nd ref="42452353"/>
    <nd ref="10166333044"/>
    <nd ref="3944708050"/>
    <nd ref="10166333085"/>
    <nd ref="42430350"/>
    <nd ref="8375496966"/>
    <nd ref="1762438249"/>
    <nd ref="10228962338"/>
    <nd ref="42439994"/>
    <tag k="cycleway:both" v="no"/>
    <tag k="highway" v="residential"/>
    <tag k="lanes" v="1"/>
    <tag k="lit" v="yes"/>
    <tag k="maxspeed" v="25 mph"/>
    <tag k="name" v="West 47th Street"/>
    <tag k="name:ru" v="Западная 47-я стрит"/>
    <tag k="name_1" v="West 47 Street"/>
    <tag k="oneway" v="yes"/>
    <tag k="sidewalk:both" v="separate"/>
    <tag k="surface" v="asphalt"/>
    <tag k="wikidata" v="Q4638574"/>
    <tag k="wikipedia" v="en:47th Street (Manhattan)"/>
  </way>
  <way id="35027232">
    <nd ref="6632233656"/>
    <nd ref="10224032643"/>
    <nd ref="6598535203"/>
    <tag k="access" v="yes"/>
    <tag k="bicycle" v="dismount"/>
    <tag k="cycleway" v="no"/>
    <tag k="highway" v="pedestrian"/>
    <tag k="lit" v="yes"/>
    <tag k="motor_vehicle" v="no"/>
    <tag k="name" v="Broadway"/>
    <tag k="name:en" v="Broadway"/>
    <tag k="name:ja" v="ブロードウェイ"/>
    <tag k="name:ru" v="Бродвей"/>
    <tag k="name:zh" v="百老匯"/>
    <tag k="name:zh-Hans" v="百老汇"/>
    <tag k="name:zh-Hant" v="百老匯"/>
    <tag k="note" v="closed to motor vehicles May 24, 2009"/>
    <tag k="oneway" v="no"/>
    <tag k="surface" v="paving_stones"/>
    <tag k="wikidata" v="Q11260"/>
    <tag k="wikipedia" v="en:Broadway (Manhattan)"/>
  </way>
  <way id="46522000">
    <nd ref="42430347"/>
    <nd ref="3944708055"/>
    <nd ref="2176936535"/>
    <nd ref="3944708044"/>
    <nd ref="42434072"/>
    <tag k="alt_name" v="Little Brazil Street"/>
    <tag k="hgv" v="destination"/>
    <tag k="highway" v="secondary"/>
    <tag k="lanes" v="1"/>
    <tag k="lit" v="yes"/>
    <tag k="name" v="West 46th Street"/>
    <tag k="name:ru" v="Западная 46-я стрит"/>
    <tag k="name_1" v="West 46 Street"/>
    <tag k="note" v="thru street"/>
    <tag k="oneway" v="yes"/>
    <tag k="sidewalk:both" v="separate"/>
    <tag k="surface" v="asphalt"/>
  </way>
  <way id="46522008">
    <nd ref="6597464445"/>
    <nd ref="5522182777"/>
    <nd ref="42432697"/>
    <nd ref="6598535204"/>
    <nd ref="42432700"/>
    <tag k="cycleway:right" v="no"/>
    <tag k="hgv" v="destination"/>
    <tag k="highway" v="secondary"/>
    <tag k="lanes" v="1"/>
    <tag k="lit" v="yes"/>
    <tag k="name" v="West 45th Street"/>
    <tag k="name:ru" v="Западная 45-я стрит"/>
    <tag k="oneway" v="yes"/>
    <tag k="sidewalk:both" v="separate"/>
    <tag k="surface" v="asphalt"/>
  </way>
  <way id="125480075">
    <nd ref="42435663"/>
    <nd ref="9235539541"/>
    <nd ref="9469803476"/>
    <tag k="cycleway:left" v="track"/>
    <tag k="cycleway:left:oneway" v="yes"/>
    <tag k="hgv" v="local"/>
    <tag k="highway" v="secondary"/>
    <tag k="lanes" v="4"/>
    <tag k="lanes:bus" v="1"/>
    <tag k="lit" v="yes"/>
    <tag k="maxspeed" v="25 mph"/>
    <tag k="name" v="8th Avenue"/>
    <tag k="name:ru" v="8-я Авеню"/>
    <tag k="name_1" v="8 Avenue"/>
    <tag k="oneway" v="yes"/>
    <tag k="sidewalk:both" v="separate"/>
    <tag k="surface" v="asphalt"/>
    <tag k="turn:lanes" v="left|through|through|"/>
    <tag k="wikidata" v="Q109951"/>
    <tag k="wikipedia" v="en:Eighth Avenue (Manhattan)"/>
  </way>
  <way id="127693103">
    <nd ref="42430333"/>
    <nd ref="8375523266"/>
    <nd ref="1751440889"/>
    <nd ref="10173043408"/>
    <nd ref="42430338"/>
    <nd ref="10173043412"/>
    <nd ref="10173121976"/>
    <nd ref="42430342"/>
    <tag k="alt_name:ko" v="6번가"/>
    <tag k="cycleway:left" v="track"/>
    <tag k="cycleway:left:oneway" v="yes"/>
    <tag k="hgv" v="destination"/>
    <tag k="highway" v="secondary"/>
    <tag k="lanes" v="4"/>
    <tag k="lanes:bus" v="1"/>
    <tag k="lit" v="yes"/>
    <tag k="name" v="6th Avenue"/>
    <tag k="name:en" v="6th Avenue"/>
    <tag k="name:ko" v="6th 애비뉴"/>
    <tag k="name:ru" v="6-я авеню"/>
    <tag k="official_name" v="Avenue of the Americas"/>
    <tag k="oneway" v="yes"/>
    <tag k="sidewalk:both" v="separate"/>
    <tag k="surface" v="concrete"/>
    <tag k="wikidata" v="Q109873"/>
    <tag k="wikipedia" v="en:Sixth Avenue"/>
  </way>
  <way id="162776008">
    <nd ref="1745991214"/>
    <nd ref="10172941217"/>
    <nd ref="4545006874"/>
    <nd ref="4545006872"/>
    <nd ref="10172901905"/>
    <nd ref="11190958117"/>
    <tag k="highway" v="footway"/>
    <tag k="lit" v="yes"/>
    <tag k="smoothness" v="excellent"/>
    <tag k="surface" v="concrete"/>
    <tag k="tourism" v="attraction"/>
    <tag k="wheelchair" v="yes"/>
  </way>
  <way id="163630202">
    <nd ref="1752946330"/>
    <nd ref="1752946323"/>
    <tag k="highway" v="footway"/>
    <tag k="surface" v="concrete"/>
    <tag k="tunnel" v="building_passage"/>
  </way>
  <way id="163630203">
    <nd ref="1752946328"/>
    <nd ref="9235539567"/>
    <nd ref="1752946330"/>
    <tag k="highway" v="footway"/>
  </way>
  <way id="164184349">
    <nd ref="1758380528"/>
    <nd ref="11296253748"/>
    <nd ref="1762449346"/>
    <tag k="access" v="permissive"/>
    <tag k="highway" v="service"/>
    <tag k="maxspeed" v="5 mph"/>
    <tag k="service" v="parking_aisle"/>
  </way>
  <way id="164632299">
    <nd ref="1762449347"/>
    <nd ref="10173121985"/>
    <nd ref="1758380526"/>
    <tag k="access" v="permissive"/>
    <tag k="highway" v="service"/>
    <tag k="maxspeed" v="5 mph"/>
    <tag k="motor_vehicle" v="private"/>
    <tag k="service" v="parking_aisle"/>
  </way>
  <way id="164632300">
    <nd ref="1762449346"/>
    <nd ref="1762449347"/>
    <tag k="access" v="permissive"/>
    <tag k="highway" v="service"/>
    <tag k="maxspeed" v="5 mph"/>
    <tag k="motor_vehicle" v="private"/>
    <tag k="service" v="parking_aisle"/>
    <tag k="tunnel" v="building_passage"/>
  </way>
  <way id="167922070">
    <nd ref="42437363"/>
    <nd ref="9235539549"/>
    <nd ref="10168088452"/>
    <nd ref="42439972"/>
    <tag k="cycleway:left" v="track"/>
    <tag k="cycleway:left:oneway" v="yes"/>
    <tag k="cycleway:left:traffic_mode" v="parking"/>
    <tag k="hgv" v="destination"/>
    <tag k="highway" v="secondary"/>
    <tag k="lanes" v="3"/>
    <tag k="lanes:bus:forward" v="1"/>
    <tag k="lit" v="yes"/>
    <tag k="maxspeed" v="25 mph"/>
    <tag k="name" v="7th Avenue"/>
    <tag k="name:ru" v="7-я Авеню"/>
    <tag k="name_1" v="7 Avenue"/>
    <tag k="oneway" v="yes"/>
    <tag k="parking:both" v="no"/>
    <tag k="sidewalk:both" v="separate"/>
    <tag k="surface" v="asphalt"/>
    <tag k="turn:lanes" v="through|through|none"/>
    <tag k="wikidata" v="Q109926"/>
    <tag k="wikipedia" v="en:Seventh Avenue (Manhattan)"/>
  </way>
  <way id="167922071">
    <nd ref="42439996"/>
    <nd ref="10172901890"/>
    <nd ref="10228962335"/>
    <nd ref="42439994"/>
    <tag k="cycleway:left" v="track"/>
    <tag k="foot" v="designated"/>
    <tag k="hgv" v="destination"/>
    <tag k="highway" v="secondary"/>
    <tag k="lanes" v="3"/>
    <tag k="lit" v="yes"/>
    <tag k="maxspeed" v="25 mph"/>
    <tag k="name" v="7th Avenue"/>
    <tag k="name:ru" v="7-я Авеню"/>
    <tag k="name_1" v="7 Avenue"/>
    <tag k="oneway" v="yes"/>
    <tag k="parking:both" v="lane"/>
    <tag k="parking:both:orientation" v="parallel"/>
    <tag k="sidewalk:both" v="separate"/>
    <tag k="surface" v="asphalt"/>
    <tag k="wikidata" v="Q109926"/>
    <tag k="wikipedia" v="en:Seventh Avenue (Manhattan)"/>
  </way>
  <way id="167922073">
    <nd ref="42439996"/>
    <nd ref="10172901888"/>
    <nd ref="1745991210"/>
    <nd ref="6167628291"/>
    <nd ref="3971196620"/>
    <tag k="bicycle" v="yes"/>
    <tag k="cycleway:left" v="shared_lane"/>
    <tag k="cycleway:left:lane" v="pictogram"/>
    <tag k="cycleway:left:oneway" v="yes"/>
    <tag k="cycleway:right" v="no"/>
    <tag k="highway" v="residential"/>
    <tag k="lanes" v="1"/>
    <tag k="lit" v="yes"/>
    <tag k="name" v="West 48th Street"/>
    <tag k="name:ru" v="Западная 48-я стрит"/>
    <tag k="name_1" v="West 48 Street"/>
    <tag k="oneway" v="yes"/>
    <tag k="sidewalk:both" v="separate"/>
    <tag k="surface" v="asphalt"/>
  </way>
  <way id="167922074">
    <nd ref="42428305"/>
    <nd ref="4322008118"/>
    <nd ref="10173121980"/>
    <nd ref="10172901884"/>
    <nd ref="42439996"/>
    <tag k="access" v="yes"/>
    <tag k="bicycle" v="yes"/>
    <tag k="cycleway:left" v="shared_lane"/>
    <tag k="cycleway:left:lane" v="pictogram"/>
    <tag k="cycleway:left:oneway" v="yes"/>
    <tag k="cycleway:right" v="no"/>
    <tag k="highway" v="residential"/>
    <tag k="lanes" v="3"/>
    <tag k="lit" v="yes"/>
    <tag k="name" v="West 48th Street"/>
    <tag k="name:ru" v="Западная 48-я стрит"/>
    <tag k="name_1" v="West 48 Street"/>
    <tag k="oneway" v="yes"/>
    <tag k="sidewalk:both" v="separate"/>
    <tag k="surface" v="asphalt"/>
    <tag k="turn:lanes" v="through|through|right"/>
  </way>
  <way id="167922076">
    <nd ref="42428287"/>
    <nd ref="9235539555"/>
    <nd ref="9235539548"/>
    <nd ref="42437363"/>
    <tag k="cycleway:both" v="no"/>
    <tag k="hgv" v="local"/>
    <tag k="highway" v="primary"/>
    <tag k="lanes:backward" v="2"/>
    <tag k="lanes:forward" v="2"/>
    <tag k="lit" v="yes"/>
    <tag k="maxspeed" v="25 mph"/>
    <tag k="name" v="West 42nd Street"/>
    <tag k="name:ru" v="Западная 42-я стрит"/>
    <tag k="oneway" v="no"/>
    <tag k="sidewalk:both" v="separate"/>
    <tag k="surface" v="asphalt"/>
    <tag k="wikidata" v="Q110061"/>
    <tag k="wikipedia" v="en:42nd Street (Manhattan)"/>
  </way>
  <way id="194926846">
    <nd ref="5849918504"/>
    <nd ref="10168088473"/>
    <nd ref="6353650680"/>
    <nd ref="8441992773"/>
    <nd ref="11591860829"/>
    <nd ref="10168047529"/>
    <nd ref="42445011"/>
    <tag k="bicycle" v="yes"/>
    <tag k="cycleway:left" v="lane"/>
    <tag k="highway" v="unclassified"/>
    <tag k="name" v="West 43rd Street"/>
    <tag k="name:ru" v="Западная 43-я стрит"/>
    <tag k="oneway" v="yes"/>
    <tag k="sidewalk:both" v="separate"/>
    <tag k="surface" v="asphalt"/>
  </way>
  <way id="194926851">
    <nd ref="42432700"/>
    <nd ref="10168088482"/>
    <nd ref="5849918503"/>
    <nd ref="2435108451"/>
    <nd ref="42435675"/>
    <tag k="cycleway:left" v="track"/>
    <tag k="cycleway:left:oneway" v="yes"/>
    <tag k="hgv" v="local"/>
    <tag k="highway" v="secondary"/>
    <tag k="lanes" v="3"/>
    <tag k="lit" v="yes"/>
    <tag k="maxspeed" v="25 mph"/>
    <tag k="name" v="8th Avenue"/>
    <tag k="name:ru" v="8-я Авеню"/>
    <tag k="name_1" v="8 Avenue"/>
    <tag k="oneway" v="yes"/>
    <tag k="sidewalk:both" v="separate"/>
    <tag k="surface" v="asphalt"/>
    <tag k="turn:lanes" v="through|through|right"/>
    <tag k="wikidata" v="Q109951"/>
    <tag k="wikipedia" v="en:Eighth Avenue (Manhattan)"/>
  </way>
  <way id="195743209">
    <nd ref="42439972"/>
    <nd ref="10168088454"/>
    <nd ref="5022414760"/>
    <nd ref="5022414759"/>
    <nd ref="9538820160"/>
    <nd ref="42435660"/>
    <tag k="highway" v="unclassified"/>
    <tag k="name" v="West 41st Street"/>
    <tag k="name:ru" v="Западная 41-я стрит"/>
    <tag k="oneway" v="yes"/>
    <tag k="surface" v="asphalt"/>
    <tag k="wikidata" v="Q65254678"/>
  </way>
  <way id="207439316">
    <nd ref="10166333055"/>
    <nd ref="3955372638"/>
    <tag k="highway" v="footway"/>
    <tag k="lit" v="yes"/>
    <tag k="surface" v="concrete"/>
  </way>
  <way id="218330656">
    <nd ref="1751552932"/>
    <nd ref="10228962577"/>
    <nd ref="3971196607"/>
    <nd ref="3971196618"/>
    <nd ref="42430352"/>
    <nd ref="3971196619"/>
    <nd ref="3971196620"/>
    <nd ref="10228962580"/>
    <nd ref="1593915792"/>
    <nd ref="1593915791"/>
    <nd ref="1593915781"/>
    <nd ref="1751552937"/>
    <nd ref="1751552932"/>
    <tag k="area" v="yes"/>
    <tag k="highway" v="pedestrian"/>
    <tag k="lit" v="yes"/>
    <tag k="name" v="News Corp. Plaza"/>
    <tag k="smoothness" v="excellent"/>
    <tag k="surface" v="asphalt"/>
  </way>
  <way id="226041025">
    <nd ref="42430338"/>
    <nd ref="6598535224"/>
    <nd ref="1752946328"/>
    <nd ref="8396878498"/>
    <nd ref="9647769356"/>
    <tag k="bicycle" v="yes"/>
    <tag k="cycleway:left" v="shared_lane"/>
    <tag k="cycleway:left:lane" v="pictogram"/>
    <tag k="cycleway:left:oneway" v="yes"/>
    <tag k="cycleway:right" v="no"/>
    <tag k="highway" v="residential"/>
    <tag k="lanes" v="3"/>
    <tag k="lit" v="yes"/>
    <tag k="name" v="West 43rd Street"/>
    <tag k="name:ru" v="Западная 43-я стрит"/>
    <tag k="oneway" v="yes"/>
    <tag k="sidewalk:both" v="separate"/>
    <tag k="surface" v="asphalt"/>
  </way>
  <way id="226041026">
    <nd ref="9235539560"/>
    <nd ref="13915675578"/>
    <nd ref="8396878495"/>
    <nd ref="3944708047"/>
    <nd ref="42430342"/>
    <tag k="bicycle" v="yes"/>
    <tag k="cycleway" v="shared_lane"/>
    <tag k="cycleway:left" v="lane"/>
    <tag k="highway" v="residential"/>
    <tag k="lanes" v="1"/>
    <tag k="lit" v="yes"/>
    <tag k="name" v="West 44th Street"/>
    <tag k="name:ru" v="Западная 44-я стрит"/>
    <tag k="oneway" v="yes"/>
    <tag k="sidewalk:both" v="separate"/>
    <tag k="surface" v="asphalt"/>
  </way>
  <way id="226041027">
    <nd ref="42443561"/>
    <nd ref="10168047523"/>
    <nd ref="13701336663"/>
    <nd ref="13701336659"/>
    <nd ref="5481887476"/>
    <nd ref="10168088479"/>
    <nd ref="42435671"/>
    <tag k="bicycle" v="yes"/>
    <tag k="cycleway" v="shared_lane"/>
    <tag k="highway" v="residential"/>
    <tag k="lanes" v="1"/>
    <tag k="name" v="West 44th Street"/>
    <tag k="name:ru" v="Западная 44-я стрит"/>
    <tag k="oneway" v="yes"/>
    <tag k="sidewalk:both" v="separate"/>
    <tag k="surface" v="asphalt"/>
  </way>
  <way id="226041028">
    <nd ref="42435680"/>
    <nd ref="10168088498"/>
    <nd ref="1758380526"/>
    <nd ref="12989986301"/>
    <nd ref="2435108436"/>
    <nd ref="42428305"/>
    <tag k="bicycle" v="yes"/>
    <tag k="cycleway:left" v="shared_lane"/>
    <tag k="cycleway:left:lane" v="pictogram"/>
    <tag k="cycleway:left:oneway" v="yes"/>
    <tag k="cycleway:right" v="no"/>
    <tag k="highway" v="residential"/>
    <tag k="lanes" v="2"/>
    <tag k="lit" v="yes"/>
    <tag k="name" v="West 48th Street"/>
    <tag k="name:ru" v="Западная 48-я стрит"/>
    <tag k="name_1" v="West 48 Street"/>
    <tag k="oneway" v="yes"/>
    <tag k="parking:both" v="lane"/>
    <tag k="parking:both:orientation" v="parallel"/>
    <tag k="sidewalk:both" v="separate"/>
    <tag k="surface" v="asphalt"/>
  </way>
  <way id="226041029">
    <nd ref="42430352"/>
    <nd ref="3955372903"/>
    <nd ref="3855009863"/>
    <nd ref="4549080328"/>
    <nd ref="3855009861"/>
    <nd ref="3944708056"/>
    <nd ref="42443528"/>
    <tag k="bicycle" v="yes"/>
    <tag k="cycleway:left" v="lane"/>
    <tag k="cycleway:left:oneway" v="yes"/>
    <tag k="cycleway:right" v="no"/>
    <tag k="highway" v="residential"/>
    <tag k="lanes" v="1"/>
    <tag k="lit" v="yes"/>
    <tag k="name" v="West 48th Street"/>
    <tag k="name:ru" v="Западная 48-я стрит"/>
    <tag k="oneway" v="yes"/>
    <tag k="sidewalk:both" v="separate"/>
    <tag k="surface" v="asphalt"/>
  </way>
  <way id="330177547">
    <nd ref="530697967"/>
    <nd ref="10254591062"/>
    <nd ref="3971196620"/>
    <nd ref="3971196619"/>
    <nd ref="42430352"/>
    <nd ref="10172901896"/>
    <nd ref="3971196622"/>
    <nd ref="42430356"/>
    <nd ref="3971196623"/>
    <nd ref="4782506031"/>
    <nd ref="3971196624"/>
    <nd ref="10236589211"/>
    <nd ref="1593915820"/>
    <nd ref="1593915819"/>
    <nd ref="530697970"/>
    <nd ref="530697965"/>
    <nd ref="1593915814"/>
    <nd ref="530697967"/>
    <tag k="area" v="yes"/>
    <tag k="highway" v="pedestrian"/>
    <tag k="lit" v="yes"/>
    <tag k="surface" v="concrete"/>
  </way>
  <way id="330177550">
    <nd ref="42430358"/>
    <nd ref="3971196627"/>
    <nd ref="3971196629"/>
    <nd ref="11304895432"/>
    <nd ref="2717546444"/>
    <nd ref="1593295528"/>
    <nd ref="1751570231"/>
    <nd ref="3371304302"/>
    <nd ref="3371304303"/>
    <nd ref="3371304304"/>
    <nd ref="3371304305"/>
    <nd ref="1251540931"/>
    <nd ref="3977886252"/>
    <nd ref="11198923668"/>
    <nd ref="3971196631"/>
    <nd ref="11299050770"/>
    <nd ref="42430361"/>
    <nd ref="11299050769"/>
    <nd ref="3971196628"/>
    <nd ref="42430358"/>
    <tag k="area" v="yes"/>
    <tag k="highway" v="pedestrian"/>
    <tag k="lit" v="yes"/>
    <tag k="surface" v="paving_stones"/>
  </way>
  <way id="332054904">
    <nd ref="1511873348"/>
    <nd ref="3391627298"/>
    <nd ref="3391627300"/>
    <nd ref="3391627299"/>
    <nd ref="3391627297"/>
    <nd ref="11296253741"/>
    <nd ref="3974095846"/>
    <nd ref="2435108462"/>
    <nd ref="42428308"/>
    <nd ref="2435108453"/>
    <nd ref="10594155705"/>
    <nd ref="3977886863"/>
    <nd ref="42428310"/>
    <nd ref="10173292884"/>
    <nd ref="3977886865"/>
    <nd ref="3974095849"/>
    <nd ref="10254591065"/>
    <nd ref="1511879371"/>
    <nd ref="2717323978"/>
    <nd ref="2717323977"/>
    <nd ref="1511873347"/>
    <nd ref="1511873346"/>
    <nd ref="1511873348"/>
    <tag k="area" v="yes"/>
    <tag k="highway" v="pedestrian"/>
    <tag k="lit" v="yes"/>
    <tag k="surface" v="asphalt"/>
  </way>
  <way id="351540642">
    <nd ref="4550600353"/>
    <nd ref="4550600352"/>
    <tag k="covered" v="yes"/>
    <tag k="highway" v="footway"/>
    <tag k="lit" v="yes"/>
    <tag k="surface" v="concrete"/>
    <tag k="tunnel" v="building_passage"/>
  </way>
  <way id="394093564">
    <nd ref="1593295570"/>
    <nd ref="1332501227"/>
    <nd ref="3974095845"/>
    <nd ref="10173210353"/>
    <nd ref="9140940672"/>
    <nd ref="3971196633"/>
    <nd ref="10172941224"/>
    <nd ref="42430363"/>
    <nd ref="9140940649"/>
    <nd ref="3974095843"/>
    <nd ref="13518638881"/>
    <nd ref="11299027268"/>
    <nd ref="42430361"/>
    <nd ref="11299050770"/>
    <nd ref="3971196631"/>
    <nd ref="11198923673"/>
    <nd ref="1332501220"/>
    <nd ref="1593295562"/>
    <nd ref="1593295560"/>
    <nd ref="1593295557"/>
    <nd ref="1593295553"/>
    <nd ref="1593295564"/>
    <nd ref="1593295571"/>
    <nd ref="1593295568"/>
    <nd ref="1593295570"/>
    <tag k="area" v="yes"/>
    <tag k="highway" v="pedestrian"/>
    <tag k="lit" v="yes"/>
    <tag k="surface" v="paving_stones"/>
  </way>
  <way id="397795463">
    <nd ref="42439990"/>
    <nd ref="6598535188"/>
    <nd ref="5475605303"/>
    <tag k="cycleway:left" v="track"/>
    <tag k="foot" v="designated"/>
    <tag k="hgv" v="destination"/>
    <tag k="highway" v="secondary"/>
    <tag k="lanes" v="5"/>
    <tag k="lit" v="yes"/>
    <tag k="maxspeed" v="25 mph"/>
    <tag k="name" v="7th Avenue"/>
    <tag k="name:ru" v="7-я Авеню"/>
    <tag k="name_1" v="7 Avenue"/>
    <tag k="oneway" v="yes"/>
    <tag k="sidewalk:both" v="separate"/>
    <tag k="surface" v="asphalt"/>
    <tag k="turn:lanes" v="through|through|through|through|right"/>
    <tag k="wikidata" v="Q109926"/>
    <tag k="wikipedia" v="en:Seventh Avenue (Manhattan)"/>
  </way>
  <way id="397795464">
    <nd ref="42439984"/>
    <nd ref="3974095826"/>
    <nd ref="12055680089"/>
    <nd ref="3974095825"/>
    <nd ref="42439981"/>
    <tag k="cycleway:left" v="track"/>
    <tag k="cycleway:left:oneway" v="yes"/>
    <tag k="foot" v="designated"/>
    <tag k="hgv" v="destination"/>
    <tag k="highway" v="secondary"/>
    <tag k="lanes" v="4"/>
    <tag k="lit" v="yes"/>
    <tag k="maxspeed" v="25 mph"/>
    <tag k="name" v="7th Avenue"/>
    <tag k="name:ru" v="7-я Авеню"/>
    <tag k="name_1" v="7 Avenue"/>
    <tag k="oneway" v="yes"/>
    <tag k="sidewalk:both" v="separate"/>
    <tag k="surface" v="asphalt"/>
    <tag k="turn:lanes" v="through|through|through|right"/>
    <tag k="wikidata" v="Q109926"/>
    <tag k="wikipedia" v="en:Seventh Avenue (Manhattan)"/>
  </way>
  <way id="420494981">
    <nd ref="42439990"/>
    <nd ref="2435108452"/>
    <nd ref="8250908767"/>
    <nd ref="8318633104"/>
    <tag k="hgv" v="destination"/>
    <tag k="highway" v="secondary"/>
    <tag k="lanes" v="1"/>
    <tag k="lit" v="yes"/>
    <tag k="name" v="West 46th Street"/>
    <tag k="name:ru" v="Западная 46-я стрит"/>
    <tag k="oneway" v="yes"/>
    <tag k="sidewalk:both" v="separate"/>
    <tag k="surface" v="asphalt"/>
  </way>
  <way id="420907902">
    <nd ref="4207957613"/>
    <nd ref="9235539542"/>
    <nd ref="42435663"/>
    <tag k="cycleway:left" v="track"/>
    <tag k="cycleway:left:oneway" v="yes"/>
    <tag k="foot" v="no"/>
    <tag k="hgv" v="local"/>
    <tag k="highway" v="secondary"/>
    <tag k="lanes" v="4"/>
    <tag k="lit" v="yes"/>
    <tag k="name" v="8th Avenue"/>
    <tag k="name:ru" v="8-я Авеню"/>
    <tag k="name_1" v="8 Avenue"/>
    <tag k="oneway" v="yes"/>
    <tag k="sidewalk:both" v="separate"/>
    <tag k="surface" v="asphalt"/>
    <tag k="turn:lanes" v="through|through|through|right"/>
    <tag k="wikidata" v="Q109951"/>
    <tag k="wikipedia" v="en:Eighth Avenue (Manhattan)"/>
  </way>
  <way id="420907903">
    <nd ref="9648221827"/>
    <nd ref="10168088512"/>
    <nd ref="42432589"/>
    <tag k="cycleway:left" v="track"/>
    <tag k="cycleway:left:oneway" v="yes"/>
    <tag k="cycleway:right" v="no"/>
    <tag k="hgv" v="local"/>
    <tag k="highway" v="secondary"/>
    <tag k="lanes" v="4"/>
    <tag k="lit" v="yes"/>
    <tag k="maxspeed" v="25 mph"/>
    <tag k="name" v="8th Avenue"/>
    <tag k="name:ru" v="8-я Авеню"/>
    <tag k="name_1" v="8 Avenue"/>
    <tag k="oneway" v="yes"/>
    <tag k="sidewalk:both" v="separate"/>
    <tag k="sidewalk:both:surface" v="concrete"/>
    <tag k="surface" v="asphalt"/>
    <tag k="turn:lanes" v="right|||"/>
    <tag k="wikidata" v="Q109951"/>
    <tag k="wikipedia" v="en:Eighth Avenue (Manhattan)"/>
  </way>
  <way id="420907906">
    <nd ref="42432589"/>
    <nd ref="10168088511"/>
    <nd ref="10168091318"/>
    <nd ref="42435684"/>
    <tag k="cycleway:left" v="track"/>
    <tag k="cycleway:left:oneway" v="yes"/>
    <tag k="cycleway:right" v="no"/>
    <tag k="hgv" v="local"/>
    <tag k="highway" v="secondary"/>
    <tag k="lanes" v="3"/>
    <tag k="lit" v="yes"/>
    <tag k="maxspeed" v="25 mph"/>
    <tag k="name" v="8th Avenue"/>
    <tag k="name:ru" v="8-я Авеню"/>
    <tag k="name_1" v="8 Avenue"/>
    <tag k="oneway" v="yes"/>
    <tag k="sidewalk:both" v="separate"/>
    <tag k="surface" v="asphalt"/>
    <tag k="wikidata" v="Q109951"/>
    <tag k="wikipedia" v="en:Eighth Avenue (Manhattan)"/>
  </way>
  <way id="420908137">
    <nd ref="4207978589"/>
    <nd ref="4782363329"/>
    <nd ref="2782279879"/>
    <nd ref="42440001"/>
    <tag k="hgv" v="destination"/>
    <tag k="highway" v="secondary"/>
    <tag k="lanes" v="2"/>
    <tag k="name" v="West 50th Street"/>
    <tag k="name:ru" v="Западная 50-я стрит"/>
    <tag k="oneway" v="yes"/>
    <tag k="surface" v="asphalt"/>
    <tag k="wikidata" v="Q4639969"/>
    <tag k="wikipedia" v="en:50th Street (Manhattan)"/>
  </way>
  <way id="420908138">
    <nd ref="42440001"/>
    <nd ref="2782279859"/>
    <nd ref="1745991214"/>
    <nd ref="3971196629"/>
    <nd ref="3971196627"/>
    <nd ref="42430358"/>
    <tag k="cycleway:right" v="no"/>
    <tag k="hgv" v="destination"/>
    <tag k="highway" v="secondary"/>
    <tag k="lanes" v="2"/>
    <tag k="lit" v="yes"/>
    <tag k="name" v="West 50th Street"/>
    <tag k="name:ru" v="Западная 50-я стрит"/>
    <tag k="oneway" v="yes"/>
    <tag k="sidewalk:both" v="separate"/>
    <tag k="surface" v="asphalt"/>
    <tag k="wikidata" v="Q4639969"/>
    <tag k="wikipedia" v="en:50th Street (Manhattan)"/>
  </way>
  <way id="452322756">
    <nd ref="42428303"/>
    <nd ref="10228962357"/>
    <nd ref="10228962330"/>
    <nd ref="8250892563"/>
    <nd ref="10168088490"/>
    <nd ref="42435677"/>
    <nd ref="6210777836"/>
    <nd ref="10168088493"/>
    <nd ref="8646554909"/>
    <nd ref="42445020"/>
    <tag k="highway" v="residential"/>
    <tag k="lanes" v="1"/>
    <tag k="lit" v="yes"/>
    <tag k="maxspeed" v="25 mph"/>
    <tag k="name" v="West 47th Street"/>
    <tag k="name:ru" v="Западная 47-я стрит"/>
    <tag k="name_1" v="West 47 Street"/>
    <tag k="oneway" v="yes"/>
    <tag k="sidewalk:both" v="separate"/>
    <tag k="surface" v="asphalt"/>
    <tag k="wikidata" v="Q4638574"/>
    <tag k="wikipedia" v="en:47th Street (Manhattan)"/>
  </way>
  <way id="452322757">
    <nd ref="42439994"/>
    <nd ref="10228962331"/>
    <nd ref="2435108448"/>
    <nd ref="12989986305"/>
    <nd ref="42428303"/>
    <tag k="cycleway:left" v="track"/>
    <tag k="cycleway:left:oneway" v="-1"/>
    <tag k="highway" v="residential"/>
    <tag k="lanes" v="2"/>
    <tag k="lit" v="yes"/>
    <tag k="maxspeed" v="25 mph"/>
    <tag k="name" v="West 47th Street"/>
    <tag k="name:ru" v="Западная 47-я стрит"/>
    <tag k="name_1" v="West 47 Street"/>
    <tag k="oneway" v="yes"/>
    <tag k="oneway:bicycle" v="no"/>
    <tag k="sidewalk:both" v="separate"/>
    <tag k="surface" v="asphalt"/>
    <tag k="turn:lanes" v="through|through"/>
    <tag k="wikidata" v="Q4638574"/>
    <tag k="wikipedia" v="en:47th Street (Manhattan)"/>
  </way>
  <way id="458448235">
    <nd ref="11198923671"/>
    <nd ref="1828749428"/>
    <nd ref="11198923670"/>
    <tag k="crossing" v="uncontrolled"/>
    <tag k="crossing:markings" v="zebra"/>
    <tag k="foot" v="yes"/>
    <tag k="footway" v="crossing"/>
    <tag k="highway" v="footway"/>
    <tag k="lit" v="yes"/>
    <tag k="surface" v="asphalt"/>
  </way>
  <way id="458448237">
    <nd ref="2653739433"/>
    <nd ref="2653739423"/>
    <tag k="access" v="yes"/>
    <tag k="bicycle" v="no"/>
    <tag k="covered" v="yes"/>
    <tag k="foot" v="yes"/>
    <tag k="height" v="8"/>
    <tag k="highway" v="footway"/>
    <tag k="lit" v="yes"/>
    <tag k="motor_vehicle" v="no"/>
    <tag k="name" v="6½ Avenue"/>
    <tag k="oneway" v="no"/>
    <tag k="start_date" v="2012"/>
    <tag k="surface" v="concrete"/>
    <tag k="tunnel" v="building_passage"/>
    <tag k="width" v="4"/>
    <tag k="wikidata" v="Q133417"/>
    <tag k="wikipedia" v="en:6½ Avenue"/>
  </way>
  <way id="458448239">
    <nd ref="2665094514"/>
    <nd ref="2708133570"/>
    <nd ref="1841271352"/>
    <tag k="access" v="yes"/>
    <tag k="bicycle" v="no"/>
    <tag k="covered" v="yes"/>
    <tag k="foot" v="yes"/>
    <tag k="height" v="8"/>
    <tag k="highway" v="footway"/>
    <tag k="motor_vehicle" v="no"/>
    <tag k="name" v="6½ Avenue"/>
    <tag k="oneway" v="no"/>
    <tag k="start_date" v="2012"/>
    <tag k="surface" v="paving_stones"/>
    <tag k="tunnel" v="building_passage"/>
    <tag k="width" v="4"/>
    <tag k="wikidata" v="Q133417"/>
    <tag k="wikipedia" v="en:6½ Avenue"/>
  </way>
  <way id="458448244">
    <nd ref="10172941222"/>
    <nd ref="11303300330"/>
    <nd ref="1828749426"/>
    <nd ref="10009446326"/>
    <tag k="access" v="yes"/>
    <tag k="bicycle" v="no"/>
    <tag k="crossing" v="marked"/>
    <tag k="crossing:markings" v="zebra"/>
    <tag k="foot" v="yes"/>
    <tag k="footway" v="crossing"/>
    <tag k="highway" v="footway"/>
    <tag k="lit" v="yes"/>
    <tag k="motor_vehicle" v="no"/>
    <tag k="name" v="6½ Avenue"/>
    <tag k="oneway" v="no"/>
    <tag k="start_date" v="2012"/>
    <tag k="surface" v="asphalt"/>
    <tag k="width" v="4"/>
    <tag k="wikidata" v="Q133417"/>
    <tag k="wikipedia" v="en:6½ Avenue"/>
  </way>
  <way id="458511171">
    <nd ref="2717546466"/>
    <nd ref="2717546460"/>
    <nd ref="2717546457"/>
    <nd ref="2717546406"/>
    <nd ref="2717546409"/>
    <nd ref="2717546378"/>
    <nd ref="2717546381"/>
    <nd ref="2717546365"/>
    <nd ref="4545006872"/>
    <nd ref="2717546353"/>
    <nd ref="2717546387"/>
    <nd ref="1593328953"/>
    <nd ref="1593328960"/>
    <nd ref="4545006873"/>
    <nd ref="4545006874"/>
    <nd ref="2717546466"/>
    <tag k="access" v="yes"/>
    <tag k="highway" v="pedestrian"/>
    <tag k="leisure" v="park"/>
    <tag k="name" v="745 Plaza"/>
  </way>
  <way id="459148465">
    <nd ref="4550600352"/>
    <nd ref="6598535205"/>
    <tag k="covered" v="yes"/>
    <tag k="highway" v="footway"/>
    <tag k="surface" v="concrete"/>
  </way>
  <way id="464515890">
    <nd ref="42430342"/>
    <nd ref="3944708045"/>
    <nd ref="9666047678"/>
    <tag k="bicycle" v="yes"/>
    <tag k="cycleway:left" v="lane"/>
    <tag k="highway" v="residential"/>
    <tag k="lanes" v="1"/>
    <tag k="lit" v="yes"/>
    <tag k="loc_name" v="Clubhouse Row"/>
    <tag k="name" v="West 44th Street"/>
    <tag k="name:ru" v="Западная 44-я стрит"/>
    <tag k="oneway" v="yes"/>
    <tag k="sidewalk:both" v="separate"/>
    <tag k="surface" v="asphalt"/>
  </way>
  <way id="464516471">
    <nd ref="42430342"/>
    <nd ref="10173121975"/>
    <nd ref="10164937730"/>
    <nd ref="42430344"/>
    <nd ref="10164937728"/>
    <nd ref="10166333059"/>
    <nd ref="42430347"/>
    <nd ref="10166333058"/>
    <nd ref="10166333086"/>
    <nd ref="42430350"/>
    <nd ref="10166333087"/>
    <nd ref="3971196607"/>
    <nd ref="3971196618"/>
    <nd ref="42430352"/>
    <nd ref="10172901896"/>
    <nd ref="3971196622"/>
    <nd ref="42430356"/>
    <nd ref="9674241493"/>
    <nd ref="3971196625"/>
    <nd ref="42430358"/>
    <tag k="alt_name:ko" v="6번가"/>
    <tag k="cycleway:left" v="track"/>
    <tag k="cycleway:left:oneway" v="yes"/>
    <tag k="cycleway:right" v="no"/>
    <tag k="hgv" v="destination"/>
    <tag k="highway" v="secondary"/>
    <tag k="lanes" v="4"/>
    <tag k="lanes:bus" v="1"/>
    <tag k="lit" v="yes"/>
    <tag k="name" v="6th Avenue"/>
    <tag k="name:en" v="6th Avenue"/>
    <tag k="name:ko" v="6th 애비뉴"/>
    <tag k="name:ru" v="6-я авеню"/>
    <tag k="official_name" v="Avenue of the Americas"/>
    <tag k="oneway" v="yes"/>
    <tag k="sidewalk:both" v="separate"/>
    <tag k="smoothness" v="good"/>
    <tag k="surface" v="concrete"/>
    <tag k="wikidata" v="Q109873"/>
    <tag k="wikipedia" v="en:Sixth Avenue"/>
  </way>
  <way id="477374247">
    <nd ref="3974095830"/>
    <nd ref="10224032642"/>
    <nd ref="9004888711"/>
    <nd ref="9004888713"/>
    <tag k="access" v="yes"/>
    <tag k="bicycle" v="dismount"/>
    <tag k="cycleway" v="no"/>
    <tag k="highway" v="pedestrian"/>
    <tag k="lit" v="yes"/>
    <tag k="motor_vehicle" v="no"/>
    <tag k="name" v="Broadway"/>
    <tag k="name:en" v="Broadway"/>
    <tag k="name:ja" v="ブロードウェイ"/>
    <tag k="name:ru" v="Бродвей"/>
    <tag k="name:zh" v="百老匯"/>
    <tag k="name:zh-Hans" v="百老汇"/>
    <tag k="name:zh-Hant" v="百老匯"/>
    <tag k="note" v="closed to motor vehicles May 24, 2009"/>
    <tag k="oneway" v="no"/>
    <tag k="surface" v="paving_stones"/>
    <tag k="wikidata" v="Q11260"/>
    <tag k="wikipedia" v="en:Broadway (Manhattan)"/>
  </way>
  <way id="483360105">
    <nd ref="42439994"/>
    <nd ref="6598535157"/>
    <nd ref="6598535159"/>
    <nd ref="42439990"/>
    <tag k="cycleway:left" v="lane"/>
    <tag k="foot" v="designated"/>
    <tag k="hgv" v="destination"/>
    <tag k="highway" v="secondary"/>
    <tag k="lanes" v="3"/>
    <tag k="lit" v="yes"/>
    <tag k="maxspeed" v="25 mph"/>
    <tag k="name" v="7th Avenue"/>
    <tag k="name:ru" v="7-я Авеню"/>
    <tag k="name_1" v="7 Avenue"/>
    <tag k="oneway" v="yes"/>
    <tag k="sidewalk:both" v="separate"/>
    <tag k="surface" v="asphalt"/>
    <tag k="wikidata" v="Q109926"/>
    <tag k="wikipedia" v="en:Seventh Avenue (Manhattan)"/>
  </way>
  <way id="513706050">
    <nd ref="5020830676"/>
    <nd ref="5020830675"/>
    <nd ref="5020830671"/>
    <nd ref="5020830674"/>
    <nd ref="5020830673"/>
    <nd ref="5020830672"/>
    <nd ref="5020830671"/>
    <tag k="highway" v="footway"/>
    <tag k="indoor" v="yes"/>
    <tag k="layer" v="-1"/>
    <tag k="level" v="-2;-1"/>
    <tag k="location" v="underground"/>
    <tag k="tunnel" v="yes"/>
  </way>
  <way id="513706051">
    <nd ref="5020830682"/>
    <nd ref="5020830681"/>
    <nd ref="5020830677"/>
    <nd ref="5020830680"/>
    <nd ref="5020830679"/>
    <nd ref="5020830678"/>
    <nd ref="5020830677"/>
    <tag k="highway" v="footway"/>
    <tag k="indoor" v="yes"/>
    <tag k="layer" v="-3"/>
    <tag k="level" v="-4;-3"/>
    <tag k="location" v="underground"/>
    <tag k="ramp" v="yes"/>
    <tag k="tunnel" v="yes"/>
    <tag k="wheelchair" v="yes"/>
  </way>
  <way id="513706064">
    <nd ref="5020832153"/>
    <nd ref="5020832152"/>
    <nd ref="5020832151"/>
    <nd ref="5020832150"/>
    <tag k="highway" v="steps"/>
    <tag k="indoor" v="yes"/>
    <tag k="layer" v="-1"/>
    <tag k="level" v="-1;0"/>
    <tag k="location" v="underground"/>
    <tag k="tunnel" v="yes"/>
  </way>
  <way id="513706065">
    <nd ref="5020832155"/>
    <nd ref="5020832154"/>
    <tag k="highway" v="steps"/>
    <tag k="indoor" v="yes"/>
    <tag k="layer" v="-1"/>
    <tag k="level" v="-2;-1"/>
    <tag k="location" v="underground"/>
    <tag k="tunnel" v="yes"/>
  </way>
  <way id="513706066">
    <nd ref="5020832158"/>
    <nd ref="5020832157"/>
    <nd ref="5020832156"/>
    <tag k="highway" v="steps"/>
    <tag k="indoor" v="yes"/>
    <tag k="layer" v="-1"/>
    <tag k="level" v="-1;0"/>
    <tag k="location" v="underground"/>
    <tag k="tunnel" v="yes"/>
  </way>
  <way id="513706067">
    <nd ref="5020832160"/>
    <nd ref="5020832164"/>
    <nd ref="5020832163"/>
    <nd ref="5020832162"/>
    <nd ref="5020832161"/>
    <tag k="highway" v="steps"/>
    <tag k="indoor" v="yes"/>
    <tag k="layer" v="-1"/>
    <tag k="level" v="-1;0"/>
    <tag k="location" v="underground"/>
    <tag k="tunnel" v="yes"/>
  </way>
  <way id="513706068">
    <nd ref="5020832166"/>
    <nd ref="5022414761"/>
    <tag k="highway" v="steps"/>
    <tag k="indoor" v="yes"/>
    <tag k="layer" v="-1"/>
    <tag k="level" v="-2;-1"/>
    <tag k="location" v="underground"/>
    <tag k="tunnel" v="yes"/>
  </way>
  <way id="513706069">
    <nd ref="5020832168"/>
    <nd ref="5020832167"/>
    <tag k="highway" v="steps"/>
    <tag k="indoor" v="yes"/>
    <tag k="layer" v="-1"/>
    <tag k="level" v="-2;-1"/>
    <tag k="location" v="underground"/>
    <tag k="tunnel" v="yes"/>
  </way>
  <way id="513706070">
    <nd ref="5020832170"/>
    <nd ref="5020832169"/>
    <tag k="highway" v="steps"/>
    <tag k="indoor" v="yes"/>
    <tag k="layer" v="-1"/>
    <tag k="level" v="-2;-1"/>
    <tag k="location" v="underground"/>
    <tag k="tunnel" v="yes"/>
  </way>
  <way id="513706071">
    <nd ref="5020832172"/>
    <nd ref="5022414762"/>
    <tag k="highway" v="steps"/>
    <tag k="indoor" v="yes"/>
    <tag k="layer" v="-1"/>
    <tag k="level" v="-2;-1"/>
    <tag k="location" v="underground"/>
    <tag k="tunnel" v="yes"/>
  </way>
  <way id="513706072">
    <nd ref="5020832174"/>
    <nd ref="5020832173"/>
    <tag k="highway" v="steps"/>
    <tag k="indoor" v="yes"/>
    <tag k="layer" v="-1"/>
    <tag k="level" v="-2;-1"/>
    <tag k="location" v="underground"/>
    <tag k="tunnel" v="yes"/>
  </way>
  <way id="513706073">
    <nd ref="5020832178"/>
    <nd ref="5020832177"/>
    <tag k="highway" v="steps"/>
    <tag k="indoor" v="yes"/>
    <tag k="layer" v="-1"/>
    <tag k="level" v="-1;0"/>
    <tag k="location" v="underground"/>
    <tag k="surface" v="concrete"/>
    <tag k="tunnel" v="yes"/>
  </way>
  <way id="513706074">
    <nd ref="5020832180"/>
    <nd ref="5022414763"/>
    <tag k="highway" v="steps"/>
    <tag k="indoor" v="yes"/>
    <tag k="layer" v="-1"/>
    <tag k="level" v="-2;-1"/>
    <tag k="location" v="underground"/>
    <tag k="tunnel" v="yes"/>
  </way>
  <way id="513706075">
    <nd ref="5020832182"/>
    <nd ref="5020832181"/>
    <tag k="highway" v="steps"/>
    <tag k="indoor" v="yes"/>
    <tag k="layer" v="-1"/>
    <tag k="level" v="-2;-1"/>
    <tag k="location" v="underground"/>
    <tag k="tunnel" v="yes"/>
  </way>
  <way id="513706076">
    <nd ref="5020832184"/>
    <nd ref="5020832183"/>
    <tag k="highway" v="steps"/>
    <tag k="indoor" v="yes"/>
    <tag k="layer" v="-1"/>
    <tag k="level" v="-2;-1"/>
    <tag k="location" v="underground"/>
    <tag k="tunnel" v="yes"/>
  </way>
  <way id="513706077">
    <nd ref="5020832186"/>
    <nd ref="5020832185"/>
    <tag k="highway" v="steps"/>
    <tag k="indoor" v="yes"/>
    <tag k="layer" v="-1"/>
    <tag k="level" v="-2;-1"/>
    <tag k="location" v="underground"/>
    <tag k="tunnel" v="yes"/>
  </way>
  <way id="513706078">
    <nd ref="5020832190"/>
    <nd ref="5020832187"/>
    <tag k="highway" v="steps"/>
    <tag k="indoor" v="yes"/>
    <tag k="layer" v="-1"/>
    <tag k="level" v="-1;0"/>
    <tag k="location" v="underground"/>
    <tag k="tunnel" v="yes"/>
  </way>
  <way id="513706079">
    <nd ref="5020832193"/>
    <nd ref="5020832191"/>
    <tag k="highway" v="steps"/>
    <tag k="incline" v="down"/>
    <tag k="indoor" v="yes"/>
    <tag k="layer" v="-1"/>
    <tag k="level" v="-1;0"/>
    <tag k="location" v="underground"/>
    <tag k="tunnel" v="yes"/>
  </way>
  <way id="513706080">
    <nd ref="5020832198"/>
    <nd ref="5020832227"/>
    <nd ref="5020832197"/>
    <nd ref="5020832196"/>
    <nd ref="5020832198"/>
    <tag k="highway" v="elevator"/>
    <tag k="level" v="-3;0"/>
  </way>
  <way id="513706081">
    <nd ref="5020832195"/>
    <nd ref="5020832202"/>
    <nd ref="5020832201"/>
    <tag k="highway" v="steps"/>
    <tag k="indoor" v="yes"/>
    <tag k="layer" v="-1"/>
    <tag k="level" v="-1;0"/>
    <tag k="location" v="underground"/>
    <tag k="tunnel" v="yes"/>
  </way>
  <way id="513706120">
    <nd ref="3447488959"/>
    <nd ref="5020832649"/>
    <nd ref="5020832648"/>
    <tag k="highway" v="steps"/>
    <tag k="indoor" v="yes"/>
    <tag k="layer" v="-1"/>
    <tag k="level" v="-1;0"/>
    <tag k="location" v="underground"/>
    <tag k="tunnel" v="yes"/>
  </way>
  <way id="513706121">
    <nd ref="4770624009"/>
    <nd ref="5020832657"/>
    <nd ref="5020832656"/>
    <tag k="highway" v="steps"/>
    <tag k="indoor" v="yes"/>
    <tag k="layer" v="-1"/>
    <tag k="level" v="-1;0"/>
    <tag k="location" v="underground"/>
    <tag k="tunnel" v="yes"/>
  </way>
  <way id="525729008">
    <nd ref="42437363"/>
    <nd ref="6597464529"/>
    <nd ref="4770624001"/>
    <nd ref="4770624002"/>
    <nd ref="10691086260"/>
    <nd ref="5651033419"/>
    <nd ref="10691086259"/>
    <nd ref="6167628293"/>
    <nd ref="9235539540"/>
    <nd ref="42435663"/>
    <tag k="access" v="yes"/>
    <tag k="cycleway:both" v="no"/>
    <tag k="foot" v="designated"/>
    <tag k="hgv" v="local"/>
    <tag k="highway" v="primary"/>
    <tag k="lanes" v="4"/>
    <tag k="lanes:backward" v="2"/>
    <tag k="lanes:forward" v="2"/>
    <tag k="lit" v="yes"/>
    <tag k="maxspeed" v="25 mph"/>
    <tag k="name" v="West 42nd Street"/>
    <tag k="name:ru" v="Западная 42-я стрит"/>
    <tag k="oneway" v="no"/>
    <tag k="sidewalk:both" v="separate"/>
    <tag k="smoothness" v="good"/>
    <tag k="surface" v="asphalt"/>
    <tag k="wikidata" v="Q110061"/>
    <tag k="wikipedia" v="en:42nd Street (Manhattan)"/>
  </way>
  <way id="542258337">
    <nd ref="42430356"/>
    <nd ref="3971196623"/>
    <nd ref="4782506031"/>
    <nd ref="3971196624"/>
    <nd ref="1745991212"/>
    <nd ref="9665064838"/>
    <tag k="cycleway:right" v="no"/>
    <tag k="hgv" v="destination"/>
    <tag k="highway" v="secondary"/>
    <tag k="lanes" v="2"/>
    <tag k="lit" v="yes"/>
    <tag k="name" v="West 49th Street"/>
    <tag k="name:ru" v="Западная 49-я стрит"/>
    <tag k="oneway" v="yes"/>
    <tag k="sidewalk:both" v="separate"/>
    <tag k="surface" v="asphalt"/>
  </way>
  <way id="569345538">
    <nd ref="42430361"/>
    <nd ref="11299050770"/>
    <nd ref="3971196631"/>
    <nd ref="8318633108"/>
    <nd ref="3932923796"/>
    <nd ref="1828749428"/>
    <nd ref="5475605302"/>
    <tag k="bicycle" v="yes"/>
    <tag k="cycleway:left" v="no"/>
    <tag k="cycleway:right" v="lane"/>
    <tag k="cycleway:right:lane" v="advisory"/>
    <tag k="highway" v="residential"/>
    <tag k="lanes" v="1"/>
    <tag k="lit" v="yes"/>
    <tag k="name" v="West 51st Street"/>
    <tag k="name:ru" v="Западная 51-я стрит"/>
    <tag k="oneway" v="yes"/>
    <tag k="parking:both" v="yes"/>
    <tag k="parking:both:orientation" v="parallel"/>
    <tag k="sidewalk:both" v="separate"/>
    <tag k="sidewalk:left:surface" v="concrete:plates"/>
    <tag k="sidewalk:right:surface" v="paving_stones"/>
    <tag k="surface" v="asphalt"/>
    <tag k="wikidata" v="Q4640127"/>
    <tag k="wikipedia" v="en:51st Street (Manhattan)"/>
  </way>
  <way id="569345539">
    <nd ref="5475605302"/>
    <nd ref="10173292889"/>
    <nd ref="42440004"/>
    <tag k="bicycle" v="yes"/>
    <tag k="cycleway:left" v="no"/>
    <tag k="cycleway:right" v="lane"/>
    <tag k="cycleway:right:lane" v="advisory"/>
    <tag k="highway" v="residential"/>
    <tag k="lanes" v="2"/>
    <tag k="lit" v="yes"/>
    <tag k="name" v="West 51st Street"/>
    <tag k="name:ru" v="Западная 51-я стрит"/>
    <tag k="oneway" v="yes"/>
    <tag k="parking:right" v="yes"/>
    <tag k="parking:right:orientation" v="parallel"/>
    <tag k="sidewalk" v="both"/>
    <tag k="surface" v="asphalt"/>
    <tag k="wikidata" v="Q4640127"/>
    <tag k="wikipedia" v="en:51st Street (Manhattan)"/>
  </way>
  <way id="569345540">
    <nd ref="42440001"/>
    <nd ref="3977886256"/>
    <nd ref="4782363334"/>
    <nd ref="2435108438"/>
    <nd ref="42432585"/>
    <nd ref="2435108458"/>
    <nd ref="10172901886"/>
    <nd ref="42439996"/>
    <tag k="cycleway:left" v="track"/>
    <tag k="hgv" v="destination"/>
    <tag k="highway" v="secondary"/>
    <tag k="lanes" v="3"/>
    <tag k="lit" v="yes"/>
    <tag k="maxspeed" v="25 mph"/>
    <tag k="name" v="7th Avenue"/>
    <tag k="name:ru" v="7-я Авеню"/>
    <tag k="name_1" v="7 Avenue"/>
    <tag k="oneway" v="yes"/>
    <tag k="parking:lane:both" v="parallel"/>
    <tag k="surface" v="asphalt"/>
    <tag k="wikidata" v="Q109926"/>
    <tag k="wikipedia" v="en:Seventh Avenue (Manhattan)"/>
  </way>
  <way id="569345541">
    <nd ref="9732912239"/>
    <nd ref="3977886864"/>
    <nd ref="42428310"/>
    <tag k="bicycle" v="yes"/>
    <tag k="cycleway:left" v="no"/>
    <tag k="cycleway:right" v="lane"/>
    <tag k="cycleway:right:lane" v="advisory"/>
    <tag k="highway" v="residential"/>
    <tag k="lanes" v="2"/>
    <tag k="lit" v="yes"/>
    <tag k="name" v="West 51st Street"/>
    <tag k="name:ru" v="Западная 51-я стрит"/>
    <tag k="oneway" v="yes"/>
    <tag k="parking:right" v="yes"/>
    <tag k="parking:right:orientation" v="parallel"/>
    <tag k="sidewalk:both" v="separate"/>
    <tag k="surface" v="asphalt"/>
    <tag k="turn:lanes" v="left|through"/>
    <tag k="wikidata" v="Q4640127"/>
    <tag k="wikipedia" v="en:51st Street (Manhattan)"/>
  </way>
  <way id="569345542">
    <nd ref="5475605303"/>
    <nd ref="4707407261"/>
    <nd ref="42428297"/>
    <tag k="cycleway:left" v="track"/>
    <tag k="cycleway:left:oneway" v="yes"/>
    <tag k="cycleway:right" v="no"/>
    <tag k="foot" v="designated"/>
    <tag k="hgv" v="destination"/>
    <tag k="highway" v="secondary"/>
    <tag k="lanes" v="5"/>
    <tag k="lit" v="yes"/>
    <tag k="maxspeed" v="25 mph"/>
    <tag k="name" v="7th Avenue"/>
    <tag k="name:ru" v="7-я Авеню"/>
    <tag k="name_1" v="7 Avenue"/>
    <tag k="oneway" v="yes"/>
    <tag k="sidewalk:both" v="separate"/>
    <tag k="surface" v="asphalt"/>
    <tag k="turn:lanes" v="through|through|through|through|right"/>
    <tag k="wikidata" v="Q109926"/>
    <tag k="wikipedia" v="en:Seventh Avenue (Manhattan)"/>
  </way>
  <way id="569345543">
    <nd ref="42439981"/>
    <nd ref="3974095824"/>
    <nd ref="8669764313"/>
    <tag k="bicycle" v="yes"/>
    <tag k="cycleway:left" v="shared_lane"/>
    <tag k="cycleway:left:lane" v="pictogram"/>
    <tag k="cycleway:left:oneway" v="yes"/>
    <tag k="cycleway:right" v="no"/>
    <tag k="highway" v="residential"/>
    <tag k="lanes" v="2"/>
    <tag k="name" v="West 43rd Street"/>
    <tag k="name:ru" v="Западная 43-я стрит"/>
    <tag k="oneway" v="yes"/>
    <tag k="sidewalk:both" v="separate"/>
    <tag k="surface" v="asphalt"/>
  </way>
  <way id="569345544">
    <nd ref="42439981"/>
    <nd ref="3974095823"/>
    <nd ref="3974095821"/>
    <nd ref="42437363"/>
    <tag k="cycleway:left" v="track"/>
    <tag k="cycleway:left:oneway" v="yes"/>
    <tag k="foot" v="designated"/>
    <tag k="hgv" v="destination"/>
    <tag k="highway" v="secondary"/>
    <tag k="lanes" v="4"/>
    <tag k="lit" v="yes"/>
    <tag k="maxspeed" v="25 mph"/>
    <tag k="name" v="7th Avenue"/>
    <tag k="name:ru" v="7-я Авеню"/>
    <tag k="name_1" v="7 Avenue"/>
    <tag k="oneway" v="yes"/>
    <tag k="sidewalk:both" v="separate"/>
    <tag k="surface" v="asphalt"/>
    <tag k="wikidata" v="Q109926"/>
    <tag k="wikipedia" v="en:Seventh Avenue (Manhattan)"/>
  </way>
  <way id="570155060">
    <nd ref="5481886056"/>
    <nd ref="5481886054"/>
    <tag k="highway" v="service"/>
    <tag k="lit" v="yes"/>
    <tag k="surface" v="asphalt"/>
  </way>
  <way id="570155061">
    <nd ref="5481886057"/>
    <nd ref="10168088502"/>
    <nd ref="5481886056"/>
    <nd ref="5481886055"/>
    <tag k="highway" v="service"/>
    <tag k="lit" v="yes"/>
    <tag k="surface" v="asphalt"/>
  </way>
  <way id="570155210">
    <nd ref="5481887476"/>
    <nd ref="10173121969"/>
    <nd ref="6007429050"/>
    <nd ref="5481887475"/>
    <tag k="highway" v="service"/>
    <tag k="service" v="parking_aisle"/>
    <tag k="surface" v="asphalt"/>
  </way>
  <way id="575505274">
    <nd ref="5522182776"/>
    <nd ref="6598535207"/>
    <nd ref="5522182779"/>
    <tag k="highway" v="service"/>
    <tag k="lit" v="yes"/>
    <tag k="oneway" v="yes"/>
    <tag k="service" v="driveway"/>
  </way>
  <way id="575505275">
    <nd ref="5522182778"/>
    <nd ref="9354852637"/>
    <nd ref="5522182777"/>
    <tag k="highway" v="service"/>
    <tag k="oneway" v="yes"/>
    <tag k="service" v="driveway"/>
    <tag k="surface" v="asphalt"/>
  </way>
  <way id="575505276">
    <nd ref="5522182779"/>
    <nd ref="5522182778"/>
    <tag k="highway" v="service"/>
    <tag k="layer" v="-1"/>
    <tag k="lit" v="yes"/>
    <tag k="maxheight" v="below_default"/>
    <tag k="maxheight:signed" v="no"/>
    <tag k="oneway" v="yes"/>
    <tag k="service" v="driveway"/>
    <tag k="tunnel" v="yes"/>
  </way>
  <way id="588157337">
    <nd ref="42440004"/>
    <nd ref="3977886861"/>
    <nd ref="3977886860"/>
    <nd ref="42440001"/>
    <tag k="cycleway:left" v="track"/>
    <tag k="hgv" v="destination"/>
    <tag k="highway" v="secondary"/>
    <tag k="lanes" v="3"/>
    <tag k="lit" v="yes"/>
    <tag k="maxspeed" v="25 mph"/>
    <tag k="name" v="7th Avenue"/>
    <tag k="name:ru" v="7-я Авеню"/>
    <tag k="name_1" v="7 Avenue"/>
    <tag k="oneway" v="yes"/>
    <tag k="parking:lane:both" v="parallel"/>
    <tag k="sidewalk" v="both"/>
    <tag k="surface" v="asphalt"/>
    <tag k="wikidata" v="Q109926"/>
    <tag k="wikipedia" v="en:Seventh Avenue (Manhattan)"/>
  </way>
  <way id="626514137">
    <nd ref="42428305"/>
    <nd ref="2435108459"/>
    <nd ref="10228962523"/>
    <nd ref="42428303"/>
    <tag k="cycleway:left" v="lane"/>
    <tag k="cycleway:left:oneway" v="yes"/>
    <tag k="highway" v="living_street"/>
    <tag k="lanes" v="1"/>
    <tag k="lit" v="yes"/>
    <tag k="maxspeed" v="10 mph"/>
    <tag k="maxspeed:advisory" v="5 mph"/>
    <tag k="motor_vehicle:conditional" v="destination @ (08:00-20:00)"/>
    <tag k="name" v="Broadway"/>
    <tag k="name:en" v="Broadway"/>
    <tag k="name:ja" v="ブロードウェイ"/>
    <tag k="name:ru" v="Бродвей"/>
    <tag k="name:zh" v="百老匯"/>
    <tag k="name:zh-Hans" v="百老汇"/>
    <tag k="name:zh-Hant" v="百老匯"/>
    <tag k="oneway" v="yes"/>
    <tag k="parking:both" v="no"/>
    <tag k="parking:left:restriction" v="no_stopping"/>
    <tag k="parking:right:restriction" v="no_standing"/>
    <tag k="sidewalk:both" v="separate"/>
    <tag k="surface" v="asphalt"/>
    <tag k="turn:lanes" v="none|right"/>
    <tag k="wikidata" v="Q11260"/>
    <tag k="wikipedia" v="en:Broadway (Manhattan)"/>
  </way>
  <way id="682360554">
    <nd ref="42428297"/>
    <nd ref="6597464486"/>
    <nd ref="3974095829"/>
    <nd ref="42439984"/>
    <tag k="cycleway:left" v="track"/>
    <tag k="cycleway:left:oneway" v="yes"/>
    <tag k="foot" v="designated"/>
    <tag k="hgv" v="destination"/>
    <tag k="highway" v="secondary"/>
    <tag k="lanes" v="4"/>
    <tag k="lit" v="yes"/>
    <tag k="maxspeed" v="25 mph"/>
    <tag k="name" v="7th Avenue"/>
    <tag k="name:ru" v="7-я Авеню"/>
    <tag k="name_1" v="7 Avenue"/>
    <tag k="oneway" v="yes"/>
    <tag k="sidewalk:both" v="separate"/>
    <tag k="surface" v="asphalt"/>
    <tag k="turn:lanes" v="through|through|through|through"/>
    <tag k="wikidata" v="Q109926"/>
    <tag k="wikipedia" v="en:Seventh Avenue (Manhattan)"/>
  </way>
  <way id="702465447">
    <nd ref="4707407257"/>
    <nd ref="4707407261"/>
    <nd ref="10224032640"/>
    <tag k="access" v="yes"/>
    <tag k="bicycle" v="dismount"/>
    <tag k="crossing" v="traffic_signals"/>
    <tag k="crossing:markings" v="zebra"/>
    <tag k="cycleway" v="no"/>
    <tag k="footway" v="crossing"/>
    <tag k="highway" v="footway"/>
    <tag k="motor_vehicle" v="no"/>
    <tag k="note" v="closed to motor vehicles May 24, 2009"/>
    <tag k="oneway" v="no"/>
    <tag k="surface" v="paved"/>
    <tag k="tiger:cfcc" v="A41"/>
    <tag k="tiger:county" v="New York, NY"/>
    <tag k="tiger:name_base" v="Broadway"/>
    <tag k="tiger:zip_left" v="10019"/>
    <tag k="tiger:zip_right" v="10019"/>
  </way>
  <way id="702543819">
    <nd ref="10224024798"/>
    <nd ref="6598535230"/>
    <nd ref="6597464455"/>
    <tag k="crossing" v="traffic_signals"/>
    <tag k="footway" v="crossing"/>
    <tag k="highway" v="footway"/>
  </way>
  <way id="702543820">
    <nd ref="9235539564"/>
    <nd ref="10224024746"/>
    <nd ref="10224024739"/>
    <nd ref="6597498385"/>
    <nd ref="6597473583"/>
    <tag k="footway" v="sidewalk"/>
    <tag k="highway" v="footway"/>
    <tag k="lit" v="yes"/>
    <tag k="surface" v="paving_stones"/>
  </way>
  <way id="702543822">
    <nd ref="10224024764"/>
    <nd ref="3974095825"/>
    <nd ref="9235539564"/>
    <tag k="crossing" v="traffic_signals"/>
    <tag k="crossing:markings" v="zebra"/>
    <tag k="footway" v="crossing"/>
    <tag k="highway" v="footway"/>
  </way>
  <way id="702543823">
    <nd ref="9235539562"/>
    <nd ref="8396878499"/>
    <nd ref="6597498394"/>
    <nd ref="6597498393"/>
    <nd ref="6597498392"/>
    <nd ref="6597498391"/>
    <nd ref="8396878496"/>
    <nd ref="13915675577"/>
    <nd ref="9235539559"/>
    <tag k="footway" v="sidewalk"/>
    <tag k="highway" v="footway"/>
    <tag k="lit" v="yes"/>
    <tag k="smoothness" v="good"/>
    <tag k="surface" v="concrete"/>
  </way>
  <way id="702543824">
    <nd ref="10224024790"/>
    <nd ref="3974095826"/>
    <nd ref="6597498397"/>
    <tag k="crossing" v="traffic_signals"/>
    <tag k="crossing:markings" v="zebra"/>
    <tag k="footway" v="crossing"/>
    <tag k="highway" v="footway"/>
    <tag k="tactile_paving" v="yes"/>
  </way>
  <way id="702543825">
    <nd ref="6597498413"/>
    <nd ref="6597498398"/>
    <nd ref="6597498408"/>
    <tag k="crossing" v="traffic_signals"/>
    <tag k="crossing:markings" v="zebra"/>
    <tag k="crossing:signals" v="yes"/>
    <tag k="footway" v="crossing"/>
    <tag k="highway" v="footway"/>
    <tag k="surface" v="asphalt"/>
  </way>
  <way id="702543826">
    <nd ref="10224024768"/>
    <nd ref="3974095824"/>
    <nd ref="10224024765"/>
    <tag k="crossing" v="traffic_signals"/>
    <tag k="crossing:markings" v="zebra"/>
    <tag k="footway" v="crossing"/>
    <tag k="highway" v="footway"/>
    <tag k="surface" v="asphalt"/>
  </way>
  <way id="702543827">
    <nd ref="7581386278"/>
    <nd ref="6597498399"/>
    <nd ref="10168088470"/>
    <nd ref="6597498408"/>
    <nd ref="8669764315"/>
    <nd ref="10224024766"/>
    <tag k="footway" v="sidewalk"/>
    <tag k="highway" v="footway"/>
    <tag k="surface" v="concrete"/>
  </way>
  <way id="702543828">
    <nd ref="10222417540"/>
    <nd ref="3974095823"/>
    <nd ref="10222417539"/>
    <tag k="crossing" v="traffic_signals"/>
    <tag k="crossing:markings" v="zebra"/>
    <tag k="footway" v="crossing"/>
    <tag k="highway" v="footway"/>
  </way>
  <way id="702543829">
    <nd ref="6597464526"/>
    <nd ref="3974095821"/>
    <nd ref="10222376012"/>
    <tag k="crossing" v="traffic_signals"/>
    <tag k="crossing:markings" v="zebra"/>
    <tag k="footway" v="crossing"/>
    <tag k="highway" v="footway"/>
    <tag k="surface" v="asphalt"/>
  </way>
  <way id="702543830">
    <nd ref="9235539544"/>
    <nd ref="6597498417"/>
    <nd ref="6597498416"/>
    <nd ref="6597498415"/>
    <nd ref="6597498414"/>
    <nd ref="6597498413"/>
    <nd ref="10224024778"/>
    <tag k="footway" v="sidewalk"/>
    <tag k="highway" v="footway"/>
    <tag k="lit" v="yes"/>
    <tag k="surface" v="concrete"/>
  </way>
  <way id="702647987">
    <nd ref="10228962339"/>
    <nd ref="6598535157"/>
    <nd ref="9354852633"/>
    <tag k="crossing" v="traffic_signals"/>
    <tag k="crossing:markings" v="zebra"/>
    <tag k="footway" v="crossing"/>
    <tag k="highway" v="footway"/>
  </way>
  <way id="702647988">
    <nd ref="6597464478"/>
    <nd ref="6598535159"/>
    <nd ref="10228962373"/>
    <tag k="crossing" v="traffic_signals"/>
    <tag k="crossing:markings" v="zebra"/>
    <tag k="footway" v="crossing"/>
    <tag k="highway" v="footway"/>
    <tag k="lit" v="yes"/>
    <tag k="surface" v="asphalt"/>
  </way>
  <way id="702647989">
    <nd ref="6597464391"/>
    <nd ref="2435108452"/>
    <nd ref="6596799514"/>
    <tag k="crossing" v="traffic_signals"/>
    <tag k="footway" v="crossing"/>
    <tag k="highway" v="footway"/>
    <tag k="lit" v="yes"/>
    <tag k="surface" v="asphalt"/>
  </way>
  <way id="702647990">
    <nd ref="6598535192"/>
    <nd ref="3944708058"/>
    <nd ref="6598535167"/>
    <tag k="crossing" v="traffic_signals"/>
    <tag k="crossing:markings" v="zebra"/>
    <tag k="crossing:signals" v="yes"/>
    <tag k="footway" v="crossing"/>
    <tag k="highway" v="footway"/>
    <tag k="smoothness" v="good"/>
    <tag k="surface" v="asphalt"/>
  </way>
  <way id="702647991">
    <nd ref="6598535161"/>
    <nd ref="6598535160"/>
    <tag k="highway" v="footway"/>
    <tag k="lit" v="yes"/>
    <tag k="surface" v="concrete"/>
  </way>
  <way id="702647992">
    <nd ref="6598535160"/>
    <nd ref="6598535167"/>
    <nd ref="6598535166"/>
    <nd ref="7579205552"/>
    <nd ref="6598535161"/>
    <nd ref="13915675569"/>
    <nd ref="13915675565"/>
    <nd ref="6598535165"/>
    <nd ref="10228962341"/>
    <tag k="footway" v="sidewalk"/>
    <tag k="highway" v="footway"/>
    <tag k="lit" v="yes"/>
    <tag k="surface" v="concrete"/>
  </way>
  <way id="702647993">
    <nd ref="10228962346"/>
    <nd ref="10228962353"/>
    <nd ref="6597464471"/>
    <tag k="crossing" v="traffic_signals"/>
    <tag k="footway" v="crossing"/>
    <tag k="highway" v="footway"/>
    <tag k="lit" v="yes"/>
    <tag k="surface" v="asphalt"/>
  </way>
  <way id="702647994">
    <nd ref="6598535174"/>
    <nd ref="6598535173"/>
    <tag k="highway" v="footway"/>
    <tag k="lit" v="yes"/>
    <tag k="surface" v="paving_stones"/>
  </way>
  <way id="702647995">
    <nd ref="10228962351"/>
    <nd ref="10228962352"/>
    <nd ref="10228962350"/>
    <tag k="crossing" v="traffic_signals"/>
    <tag k="footway" v="crossing"/>
    <tag k="highway" v="footway"/>
    <tag k="lit" v="yes"/>
  </way>
  <way id="702647996">
    <nd ref="12319626488"/>
    <nd ref="6598535175"/>
    <nd ref="12319626491"/>
    <tag k="crossing" v="traffic_signals"/>
    <tag k="footway" v="crossing"/>
    <tag k="highway" v="footway"/>
    <tag k="lit" v="yes"/>
    <tag k="surface" v="asphalt"/>
  </way>
  <way id="702647997">
    <nd ref="8250885533"/>
    <nd ref="6598535178"/>
    <nd ref="6598535177"/>
    <nd ref="12319626491"/>
    <tag k="footway" v="sidewalk"/>
    <tag k="highway" v="footway"/>
    <tag k="lit" v="yes"/>
    <tag k="surface" v="concrete"/>
  </way>
  <way id="702647998">
    <nd ref="9354852635"/>
    <nd ref="6598535187"/>
    <nd ref="6632233656"/>
    <nd ref="6598535171"/>
    <nd ref="10228962375"/>
    <tag k="footway" v="sidewalk"/>
    <tag k="highway" v="footway"/>
    <tag k="lit" v="yes"/>
  </way>
  <way id="702647999">
    <nd ref="10224032641"/>
    <nd ref="13915675574"/>
    <nd ref="6598535196"/>
    <nd ref="6598535195"/>
    <nd ref="6598535194"/>
    <nd ref="10166333056"/>
    <nd ref="6598535193"/>
    <nd ref="6598535192"/>
    <nd ref="8318633106"/>
    <nd ref="8250912518"/>
    <tag k="footway" v="sidewalk"/>
    <tag k="highway" v="footway"/>
    <tag k="lit" v="yes"/>
    <tag k="smoothness" v="good"/>
    <tag k="surface" v="concrete"/>
  </way>
  <way id="702648000">
    <nd ref="10224032622"/>
    <nd ref="3974095832"/>
    <nd ref="9004888709"/>
    <tag k="crossing" v="traffic_signals"/>
    <tag k="footway" v="crossing"/>
    <tag k="highway" v="footway"/>
    <tag k="surface" v="paving_stones"/>
  </way>
  <way id="702648001">
    <nd ref="9354852636"/>
    <nd ref="6598535214"/>
    <nd ref="6598535203"/>
    <nd ref="10228962377"/>
    <nd ref="4707407257"/>
    <tag k="access" v="yes"/>
    <tag k="bicycle" v="dismount"/>
    <tag k="cycleway" v="no"/>
    <tag k="footway" v="sidewalk"/>
    <tag k="highway" v="footway"/>
    <tag k="motor_vehicle" v="no"/>
    <tag k="note" v="closed to motor vehicles May 24, 2009"/>
    <tag k="oneway" v="no"/>
    <tag k="surface" v="paving_stones"/>
    <tag k="tiger:cfcc" v="A41"/>
    <tag k="tiger:county" v="New York, NY"/>
    <tag k="tiger:name_base" v="Broadway"/>
    <tag k="tiger:zip_left" v="10019"/>
    <tag k="tiger:zip_right" v="10019"/>
  </way>
  <way id="702648002">
    <nd ref="6598535220"/>
    <nd ref="6598535204"/>
    <nd ref="6598535212"/>
    <tag k="crossing" v="traffic_signals"/>
    <tag k="crossing:markings" v="zebra"/>
    <tag k="crossing:signals" v="yes"/>
    <tag k="footway" v="crossing"/>
    <tag k="highway" v="footway"/>
    <tag k="surface" v="asphalt"/>
  </way>
  <way id="702648003">
    <nd ref="6598535206"/>
    <nd ref="4550600353"/>
    <tag k="covered" v="yes"/>
    <tag k="highway" v="footway"/>
    <tag k="lit" v="yes"/>
    <tag k="surface" v="concrete"/>
  </way>
  <way id="702648004">
    <nd ref="9354852636"/>
    <nd ref="9354852637"/>
    <nd ref="6598535205"/>
    <nd ref="6598535213"/>
    <nd ref="6598535212"/>
    <nd ref="6598535211"/>
    <tag k="footway" v="sidewalk"/>
    <tag k="highway" v="footway"/>
    <tag k="surface" v="concrete"/>
  </way>
  <way id="702648005">
    <nd ref="4578017556"/>
    <nd ref="6597464486"/>
    <nd ref="10224032623"/>
    <tag k="crossing" v="traffic_signals"/>
    <tag k="crossing:markings" v="zebra"/>
    <tag k="footway" v="crossing"/>
    <tag k="highway" v="footway"/>
  </way>
  <way id="702648006">
    <nd ref="6597464497"/>
    <nd ref="3974095829"/>
    <nd ref="6596799555"/>
    <tag k="crossing" v="traffic_signals"/>
    <tag k="crossing:markings" v="zebra"/>
    <tag k="footway" v="crossing"/>
    <tag k="highway" v="footway"/>
  </way>
  <way id="702648007">
    <nd ref="10224024792"/>
    <nd ref="3974095828"/>
    <nd ref="10224024808"/>
    <tag k="crossing" v="traffic_signals"/>
    <tag k="footway" v="crossing"/>
    <tag k="highway" v="footway"/>
    <tag k="surface" v="paving_stones"/>
  </way>
  <way id="702648008">
    <nd ref="6598535223"/>
    <nd ref="6598535219"/>
    <nd ref="12246639279"/>
    <nd ref="10224024811"/>
    <tag k="footway" v="sidewalk"/>
    <tag k="highway" v="footway"/>
    <tag k="surface" v="concrete"/>
  </way>
  <way id="702648010">
    <nd ref="6597498391"/>
    <nd ref="3944708047"/>
    <nd ref="6598535226"/>
    <tag k="crossing" v="traffic_signals"/>
    <tag k="crossing:markings" v="zebra"/>
    <tag k="crossing:signals" v="yes"/>
    <tag k="footway" v="crossing"/>
    <tag k="highway" v="footway"/>
    <tag k="lit" v="yes"/>
    <tag k="smoothness" v="excellent"/>
    <tag k="surface" v="asphalt"/>
  </way>
  <way id="702648011">
    <nd ref="3974095830"/>
    <nd ref="6598535231"/>
    <tag k="highway" v="footway"/>
    <tag k="lit" v="yes"/>
  </way>
  <way id="702648012">
    <nd ref="6597473584"/>
    <nd ref="6597473583"/>
    <tag k="highway" v="footway"/>
    <tag k="lit" v="yes"/>
    <tag k="surface" v="paving_stones"/>
  </way>
  <way id="702648013">
    <nd ref="9235539558"/>
    <nd ref="13915675576"/>
    <nd ref="6598535226"/>
    <nd ref="6598535238"/>
    <nd ref="6598535236"/>
    <nd ref="8318633107"/>
    <tag k="footway" v="sidewalk"/>
    <tag k="highway" v="footway"/>
    <tag k="lit" v="yes"/>
    <tag k="surface" v="concrete"/>
  </way>
  <way id="717625447">
    <nd ref="42440009"/>
    <nd ref="10171379109"/>
    <nd ref="4784141042"/>
    <nd ref="13918896925"/>
    <nd ref="13918896916"/>
    <nd ref="3932923799"/>
    <nd ref="1828749426"/>
    <nd ref="3971196633"/>
    <nd ref="10172941224"/>
    <nd ref="42430363"/>
    <nd ref="3974095842"/>
    <nd ref="10693758908"/>
    <nd ref="1745856010"/>
    <nd ref="3976005755"/>
    <nd ref="6958055831"/>
    <tag k="cycleway:right" v="track"/>
    <tag k="highway" v="residential"/>
    <tag k="lanes" v="1"/>
    <tag k="lit" v="yes"/>
    <tag k="maxspeed" v="25 mph"/>
    <tag k="name" v="West 52nd Street"/>
    <tag k="name:ru" v="Западная 52-я стрит"/>
    <tag k="oneway" v="yes"/>
    <tag k="sidewalk:both" v="separate"/>
    <tag k="surface" v="asphalt"/>
    <tag k="wikidata" v="Q769100"/>
    <tag k="wikipedia" v="en:52nd Street (Manhattan)"/>
  </way>
  <way id="810630534">
    <nd ref="1288901368"/>
    <nd ref="7579205553"/>
    <nd ref="7579205552"/>
    <tag k="highway" v="footway"/>
  </way>
  <way id="810882968">
    <nd ref="7581386278"/>
    <nd ref="7581386277"/>
    <nd ref="5020832190"/>
    <tag k="highway" v="footway"/>
  </way>
  <way id="846142552">
    <nd ref="42445018"/>
    <nd ref="10168047568"/>
    <nd ref="5481886057"/>
    <nd ref="3573482145"/>
    <tag k="cycleway:both" v="no"/>
    <tag k="foot" v="use_sidepath"/>
    <tag k="hgv" v="destination"/>
    <tag k="highway" v="secondary"/>
    <tag k="lanes" v="1"/>
    <tag k="lit" v="yes"/>
    <tag k="maxspeed:conditional" v="5 mph @ (16:00-20:00)"/>
    <tag k="motor_vehicle:conditional" v="destination @ (Mo-Th 16:00-20:00; Fr 16:00-23:00; Sa-Su 12:00-23:00)"/>
    <tag k="name" v="West 46th Street"/>
    <tag k="name:ru" v="Западная 46-я стрит"/>
    <tag k="oneway" v="yes"/>
    <tag k="parking:both" v="lane"/>
    <tag k="parking:both:orientation" v="parallel"/>
    <tag k="parking:left:restriction" v="no_standing"/>
    <tag k="sidewalk:both" v="separate"/>
    <tag k="surface" v="asphalt"/>
  </way>
  <way id="846142553">
    <nd ref="42435675"/>
    <nd ref="6598535175"/>
    <nd ref="8250892565"/>
    <nd ref="2639531766"/>
    <nd ref="5481885793"/>
    <nd ref="5522182776"/>
    <nd ref="6597429952"/>
    <nd ref="10228962352"/>
    <nd ref="10228962353"/>
    <nd ref="42439990"/>
    <tag k="hgv" v="destination"/>
    <tag k="highway" v="secondary"/>
    <tag k="lanes" v="1"/>
    <tag k="lit" v="yes"/>
    <tag k="name" v="West 46th Street"/>
    <tag k="name:ru" v="Западная 46-я стрит"/>
    <tag k="oneway" v="yes"/>
    <tag k="sidewalk:both" v="separate"/>
    <tag k="surface" v="asphalt"/>
  </way>
  <way id="887433943">
    <nd ref="8250892563"/>
    <nd ref="10228962576"/>
    <nd ref="8250892564"/>
    <tag k="highway" v="service"/>
    <tag k="lit" v="yes"/>
    <tag k="service" v="driveway"/>
  </way>
  <way id="887433944">
    <nd ref="8250892565"/>
    <nd ref="8250885536"/>
    <nd ref="2639531794"/>
    <tag k="highway" v="service"/>
    <tag k="lit" v="yes"/>
  </way>
  <way id="887435959">
    <nd ref="8250908767"/>
    <nd ref="8250912518"/>
    <nd ref="8250908768"/>
    <tag k="highway" v="service"/>
    <tag k="service" v="driveway"/>
  </way>
  <way id="894927965">
    <nd ref="8318633102"/>
    <nd ref="8318633107"/>
    <nd ref="8318633103"/>
    <tag k="highway" v="service"/>
  </way>
  <way id="894927966">
    <nd ref="8318633104"/>
    <nd ref="8318633106"/>
    <nd ref="8318633105"/>
    <tag k="highway" v="service"/>
  </way>
  <way id="894927967">
    <nd ref="8318633108"/>
    <nd ref="11198923669"/>
    <nd ref="8318633109"/>
    <tag k="highway" v="service"/>
    <tag k="surface" v="paving_stones"/>
  </way>
  <way id="901372231">
    <nd ref="6598535195"/>
    <nd ref="8373393481"/>
    <nd ref="6598535236"/>
    <tag k="crossing" v="traffic_signals"/>
    <tag k="crossing:markings" v="zebra"/>
    <tag k="crossing:signals" v="yes"/>
    <tag k="footway" v="crossing"/>
    <tag k="highway" v="footway"/>
    <tag k="surface" v="asphalt"/>
  </way>
  <way id="901617511">
    <nd ref="6598535166"/>
    <nd ref="6597429984"/>
    <nd ref="8375496966"/>
    <nd ref="6597429974"/>
    <nd ref="8375496965"/>
    <tag k="crossing" v="traffic_signals"/>
    <tag k="crossing:markings" v="zebra"/>
    <tag k="crossing:signals" v="yes"/>
    <tag k="footway" v="crossing"/>
    <tag k="highway" v="footway"/>
    <tag k="lit" v="yes"/>
    <tag k="smoothness" v="good"/>
    <tag k="surface" v="asphalt"/>
  </way>
  <way id="904036752">
    <nd ref="5522182777"/>
    <nd ref="8396064851"/>
    <nd ref="8396064852"/>
    <tag k="highway" v="service"/>
    <tag k="service" v="driveway"/>
    <tag k="surface" v="asphalt"/>
  </way>
  <way id="904126541">
    <nd ref="8396878495"/>
    <nd ref="8396878496"/>
    <nd ref="8396878497"/>
    <tag k="highway" v="service"/>
  </way>
  <way id="904126542">
    <nd ref="8396878500"/>
    <nd ref="1752942903"/>
    <tag k="highway" v="service"/>
    <tag k="motor_vehicle" v="customers"/>
    <tag k="tunnel" v="building_passage"/>
  </way>
  <way id="932017945">
    <nd ref="8640296392"/>
    <nd ref="8640296393"/>
    <nd ref="8640296394"/>
    <nd ref="8640296395"/>
    <nd ref="8646554908"/>
    <tag k="footway" v="sidewalk"/>
    <tag k="highway" v="footway"/>
    <tag k="lit" v="yes"/>
    <tag k="oneway" v="no"/>
    <tag k="surface" v="concrete"/>
  </way>
  <way id="935563658">
    <nd ref="8669764313"/>
    <nd ref="8669764315"/>
    <nd ref="8669764314"/>
    <tag k="highway" v="service"/>
    <tag k="service" v="driveway"/>
  </way>
  <way id="939705684">
    <nd ref="8704367786"/>
    <nd ref="11296253749"/>
    <nd ref="8704367787"/>
    <tag k="highway" v="service"/>
  </way>
  <way id="939705685">
    <nd ref="8704367788"/>
    <nd ref="11296253742"/>
    <nd ref="8704367789"/>
    <tag k="highway" v="service"/>
  </way>
  <way id="972926362">
    <nd ref="10942563109"/>
    <nd ref="10942563108"/>
    <nd ref="42428305"/>
    <tag k="cycleway:left" v="lane"/>
    <tag k="cycleway:left:oneway" v="yes"/>
    <tag k="highway" v="living_street"/>
    <tag k="lanes" v="1"/>
    <tag k="lit" v="yes"/>
    <tag k="maxspeed" v="10 mph"/>
    <tag k="maxspeed:advisory" v="5 mph"/>
    <tag k="motor_vehicle:conditional" v="destination @ (08:00-20:00)"/>
    <tag k="name" v="Broadway"/>
    <tag k="name:en" v="Broadway"/>
    <tag k="name:ja" v="ブロードウェイ"/>
    <tag k="name:ru" v="Бродвей"/>
    <tag k="name:zh" v="百老匯"/>
    <tag k="name:zh-Hans" v="百老汇"/>
    <tag k="name:zh-Hant" v="百老匯"/>
    <tag k="oneway" v="yes"/>
    <tag k="parking:left" v="no"/>
    <tag k="parking:left:restriction" v="no_stopping"/>
    <tag k="parking:right" v="lane"/>
    <tag k="parking:right:orientation" v="parallel"/>
    <tag k="parking:right:restriction" v="no_standing"/>
    <tag k="sidewalk" v="both"/>
    <tag k="sidewalk:both:surface" v="asphalt"/>
    <tag k="surface" v="asphalt"/>
    <tag k="wikidata" v="Q11260"/>
    <tag k="wikipedia" v="en:Broadway (Manhattan)"/>
  </way>
  <way id="997143658">
    <nd ref="9004888713"/>
    <nd ref="12055677930"/>
    <nd ref="12055677931"/>
    <nd ref="12055677932"/>
    <nd ref="6597498396"/>
    <nd ref="6597498385"/>
    <tag k="access" v="yes"/>
    <tag k="bicycle" v="dismount"/>
    <tag k="cycleway" v="no"/>
    <tag k="highway" v="pedestrian"/>
    <tag k="lit" v="yes"/>
    <tag k="motor_vehicle" v="no"/>
    <tag k="name" v="Broadway"/>
    <tag k="name:en" v="Broadway"/>
    <tag k="name:ja" v="ブロードウェイ"/>
    <tag k="name:ru" v="Бродвей"/>
    <tag k="name:zh" v="百老匯"/>
    <tag k="name:zh-Hans" v="百老汇"/>
    <tag k="name:zh-Hant" v="百老匯"/>
    <tag k="note" v="closed to motor vehicles May 24, 2009"/>
    <tag k="oneway" v="no"/>
    <tag k="surface" v="paving_stones"/>
    <tag k="wikidata" v="Q11260"/>
    <tag k="wikipedia" v="en:Broadway (Manhattan)"/>
  </way>
  <way id="1000529765">
    <nd ref="9235539537"/>
    <nd ref="9235539542"/>
    <nd ref="9235539538"/>
    <tag k="crossing" v="traffic_signals"/>
    <tag k="crossing:island" v="no"/>
    <tag k="crossing:markings" v="zebra"/>
    <tag k="crossing:signals" v="yes"/>
    <tag k="footway" v="crossing"/>
    <tag k="highway" v="footway"/>
    <tag k="lit" v="yes"/>
    <tag k="surface" v="asphalt"/>
    <tag k="tactile_paving" v="yes"/>
  </way>
  <way id="1000529766">
    <nd ref="9235539544"/>
    <nd ref="5651033419"/>
    <nd ref="9235539545"/>
    <tag k="crossing" v="traffic_signals"/>
    <tag k="crossing:markings" v="zebra"/>
    <tag k="footway" v="crossing"/>
    <tag k="highway" v="footway"/>
    <tag k="lit" v="yes"/>
    <tag k="surface" v="asphalt"/>
  </way>
  <way id="1006530402">
    <nd ref="9286503617"/>
    <nd ref="11296253750"/>
    <nd ref="9286503620"/>
    <nd ref="9286503618"/>
    <nd ref="9286433216"/>
    <tag k="access" v="private"/>
    <tag k="highway" v="service"/>
    <tag k="service" v="driveway"/>
  </way>
  <way id="1006530403">
    <nd ref="9286503618"/>
    <nd ref="9286503619"/>
    <tag k="highway" v="service"/>
    <tag k="service" v="driveway"/>
  </way>
  <way id="1023136586">
    <nd ref="42440009"/>
    <nd ref="9140940652"/>
    <nd ref="3977886867"/>
    <nd ref="3977886862"/>
    <nd ref="42440004"/>
    <tag k="cycleway:left" v="track"/>
    <tag k="hgv" v="destination"/>
    <tag k="highway" v="secondary"/>
    <tag k="lanes" v="3"/>
    <tag k="maxspeed" v="25 mph"/>
    <tag k="name" v="7th Avenue"/>
    <tag k="name:ru" v="7-я Авеню"/>
    <tag k="name_1" v="7 Avenue"/>
    <tag k="oneway" v="yes"/>
    <tag k="sidewalk" v="both"/>
    <tag k="surface" v="asphalt"/>
    <tag k="wikidata" v="Q109926"/>
    <tag k="wikipedia" v="en:Seventh Avenue (Manhattan)"/>
  </way>
  <way id="1027181007">
    <nd ref="9469803476"/>
    <nd ref="10168088472"/>
    <nd ref="5849918504"/>
    <tag k="cycleway:left" v="track"/>
    <tag k="cycleway:left:oneway" v="yes"/>
    <tag k="hgv" v="local"/>
    <tag k="highway" v="secondary"/>
    <tag k="lanes" v="4"/>
    <tag k="lanes:bus" v="1"/>
    <tag k="lit" v="yes"/>
    <tag k="maxspeed" v="25 mph"/>
    <tag k="name" v="8th Avenue"/>
    <tag k="name:ru" v="8-я Авеню"/>
    <tag k="name_1" v="8 Avenue"/>
    <tag k="oneway" v="yes"/>
    <tag k="sidewalk:both" v="separate"/>
    <tag k="surface" v="asphalt"/>
    <tag k="turn:lanes" v="left|through|through|"/>
    <tag k="wikidata" v="Q109951"/>
    <tag k="wikipedia" v="en:Eighth Avenue (Manhattan)"/>
  </way>
  <way id="1027189507">
    <nd ref="42435677"/>
    <nd ref="10168088491"/>
    <nd ref="10168088500"/>
    <nd ref="42435680"/>
    <tag k="cycleway:left" v="track"/>
    <tag k="cycleway:left:oneway" v="yes"/>
    <tag k="hgv" v="local"/>
    <tag k="highway" v="secondary"/>
    <tag k="lanes" v="2"/>
    <tag k="lit" v="yes"/>
    <tag k="maxspeed" v="25 mph"/>
    <tag k="name" v="8th Avenue"/>
    <tag k="name:ru" v="8-я Авеню"/>
    <tag k="name_1" v="8 Avenue"/>
    <tag k="oneway" v="yes"/>
    <tag k="sidewalk:both" v="separate"/>
    <tag k="surface" v="asphalt"/>
    <tag k="turn:lanes" v="through|through|none"/>
    <tag k="wikidata" v="Q109951"/>
    <tag k="wikipedia" v="en:Eighth Avenue (Manhattan)"/>
  </way>
  <way id="1027189508">
    <nd ref="9469961217"/>
    <nd ref="10168088492"/>
    <nd ref="42435677"/>
    <tag k="cycleway:left" v="track"/>
    <tag k="cycleway:left:oneway" v="yes"/>
    <tag k="cycleway:right" v="no"/>
    <tag k="hgv" v="local"/>
    <tag k="highway" v="secondary"/>
    <tag k="lanes" v="4"/>
    <tag k="lit" v="yes"/>
    <tag k="maxspeed" v="25 mph"/>
    <tag k="name" v="8th Avenue"/>
    <tag k="name:ru" v="8-я Авеню"/>
    <tag k="name_1" v="8 Avenue"/>
    <tag k="oneway" v="yes"/>
    <tag k="sidewalk:both" v="separate"/>
    <tag k="surface" v="asphalt"/>
    <tag k="turn:lanes" v="left|||"/>
    <tag k="wikidata" v="Q109951"/>
    <tag k="wikipedia" v="en:Eighth Avenue (Manhattan)"/>
  </way>
  <way id="1035489410">
    <nd ref="9235539537"/>
    <nd ref="9538820158"/>
    <tag k="footway" v="sidewalk"/>
    <tag k="highway" v="footway"/>
    <tag k="lit" v="yes"/>
    <tag k="surface" v="concrete"/>
  </way>
  <way id="1035489415">
    <nd ref="9235539539"/>
    <nd ref="9538820169"/>
    <nd ref="11591809859"/>
    <nd ref="9535571850"/>
    <tag k="footway" v="sidewalk"/>
    <tag k="highway" v="footway"/>
    <tag k="lit" v="yes"/>
    <tag k="surface" v="concrete"/>
  </way>
  <way id="1049844343">
    <nd ref="4578017557"/>
    <nd ref="10222417558"/>
    <nd ref="12055677929"/>
    <nd ref="10222417542"/>
    <nd ref="4578017558"/>
    <tag k="bicycle" v="yes"/>
    <tag k="cycleway:both" v="no"/>
    <tag k="highway" v="residential"/>
    <tag k="lanes" v="3"/>
    <tag k="name" v="West 43rd Street"/>
    <tag k="name:ru" v="Западная 43-я стрит"/>
    <tag k="oneway" v="yes"/>
    <tag k="sidewalk:both" v="separate"/>
    <tag k="surface" v="paving_stones"/>
    <tag k="turn:lanes" v="left|through|through"/>
  </way>
  <way id="1049845754">
    <nd ref="8669764313"/>
    <nd ref="6597498398"/>
    <nd ref="5849918504"/>
    <tag k="bicycle" v="yes"/>
    <tag k="cycleway:left" v="shared_lane"/>
    <tag k="cycleway:left:lane" v="pictogram"/>
    <tag k="cycleway:left:oneway" v="yes"/>
    <tag k="cycleway:right" v="no"/>
    <tag k="highway" v="residential"/>
    <tag k="lanes" v="3"/>
    <tag k="name" v="West 43rd Street"/>
    <tag k="name:ru" v="Западная 43-я стрит"/>
    <tag k="oneway" v="yes"/>
    <tag k="sidewalk:both" v="separate"/>
    <tag k="surface" v="asphalt"/>
    <tag k="turn:lanes" v="none|through|right"/>
  </way>
  <way id="1049888072">
    <nd ref="42435680"/>
    <nd ref="10168088499"/>
    <nd ref="9648221827"/>
    <tag k="cycleway:left" v="track"/>
    <tag k="cycleway:left:oneway" v="yes"/>
    <tag k="hgv" v="local"/>
    <tag k="highway" v="secondary"/>
    <tag k="lanes" v="3"/>
    <tag k="lit" v="yes"/>
    <tag k="maxspeed" v="25 mph"/>
    <tag k="name" v="8th Avenue"/>
    <tag k="name:ru" v="8-я Авеню"/>
    <tag k="name_1" v="8 Avenue"/>
    <tag k="oneway" v="yes"/>
    <tag k="sidewalk:both" v="separate"/>
    <tag k="sidewalk:both:surface" v="concrete"/>
    <tag k="surface" v="asphalt"/>
    <tag k="wikidata" v="Q109951"/>
    <tag k="wikipedia" v="en:Eighth Avenue (Manhattan)"/>
  </way>
  <way id="1051744070">
    <nd ref="8318633104"/>
    <nd ref="3944708058"/>
    <nd ref="42430347"/>
    <tag k="hgv" v="destination"/>
    <tag k="highway" v="secondary"/>
    <tag k="lanes" v="2"/>
    <tag k="lit" v="yes"/>
    <tag k="name" v="West 46th Street"/>
    <tag k="name:ru" v="Западная 46-я стрит"/>
    <tag k="oneway" v="yes"/>
    <tag k="parking:lane:left" v="no"/>
    <tag k="parking:lane:right" v="parallel"/>
    <tag k="parking:lane:right:parallel" v="painted_area_only"/>
    <tag k="sidewalk:both" v="separate"/>
    <tag k="surface" v="asphalt"/>
    <tag k="turn:lanes" v="left|through"/>
  </way>
  <way id="1051745205">
    <nd ref="9665064838"/>
    <nd ref="4782363332"/>
    <nd ref="42432585"/>
    <tag k="cycleway:right" v="no"/>
    <tag k="hgv" v="destination"/>
    <tag k="highway" v="secondary"/>
    <tag k="lanes" v="3"/>
    <tag k="lit" v="yes"/>
    <tag k="name" v="West 49th Street"/>
    <tag k="name:ru" v="Западная 49-я стрит"/>
    <tag k="oneway" v="yes"/>
    <tag k="sidewalk:both" v="separate"/>
    <tag k="surface" v="asphalt"/>
    <tag k="turn:lanes" v="left|through|"/>
  </way>
  <way id="1059314985">
    <nd ref="42440004"/>
    <nd ref="10173292890"/>
    <nd ref="9732912239"/>
    <tag k="bicycle" v="yes"/>
    <tag k="cycleway:left" v="no"/>
    <tag k="cycleway:right" v="lane"/>
    <tag k="cycleway:right:lane" v="advisory"/>
    <tag k="highway" v="residential"/>
    <tag k="lanes" v="2"/>
    <tag k="lit" v="yes"/>
    <tag k="name" v="West 51st Street"/>
    <tag k="name:ru" v="Западная 51-я стрит"/>
    <tag k="oneway" v="yes"/>
    <tag k="parking:right" v="yes"/>
    <tag k="parking:right:orientation" v="parallel"/>
    <tag k="sidewalk:both" v="separate"/>
    <tag k="surface" v="asphalt"/>
    <tag k="wikidata" v="Q4640127"/>
    <tag k="wikipedia" v="en:51st Street (Manhattan)"/>
  </way>
  <way id="1061622296">
    <nd ref="9753722445"/>
    <nd ref="10164937729"/>
    <nd ref="42430344"/>
    <tag k="hgv" v="destination"/>
    <tag k="highway" v="secondary"/>
    <tag k="lanes" v="2"/>
    <tag k="lit" v="yes"/>
    <tag k="name" v="West 45th Street"/>
    <tag k="name:ru" v="Западная 45-я стрит"/>
    <tag k="name_1" v="West 45 Street"/>
    <tag k="note" v="thru street"/>
    <tag k="oneway" v="yes"/>
    <tag k="sidewalk:both" v="separate"/>
    <tag k="surface" v="asphalt"/>
    <tag k="turn:lanes" v="through|right"/>
  </way>
  <way id="1092933745">
    <nd ref="10009446326"/>
    <nd ref="10172941220"/>
    <nd ref="2653739433"/>
    <tag k="access" v="yes"/>
    <tag k="bicycle" v="no"/>
    <tag k="foot" v="yes"/>
    <tag k="highway" v="footway"/>
    <tag k="lit" v="yes"/>
    <tag k="motor_vehicle" v="no"/>
    <tag k="name" v="6½ Avenue"/>
    <tag k="oneway" v="no"/>
    <tag k="start_date" v="2012"/>
    <tag k="surface" v="asphalt"/>
    <tag k="width" v="4"/>
    <tag k="wikidata" v="Q133417"/>
    <tag k="wikipedia" v="en:6½ Avenue"/>
  </way>
  <way id="1110962554">
    <nd ref="10164937719"/>
    <nd ref="3955372638"/>
    <nd ref="10164937726"/>
    <tag k="footway" v="sidewalk"/>
    <tag k="highway" v="footway"/>
    <tag k="lit" v="yes"/>
    <tag k="surface" v="concrete"/>
  </way>
  <way id="1110962555">
    <nd ref="6598535236"/>
    <nd ref="10164937730"/>
    <nd ref="10164937727"/>
    <tag k="crossing" v="traffic_signals"/>
    <tag k="crossing:markings" v="zebra"/>
    <tag k="crossing:signals" v="yes"/>
    <tag k="footway" v="crossing"/>
    <tag k="highway" v="footway"/>
    <tag k="surface" v="asphalt"/>
  </way>
  <way id="1110962556">
    <nd ref="10164937727"/>
    <nd ref="10164937718"/>
    <tag k="footway" v="sidewalk"/>
    <tag k="highway" v="footway"/>
    <tag k="lit" v="yes"/>
    <tag k="surface" v="concrete"/>
  </way>
  <way id="1111046994">
    <nd ref="10166333049"/>
    <nd ref="10166333053"/>
    <nd ref="10166333055"/>
    <nd ref="10166333054"/>
    <tag k="footway" v="sidewalk"/>
    <tag k="highway" v="footway"/>
    <tag k="lit" v="yes"/>
    <tag k="surface" v="concrete"/>
  </way>
  <way id="1111046995">
    <nd ref="10166333057"/>
    <nd ref="10166333058"/>
    <nd ref="6598535167"/>
    <tag k="crossing" v="traffic_signals"/>
    <tag k="crossing:markings" v="zebra"/>
    <tag k="crossing:signals" v="yes"/>
    <tag k="footway" v="crossing"/>
    <tag k="highway" v="footway"/>
    <tag k="surface" v="asphalt"/>
  </way>
  <way id="1111046996">
    <nd ref="10166333052"/>
    <nd ref="10166333057"/>
    <tag k="footway" v="sidewalk"/>
    <tag k="highway" v="footway"/>
    <tag k="lit" v="yes"/>
    <tag k="surface" v="concrete"/>
  </way>
  <way id="1111047010">
    <nd ref="6598535166"/>
    <nd ref="6597464386"/>
    <nd ref="10166333086"/>
    <nd ref="6597009106"/>
    <nd ref="10166333083"/>
    <tag k="crossing" v="traffic_signals"/>
    <tag k="crossing:markings" v="zebra"/>
    <tag k="crossing:signals" v="yes"/>
    <tag k="footway" v="crossing"/>
    <tag k="highway" v="footway"/>
    <tag k="smoothness" v="intermediate"/>
    <tag k="surface" v="asphalt"/>
  </way>
  <way id="1111047011">
    <nd ref="10166333040"/>
    <nd ref="10166333083"/>
    <tag k="footway" v="sidewalk"/>
    <tag k="highway" v="footway"/>
    <tag k="surface" v="concrete"/>
  </way>
  <way id="1111047012">
    <nd ref="10166333084"/>
    <nd ref="10166333043"/>
    <tag k="footway" v="sidewalk"/>
    <tag k="highway" v="footway"/>
    <tag k="surface" v="concrete"/>
  </way>
  <way id="1111240005">
    <nd ref="10168088449"/>
    <nd ref="9235539546"/>
    <tag k="footway" v="sidewalk"/>
    <tag k="highway" v="footway"/>
    <tag k="surface" v="concrete"/>
  </way>
  <way id="1111240008">
    <nd ref="9235539546"/>
    <nd ref="10168088457"/>
    <tag k="footway" v="sidewalk"/>
    <tag k="highway" v="footway"/>
    <tag k="lit" v="yes"/>
    <tag k="surface" v="concrete"/>
  </way>
  <way id="1111240009">
    <nd ref="10168088466"/>
    <nd ref="9235539537"/>
    <tag k="footway" v="sidewalk"/>
    <tag k="highway" v="footway"/>
    <tag k="lit" v="yes"/>
    <tag k="surface" v="concrete"/>
  </way>
  <way id="1111240010">
    <nd ref="10168088465"/>
    <nd ref="10168088466"/>
    <tag k="covered" v="yes"/>
    <tag k="footway" v="sidewalk"/>
    <tag k="highway" v="footway"/>
    <tag k="lit" v="yes"/>
    <tag k="surface" v="concrete"/>
  </way>
  <way id="1111240011">
    <nd ref="10168088464"/>
    <nd ref="10168088465"/>
    <tag k="footway" v="sidewalk"/>
    <tag k="highway" v="footway"/>
    <tag k="lit" v="yes"/>
    <tag k="surface" v="concrete"/>
  </way>
  <way id="1111240012">
    <nd ref="10168088463"/>
    <nd ref="10168088464"/>
    <tag k="covered" v="yes"/>
    <tag k="footway" v="sidewalk"/>
    <tag k="highway" v="footway"/>
    <tag k="lit" v="yes"/>
    <tag k="surface" v="concrete"/>
  </way>
  <way id="1111240013">
    <nd ref="10168088462"/>
    <nd ref="10168088463"/>
    <tag k="footway" v="sidewalk"/>
    <tag k="highway" v="footway"/>
    <tag k="lit" v="yes"/>
    <tag k="surface" v="concrete"/>
  </way>
  <way id="1111240014">
    <nd ref="10168088461"/>
    <nd ref="10168088462"/>
    <tag k="covered" v="yes"/>
    <tag k="footway" v="sidewalk"/>
    <tag k="highway" v="footway"/>
    <tag k="lit" v="yes"/>
    <tag k="surface" v="concrete"/>
  </way>
  <way id="1111240015">
    <nd ref="10168088460"/>
    <nd ref="9235539545"/>
    <nd ref="10168088461"/>
    <tag k="footway" v="sidewalk"/>
    <tag k="highway" v="footway"/>
    <tag k="lit" v="yes"/>
    <tag k="surface" v="concrete"/>
  </way>
  <way id="1111240016">
    <nd ref="10168088459"/>
    <nd ref="10168088460"/>
    <tag k="covered" v="yes"/>
    <tag k="footway" v="sidewalk"/>
    <tag k="highway" v="footway"/>
    <tag k="lit" v="yes"/>
    <tag k="surface" v="concrete"/>
  </way>
  <way id="1111240017">
    <nd ref="10168088458"/>
    <nd ref="10168088459"/>
    <tag k="footway" v="sidewalk"/>
    <tag k="highway" v="footway"/>
    <tag k="lit" v="yes"/>
    <tag k="surface" v="concrete"/>
  </way>
  <way id="1111240018">
    <nd ref="10168088457"/>
    <nd ref="10168088458"/>
    <tag k="covered" v="yes"/>
    <tag k="footway" v="sidewalk"/>
    <tag k="highway" v="footway"/>
    <tag k="lit" v="yes"/>
    <tag k="surface" v="concrete"/>
  </way>
  <way id="1111240019">
    <nd ref="9235539539"/>
    <nd ref="10168088467"/>
    <nd ref="10168088468"/>
    <tag k="footway" v="sidewalk"/>
    <tag k="highway" v="footway"/>
    <tag k="lit" v="yes"/>
    <tag k="surface" v="concrete"/>
  </way>
  <way id="1111240020">
    <nd ref="6597498413"/>
    <nd ref="10168088472"/>
    <nd ref="10168088468"/>
    <tag k="crossing" v="traffic_signals"/>
    <tag k="crossing:markings" v="zebra"/>
    <tag k="crossing:signals" v="yes"/>
    <tag k="footway" v="crossing"/>
    <tag k="highway" v="footway"/>
    <tag k="surface" v="asphalt"/>
  </way>
  <way id="1111240021">
    <nd ref="10168088469"/>
    <nd ref="10168088474"/>
    <tag k="footway" v="sidewalk"/>
    <tag k="highway" v="footway"/>
    <tag k="surface" v="concrete"/>
  </way>
  <way id="1111240022">
    <nd ref="10168088474"/>
    <nd ref="10168088478"/>
    <nd ref="6597498399"/>
    <nd ref="10168088476"/>
    <nd ref="6598535223"/>
    <nd ref="10168088477"/>
    <nd ref="10168088475"/>
    <nd ref="10168088479"/>
    <nd ref="10168088474"/>
    <tag k="crossing" v="traffic_signals"/>
    <tag k="footway" v="crossing"/>
    <tag k="highway" v="footway"/>
    <tag k="surface" v="asphalt"/>
  </way>
  <way id="1111240023">
    <nd ref="10168088475"/>
    <nd ref="10168088480"/>
    <tag k="footway" v="sidewalk"/>
    <tag k="highway" v="footway"/>
    <tag k="surface" v="concrete"/>
  </way>
  <way id="1111240024">
    <nd ref="12964675349"/>
    <nd ref="10168088482"/>
    <nd ref="6598535211"/>
    <tag k="crossing" v="traffic_signals"/>
    <tag k="crossing:markings" v="zebra"/>
    <tag k="crossing:signals" v="yes"/>
    <tag k="footway" v="crossing"/>
    <tag k="highway" v="footway"/>
    <tag k="surface" v="asphalt"/>
  </way>
  <way id="1111240025">
    <nd ref="12319626500"/>
    <nd ref="2435108451"/>
    <nd ref="12319626496"/>
    <tag k="crossing" v="traffic_signals"/>
    <tag k="footway" v="crossing"/>
    <tag k="highway" v="footway"/>
    <tag k="lit" v="yes"/>
    <tag k="surface" v="asphalt"/>
  </way>
  <way id="1111240026">
    <nd ref="10168088481"/>
    <nd ref="10168088485"/>
    <nd ref="12319626485"/>
    <tag k="footway" v="sidewalk"/>
    <tag k="highway" v="footway"/>
    <tag k="lit" v="yes"/>
    <tag k="surface" v="concrete"/>
  </way>
  <way id="1111240027">
    <nd ref="10168088481"/>
    <nd ref="10168047575"/>
    <tag k="footway" v="sidewalk"/>
    <tag k="highway" v="footway"/>
    <tag k="surface" v="concrete"/>
  </way>
  <way id="1111240028">
    <nd ref="10168047577"/>
    <nd ref="10168088480"/>
    <tag k="footway" v="sidewalk"/>
    <tag k="highway" v="footway"/>
    <tag k="surface" v="concrete"/>
  </way>
  <way id="1111240029">
    <nd ref="6598535178"/>
    <nd ref="10168088492"/>
    <nd ref="8640296392"/>
    <nd ref="10168088493"/>
    <nd ref="10168088488"/>
    <nd ref="10168088491"/>
    <nd ref="10168088489"/>
    <nd ref="10168088490"/>
    <nd ref="6598535178"/>
    <tag k="crossing" v="traffic_signals"/>
    <tag k="footway" v="crossing"/>
    <tag k="highway" v="footway"/>
    <tag k="lit" v="yes"/>
    <tag k="surface" v="asphalt"/>
  </way>
  <way id="1111240030">
    <nd ref="10168088494"/>
    <nd ref="10168088498"/>
    <nd ref="10168088495"/>
    <nd ref="10168088499"/>
    <nd ref="10168088496"/>
    <nd ref="10168088501"/>
    <nd ref="10168088497"/>
    <nd ref="10168088500"/>
    <nd ref="10168088494"/>
    <tag k="crossing" v="traffic_signals"/>
    <tag k="crossing:island" v="no"/>
    <tag k="crossing:markings" v="zebra"/>
    <tag k="footway" v="crossing"/>
    <tag k="highway" v="footway"/>
    <tag k="lit" v="yes"/>
    <tag k="surface" v="asphalt"/>
    <tag k="traffic_signals:vibration" v="no"/>
  </way>
  <way id="1111240031">
    <nd ref="10168088489"/>
    <nd ref="10168088494"/>
    <tag k="footway" v="sidewalk"/>
    <tag k="highway" v="footway"/>
    <tag k="lit" v="yes"/>
    <tag k="surface" v="concrete"/>
  </way>
  <way id="1111240032">
    <nd ref="10168088488"/>
    <nd ref="10168088497"/>
    <tag k="footway" v="sidewalk"/>
    <tag k="highway" v="footway"/>
    <tag k="lit" v="yes"/>
    <tag k="smoothness" v="intermediate"/>
    <tag k="surface" v="concrete"/>
  </way>
  <way id="1111240033">
    <nd ref="10168047569"/>
    <nd ref="10168088485"/>
    <nd ref="12319626496"/>
    <tag k="footway" v="sidewalk"/>
    <tag k="highway" v="footway"/>
    <tag k="lit" v="yes"/>
    <tag k="surface" v="concrete"/>
  </way>
  <way id="1111240034">
    <nd ref="12319626498"/>
    <nd ref="10168088486"/>
    <nd ref="12988501264"/>
    <nd ref="10168088502"/>
    <nd ref="10168047567"/>
    <tag k="footway" v="sidewalk"/>
    <tag k="highway" v="footway"/>
    <tag k="lit" v="yes"/>
    <tag k="surface" v="concrete"/>
  </way>
  <way id="1111240035">
    <nd ref="8646554907"/>
    <nd ref="10168088504"/>
    <nd ref="10168088505"/>
    <nd ref="10168088488"/>
    <tag k="footway" v="sidewalk"/>
    <tag k="highway" v="footway"/>
    <tag k="lit" v="yes"/>
    <tag k="surface" v="concrete"/>
  </way>
  <way id="1111240036">
    <nd ref="10168088506"/>
    <nd ref="10168088513"/>
    <nd ref="10173292892"/>
    <nd ref="10168088511"/>
    <nd ref="10168088508"/>
    <nd ref="10168088510"/>
    <nd ref="10168088509"/>
    <nd ref="10168088512"/>
    <nd ref="10168088506"/>
    <tag k="crossing" v="traffic_signals"/>
    <tag k="crossing:island" v="no"/>
    <tag k="crossing:markings" v="zebra"/>
    <tag k="crossing:signals" v="yes"/>
    <tag k="footway" v="crossing"/>
    <tag k="highway" v="footway"/>
    <tag k="surface" v="asphalt"/>
  </way>
  <way id="1111240037">
    <nd ref="10168088495"/>
    <nd ref="10168088509"/>
    <tag k="footway" v="sidewalk"/>
    <tag k="highway" v="footway"/>
    <tag k="surface" v="concrete"/>
  </way>
  <way id="1111240038">
    <nd ref="10168088496"/>
    <nd ref="10168088506"/>
    <tag k="footway" v="sidewalk"/>
    <tag k="highway" v="footway"/>
    <tag k="surface" v="concrete"/>
  </way>
  <way id="1111240042">
    <nd ref="10173292892"/>
    <nd ref="10168088516"/>
    <tag k="footway" v="sidewalk"/>
    <tag k="highway" v="footway"/>
    <tag k="surface" v="concrete"/>
  </way>
  <way id="1111240043">
    <nd ref="10168088508"/>
    <nd ref="10168088514"/>
    <tag k="footway" v="sidewalk"/>
    <tag k="highway" v="footway"/>
    <tag k="lit" v="yes"/>
    <tag k="surface" v="concrete"/>
  </way>
  <way id="1111934301">
    <nd ref="10168047528"/>
    <nd ref="11591860828"/>
    <nd ref="10172794907"/>
    <nd ref="10168088468"/>
    <tag k="footway" v="sidewalk"/>
    <tag k="highway" v="footway"/>
    <tag k="surface" v="concrete"/>
  </way>
  <way id="1111934302">
    <nd ref="10168088469"/>
    <nd ref="11591860827"/>
    <nd ref="10168047530"/>
    <tag k="footway" v="sidewalk"/>
    <tag k="highway" v="footway"/>
    <tag k="surface" v="concrete"/>
  </way>
  <way id="1111934307">
    <nd ref="8646554907"/>
    <nd ref="10171089664"/>
    <tag k="footway" v="sidewalk"/>
    <tag k="highway" v="footway"/>
    <tag k="surface" v="concrete"/>
  </way>
  <way id="1111949471">
    <nd ref="6597429962"/>
    <nd ref="10172901890"/>
    <nd ref="10228962553"/>
    <tag k="crossing" v="traffic_signals"/>
    <tag k="crossing:markings" v="zebra"/>
    <tag k="footway" v="crossing"/>
    <tag k="highway" v="footway"/>
  </way>
  <way id="1111949472">
    <nd ref="11198923679"/>
    <nd ref="10172901887"/>
    <nd ref="10172901891"/>
    <nd ref="10254591062"/>
    <nd ref="10172901892"/>
    <tag k="footway" v="sidewalk"/>
    <tag k="highway" v="footway"/>
    <tag k="lit" v="yes"/>
  </way>
  <way id="1111949473">
    <nd ref="10172901895"/>
    <nd ref="10228962580"/>
    <nd ref="10552769768"/>
    <nd ref="10172901894"/>
    <nd ref="10172901889"/>
    <nd ref="6597429962"/>
    <tag k="footway" v="sidewalk"/>
    <tag k="highway" v="footway"/>
    <tag k="lit" v="yes"/>
    <tag k="surface" v="concrete"/>
  </way>
  <way id="1111949474">
    <nd ref="10172901898"/>
    <nd ref="11303341123"/>
    <nd ref="3971196618"/>
    <nd ref="11303341124"/>
    <nd ref="10172901895"/>
    <tag k="crossing" v="traffic_signals"/>
    <tag k="crossing:markings" v="zebra"/>
    <tag k="footway" v="crossing"/>
    <tag k="highway" v="footway"/>
    <tag k="surface" v="asphalt"/>
  </way>
  <way id="1111949475">
    <nd ref="10172901899"/>
    <nd ref="10172901887"/>
    <nd ref="6597473532"/>
    <tag k="footway" v="sidewalk"/>
    <tag k="highway" v="footway"/>
    <tag k="lit" v="yes"/>
    <tag k="surface" v="concrete"/>
  </way>
  <way id="1111949476">
    <nd ref="6597473544"/>
    <nd ref="10172901885"/>
    <nd ref="10172901900"/>
    <tag k="footway" v="sidewalk"/>
    <tag k="highway" v="footway"/>
    <tag k="smoothness" v="intermediate"/>
    <tag k="surface" v="concrete"/>
  </way>
  <way id="1111949477">
    <nd ref="10172901900"/>
    <nd ref="4782363331"/>
    <nd ref="10172901901"/>
    <nd ref="2435108438"/>
    <nd ref="10172901902"/>
    <nd ref="4782363332"/>
    <nd ref="10172901899"/>
    <nd ref="2435108458"/>
    <nd ref="10172901900"/>
    <tag k="crossing" v="traffic_signals"/>
    <tag k="crossing:markings" v="zebra"/>
    <tag k="crossing:signals" v="yes"/>
    <tag k="footway" v="crossing"/>
    <tag k="highway" v="footway"/>
    <tag k="surface" v="asphalt"/>
  </way>
  <way id="1111949478">
    <nd ref="10172901899"/>
    <nd ref="10172901903"/>
    <nd ref="10236589211"/>
    <nd ref="10172901904"/>
    <nd ref="10236589210"/>
    <tag k="footway" v="sidewalk"/>
    <tag k="highway" v="footway"/>
    <tag k="lit" v="yes"/>
    <tag k="surface" v="concrete"/>
  </way>
  <way id="1111949479">
    <nd ref="10172901902"/>
    <nd ref="10172901905"/>
    <nd ref="10254591061"/>
    <nd ref="10172901906"/>
    <tag k="footway" v="sidewalk"/>
    <tag k="highway" v="footway"/>
    <tag k="lit" v="yes"/>
    <tag k="surface" v="concrete"/>
  </way>
  <way id="1111949480">
    <nd ref="10236589209"/>
    <nd ref="3971196623"/>
    <nd ref="10236589212"/>
    <tag k="crossing" v="traffic_signals"/>
    <tag k="crossing:markings" v="zebra"/>
    <tag k="crossing:signals" v="yes"/>
    <tag k="footway" v="crossing"/>
    <tag k="highway" v="footway"/>
    <tag k="lit" v="yes"/>
  </way>
  <way id="1111949481">
    <nd ref="10236589210"/>
    <nd ref="3971196622"/>
    <nd ref="10236589213"/>
    <tag k="crossing" v="traffic_signals"/>
    <tag k="crossing:markings" v="zebra"/>
    <tag k="crossing:signals" v="yes"/>
    <tag k="footway" v="crossing"/>
    <tag k="highway" v="footway"/>
    <tag k="lit" v="yes"/>
    <tag k="surface" v="asphalt"/>
  </way>
  <way id="1111949482">
    <nd ref="10172901892"/>
    <nd ref="10172901904"/>
    <nd ref="10236589209"/>
    <tag k="footway" v="sidewalk"/>
    <tag k="highway" v="footway"/>
    <tag k="lit" v="yes"/>
    <tag k="smoothness" v="good"/>
    <tag k="surface" v="concrete:plates"/>
  </way>
  <way id="1111949483">
    <nd ref="10172901897"/>
    <nd ref="10172901907"/>
    <nd ref="10236589214"/>
    <tag k="footway" v="sidewalk"/>
    <tag k="highway" v="footway"/>
    <tag k="lit" v="yes"/>
    <tag k="surface" v="concrete"/>
  </way>
  <way id="1111949484">
    <nd ref="10236589216"/>
    <nd ref="9674241493"/>
    <nd ref="10236589217"/>
    <tag k="crossing" v="traffic_signals"/>
    <tag k="crossing:markings" v="zebra"/>
    <tag k="footway" v="crossing"/>
    <tag k="highway" v="footway"/>
    <tag k="surface" v="asphalt"/>
  </way>
  <way id="1111949485">
    <nd ref="10236589212"/>
    <nd ref="10172901906"/>
    <nd ref="10172901909"/>
    <nd ref="10172901911"/>
    <tag k="footway" v="sidewalk"/>
    <tag k="highway" v="footway"/>
    <tag k="surface" v="concrete:plates"/>
  </way>
  <way id="1111949486">
    <nd ref="10236589215"/>
    <nd ref="11065064853"/>
    <nd ref="10172901910"/>
    <nd ref="10172901912"/>
    <tag k="footway" v="sidewalk"/>
    <tag k="highway" v="footway"/>
    <tag k="lit" v="yes"/>
    <tag k="surface" v="concrete"/>
  </way>
  <way id="1111949487">
    <nd ref="10172901911"/>
    <nd ref="6598499079"/>
    <nd ref="3971196627"/>
    <nd ref="11303341128"/>
    <nd ref="10172901913"/>
    <tag k="crossing" v="traffic_signals"/>
    <tag k="crossing:markings" v="zebra"/>
    <tag k="footway" v="crossing"/>
    <tag k="highway" v="footway"/>
  </way>
  <way id="1111949488">
    <nd ref="10172901911"/>
    <nd ref="6598499082"/>
    <nd ref="3971196625"/>
    <nd ref="10172901912"/>
    <tag k="crossing" v="traffic_signals"/>
    <tag k="crossing:markings" v="zebra"/>
    <tag k="footway" v="crossing"/>
    <tag k="highway" v="footway"/>
  </way>
  <way id="1111949489">
    <nd ref="10172901913"/>
    <nd ref="11304895432"/>
    <nd ref="13918449478"/>
    <nd ref="10172901915"/>
    <tag k="footway" v="sidewalk"/>
    <tag k="highway" v="footway"/>
    <tag k="lit" v="yes"/>
  </way>
  <way id="1111949490">
    <nd ref="10172901916"/>
    <nd ref="10172941217"/>
    <nd ref="10254591060"/>
    <nd ref="10172901911"/>
    <tag k="footway" v="sidewalk"/>
    <tag k="highway" v="footway"/>
    <tag k="lit" v="yes"/>
  </way>
  <way id="1111949491">
    <nd ref="10172901916"/>
    <nd ref="3977886256"/>
    <nd ref="10172941218"/>
    <nd ref="2782279879"/>
    <nd ref="10172941219"/>
    <nd ref="3977886860"/>
    <nd ref="10172901915"/>
    <nd ref="2782279859"/>
    <nd ref="10172901916"/>
    <tag k="crossing" v="traffic_signals"/>
    <tag k="crossing:markings" v="zebra"/>
    <tag k="footway" v="crossing"/>
    <tag k="highway" v="footway"/>
  </way>
  <way id="1111949492">
    <nd ref="10171379110"/>
    <nd ref="10172941220"/>
    <nd ref="10173210353"/>
    <nd ref="10172941221"/>
    <tag k="footway" v="sidewalk"/>
    <tag k="highway" v="footway"/>
    <tag k="smoothness" v="good"/>
    <tag k="surface" v="concrete"/>
  </way>
  <way id="1111949493">
    <nd ref="10171379108"/>
    <nd ref="13918896926"/>
    <nd ref="13918896917"/>
    <nd ref="10172941222"/>
    <nd ref="10173210354"/>
    <nd ref="10172941223"/>
    <tag k="footway" v="sidewalk"/>
    <tag k="highway" v="footway"/>
    <tag k="smoothness" v="good"/>
    <tag k="surface" v="concrete"/>
  </way>
  <way id="1111973920">
    <nd ref="8640296392"/>
    <nd ref="10168088486"/>
    <nd ref="12319626497"/>
    <tag k="footway" v="sidewalk"/>
    <tag k="highway" v="footway"/>
    <tag k="lit" v="yes"/>
    <tag k="surface" v="concrete"/>
  </way>
  <way id="1111973921">
    <nd ref="10168047522"/>
    <nd ref="10173121969"/>
    <nd ref="10168088475"/>
    <tag k="footway" v="sidewalk"/>
    <tag k="highway" v="footway"/>
    <tag k="surface" v="concrete:plates"/>
  </way>
  <way id="1111973922">
    <nd ref="10168047524"/>
    <nd ref="13701336662"/>
    <nd ref="13701336658"/>
    <nd ref="10168088474"/>
    <tag k="footway" v="sidewalk"/>
    <tag k="highway" v="footway"/>
    <tag k="surface" v="concrete:plates"/>
  </way>
  <way id="1111973923">
    <nd ref="10164937727"/>
    <nd ref="10173121973"/>
    <tag k="footway" v="sidewalk"/>
    <tag k="highway" v="footway"/>
    <tag k="surface" v="concrete"/>
  </way>
  <way id="1111973924">
    <nd ref="10173121973"/>
    <nd ref="10173121975"/>
    <nd ref="12964700150"/>
    <tag k="crossing" v="traffic_signals"/>
    <tag k="crossing:markings" v="zebra"/>
    <tag k="crossing:signals" v="yes"/>
    <tag k="footway" v="crossing"/>
    <tag k="highway" v="footway"/>
    <tag k="smoothness" v="good"/>
    <tag k="surface" v="asphalt"/>
  </way>
  <way id="1111973925">
    <nd ref="12989986302"/>
    <nd ref="6597473579"/>
    <tag k="footway" v="sidewalk"/>
    <tag k="highway" v="footway"/>
    <tag k="smoothness" v="good"/>
    <tag k="surface" v="asphalt"/>
  </way>
  <way id="1111973926">
    <nd ref="10173121977"/>
    <nd ref="10173121985"/>
    <nd ref="10173121982"/>
    <nd ref="10168088495"/>
    <tag k="footway" v="sidewalk"/>
    <tag k="highway" v="footway"/>
    <tag k="surface" v="concrete"/>
  </way>
  <way id="1111973927">
    <nd ref="10168088494"/>
    <nd ref="10173121983"/>
    <nd ref="10173121984"/>
    <tag k="footway" v="sidewalk"/>
    <tag k="highway" v="footway"/>
    <tag k="lit" v="yes"/>
    <tag k="surface" v="concrete"/>
  </way>
  <way id="1111991747">
    <nd ref="10173292882"/>
    <nd ref="3977886863"/>
    <nd ref="10173292879"/>
    <tag k="crossing" v="traffic_signals"/>
    <tag k="crossing:island" v="yes"/>
    <tag k="crossing:markings" v="zebra"/>
    <tag k="footway" v="crossing"/>
    <tag k="highway" v="footway"/>
    <tag k="traffic_signals:vibration" v="no"/>
  </way>
  <way id="1111991748">
    <nd ref="6598534846"/>
    <nd ref="10173292890"/>
    <nd ref="6598534911"/>
    <tag k="crossing" v="traffic_signals"/>
    <tag k="crossing:markings" v="zebra"/>
    <tag k="footway" v="crossing"/>
    <tag k="highway" v="footway"/>
  </way>
  <way id="1111991749">
    <nd ref="6598534848"/>
    <nd ref="10173292885"/>
    <nd ref="10173292879"/>
    <tag k="footway" v="sidewalk"/>
    <tag k="highway" v="footway"/>
    <tag k="lit" v="yes"/>
    <tag k="surface" v="concrete"/>
  </way>
  <way id="1111991750">
    <nd ref="10173292880"/>
    <nd ref="10173292886"/>
    <nd ref="6598534908"/>
    <tag k="footway" v="sidewalk"/>
    <tag k="highway" v="footway"/>
  </way>
  <way id="1111991753">
    <nd ref="10173292892"/>
    <nd ref="10173292893"/>
    <nd ref="10173292894"/>
    <nd ref="10171089659"/>
    <tag k="footway" v="sidewalk"/>
    <tag k="highway" v="footway"/>
    <tag k="surface" v="concrete"/>
  </way>
  <way id="1111991754">
    <nd ref="10171089658"/>
    <nd ref="10168088506"/>
    <tag k="footway" v="sidewalk"/>
    <tag k="highway" v="footway"/>
    <tag k="surface" v="concrete"/>
  </way>
  <way id="1117680728">
    <nd ref="10222376008"/>
    <nd ref="6597464532"/>
    <tag k="footway" v="sidewalk"/>
    <tag k="highway" v="footway"/>
    <tag k="surface" v="paving_stones"/>
  </way>
  <way id="1117680732">
    <nd ref="6597464539"/>
    <nd ref="6597464538"/>
    <nd ref="9235539567"/>
    <tag k="footway" v="sidewalk"/>
    <tag k="highway" v="footway"/>
    <tag k="lit" v="yes"/>
    <tag k="surface" v="concrete"/>
  </way>
  <way id="1117680735">
    <nd ref="9235539567"/>
    <nd ref="9235539561"/>
    <tag k="footway" v="sidewalk"/>
    <tag k="highway" v="footway"/>
    <tag k="lit" v="yes"/>
    <tag k="surface" v="concrete"/>
  </way>
  <way id="1117680737">
    <nd ref="10222376012"/>
    <nd ref="6597464532"/>
    <tag k="footway" v="sidewalk"/>
    <tag k="highway" v="footway"/>
    <tag k="surface" v="paving_stones"/>
  </way>
  <way id="1117680739">
    <nd ref="6597498411"/>
    <nd ref="6597464526"/>
    <tag k="footway" v="sidewalk"/>
    <tag k="highway" v="footway"/>
    <tag k="surface" v="paving_stones"/>
  </way>
  <way id="1117680741">
    <nd ref="10222417518"/>
    <nd ref="9235539548"/>
    <nd ref="10222376008"/>
    <tag k="crossing" v="traffic_signals"/>
    <tag k="crossing:island" v="no"/>
    <tag k="crossing:markings" v="zebra"/>
    <tag k="footway" v="crossing"/>
    <tag k="highway" v="footway"/>
    <tag k="surface" v="asphalt"/>
    <tag k="tactile_paving" v="yes"/>
  </way>
  <way id="1117680746">
    <nd ref="2639786957"/>
    <nd ref="10222417525"/>
    <tag k="access" v="yes"/>
    <tag k="covered" v="yes"/>
    <tag k="handrail" v="yes"/>
    <tag k="highway" v="steps"/>
    <tag k="tactile_paving" v="yes"/>
  </way>
  <way id="1117680748">
    <nd ref="10222417533"/>
    <nd ref="10222417534"/>
    <nd ref="10222417552"/>
    <nd ref="10222417551"/>
    <nd ref="10222417550"/>
    <nd ref="10222417553"/>
    <nd ref="10222417554"/>
    <nd ref="10222417555"/>
    <nd ref="10222376011"/>
    <tag k="highway" v="footway"/>
    <tag k="surface" v="paving_stones"/>
  </way>
  <way id="1117680749">
    <nd ref="10222417525"/>
    <nd ref="10222417536"/>
    <tag k="highway" v="footway"/>
    <tag k="surface" v="paving_stones"/>
  </way>
  <way id="1117680750">
    <nd ref="10222417537"/>
    <nd ref="10222417542"/>
    <nd ref="10222417538"/>
    <tag k="crossing" v="traffic_signals"/>
    <tag k="footway" v="crossing"/>
    <tag k="highway" v="footway"/>
    <tag k="surface" v="paving_stones"/>
    <tag k="tactile_paving" v="yes"/>
  </way>
  <way id="1117680751">
    <nd ref="10222417539"/>
    <nd ref="6597498410"/>
    <tag k="footway" v="sidewalk"/>
    <tag k="highway" v="footway"/>
    <tag k="surface" v="paving_stones"/>
  </way>
  <way id="1117680753">
    <nd ref="6597464533"/>
    <nd ref="10222417540"/>
    <tag k="footway" v="sidewalk"/>
    <tag k="highway" v="footway"/>
    <tag k="surface" v="paving_stones"/>
  </way>
  <way id="1117680757">
    <nd ref="10222417530"/>
    <nd ref="10222417543"/>
    <nd ref="10222417544"/>
    <nd ref="10222417546"/>
    <nd ref="10222417545"/>
    <nd ref="9235539550"/>
    <tag k="highway" v="footway"/>
    <tag k="surface" v="paving_stones"/>
  </way>
  <way id="1117680758">
    <nd ref="6597498385"/>
    <nd ref="12055677927"/>
    <nd ref="12055677929"/>
    <nd ref="12055677928"/>
    <nd ref="6597498409"/>
    <nd ref="10222417529"/>
    <nd ref="10222417532"/>
    <nd ref="7618605781"/>
    <tag k="access" v="yes"/>
    <tag k="bicycle" v="dismount"/>
    <tag k="cycleway" v="no"/>
    <tag k="highway" v="pedestrian"/>
    <tag k="lit" v="yes"/>
    <tag k="motor_vehicle" v="no"/>
    <tag k="name" v="Broadway"/>
    <tag k="name:en" v="Broadway"/>
    <tag k="name:ja" v="ブロードウェイ"/>
    <tag k="name:ru" v="Бродвей"/>
    <tag k="name:zh" v="百老匯"/>
    <tag k="name:zh-Hans" v="百老汇"/>
    <tag k="name:zh-Hant" v="百老匯"/>
    <tag k="note" v="closed to motor vehicles May 24, 2009"/>
    <tag k="oneway" v="no"/>
    <tag k="surface" v="paving_stones"/>
    <tag k="wikidata" v="Q11260"/>
    <tag k="wikipedia" v="en:Broadway (Manhattan)"/>
  </way>
  <way id="1117680759">
    <nd ref="9235539561"/>
    <nd ref="10222417534"/>
    <nd ref="6597498409"/>
    <nd ref="10222417536"/>
    <nd ref="10222417547"/>
    <nd ref="6597464534"/>
    <nd ref="10222417541"/>
    <nd ref="6597464537"/>
    <nd ref="6597464533"/>
    <nd ref="6597464532"/>
    <tag k="footway" v="sidewalk"/>
    <tag k="highway" v="footway"/>
    <tag k="lit" v="yes"/>
    <tag k="surface" v="paving_stones"/>
  </way>
  <way id="1117680760">
    <nd ref="10222417538"/>
    <nd ref="10222417547"/>
    <tag k="footway" v="sidewalk"/>
    <tag k="highway" v="footway"/>
    <tag k="surface" v="paving_stones"/>
  </way>
  <way id="1117680762">
    <nd ref="6597464532"/>
    <nd ref="9235539550"/>
    <nd ref="7618605781"/>
    <nd ref="10222376011"/>
    <nd ref="10222417556"/>
    <tag k="footway" v="sidewalk"/>
    <tag k="highway" v="footway"/>
    <tag k="lit" v="yes"/>
    <tag k="surface" v="paving_stones"/>
  </way>
  <way id="1117680764">
    <nd ref="10222417557"/>
    <nd ref="10222417558"/>
    <nd ref="10222417533"/>
    <tag k="crossing" v="traffic_signals"/>
    <tag k="footway" v="crossing"/>
    <tag k="highway" v="footway"/>
    <tag k="surface" v="paving_stones"/>
    <tag k="tactile_paving" v="yes"/>
  </way>
  <way id="1117680765">
    <nd ref="6597498411"/>
    <nd ref="10222417559"/>
    <tag k="footway" v="sidewalk"/>
    <tag k="highway" v="footway"/>
    <tag k="surface" v="paving_stones"/>
  </way>
  <way id="1117680768">
    <nd ref="10222417559"/>
    <nd ref="6597464529"/>
    <nd ref="6598535041"/>
    <tag k="crossing" v="traffic_signals"/>
    <tag k="crossing:markings" v="zebra"/>
    <tag k="footway" v="crossing"/>
    <tag k="highway" v="footway"/>
    <tag k="surface" v="asphalt"/>
  </way>
  <way id="1117680769">
    <nd ref="6598535041"/>
    <nd ref="9235539546"/>
    <nd ref="10222417560"/>
    <tag k="footway" v="sidewalk"/>
    <tag k="highway" v="footway"/>
    <tag k="surface" v="concrete"/>
  </way>
  <way id="1117866973">
    <nd ref="10222417537"/>
    <nd ref="10224024739"/>
    <tag k="footway" v="sidewalk"/>
    <tag k="highway" v="footway"/>
    <tag k="surface" v="paving_stones"/>
  </way>
  <way id="1117866976">
    <nd ref="6597464455"/>
    <nd ref="6597473584"/>
    <tag k="footway" v="sidewalk"/>
    <tag k="highway" v="footway"/>
    <tag k="surface" v="paving_stones"/>
  </way>
  <way id="1117866978">
    <nd ref="10224024746"/>
    <nd ref="6597498387"/>
    <nd ref="10224024749"/>
    <nd ref="6597498390"/>
    <tag k="footway" v="sidewalk"/>
    <tag k="highway" v="footway"/>
    <tag k="lit" v="yes"/>
    <tag k="surface" v="paving_stones"/>
  </way>
  <way id="1117866979">
    <nd ref="9235539559"/>
    <nd ref="6597473584"/>
    <nd ref="6597498396"/>
    <nd ref="10224024795"/>
    <nd ref="6597498390"/>
    <nd ref="6597498397"/>
    <tag k="footway" v="sidewalk"/>
    <tag k="highway" v="footway"/>
    <tag k="lit" v="yes"/>
    <tag k="surface" v="paving_stones"/>
  </way>
  <way id="1117866981">
    <nd ref="10224024739"/>
    <nd ref="10224024753"/>
    <nd ref="10224024748"/>
    <nd ref="10224024763"/>
    <nd ref="10224024759"/>
    <nd ref="10224024749"/>
    <tag k="highway" v="footway"/>
    <tag k="surface" v="paving_stones"/>
  </way>
  <way id="1117866982">
    <nd ref="10224024754"/>
    <nd ref="10224024760"/>
    <nd ref="10224024755"/>
    <nd ref="10224024756"/>
    <nd ref="10224024757"/>
    <nd ref="10224024758"/>
    <nd ref="10224024759"/>
    <tag k="highway" v="footway"/>
  </way>
  <way id="1117866983">
    <nd ref="10224024760"/>
    <nd ref="10224024761"/>
    <tag k="highway" v="footway"/>
  </way>
  <way id="1117866984">
    <nd ref="10224024761"/>
    <nd ref="10224024762"/>
    <tag k="handrail" v="yes"/>
    <tag k="highway" v="steps"/>
  </way>
  <way id="1117866985">
    <nd ref="10224024762"/>
    <nd ref="10224024763"/>
    <tag k="highway" v="footway"/>
    <tag k="surface" v="paving_stones"/>
  </way>
  <way id="1117866986">
    <nd ref="6597498386"/>
    <nd ref="10224024764"/>
    <tag k="footway" v="sidewalk"/>
    <tag k="highway" v="footway"/>
    <tag k="surface" v="paving_stones"/>
  </way>
  <way id="1117866988">
    <nd ref="10224024765"/>
    <nd ref="6597498407"/>
    <tag k="footway" v="sidewalk"/>
    <tag k="highway" v="footway"/>
    <tag k="surface" v="paving_stones"/>
  </way>
  <way id="1117866990">
    <nd ref="10224024767"/>
    <nd ref="7581386278"/>
    <tag k="footway" v="sidewalk"/>
    <tag k="highway" v="footway"/>
    <tag k="surface" v="concrete"/>
  </way>
  <way id="1117866991">
    <nd ref="10224024766"/>
    <nd ref="6597498407"/>
    <nd ref="6597498406"/>
    <nd ref="10224024777"/>
    <nd ref="6597498405"/>
    <nd ref="6597498404"/>
    <nd ref="6597498386"/>
    <nd ref="6597498400"/>
    <nd ref="10224024767"/>
    <tag k="footway" v="sidewalk"/>
    <tag k="highway" v="footway"/>
    <tag k="surface" v="paving_stones"/>
  </way>
  <way id="1117866992">
    <nd ref="6597498410"/>
    <nd ref="10224024768"/>
    <tag k="footway" v="sidewalk"/>
    <tag k="highway" v="footway"/>
    <tag k="surface" v="paving_stones"/>
  </way>
  <way id="1117866994">
    <nd ref="10224024779"/>
    <nd ref="9235539544"/>
    <tag k="footway" v="sidewalk"/>
    <tag k="highway" v="footway"/>
    <tag k="lit" v="yes"/>
    <tag k="surface" v="concrete"/>
  </way>
  <way id="1117866995">
    <nd ref="10224024778"/>
    <nd ref="6597498410"/>
    <nd ref="6597498411"/>
    <nd ref="10224024779"/>
    <tag k="footway" v="sidewalk"/>
    <tag k="highway" v="footway"/>
    <tag k="surface" v="paving_stones"/>
  </way>
  <way id="1117866999">
    <nd ref="6597498400"/>
    <nd ref="10224024790"/>
    <tag k="footway" v="sidewalk"/>
    <tag k="highway" v="footway"/>
    <tag k="surface" v="paving_stones"/>
  </way>
  <way id="1117867001">
    <nd ref="6597498400"/>
    <nd ref="10224024792"/>
    <tag k="footway" v="sidewalk"/>
    <tag k="highway" v="footway"/>
    <tag k="surface" v="paving_stones"/>
  </way>
  <way id="1117867003">
    <nd ref="8318633107"/>
    <nd ref="13915675575"/>
    <nd ref="10224032626"/>
    <tag k="footway" v="sidewalk"/>
    <tag k="highway" v="footway"/>
    <tag k="lit" v="yes"/>
    <tag k="surface" v="concrete"/>
  </way>
  <way id="1117867005">
    <nd ref="10224024794"/>
    <nd ref="10224024795"/>
    <tag k="footway" v="sidewalk"/>
    <tag k="highway" v="footway"/>
    <tag k="surface" v="paving_stones"/>
  </way>
  <way id="1117867006">
    <nd ref="6597473583"/>
    <nd ref="10222417557"/>
    <tag k="footway" v="sidewalk"/>
    <tag k="highway" v="footway"/>
    <tag k="lit" v="yes"/>
    <tag k="surface" v="paving_stones"/>
  </way>
  <way id="1117867007">
    <nd ref="6597473583"/>
    <nd ref="9235539562"/>
    <tag k="footway" v="sidewalk"/>
    <tag k="highway" v="footway"/>
    <tag k="lit" v="yes"/>
    <tag k="surface" v="paving_stones"/>
  </way>
  <way id="1117867008">
    <nd ref="6598535231"/>
    <nd ref="10224024798"/>
    <tag k="footway" v="sidewalk"/>
    <tag k="highway" v="footway"/>
    <tag k="surface" v="paving_stones"/>
  </way>
  <way id="1117867010">
    <nd ref="10224024794"/>
    <nd ref="10224024800"/>
    <nd ref="10224024799"/>
    <tag k="crossing" v="traffic_signals"/>
    <tag k="footway" v="crossing"/>
    <tag k="highway" v="footway"/>
    <tag k="surface" v="paving_stones"/>
  </way>
  <way id="1117867011">
    <nd ref="10224024799"/>
    <nd ref="10224024801"/>
    <tag k="footway" v="sidewalk"/>
    <tag k="highway" v="footway"/>
    <tag k="surface" v="paving_stones"/>
  </way>
  <way id="1117867012">
    <nd ref="6596799555"/>
    <nd ref="6598535233"/>
    <tag k="footway" v="sidewalk"/>
    <tag k="highway" v="footway"/>
    <tag k="surface" v="paving_stones"/>
  </way>
  <way id="1117867014">
    <nd ref="3974095830"/>
    <nd ref="6598535235"/>
    <nd ref="10224032633"/>
    <nd ref="10224032632"/>
    <nd ref="10224032631"/>
    <nd ref="6598535234"/>
    <nd ref="6598535233"/>
    <nd ref="6598535232"/>
    <nd ref="10224024803"/>
    <nd ref="10224024804"/>
    <nd ref="6598535241"/>
    <nd ref="10224024801"/>
    <nd ref="9004888713"/>
    <nd ref="6598535231"/>
    <nd ref="9235539558"/>
    <tag k="footway" v="sidewalk"/>
    <tag k="highway" v="footway"/>
    <tag k="lit" v="yes"/>
    <tag k="surface" v="paving_stones"/>
  </way>
  <way id="1117867018">
    <nd ref="10224024808"/>
    <nd ref="6598535222"/>
    <tag k="footway" v="sidewalk"/>
    <tag k="highway" v="footway"/>
    <tag k="surface" v="paving_stones"/>
  </way>
  <way id="1117867021">
    <nd ref="6598535217"/>
    <nd ref="6597464497"/>
    <tag k="footway" v="sidewalk"/>
    <tag k="highway" v="footway"/>
    <tag k="surface" v="paving_stones"/>
  </way>
  <way id="1117867022">
    <nd ref="10224024811"/>
    <nd ref="6598535222"/>
    <nd ref="6598535217"/>
    <nd ref="6598535221"/>
    <nd ref="10224024812"/>
    <tag k="footway" v="sidewalk"/>
    <tag k="highway" v="footway"/>
    <tag k="surface" v="paving_stones"/>
  </way>
  <way id="1117867023">
    <nd ref="10224024812"/>
    <nd ref="12246639278"/>
    <nd ref="8396064851"/>
    <tag k="footway" v="sidewalk"/>
    <tag k="highway" v="footway"/>
    <tag k="surface" v="concrete"/>
  </way>
  <way id="1117867024">
    <nd ref="9647769356"/>
    <nd ref="12055680088"/>
    <nd ref="4578017557"/>
    <tag k="bicycle" v="yes"/>
    <tag k="cycleway:left" v="shared_lane"/>
    <tag k="cycleway:left:lane" v="pictogram"/>
    <tag k="cycleway:left:oneway" v="yes"/>
    <tag k="cycleway:right" v="no"/>
    <tag k="highway" v="residential"/>
    <tag k="lanes" v="3"/>
    <tag k="name" v="West 43rd Street"/>
    <tag k="name:ru" v="Западная 43-я стрит"/>
    <tag k="oneway" v="yes"/>
    <tag k="sidewalk:both" v="separate"/>
    <tag k="surface" v="asphalt"/>
    <tag k="turn:lanes" v="left|through|through"/>
  </way>
  <way id="1117867025">
    <nd ref="4578017558"/>
    <nd ref="42439981"/>
    <tag k="bicycle" v="yes"/>
    <tag k="cycleway:left" v="shared_lane"/>
    <tag k="cycleway:left:lane" v="pictogram"/>
    <tag k="cycleway:left:oneway" v="yes"/>
    <tag k="cycleway:right" v="no"/>
    <tag k="highway" v="residential"/>
    <tag k="lanes" v="3"/>
    <tag k="name" v="West 43rd Street"/>
    <tag k="name:ru" v="Западная 43-я стрит"/>
    <tag k="oneway" v="yes"/>
    <tag k="sidewalk:both" v="separate"/>
    <tag k="surface" v="asphalt"/>
    <tag k="turn:lanes" v="left|through|through"/>
  </way>
  <way id="1117867026">
    <nd ref="10224024813"/>
    <nd ref="42439984"/>
    <tag k="bicycle" v="yes"/>
    <tag k="cycleway" v="shared_lane"/>
    <tag k="highway" v="residential"/>
    <tag k="lanes" v="1"/>
    <tag k="name" v="West 44th Street"/>
    <tag k="name:ru" v="Западная 44-я стрит"/>
    <tag k="oneway" v="yes"/>
    <tag k="sidewalk:both" v="separate"/>
    <tag k="surface" v="asphalt"/>
  </way>
  <way id="1117867027">
    <nd ref="10224024814"/>
    <nd ref="10224024815"/>
    <nd ref="3974095828"/>
    <nd ref="10224024813"/>
    <tag k="bicycle" v="yes"/>
    <tag k="cycleway" v="shared_lane"/>
    <tag k="highway" v="residential"/>
    <tag k="lanes" v="1"/>
    <tag k="name" v="West 44th Street"/>
    <tag k="name:ru" v="Западная 44-я стрит"/>
    <tag k="oneway" v="yes"/>
    <tag k="sidewalk:both" v="separate"/>
    <tag k="surface" v="paving_stones"/>
  </way>
  <way id="1117867028">
    <nd ref="42439984"/>
    <nd ref="10224024816"/>
    <tag k="bicycle" v="yes"/>
    <tag k="cycleway" v="shared_lane"/>
    <tag k="cycleway:left" v="lane"/>
    <tag k="highway" v="residential"/>
    <tag k="lanes" v="1"/>
    <tag k="name" v="West 44th Street"/>
    <tag k="name:ru" v="Западная 44-я стрит"/>
    <tag k="oneway" v="yes"/>
    <tag k="sidewalk:both" v="separate"/>
    <tag k="surface" v="asphalt"/>
  </way>
  <way id="1117867029">
    <nd ref="10224024816"/>
    <nd ref="10224024800"/>
    <nd ref="12055677931"/>
    <nd ref="6598535230"/>
    <nd ref="9235539560"/>
    <tag k="bicycle" v="yes"/>
    <tag k="cycleway" v="shared_lane"/>
    <tag k="cycleway:left" v="lane"/>
    <tag k="highway" v="residential"/>
    <tag k="lanes" v="1"/>
    <tag k="name" v="West 44th Street"/>
    <tag k="name:ru" v="Западная 44-я стрит"/>
    <tag k="oneway" v="yes"/>
    <tag k="sidewalk:both" v="separate"/>
    <tag k="surface" v="paving_stones"/>
  </way>
  <way id="1117867030">
    <nd ref="6598535221"/>
    <nd ref="10224032622"/>
    <tag k="footway" v="sidewalk"/>
    <tag k="highway" v="footway"/>
    <tag k="surface" v="paving_stones"/>
  </way>
  <way id="1117867032">
    <nd ref="10224032623"/>
    <nd ref="6598535221"/>
    <tag k="footway" v="sidewalk"/>
    <tag k="highway" v="footway"/>
    <tag k="surface" v="paving_stones"/>
  </way>
  <way id="1117867035">
    <nd ref="10224032626"/>
    <nd ref="3974095830"/>
    <tag k="footway" v="sidewalk"/>
    <tag k="highway" v="footway"/>
    <tag k="lit" v="yes"/>
    <tag k="surface" v="paving_stones"/>
  </way>
  <way id="1117867038">
    <nd ref="42430344"/>
    <nd ref="8373393481"/>
    <nd ref="8318633103"/>
    <nd ref="9665064784"/>
    <nd ref="6597464446"/>
    <tag k="cycleway:right" v="no"/>
    <tag k="hgv" v="destination"/>
    <tag k="highway" v="secondary"/>
    <tag k="lanes" v="1"/>
    <tag k="lit" v="yes"/>
    <tag k="name" v="West 45th Street"/>
    <tag k="name:ru" v="Западная 45-я стрит"/>
    <tag k="oneway" v="yes"/>
    <tag k="sidewalk:both" v="separate"/>
    <tag k="surface" v="asphalt"/>
  </way>
  <way id="1117867039">
    <nd ref="10224032629"/>
    <nd ref="3974095832"/>
    <nd ref="6597464445"/>
    <tag k="cycleway:right" v="no"/>
    <tag k="hgv" v="destination"/>
    <tag k="highway" v="secondary"/>
    <tag k="lanes" v="1"/>
    <tag k="name" v="West 45th Street"/>
    <tag k="name:ru" v="Западная 45-я стрит"/>
    <tag k="oneway" v="yes"/>
    <tag k="sidewalk:both" v="separate"/>
    <tag k="surface" v="paving_stones"/>
  </way>
  <way id="1117867040">
    <nd ref="10224032630"/>
    <nd ref="42428297"/>
    <nd ref="10224032629"/>
    <tag k="cycleway:right" v="no"/>
    <tag k="hgv" v="destination"/>
    <tag k="highway" v="secondary"/>
    <tag k="lanes" v="1"/>
    <tag k="name" v="West 45th Street"/>
    <tag k="name:ru" v="Западная 45-я стрит"/>
    <tag k="oneway" v="yes"/>
    <tag k="sidewalk:both" v="separate"/>
    <tag k="surface" v="asphalt"/>
  </way>
  <way id="1117867041">
    <nd ref="6597464446"/>
    <nd ref="10224032638"/>
    <nd ref="10224032630"/>
    <tag k="cycleway:right" v="no"/>
    <tag k="hgv" v="destination"/>
    <tag k="highway" v="secondary"/>
    <tag k="lanes" v="1"/>
    <tag k="name" v="West 45th Street"/>
    <tag k="name:ru" v="Западная 45-я стрит"/>
    <tag k="oneway" v="yes"/>
    <tag k="sidewalk:both" v="separate"/>
    <tag k="surface" v="paving_stones"/>
  </way>
  <way id="1117867043">
    <nd ref="6598535234"/>
    <nd ref="4578017556"/>
    <tag k="footway" v="sidewalk"/>
    <tag k="highway" v="footway"/>
    <tag k="surface" v="paving_stones"/>
  </way>
  <way id="1117867044">
    <nd ref="3974095830"/>
    <nd ref="4707407260"/>
    <tag k="footway" v="sidewalk"/>
    <tag k="highway" v="footway"/>
    <tag k="surface" v="paving_stones"/>
  </way>
  <way id="1117867046">
    <nd ref="4707407260"/>
    <nd ref="10224032638"/>
    <nd ref="6596799508"/>
    <tag k="crossing" v="traffic_signals"/>
    <tag k="footway" v="crossing"/>
    <tag k="highway" v="footway"/>
    <tag k="surface" v="paving_stones"/>
  </way>
  <way id="1117867047">
    <nd ref="10224032640"/>
    <nd ref="6598535200"/>
    <tag k="access" v="yes"/>
    <tag k="bicycle" v="dismount"/>
    <tag k="cycleway" v="no"/>
    <tag k="footway" v="sidewalk"/>
    <tag k="highway" v="footway"/>
    <tag k="motor_vehicle" v="no"/>
    <tag k="note" v="closed to motor vehicles May 24, 2009"/>
    <tag k="oneway" v="no"/>
    <tag k="surface" v="paving_stones"/>
    <tag k="tiger:cfcc" v="A41"/>
    <tag k="tiger:county" v="New York, NY"/>
    <tag k="tiger:name_base" v="Broadway"/>
    <tag k="tiger:zip_left" v="10019"/>
    <tag k="tiger:zip_right" v="10019"/>
  </way>
  <way id="1117867049">
    <nd ref="6598535197"/>
    <nd ref="6596799508"/>
    <tag k="footway" v="sidewalk"/>
    <tag k="highway" v="footway"/>
    <tag k="surface" v="paving_stones"/>
  </way>
  <way id="1117867050">
    <nd ref="6598535191"/>
    <nd ref="6598535189"/>
    <nd ref="6598535200"/>
    <nd ref="6598535197"/>
    <nd ref="10224032641"/>
    <tag k="footway" v="sidewalk"/>
    <tag k="highway" v="footway"/>
    <tag k="lit" v="yes"/>
    <tag k="surface" v="paving_stones"/>
  </way>
  <way id="1117867051">
    <nd ref="8250912518"/>
    <nd ref="13915675573"/>
    <nd ref="6598535191"/>
    <tag k="footway" v="sidewalk"/>
    <tag k="highway" v="footway"/>
    <tag k="surface" v="concrete"/>
  </way>
  <way id="1117867054">
    <nd ref="9004888709"/>
    <nd ref="6598535203"/>
    <tag k="footway" v="sidewalk"/>
    <tag k="highway" v="footway"/>
    <tag k="surface" v="paving_stones"/>
  </way>
  <way id="1117867055">
    <nd ref="6598535206"/>
    <nd ref="6598535207"/>
    <nd ref="9354852635"/>
    <tag k="footway" v="sidewalk"/>
    <tag k="highway" v="footway"/>
    <tag k="lit" v="yes"/>
    <tag k="surface" v="concrete"/>
  </way>
  <way id="1117867059">
    <nd ref="6598535169"/>
    <nd ref="6597464391"/>
    <tag k="footway" v="sidewalk"/>
    <tag k="highway" v="footway"/>
    <tag k="surface" v="paving_stones"/>
  </way>
  <way id="1117867061">
    <nd ref="6596799514"/>
    <nd ref="6598535189"/>
    <tag k="footway" v="sidewalk"/>
    <tag k="highway" v="footway"/>
    <tag k="lit" v="yes"/>
    <tag k="surface" v="paving_stones"/>
  </way>
  <way id="1117867062">
    <nd ref="6596799513"/>
    <nd ref="6598535189"/>
    <tag k="footway" v="sidewalk"/>
    <tag k="highway" v="footway"/>
    <tag k="lit" v="yes"/>
    <tag k="surface" v="paving_stones"/>
  </way>
  <way id="1118420710">
    <nd ref="6598535172"/>
    <nd ref="6598535158"/>
    <nd ref="6598535181"/>
    <nd ref="10228962340"/>
    <nd ref="6598535180"/>
    <nd ref="6598535179"/>
    <nd ref="10228962358"/>
    <nd ref="4578044149"/>
    <nd ref="6598535173"/>
    <nd ref="8250885533"/>
    <tag k="footway" v="sidewalk"/>
    <tag k="highway" v="footway"/>
    <tag k="lit" v="yes"/>
    <tag k="surface" v="paving_stones"/>
  </way>
  <way id="1118420711">
    <nd ref="10228962332"/>
    <nd ref="6598535179"/>
    <tag k="footway" v="sidewalk"/>
    <tag k="highway" v="footway"/>
    <tag k="surface" v="paving_stones"/>
  </way>
  <way id="1118420712">
    <nd ref="10228962332"/>
    <nd ref="10228962331"/>
    <nd ref="6597464412"/>
    <tag k="crossing" v="traffic_signals"/>
    <tag k="crossing:markings" v="zebra"/>
    <tag k="footway" v="crossing"/>
    <tag k="highway" v="footway"/>
  </way>
  <way id="1118420713">
    <nd ref="6597464410"/>
    <nd ref="10228962335"/>
    <nd ref="6597429978"/>
    <tag k="crossing" v="traffic_signals"/>
    <tag k="crossing:markings" v="zebra"/>
    <tag k="footway" v="crossing"/>
    <tag k="highway" v="footway"/>
  </way>
  <way id="1118420714">
    <nd ref="10228962336"/>
    <nd ref="10228962338"/>
    <nd ref="10228962337"/>
    <tag k="crossing" v="traffic_signals"/>
    <tag k="crossing:markings" v="zebra"/>
    <tag k="footway" v="crossing"/>
    <tag k="highway" v="footway"/>
  </way>
  <way id="1118420716">
    <nd ref="9354852633"/>
    <nd ref="6598535158"/>
    <tag k="footway" v="sidewalk"/>
    <tag k="highway" v="footway"/>
    <tag k="surface" v="paving_stones"/>
  </way>
  <way id="1118420717">
    <nd ref="6598535162"/>
    <nd ref="10228962339"/>
    <tag k="footway" v="sidewalk"/>
    <tag k="highway" v="footway"/>
    <tag k="surface" v="paving_stones"/>
  </way>
  <way id="1118420719">
    <nd ref="10228962337"/>
    <nd ref="6598535162"/>
    <tag k="footway" v="sidewalk"/>
    <tag k="highway" v="footway"/>
    <tag k="surface" v="paving_stones"/>
  </way>
  <way id="1118420720">
    <nd ref="6598535168"/>
    <nd ref="13915675566"/>
    <nd ref="13915675568"/>
    <nd ref="13915675567"/>
    <nd ref="13915675572"/>
    <nd ref="6598535160"/>
    <tag k="footway" v="sidewalk"/>
    <tag k="highway" v="footway"/>
    <tag k="lit" v="yes"/>
    <tag k="surface" v="concrete"/>
  </way>
  <way id="1118420721">
    <nd ref="10228962341"/>
    <nd ref="6598535162"/>
    <nd ref="6598535170"/>
    <nd ref="6598535169"/>
    <nd ref="6598535168"/>
    <tag k="footway" v="sidewalk"/>
    <tag k="highway" v="footway"/>
    <tag k="lit" v="yes"/>
    <tag k="surface" v="paving_stones"/>
  </way>
  <way id="1118420722">
    <nd ref="6597429978"/>
    <nd ref="10228962342"/>
    <nd ref="10552769770"/>
    <nd ref="8375496965"/>
    <nd ref="10228962577"/>
    <nd ref="10172901895"/>
    <tag k="footway" v="sidewalk"/>
    <tag k="highway" v="footway"/>
    <tag k="lit" v="yes"/>
    <tag k="surface" v="concrete"/>
  </way>
  <way id="1118420723">
    <nd ref="10228962552"/>
    <nd ref="10172901883"/>
    <nd ref="10228962343"/>
    <nd ref="6597464412"/>
    <tag k="footway" v="sidewalk"/>
    <tag k="highway" v="footway"/>
  </way>
  <way id="1118420724">
    <nd ref="8250885535"/>
    <nd ref="6598535185"/>
    <nd ref="8250885534"/>
    <tag k="footway" v="sidewalk"/>
    <tag k="highway" v="footway"/>
    <tag k="lit" v="yes"/>
    <tag k="surface" v="concrete"/>
  </way>
  <way id="1118420725">
    <nd ref="4578044149"/>
    <nd ref="6598535184"/>
    <tag k="access" v="yes"/>
    <tag k="bicycle" v="dismount"/>
    <tag k="cycleway" v="no"/>
    <tag k="highway" v="pedestrian"/>
    <tag k="lit" v="yes"/>
    <tag k="motor_vehicle" v="no"/>
    <tag k="name" v="Broadway"/>
    <tag k="name:en" v="Broadway"/>
    <tag k="name:ja" v="ブロードウェイ"/>
    <tag k="name:ru" v="Бродвей"/>
    <tag k="name:zh" v="百老匯"/>
    <tag k="name:zh-Hans" v="百老汇"/>
    <tag k="name:zh-Hant" v="百老匯"/>
    <tag k="note" v="closed to motor vehicles May 24, 2009"/>
    <tag k="oneway" v="no"/>
    <tag k="surface" v="paving_stones"/>
    <tag k="wikidata" v="Q11260"/>
    <tag k="wikipedia" v="en:Broadway (Manhattan)"/>
  </way>
  <way id="1118420726">
    <nd ref="6598535172"/>
    <nd ref="10228962346"/>
    <tag k="footway" v="sidewalk"/>
    <tag k="highway" v="footway"/>
    <tag k="lit" v="yes"/>
    <tag k="surface" v="paving_stones"/>
  </way>
  <way id="1118420728">
    <nd ref="8250885534"/>
    <nd ref="6598535174"/>
    <nd ref="6598535184"/>
    <nd ref="10228962359"/>
    <nd ref="6598535172"/>
    <nd ref="6597464478"/>
    <tag k="footway" v="sidewalk"/>
    <tag k="highway" v="footway"/>
    <tag k="lit" v="yes"/>
    <tag k="surface" v="paving_stones"/>
  </way>
  <way id="1118420731">
    <nd ref="6597464471"/>
    <nd ref="6598535171"/>
    <tag k="footway" v="sidewalk"/>
    <tag k="highway" v="footway"/>
    <tag k="lit" v="no"/>
    <tag k="surface" v="paving_stones"/>
  </way>
  <way id="1118420732">
    <nd ref="6598535187"/>
    <nd ref="10228962351"/>
    <tag k="footway" v="sidewalk"/>
    <tag k="highway" v="footway"/>
    <tag k="lit" v="yes"/>
    <tag k="surface" v="paving_stones"/>
  </way>
  <way id="1118420734">
    <nd ref="10228962350"/>
    <nd ref="6598535174"/>
    <tag k="footway" v="sidewalk"/>
    <tag k="highway" v="footway"/>
    <tag k="lit" v="yes"/>
    <tag k="surface" v="paving_stones"/>
  </way>
  <way id="1118420736">
    <nd ref="6598535173"/>
    <nd ref="10228962354"/>
    <tag k="footway" v="sidewalk"/>
    <tag k="highway" v="footway"/>
    <tag k="lit" v="yes"/>
    <tag k="surface" v="paving_stones"/>
  </way>
  <way id="1118420737">
    <nd ref="10228962354"/>
    <nd ref="10228962357"/>
    <nd ref="10228962355"/>
    <tag k="crossing" v="traffic_signals"/>
    <tag k="footway" v="crossing"/>
    <tag k="highway" v="footway"/>
    <tag k="lit" v="yes"/>
  </way>
  <way id="1118420738">
    <nd ref="10228962358"/>
    <nd ref="10228962359"/>
    <tag k="highway" v="footway"/>
    <tag k="lit" v="yes"/>
    <tag k="surface" v="paving_stones"/>
  </way>
  <way id="1118420740">
    <nd ref="10228962369"/>
    <nd ref="10228962358"/>
    <tag k="footway" v="sidewalk"/>
    <tag k="highway" v="footway"/>
    <tag k="lit" v="yes"/>
    <tag k="surface" v="paving_stones"/>
  </way>
  <way id="1118420741">
    <nd ref="10228962369"/>
    <nd ref="2435108448"/>
    <nd ref="10228962370"/>
    <tag k="crossing" v="traffic_signals"/>
    <tag k="footway" v="crossing"/>
    <tag k="highway" v="footway"/>
    <tag k="lit" v="yes"/>
  </way>
  <way id="1118420743">
    <nd ref="10228962373"/>
    <nd ref="6598535170"/>
    <tag k="footway" v="sidewalk"/>
    <tag k="highway" v="footway"/>
    <tag k="surface" v="paving_stones"/>
  </way>
  <way id="1118420746">
    <nd ref="10228962375"/>
    <nd ref="6598535188"/>
    <nd ref="6596799513"/>
    <tag k="crossing" v="traffic_signals"/>
    <tag k="crossing:markings" v="zebra"/>
    <tag k="footway" v="crossing"/>
    <tag k="highway" v="footway"/>
    <tag k="lit" v="yes"/>
    <tag k="surface" v="asphalt"/>
  </way>
  <way id="1118420748">
    <nd ref="6598535187"/>
    <nd ref="6598535214"/>
    <tag k="highway" v="footway"/>
    <tag k="lit" v="no"/>
    <tag k="surface" v="paving_stones"/>
  </way>
  <way id="1118420749">
    <nd ref="10228962377"/>
    <nd ref="6598535171"/>
    <tag k="footway" v="sidewalk"/>
    <tag k="highway" v="footway"/>
    <tag k="lit" v="no"/>
    <tag k="surface" v="paving_stones"/>
  </way>
  <way id="1118420751">
    <nd ref="10228962521"/>
    <nd ref="10228962401"/>
    <nd ref="10228962343"/>
    <nd ref="6597464410"/>
    <tag k="footway" v="sidewalk"/>
    <tag k="highway" v="footway"/>
    <tag k="lit" v="yes"/>
  </way>
  <way id="1118420755">
    <nd ref="10228962402"/>
    <nd ref="10228962409"/>
    <tag k="footway" v="traffic_island"/>
    <tag k="highway" v="footway"/>
    <tag k="lit" v="yes"/>
    <tag k="surface" v="concrete"/>
  </way>
  <way id="1118420756">
    <nd ref="10228962409"/>
    <nd ref="12989986306"/>
    <nd ref="10228962521"/>
    <tag k="crossing" v="traffic_signals"/>
    <tag k="footway" v="crossing"/>
    <tag k="highway" v="footway"/>
    <tag k="lit" v="yes"/>
  </way>
  <way id="1118420757">
    <nd ref="10228962402"/>
    <nd ref="10228962523"/>
    <nd ref="10228962522"/>
    <tag k="crossing" v="traffic_signals"/>
    <tag k="footway" v="crossing"/>
    <tag k="highway" v="footway"/>
    <tag k="lit" v="yes"/>
  </way>
  <way id="1118420759">
    <nd ref="10228962355"/>
    <nd ref="10228962524"/>
    <nd ref="10228962522"/>
    <tag k="footway" v="sidewalk"/>
    <tag k="highway" v="footway"/>
    <tag k="lit" v="yes"/>
  </way>
  <way id="1118420763">
    <nd ref="6597473579"/>
    <nd ref="10173121977"/>
    <tag k="footway" v="sidewalk"/>
    <tag k="highway" v="footway"/>
  </way>
  <way id="1118420764">
    <nd ref="10228962532"/>
    <nd ref="10228962525"/>
    <tag k="footway" v="traffic_island"/>
    <tag k="highway" v="footway"/>
    <tag k="smoothness" v="good"/>
    <tag k="surface" v="concrete"/>
  </way>
  <way id="1118420766">
    <nd ref="10228962525"/>
    <nd ref="12989986307"/>
    <nd ref="6597464400"/>
    <tag k="crossing" v="traffic_signals"/>
    <tag k="footway" v="crossing"/>
    <tag k="highway" v="footway"/>
    <tag k="smoothness" v="good"/>
    <tag k="surface" v="asphalt"/>
    <tag k="traffic_signals:vibration" v="no"/>
  </way>
  <way id="1118420768">
    <nd ref="6597464402"/>
    <nd ref="10173121979"/>
    <nd ref="10228962401"/>
    <nd ref="10228962370"/>
    <tag k="footway" v="sidewalk"/>
    <tag k="highway" v="footway"/>
    <tag k="lit" v="yes"/>
    <tag k="smoothness" v="intermediate"/>
    <tag k="surface" v="concrete:plates"/>
  </way>
  <way id="1118420769">
    <nd ref="10228962544"/>
    <nd ref="2435108459"/>
    <nd ref="10228962532"/>
    <tag k="crossing" v="traffic_signals"/>
    <tag k="footway" v="crossing"/>
    <tag k="highway" v="footway"/>
    <tag k="smoothness" v="good"/>
    <tag k="surface" v="asphalt"/>
    <tag k="traffic_signals:vibration" v="no"/>
  </way>
  <way id="1118420771">
    <nd ref="10228962524"/>
    <nd ref="10173121978"/>
    <tag k="footway" v="sidewalk"/>
    <tag k="highway" v="footway"/>
    <tag k="lit" v="yes"/>
    <tag k="surface" v="concrete"/>
  </way>
  <way id="1118420772">
    <nd ref="10228962550"/>
    <nd ref="10173121984"/>
    <nd ref="10173121978"/>
    <nd ref="10228962544"/>
    <tag k="footway" v="sidewalk"/>
    <tag k="highway" v="footway"/>
    <tag k="smoothness" v="intermediate"/>
    <tag k="surface" v="concrete"/>
  </way>
  <way id="1118420774">
    <nd ref="6597464402"/>
    <nd ref="10173121980"/>
    <nd ref="10228962551"/>
    <tag k="crossing" v="traffic_signals"/>
    <tag k="footway" v="crossing"/>
    <tag k="highway" v="footway"/>
    <tag k="smoothness" v="intermediate"/>
    <tag k="surface" v="asphalt"/>
    <tag k="traffic_signals:vibration" v="no"/>
  </way>
  <way id="1118420777">
    <nd ref="6597464400"/>
    <nd ref="10173121979"/>
    <nd ref="10172901883"/>
    <nd ref="10228962553"/>
    <tag k="footway" v="sidewalk"/>
    <tag k="highway" v="footway"/>
    <tag k="smoothness" v="intermediate"/>
    <tag k="surface" v="concrete:plates"/>
  </way>
  <way id="1118420779">
    <nd ref="11198923678"/>
    <nd ref="10172901886"/>
    <nd ref="11198923679"/>
    <tag k="crossing" v="traffic_signals"/>
    <tag k="crossing:markings" v="zebra"/>
    <tag k="footway" v="crossing"/>
    <tag k="highway" v="footway"/>
    <tag k="smoothness" v="intermediate"/>
    <tag k="surface" v="concrete:plates"/>
  </way>
  <way id="1118420783">
    <nd ref="10173121981"/>
    <nd ref="10172901885"/>
    <nd ref="11198923678"/>
    <tag k="footway" v="sidewalk"/>
    <tag k="highway" v="footway"/>
    <tag k="smoothness" v="good"/>
    <tag k="surface" v="concrete:plates"/>
  </way>
  <way id="1118420784">
    <nd ref="12810424955"/>
    <nd ref="12810424962"/>
    <nd ref="10173121981"/>
    <nd ref="10228962551"/>
    <tag k="footway" v="sidewalk"/>
    <tag k="highway" v="footway"/>
    <tag k="smoothness" v="intermediate"/>
    <tag k="surface" v="concrete"/>
  </way>
  <way id="1118420785">
    <nd ref="10228962555"/>
    <nd ref="2435108436"/>
    <nd ref="10228962550"/>
    <tag k="crossing" v="traffic_signals"/>
    <tag k="crossing:markings" v="zebra"/>
    <tag k="footway" v="crossing"/>
    <tag k="highway" v="footway"/>
    <tag k="traffic_signals:vibration" v="no"/>
  </way>
  <way id="1118420791">
    <nd ref="11198923680"/>
    <nd ref="10172901889"/>
    <nd ref="10228962342"/>
    <nd ref="10228962336"/>
    <tag k="footway" v="sidewalk"/>
    <tag k="highway" v="footway"/>
  </way>
  <way id="1118420792">
    <nd ref="10168088489"/>
    <nd ref="10228962576"/>
    <nd ref="10228962524"/>
    <tag k="footway" v="sidewalk"/>
    <tag k="highway" v="footway"/>
    <tag k="lit" v="yes"/>
    <tag k="surface" v="concrete"/>
  </way>
  <way id="1118420794">
    <nd ref="10172901898"/>
    <nd ref="10166333084"/>
    <tag k="footway" v="sidewalk"/>
    <tag k="highway" v="footway"/>
    <tag k="smoothness" v="good"/>
    <tag k="surface" v="concrete"/>
  </way>
  <way id="1118420795">
    <nd ref="10172901898"/>
    <nd ref="10166333045"/>
    <tag k="footway" v="sidewalk"/>
    <tag k="highway" v="footway"/>
    <tag k="surface" v="concrete"/>
  </way>
  <way id="1118420796">
    <nd ref="10166333048"/>
    <nd ref="10228962578"/>
    <nd ref="13342644352"/>
    <nd ref="4799735124"/>
    <nd ref="13342644353"/>
    <nd ref="10228962579"/>
    <nd ref="10172901897"/>
    <tag k="check_date:surface" v="2023-06-01"/>
    <tag k="footway" v="sidewalk"/>
    <tag k="highway" v="footway"/>
    <tag k="lit" v="no"/>
    <tag k="surface" v="concrete:plates"/>
  </way>
  <way id="1118420797">
    <nd ref="10228962564"/>
    <nd ref="10228962557"/>
    <tag k="footway" v="sidewalk"/>
    <tag k="highway" v="footway"/>
    <tag k="smoothness" v="good"/>
    <tag k="surface" v="asphalt"/>
  </way>
  <way id="1118420798">
    <nd ref="10228962564"/>
    <nd ref="12810424954"/>
    <nd ref="6597473577"/>
    <tag k="crossing" v="traffic_signals"/>
    <tag k="crossing:island" v="no"/>
    <tag k="crossing:markings" v="zebra"/>
    <tag k="crossing:signals" v="yes"/>
    <tag k="footway" v="crossing"/>
    <tag k="highway" v="footway"/>
    <tag k="surface" v="asphalt"/>
  </way>
  <way id="1119278890">
    <nd ref="10236589214"/>
    <nd ref="3971196621"/>
    <nd ref="10236589215"/>
    <tag k="crossing" v="traffic_signals"/>
    <tag k="crossing:markings" v="zebra"/>
    <tag k="crossing:signals" v="yes"/>
    <tag k="footway" v="crossing"/>
    <tag k="highway" v="footway"/>
    <tag k="lit" v="yes"/>
    <tag k="surface" v="asphalt"/>
  </way>
  <way id="1119278891">
    <nd ref="10236589213"/>
    <nd ref="10172901907"/>
    <nd ref="11065064851"/>
    <nd ref="11304895436"/>
    <nd ref="11065064850"/>
    <nd ref="11304895433"/>
    <nd ref="11066102537"/>
    <nd ref="13342644343"/>
    <nd ref="11066102536"/>
    <tag k="footway" v="sidewalk"/>
    <tag k="highway" v="footway"/>
    <tag k="lit" v="yes"/>
    <tag k="surface" v="concrete"/>
  </way>
  <way id="1119278892">
    <nd ref="10172901909"/>
    <nd ref="10236589216"/>
    <tag k="footway" v="sidewalk"/>
    <tag k="highway" v="footway"/>
    <tag k="surface" v="concrete"/>
  </way>
  <way id="1119278893">
    <nd ref="10236589217"/>
    <nd ref="10172901910"/>
    <tag k="footway" v="sidewalk"/>
    <tag k="highway" v="footway"/>
    <tag k="lit" v="yes"/>
    <tag k="surface" v="concrete"/>
  </way>
  <way id="1121915656">
    <nd ref="10261258831"/>
    <nd ref="10261258834"/>
    <tag k="covered" v="yes"/>
    <tag k="highway" v="footway"/>
    <tag k="lit" v="yes"/>
    <tag k="name" v="McGraw-Hill Waterfall Tunnel"/>
    <tag k="smoothness" v="good"/>
    <tag k="surface" v="concrete"/>
    <tag k="tourism" v="attraction"/>
    <tag k="wheelchair" v="yes"/>
  </way>
  <way id="1131766406">
    <nd ref="10552769769"/>
    <nd ref="10552769771"/>
    <tag k="highway" v="footway"/>
    <tag k="lit" v="yes"/>
    <tag k="surface" v="concrete"/>
    <tag k="tunnel" v="building_passage"/>
  </way>
  <way id="1131766407">
    <nd ref="10552769771"/>
    <nd ref="10552769770"/>
    <tag k="highway" v="footway"/>
    <tag k="lit" v="yes"/>
    <tag k="surface" v="concrete"/>
  </way>
  <way id="1131766408">
    <nd ref="10552769768"/>
    <nd ref="10552769769"/>
    <tag k="highway" v="footway"/>
    <tag k="surface" v="concrete"/>
  </way>
  <way id="1136460176">
    <nd ref="42428308"/>
    <nd ref="4322008116"/>
    <nd ref="2435108447"/>
    <nd ref="4207978589"/>
    <tag k="cycleway:right" v="no"/>
    <tag k="hgv" v="destination"/>
    <tag k="highway" v="secondary"/>
    <tag k="lanes" v="2"/>
    <tag k="name" v="West 50th Street"/>
    <tag k="name:ru" v="Западная 50-я стрит"/>
    <tag k="oneway" v="yes"/>
    <tag k="sidewalk:both" v="separate"/>
    <tag k="surface" v="asphalt"/>
    <tag k="wikidata" v="Q4639969"/>
    <tag k="wikipedia" v="en:50th Street (Manhattan)"/>
  </way>
  <way id="1136460177">
    <nd ref="42428308"/>
    <nd ref="2435108455"/>
    <nd ref="12986907232"/>
    <tag k="cycleway:left" v="track"/>
    <tag k="cycleway:left:oneway" v="yes"/>
    <tag k="highway" v="tertiary"/>
    <tag k="lanes" v="1"/>
    <tag k="lit" v="yes"/>
    <tag k="maxspeed:conditional" v="5 mph @ (08:00-20:00)"/>
    <tag k="motor_vehicle:conditional" v="destination @ (08:00-20:00)"/>
    <tag k="name" v="Broadway"/>
    <tag k="name:en" v="Broadway"/>
    <tag k="name:ja" v="ブロードウェイ"/>
    <tag k="name:ru" v="Бродвей"/>
    <tag k="name:zh" v="百老匯"/>
    <tag k="name:zh-Hans" v="百老汇"/>
    <tag k="name:zh-Hant" v="百老匯"/>
    <tag k="oneway" v="yes"/>
    <tag k="sidewalk:both" v="separate"/>
    <tag k="sidewalk:both:surface" v="asphalt"/>
    <tag k="surface" v="asphalt"/>
    <tag k="wikidata" v="Q11260"/>
    <tag k="wikipedia" v="en:Broadway (Manhattan)"/>
  </way>
  <way id="1136460178">
    <nd ref="10594155705"/>
    <nd ref="2435108453"/>
    <nd ref="42428308"/>
    <tag k="cycleway:left" v="track"/>
    <tag k="cycleway:left:oneway" v="yes"/>
    <tag k="highway" v="tertiary"/>
    <tag k="lanes" v="2"/>
    <tag k="lit" v="yes"/>
    <tag k="maxspeed:conditional" v="5 mph @ (08:00-20:00)"/>
    <tag k="motor_vehicle:conditional" v="destination @ (08:00-20:00)"/>
    <tag k="name" v="Broadway"/>
    <tag k="name:en" v="Broadway"/>
    <tag k="name:ja" v="ブロードウェイ"/>
    <tag k="name:ru" v="Бродвей"/>
    <tag k="name:zh" v="百老匯"/>
    <tag k="name:zh-Hans" v="百老汇"/>
    <tag k="name:zh-Hant" v="百老匯"/>
    <tag k="oneway" v="yes"/>
    <tag k="sidewalk:both" v="separate"/>
    <tag k="surface" v="asphalt"/>
    <tag k="turn:lanes" v="left|through"/>
    <tag k="wikidata" v="Q11260"/>
    <tag k="wikipedia" v="en:Broadway (Manhattan)"/>
  </way>
  <way id="1136460179">
    <nd ref="42428310"/>
    <nd ref="3977886863"/>
    <nd ref="10594155705"/>
    <tag k="cycleway:left" v="track"/>
    <tag k="cycleway:left:oneway" v="yes"/>
    <tag k="highway" v="tertiary"/>
    <tag k="lanes" v="2"/>
    <tag k="lit" v="yes"/>
    <tag k="maxspeed:conditional" v="5 mph @ (08:00-20:00)"/>
    <tag k="motor_vehicle:conditional" v="destination @ (08:00-20:00)"/>
    <tag k="name" v="Broadway"/>
    <tag k="name:en" v="Broadway"/>
    <tag k="name:ja" v="ブロードウェイ"/>
    <tag k="name:ru" v="Бродвей"/>
    <tag k="name:zh" v="百老匯"/>
    <tag k="name:zh-Hans" v="百老汇"/>
    <tag k="name:zh-Hant" v="百老匯"/>
    <tag k="oneway" v="yes"/>
    <tag k="sidewalk:both" v="separate"/>
    <tag k="surface" v="asphalt"/>
    <tag k="turn:lanes" v="left|none"/>
    <tag k="wikidata" v="Q11260"/>
    <tag k="wikipedia" v="en:Broadway (Manhattan)"/>
  </way>
  <way id="1149185707">
    <nd ref="9235539539"/>
    <nd ref="9235539541"/>
    <nd ref="6597498415"/>
    <tag k="crossing" v="traffic_signals"/>
    <tag k="crossing:island" v="no"/>
    <tag k="crossing:markings" v="zebra"/>
    <tag k="footway" v="crossing"/>
    <tag k="highway" v="footway"/>
    <tag k="lit" v="yes"/>
    <tag k="surface" v="asphalt"/>
    <tag k="tactile_paving" v="yes"/>
  </way>
  <way id="1149185708">
    <nd ref="9235539538"/>
    <nd ref="9235539543"/>
    <nd ref="9235539539"/>
    <tag k="crossing" v="traffic_signals"/>
    <tag k="crossing:island" v="no"/>
    <tag k="crossing:markings" v="zebra"/>
    <tag k="crossing:signals" v="yes"/>
    <tag k="footway" v="crossing"/>
    <tag k="highway" v="footway"/>
    <tag k="lit" v="yes"/>
    <tag k="surface" v="asphalt"/>
    <tag k="tactile_paving" v="yes"/>
  </way>
  <way id="1149185709">
    <nd ref="6597498416"/>
    <nd ref="9235539540"/>
    <nd ref="9235539537"/>
    <tag k="crossing" v="traffic_signals"/>
    <tag k="crossing:island" v="no"/>
    <tag k="crossing:markings" v="zebra"/>
    <tag k="crossing:signals" v="yes"/>
    <tag k="footway" v="crossing"/>
    <tag k="highway" v="footway"/>
    <tag k="lit" v="yes"/>
    <tag k="surface" v="asphalt"/>
    <tag k="tactile_paving" v="yes"/>
  </way>
  <way id="1160618888">
    <nd ref="3971196620"/>
    <nd ref="3971196619"/>
    <nd ref="42430352"/>
    <tag k="bicycle" v="yes"/>
    <tag k="cycleway:left" v="lane"/>
    <tag k="highway" v="residential"/>
    <tag k="lanes" v="1"/>
    <tag k="lit" v="yes"/>
    <tag k="name" v="West 48th Street"/>
    <tag k="name:ru" v="Западная 48-я стрит"/>
    <tag k="name_1" v="West 48 Street"/>
    <tag k="oneway" v="yes"/>
    <tag k="sidewalk:both" v="separate"/>
    <tag k="surface" v="asphalt"/>
  </way>
  <way id="1191850312">
    <nd ref="11066102534"/>
    <nd ref="13342644342"/>
    <nd ref="11066102535"/>
    <nd ref="11304874141"/>
    <nd ref="1058296139"/>
    <nd ref="11304895435"/>
    <nd ref="11065064852"/>
    <nd ref="11304895438"/>
    <nd ref="11065064854"/>
    <nd ref="11065064853"/>
    <tag k="footway" v="sidewalk"/>
    <tag k="highway" v="footway"/>
    <tag k="lit" v="yes"/>
    <tag k="surface" v="paving_stones"/>
  </way>
  <way id="1198594026">
    <nd ref="5849918504"/>
    <nd ref="10168088471"/>
    <nd ref="10168088478"/>
    <nd ref="42435671"/>
    <tag k="cycleway:left" v="track"/>
    <tag k="cycleway:left:oneway" v="yes"/>
    <tag k="hgv" v="local"/>
    <tag k="highway" v="secondary"/>
    <tag k="lanes" v="3"/>
    <tag k="lanes:bus" v="1"/>
    <tag k="lit" v="yes"/>
    <tag k="maxspeed" v="25 mph"/>
    <tag k="name" v="8th Avenue"/>
    <tag k="name:ru" v="8-я Авеню"/>
    <tag k="name_1" v="8 Avenue"/>
    <tag k="oneway" v="yes"/>
    <tag k="sidewalk:both" v="separate"/>
    <tag k="surface" v="asphalt"/>
    <tag k="wikidata" v="Q109951"/>
    <tag k="wikipedia" v="en:Eighth Avenue (Manhattan)"/>
  </way>
  <way id="1198594027">
    <nd ref="42435671"/>
    <nd ref="10168088476"/>
    <nd ref="42443559"/>
    <nd ref="10224024814"/>
    <tag k="bicycle" v="yes"/>
    <tag k="cycleway" v="shared_lane"/>
    <tag k="highway" v="residential"/>
    <tag k="lanes" v="1"/>
    <tag k="name" v="West 44th Street"/>
    <tag k="name:ru" v="Западная 44-я стрит"/>
    <tag k="oneway" v="yes"/>
    <tag k="sidewalk:both" v="separate"/>
    <tag k="surface" v="asphalt"/>
  </way>
  <way id="1198594028">
    <nd ref="42432700"/>
    <nd ref="10168088484"/>
    <nd ref="9665064785"/>
    <tag k="cycleway:right" v="no"/>
    <tag k="hgv" v="destination"/>
    <tag k="highway" v="secondary"/>
    <tag k="lanes" v="1"/>
    <tag k="lit" v="yes"/>
    <tag k="name" v="West 45th Street"/>
    <tag k="name:ru" v="Западная 45-я стрит"/>
    <tag k="oneway" v="yes"/>
    <tag k="sidewalk:both" v="separate"/>
    <tag k="surface" v="asphalt"/>
  </way>
  <way id="1198594029">
    <nd ref="11191334801"/>
    <nd ref="10168088483"/>
    <nd ref="42432700"/>
    <tag k="cycleway:left" v="track"/>
    <tag k="cycleway:left:oneway" v="yes"/>
    <tag k="hgv" v="local"/>
    <tag k="highway" v="secondary"/>
    <tag k="lanes" v="3"/>
    <tag k="lit" v="yes"/>
    <tag k="maxspeed" v="25 mph"/>
    <tag k="name" v="8th Avenue"/>
    <tag k="name:ru" v="8-я Авеню"/>
    <tag k="name_1" v="8 Avenue"/>
    <tag k="oneway" v="yes"/>
    <tag k="sidewalk:both" v="separate"/>
    <tag k="surface" v="asphalt"/>
    <tag k="turn:lanes" v="left||"/>
    <tag k="wikidata" v="Q109951"/>
    <tag k="wikipedia" v="en:Eighth Avenue (Manhattan)"/>
  </way>
  <way id="1198594030">
    <nd ref="42435675"/>
    <nd ref="2435108457"/>
    <nd ref="9469961217"/>
    <tag k="cycleway:left" v="track"/>
    <tag k="cycleway:left:oneway" v="yes"/>
    <tag k="hgv" v="local"/>
    <tag k="highway" v="secondary"/>
    <tag k="lanes" v="3"/>
    <tag k="lit" v="yes"/>
    <tag k="maxspeed" v="25 mph"/>
    <tag k="name" v="8th Avenue"/>
    <tag k="name:ru" v="8-я Авеню"/>
    <tag k="name_1" v="8 Avenue"/>
    <tag k="oneway" v="yes"/>
    <tag k="sidewalk:both" v="separate"/>
    <tag k="surface" v="asphalt"/>
    <tag k="wikidata" v="Q109951"/>
    <tag k="wikipedia" v="en:Eighth Avenue (Manhattan)"/>
  </way>
  <way id="1207800375">
    <nd ref="11190958117"/>
    <nd ref="1745991212"/>
    <nd ref="11190958118"/>
    <tag k="highway" v="footway"/>
    <tag k="lit" v="yes"/>
    <tag k="surface" v="concrete"/>
    <tag k="tourism" v="attraction"/>
    <tag k="wheelchair" v="no"/>
  </way>
  <way id="1207800376">
    <nd ref="11190958118"/>
    <nd ref="10172901903"/>
    <nd ref="13304565268"/>
    <nd ref="10261258831"/>
    <tag k="highway" v="footway"/>
    <tag k="lit" v="yes"/>
    <tag k="smoothness" v="good"/>
    <tag k="surface" v="concrete"/>
    <tag k="tourism" v="attraction"/>
    <tag k="wheelchair" v="yes"/>
  </way>
  <way id="1207800614">
    <nd ref="10261258834"/>
    <nd ref="13304565269"/>
    <tag k="highway" v="footway"/>
    <tag k="lit" v="yes"/>
    <tag k="smoothness" v="good"/>
    <tag k="surface" v="concrete"/>
    <tag k="tourism" v="attraction"/>
    <tag k="wheelchair" v="yes"/>
  </way>
  <way id="1207834766">
    <nd ref="42435671"/>
    <nd ref="10168088477"/>
    <nd ref="11191334801"/>
    <tag k="cycleway:left" v="track"/>
    <tag k="cycleway:left:oneway" v="yes"/>
    <tag k="hgv" v="local"/>
    <tag k="highway" v="secondary"/>
    <tag k="lanes" v="2"/>
    <tag k="lit" v="yes"/>
    <tag k="maxspeed" v="25 mph"/>
    <tag k="name" v="8th Avenue"/>
    <tag k="name:ru" v="8-я Авеню"/>
    <tag k="name_1" v="8 Avenue"/>
    <tag k="oneway" v="yes"/>
    <tag k="sidewalk:both" v="separate"/>
    <tag k="surface" v="asphalt"/>
    <tag k="wikidata" v="Q109951"/>
    <tag k="wikipedia" v="en:Eighth Avenue (Manhattan)"/>
  </way>
  <way id="1208661783">
    <nd ref="11198923667"/>
    <nd ref="11198923668"/>
    <nd ref="11198923669"/>
    <nd ref="11198923675"/>
    <nd ref="10173292888"/>
    <nd ref="6598534838"/>
    <tag k="footway" v="sidewalk"/>
    <tag k="highway" v="footway"/>
    <tag k="surface" v="concrete"/>
  </way>
  <way id="1208661784">
    <nd ref="2653739423"/>
    <nd ref="11198923674"/>
    <nd ref="11198923671"/>
    <tag k="access" v="yes"/>
    <tag k="bicycle" v="no"/>
    <tag k="foot" v="yes"/>
    <tag k="footway" v="sidewalk"/>
    <tag k="highway" v="footway"/>
    <tag k="lit" v="yes"/>
    <tag k="motor_vehicle" v="no"/>
    <tag k="name" v="6½ Avenue"/>
    <tag k="oneway" v="no"/>
    <tag k="smoothness" v="good"/>
    <tag k="start_date" v="2012"/>
    <tag k="surface" v="concrete"/>
    <tag k="width" v="4"/>
    <tag k="wikidata" v="Q133417"/>
    <tag k="wikipedia" v="en:6½ Avenue"/>
  </way>
  <way id="1208661785">
    <nd ref="6598534897"/>
    <nd ref="10173292887"/>
    <nd ref="11198923674"/>
    <nd ref="11198923673"/>
    <nd ref="11198923672"/>
    <tag k="footway" v="sidewalk"/>
    <tag k="highway" v="footway"/>
  </way>
  <way id="1208661786">
    <nd ref="11198923670"/>
    <nd ref="11198923675"/>
    <tag k="footway" v="sidewalk"/>
    <tag k="highway" v="footway"/>
  </way>
  <way id="1208661787">
    <nd ref="11198923677"/>
    <nd ref="10173292889"/>
    <nd ref="11198923676"/>
    <tag k="crossing" v="traffic_signals"/>
    <tag k="crossing:markings" v="zebra"/>
    <tag k="footway" v="crossing"/>
    <tag k="highway" v="footway"/>
  </way>
  <way id="1208661788">
    <nd ref="6598534838"/>
    <nd ref="3977886861"/>
    <nd ref="6598534848"/>
    <tag k="crossing" v="traffic_signals"/>
    <tag k="crossing:markings" v="zebra"/>
    <tag k="footway" v="crossing"/>
    <tag k="highway" v="footway"/>
  </way>
  <way id="1208661789">
    <nd ref="6598534908"/>
    <nd ref="3977886862"/>
    <nd ref="6598534897"/>
    <tag k="crossing" v="traffic_signals"/>
    <tag k="crossing:markings" v="zebra"/>
    <tag k="footway" v="crossing"/>
    <tag k="highway" v="footway"/>
  </way>
  <way id="1208661790">
    <nd ref="10172941219"/>
    <nd ref="10173292885"/>
    <nd ref="6598534846"/>
    <tag k="footway" v="sidewalk"/>
    <tag k="highway" v="footway"/>
  </way>
  <way id="1208661791">
    <nd ref="6598534911"/>
    <nd ref="10173292886"/>
    <nd ref="10171379105"/>
    <tag k="footway" v="sidewalk"/>
    <tag k="highway" v="footway"/>
  </way>
  <way id="1208661792">
    <nd ref="11198923676"/>
    <nd ref="10173292888"/>
    <nd ref="10172901915"/>
    <tag k="footway" v="sidewalk"/>
    <tag k="highway" v="footway"/>
  </way>
  <way id="1208661793">
    <nd ref="10171379110"/>
    <nd ref="10173292887"/>
    <nd ref="11198923677"/>
    <tag k="footway" v="sidewalk"/>
    <tag k="highway" v="footway"/>
  </way>
  <way id="1208661797">
    <nd ref="10228962552"/>
    <nd ref="10172901884"/>
    <nd ref="6597473544"/>
    <tag k="crossing" v="traffic_signals"/>
    <tag k="crossing:markings" v="zebra"/>
    <tag k="footway" v="crossing"/>
    <tag k="highway" v="footway"/>
    <tag k="smoothness" v="intermediate"/>
    <tag k="surface" v="concrete:plates"/>
  </way>
  <way id="1208661798">
    <nd ref="6597473532"/>
    <nd ref="10172901888"/>
    <nd ref="11198923680"/>
    <tag k="crossing" v="traffic_signals"/>
    <tag k="crossing:markings" v="zebra"/>
    <tag k="footway" v="crossing"/>
    <tag k="highway" v="footway"/>
  </way>
  <way id="1208661799">
    <nd ref="10173121981"/>
    <nd ref="10228962554"/>
    <tag k="footway" v="sidewalk"/>
    <tag k="highway" v="footway"/>
    <tag k="smoothness" v="intermediate"/>
    <tag k="surface" v="concrete"/>
  </way>
  <way id="1208661800">
    <nd ref="10172901895"/>
    <nd ref="11303341125"/>
    <nd ref="3971196619"/>
    <nd ref="11303341127"/>
    <nd ref="10172901892"/>
    <tag k="crossing" v="traffic_signals"/>
    <tag k="crossing:markings" v="zebra"/>
    <tag k="footway" v="crossing"/>
    <tag k="highway" v="footway"/>
  </way>
  <way id="1208661801">
    <nd ref="10172901892"/>
    <nd ref="11303341126"/>
    <nd ref="10172901896"/>
    <nd ref="10172901897"/>
    <tag k="crossing" v="traffic_signals"/>
    <tag k="crossing:markings" v="zebra"/>
    <tag k="footway" v="crossing"/>
    <tag k="highway" v="footway"/>
    <tag k="surface" v="asphalt"/>
  </way>
  <way id="1208661802">
    <nd ref="10172901897"/>
    <nd ref="3955372903"/>
    <nd ref="11303341122"/>
    <nd ref="10172901898"/>
    <tag k="crossing" v="traffic_signals"/>
    <tag k="crossing:markings" v="zebra"/>
    <tag k="footway" v="crossing"/>
    <tag k="highway" v="footway"/>
    <tag k="surface" v="asphalt"/>
  </way>
  <way id="1211049193">
    <nd ref="3971196628"/>
    <nd ref="11299050769"/>
    <nd ref="42430361"/>
    <tag k="alt_name:ko" v="6번가"/>
    <tag k="cycleway:left" v="track"/>
    <tag k="cycleway:left:oneway" v="yes"/>
    <tag k="cycleway:right" v="no"/>
    <tag k="hgv" v="destination"/>
    <tag k="highway" v="secondary"/>
    <tag k="lanes" v="4"/>
    <tag k="lanes:bus" v="1"/>
    <tag k="name" v="6th Avenue"/>
    <tag k="name:en" v="6th Avenue"/>
    <tag k="name:ko" v="6th 애비뉴"/>
    <tag k="name:ru" v="6-я авеню"/>
    <tag k="official_name" v="Avenue of the Americas"/>
    <tag k="oneway" v="yes"/>
    <tag k="smoothness" v="good"/>
    <tag k="surface" v="concrete"/>
    <tag k="wikidata" v="Q109873"/>
    <tag k="wikipedia" v="en:Sixth Avenue"/>
  </way>
  <way id="1211049194">
    <nd ref="42430358"/>
    <nd ref="9501912442"/>
    <nd ref="3971196628"/>
    <tag k="alt_name:ko" v="6번가"/>
    <tag k="cycleway:left" v="lane"/>
    <tag k="cycleway:left:buffer" v="yes"/>
    <tag k="cycleway:left:oneway" v="yes"/>
    <tag k="cycleway:right" v="no"/>
    <tag k="hgv" v="destination"/>
    <tag k="highway" v="secondary"/>
    <tag k="lanes" v="4"/>
    <tag k="lanes:bus" v="1"/>
    <tag k="name" v="6th Avenue"/>
    <tag k="name:en" v="6th Avenue"/>
    <tag k="name:ko" v="6th 애비뉴"/>
    <tag k="name:ru" v="6-я авеню"/>
    <tag k="official_name" v="Avenue of the Americas"/>
    <tag k="oneway" v="yes"/>
    <tag k="smoothness" v="good"/>
    <tag k="surface" v="concrete"/>
    <tag k="wikidata" v="Q109873"/>
    <tag k="wikipedia" v="en:Sixth Avenue"/>
  </way>
  <way id="1216256939">
    <nd ref="11269427255"/>
    <nd ref="7254138685"/>
    <tag k="access" v="yes"/>
    <tag k="handrail" v="both"/>
    <tag k="highway" v="steps"/>
    <tag k="incline" v="up"/>
    <tag k="layer" v="1"/>
    <tag k="lit" v="yes"/>
    <tag k="name" v="Times Square Red Steps"/>
    <tag k="step_count" v="28"/>
    <tag k="surface" v="glass"/>
    <tag k="tactile_paving" v="no"/>
    <tag k="width" v="10"/>
  </way>
  <way id="1218921973">
    <nd ref="10173172590"/>
    <nd ref="13915675579"/>
    <nd ref="10173121974"/>
    <tag k="footway" v="sidewalk"/>
    <tag k="highway" v="footway"/>
    <tag k="lit" v="yes"/>
    <tag k="surface" v="concrete"/>
  </way>
  <way id="1218921974">
    <nd ref="10173121973"/>
    <nd ref="10173172591"/>
    <tag k="footway" v="sidewalk"/>
    <tag k="highway" v="footway"/>
    <tag k="lit" v="yes"/>
    <tag k="surface" v="concrete"/>
  </way>
  <way id="1219082385">
    <nd ref="11296253736"/>
    <nd ref="2435108462"/>
    <nd ref="11296253737"/>
    <nd ref="2435108453"/>
    <nd ref="11296253738"/>
    <nd ref="2435108447"/>
    <nd ref="11296253739"/>
    <tag k="crossing" v="traffic_signals"/>
    <tag k="footway" v="crossing"/>
    <tag k="highway" v="footway"/>
  </way>
  <way id="1219082386">
    <nd ref="11296253738"/>
    <nd ref="10173292879"/>
    <tag k="footway" v="sidewalk"/>
    <tag k="highway" v="footway"/>
  </way>
  <way id="1219082387">
    <nd ref="11296253740"/>
    <nd ref="11296253737"/>
    <tag k="footway" v="sidewalk"/>
    <tag k="highway" v="footway"/>
  </way>
  <way id="1219082388">
    <nd ref="11296253737"/>
    <nd ref="11296253741"/>
    <nd ref="13119501593"/>
    <nd ref="10168088515"/>
    <tag k="footway" v="sidewalk"/>
    <tag k="highway" v="footway"/>
    <tag k="surface" v="concrete"/>
  </way>
  <way id="1219082389">
    <nd ref="10168088514"/>
    <nd ref="11296253742"/>
    <nd ref="11296253736"/>
    <tag k="footway" v="sidewalk"/>
    <tag k="highway" v="footway"/>
    <tag k="surface" v="concrete"/>
  </way>
  <way id="1219082390">
    <nd ref="11296253736"/>
    <nd ref="12810424959"/>
    <nd ref="6598534822"/>
    <tag k="footway" v="sidewalk"/>
    <tag k="highway" v="footway"/>
    <tag k="surface" v="concrete"/>
  </way>
  <way id="1219082392">
    <nd ref="11296253744"/>
    <nd ref="12810424961"/>
    <nd ref="11296253739"/>
    <tag k="footway" v="sidewalk"/>
    <tag k="highway" v="footway"/>
  </way>
  <way id="1219082393">
    <nd ref="10172941218"/>
    <nd ref="11296253739"/>
    <tag k="footway" v="sidewalk"/>
    <tag k="highway" v="footway"/>
  </way>
  <way id="1219082394">
    <nd ref="10172941219"/>
    <nd ref="11296253738"/>
    <tag k="footway" v="sidewalk"/>
    <tag k="highway" v="footway"/>
  </way>
  <way id="1219082395">
    <nd ref="10172941218"/>
    <nd ref="10172901901"/>
    <tag k="footway" v="sidewalk"/>
    <tag k="highway" v="footway"/>
  </way>
  <way id="1219082396">
    <nd ref="10172901901"/>
    <nd ref="12810424961"/>
    <nd ref="12810424956"/>
    <tag k="footway" v="sidewalk"/>
    <tag k="highway" v="footway"/>
  </way>
  <way id="1219082397">
    <nd ref="10172901916"/>
    <nd ref="10172901902"/>
    <tag k="footway" v="sidewalk"/>
    <tag k="highway" v="footway"/>
  </way>
  <way id="1219082398">
    <nd ref="10172901900"/>
    <nd ref="12810424962"/>
    <nd ref="11296253745"/>
    <tag k="footway" v="sidewalk"/>
    <tag k="highway" v="footway"/>
  </way>
  <way id="1219082399">
    <nd ref="6597473577"/>
    <nd ref="12810424953"/>
    <nd ref="11296253748"/>
    <nd ref="10168088509"/>
    <tag k="footway" v="sidewalk"/>
    <tag k="highway" v="footway"/>
    <tag k="surface" v="concrete"/>
  </way>
  <way id="1219082400">
    <nd ref="10168088508"/>
    <nd ref="11296253749"/>
    <nd ref="12810424959"/>
    <nd ref="12810424958"/>
    <tag k="footway" v="sidewalk"/>
    <tag k="highway" v="footway"/>
    <tag k="surface" v="concrete"/>
  </way>
  <way id="1219082401">
    <nd ref="10168088496"/>
    <nd ref="10171089665"/>
    <tag k="footway" v="sidewalk"/>
    <tag k="highway" v="footway"/>
    <tag k="layer" v="-1"/>
    <tag k="surface" v="concrete"/>
  </way>
  <way id="1219082402">
    <nd ref="10171089664"/>
    <nd ref="11296253750"/>
    <nd ref="10168088497"/>
    <tag k="footway" v="sidewalk"/>
    <tag k="highway" v="footway"/>
    <tag k="lit" v="yes"/>
    <tag k="surface" v="concrete"/>
  </way>
  <way id="1219424196">
    <nd ref="10173043411"/>
    <nd ref="10173121974"/>
    <tag k="footway" v="sidewalk"/>
    <tag k="highway" v="footway"/>
    <tag k="surface" v="concrete"/>
  </way>
  <way id="1219424197">
    <nd ref="10166333054"/>
    <nd ref="10164937726"/>
    <tag k="footway" v="sidewalk"/>
    <tag k="highway" v="footway"/>
    <tag k="lit" v="yes"/>
    <tag k="surface" v="concrete"/>
  </way>
  <way id="1219424198">
    <nd ref="10166333083"/>
    <nd ref="10166333057"/>
    <tag k="footway" v="sidewalk"/>
    <tag k="highway" v="footway"/>
    <tag k="lit" v="yes"/>
    <tag k="surface" v="concrete"/>
  </way>
  <way id="1219424199">
    <nd ref="11299027252"/>
    <nd ref="10172901912"/>
    <tag k="footway" v="sidewalk"/>
    <tag k="highway" v="footway"/>
    <tag k="surface" v="concrete"/>
  </way>
  <way id="1219424204">
    <nd ref="11299027260"/>
    <nd ref="11299027263"/>
    <nd ref="10172901914"/>
    <tag k="footway" v="sidewalk"/>
    <tag k="highway" v="footway"/>
    <tag k="surface" v="concrete"/>
  </way>
  <way id="1219424207">
    <nd ref="11198923667"/>
    <nd ref="11303341131"/>
    <nd ref="10172901913"/>
    <tag k="footway" v="sidewalk"/>
    <tag k="highway" v="footway"/>
  </way>
  <way id="1219424208">
    <nd ref="11299027266"/>
    <nd ref="11303341129"/>
    <nd ref="10172901914"/>
    <tag k="footway" v="sidewalk"/>
    <tag k="highway" v="footway"/>
  </way>
  <way id="1219424211">
    <nd ref="11198923672"/>
    <nd ref="10172941221"/>
    <tag k="footway" v="sidewalk"/>
    <tag k="highway" v="footway"/>
    <tag k="surface" v="paved"/>
    <tag k="surface:note" v="feine Betonplatten"/>
  </way>
  <way id="1219877736">
    <nd ref="1841271352"/>
    <nd ref="10172941222"/>
    <tag k="access" v="yes"/>
    <tag k="bicycle" v="no"/>
    <tag k="foot" v="yes"/>
    <tag k="highway" v="footway"/>
    <tag k="lit" v="yes"/>
    <tag k="motor_vehicle" v="no"/>
    <tag k="name" v="6½ Avenue"/>
    <tag k="oneway" v="no"/>
    <tag k="start_date" v="2012"/>
    <tag k="surface" v="asphalt"/>
    <tag k="width" v="4"/>
    <tag k="wikidata" v="Q133417"/>
    <tag k="wikipedia" v="en:6½ Avenue"/>
  </way>
  <way id="1219877743">
    <nd ref="11198923667"/>
    <nd ref="11303300331"/>
    <nd ref="11299050769"/>
    <nd ref="11299027266"/>
    <tag k="crossing" v="traffic_signals"/>
    <tag k="crossing:markings" v="zebra"/>
    <tag k="footway" v="crossing"/>
    <tag k="highway" v="footway"/>
    <tag k="surface" v="concrete"/>
  </way>
  <way id="1219877744">
    <nd ref="11198923672"/>
    <nd ref="11303300332"/>
    <nd ref="11299050770"/>
    <nd ref="11303300333"/>
    <nd ref="11198923667"/>
    <tag k="crossing" v="traffic_signals"/>
    <tag k="crossing:markings" v="zebra"/>
    <tag k="footway" v="crossing"/>
    <tag k="highway" v="footway"/>
  </way>
  <way id="1219877745">
    <nd ref="11299027265"/>
    <nd ref="11299027268"/>
    <nd ref="6598534891"/>
    <nd ref="11198923672"/>
    <tag k="crossing" v="traffic_signals"/>
    <tag k="crossing:markings" v="zebra"/>
    <tag k="footway" v="crossing"/>
    <tag k="highway" v="footway"/>
    <tag k="surface" v="concrete"/>
  </way>
  <way id="1219888782">
    <nd ref="10172901912"/>
    <nd ref="3971196626"/>
    <nd ref="10172901914"/>
    <tag k="crossing" v="traffic_signals"/>
    <tag k="crossing:markings" v="zebra"/>
    <tag k="footway" v="crossing"/>
    <tag k="highway" v="footway"/>
  </way>
  <way id="1219888783">
    <nd ref="11303341131"/>
    <nd ref="11303341130"/>
    <nd ref="3971196628"/>
    <nd ref="11303341129"/>
    <tag k="crossing" v="traffic_signals"/>
    <tag k="crossing:markings" v="zebra"/>
    <tag k="footway" v="crossing"/>
    <tag k="highway" v="footway"/>
  </way>
  <way id="1219891337">
    <nd ref="10166333084"/>
    <nd ref="6596985372"/>
    <nd ref="10166333087"/>
    <nd ref="6597429972"/>
    <nd ref="8375496965"/>
    <tag k="crossing" v="traffic_signals"/>
    <tag k="crossing:markings" v="zebra"/>
    <tag k="crossing:signals" v="yes"/>
    <tag k="footway" v="crossing"/>
    <tag k="highway" v="footway"/>
    <tag k="smoothness" v="intermediate"/>
    <tag k="surface" v="asphalt"/>
  </way>
  <way id="1219891338">
    <nd ref="10166333083"/>
    <nd ref="6597009109"/>
    <nd ref="10166333085"/>
    <nd ref="6597009090"/>
    <nd ref="10166333084"/>
    <tag k="crossing" v="traffic_signals"/>
    <tag k="crossing:markings" v="zebra"/>
    <tag k="crossing:signals" v="yes"/>
    <tag k="footway" v="crossing"/>
    <tag k="highway" v="footway"/>
    <tag k="smoothness" v="intermediate"/>
    <tag k="surface" v="asphalt"/>
  </way>
  <way id="1246879769">
    <nd ref="10168088469"/>
    <nd ref="10168088471"/>
    <nd ref="10168088470"/>
    <tag k="crossing" v="traffic_signals"/>
    <tag k="crossing:markings" v="zebra"/>
    <tag k="crossing:signals" v="yes"/>
    <tag k="footway" v="crossing"/>
    <tag k="highway" v="footway"/>
    <tag k="surface" v="asphalt"/>
  </way>
  <way id="1246879770">
    <nd ref="10168088468"/>
    <nd ref="10168088473"/>
    <nd ref="10168088469"/>
    <tag k="crossing" v="traffic_signals"/>
    <tag k="crossing:markings" v="zebra"/>
    <tag k="crossing:signals" v="yes"/>
    <tag k="footway" v="crossing"/>
    <tag k="highway" v="footway"/>
    <tag k="surface" v="asphalt"/>
  </way>
  <way id="1317270172">
    <nd ref="2717546319"/>
    <nd ref="13304565268"/>
    <nd ref="530697969"/>
    <nd ref="530697968"/>
    <nd ref="13304565269"/>
    <nd ref="2717546150"/>
    <nd ref="10261258830"/>
    <nd ref="2717546205"/>
    <nd ref="2717546209"/>
    <nd ref="2717546319"/>
    <tag k="area" v="yes"/>
    <tag k="highway" v="pedestrian"/>
    <tag k="leisure" v="park"/>
    <tag k="name" v="McGraw-Hill Park"/>
    <tag k="surface" v="concrete"/>
  </way>
  <way id="1320234484">
    <nd ref="42432585"/>
    <nd ref="4782363331"/>
    <nd ref="4782363335"/>
    <nd ref="12810424957"/>
    <nd ref="42428307"/>
    <nd ref="12810424952"/>
    <nd ref="1758380528"/>
    <nd ref="8704367785"/>
    <nd ref="8704367786"/>
    <nd ref="10168088510"/>
    <nd ref="42432589"/>
    <nd ref="6210777839"/>
    <nd ref="10168088513"/>
    <nd ref="4782543132"/>
    <nd ref="2682336471"/>
    <nd ref="2682336481"/>
    <nd ref="2969871935"/>
    <nd ref="12217512992"/>
    <tag k="cycleway:right" v="no"/>
    <tag k="hgv" v="destination"/>
    <tag k="highway" v="secondary"/>
    <tag k="lanes" v="1"/>
    <tag k="maxspeed" v="25 mph"/>
    <tag k="name" v="West 49th Street"/>
    <tag k="name:ru" v="Западная 49-я стрит"/>
    <tag k="oneway" v="yes"/>
    <tag k="parking:both" v="lane"/>
    <tag k="parking:both:orientation" v="parallel"/>
    <tag k="sidewalk:both" v="separate"/>
    <tag k="surface" v="asphalt"/>
  </way>
  <way id="1321771943">
    <nd ref="42435663"/>
    <nd ref="9235539543"/>
    <nd ref="7095733937"/>
    <nd ref="12231119049"/>
    <tag k="cycleway:both" v="no"/>
    <tag k="foot" v="no"/>
    <tag k="hgv" v="local"/>
    <tag k="highway" v="primary"/>
    <tag k="lanes" v="5"/>
    <tag k="lanes:backward" v="3"/>
    <tag k="lanes:forward" v="2"/>
    <tag k="lit" v="yes"/>
    <tag k="maxspeed" v="25 mph"/>
    <tag k="name" v="West 42nd Street"/>
    <tag k="name:ru" v="Западная 42-я стрит"/>
    <tag k="oneway" v="no"/>
    <tag k="sidewalk:both" v="separate"/>
    <tag k="surface" v="asphalt"/>
    <tag k="turn:lanes:backward" v="left|through|none"/>
    <tag k="wikidata" v="Q110061"/>
    <tag k="wikipedia" v="en:42nd Street (Manhattan)"/>
  </way>
  <way id="1323445132">
    <nd ref="12246639281"/>
    <nd ref="12246639280"/>
    <tag k="highway" v="footway"/>
    <tag k="tunnel" v="building_passage"/>
  </way>
  <way id="1323445133">
    <nd ref="12246639280"/>
    <nd ref="12246639279"/>
    <tag k="highway" v="footway"/>
  </way>
  <way id="1323445134">
    <nd ref="12246639278"/>
    <nd ref="12246639281"/>
    <tag k="highway" v="footway"/>
    <tag k="surface" v="concrete"/>
  </way>
  <way id="1331490755">
    <nd ref="12319626485"/>
    <nd ref="9749419125"/>
    <nd ref="12319626497"/>
    <tag k="crossing" v="traffic_signals"/>
    <tag k="footway" v="crossing"/>
    <tag k="highway" v="footway"/>
    <tag k="lit" v="yes"/>
    <tag k="surface" v="asphalt"/>
  </way>
  <way id="1331490756">
    <nd ref="12319626489"/>
    <nd ref="6598535177"/>
    <nd ref="6598535176"/>
    <nd ref="6598535186"/>
    <nd ref="8250885536"/>
    <nd ref="8250885535"/>
    <tag k="footway" v="sidewalk"/>
    <tag k="highway" v="footway"/>
    <tag k="lit" v="yes"/>
    <tag k="surface" v="concrete"/>
  </way>
  <way id="1331490757">
    <nd ref="12319626498"/>
    <nd ref="2435108457"/>
    <nd ref="12319626489"/>
    <tag k="crossing" v="traffic_signals"/>
    <tag k="footway" v="crossing"/>
    <tag k="highway" v="footway"/>
    <tag k="lit" v="yes"/>
    <tag k="surface" v="asphalt"/>
  </way>
  <way id="1331490758">
    <nd ref="12319626500"/>
    <nd ref="6598535209"/>
    <nd ref="6598535208"/>
    <nd ref="6598535206"/>
    <tag k="footway" v="sidewalk"/>
    <tag k="highway" v="footway"/>
    <tag k="lit" v="yes"/>
    <tag k="surface" v="concrete"/>
  </way>
  <way id="1346429228">
    <nd ref="8396064851"/>
    <nd ref="6598535218"/>
    <nd ref="6598535220"/>
    <tag k="footway" v="sidewalk"/>
    <tag k="highway" v="footway"/>
    <tag k="surface" v="concrete"/>
  </way>
  <way id="1346429286">
    <nd ref="6598535211"/>
    <nd ref="6598535210"/>
    <nd ref="6598535209"/>
    <nd ref="12319626488"/>
    <tag k="footway" v="sidewalk"/>
    <tag k="highway" v="footway"/>
    <tag k="lit" v="yes"/>
    <tag k="surface" v="concrete"/>
  </way>
  <way id="1346429372">
    <nd ref="6598535220"/>
    <nd ref="6598535223"/>
    <tag k="footway" v="sidewalk"/>
    <tag k="highway" v="footway"/>
    <tag k="surface" v="concrete"/>
  </way>
  <way id="1354473054">
    <nd ref="9538820159"/>
    <nd ref="10168088450"/>
    <tag k="footway" v="sidewalk"/>
    <tag k="highway" v="footway"/>
  </way>
  <way id="1354473055">
    <nd ref="10168088449"/>
    <nd ref="9538820158"/>
    <tag k="footway" v="sidewalk"/>
    <tag k="highway" v="footway"/>
  </way>
  <way id="1376951511">
    <nd ref="42435684"/>
    <nd ref="10168091317"/>
    <nd ref="4782404423"/>
    <nd ref="8704367788"/>
    <nd ref="3974095846"/>
    <nd ref="2435108462"/>
    <nd ref="42428308"/>
    <tag k="cycleway:right" v="no"/>
    <tag k="hgv" v="destination"/>
    <tag k="highway" v="secondary"/>
    <tag k="lanes" v="2"/>
    <tag k="name" v="West 50th Street"/>
    <tag k="name:ru" v="Западная 50-я стрит"/>
    <tag k="oneway" v="yes"/>
    <tag k="parking:both" v="lane"/>
    <tag k="parking:both:orientation" v="parallel"/>
    <tag k="sidewalk:both" v="separate"/>
    <tag k="surface" v="asphalt"/>
    <tag k="wikidata" v="Q4639969"/>
    <tag k="wikipedia" v="en:50th Street (Manhattan)"/>
  </way>
  <way id="1383636077">
    <nd ref="12810424958"/>
    <nd ref="12810424960"/>
    <nd ref="12810424956"/>
    <tag k="crossing" v="traffic_signals"/>
    <tag k="crossing:island" v="no"/>
    <tag k="crossing:markings" v="zebra"/>
    <tag k="crossing:signals" v="yes"/>
    <tag k="footway" v="crossing"/>
    <tag k="highway" v="footway"/>
    <tag k="surface" v="asphalt"/>
  </way>
  <way id="1383636078">
    <nd ref="6597473574"/>
    <nd ref="12810424952"/>
    <nd ref="6598534822"/>
    <tag k="crossing" v="traffic_signals"/>
    <tag k="crossing:island" v="no"/>
    <tag k="crossing:markings" v="zebra"/>
    <tag k="crossing:signals" v="yes"/>
    <tag k="footway" v="crossing"/>
    <tag k="highway" v="footway"/>
    <tag k="surface" v="asphalt"/>
  </way>
  <way id="1383636079">
    <nd ref="10228962555"/>
    <nd ref="10173121977"/>
    <nd ref="12810424953"/>
    <nd ref="6597473574"/>
    <tag k="footway" v="sidewalk"/>
    <tag k="highway" v="footway"/>
    <tag k="surface" v="concrete"/>
  </way>
  <way id="1383636080">
    <nd ref="11296253744"/>
    <nd ref="12810424957"/>
    <nd ref="12810424955"/>
    <tag k="crossing" v="traffic_signals"/>
    <tag k="crossing:island" v="no"/>
    <tag k="crossing:markings" v="zebra"/>
    <tag k="crossing:signals" v="yes"/>
    <tag k="footway" v="crossing"/>
    <tag k="highway" v="footway"/>
    <tag k="surface" v="asphalt"/>
  </way>
  <way id="1383636081">
    <nd ref="10228962557"/>
    <nd ref="11296253745"/>
    <tag k="footway" v="sidewalk"/>
    <tag k="highway" v="footway"/>
    <tag k="surface" v="asphalt"/>
  </way>
  <way id="1410943095">
    <nd ref="6598535220"/>
    <nd ref="10168088483"/>
    <nd ref="12964675347"/>
    <tag k="crossing" v="traffic_signals"/>
    <tag k="crossing:markings" v="zebra"/>
    <tag k="crossing:signals" v="yes"/>
    <tag k="footway" v="crossing"/>
    <tag k="highway" v="footway"/>
    <tag k="surface" v="asphalt"/>
  </way>
  <way id="1410943096">
    <nd ref="12964675347"/>
    <nd ref="12964675346"/>
    <tag k="footway" v="traffic_island"/>
    <tag k="highway" v="footway"/>
  </way>
  <way id="1410943097">
    <nd ref="12964675346"/>
    <nd ref="10168088480"/>
    <tag k="crossing" v="traffic_signals"/>
    <tag k="crossing:markings" v="zebra"/>
    <tag k="crossing:signals" v="yes"/>
    <tag k="footway" v="crossing"/>
    <tag k="highway" v="footway"/>
    <tag k="surface" v="asphalt"/>
  </way>
  <way id="1410943098">
    <nd ref="10168088480"/>
    <nd ref="10168088484"/>
    <nd ref="10168088481"/>
    <tag k="crossing" v="traffic_signals"/>
    <tag k="crossing:markings" v="zebra"/>
    <tag k="crossing:signals" v="yes"/>
    <tag k="footway" v="crossing"/>
    <tag k="highway" v="footway"/>
    <tag k="surface" v="asphalt"/>
  </way>
  <way id="1410943099">
    <nd ref="10168088481"/>
    <nd ref="12964675348"/>
    <tag k="crossing" v="traffic_signals"/>
    <tag k="crossing:markings" v="zebra"/>
    <tag k="crossing:signals" v="yes"/>
    <tag k="footway" v="crossing"/>
    <tag k="highway" v="footway"/>
    <tag k="surface" v="asphalt"/>
  </way>
  <way id="1410943100">
    <nd ref="12964675348"/>
    <nd ref="12964675349"/>
    <tag k="footway" v="traffic_island"/>
    <tag k="highway" v="footway"/>
  </way>
  <way id="1410945270">
    <nd ref="12964700147"/>
    <nd ref="10173121976"/>
    <nd ref="10173121974"/>
    <tag k="crossing" v="traffic_signals"/>
    <tag k="crossing:markings" v="zebra"/>
    <tag k="crossing:signals" v="yes"/>
    <tag k="footway" v="crossing"/>
    <tag k="highway" v="footway"/>
    <tag k="smoothness" v="good"/>
    <tag k="surface" v="asphalt"/>
  </way>
  <way id="1410945271">
    <nd ref="10173121974"/>
    <nd ref="3944708045"/>
    <nd ref="10173121973"/>
    <tag k="crossing" v="traffic_signals"/>
    <tag k="crossing:markings" v="zebra"/>
    <tag k="crossing:signals" v="yes"/>
    <tag k="footway" v="crossing"/>
    <tag k="highway" v="footway"/>
    <tag k="smoothness" v="good"/>
    <tag k="surface" v="asphalt"/>
  </way>
  <way id="1410945272">
    <nd ref="6597498391"/>
    <nd ref="12964700148"/>
    <tag k="crossing" v="traffic_signals"/>
    <tag k="crossing:markings" v="zebra"/>
    <tag k="crossing:signals" v="yes"/>
    <tag k="footway" v="crossing"/>
    <tag k="highway" v="footway"/>
    <tag k="smoothness" v="good"/>
    <tag k="surface" v="asphalt"/>
  </way>
  <way id="1410945273">
    <nd ref="12964700148"/>
    <nd ref="12964700147"/>
    <tag k="footway" v="traffic_island"/>
    <tag k="highway" v="footway"/>
  </way>
  <way id="1410945274">
    <nd ref="12964700149"/>
    <nd ref="6598535226"/>
    <tag k="crossing" v="traffic_signals"/>
    <tag k="crossing:markings" v="zebra"/>
    <tag k="crossing:signals" v="yes"/>
    <tag k="footway" v="crossing"/>
    <tag k="highway" v="footway"/>
    <tag k="smoothness" v="good"/>
    <tag k="surface" v="asphalt"/>
  </way>
  <way id="1410945275">
    <nd ref="12964700150"/>
    <nd ref="12964700149"/>
    <tag k="footway" v="traffic_island"/>
    <tag k="highway" v="footway"/>
  </way>
  <way id="1410945734">
    <nd ref="10166333056"/>
    <nd ref="10166333059"/>
    <nd ref="10166333054"/>
    <tag k="crossing" v="traffic_signals"/>
    <tag k="crossing:markings" v="zebra"/>
    <tag k="crossing:signals" v="yes"/>
    <tag k="footway" v="crossing"/>
    <tag k="highway" v="footway"/>
    <tag k="surface" v="asphalt"/>
  </way>
  <way id="1410945735">
    <nd ref="10166333054"/>
    <nd ref="3944708055"/>
    <nd ref="10166333057"/>
    <tag k="crossing" v="traffic_signals"/>
    <tag k="crossing:markings" v="zebra"/>
    <tag k="crossing:signals" v="yes"/>
    <tag k="footway" v="crossing"/>
    <tag k="highway" v="footway"/>
    <tag k="surface" v="asphalt"/>
  </way>
  <way id="1410948672">
    <nd ref="10164937726"/>
    <nd ref="10164937728"/>
    <nd ref="6598535195"/>
    <tag k="crossing" v="traffic_signals"/>
    <tag k="crossing:markings" v="zebra"/>
    <tag k="crossing:signals" v="yes"/>
    <tag k="footway" v="crossing"/>
    <tag k="highway" v="footway"/>
    <tag k="surface" v="asphalt"/>
  </way>
  <way id="1410948673">
    <nd ref="10164937727"/>
    <nd ref="10164937729"/>
    <nd ref="10164937726"/>
    <tag k="crossing" v="traffic_signals"/>
    <tag k="crossing:markings" v="zebra"/>
    <tag k="crossing:signals" v="yes"/>
    <tag k="footway" v="crossing"/>
    <tag k="highway" v="footway"/>
    <tag k="surface" v="asphalt"/>
  </way>
  <way id="1413159922">
    <nd ref="42428307"/>
    <nd ref="12810424954"/>
    <nd ref="10942563110"/>
    <tag k="cycleway:left" v="lane"/>
    <tag k="cycleway:left:oneway" v="yes"/>
    <tag k="highway" v="living_street"/>
    <tag k="lanes" v="1"/>
    <tag k="lit" v="yes"/>
    <tag k="maxspeed" v="10 mph"/>
    <tag k="maxspeed:advisory" v="5 mph"/>
    <tag k="motor_vehicle:conditional" v="destination @ (08:00-20:00)"/>
    <tag k="name" v="Broadway"/>
    <tag k="name:en" v="Broadway"/>
    <tag k="name:ja" v="ブロードウェイ"/>
    <tag k="name:ru" v="Бродвей"/>
    <tag k="name:zh" v="百老匯"/>
    <tag k="name:zh-Hans" v="百老汇"/>
    <tag k="name:zh-Hant" v="百老匯"/>
    <tag k="oneway" v="yes"/>
    <tag k="parking:left" v="no"/>
    <tag k="parking:left:restriction" v="no_stopping"/>
    <tag k="parking:right" v="lane"/>
    <tag k="parking:right:access" v="customers"/>
    <tag k="parking:right:orientation" v="parallel"/>
    <tag k="parking:right:restriction" v="loading_only"/>
    <tag k="sidewalk" v="both"/>
    <tag k="sidewalk:both:surface" v="asphalt"/>
    <tag k="surface" v="asphalt"/>
    <tag k="wikidata" v="Q11260"/>
    <tag k="wikipedia" v="en:Broadway (Manhattan)"/>
  </way>
  <way id="1413159923">
    <nd ref="10942563110"/>
    <nd ref="10942563109"/>
    <tag k="cycleway:left" v="opposite_track"/>
    <tag k="cycleway:left:oneway" v="yes"/>
    <tag k="cycleway:left:separation" v="flex_post"/>
    <tag k="highway" v="living_street"/>
    <tag k="lanes" v="1"/>
    <tag k="lit" v="yes"/>
    <tag k="maxspeed" v="10 mph"/>
    <tag k="maxspeed:advisory" v="5 mph"/>
    <tag k="motor_vehicle:conditional" v="destination @ (08:00-20:00)"/>
    <tag k="name" v="Broadway"/>
    <tag k="name:en" v="Broadway"/>
    <tag k="name:ja" v="ブロードウェイ"/>
    <tag k="name:ru" v="Бродвей"/>
    <tag k="name:zh" v="百老匯"/>
    <tag k="name:zh-Hans" v="百老汇"/>
    <tag k="name:zh-Hant" v="百老匯"/>
    <tag k="oneway" v="yes"/>
    <tag k="parking:both" v="no"/>
    <tag k="parking:left:restriction" v="no_stopping"/>
    <tag k="sidewalk" v="both"/>
    <tag k="sidewalk:both:surface" v="asphalt"/>
    <tag k="surface" v="asphalt"/>
    <tag k="wikidata" v="Q11260"/>
    <tag k="wikipedia" v="en:Broadway (Manhattan)"/>
  </way>
  <way id="1413171972">
    <nd ref="12986907232"/>
    <nd ref="12810424960"/>
    <nd ref="42428307"/>
    <tag k="cycleway:left" v="lane"/>
    <tag k="cycleway:left:oneway" v="yes"/>
    <tag k="highway" v="tertiary"/>
    <tag k="lanes" v="1"/>
    <tag k="lit" v="yes"/>
    <tag k="maxspeed:conditional" v="5 mph @ (08:00-20:00)"/>
    <tag k="motor_vehicle:conditional" v="destination @ (08:00-20:00)"/>
    <tag k="name" v="Broadway"/>
    <tag k="name:en" v="Broadway"/>
    <tag k="name:ja" v="ブロードウェイ"/>
    <tag k="name:ru" v="Бродвей"/>
    <tag k="name:zh" v="百老匯"/>
    <tag k="name:zh-Hans" v="百老汇"/>
    <tag k="name:zh-Hant" v="百老匯"/>
    <tag k="oneway" v="yes"/>
    <tag k="sidewalk:both" v="separate"/>
    <tag k="sidewalk:both:surface" v="asphalt"/>
    <tag k="surface" v="asphalt"/>
    <tag k="wikidata" v="Q11260"/>
    <tag k="wikipedia" v="en:Broadway (Manhattan)"/>
  </way>
  <way id="1413358692">
    <nd ref="12988501268"/>
    <nd ref="9749419125"/>
    <nd ref="6210777833"/>
    <nd ref="42435675"/>
    <tag k="cycleway:both" v="no"/>
    <tag k="foot" v="use_sidepath"/>
    <tag k="hgv" v="destination"/>
    <tag k="highway" v="secondary"/>
    <tag k="lanes" v="1"/>
    <tag k="lit" v="yes"/>
    <tag k="maxspeed:conditional" v="5 mph @ (16:00-20:00)"/>
    <tag k="motor_vehicle:conditional" v="destination @ (Mo-Th 16:00-20:00; Fr 16:00-23:00; Sa-Su 12:00-23:00)"/>
    <tag k="name" v="West 46th Street"/>
    <tag k="name:ru" v="Западная 46-я стрит"/>
    <tag k="oneway" v="yes"/>
    <tag k="parking:both" v="lane"/>
    <tag k="parking:both:orientation" v="parallel"/>
    <tag k="parking:left:restriction" v="no_standing"/>
    <tag k="parking:right:access:conditional" v="goods @ (Mo-Sa 07:00-18:00)"/>
    <tag k="parking:right:fee" v="no"/>
    <tag k="parking:right:fee:conditional" v="yes @ (Mo-Sa 07:00-00:00)"/>
    <tag k="parking:right:maxstay:conditional" v="3 hours @ (Mo-Sa 07:00-18:00); 6 hours @ (Mo-Sa 18:00-00:00)"/>
    <tag k="sidewalk:both" v="separate"/>
    <tag k="surface" v="asphalt"/>
  </way>
  <way id="1413358693">
    <nd ref="3573482145"/>
    <nd ref="3573482144"/>
    <nd ref="12988501260"/>
    <tag k="cycleway:both" v="no"/>
    <tag k="foot" v="use_sidepath"/>
    <tag k="hgv" v="destination"/>
    <tag k="highway" v="secondary"/>
    <tag k="lanes" v="1"/>
    <tag k="lit" v="yes"/>
    <tag k="maxspeed:conditional" v="5 mph @ (16:00-20:00)"/>
    <tag k="motor_vehicle:conditional" v="destination @ (Mo-Th 16:00-20:00; Fr 16:00-23:00; Sa-Su 12:00-23:00)"/>
    <tag k="name" v="West 46th Street"/>
    <tag k="name:ru" v="Западная 46-я стрит"/>
    <tag k="oneway" v="yes"/>
    <tag k="parking:left" v="lane"/>
    <tag k="parking:left:orientation" v="parallel"/>
    <tag k="parking:left:restriction" v="no_standing"/>
    <tag k="parking:right" v="no"/>
    <tag k="parking:right:restriction" v="no_standing"/>
    <tag k="sidewalk:both" v="separate"/>
    <tag k="surface" v="asphalt"/>
  </way>
  <way id="1413358694">
    <nd ref="12988501261"/>
    <nd ref="12988501264"/>
    <nd ref="12988501262"/>
    <tag k="highway" v="service"/>
    <tag k="service" v="driveway"/>
  </way>
  <way id="1413358695">
    <nd ref="12988501260"/>
    <nd ref="12988501262"/>
    <tag k="cycleway:both" v="no"/>
    <tag k="foot" v="use_sidepath"/>
    <tag k="hgv" v="destination"/>
    <tag k="highway" v="secondary"/>
    <tag k="lanes" v="1"/>
    <tag k="lit" v="yes"/>
    <tag k="maxspeed:conditional" v="5 mph @ (16:00-20:00)"/>
    <tag k="motor_vehicle:conditional" v="destination @ (Mo-Th 16:00-20:00; Fr 16:00-23:00; Sa-Su 12:00-23:00)"/>
    <tag k="name" v="West 46th Street"/>
    <tag k="name:ru" v="Западная 46-я стрит"/>
    <tag k="oneway" v="yes"/>
    <tag k="parking:both" v="lane"/>
    <tag k="parking:both:orientation" v="parallel"/>
    <tag k="parking:left:restriction" v="no_standing"/>
    <tag k="parking:right:restriction" v="no_parking"/>
    <tag k="sidewalk:both" v="separate"/>
    <tag k="surface" v="asphalt"/>
  </way>
  <way id="1413358696">
    <nd ref="12988501262"/>
    <nd ref="12988501268"/>
    <tag k="cycleway:both" v="no"/>
    <tag k="foot" v="use_sidepath"/>
    <tag k="hgv" v="destination"/>
    <tag k="highway" v="secondary"/>
    <tag k="lanes" v="1"/>
    <tag k="lit" v="yes"/>
    <tag k="maxspeed:conditional" v="5 mph @ (16:00-20:00)"/>
    <tag k="motor_vehicle:conditional" v="destination @ (Mo-Th 16:00-20:00; Fr 16:00-23:00; Sa-Su 12:00-23:00)"/>
    <tag k="name" v="West 46th Street"/>
    <tag k="name:ru" v="Западная 46-я стрит"/>
    <tag k="oneway" v="yes"/>
    <tag k="parking:both" v="lane"/>
    <tag k="parking:both:orientation" v="parallel"/>
    <tag k="parking:left:access" v="customers"/>
    <tag k="parking:left:access:conditional" v="yes @ (Mo-Fr 07:00-18:00)"/>
    <tag k="parking:left:restriction" v="loading_only"/>
    <tag k="parking:left:restriction:conditional" v="no_standing @ (Mo-Fr 07:00-18:00)"/>
    <tag k="parking:right:restriction" v="no_parking"/>
    <tag k="sidewalk:both" v="separate"/>
    <tag k="surface" v="asphalt"/>
  </way>
  <way id="1413518737">
    <nd ref="10228962554"/>
    <nd ref="10942563108"/>
    <nd ref="12989986302"/>
    <tag k="crossing" v="traffic_signals"/>
    <tag k="crossing:island" v="no"/>
    <tag k="crossing:markings" v="zebra"/>
    <tag k="crossing:signals" v="yes"/>
    <tag k="footway" v="crossing"/>
    <tag k="highway" v="footway"/>
    <tag k="smoothness" v="good"/>
    <tag k="surface" v="asphalt"/>
    <tag k="traffic_signals:vibration" v="no"/>
  </way>
  <way id="1413518738">
    <nd ref="42428305"/>
    <nd ref="12989986303"/>
    <nd ref="12989986307"/>
    <tag k="highway" v="living_street"/>
  </way>
  <way id="1413518739">
    <nd ref="12989986304"/>
    <nd ref="12989986306"/>
    <nd ref="12989986305"/>
    <tag k="highway" v="living_street"/>
    <tag k="lit" v="yes"/>
  </way>
  <way id="1413528623">
    <nd ref="10173292879"/>
    <nd ref="3977886864"/>
    <nd ref="10173292880"/>
    <tag k="crossing" v="traffic_signals"/>
    <tag k="crossing:markings" v="zebra"/>
    <tag k="footway" v="crossing"/>
    <tag k="highway" v="footway"/>
    <tag k="surface" v="asphalt"/>
    <tag k="traffic_signals:vibration" v="no"/>
  </way>
  <way id="1526888545">
    <nd ref="13915675556"/>
    <nd ref="13915675559"/>
    <nd ref="13915675560"/>
    <nd ref="13915675561"/>
    <nd ref="13915675557"/>
    <tag k="highway" v="corridor"/>
    <tag k="indoor" v="yes"/>
  </way>
  <way id="1526888546">
    <nd ref="13915675559"/>
    <nd ref="13915675562"/>
    <nd ref="13915675563"/>
    <nd ref="13915675564"/>
    <nd ref="13915675558"/>
    <tag k="highway" v="corridor"/>
    <tag k="indoor" v="yes"/>
  </way>
  <way id="1526888547">
    <nd ref="13915675565"/>
    <nd ref="13915675556"/>
    <tag k="highway" v="steps"/>
  </way>
  <way id="1526888548">
    <nd ref="13915675566"/>
    <nd ref="13915675558"/>
    <tag k="highway" v="steps"/>
  </way>
  <way id="1526888549">
    <nd ref="13915675567"/>
    <nd ref="13915675557"/>
    <tag k="highway" v="steps"/>
  </way>
  <way id="1526888550">
    <nd ref="13915675568"/>
    <nd ref="1595140557"/>
    <tag k="highway" v="steps"/>
  </way>
  <way id="1526888551">
    <nd ref="13915675569"/>
    <nd ref="13915675570"/>
    <nd ref="13915675571"/>
    <nd ref="13915675572"/>
    <tag k="highway" v="footway"/>
    <tag k="note" v="POPS"/>
    <tag k="opening_hours" v="Mo-Fr 08:00-19:00"/>
    <tag k="tunnel" v="building_passage"/>
  </way>
  <way id="1526888552">
    <nd ref="13915675573"/>
    <nd ref="13915675574"/>
    <tag k="highway" v="footway"/>
    <tag k="indoor" v="yes"/>
    <tag k="note" v="POPS"/>
    <tag k="opening_hours" v="Mo-Fr 08:00-19:00"/>
  </way>
  <way id="1526888553">
    <nd ref="13915675575"/>
    <nd ref="1753010841"/>
    <nd ref="1753010855"/>
    <nd ref="13915675576"/>
    <tag k="highway" v="footway"/>
    <tag k="indoor" v="yes"/>
    <tag k="level" v="0"/>
    <tag k="note" v="POPS"/>
  </way>
  <way id="1527339777">
    <nd ref="13918449477"/>
    <nd ref="13918896929"/>
    <nd ref="13918449478"/>
    <tag k="highway" v="footway"/>
    <tag k="indoor" v="yes"/>
    <tag k="operator" v="Urban Hawker"/>
  </way>
  <way id="1527339778">
    <nd ref="13918449477"/>
    <nd ref="13918449476"/>
    <tag k="highway" v="steps"/>
    <tag k="indoor" v="yes"/>
    <tag k="operator" v="Urban Hawker"/>
  </way>
  <way id="1527339779">
    <nd ref="11198923675"/>
    <nd ref="13918896928"/>
    <nd ref="13918449476"/>
    <tag k="highway" v="footway"/>
    <tag k="indoor" v="yes"/>
    <tag k="operator" v="Urban Hawker"/>
  </way>
  <way id="1527376228">
    <nd ref="13918896916"/>
    <nd ref="13918896917"/>
    <nd ref="13918896935"/>
    <nd ref="13918896923"/>
    <nd ref="13918896934"/>
    <nd ref="13918896918"/>
    <nd ref="13918896919"/>
    <tag k="highway" v="service"/>
    <tag k="level" v="0"/>
    <tag k="oneway" v="yes"/>
  </way>
  <way id="1527376230">
    <nd ref="13918896925"/>
    <nd ref="13918896926"/>
    <nd ref="13918896927"/>
    <nd ref="13918896924"/>
    <tag k="highway" v="service"/>
  </way>
  <way id="1527376231">
    <nd ref="10172901891"/>
    <nd ref="13304565269"/>
    <tag k="highway" v="steps"/>
    <tag k="lit" v="yes"/>
    <tag k="smoothness" v="good"/>
    <tag k="surface" v="concrete"/>
    <tag k="tourism" v="attraction"/>
    <tag k="wheelchair" v="no"/>
  </way>
  <way id="1534680280">
    <nd ref="1752942903"/>
    <nd ref="13915675577"/>
    <nd ref="13915675578"/>
    <tag k="highway" v="service"/>
    <tag k="motor_vehicle" v="customers"/>
  </way>
  <way id="1534680281">
    <nd ref="8396878498"/>
    <nd ref="8396878499"/>
    <nd ref="8396878500"/>
    <tag k="highway" v="service"/>
    <tag k="motor_vehicle" v="customers"/>
  </way>

</osm>
