<?xml version="1.0" encoding="UTF-8"?>
<osm version="0.6" generator="Overpass API 0.7.62.11 87bfad18">
<note>The data included in this document is from www.openstreetmap.org. The data is made available under ODbL.</note>
<meta osm_base="2026-07-07T11:30:02Z"/>

  <node id="368308" lat="48.8732254" lon="2.2946432"/>
  <node id="368310" lat="48.8734551" lon="2.2942458"/>
  <node id="368313" lat="48.8737408" lon="2.2941165"/>
  <node id="368318" lat="48.8744042" lon="2.2949140"/>
  <node id="368319" lat="48.8743369" lon="2.2954443"/>
  <node id="368320" lat="48.8741145" lon="2.2958561"/>
  <node id="368321" lat="48.8738318" lon="2.2959735"/>
  <node id="368322" lat="48.8735055" lon="2.2958868"/>
  <node id="368323" lat="48.8731663" lon="2.2951542"/>
  <node id="368325" lat="48.8732624" lon="2.2955649"/>
  <node id="368338" lat="48.8723617" lon="2.2994947"/>
  <node id="661218" lat="48.8750526" lon="2.2959596">
    <tag k="highway" v="traffic_signals"/>
    <tag k="traffic_signals" v="signal"/>
    <tag k="traffic_signals:direction" v="forward"/>
  </node>
  <node id="661220" lat="48.8745805" lon="2.2969670"/>
  <node id="661221" lat="48.8739765" lon="2.2972889"/>
  <node id="661223" lat="48.8727892" lon="2.2967736"/>
  <node id="661225" lat="48.8709454" lon="2.2975047">
    <tag k="highway" v="traffic_signals"/>
  </node>
  <node id="21292970" lat="48.8742957" lon="2.2945107"/>
  <node id="21659949" lat="48.8723375" lon="2.2957148"/>
  <node id="21659950" lat="48.8722780" lon="2.2952715"/>
  <node id="21659951" lat="48.8722776" lon="2.2948477"/>
  <node id="21659952" lat="48.8724892" lon="2.2938586">
    <tag k="button_operated" v="no"/>
    <tag k="crossing" v="traffic_signals"/>
    <tag k="crossing:island" v="no"/>
    <tag k="crossing:markings" v="zebra"/>
    <tag k="crossing:signals" v="yes"/>
    <tag k="highway" v="crossing"/>
    <tag k="kerb" v="lowered"/>
    <tag k="tactile_paving" v="yes"/>
    <tag k="traffic_signals:sound" v="yes"/>
  </node>
  <node id="21659954" lat="48.8733828" lon="2.2928287"/>
  <node id="21659955" lat="48.8742371" lon="2.2928555"/>
  <node id="21659956" lat="48.8748250" lon="2.2933900"/>
  <node id="21659957" lat="48.8754032" lon="2.2947700">
    <tag k="highway" v="traffic_signals"/>
    <tag k="traffic_signals" v="signal"/>
    <tag k="traffic_signals:direction" v="forward"/>
  </node>
  <node id="21659958" lat="48.8752738" lon="2.2952326"/>
  <node id="21659959" lat="48.8751358" lon="2.2940449">
    <tag k="crossing" v="traffic_signals"/>
    <tag k="crossing:island" v="no"/>
    <tag k="crossing:markings" v="zebra"/>
    <tag k="crossing:signals" v="yes"/>
    <tag k="highway" v="crossing"/>
    <tag k="kerb" v="lowered"/>
    <tag k="traffic_signals:sound" v="yes"/>
  </node>
  <node id="21660038" lat="48.8744338" lon="2.2929668"/>
  <node id="21660039" lat="48.8750772" lon="2.2938598"/>
  <node id="21660040" lat="48.8748753" lon="2.2966086"/>
  <node id="21660041" lat="48.8742421" lon="2.2971977"/>
  <node id="21660042" lat="48.8737369" lon="2.2973105"/>
  <node id="21660043" lat="48.8723028" lon="2.2939645">
    <tag k="highway" v="traffic_signals"/>
    <tag k="traffic_signals" v="signal"/>
    <tag k="traffic_signals:direction" v="forward"/>
  </node>
  <node id="21660044" lat="48.8729211" lon="2.2930141">
    <tag k="highway" v="traffic_signals"/>
    <tag k="traffic_signals" v="signal"/>
    <tag k="traffic_signals:direction" v="forward"/>
  </node>
  <node id="21660045" lat="48.8735699" lon="2.2926486">
    <tag k="highway" v="traffic_signals"/>
    <tag k="traffic_signals" v="signal"/>
    <tag k="traffic_signals:direction" v="forward"/>
  </node>
  <node id="21660104" lat="48.8726348" lon="2.2965422"/>
  <node id="21660273" lat="48.8741615" lon="2.2989213"/>
  <node id="21660274" lat="48.8742297" lon="2.2995610"/>
  <node id="21660275" lat="48.8751997" lon="2.2984535"/>
  <node id="21660278" lat="48.8750193" lon="2.3002780"/>
  <node id="21660279" lat="48.8749392" lon="2.3010452"/>
  <node id="21660280" lat="48.8748605" lon="2.3018084"/>
  <node id="21660281" lat="48.8753505" lon="2.2961769"/>
  <node id="21660332" lat="48.8763167" lon="2.3011335">
    <tag k="highway" v="traffic_signals"/>
  </node>
  <node id="21660341" lat="48.8743984" lon="2.3010558"/>
  <node id="21660389" lat="48.8745231" lon="2.3021932"/>
  <node id="21660913" lat="48.8711503" lon="2.2954709"/>
  <node id="21660914" lat="48.8705071" lon="2.2955747"/>
  <node id="21660915" lat="48.8701180" lon="2.2956377">
    <tag k="crossing" v="uncontrolled"/>
    <tag k="crossing:island" v="no"/>
    <tag k="crossing:markings" v="zebra"/>
    <tag k="highway" v="crossing"/>
  </node>
  <node id="21660916" lat="48.8717923" lon="2.2953630"/>
  <node id="21660924" lat="48.8712924" lon="2.2932078"/>
  <node id="21660925" lat="48.8722725" lon="2.2950592">
    <tag k="crossing" v="traffic_signals"/>
    <tag k="crossing:island" v="no"/>
    <tag k="crossing:markings" v="zebra"/>
    <tag k="crossing:signals" v="yes"/>
    <tag k="highway" v="crossing"/>
    <tag k="tactile_paving" v="no"/>
  </node>
  <node id="21660937" lat="48.8698116" lon="2.2961659"/>
  <node id="21660944" lat="48.8711154" lon="2.2967877"/>
  <node id="21660948" lat="48.8709666" lon="2.2941875"/>
  <node id="21660949" lat="48.8707842" lon="2.2945181"/>
  <node id="21660950" lat="48.8703340" lon="2.2952699"/>
  <node id="21660964" lat="48.8695337" lon="2.2957432"/>
  <node id="21660967" lat="48.8766417" lon="2.2945482">
    <tag k="highway" v="traffic_signals"/>
  </node>
  <node id="21660969" lat="48.8786461" lon="2.2942209">
    <tag k="highway" v="traffic_signals"/>
  </node>
  <node id="21660970" lat="48.8778465" lon="2.2977738"/>
  <node id="21660972" lat="48.8783838" lon="2.2942523"/>
  <node id="25623911" lat="48.8694128" lon="2.2935482"/>
  <node id="25623915" lat="48.8685940" lon="2.2929243"/>
  <node id="25623918" lat="48.8687015" lon="2.2925456"/>
  <node id="25623994" lat="48.8689952" lon="2.2915527">
    <tag k="highway" v="traffic_signals"/>
  </node>
  <node id="25624001" lat="48.8708164" lon="2.2880361"/>
  <node id="25624005" lat="48.8685303" lon="2.2989165"/>
  <node id="25624012" lat="48.8701855" lon="2.2966095"/>
  <node id="25624014" lat="48.8694114" lon="2.2978607"/>
  <node id="25624047" lat="48.8679213" lon="2.2957138"/>
  <node id="25625948" lat="48.8695309" lon="2.3003906"/>
  <node id="25625949" lat="48.8699281" lon="2.3001596"/>
  <node id="25625950" lat="48.8709703" lon="2.2995313"/>
  <node id="25625951" lat="48.8713971" lon="2.2999797"/>
  <node id="25625953" lat="48.8709858" lon="2.3009132"/>
  <node id="25626299" lat="48.8717931" lon="2.2987068">
    <tag k="highway" v="traffic_signals"/>
  </node>
  <node id="25626302" lat="48.8709980" lon="2.2978279">
    <tag k="button_operated" v="no"/>
    <tag k="crossing" v="traffic_signals"/>
    <tag k="crossing:markings" v="zebra"/>
    <tag k="crossing:signals" v="yes"/>
    <tag k="highway" v="crossing"/>
    <tag k="traffic_signals:sound" v="yes"/>
    <tag k="traffic_signals:vibration" v="no"/>
  </node>
  <node id="27286674" lat="48.8756980" lon="2.2889920"/>
  <node id="27286689" lat="48.8733609" lon="2.2860986"/>
  <node id="27286690" lat="48.8735628" lon="2.2879577"/>
  <node id="27286691" lat="48.8737735" lon="2.2878855"/>
  <node id="27286692" lat="48.8744167" lon="2.2884288"/>
  <node id="27286693" lat="48.8747373" lon="2.2888793"/>
  <node id="27286694" lat="48.8741950" lon="2.2897121"/>
  <node id="27286696" lat="48.8738142" lon="2.2902265"/>
  <node id="27286709" lat="48.8750111" lon="2.2911575"/>
  <node id="27286711" lat="48.8763148" lon="2.2968738"/>
  <node id="27286712" lat="48.8758928" lon="2.2965695"/>
  <node id="27286713" lat="48.8772173" lon="2.2948507"/>
  <node id="27286715" lat="48.8754383" lon="2.2962423"/>
  <node id="27415728" lat="48.8755778" lon="2.2893771"/>
  <node id="32560608" lat="48.8737179" lon="2.3005648"/>
  <node id="32560609" lat="48.8733227" lon="2.3014771">
    <tag k="crossing" v="uncontrolled"/>
    <tag k="crossing:island" v="no"/>
    <tag k="crossing:markings" v="zebra"/>
    <tag k="highway" v="crossing"/>
  </node>
  <node id="32560653" lat="48.8732327" lon="2.3001982"/>
  <node id="32560666" lat="48.8729901" lon="2.3027630"/>
  <node id="32560730" lat="48.8730283" lon="2.3008188"/>
  <node id="32560731" lat="48.8730667" lon="2.3012464"/>
  <node id="32560732" lat="48.8732142" lon="2.3014680">
    <tag k="crossing" v="uncontrolled"/>
    <tag k="crossing:island" v="no"/>
    <tag k="crossing:markings" v="zebra"/>
    <tag k="highway" v="crossing"/>
  </node>
  <node id="32560733" lat="48.8734143" lon="2.3017792"/>
  <node id="32560734" lat="48.8734370" lon="2.3020239"/>
  <node id="32560735" lat="48.8733983" lon="2.3021453"/>
  <node id="34816567" lat="48.8698282" lon="2.2905464"/>
  <node id="34816568" lat="48.8711063" lon="2.2918637"/>
  <node id="34816569" lat="48.8716879" lon="2.2924740"/>
  <node id="34816570" lat="48.8728033" lon="2.2932894"/>
  <node id="34816572" lat="48.8705449" lon="2.2896370"/>
  <node id="34816573" lat="48.8711631" lon="2.2888586">
    <tag k="highway" v="traffic_signals"/>
  </node>
  <node id="34816574" lat="48.8724721" lon="2.2872257"/>
  <node id="34816750" lat="48.8713941" lon="2.2774677"/>
  <node id="34816752" lat="48.8717708" lon="2.2809417"/>
  <node id="34816753" lat="48.8721988" lon="2.2846852">
    <tag k="highway" v="traffic_signals"/>
  </node>
  <node id="34816754" lat="48.8729274" lon="2.2913999"/>
  <node id="34816758" lat="48.8724886" lon="2.2919918"/>
  <node id="34816759" lat="48.8719655" lon="2.2907554"/>
  <node id="34816775" lat="48.8706717" lon="2.2876928"/>
  <node id="34816998" lat="48.8721400" lon="2.2841954"/>
  <node id="34817262" lat="48.8715954" lon="2.2792717"/>
  <node id="34817359" lat="48.8719512" lon="2.2825386"/>
  <node id="34843118" lat="48.8726107" lon="2.2987107">
    <tag k="button_operated" v="no"/>
    <tag k="crossing" v="traffic_signals"/>
    <tag k="crossing:island" v="yes"/>
    <tag k="crossing:markings" v="zebra"/>
    <tag k="crossing:signals" v="yes"/>
    <tag k="highway" v="crossing"/>
    <tag k="tactile_paving" v="yes"/>
    <tag k="traffic_signals:vibration" v="no"/>
  </node>
  <node id="135294272" lat="48.8749503" lon="2.2919592"/>
  <node id="135294283" lat="48.8728522" lon="2.2984942"/>
  <node id="135294293" lat="48.8731833" lon="2.2975536"/>
  <node id="135294297" lat="48.8736367" lon="2.2962238"/>
  <node id="135294303" lat="48.8737661" lon="2.2959364"/>
  <node id="135294306" lat="48.8738713" lon="2.2957297"/>
  <node id="135294310" lat="48.8740207" lon="2.2954048"/>
  <node id="135294320" lat="48.8741116" lon="2.2950827"/>
  <node id="135294324" lat="48.8742728" lon="2.2942178"/>
  <node id="135294327" lat="48.8743223" lon="2.2940176"/>
  <node id="137552078" lat="48.8746552" lon="2.2929349"/>
  <node id="176932324" lat="48.8739194" lon="2.2911590"/>
  <node id="176932548" lat="48.8735532" lon="2.2924778">
    <tag k="highway" v="traffic_signals"/>
    <tag k="traffic_signals" v="signal"/>
    <tag k="traffic_signals:direction" v="backward"/>
  </node>
  <node id="176932687" lat="48.8745357" lon="2.2899614"/>
  <node id="176932867" lat="48.8741228" lon="2.2912768"/>
  <node id="257936842" lat="48.8722805" lon="2.2854697"/>
  <node id="260928393" lat="48.8720562" lon="2.3004567"/>
  <node id="269368021" lat="48.8780109" lon="2.2943160"/>
  <node id="269368412" lat="48.8784348" lon="2.2942436"/>
  <node id="269368543" lat="48.8773105" lon="2.2946017"/>
  <node id="269902563" lat="48.8771408" lon="2.2944648"/>
  <node id="269902782" lat="48.8773002" lon="2.2944384"/>
  <node id="269903044" lat="48.8767394" lon="2.2945361"/>
  <node id="270087608" lat="48.8745249" lon="2.2971475">
    <tag k="crossing" v="traffic_signals"/>
    <tag k="crossing:island" v="no"/>
    <tag k="crossing:markings" v="zebra"/>
    <tag k="crossing:signals" v="yes"/>
    <tag k="highway" v="crossing"/>
    <tag k="tactile_paving" v="yes"/>
  </node>
  <node id="270087609" lat="48.8750910" lon="2.2984879">
    <tag k="crossing" v="uncontrolled"/>
    <tag k="crossing:island" v="yes"/>
    <tag k="crossing:markings" v="zebra"/>
    <tag k="crossing:signals" v="no"/>
    <tag k="highway" v="crossing"/>
  </node>
  <node id="270087917" lat="48.8752410" lon="2.2988391"/>
  <node id="270087918" lat="48.8761762" lon="2.3010895">
    <tag k="crossing" v="uncontrolled"/>
    <tag k="crossing:island" v="no"/>
    <tag k="crossing:markings" v="zebra"/>
    <tag k="highway" v="crossing"/>
    <tag k="tactile_paving" v="yes"/>
  </node>
  <node id="270087967" lat="48.8763826" lon="2.3009715"/>
  <node id="270087968" lat="48.8753177" lon="2.2984163"/>
  <node id="270727841" lat="48.8720046" lon="2.2949534"/>
  <node id="270727940" lat="48.8719688" lon="2.2953323"/>
  <node id="270728168" lat="48.8715408" lon="2.2952362"/>
  <node id="270728169" lat="48.8705149" lon="2.2954046"/>
  <node id="270728188" lat="48.8716154" lon="2.2951253"/>
  <node id="270728325" lat="48.8722233" lon="2.2954625">
    <tag k="highway" v="traffic_signals"/>
    <tag k="traffic_signals" v="signal"/>
    <tag k="traffic_signals:direction" v="forward"/>
  </node>
  <node id="270728330" lat="48.8706655" lon="2.2957178">
    <tag k="crossing" v="uncontrolled"/>
    <tag k="crossing:island" v="no"/>
    <tag k="crossing:markings" v="zebra"/>
    <tag k="highway" v="crossing"/>
    <tag k="tactile_paving" v="yes"/>
  </node>
  <node id="270728339" lat="48.8701364" lon="2.2958106">
    <tag k="crossing" v="uncontrolled"/>
    <tag k="crossing:island" v="no"/>
    <tag k="crossing:markings" v="zebra"/>
    <tag k="highway" v="crossing"/>
  </node>
  <node id="270728742" lat="48.8701118" lon="2.2954930">
    <tag k="crossing" v="uncontrolled"/>
    <tag k="crossing:island" v="no"/>
    <tag k="crossing:markings" v="zebra"/>
    <tag k="highway" v="crossing"/>
  </node>
  <node id="270728743" lat="48.8695587" lon="2.2955698">
    <tag k="crossing" v="uncontrolled"/>
    <tag k="crossing:markings" v="zebra"/>
    <tag k="highway" v="crossing"/>
  </node>
  <node id="270735100" lat="48.8715820" lon="2.2934166"/>
  <node id="270735101" lat="48.8715664" lon="2.2932470"/>
  <node id="270735103" lat="48.8690766" lon="2.2918254"/>
  <node id="270735104" lat="48.8712386" lon="2.2933765"/>
  <node id="270735106" lat="48.8715442" lon="2.2935495"/>
  <node id="270735143" lat="48.8717699" lon="2.2937695"/>
  <node id="270735144" lat="48.8722800" lon="2.2941380">
    <tag k="button_operated" v="no"/>
    <tag k="crossing" v="traffic_signals"/>
    <tag k="crossing:markings" v="zebra"/>
    <tag k="crossing:signals" v="yes"/>
    <tag k="highway" v="crossing"/>
    <tag k="kerb" v="lowered"/>
    <tag k="tactile_paving" v="yes"/>
    <tag k="traffic_signals:sound" v="no"/>
    <tag k="traffic_signals:vibration" v="no"/>
  </node>
  <node id="270735149" lat="48.8718163" lon="2.2934393"/>
  <node id="270935182" lat="48.8694864" lon="2.2981880">
    <tag k="crossing" v="traffic_signals"/>
    <tag k="crossing:markings" v="zebra"/>
    <tag k="crossing:signals" v="yes"/>
    <tag k="highway" v="crossing"/>
  </node>
  <node id="270935183" lat="48.8686744" lon="2.2986528"/>
  <node id="270936416" lat="48.8707328" lon="2.2974355">
    <tag k="crossing" v="uncontrolled"/>
    <tag k="crossing:markings" v="zebra"/>
    <tag k="crossing:signals" v="no"/>
    <tag k="highway" v="crossing"/>
  </node>
  <node id="270936428" lat="48.8699023" lon="2.2983290">
    <tag k="crossing" v="traffic_signals"/>
    <tag k="crossing:island" v="no"/>
    <tag k="crossing:markings" v="zebra"/>
    <tag k="crossing:signals" v="yes"/>
    <tag k="highway" v="crossing"/>
  </node>
  <node id="270938224" lat="48.8710981" lon="2.2973764">
    <tag k="highway" v="traffic_signals"/>
  </node>
  <node id="270960794" lat="48.8696936" lon="2.2982388">
    <tag k="highway" v="traffic_signals"/>
  </node>
  <node id="271084099" lat="48.8733417" lon="2.2957126"/>
  <node id="272334746" lat="48.8764960" lon="2.2947407"/>
  <node id="272336241" lat="48.8768447" lon="2.2945186"/>
  <node id="272337424" lat="48.8752813" lon="2.2949900">
    <tag k="cycleway" v="asl"/>
    <tag k="direction" v="forward"/>
  </node>
  <node id="272337436" lat="48.8743958" lon="2.2951554"/>
  <node id="272341253" lat="48.8768102" lon="2.2921733"/>
  <node id="272341254" lat="48.8764762" lon="2.2924606"/>
  <node id="272341725" lat="48.8763610" lon="2.2925589"/>
  <node id="272341726" lat="48.8752889" lon="2.2934590"/>
  <node id="272341727" lat="48.8752942" lon="2.2936791"/>
  <node id="272341925" lat="48.8759982" lon="2.2933128"/>
  <node id="272341926" lat="48.8769671" lon="2.2924395"/>
  <node id="272342734" lat="48.8754069" lon="2.2937694"/>
  <node id="272342735" lat="48.8756433" lon="2.2935687"/>
  <node id="273337145" lat="48.8713194" lon="2.2892281"/>
  <node id="273414792" lat="48.8767306" lon="2.2971800"/>
  <node id="291593917" lat="48.8736565" lon="2.2922064"/>
  <node id="291594056" lat="48.8733794" lon="2.2922320">
    <tag k="highway" v="traffic_signals"/>
  </node>
  <node id="291594194" lat="48.8733655" lon="2.2907887"/>
  <node id="291595872" lat="48.8737283" lon="2.2894654"/>
  <node id="292873769" lat="48.8716667" lon="2.2911469"/>
  <node id="292881410" lat="48.8740764" lon="2.2981687"/>
  <node id="299013756" lat="48.8747054" lon="2.2954193">
    <tag k="name" v="Avenue de Wagram"/>
    <tag k="railway" v="subway_entrance"/>
    <tag k="ref" v="4"/>
    <tag k="wheelchair" v="no"/>
  </node>
  <node id="299013857" lat="48.8742685" lon="2.2940380">
    <tag k="source" v="survey"/>
    <tag k="wheelchair" v="no"/>
  </node>
  <node id="299014093" lat="48.8746932" lon="2.2930239"/>
  <node id="299014095" lat="48.8753825" lon="2.2909395"/>
  <node id="299014098" lat="48.8752473" lon="2.2913762">
    <tag k="highway" v="traffic_signals"/>
  </node>
  <node id="299014121" lat="48.8751094" lon="2.2908412"/>
  <node id="299014147" lat="48.8753361" lon="2.2908055"/>
  <node id="299014153" lat="48.8756799" lon="2.2897100"/>
  <node id="299015572" lat="48.8750696" lon="2.2903565"/>
  <node id="299016131" lat="48.8753509" lon="2.2894650"/>
  <node id="299016497" lat="48.8743707" lon="2.2925328"/>
  <node id="299016627" lat="48.8746005" lon="2.2931204"/>
  <node id="299016987" lat="48.8746655" lon="2.2916273"/>
  <node id="299017707" lat="48.8739986" lon="2.2941564"/>
  <node id="299017904" lat="48.8748275" lon="2.2917343"/>
  <node id="299018405" lat="48.8752303" lon="2.2904686"/>
  <node id="299018440" lat="48.8755567" lon="2.2894434"/>
  <node id="305208580" lat="48.8724855" lon="2.2962201">
    <tag k="highway" v="traffic_signals"/>
  </node>
  <node id="350530114" lat="48.8743673" lon="2.2947110"/>
  <node id="350530117" lat="48.8742034" lon="2.2943593"/>
  <node id="350530126" lat="48.8739069" lon="2.2941204"/>
  <node id="350530132" lat="48.8736212" lon="2.2941415"/>
  <node id="350530138" lat="48.8733361" lon="2.2944018"/>
  <node id="350530144" lat="48.8731793" lon="2.2948665"/>
  <node id="350530148" lat="48.8732032" lon="2.2953773"/>
  <node id="350530157" lat="48.8736732" lon="2.2959681"/>
  <node id="350530161" lat="48.8739658" lon="2.2959408"/>
  <node id="350530163" lat="48.8742174" lon="2.2957191"/>
  <node id="476880921" lat="48.8729401" lon="2.2983164"/>
  <node id="495986693" lat="48.8724212" lon="2.2967368"/>
  <node id="495986890" lat="48.8723731" lon="2.2963118">
    <tag k="highway" v="traffic_signals"/>
    <tag k="traffic_signals" v="signal"/>
    <tag k="traffic_signals:direction" v="forward"/>
  </node>
  <node id="568794047" lat="48.8741000" lon="2.2942459"/>
  <node id="571656878" lat="48.8714304" lon="2.2777254"/>
  <node id="659283858" lat="48.8762237" lon="2.2899898"/>
  <node id="659284020" lat="48.8759804" lon="2.2903606"/>
  <node id="659284021" lat="48.8760254" lon="2.2910164"/>
  <node id="659285048" lat="48.8761781" lon="2.2900614">
    <tag k="barrier" v="gate"/>
  </node>
  <node id="727891941" lat="48.8735158" lon="2.2972784"/>
  <node id="764434994" lat="48.8717333" lon="2.2910571"/>
  <node id="827450526" lat="48.8745672" lon="2.2959344">
    <tag k="name" v="Avenue Hoche"/>
    <tag k="railway" v="subway_entrance"/>
    <tag k="ref" v="3"/>
    <tag k="wheelchair" v="no"/>
  </node>
  <node id="829132642" lat="48.8720743" lon="2.2997636">
    <tag k="amenity" v="parking_entrance"/>
    <tag k="fee" v="yes"/>
    <tag k="layer" v="-1"/>
    <tag k="maxheight" v="1.9"/>
    <tag k="name" v="Champs-Élysées - George V"/>
    <tag k="parking" v="underground"/>
    <tag k="wheelchair" v="limited"/>
  </node>
  <node id="830665978" lat="48.8729673" lon="2.2969499">
    <tag k="button_operated" v="no"/>
    <tag k="crossing" v="traffic_signals"/>
    <tag k="crossing:island" v="no"/>
    <tag k="crossing:markings" v="zebra"/>
    <tag k="crossing:signals" v="yes"/>
    <tag k="highway" v="crossing"/>
    <tag k="tactile_paving" v="no"/>
    <tag k="traffic_signals:sound" v="no"/>
    <tag k="traffic_signals:vibration" v="no"/>
  </node>
  <node id="830665979" lat="48.8722166" lon="2.2993151">
    <tag k="button_operated" v="no"/>
    <tag k="crossing" v="traffic_signals"/>
    <tag k="crossing:island" v="no"/>
    <tag k="crossing:markings" v="zebra"/>
    <tag k="highway" v="crossing"/>
    <tag k="tactile_paving" v="yes"/>
    <tag k="traffic_signals:sound" v="yes"/>
    <tag k="traffic_signals:vibration" v="yes"/>
  </node>
  <node id="830665982" lat="48.8718921" lon="2.3003377">
    <tag k="crossing" v="uncontrolled"/>
    <tag k="crossing:island" v="no"/>
    <tag k="crossing:markings" v="zebra;lines"/>
    <tag k="highway" v="crossing"/>
    <tag k="tactile_paving" v="yes"/>
  </node>
  <node id="830665986" lat="48.8732882" lon="2.2959387"/>
  <node id="830668049" lat="48.8732985" lon="2.2971963">
    <tag k="button_operated" v="no"/>
    <tag k="crossing" v="traffic_signals"/>
    <tag k="crossing:island" v="no"/>
    <tag k="crossing:markings" v="zebra"/>
    <tag k="crossing:signals" v="yes"/>
    <tag k="highway" v="crossing"/>
    <tag k="tactile_paving" v="no"/>
  </node>
  <node id="830668050" lat="48.8735399" lon="2.2964309"/>
  <node id="830668051" lat="48.8725256" lon="2.2996449">
    <tag k="button_operated" v="no"/>
    <tag k="crossing" v="traffic_signals"/>
    <tag k="crossing:markings" v="zebra"/>
    <tag k="highway" v="crossing"/>
    <tag k="kerb" v="lowered"/>
    <tag k="tactile_paving" v="yes"/>
    <tag k="traffic_signals" v="signal"/>
    <tag k="traffic_signals:sound" v="yes"/>
  </node>
  <node id="832027880" lat="48.8696056" lon="2.2981240"/>
  <node id="833393566" lat="48.8714417" lon="2.2972306"/>
  <node id="833393569" lat="48.8715836" lon="2.2969686"/>
  <node id="833393570" lat="48.8720442" lon="2.2965816"/>
  <node id="833393573" lat="48.8714206" lon="2.2972715"/>
  <node id="833393574" lat="48.8718337" lon="2.2966056"/>
  <node id="833393575" lat="48.8714216" lon="2.2972472">
    <tag k="entrance" v="yes"/>
  </node>
  <node id="833393576" lat="48.8724006" lon="2.2959635">
    <tag k="highway" v="traffic_signals"/>
    <tag k="traffic_signals" v="signal"/>
    <tag k="traffic_signals:direction" v="forward"/>
  </node>
  <node id="833393577" lat="48.8733588" lon="2.2970053"/>
  <node id="833393578" lat="48.8714482" lon="2.2972487"/>
  <node id="833393581" lat="48.8722086" lon="2.2965845"/>
  <node id="833393582" lat="48.8714613" lon="2.2968838"/>
  <node id="833393583" lat="48.8718110" lon="2.2966257"/>
  <node id="833393584" lat="48.8718167" lon="2.2966435"/>
  <node id="833393585" lat="48.8722285" lon="2.2965694"/>
  <node id="833393587" lat="48.8718402" lon="2.2966227"/>
  <node id="833393588" lat="48.8722397" lon="2.2966017"/>
  <node id="833393593" lat="48.8720165" lon="2.2968098"/>
  <node id="833393595" lat="48.8713039" lon="2.2970137">
    <tag k="amenity" v="parking"/>
    <tag k="brand" v="Q-Park"/>
    <tag k="fee" v="yes"/>
    <tag k="maxheight" v="1.9"/>
    <tag k="name" v="Q-Park Marceau - Champs-Elysées"/>
    <tag k="operator" v="Q-Park"/>
    <tag k="parking" v="underground"/>
    <tag k="source" v="Q-Park website"/>
    <tag k="website" v="https://www.q-park.fr/fr-fr/villes/paris/Marceau-Champs-Elys%C3%A9es/?utm_campaign=partoo&amp;utm_medium=lien-homepage&amp;utm_source=partoo"/>
  </node>
  <node id="833393603" lat="48.8729066" lon="2.2986211"/>
  <node id="833399695" lat="48.8735686" lon="2.2963397"/>
  <node id="833522291" lat="48.8734389" lon="2.3018954"/>
  <node id="833522634" lat="48.8733655" lon="2.3012707"/>
  <node id="833541039" lat="48.8730051" lon="2.3009579"/>
  <node id="833541097" lat="48.8716925" lon="2.3004997"/>
  <node id="833541116" lat="48.8714934" lon="2.2973611"/>
  <node id="833541248" lat="48.8730186" lon="2.3010934"/>
  <node id="833541400" lat="48.8720501" lon="2.2968939"/>
  <node id="833541472" lat="48.8733501" lon="2.3016275"/>
  <node id="833541505" lat="48.8716898" lon="2.3004973">
    <tag k="addr:housenumber" v="101"/>
  </node>
  <node id="833541658" lat="48.8725943" lon="2.2965574"/>
  <node id="833541666" lat="48.8712006" lon="2.2977021"/>
  <node id="833541707" lat="48.8717418" lon="2.3003362"/>
  <node id="833541724" lat="48.8712041" lon="2.2976307"/>
  <node id="833541892" lat="48.8712120" lon="2.2975974"/>
  <node id="833542075" lat="48.8725268" lon="2.2965928"/>
  <node id="833542107" lat="48.8713440" lon="2.2974866"/>
  <node id="833542325" lat="48.8712167" lon="2.2976109"/>
  <node id="833542361" lat="48.8716830" lon="2.3005182"/>
  <node id="833542536" lat="48.8718139" lon="2.2970923"/>
  <node id="833542668" lat="48.8721605" lon="2.2968014"/>
  <node id="833542756" lat="48.8712118" lon="2.2976167"/>
  <node id="833542796" lat="48.8711963" lon="2.2976752"/>
  <node id="833542940" lat="48.8733312" lon="2.3013673"/>
  <node id="833542970" lat="48.8711926" lon="2.2977143"/>
  <node id="833543001" lat="48.8711975" lon="2.2976566"/>
  <node id="833543238" lat="48.8711968" lon="2.2976846"/>
  <node id="833543267" lat="48.8718046" lon="2.3001337">
    <tag k="man_made" v="surveillance"/>
    <tag k="surveillance" v="outdoor"/>
  </node>
  <node id="833543288" lat="48.8719399" lon="2.2969865"/>
  <node id="833543323" lat="48.8723563" lon="2.2967549"/>
  <node id="833543448" lat="48.8716860" lon="2.3005204"/>
  <node id="833543554" lat="48.8715877" lon="2.2972821"/>
  <node id="833543695" lat="48.8720832" lon="2.2992586">
    <tag k="man_made" v="surveillance"/>
    <tag k="surveillance" v="outdoor"/>
  </node>
  <node id="833543758" lat="48.8723043" lon="2.2966806"/>
  <node id="833608814" lat="48.8725887" lon="2.2963241">
    <tag k="barrier" v="kerb"/>
  </node>
  <node id="838040248" lat="48.8725337" lon="2.3000628"/>
  <node id="838040360" lat="48.8721366" lon="2.3013562"/>
  <node id="838040498" lat="48.8721399" lon="2.3013666"/>
  <node id="838040558" lat="48.8724079" lon="2.3003180"/>
  <node id="838040575" lat="48.8724441" lon="2.3003445"/>
  <node id="838040759" lat="48.8721478" lon="2.3012763"/>
  <node id="838040790" lat="48.8721356" lon="2.3013347"/>
  <node id="838040896" lat="48.8726164" lon="2.2998182"/>
  <node id="838041129" lat="48.8724321" lon="2.3002420"/>
  <node id="838041282" lat="48.8723382" lon="2.3006776"/>
  <node id="838041346" lat="48.8721422" lon="2.3013711"/>
  <node id="838041415" lat="48.8724684" lon="2.3002684"/>
  <node id="838041584" lat="48.8721355" lon="2.3013448"/>
  <node id="838041592" lat="48.8724694" lon="2.3002648"/>
  <node id="838041630" lat="48.8722191" lon="2.3010520"/>
  <node id="838041753" lat="48.8726119" lon="2.2998143"/>
  <node id="838041910" lat="48.8722962" lon="2.3008096"/>
  <node id="838050011" lat="48.8744652" lon="2.3016684">
    <tag k="button_operated" v="no"/>
    <tag k="crossing" v="traffic_signals"/>
    <tag k="crossing:island" v="no"/>
    <tag k="crossing:markings" v="zebra"/>
    <tag k="crossing:signals" v="yes"/>
    <tag k="highway" v="crossing"/>
    <tag k="tactile_paving" v="yes"/>
    <tag k="traffic_signals:sound" v="no"/>
  </node>
  <node id="838076040" lat="48.8742900" lon="2.2994188"/>
  <node id="838076044" lat="48.8740669" lon="2.2986627"/>
  <node id="838076055" lat="48.8742028" lon="2.2983965"/>
  <node id="838076061" lat="48.8739869" lon="2.2982926"/>
  <node id="838076085" lat="48.8737929" lon="2.2965790"/>
  <node id="838076091" lat="48.8740775" lon="2.2991243"/>
  <node id="838076102" lat="48.8740331" lon="2.2983312"/>
  <node id="838076139" lat="48.8740628" lon="2.2986726"/>
  <node id="838076147" lat="48.8740401" lon="2.2986762"/>
  <node id="838076151" lat="48.8740011" lon="2.2982911"/>
  <node id="838076170" lat="48.8741074" lon="2.2994150">
    <tag k="amenity" v="parking_entrance"/>
    <tag k="fee" v="yes"/>
    <tag k="name" v="Étoile Friedland"/>
  </node>
  <node id="838076180" lat="48.8740679" lon="2.2986493"/>
  <node id="838076213" lat="48.8742407" lon="2.2987178">
    <tag k="amenity" v="parking_entrance"/>
  </node>
  <node id="838076240" lat="48.8738916" lon="2.2984055"/>
  <node id="838076254" lat="48.8741710" lon="2.2990109"/>
  <node id="838076263" lat="48.8740149" lon="2.2982960"/>
  <node id="838076282" lat="48.8742842" lon="2.2993640">
    <tag k="entrance" v="yes"/>
  </node>
  <node id="838076312" lat="48.8739007" lon="2.2983816"/>
  <node id="838076318" lat="48.8739822" lon="2.2980527"/>
  <node id="838076347" lat="48.8740263" lon="2.2983114"/>
  <node id="838076355" lat="48.8738914" lon="2.2984296"/>
  <node id="838076373" lat="48.8738802" lon="2.2970856">
    <tag k="highway" v="traffic_signals"/>
  </node>
  <node id="838076387" lat="48.8740954" lon="2.2983294"/>
  <node id="838076426" lat="48.8740561" lon="2.2986784"/>
  <node id="838076496" lat="48.8738986" lon="2.2984542"/>
  <node id="838076500" lat="48.8731656" lon="2.2973318">
    <tag k="crossing" v="unmarked"/>
    <tag k="crossing:markings" v="no"/>
    <tag k="highway" v="crossing"/>
  </node>
  <node id="838076511" lat="48.8740487" lon="2.2986797"/>
  <node id="838076532" lat="48.8738853" lon="2.2964712"/>
  <node id="838076540" lat="48.8743691" lon="2.3008107">
    <tag k="crossing" v="uncontrolled"/>
    <tag k="crossing:island" v="no"/>
    <tag k="crossing:markings" v="zebra"/>
    <tag k="highway" v="crossing"/>
    <tag k="tactile_paving" v="yes"/>
  </node>
  <node id="838076541" lat="48.8739891" lon="2.2981122"/>
  <node id="838121800" lat="48.8749787" lon="2.2964205"/>
  <node id="838121846" lat="48.8762350" lon="2.3011997"/>
  <node id="838121864" lat="48.8741856" lon="2.2964108">
    <tag k="name" v="Avenue de Friedland"/>
    <tag k="railway" v="subway_entrance"/>
    <tag k="ref" v="2"/>
    <tag k="wheelchair" v="no"/>
  </node>
  <node id="838121900" lat="48.8744397" lon="2.2970217"/>
  <node id="838121997" lat="48.8741489" lon="2.2964473"/>
  <node id="838122014" lat="48.8743435" lon="2.2971454"/>
  <node id="838122101" lat="48.8736363" lon="2.2961495"/>
  <node id="838122102" lat="48.8747714" lon="2.2967441"/>
  <node id="838122161" lat="48.8752487" lon="2.2962956">
    <tag k="check_date:wheelchair" v="2025-11-15"/>
    <tag k="name" v="Rue Beaujon"/>
    <tag k="railway" v="subway_entrance"/>
    <tag k="ref" v="9"/>
    <tag k="wheelchair" v="no"/>
  </node>
  <node id="838122237" lat="48.8740509" lon="2.2968650"/>
  <node id="838122272" lat="48.8752923" lon="2.2963276"/>
  <node id="838122286" lat="48.8750710" lon="2.2962051">
    <tag k="button_operated" v="no"/>
    <tag k="crossing" v="traffic_signals"/>
    <tag k="crossing:island" v="no"/>
    <tag k="crossing:markings" v="zebra"/>
    <tag k="crossing:signals" v="yes"/>
    <tag k="highway" v="crossing"/>
    <tag k="tactile_paving" v="yes"/>
    <tag k="traffic_signals:sound" v="yes"/>
  </node>
  <node id="838122476" lat="48.8740210" lon="2.2971187">
    <tag k="barrier" v="kerb"/>
    <tag k="kerb" v="lowered"/>
    <tag k="tactile_paving" v="yes"/>
  </node>
  <node id="838122484" lat="48.8752164" lon="2.2962721">
    <tag k="check_date:wheelchair" v="2025-11-15"/>
    <tag k="name" v="Rue Beaujon"/>
    <tag k="railway" v="subway_entrance"/>
    <tag k="ref" v="9"/>
    <tag k="wheelchair" v="no"/>
  </node>
  <node id="838122502" lat="48.8738653" lon="2.2972356">
    <tag k="barrier" v="kerb"/>
    <tag k="kerb" v="lowered"/>
    <tag k="tactile_paving" v="yes"/>
  </node>
  <node id="838122643" lat="48.8733157" lon="2.2971418">
    <tag k="barrier" v="kerb"/>
    <tag k="kerb" v="lowered"/>
  </node>
  <node id="838122681" lat="48.8744819" lon="2.2969299"/>
  <node id="838122730" lat="48.8738952" lon="2.2971488"/>
  <node id="838122776" lat="48.8740620" lon="2.2969661">
    <tag k="name" v="Avenue de Friedland"/>
    <tag k="railway" v="subway_entrance"/>
    <tag k="ref" v="2"/>
    <tag k="wheelchair" v="no"/>
  </node>
  <node id="838122824" lat="48.8758379" lon="2.2997644"/>
  <node id="838122896" lat="48.8745867" lon="2.2958728"/>
  <node id="838122911" lat="48.8751716" lon="2.2962391"/>
  <node id="838122934" lat="48.8758141" lon="2.2997064"/>
  <node id="838122995" lat="48.8739061" lon="2.2966578">
    <tag k="button_operated" v="no"/>
    <tag k="crossing" v="traffic_signals"/>
    <tag k="crossing:island" v="no"/>
    <tag k="crossing:markings" v="zebra"/>
    <tag k="crossing:signals" v="yes"/>
    <tag k="highway" v="crossing"/>
    <tag k="kerb" v="lowered"/>
    <tag k="tactile_paving" v="yes"/>
    <tag k="traffic_signals:sound" v="yes"/>
    <tag k="wheelchair" v="yes"/>
  </node>
  <node id="838123002" lat="48.8746025" lon="2.2968101"/>
  <node id="838123109" lat="48.8743775" lon="2.2964800">
    <tag k="bus" v="yes"/>
    <tag k="name" v="Charles de Gaulle - Étoile"/>
    <tag k="public_transport" v="stop_position"/>
    <tag k="source" v="cadastre-dgi-fr source : Direction Générale des Impôts - Cadastre. Mise à jour : 2010"/>
  </node>
  <node id="838123131" lat="48.8746877" lon="2.2972243"/>
  <node id="838532996" lat="48.8751994" lon="2.2957885"/>
  <node id="838533098" lat="48.8752523" lon="2.2954895"/>
  <node id="840652353" lat="48.8724351" lon="2.3003727">
    <tag k="addr:housenumber" v="120"/>
  </node>
  <node id="840652474" lat="48.8719298" lon="2.2997403">
    <tag k="addr:housenumber" v="107"/>
    <tag k="source" v="cadastre-dgi-fr source : Direction Générale des Impôts - Cadastre. Mise à jour : 2010"/>
  </node>
  <node id="840652980" lat="48.8719905" lon="2.2995497">
    <tag k="addr:housenumber" v="109"/>
    <tag k="source" v="cadastre-dgi-fr source : Direction Générale des Impôts - Cadastre. Mise à jour : 2010"/>
  </node>
  <node id="840653101" lat="48.8725027" lon="2.3001603">
    <tag k="addr:housenumber" v="122"/>
  </node>
  <node id="840653375" lat="48.8718248" lon="2.3000703">
    <tag k="addr:housenumber" v="103"/>
    <tag k="source" v="cadastre-dgi-fr source : Direction Générale des Impôts - Cadastre. Mise à jour : 2010"/>
  </node>
  <node id="840653730" lat="48.8720424" lon="2.2993866">
    <tag k="addr:housenumber" v="111"/>
    <tag k="source" v="cadastre-dgi-fr source : Direction Générale des Impôts - Cadastre. Mise à jour : 2010"/>
  </node>
  <node id="840653874" lat="48.8725725" lon="2.2999409">
    <tag k="addr:housenumber" v="124"/>
  </node>
  <node id="840654266" lat="48.8718716" lon="2.2999233">
    <tag k="addr:housenumber" v="105"/>
    <tag k="source" v="cadastre-dgi-fr source : Direction Générale des Impôts - Cadastre. Mise à jour : 2010"/>
  </node>
  <node id="840654398" lat="48.8721789" lon="2.3011785">
    <tag k="addr:housenumber" v="114"/>
  </node>
  <node id="911471078" lat="48.8734556" lon="2.2970734">
    <tag k="name" v="Champs Élysées (Arc de Triomphe)"/>
    <tag k="railway" v="subway_entrance"/>
    <tag k="ref" v="1"/>
    <tag k="wheelchair" v="no"/>
  </node>
  <node id="911471110" lat="48.8751429" lon="2.2958127"/>
  <node id="911471111" lat="48.8747716" lon="2.2957557">
    <tag k="crossing" v="traffic_signals"/>
    <tag k="highway" v="traffic_signals"/>
    <tag k="tactile_paving" v="yes"/>
    <tag k="traffic_signals" v="signal"/>
    <tag k="traffic_signals:direction" v="backward"/>
  </node>
  <node id="911471112" lat="48.8739736" lon="2.2954459"/>
  <node id="911471122" lat="48.8740472" lon="2.2969702"/>
  <node id="911471139" lat="48.8751118" lon="2.2958317"/>
  <node id="911471140" lat="48.8746861" lon="2.2954831"/>
  <node id="911471141" lat="48.8739832" lon="2.2952744"/>
  <node id="911471150" lat="48.8740777" lon="2.2969617"/>
  <node id="911471187" lat="48.8730976" lon="2.2960905"/>
  <node id="911471188" lat="48.8752002" lon="2.2949006">
    <tag k="barrier" v="kerb"/>
    <tag k="kerb" v="lowered"/>
  </node>
  <node id="911471216" lat="48.8739548" lon="2.2953629"/>
  <node id="911471224" lat="48.8740669" lon="2.2968610"/>
  <node id="911471275" lat="48.8750954" lon="2.2962209">
    <tag k="barrier" v="kerb"/>
    <tag k="tactile_paving" v="yes"/>
  </node>
  <node id="911471321" lat="48.8739857" lon="2.2954013"/>
  <node id="911471399" lat="48.8752381" lon="2.2949575">
    <tag k="barrier" v="kerb"/>
    <tag k="kerb" v="lowered"/>
  </node>
  <node id="911471411" lat="48.8751550" lon="2.2962034">
    <tag k="barrier" v="kerb"/>
    <tag k="tactile_paving" v="yes"/>
  </node>
  <node id="911471417" lat="48.8751898" lon="2.2980132"/>
  <node id="911471426" lat="48.8730656" lon="2.2960396"/>
  <node id="911471464" lat="48.8734923" lon="2.2969543"/>
  <node id="911471501" lat="48.8752061" lon="2.2980264"/>
  <node id="911471507" lat="48.8737345" lon="2.2959106"/>
  <node id="911471515" lat="48.8740358" lon="2.2968688"/>
  <node id="926540811" lat="48.8687422" lon="2.2957156"/>
  <node id="926540812" lat="48.8703985" lon="2.2955059"/>
  <node id="926540821" lat="48.8704138" lon="2.2954738"/>
  <node id="926540824" lat="48.8703291" lon="2.2953630"/>
  <node id="926540838" lat="48.8702329" lon="2.2955171"/>
  <node id="926540841" lat="48.8703506" lon="2.2953660"/>
  <node id="926540851" lat="48.8704068" lon="2.2955004"/>
  <node id="926540857" lat="48.8704116" lon="2.2954621"/>
  <node id="926540859" lat="48.8703174" lon="2.2953704"/>
  <node id="926540864" lat="48.8702359" lon="2.2955261"/>
  <node id="926540870" lat="48.8703404" lon="2.2953637"/>
  <node id="926540877" lat="48.8686428" lon="2.2957135"/>
  <node id="926540882" lat="48.8704135" lon="2.2954873"/>
  <node id="926540891" lat="48.8699562" lon="2.2958133"/>
  <node id="926540893" lat="48.8703584" lon="2.2953725"/>
  <node id="926540894" lat="48.8702420" lon="2.2955288"/>
  <node id="926540895" lat="48.8702331" lon="2.2955087"/>
  <node id="926662700" lat="48.8723309" lon="2.2944146"/>
  <node id="926662860" lat="48.8718031" lon="2.2955311"/>
  <node id="926662894" lat="48.8711458" lon="2.2956389"/>
  <node id="926662973" lat="48.8723021" lon="2.2955118">
    <tag k="crossing" v="traffic_signals"/>
    <tag k="crossing:island" v="no"/>
    <tag k="crossing:markings" v="zebra"/>
    <tag k="crossing:signals" v="yes"/>
    <tag k="highway" v="crossing"/>
  </node>
  <node id="926663162" lat="48.8710038" lon="2.2941118">
    <tag k="crossing" v="uncontrolled"/>
    <tag k="crossing:island" v="no"/>
    <tag k="crossing:markings" v="zebra"/>
    <tag k="highway" v="crossing"/>
  </node>
  <node id="926663167" lat="48.8723062" lon="2.2945534"/>
  <node id="926663229" lat="48.8705819" lon="2.2957320"/>
  <node id="926668110" lat="48.8723166" lon="2.2950872"/>
  <node id="926668143" lat="48.8726906" lon="2.2952207">
    <tag k="button_operated" v="yes"/>
    <tag k="crossing" v="traffic_signals"/>
    <tag k="highway" v="traffic_signals"/>
    <tag k="tactile_paving" v="yes"/>
    <tag k="traffic_signals" v="signal"/>
    <tag k="traffic_signals:direction" v="backward"/>
    <tag k="traffic_signals:sound" v="no"/>
    <tag k="traffic_signals:vibration" v="no"/>
  </node>
  <node id="926668156" lat="48.8725302" lon="2.2960603">
    <tag k="barrier" v="kerb"/>
    <tag k="kerb" v="lowered"/>
    <tag k="tactile_paving" v="yes"/>
  </node>
  <node id="926668223" lat="48.8728372" lon="2.2959265">
    <tag k="highway" v="traffic_signals"/>
    <tag k="traffic_signals" v="signal"/>
    <tag k="traffic_signals:direction" v="backward"/>
  </node>
  <node id="926668270" lat="48.8723657" lon="2.2953734"/>
  <node id="926887338" lat="48.8721913" lon="2.2939601"/>
  <node id="926887351" lat="48.8727819" lon="2.2943172">
    <tag k="button_operated" v="yes"/>
    <tag k="crossing" v="traffic_signals"/>
    <tag k="highway" v="traffic_signals"/>
    <tag k="tactile_paving" v="yes"/>
    <tag k="traffic_signals" v="signal"/>
    <tag k="traffic_signals:direction" v="forward"/>
    <tag k="traffic_signals:sound" v="no"/>
    <tag k="traffic_signals:vibration" v="no"/>
  </node>
  <node id="926887364" lat="48.8717880" lon="2.2935679"/>
  <node id="926887474" lat="48.8717094" lon="2.2935111"/>
  <node id="926887519" lat="48.8722131" lon="2.2938963"/>
  <node id="926929133" lat="48.8720336" lon="2.2950733"/>
  <node id="926929174" lat="48.8721867" lon="2.2952086"/>
  <node id="926929233" lat="48.8722037" lon="2.2951575"/>
  <node id="926929257" lat="48.8720366" lon="2.2950584"/>
  <node id="926929310" lat="48.8720318" lon="2.2951525"/>
  <node id="926929370" lat="48.8722043" lon="2.2951791"/>
  <node id="926929409" lat="48.8720034" lon="2.2952027"/>
  <node id="926929417" lat="48.8720621" lon="2.2950411"/>
  <node id="926929437" lat="48.8720362" lon="2.2951076"/>
  <node id="926929442" lat="48.8722052" lon="2.2950985"/>
  <node id="926929473" lat="48.8720218" lon="2.2951986"/>
  <node id="926929492" lat="48.8720282" lon="2.2952251"/>
  <node id="926929511" lat="48.8721959" lon="2.2951379"/>
  <node id="926929536" lat="48.8720407" lon="2.2952366"/>
  <node id="926929550" lat="48.8721621" lon="2.2940457"/>
  <node id="926929563" lat="48.8720238" lon="2.2951845"/>
  <node id="926929640" lat="48.8712690" lon="2.2932885"/>
  <node id="926929641" lat="48.8720185" lon="2.2951072">
    <tag k="crossing" v="uncontrolled"/>
    <tag k="crossing:island" v="no"/>
    <tag k="crossing:markings" v="zebra"/>
    <tag k="crossing:signals" v="no"/>
    <tag k="highway" v="crossing"/>
    <tag k="tactile_paving" v="yes"/>
  </node>
  <node id="926929648" lat="48.8720521" lon="2.2950405"/>
  <node id="926929675" lat="48.8720437" lon="2.2950459"/>
  <node id="926929706" lat="48.8720233" lon="2.2952149"/>
  <node id="926929757" lat="48.8721974" lon="2.2951962"/>
  <node id="926957171" lat="48.8704540" lon="2.2954764"/>
  <node id="928644683" lat="48.8690206" lon="2.2916512"/>
  <node id="928644771" lat="48.8717662" lon="2.2936505"/>
  <node id="928644844" lat="48.8715631" lon="2.2935026"/>
  <node id="931762280" lat="48.8754421" lon="2.2904679">
    <tag k="crossing" v="uncontrolled"/>
    <tag k="crossing:island" v="no"/>
    <tag k="crossing:markings" v="zebra"/>
    <tag k="highway" v="crossing"/>
    <tag k="kerb" v="lowered"/>
    <tag k="tactile_paving" v="yes"/>
  </node>
  <node id="931762294" lat="48.8752693" lon="2.2903463">
    <tag k="crossing" v="uncontrolled"/>
    <tag k="crossing:island" v="yes"/>
    <tag k="crossing:markings" v="zebra"/>
    <tag k="highway" v="crossing"/>
    <tag k="kerb" v="lowered"/>
    <tag k="tactile_paving" v="yes"/>
  </node>
  <node id="936923370" lat="48.8732703" lon="2.2928864"/>
  <node id="936923753" lat="48.8726463" lon="2.2935288"/>
  <node id="936924142" lat="48.8729628" lon="2.2932908">
    <tag k="barrier" v="kerb"/>
    <tag k="kerb" v="lowered"/>
    <tag k="tactile_paving" v="yes"/>
  </node>
  <node id="936925882" lat="48.8731905" lon="2.2936484">
    <tag k="highway" v="traffic_signals"/>
    <tag k="traffic_signals" v="signal"/>
    <tag k="traffic_signals:direction" v="forward"/>
  </node>
  <node id="936926346" lat="48.8730948" lon="2.2930128">
    <tag k="highway" v="traffic_signals"/>
    <tag k="traffic_signals" v="signal"/>
    <tag k="traffic_signals:direction" v="forward"/>
  </node>
  <node id="937208512" lat="48.8729579" lon="2.2914698"/>
  <node id="937213692" lat="48.8734476" lon="2.2924913">
    <tag k="name" v="Avenue Foch"/>
    <tag k="railway" v="subway_entrance"/>
    <tag k="ref" v="8"/>
    <tag k="wheelchair" v="no"/>
  </node>
  <node id="937213725" lat="48.8734561" lon="2.2925759"/>
  <node id="937213800" lat="48.8736589" lon="2.2934105">
    <tag k="highway" v="traffic_signals"/>
    <tag k="traffic_signals" v="signal"/>
    <tag k="traffic_signals:direction" v="forward"/>
  </node>
  <node id="937213809" lat="48.8736753" lon="2.2925311"/>
  <node id="937213860" lat="48.8730690" lon="2.2931929">
    <tag k="barrier" v="kerb"/>
    <tag k="kerb" v="lowered"/>
    <tag k="tactile_paving" v="yes"/>
  </node>
  <node id="937854153" lat="48.8732110" lon="2.2916899"/>
  <node id="937854268" lat="48.8732147" lon="2.2917482"/>
  <node id="937854274" lat="48.8731847" lon="2.2908960"/>
  <node id="937854317" lat="48.8729688" lon="2.2913368"/>
  <node id="937854341" lat="48.8732174" lon="2.2916191">
    <tag k="amenity" v="parking_entrance"/>
  </node>
  <node id="937854378" lat="48.8734253" lon="2.2922444"/>
  <node id="937854479" lat="48.8729504" lon="2.2913464"/>
  <node id="937854501" lat="48.8733710" lon="2.2920723"/>
  <node id="937854507" lat="48.8731907" lon="2.2909590"/>
  <node id="937854516" lat="48.8728073" lon="2.2868062"/>
  <node id="937854542" lat="48.8732221" lon="2.2917899"/>
  <node id="937854582" lat="48.8730730" lon="2.2911949"/>
  <node id="937854583" lat="48.8733825" lon="2.2921245"/>
  <node id="937854611" lat="48.8724909" lon="2.2873979"/>
  <node id="937854633" lat="48.8732429" lon="2.2918427"/>
  <node id="937868583" lat="48.8742518" lon="2.2935596">
    <tag k="highway" v="traffic_signals"/>
    <tag k="traffic_signals" v="signal"/>
    <tag k="traffic_signals:direction" v="forward"/>
  </node>
  <node id="937868663" lat="48.8747407" lon="2.2889688"/>
  <node id="937868666" lat="48.8739985" lon="2.2927777"/>
  <node id="937868667" lat="48.8740576" lon="2.2931529">
    <tag k="name" v="Rue de Presbourg"/>
    <tag k="railway" v="subway_entrance"/>
    <tag k="ref" v="7"/>
    <tag k="source" v="cadastre-dgi-fr source : Direction Générale des Impôts - Cadastre. Mise à jour : 2010"/>
    <tag k="wheelchair" v="no"/>
  </node>
  <node id="937868689" lat="48.8738547" lon="2.2927623"/>
  <node id="937868698" lat="48.8736642" lon="2.2927596"/>
  <node id="937868712" lat="48.8740260" lon="2.2932582"/>
  <node id="937868723" lat="48.8738079" lon="2.2901876"/>
  <node id="937868724" lat="48.8741030" lon="2.2928093"/>
  <node id="937868725" lat="48.8742679" lon="2.2930566">
    <tag k="barrier" v="kerb"/>
  </node>
  <node id="937873395" lat="48.8744722" lon="2.2928501">
    <tag k="crossing" v="uncontrolled"/>
    <tag k="crossing:island" v="yes"/>
    <tag k="crossing:markings" v="zebra"/>
    <tag k="highway" v="crossing"/>
    <tag k="kerb" v="lowered"/>
    <tag k="tactile_paving" v="yes"/>
  </node>
  <node id="937950399" lat="48.8734846" lon="2.2906277"/>
  <node id="937950467" lat="48.8737145" lon="2.2915758"/>
  <node id="937950603" lat="48.8736890" lon="2.2914977">
    <tag k="access" v="yes"/>
    <tag k="amenity" v="parking_entrance"/>
    <tag k="fee" v="yes"/>
    <tag k="layer" v="-1"/>
    <tag k="maxheight" v="1.9"/>
    <tag k="name" v="Étoile - Foch"/>
    <tag k="parking" v="underground"/>
  </node>
  <node id="937950670" lat="48.8737173" lon="2.2916922"/>
  <node id="937950763" lat="48.8736878" lon="2.2894330"/>
  <node id="937950794" lat="48.8737202" lon="2.2916262"/>
  <node id="937950850" lat="48.8736426" lon="2.2920470"/>
  <node id="937950870" lat="48.8731945" lon="2.2879977"/>
  <node id="937951021" lat="48.8736481" lon="2.2919875"/>
  <node id="937951068" lat="48.8737750" lon="2.2902324"/>
  <node id="937951197" lat="48.8735510" lon="2.2906927"/>
  <node id="937951239" lat="48.8733126" lon="2.2891312"/>
  <node id="937951328" lat="48.8735436" lon="2.2906315"/>
  <node id="1107448427" lat="48.8749480" lon="2.2935918"/>
  <node id="1107448428" lat="48.8752065" lon="2.2943234"/>
  <node id="1107448429" lat="48.8752536" lon="2.2946308">
    <tag k="crossing" v="traffic_signals"/>
    <tag k="crossing:island" v="no"/>
    <tag k="crossing:markings" v="zebra"/>
    <tag k="crossing:signals" v="yes"/>
    <tag k="highway" v="crossing"/>
  </node>
  <node id="1363046293" lat="48.8750960" lon="2.2940738">
    <tag k="barrier" v="kerb"/>
  </node>
  <node id="1363046314" lat="48.8751886" lon="2.2946982">
    <tag k="barrier" v="kerb"/>
    <tag k="kerb" v="lowered"/>
  </node>
  <node id="1363046322" lat="48.8752134" lon="2.2946318">
    <tag k="barrier" v="kerb"/>
  </node>
  <node id="1363049956" lat="48.8749663" lon="2.2937652">
    <tag k="barrier" v="kerb"/>
    <tag k="kerb" v="lowered"/>
    <tag k="tactile_paving" v="yes"/>
  </node>
  <node id="1472224814" lat="48.8745808" lon="2.2935194">
    <tag k="name" v="Avenue de la Grande Armée"/>
    <tag k="railway" v="subway_entrance"/>
    <tag k="ref" v="6"/>
    <tag k="source" v="survey"/>
    <tag k="wheelchair" v="no"/>
  </node>
  <node id="1472224815" lat="48.8742966" lon="2.2939545"/>
  <node id="1472224817" lat="48.8745465" lon="2.2936218"/>
  <node id="1534534885" lat="48.8719749" lon="2.3011578"/>
  <node id="1534534889" lat="48.8719768" lon="2.3011382"/>
  <node id="1534534891" lat="48.8719798" lon="2.3011931"/>
  <node id="1534534904" lat="48.8721276" lon="2.3014177"/>
  <node id="1534534908" lat="48.8724451" lon="2.2996609"/>
  <node id="1534534910" lat="48.8724479" lon="2.2996557"/>
  <node id="1534534913" lat="48.8724571" lon="2.2996474"/>
  <node id="1534534917" lat="48.8724672" lon="2.2996449"/>
  <node id="1534534919" lat="48.8724732" lon="2.2996464"/>
  <node id="1534534939" lat="48.8726325" lon="2.2997669"/>
  <node id="1534534952" lat="48.8728388" lon="2.2984351"/>
  <node id="1534534953" lat="48.8728388" lon="2.2984420"/>
  <node id="1534534954" lat="48.8728400" lon="2.2984478"/>
  <node id="1534534955" lat="48.8728431" lon="2.2984518"/>
  <node id="1534534967" lat="48.8728469" lon="2.2984541"/>
  <node id="1534534969" lat="48.8728505" lon="2.2984540"/>
  <node id="1534534971" lat="48.8728536" lon="2.2984522"/>
  <node id="1534534978" lat="48.8728970" lon="2.2982495"/>
  <node id="1534534979" lat="48.8728985" lon="2.2982469"/>
  <node id="1534534981" lat="48.8729009" lon="2.2982451"/>
  <node id="1534534986" lat="48.8729055" lon="2.2982482"/>
  <node id="1534534998" lat="48.8729073" lon="2.2982517"/>
  <node id="1534535005" lat="48.8729211" lon="2.2983061"/>
  <node id="1534535006" lat="48.8729215" lon="2.2982943"/>
  <node id="1534535007" lat="48.8729221" lon="2.2983000"/>
  <node id="1534543144" lat="48.8738792" lon="2.2973641">
    <tag k="barrier" v="kerb"/>
    <tag k="kerb" v="lowered"/>
  </node>
  <node id="1534547291" lat="48.8728027" lon="2.2985693"/>
  <node id="1534547299" lat="48.8728953" lon="2.2984239"/>
  <node id="1534547339" lat="48.8736273" lon="2.2972994"/>
  <node id="1534547345" lat="48.8738729" lon="2.2973056">
    <tag k="button_operated" v="no"/>
    <tag k="crossing" v="traffic_signals"/>
    <tag k="crossing:markings" v="zebra"/>
    <tag k="crossing:signals" v="yes"/>
    <tag k="highway" v="crossing"/>
    <tag k="tactile_paving" v="yes"/>
    <tag k="traffic_signals:sound" v="yes"/>
    <tag k="wheelchair" v="yes"/>
  </node>
  <node id="1534559234" lat="48.8716101" lon="2.3007508"/>
  <node id="1534559250" lat="48.8718035" lon="2.3007397"/>
  <node id="1534559278" lat="48.8718143" lon="2.3007393"/>
  <node id="1534559279" lat="48.8718236" lon="2.3007360"/>
  <node id="1534559280" lat="48.8718325" lon="2.3007285"/>
  <node id="1534559281" lat="48.8718410" lon="2.3007127"/>
  <node id="1534559282" lat="48.8718496" lon="2.3006861"/>
  <node id="1534559285" lat="48.8720990" lon="2.2992075"/>
  <node id="1534559287" lat="48.8722274" lon="2.2994136"/>
  <node id="1534559291" lat="48.8722355" lon="2.2994649"/>
  <node id="1534559295" lat="48.8722371" lon="2.2994394"/>
  <node id="1534568249" lat="48.8719324" lon="2.3002107"/>
  <node id="1534568252" lat="48.8719860" lon="2.3002508"/>
  <node id="1534568256" lat="48.8720958" lon="2.3003329">
    <tag k="crossing" v="traffic_signals"/>
    <tag k="crossing:island" v="no"/>
    <tag k="crossing:markings" v="zebra"/>
    <tag k="crossing:signals" v="yes"/>
    <tag k="highway" v="crossing"/>
    <tag k="kerb" v="lowered"/>
    <tag k="tactile_paving" v="no"/>
    <tag k="traffic_signals:sound" v="no"/>
  </node>
  <node id="1534568270" lat="48.8722064" lon="2.3004155"/>
  <node id="1534568278" lat="48.8722766" lon="2.2991263"/>
  <node id="1534568281" lat="48.8722766" lon="2.3005350"/>
  <node id="1534568284" lat="48.8723305" lon="2.2991662">
    <tag k="barrier" v="kerb"/>
    <tag k="kerb" v="lowered"/>
    <tag k="tactile_paving" v="yes"/>
  </node>
  <node id="1534568286" lat="48.8724403" lon="2.2992475">
    <tag k="crossing" v="traffic_signals"/>
    <tag k="crossing:island" v="no"/>
    <tag k="crossing:markings" v="zebra"/>
    <tag k="crossing:signals" v="yes"/>
    <tag k="highway" v="crossing"/>
    <tag k="kerb" v="lowered"/>
    <tag k="tactile_paving" v="yes"/>
    <tag k="traffic_signals:sound" v="no"/>
  </node>
  <node id="1534568296" lat="48.8725497" lon="2.2993285">
    <tag k="barrier" v="kerb"/>
    <tag k="kerb" v="lowered"/>
    <tag k="tactile_paving" v="yes"/>
  </node>
  <node id="1534568299" lat="48.8726121" lon="2.2993747"/>
  <node id="1534568302" lat="48.8728532" lon="2.2973094"/>
  <node id="1534568306" lat="48.8729096" lon="2.2973491"/>
  <node id="1534568309" lat="48.8730188" lon="2.2974262">
    <tag k="crossing" v="traffic_signals"/>
    <tag k="crossing:island" v="yes"/>
    <tag k="crossing:markings" v="zebra"/>
    <tag k="crossing:signals" v="yes"/>
    <tag k="highway" v="crossing"/>
    <tag k="tactile_paving" v="yes"/>
    <tag k="traffic_signals:sound" v="no"/>
  </node>
  <node id="1534568314" lat="48.8730286" lon="2.2967566"/>
  <node id="1534568325" lat="48.8730834" lon="2.2967978">
    <tag k="barrier" v="kerb"/>
    <tag k="kerb" v="lowered"/>
    <tag k="tactile_paving" v="yes"/>
  </node>
  <node id="1534568327" lat="48.8731328" lon="2.2975066"/>
  <node id="1534568330" lat="48.8731503" lon="2.2963721"/>
  <node id="1534568331" lat="48.8731923" lon="2.2968799">
    <tag k="crossing" v="traffic_signals"/>
    <tag k="crossing:island" v="yes"/>
    <tag k="crossing:markings" v="zebra"/>
    <tag k="crossing:signals" v="yes"/>
    <tag k="highway" v="crossing"/>
    <tag k="kerb" v="lowered"/>
    <tag k="traffic_signals:sound" v="no"/>
  </node>
  <node id="1534568341" lat="48.8732019" lon="2.2964220">
    <tag k="barrier" v="kerb"/>
    <tag k="kerb" v="raised"/>
    <tag k="tactile_paving" v="yes"/>
  </node>
  <node id="1534568365" lat="48.8732019" lon="2.2975035"/>
  <node id="1534568367" lat="48.8733120" lon="2.2965033">
    <tag k="button_operated" v="no"/>
    <tag k="crossing" v="traffic_signals"/>
    <tag k="crossing:island" v="no"/>
    <tag k="crossing:markings" v="zebra"/>
    <tag k="crossing:signals" v="yes"/>
    <tag k="highway" v="crossing"/>
    <tag k="kerb" v="lowered"/>
    <tag k="tactile_paving" v="yes"/>
    <tag k="traffic_signals:arrow" v="no"/>
    <tag k="traffic_signals:sound" v="no"/>
    <tag k="traffic_signals:vibration" v="no"/>
  </node>
  <node id="1534568375" lat="48.8733015" lon="2.2969621">
    <tag k="barrier" v="kerb"/>
    <tag k="kerb" v="lowered"/>
  </node>
  <node id="1534568389" lat="48.8734213" lon="2.2965840">
    <tag k="barrier" v="kerb"/>
    <tag k="kerb" v="lowered"/>
    <tag k="tactile_paving" v="yes"/>
  </node>
  <node id="1534568394" lat="48.8734783" lon="2.2966261"/>
  <node id="1534591955" lat="48.8717637" lon="2.3007422">
    <tag k="barrier" v="kerb"/>
    <tag k="kerb" v="lowered"/>
    <tag k="tactile_paving" v="yes"/>
  </node>
  <node id="1534591959" lat="48.8720076" lon="2.3012433"/>
  <node id="1534607358" lat="48.8722288" lon="2.2992767">
    <tag k="barrier" v="kerb"/>
    <tag k="kerb" v="lowered"/>
    <tag k="tactile_paving" v="yes"/>
  </node>
  <node id="1534607364" lat="48.8729840" lon="2.2968972">
    <tag k="barrier" v="kerb"/>
    <tag k="kerb" v="lowered"/>
    <tag k="tactile_paving" v="yes"/>
  </node>
  <node id="1534607380" lat="48.8732162" lon="2.2974572">
    <tag k="barrier" v="kerb"/>
    <tag k="kerb" v="lowered"/>
    <tag k="tactile_paving" v="yes"/>
  </node>
  <node id="1534607383" lat="48.8732287" lon="2.2974174">
    <tag k="button_operated" v="no"/>
    <tag k="crossing" v="traffic_signals"/>
    <tag k="crossing:island" v="no"/>
    <tag k="crossing:markings" v="zebra"/>
    <tag k="crossing:signals" v="yes"/>
    <tag k="highway" v="crossing"/>
  </node>
  <node id="1534607386" lat="48.8732374" lon="2.2973900">
    <tag k="barrier" v="kerb"/>
    <tag k="kerb" v="lowered"/>
    <tag k="tactile_paving" v="yes"/>
  </node>
  <node id="1534607389" lat="48.8732885" lon="2.2972278">
    <tag k="barrier" v="kerb"/>
    <tag k="kerb" v="lowered"/>
  </node>
  <node id="1534656355" lat="48.8733497" lon="2.2970648">
    <tag k="fixme" v="est-c e que ce tunnel est interdit aux piétons ?"/>
  </node>
  <node id="1554682678" lat="48.8717663" lon="2.3002573"/>
  <node id="1554682680" lat="48.8719468" lon="2.3003774"/>
  <node id="1554682681" lat="48.8722053" lon="2.2993508">
    <tag k="access" v="customers"/>
    <tag k="capacity" v="50"/>
    <tag k="contact:city" v="Paris"/>
    <tag k="contact:housenumber" v="64"/>
    <tag k="contact:phone:FR" v="0811 69 06 06"/>
    <tag k="contact:postcode" v="75008"/>
    <tag k="contact:street" v="Avenue des Champs-Élysées"/>
    <tag k="contact:website" v="https://zenpark.com/parkings/paris-champs-elysees-boetie"/>
    <tag k="fee" v="yes"/>
    <tag k="maxheight" v="1.9"/>
    <tag k="name" v="Parking Zenpark Champs-Elysées La Boétie"/>
    <tag k="supervised" v="yes"/>
  </node>
  <node id="1554682682" lat="48.8725157" lon="2.2996761"/>
  <node id="1554682688" lat="48.8725349" lon="2.2996161"/>
  <node id="1554682693" lat="48.8729978" lon="2.2983367"/>
  <node id="1554682705" lat="48.8738264" lon="2.2965220"/>
  <node id="1731763877" lat="48.8734425" lon="2.2971158"/>
  <node id="1731763886" lat="48.8736433" lon="2.2971872"/>
  <node id="1731763890" lat="48.8737356" lon="2.2965542"/>
  <node id="1731763897" lat="48.8737827" lon="2.2965313"/>
  <node id="1731763901" lat="48.8737997" lon="2.2971585"/>
  <node id="1919281159" lat="48.8723139" lon="2.2940456">
    <tag k="crossing" v="uncontrolled"/>
    <tag k="crossing:markings" v="zebra"/>
    <tag k="highway" v="crossing"/>
    <tag k="source" v="BDOrtho IGN 2020"/>
    <tag k="tactile_paving" v="yes"/>
    <tag k="traffic_signals:sound" v="no"/>
  </node>
  <node id="1924310830" lat="48.8731832" lon="2.2952529"/>
  <node id="1924310832" lat="48.8732267" lon="2.2954757"/>
  <node id="1924310833" lat="48.8733030" lon="2.2956472"/>
  <node id="1924310835" lat="48.8733965" lon="2.2957867"/>
  <node id="1924310837" lat="48.8736183" lon="2.2959516"/>
  <node id="1924310839" lat="48.8737395" lon="2.2959769"/>
  <node id="1924310840" lat="48.8738966" lon="2.2959598"/>
  <node id="1924310841" lat="48.8740265" lon="2.2959131"/>
  <node id="1924310844" lat="48.8742829" lon="2.2955885"/>
  <node id="1961531236" lat="48.8755993" lon="2.2948704"/>
  <node id="1961531237" lat="48.8756413" lon="2.2948630"/>
  <node id="1961531238" lat="48.8758970" lon="2.2945544">
    <tag k="entrance" v="yes"/>
  </node>
  <node id="1961531239" lat="48.8758977" lon="2.2945714"/>
  <node id="1961531244" lat="48.8765022" lon="2.2945733"/>
  <node id="1961531247" lat="48.8764978" lon="2.2947233"/>
  <node id="1961531248" lat="48.8765616" lon="2.2945624"/>
  <node id="1961531250" lat="48.8766322" lon="2.2943988"/>
  <node id="1961533514" lat="48.8762841" lon="2.2940208"/>
  <node id="1961571562" lat="48.8757720" lon="2.2934564">
    <tag k="crossing" v="traffic_signals"/>
    <tag k="crossing:markings" v="zebra"/>
    <tag k="highway" v="crossing"/>
    <tag k="kerb" v="lowered"/>
    <tag k="traffic_signals:sound" v="no"/>
  </node>
  <node id="1961571564" lat="48.8759376" lon="2.2933203"/>
  <node id="1961571565" lat="48.8761984" lon="2.2930848">
    <tag k="amenity" v="parking_entrance"/>
    <tag k="fee" v="yes"/>
    <tag k="name" v="Carnot"/>
    <tag k="parking" v="underground"/>
  </node>
  <node id="1961580120" lat="48.8758177" lon="2.2930130"/>
  <node id="1961580122" lat="48.8758595" lon="2.2929376"/>
  <node id="1961580124" lat="48.8758813" lon="2.2929842"/>
  <node id="1961580126" lat="48.8760931" lon="2.2927367"/>
  <node id="1961580128" lat="48.8760963" lon="2.2927992">
    <tag k="amenity" v="parking_entrance"/>
    <tag k="fee" v="yes"/>
    <tag k="name" v="Carnot"/>
    <tag k="parking" v="underground"/>
  </node>
  <node id="1961580130" lat="48.8761694" lon="2.2927207"/>
  <node id="1961580132" lat="48.8763298" lon="2.2930323"/>
  <node id="1961580134" lat="48.8763885" lon="2.2929275"/>
  <node id="1962530949" lat="48.8731670" lon="2.2950033"/>
  <node id="1962530951" lat="48.8732022" lon="2.2947564"/>
  <node id="1962530953" lat="48.8732742" lon="2.2945113"/>
  <node id="1962530955" lat="48.8733918" lon="2.2943255"/>
  <node id="1962530957" lat="48.8735397" lon="2.2941849"/>
  <node id="1962530958" lat="48.8736722" lon="2.2941331"/>
  <node id="1962530960" lat="48.8738273" lon="2.2941040"/>
  <node id="1962530962" lat="48.8739567" lon="2.2941349"/>
  <node id="1962530964" lat="48.8740465" lon="2.2941973"/>
  <node id="1962530966" lat="48.8741552" lon="2.2943024"/>
  <node id="1962530968" lat="48.8742464" lon="2.2944335"/>
  <node id="1962530969" lat="48.8743359" lon="2.2946163"/>
  <node id="1962530972" lat="48.8743629" lon="2.2953465"/>
  <node id="1962530973" lat="48.8743875" lon="2.2947932"/>
  <node id="1962530975" lat="48.8744046" lon="2.2950150"/>
  <node id="1962533364" lat="48.8753188" lon="2.2938433">
    <tag k="name" v="Avenue Carnot"/>
    <tag k="railway" v="subway_entrance"/>
    <tag k="ref" v="5"/>
    <tag k="wheelchair" v="yes"/>
  </node>
  <node id="1962533380" lat="48.8752676" lon="2.2938858"/>
  <node id="1962536787" lat="48.8758822" lon="2.2932917"/>
  <node id="1962536788" lat="48.8759151" lon="2.2932667"/>
  <node id="1983648223" lat="48.8718167" lon="2.3000957">
    <tag k="amenity" v="atm"/>
    <tag k="brand" v="CCF"/>
    <tag k="brand:wikidata" v="Q3006195"/>
    <tag k="operator" v="CCF"/>
    <tag k="operator:wikidata" v="Q3006195"/>
    <tag k="wheelchair" v="yes"/>
  </node>
  <node id="1986477360" lat="48.8769202" lon="2.2922907"/>
  <node id="1986828644" lat="48.8758739" lon="2.2906664"/>
  <node id="1998793619" lat="48.8774887" lon="2.2944053"/>
  <node id="2162802183" lat="48.8686364" lon="2.2988541">
    <tag k="crossing" v="uncontrolled"/>
    <tag k="crossing:island" v="no"/>
    <tag k="crossing:markings" v="zebra"/>
    <tag k="crossing:signals" v="no"/>
    <tag k="highway" v="crossing"/>
    <tag k="kerb" v="lowered"/>
  </node>
  <node id="2334185190" lat="48.8740744" lon="2.2970782"/>
  <node id="2334187426" lat="48.8737962" lon="2.2971253">
    <tag k="barrier" v="turnstile"/>
  </node>
  <node id="2334192371" lat="48.8722653" lon="2.2964001">
    <tag k="crossing" v="traffic_signals"/>
    <tag k="crossing:island" v="no"/>
    <tag k="crossing:markings" v="zebra"/>
    <tag k="crossing:signals" v="yes"/>
    <tag k="highway" v="crossing"/>
  </node>
  <node id="2334192372" lat="48.8723584" lon="2.2952613">
    <tag k="crossing" v="traffic_signals"/>
    <tag k="crossing:island" v="no"/>
    <tag k="crossing:markings" v="zebra"/>
    <tag k="crossing:signals" v="yes"/>
    <tag k="highway" v="crossing"/>
    <tag k="tactile_paving" v="yes"/>
  </node>
  <node id="2334192373" lat="48.8723764" lon="2.2965094">
    <tag k="button_operated" v="no"/>
    <tag k="crossing" v="traffic_signals"/>
    <tag k="crossing:markings" v="zebra"/>
    <tag k="crossing:signals" v="yes"/>
    <tag k="highway" v="crossing"/>
    <tag k="kerb" v="lowered"/>
    <tag k="traffic_signals:sound" v="yes"/>
  </node>
  <node id="2334192374" lat="48.8724263" lon="2.2960405">
    <tag k="crossing" v="traffic_signals"/>
    <tag k="crossing:island" v="no"/>
    <tag k="crossing:signals" v="yes"/>
    <tag k="highway" v="crossing"/>
    <tag k="tactile_paving" v="yes"/>
    <tag k="traffic_signals:sound" v="yes"/>
  </node>
  <node id="2334192375" lat="48.8725436" lon="2.2963634">
    <tag k="button_operated" v="no"/>
    <tag k="crossing" v="traffic_signals"/>
    <tag k="crossing:markings" v="zebra"/>
    <tag k="crossing:signals" v="yes"/>
    <tag k="highway" v="crossing"/>
    <tag k="kerb" v="lowered"/>
    <tag k="tactile_paving" v="yes"/>
    <tag k="traffic_signals:sound" v="yes"/>
  </node>
  <node id="2334192376" lat="48.8725645" lon="2.2961532">
    <tag k="button_operated" v="no"/>
    <tag k="crossing" v="traffic_signals"/>
    <tag k="crossing:island" v="no"/>
    <tag k="crossing:markings" v="zebra"/>
    <tag k="crossing:signals" v="yes"/>
    <tag k="highway" v="crossing"/>
    <tag k="kerb" v="lowered"/>
    <tag k="tactile_paving" v="yes"/>
    <tag k="traffic_signals:sound" v="yes"/>
  </node>
  <node id="2423862601" lat="48.8753086" lon="2.2949490">
    <tag k="barrier" v="kerb"/>
    <tag k="kerb" v="lowered"/>
    <tag k="tactile_paving" v="yes"/>
  </node>
  <node id="2423862610" lat="48.8753481" lon="2.2948616">
    <tag k="barrier" v="kerb"/>
    <tag k="kerb" v="lowered"/>
  </node>
  <node id="2423862620" lat="48.8754094" lon="2.2960128">
    <tag k="barrier" v="kerb"/>
    <tag k="kerb" v="lowered"/>
    <tag k="tactile_paving" v="yes"/>
  </node>
  <node id="2423874188" lat="48.8752873" lon="2.2946300">
    <tag k="barrier" v="kerb"/>
  </node>
  <node id="2423874195" lat="48.8753357" lon="2.2946808">
    <tag k="barrier" v="kerb"/>
  </node>
  <node id="2423874197" lat="48.8753900" lon="2.2936984"/>
  <node id="2423874198" lat="48.8753900" lon="2.2937074"/>
  <node id="2423874199" lat="48.8753916" lon="2.2937136"/>
  <node id="2423874200" lat="48.8753922" lon="2.2936887"/>
  <node id="2423874202" lat="48.8753950" lon="2.2937186"/>
  <node id="2423874203" lat="48.8754001" lon="2.2936808"/>
  <node id="2423874204" lat="48.8754016" lon="2.2937204"/>
  <node id="2423874206" lat="48.8754098" lon="2.2937172"/>
  <node id="2423874208" lat="48.8755523" lon="2.2935548"/>
  <node id="2423874209" lat="48.8755766" lon="2.2935365"/>
  <node id="2423874210" lat="48.8755922" lon="2.2935280"/>
  <node id="2423874211" lat="48.8755944" lon="2.2935619"/>
  <node id="2423874212" lat="48.8756035" lon="2.2935544"/>
  <node id="2423874213" lat="48.8756041" lon="2.2935268"/>
  <node id="2423874214" lat="48.8756072" lon="2.2935322"/>
  <node id="2423874215" lat="48.8756073" lon="2.2935489"/>
  <node id="2423874216" lat="48.8756081" lon="2.2935416"/>
  <node id="2423874240" lat="48.8765952" lon="2.2942966"/>
  <node id="2423877009" lat="48.8753196" lon="2.2934984"/>
  <node id="2423877010" lat="48.8753209" lon="2.2935081"/>
  <node id="2423877011" lat="48.8753216" lon="2.2934889"/>
  <node id="2423877012" lat="48.8753231" lon="2.2935139"/>
  <node id="2423877013" lat="48.8753262" lon="2.2934820"/>
  <node id="2423877014" lat="48.8753278" lon="2.2935179"/>
  <node id="2423877015" lat="48.8753306" lon="2.2934786"/>
  <node id="2423877016" lat="48.8753326" lon="2.2935200"/>
  <node id="2423877017" lat="48.8753390" lon="2.2935163"/>
  <node id="2423877018" lat="48.8756182" lon="2.2932361"/>
  <node id="2423877019" lat="48.8756228" lon="2.2932757"/>
  <node id="2423877020" lat="48.8756244" lon="2.2932337"/>
  <node id="2423877021" lat="48.8756285" lon="2.2932352"/>
  <node id="2423877022" lat="48.8756325" lon="2.2932666"/>
  <node id="2423877023" lat="48.8756326" lon="2.2932402"/>
  <node id="2423877024" lat="48.8756348" lon="2.2932600"/>
  <node id="2423877025" lat="48.8756350" lon="2.2932479"/>
  <node id="2423877026" lat="48.8756555" lon="2.2932122"/>
  <node id="2423877027" lat="48.8756569" lon="2.2932239"/>
  <node id="2423877028" lat="48.8756571" lon="2.2932045"/>
  <node id="2423877029" lat="48.8756609" lon="2.2932309"/>
  <node id="2423877030" lat="48.8756614" lon="2.2931976"/>
  <node id="2423877031" lat="48.8756661" lon="2.2932343"/>
  <node id="2423877032" lat="48.8756682" lon="2.2931943"/>
  <node id="2423877033" lat="48.8756718" lon="2.2932341"/>
  <node id="2423877034" lat="48.8756751" lon="2.2931969"/>
  <node id="2423877035" lat="48.8756768" lon="2.2932304"/>
  <node id="2423877036" lat="48.8756793" lon="2.2932025"/>
  <node id="2423877037" lat="48.8756798" lon="2.2932254"/>
  <node id="2423877038" lat="48.8756820" lon="2.2932150"/>
  <node id="2423879875" lat="48.8771908" lon="2.2949104">
    <tag k="crossing" v="uncontrolled"/>
    <tag k="crossing:island" v="no"/>
    <tag k="crossing:markings" v="zebra"/>
    <tag k="highway" v="crossing"/>
    <tag k="tactile_paving" v="yes"/>
  </node>
  <node id="2425226921" lat="48.8757613" lon="2.2933872"/>
  <node id="2425226922" lat="48.8757625" lon="2.2933768"/>
  <node id="2425226923" lat="48.8757643" lon="2.2933980"/>
  <node id="2425226924" lat="48.8757664" lon="2.2933713"/>
  <node id="2425226925" lat="48.8757682" lon="2.2934039"/>
  <node id="2425226927" lat="48.8757760" lon="2.2934047"/>
  <node id="2425226928" lat="48.8757864" lon="2.2933997"/>
  <node id="2425226929" lat="48.8758486" lon="2.2933430"/>
  <node id="2425226930" lat="48.8758554" lon="2.2933424"/>
  <node id="2425226931" lat="48.8758610" lon="2.2933458"/>
  <node id="2425226932" lat="48.8758678" lon="2.2933482"/>
  <node id="2425226933" lat="48.8758737" lon="2.2933466"/>
  <node id="2425226934" lat="48.8758798" lon="2.2933426"/>
  <node id="2425226936" lat="48.8759365" lon="2.2932944"/>
  <node id="2425226937" lat="48.8759759" lon="2.2932435"/>
  <node id="2425226938" lat="48.8759843" lon="2.2932656"/>
  <node id="2425226939" lat="48.8759902" lon="2.2932838"/>
  <node id="2425226940" lat="48.8759933" lon="2.2932912"/>
  <node id="2425226941" lat="48.8761479" lon="2.2930984"/>
  <node id="2425226942" lat="48.8762052" lon="2.2930507"/>
  <node id="2425226943" lat="48.8762205" lon="2.2930929"/>
  <node id="2425226945" lat="48.8762639" lon="2.2929502"/>
  <node id="2425226946" lat="48.8762966" lon="2.2930351"/>
  <node id="2425226947" lat="48.8763206" lon="2.2930135"/>
  <node id="2425226948" lat="48.8763743" lon="2.2928568"/>
  <node id="2425226949" lat="48.8763870" lon="2.2928497"/>
  <node id="2425226950" lat="48.8763922" lon="2.2928531"/>
  <node id="2425226951" lat="48.8763943" lon="2.2928787"/>
  <node id="2425226952" lat="48.8763962" lon="2.2928639"/>
  <node id="2425230952" lat="48.8756996" lon="2.2931794"/>
  <node id="2425230953" lat="48.8757005" lon="2.2931698"/>
  <node id="2425230954" lat="48.8757018" lon="2.2931903"/>
  <node id="2425230955" lat="48.8757037" lon="2.2931634"/>
  <node id="2425230956" lat="48.8757069" lon="2.2931953"/>
  <node id="2425230957" lat="48.8757144" lon="2.2931965"/>
  <node id="2425230958" lat="48.8757234" lon="2.2931914"/>
  <node id="2425230959" lat="48.8758110" lon="2.2931177"/>
  <node id="2425230960" lat="48.8758113" lon="2.2930713"/>
  <node id="2425230961" lat="48.8758151" lon="2.2930439"/>
  <node id="2425230962" lat="48.8758701" lon="2.2929574"/>
  <node id="2425230963" lat="48.8758720" lon="2.2930221"/>
  <node id="2425230964" lat="48.8758736" lon="2.2929645"/>
  <node id="2425230965" lat="48.8761027" lon="2.2927601"/>
  <node id="2425230966" lat="48.8761036" lon="2.2927687"/>
  <node id="2425230967" lat="48.8761046" lon="2.2928690"/>
  <node id="2425230968" lat="48.8761186" lon="2.2928109"/>
  <node id="2425230969" lat="48.8761684" lon="2.2927441"/>
  <node id="2425230970" lat="48.8761868" lon="2.2927544"/>
  <node id="2425230971" lat="48.8763306" lon="2.2926330"/>
  <node id="2425230972" lat="48.8763354" lon="2.2926306"/>
  <node id="2425230973" lat="48.8763420" lon="2.2926296"/>
  <node id="2425230974" lat="48.8763474" lon="2.2926337"/>
  <node id="2425230975" lat="48.8763479" lon="2.2926633"/>
  <node id="2425230976" lat="48.8763501" lon="2.2926395"/>
  <node id="2425230977" lat="48.8763511" lon="2.2926518"/>
  <node id="2425232743" lat="48.8763502" lon="2.2926577"/>
  <node id="2425232744" lat="48.8763510" lon="2.2926452"/>
  <node id="2680638985" lat="48.8724862" lon="2.2967205"/>
  <node id="2680638986" lat="48.8725014" lon="2.2966728"/>
  <node id="2683575552" lat="48.8723018" lon="2.3007919"/>
  <node id="2683575554" lat="48.8723124" lon="2.3007587"/>
  <node id="2683575557" lat="48.8723230" lon="2.3007255"/>
  <node id="2683575566" lat="48.8723335" lon="2.3006924"/>
  <node id="2698142507" lat="48.8764995" lon="2.3015721">
    <tag k="button_operated" v="no"/>
    <tag k="crossing" v="traffic_signals"/>
    <tag k="crossing:island" v="no"/>
    <tag k="crossing:markings" v="zebra"/>
    <tag k="highway" v="crossing"/>
    <tag k="tactile_paving" v="yes"/>
    <tag k="traffic_signals:sound" v="yes"/>
    <tag k="traffic_signals:vibration" v="no"/>
  </node>
  <node id="2698142543" lat="48.8784785" lon="2.2942414">
    <tag k="crossing" v="uncontrolled"/>
    <tag k="crossing:markings" v="zebra"/>
    <tag k="highway" v="crossing"/>
    <tag k="kerb" v="lowered"/>
    <tag k="tactile_paving" v="yes"/>
  </node>
  <node id="2698157907" lat="48.8748706" lon="2.3017102">
    <tag k="crossing" v="uncontrolled"/>
    <tag k="crossing:island" v="no"/>
    <tag k="crossing:markings" v="zebra"/>
    <tag k="crossing:signals" v="no"/>
    <tag k="highway" v="crossing"/>
  </node>
  <node id="2698157915" lat="48.8745865" lon="2.3027790">
    <tag k="crossing" v="uncontrolled"/>
    <tag k="crossing:island" v="no"/>
    <tag k="crossing:markings" v="zebra"/>
    <tag k="crossing:signals" v="no"/>
    <tag k="highway" v="crossing"/>
    <tag k="tactile_paving" v="yes"/>
  </node>
  <node id="2880104581" lat="48.8732539" lon="2.2966860">
    <tag k="bus" v="yes"/>
    <tag k="name" v="Charles de Gaulle - Étoile - Champs-Élysées"/>
    <tag k="name:RATP" v="CHARLES DE GAULLE - ETOILE - CHAMPS-ELYSEES"/>
    <tag k="public_transport" v="stop_position"/>
    <tag k="source" v="survey"/>
    <tag k="wheelchair" v="yes"/>
  </node>
  <node id="2880104582" lat="48.8741692" lon="2.2938213">
    <tag k="bus" v="yes"/>
    <tag k="name" v="Charles de Gaulle - Étoile - Grande Armée"/>
    <tag k="name:RATP" v="CHARLES DE GAULLE-ETOILE-GRANDE ARMEE"/>
    <tag k="public_transport" v="stop_position"/>
    <tag k="source" v="survey"/>
  </node>
  <node id="2883697218" lat="48.8743234" lon="2.2933255">
    <tag k="bus" v="yes"/>
    <tag k="name" v="Charles de Gaulle - Étoile - Grande Armée"/>
    <tag k="name:RATP" v="CHARLES DE GAULLE-ETOILE-GRANDE ARMEE"/>
    <tag k="public_transport" v="stop_position"/>
    <tag k="source" v="survey"/>
  </node>
  <node id="2978444704" lat="48.8740241" lon="2.2951464"/>
  <node id="2978444705" lat="48.8740524" lon="2.2950579"/>
  <node id="2978444706" lat="48.8740848" lon="2.2950610"/>
  <node id="3027860103" lat="48.8738685" lon="2.3002655"/>
  <node id="3172353223" lat="48.8732049" lon="2.3002773">
    <tag k="crossing" v="uncontrolled"/>
    <tag k="crossing:island" v="no"/>
    <tag k="crossing:markings" v="zebra"/>
    <tag k="highway" v="crossing"/>
  </node>
  <node id="3172353225" lat="48.8731821" lon="2.3001617">
    <tag k="crossing" v="uncontrolled"/>
    <tag k="crossing:island" v="no"/>
    <tag k="crossing:markings" v="zebra"/>
    <tag k="highway" v="crossing"/>
  </node>
  <node id="3172353226" lat="48.8732582" lon="2.3001233">
    <tag k="crossing" v="uncontrolled"/>
    <tag k="crossing:island" v="no"/>
    <tag k="crossing:markings" v="zebra"/>
    <tag k="highway" v="crossing"/>
  </node>
  <node id="3206788754" lat="48.8730214" lon="2.3027159">
    <tag k="crossing" v="uncontrolled"/>
    <tag k="crossing:island" v="no"/>
    <tag k="crossing:markings" v="zebra"/>
    <tag k="highway" v="crossing"/>
    <tag k="source" v="survey"/>
    <tag k="tactile_paving" v="yes"/>
  </node>
  <node id="3397107727" lat="48.8769787" lon="2.2922417"/>
  <node id="3462025870" lat="48.8739508" lon="2.2953762"/>
  <node id="3462025891" lat="48.8740571" lon="2.2950412"/>
  <node id="3670340321" lat="48.8738383" lon="2.2984053"/>
  <node id="3670340322" lat="48.8739303" lon="2.2983168">
    <tag k="crossing" v="uncontrolled"/>
    <tag k="crossing:island" v="no"/>
    <tag k="crossing:markings" v="zebra"/>
    <tag k="crossing:signals" v="no"/>
    <tag k="highway" v="crossing"/>
    <tag k="tactile_paving" v="yes"/>
    <tag k="wheelchair" v="yes"/>
  </node>
  <node id="3670340323" lat="48.8739592" lon="2.2971340">
    <tag k="button_operated" v="no"/>
    <tag k="crossing" v="traffic_signals"/>
    <tag k="crossing:island" v="no"/>
    <tag k="crossing:markings" v="zebra"/>
    <tag k="crossing:signals" v="yes"/>
    <tag k="highway" v="crossing"/>
    <tag k="tactile_paving" v="yes"/>
    <tag k="traffic_signals:sound" v="yes"/>
    <tag k="wheelchair" v="yes"/>
  </node>
  <node id="3670340324" lat="48.8739918" lon="2.2974259">
    <tag k="button_operated" v="no"/>
    <tag k="crossing" v="traffic_signals"/>
    <tag k="crossing:island" v="no"/>
    <tag k="crossing:markings" v="zebra"/>
    <tag k="crossing:signals" v="yes"/>
    <tag k="highway" v="crossing"/>
    <tag k="tactile_paving" v="yes"/>
    <tag k="wheelchair" v="yes"/>
  </node>
  <node id="3670342625" lat="48.8740769" lon="2.2972623">
    <tag k="button_operated" v="no"/>
    <tag k="crossing" v="traffic_signals"/>
    <tag k="crossing:markings" v="zebra"/>
    <tag k="crossing:signals" v="yes"/>
    <tag k="highway" v="crossing"/>
    <tag k="tactile_paving" v="yes"/>
    <tag k="wheelchair" v="yes"/>
  </node>
  <node id="3670345633" lat="48.8738230" lon="2.2973107">
    <tag k="highway" v="traffic_signals"/>
    <tag k="traffic_signals" v="signal"/>
    <tag k="traffic_signals:direction" v="forward"/>
  </node>
  <node id="3670345634" lat="48.8739116" lon="2.2967068">
    <tag k="highway" v="traffic_signals"/>
    <tag k="traffic_signals" v="signal"/>
    <tag k="traffic_signals:direction" v="backward"/>
  </node>
  <node id="3670345635" lat="48.8739534" lon="2.2970823">
    <tag k="highway" v="traffic_signals"/>
    <tag k="traffic_signals" v="signal"/>
    <tag k="traffic_signals:direction" v="forward"/>
  </node>
  <node id="3670345636" lat="48.8739979" lon="2.2974733">
    <tag k="highway" v="traffic_signals"/>
    <tag k="traffic_signals" v="signal"/>
    <tag k="traffic_signals:direction" v="backward"/>
  </node>
  <node id="3670345637" lat="48.8743456" lon="2.2964033">
    <tag k="button_operated" v="no"/>
    <tag k="crossing" v="traffic_signals"/>
    <tag k="crossing:island" v="no"/>
    <tag k="crossing:markings" v="zebra"/>
    <tag k="crossing:signals" v="yes"/>
    <tag k="highway" v="crossing"/>
    <tag k="kerb" v="lowered"/>
    <tag k="tactile_paving" v="yes"/>
    <tag k="traffic_signals:sound" v="yes"/>
    <tag k="wheelchair" v="yes"/>
  </node>
  <node id="3670345638" lat="48.8744178" lon="2.2971068">
    <tag k="highway" v="traffic_signals"/>
    <tag k="traffic_signals" v="signal"/>
    <tag k="traffic_signals:direction" v="forward"/>
  </node>
  <node id="3670345639" lat="48.8744581" lon="2.2970718">
    <tag k="button_operated" v="no"/>
    <tag k="crossing" v="traffic_signals"/>
    <tag k="crossing:markings" v="zebra"/>
    <tag k="crossing:signals" v="yes"/>
    <tag k="highway" v="crossing"/>
    <tag k="tactile_paving" v="yes"/>
    <tag k="traffic_signals:sound" v="yes"/>
    <tag k="wheelchair" v="yes"/>
  </node>
  <node id="3670345641" lat="48.8745281" lon="2.2968413">
    <tag k="crossing" v="traffic_signals"/>
    <tag k="highway" v="traffic_signals"/>
    <tag k="tactile_paving" v="yes"/>
    <tag k="traffic_signals" v="signal"/>
    <tag k="traffic_signals:direction" v="forward"/>
    <tag k="traffic_signals:sound" v="yes"/>
    <tag k="wheelchair" v="yes"/>
  </node>
  <node id="3670345642" lat="48.8746305" lon="2.2970869">
    <tag k="crossing" v="traffic_signals"/>
    <tag k="highway" v="traffic_signals"/>
    <tag k="tactile_paving" v="yes"/>
    <tag k="traffic_signals:direction" v="backward"/>
    <tag k="wheelchair" v="yes"/>
  </node>
  <node id="3670345644" lat="48.8747018" lon="2.2968308">
    <tag k="crossing" v="uncontrolled"/>
    <tag k="crossing:island" v="no"/>
    <tag k="crossing:markings" v="zebra"/>
    <tag k="crossing:signals" v="no"/>
    <tag k="highway" v="crossing"/>
    <tag k="tactile_paving" v="yes"/>
    <tag k="wheelchair" v="yes"/>
  </node>
  <node id="3910397115" lat="48.8737711" lon="2.2983731">
    <tag k="barrier" v="kerb"/>
    <tag k="tactile_paving" v="yes"/>
  </node>
  <node id="3910397116" lat="48.8737734" lon="2.2984230">
    <tag k="barrier" v="kerb"/>
    <tag k="tactile_paving" v="yes"/>
  </node>
  <node id="3910397135" lat="48.8731965" lon="2.3001158"/>
  <node id="3910397144" lat="48.8737902" lon="2.2984911"/>
  <node id="3910397145" lat="48.8738136" lon="2.2984428"/>
  <node id="3910397146" lat="48.8741634" lon="2.2983644"/>
  <node id="3910397147" lat="48.8741855" lon="2.2983758"/>
  <node id="3910397148" lat="48.8741936" lon="2.2983824">
    <tag k="crossing" v="unmarked"/>
    <tag k="crossing:markings" v="no"/>
    <tag k="highway" v="crossing"/>
  </node>
  <node id="3913073685" lat="48.8726057" lon="2.2965307"/>
  <node id="3913073690" lat="48.8724966" lon="2.2963367"/>
  <node id="3913073691" lat="48.8724945" lon="2.2963354"/>
  <node id="3913073692" lat="48.8724921" lon="2.2963349"/>
  <node id="3913073693" lat="48.8724900" lon="2.2963351"/>
  <node id="3913073694" lat="48.8724878" lon="2.2963361"/>
  <node id="3913073698" lat="48.8724033" lon="2.2964076"/>
  <node id="3913073700" lat="48.8723999" lon="2.2964135"/>
  <node id="3913073702" lat="48.8723971" lon="2.2964219"/>
  <node id="3913073703" lat="48.8723963" lon="2.2964279"/>
  <node id="3913073705" lat="48.8723968" lon="2.2964374"/>
  <node id="3913073712" lat="48.8724492" lon="2.2966972"/>
  <node id="3913099077" lat="48.8720514" lon="2.2967278"/>
  <node id="3913099078" lat="48.8720353" lon="2.2967884"/>
  <node id="3913099079" lat="48.8720480" lon="2.2967586"/>
  <node id="3913099080" lat="48.8718912" lon="2.2969136">
    <tag k="amenity" v="parking_entrance"/>
    <tag k="parking" v="underground"/>
  </node>
  <node id="3913099083" lat="48.8720129" lon="2.2967254"/>
  <node id="3913099084" lat="48.8720182" lon="2.2967239"/>
  <node id="3913099085" lat="48.8720238" lon="2.2967254"/>
  <node id="3913099086" lat="48.8720299" lon="2.2967303"/>
  <node id="3913099087" lat="48.8720337" lon="2.2967380"/>
  <node id="3913099088" lat="48.8720359" lon="2.2967467"/>
  <node id="3913099089" lat="48.8720359" lon="2.2967565"/>
  <node id="3913099090" lat="48.8720337" lon="2.2967656"/>
  <node id="3913099091" lat="48.8720301" lon="2.2967726"/>
  <node id="3913099094" lat="48.8718780" lon="2.2968990"/>
  <node id="3913099095" lat="48.8718928" lon="2.2969376"/>
  <node id="3913099099" lat="48.8720498" lon="2.2968060"/>
  <node id="3913099101" lat="48.8720599" lon="2.2967876"/>
  <node id="3913099104" lat="48.8720660" lon="2.2967605"/>
  <node id="3913099111" lat="48.8720747" lon="2.2966954"/>
  <node id="3913099114" lat="48.8720835" lon="2.2966706"/>
  <node id="3913099116" lat="48.8720917" lon="2.2966584"/>
  <node id="3913099120" lat="48.8722985" lon="2.2964853"/>
  <node id="3913099121" lat="48.8723419" lon="2.2964936"/>
  <node id="3913099126" lat="48.8723869" lon="2.2967117"/>
  <node id="3913099128" lat="48.8723875" lon="2.2967301"/>
  <node id="3913099129" lat="48.8723864" lon="2.2967378"/>
  <node id="3913099133" lat="48.8723529" lon="2.2968408"/>
  <node id="3913099134" lat="48.8723335" lon="2.2968267"/>
  <node id="3913099135" lat="48.8712350" lon="2.2977762"/>
  <node id="3913099136" lat="48.8712181" lon="2.2978015"/>
  <node id="3913099138" lat="48.8710637" lon="2.2975783"/>
  <node id="3913099142" lat="48.8710581" lon="2.2975658"/>
  <node id="3913099148" lat="48.8710644" lon="2.2975243"/>
  <node id="4061931502" lat="48.8756375" lon="2.2933738"/>
  <node id="4061931503" lat="48.8757170" lon="2.2935077"/>
  <node id="4192463327" lat="48.8730147" lon="2.2876019">
    <tag k="crossing" v="traffic_signals"/>
    <tag k="highway" v="traffic_signals"/>
  </node>
  <node id="4241995246" lat="48.8741646" lon="2.2939599"/>
  <node id="4241995247" lat="48.8740892" lon="2.2939042"/>
  <node id="4241995248" lat="48.8742457" lon="2.2941651"/>
  <node id="4249951050" lat="48.8711044" lon="2.2932860"/>
  <node id="4577464094" lat="48.8734698" lon="2.2968927"/>
  <node id="4577464095" lat="48.8735037" lon="2.2969173"/>
  <node id="4747246900" lat="48.8699624" lon="2.2982891"/>
  <node id="4927356928" lat="48.8747735" lon="2.2974301">
    <tag k="bus" v="yes"/>
    <tag k="name" v="Charles de Gaulle — Étoile"/>
    <tag k="public_transport" v="stop_position"/>
    <tag k="source" v="survey 06/2017"/>
  </node>
  <node id="4927356929" lat="48.8761762" lon="2.3007963">
    <tag k="bus" v="yes"/>
    <tag k="name" v="Hoche - Saint-Honoré"/>
    <tag k="public_transport" v="stop_position"/>
    <tag k="source" v="survey 06/2017"/>
  </node>
  <node id="4934446333" lat="48.8748982" lon="2.2958504">
    <tag k="bus" v="yes"/>
    <tag k="name" v="Charles De Gaulle - Étoile - Wagram"/>
    <tag k="public_transport" v="stop_position"/>
    <tag k="source" v="survey 06/2017"/>
  </node>
  <node id="4937276948" lat="48.8726460" lon="2.2942162">
    <tag k="bus" v="yes"/>
    <tag k="name" v="Charles de Gaulle - Étoile - Kléber"/>
    <tag k="public_transport" v="stop_position"/>
    <tag k="source" v="survey 06/2017"/>
  </node>
  <node id="4937276949" lat="48.8691636" lon="2.2917553">
    <tag k="bus" v="yes"/>
    <tag k="name" v="Kléber - Paul Valéry"/>
    <tag k="public_transport" v="stop_position"/>
    <tag k="source" v="survey 06/2017"/>
  </node>
  <node id="4950063150" lat="48.8745492" lon="2.2955996">
    <tag k="bus" v="yes"/>
    <tag k="name" v="Charles de Gaulle - Étoile - Wagram"/>
    <tag k="public_transport" v="stop_position"/>
    <tag k="source" v="survey 07/2017"/>
  </node>
  <node id="4951491632" lat="48.8693301" lon="2.2917935">
    <tag k="bus" v="yes"/>
    <tag k="name" v="Kléber - Paul Valéry"/>
    <tag k="public_transport" v="stop_position"/>
    <tag k="source" v="survey 07/2017"/>
  </node>
  <node id="5087798656" lat="48.8750236" lon="2.2948362">
    <tag k="bus" v="yes"/>
    <tag k="name" v="Charles de Gaulle - Étoile - Mac Mahon"/>
    <tag k="public_transport" v="stop_position"/>
    <tag k="source" v="survey 09/2017"/>
  </node>
  <node id="5090905973" lat="48.8705736" lon="2.2977179">
    <tag k="bus" v="yes"/>
    <tag k="name" v="Bassano"/>
    <tag k="public_transport" v="stop_position"/>
    <tag k="source" v="survey 09/2017"/>
  </node>
  <node id="5090905975" lat="48.8726657" lon="2.2960696">
    <tag k="bus" v="yes"/>
    <tag k="name" v="Charles de Gaulle - Étoile - Marceau"/>
    <tag k="public_transport" v="stop_position"/>
    <tag k="source" v="survey 09/2017"/>
  </node>
  <node id="5093998831" lat="48.8730751" lon="2.2957278">
    <tag k="bus" v="yes"/>
    <tag k="name" v="Charles de Gaulle - Étoile - Marceau"/>
    <tag k="public_transport" v="stop_position"/>
    <tag k="source" v="survey 09/2017"/>
  </node>
  <node id="5093998832" lat="48.8700591" lon="2.2980237">
    <tag k="bus" v="yes"/>
    <tag k="name" v="Bassano"/>
    <tag k="public_transport" v="stop_position"/>
    <tag k="source" v="survey 09/2017"/>
  </node>
  <node id="5263805754" lat="48.8748515" lon="2.2910425"/>
  <node id="5263805755" lat="48.8749765" lon="2.2912652">
    <tag k="bicycle" v="yes"/>
    <tag k="button_operated" v="no"/>
    <tag k="crossing" v="traffic_signals"/>
    <tag k="crossing:island" v="yes"/>
    <tag k="crossing:markings" v="zebra"/>
    <tag k="highway" v="traffic_signals"/>
    <tag k="traffic_signals:direction" v="forward"/>
  </node>
  <node id="5455382501" lat="48.8717646" lon="2.2988015">
    <tag k="crossing" v="traffic_signals"/>
    <tag k="crossing:island" v="no"/>
    <tag k="crossing:markings" v="zebra"/>
    <tag k="crossing:signals" v="yes"/>
    <tag k="highway" v="crossing"/>
    <tag k="kerb" v="lowered"/>
    <tag k="traffic_signals:sound" v="no"/>
  </node>
  <node id="5455382502" lat="48.8718404" lon="2.2987744">
    <tag k="crossing" v="traffic_signals"/>
    <tag k="crossing:island" v="no"/>
    <tag k="crossing:markings" v="zebra"/>
    <tag k="crossing:signals" v="yes"/>
    <tag k="highway" v="crossing"/>
    <tag k="kerb" v="lowered"/>
    <tag k="traffic_signals:sound" v="no"/>
  </node>
  <node id="5455382503" lat="48.8718214" lon="2.2986191">
    <tag k="crossing" v="traffic_signals"/>
    <tag k="crossing:island" v="no"/>
    <tag k="crossing:markings" v="zebra"/>
    <tag k="crossing:signals" v="yes"/>
    <tag k="highway" v="crossing"/>
    <tag k="kerb" v="lowered"/>
    <tag k="traffic_signals:sound" v="no"/>
  </node>
  <node id="5455382504" lat="48.8717537" lon="2.2986506">
    <tag k="crossing" v="traffic_signals"/>
    <tag k="crossing:island" v="no"/>
    <tag k="crossing:markings" v="zebra"/>
    <tag k="crossing:signals" v="yes"/>
    <tag k="highway" v="crossing"/>
    <tag k="kerb" v="lowered"/>
    <tag k="traffic_signals:sound" v="no"/>
  </node>
  <node id="5455382505" lat="48.8723151" lon="2.2996413">
    <tag k="crossing" v="no"/>
    <tag k="highway" v="traffic_signals"/>
    <tag k="traffic_signals:direction" v="backward"/>
  </node>
  <node id="5455382784" lat="48.8748276" lon="2.2923902"/>
  <node id="5455382786" lat="48.8743663" lon="2.2931963">
    <tag k="button_operated" v="no"/>
    <tag k="crossing" v="traffic_signals"/>
    <tag k="crossing:island" v="yes"/>
    <tag k="highway" v="traffic_signals"/>
    <tag k="tactile_paving" v="yes"/>
    <tag k="traffic_signals" v="signal"/>
    <tag k="traffic_signals:direction" v="backward"/>
    <tag k="traffic_signals:sound" v="no"/>
    <tag k="traffic_signals:vibration" v="no"/>
  </node>
  <node id="5455382787" lat="48.8747143" lon="2.2932434">
    <tag k="crossing" v="traffic_signals"/>
    <tag k="highway" v="traffic_signals"/>
    <tag k="tactile_paving" v="yes"/>
    <tag k="traffic_signals" v="signal"/>
    <tag k="traffic_signals:direction" v="forward"/>
  </node>
  <node id="5455382788" lat="48.8764263" lon="2.2925032"/>
  <node id="5474974264" lat="48.8692799" lon="2.2917578"/>
  <node id="5474974266" lat="48.8693305" lon="2.2916450"/>
  <node id="5474974267" lat="48.8724103" lon="2.2938694"/>
  <node id="5474974268" lat="48.8717664" lon="2.2934201"/>
  <node id="5474974269" lat="48.8723124" lon="2.2941596"/>
  <node id="5474974270" lat="48.8717646" lon="2.2937085"/>
  <node id="5474974271" lat="48.8716015" lon="2.2932765"/>
  <node id="5474974273" lat="48.8698181" lon="2.2922319"/>
  <node id="5474974274" lat="48.8697898" lon="2.2923281"/>
  <node id="5474974275" lat="48.8695436" lon="2.2919467"/>
  <node id="5474974276" lat="48.8695853" lon="2.2918010"/>
  <node id="5536138928" lat="48.8681836" lon="2.2957137">
    <tag k="crossing" v="uncontrolled"/>
    <tag k="crossing:island" v="yes"/>
    <tag k="crossing:markings" v="zebra"/>
    <tag k="highway" v="crossing"/>
    <tag k="kerb" v="lowered"/>
    <tag k="source" v="BD Ortho 2018"/>
    <tag k="tactile_paving" v="yes"/>
  </node>
  <node id="5620560314" lat="48.8744543" lon="2.2955321"/>
  <node id="5620560316" lat="48.8738510" lon="2.2961745"/>
  <node id="5866130126" lat="48.8694465" lon="2.2978038">
    <tag k="crossing" v="uncontrolled"/>
    <tag k="crossing:markings" v="zebra"/>
    <tag k="crossing:signals" v="no"/>
    <tag k="highway" v="crossing"/>
  </node>
  <node id="5866130128" lat="48.8696867" lon="2.2980731">
    <tag k="crossing" v="traffic_signals"/>
    <tag k="crossing:markings" v="zebra"/>
    <tag k="crossing:signals" v="yes"/>
    <tag k="highway" v="crossing"/>
  </node>
  <node id="5964830379" lat="48.8751668" lon="2.2987951">
    <tag k="crossing" v="uncontrolled"/>
    <tag k="crossing:island" v="no"/>
    <tag k="crossing:markings" v="zebra"/>
    <tag k="crossing:signals" v="no"/>
    <tag k="highway" v="crossing"/>
    <tag k="tactile_paving" v="no"/>
  </node>
  <node id="5964830380" lat="48.8752551" lon="2.2985837">
    <tag k="crossing" v="uncontrolled"/>
    <tag k="crossing:island" v="no"/>
    <tag k="crossing:markings" v="zebra"/>
    <tag k="crossing:signals" v="no"/>
    <tag k="highway" v="crossing"/>
    <tag k="tactile_paving" v="no"/>
  </node>
  <node id="5964830381" lat="48.8752728" lon="2.2984304">
    <tag k="crossing" v="uncontrolled"/>
    <tag k="crossing:island" v="no"/>
    <tag k="crossing:markings" v="zebra"/>
    <tag k="crossing:signals" v="no"/>
    <tag k="highway" v="crossing"/>
    <tag k="tactile_paving" v="no"/>
  </node>
  <node id="5964830404" lat="48.8752378" lon="2.2981127">
    <tag k="crossing" v="uncontrolled"/>
    <tag k="crossing:island" v="no"/>
    <tag k="crossing:markings" v="zebra"/>
    <tag k="crossing:signals" v="no"/>
    <tag k="highway" v="crossing"/>
    <tag k="tactile_paving" v="no"/>
  </node>
  <node id="5996498040" lat="48.8731143" lon="2.2974936">
    <tag k="crossing" v="uncontrolled"/>
    <tag k="crossing:island" v="no"/>
    <tag k="crossing:markings" v="zebra"/>
    <tag k="highway" v="crossing"/>
    <tag k="traffic_signals:sound" v="no"/>
  </node>
  <node id="5996498042" lat="48.8727062" lon="2.2987811">
    <tag k="button_operated" v="no"/>
    <tag k="crossing" v="uncontrolled"/>
    <tag k="crossing:island" v="no"/>
    <tag k="crossing:markings" v="zebra"/>
    <tag k="highway" v="crossing"/>
    <tag k="traffic_signals:sound" v="no"/>
  </node>
  <node id="5996498043" lat="48.8725360" lon="2.2993183">
    <tag k="crossing" v="traffic_signals"/>
    <tag k="crossing:island" v="no"/>
    <tag k="crossing:markings" v="zebra"/>
    <tag k="crossing:signals" v="yes"/>
    <tag k="highway" v="crossing"/>
    <tag k="kerb" v="lowered"/>
    <tag k="tactile_paving" v="yes"/>
    <tag k="traffic_signals:sound" v="no"/>
  </node>
  <node id="5996498044" lat="48.8724505" lon="2.2995870">
    <tag k="crossing" v="unmarked"/>
    <tag k="crossing:markings" v="no"/>
    <tag k="highway" v="crossing"/>
  </node>
  <node id="5996498045" lat="48.8721919" lon="2.3004047">
    <tag k="crossing" v="uncontrolled"/>
    <tag k="crossing:island" v="no"/>
    <tag k="crossing:markings" v="zebra"/>
    <tag k="highway" v="crossing"/>
    <tag k="traffic_signals:sound" v="no"/>
  </node>
  <node id="5996498076" lat="48.8718118" lon="2.3008582"/>
  <node id="5996498077" lat="48.8719616" lon="2.3003881"/>
  <node id="5996498078" lat="48.8720019" lon="2.3002627">
    <tag k="crossing" v="uncontrolled"/>
    <tag k="crossing:island" v="no"/>
    <tag k="crossing:markings" v="zebra"/>
    <tag k="highway" v="crossing"/>
    <tag k="traffic_signals:sound" v="no"/>
  </node>
  <node id="5996498079" lat="48.8722787" lon="2.2993933"/>
  <node id="5996498080" lat="48.8723472" lon="2.2991786">
    <tag k="crossing" v="traffic_signals"/>
    <tag k="crossing:island" v="no"/>
    <tag k="crossing:markings" v="zebra"/>
    <tag k="crossing:signals" v="yes"/>
    <tag k="highway" v="crossing"/>
    <tag k="kerb" v="lowered"/>
    <tag k="tactile_paving" v="yes"/>
    <tag k="traffic_signals:sound" v="no"/>
  </node>
  <node id="5996498081" lat="48.8729265" lon="2.2973611">
    <tag k="crossing" v="uncontrolled"/>
    <tag k="crossing:island" v="no"/>
    <tag k="crossing:markings" v="zebra"/>
    <tag k="highway" v="crossing"/>
    <tag k="tactile_paving" v="yes"/>
    <tag k="traffic_signals:sound" v="no"/>
  </node>
  <node id="6012712825" lat="48.8753128" lon="2.2908626"/>
  <node id="6051259203" lat="48.8735629" lon="2.2959206"/>
  <node id="6051259204" lat="48.8734510" lon="2.2958380"/>
  <node id="6139260129" lat="48.8746005" lon="2.2930714"/>
  <node id="6139260130" lat="48.8743945" lon="2.2926356"/>
  <node id="6170776900" lat="48.8756304" lon="2.2892112">
    <tag k="crossing" v="uncontrolled"/>
    <tag k="crossing:island" v="yes"/>
    <tag k="crossing:markings" v="zebra"/>
    <tag k="highway" v="crossing"/>
    <tag k="kerb" v="lowered"/>
    <tag k="tactile_paving" v="yes"/>
  </node>
  <node id="6170781443" lat="48.8751102" lon="2.2902279">
    <tag k="crossing" v="uncontrolled"/>
    <tag k="crossing:markings" v="zebra"/>
    <tag k="highway" v="crossing"/>
    <tag k="kerb" v="lowered"/>
    <tag k="tactile_paving" v="no"/>
    <tag k="traffic_signals:sound" v="no"/>
  </node>
  <node id="6170783727" lat="48.8750020" lon="2.2903065">
    <tag k="crossing" v="uncontrolled"/>
    <tag k="crossing:island" v="no"/>
    <tag k="crossing:markings" v="zebra"/>
    <tag k="highway" v="crossing"/>
    <tag k="kerb" v="lowered"/>
    <tag k="tactile_paving" v="yes"/>
  </node>
  <node id="6170784695" lat="48.8752798" lon="2.2914073">
    <tag k="crossing" v="uncontrolled"/>
    <tag k="crossing:island" v="no"/>
    <tag k="crossing:markings" v="zebra"/>
    <tag k="highway" v="crossing"/>
    <tag k="kerb" v="lowered"/>
    <tag k="tactile_paving" v="yes"/>
  </node>
  <node id="6170786202" lat="48.8745983" lon="2.2915839">
    <tag k="crossing" v="uncontrolled"/>
    <tag k="crossing:island" v="no"/>
    <tag k="crossing:markings" v="zebra"/>
    <tag k="highway" v="crossing"/>
    <tag k="kerb" v="lowered"/>
    <tag k="tactile_paving" v="yes"/>
  </node>
  <node id="6170787036" lat="48.8744909" lon="2.2927912">
    <tag k="highway" v="traffic_signals"/>
    <tag k="traffic_signals" v="signal"/>
    <tag k="traffic_signals:direction" v="forward"/>
  </node>
  <node id="6170799815" lat="48.8746562" lon="2.2930428">
    <tag k="crossing" v="uncontrolled"/>
    <tag k="crossing:island" v="no"/>
    <tag k="crossing:markings" v="zebra"/>
    <tag k="highway" v="crossing"/>
    <tag k="kerb" v="lowered"/>
    <tag k="tactile_paving" v="yes"/>
  </node>
  <node id="6170847135" lat="48.8742377" lon="2.2936042">
    <tag k="button_operated" v="no"/>
    <tag k="crossing" v="traffic_signals"/>
    <tag k="crossing:island" v="no"/>
    <tag k="crossing:markings" v="zebra"/>
    <tag k="crossing:signals" v="yes"/>
    <tag k="highway" v="crossing"/>
    <tag k="kerb" v="lowered"/>
    <tag k="tactile_paving" v="yes"/>
    <tag k="traffic_signals:sound" v="yes"/>
  </node>
  <node id="6170847378" lat="48.8736651" lon="2.2934627">
    <tag k="button_operated" v="no"/>
    <tag k="crossing" v="traffic_signals"/>
    <tag k="crossing:island" v="no"/>
    <tag k="crossing:markings" v="zebra"/>
    <tag k="crossing:signals" v="yes"/>
    <tag k="highway" v="crossing"/>
    <tag k="kerb" v="lowered"/>
    <tag k="tactile_paving" v="yes"/>
    <tag k="traffic_signals:sound" v="no"/>
  </node>
  <node id="6170860745" lat="48.8732070" lon="2.2936864">
    <tag k="button_operated" v="no"/>
    <tag k="crossing" v="traffic_signals"/>
    <tag k="crossing:island" v="no"/>
    <tag k="crossing:markings" v="zebra"/>
    <tag k="crossing:signals" v="yes"/>
    <tag k="highway" v="crossing"/>
    <tag k="kerb" v="lowered"/>
    <tag k="tactile_paving" v="yes"/>
    <tag k="traffic_signals:sound" v="yes"/>
    <tag k="traffic_signals:vibration" v="yes"/>
  </node>
  <node id="6170861328" lat="48.8728133" lon="2.2943398">
    <tag k="button_operated" v="no"/>
    <tag k="crossing" v="traffic_signals"/>
    <tag k="crossing:island" v="no"/>
    <tag k="crossing:markings" v="zebra"/>
    <tag k="crossing:signals" v="yes"/>
    <tag k="highway" v="crossing"/>
    <tag k="kerb" v="lowered"/>
    <tag k="tactile_paving" v="yes"/>
    <tag k="traffic_signals:sound" v="yes"/>
    <tag k="traffic_signals:vibration" v="yes"/>
  </node>
  <node id="6170864481" lat="48.8727243" lon="2.2952152">
    <tag k="button_operated" v="no"/>
    <tag k="crossing" v="traffic_signals"/>
    <tag k="crossing:island" v="no"/>
    <tag k="crossing:markings" v="zebra"/>
    <tag k="crossing:signals" v="yes"/>
    <tag k="highway" v="crossing"/>
    <tag k="kerb" v="lowered"/>
    <tag k="tactile_paving" v="yes"/>
    <tag k="traffic_signals:sound" v="yes"/>
  </node>
  <node id="6170864709" lat="48.8728687" lon="2.2959007">
    <tag k="button_operated" v="no"/>
    <tag k="crossing" v="traffic_signals"/>
    <tag k="crossing:island" v="no"/>
    <tag k="crossing:markings" v="zebra"/>
    <tag k="crossing:signals" v="yes"/>
    <tag k="highway" v="crossing"/>
    <tag k="kerb" v="lowered"/>
    <tag k="tactile_paving" v="yes"/>
    <tag k="traffic_signals:sound" v="yes"/>
  </node>
  <node id="6170914493" lat="48.8747383" lon="2.2957333">
    <tag k="crossing" v="traffic_signals"/>
    <tag k="crossing:island" v="no"/>
    <tag k="crossing:markings" v="zebra"/>
    <tag k="highway" v="crossing"/>
    <tag k="kerb" v="lowered"/>
    <tag k="tactile_paving" v="yes"/>
  </node>
  <node id="6170917402" lat="48.8746766" lon="2.2941935">
    <tag k="crossing" v="traffic_signals"/>
    <tag k="crossing:island" v="no"/>
    <tag k="crossing:markings" v="zebra"/>
    <tag k="crossing:signals" v="yes"/>
    <tag k="highway" v="crossing"/>
    <tag k="kerb" v="lowered"/>
    <tag k="tactile_paving" v="no"/>
  </node>
  <node id="6170919421" lat="48.8748357" lon="2.2948648">
    <tag k="button_operated" v="no"/>
    <tag k="crossing" v="traffic_signals"/>
    <tag k="crossing:island" v="no"/>
    <tag k="crossing:markings" v="zebra"/>
    <tag k="crossing:signals" v="yes"/>
    <tag k="highway" v="crossing"/>
    <tag k="kerb" v="lowered"/>
    <tag k="tactile_paving" v="yes"/>
    <tag k="traffic_signals:sound" v="yes"/>
  </node>
  <node id="6170935125" lat="48.8724187" lon="2.2993152">
    <tag k="highway" v="traffic_signals"/>
    <tag k="traffic_signals" v="signal"/>
    <tag k="traffic_signals:direction" v="backward"/>
  </node>
  <node id="6172885192" lat="48.8726010" lon="2.2997039">
    <tag k="crossing" v="uncontrolled"/>
    <tag k="crossing:island" v="no"/>
    <tag k="highway" v="crossing"/>
    <tag k="kerb" v="lowered"/>
    <tag k="tactile_paving" v="no"/>
  </node>
  <node id="6172903538" lat="48.8720790" lon="2.3003847">
    <tag k="highway" v="traffic_signals"/>
    <tag k="traffic_signals" v="signal"/>
    <tag k="traffic_signals:direction" v="backward"/>
  </node>
  <node id="6253747746" lat="48.8695737" lon="2.3003657">
    <tag k="crossing" v="uncontrolled"/>
    <tag k="crossing:island" v="no"/>
    <tag k="crossing:markings" v="zebra"/>
    <tag k="crossing:signals" v="no"/>
    <tag k="highway" v="crossing"/>
    <tag k="kerb" v="lowered"/>
  </node>
  <node id="6254216642" lat="48.8686423" lon="2.2929610">
    <tag k="crossing" v="uncontrolled"/>
    <tag k="crossing:markings" v="zebra"/>
    <tag k="highway" v="crossing"/>
    <tag k="kerb" v="lowered"/>
  </node>
  <node id="6254229995" lat="48.8687421" lon="2.2925741">
    <tag k="crossing" v="uncontrolled"/>
    <tag k="crossing:markings" v="zebra"/>
    <tag k="highway" v="crossing"/>
    <tag k="kerb" v="lowered"/>
  </node>
  <node id="6255701595" lat="48.8690551" lon="2.2917677">
    <tag k="crossing" v="uncontrolled"/>
    <tag k="crossing:markings" v="zebra"/>
    <tag k="highway" v="crossing"/>
    <tag k="kerb" v="lowered"/>
    <tag k="tactile_paving" v="yes"/>
    <tag k="traffic_signals:sound" v="no"/>
  </node>
  <node id="6258296076" lat="48.8698691" lon="2.2904946">
    <tag k="crossing" v="uncontrolled"/>
    <tag k="crossing:island" v="no"/>
    <tag k="crossing:markings" v="zebra"/>
    <tag k="highway" v="crossing"/>
    <tag k="kerb" v="lowered"/>
    <tag k="tactile_paving" v="yes"/>
  </node>
  <node id="6258296078" lat="48.8698767" lon="2.2905964">
    <tag k="crossing" v="uncontrolled"/>
    <tag k="crossing:island" v="no"/>
    <tag k="crossing:markings" v="zebra"/>
    <tag k="highway" v="crossing"/>
    <tag k="kerb" v="lowered"/>
    <tag k="tactile_paving" v="yes"/>
  </node>
  <node id="6258302965" lat="48.8706335" lon="2.2913763">
    <tag k="crossing:markings" v="zebra"/>
    <tag k="highway" v="crossing"/>
    <tag k="kerb" v="lowered"/>
  </node>
  <node id="6258303176" lat="48.8701799" lon="2.2909088">
    <tag k="crossing:markings" v="zebra"/>
    <tag k="highway" v="crossing"/>
    <tag k="kerb" v="lowered"/>
  </node>
  <node id="6258305164" lat="48.8711465" lon="2.2918111">
    <tag k="crossing" v="uncontrolled"/>
    <tag k="crossing:island" v="no"/>
    <tag k="crossing:markings" v="zebra"/>
    <tag k="highway" v="crossing"/>
    <tag k="kerb" v="lowered"/>
    <tag k="tactile_paving" v="no"/>
  </node>
  <node id="6258305165" lat="48.8711080" lon="2.2918655"/>
  <node id="6258305166" lat="48.8711615" lon="2.2919216">
    <tag k="crossing" v="uncontrolled"/>
    <tag k="crossing:island" v="no"/>
    <tag k="crossing:markings" v="zebra"/>
    <tag k="highway" v="crossing"/>
    <tag k="kerb" v="lowered"/>
    <tag k="tactile_paving" v="no"/>
  </node>
  <node id="6258308948" lat="48.8727659" lon="2.2932628">
    <tag k="crossing" v="uncontrolled"/>
    <tag k="crossing:island" v="no"/>
    <tag k="crossing:markings" v="zebra"/>
    <tag k="crossing:signals" v="no"/>
    <tag k="highway" v="crossing"/>
    <tag k="kerb" v="lowered"/>
    <tag k="tactile_paving" v="yes"/>
  </node>
  <node id="6258309105" lat="48.8728894" lon="2.2932065">
    <tag k="button_operated" v="no"/>
    <tag k="crossing" v="traffic_signals"/>
    <tag k="crossing:island" v="no"/>
    <tag k="crossing:markings" v="zebra"/>
    <tag k="highway" v="crossing"/>
    <tag k="kerb" v="lowered"/>
    <tag k="tactile_paving" v="yes"/>
    <tag k="traffic_signals:sound" v="yes"/>
    <tag k="traffic_signals:vibration" v="no"/>
  </node>
  <node id="6258309560" lat="48.8729377" lon="2.2930534">
    <tag k="button_operated" v="no"/>
    <tag k="crossing" v="traffic_signals"/>
    <tag k="crossing:island" v="no"/>
    <tag k="crossing:markings" v="zebra"/>
    <tag k="highway" v="crossing"/>
    <tag k="kerb" v="lowered"/>
    <tag k="tactile_paving" v="yes"/>
    <tag k="traffic_signals:sound" v="yes"/>
    <tag k="traffic_signals:vibration" v="no"/>
  </node>
  <node id="6258311583" lat="48.8730168" lon="2.2932410">
    <tag k="button_operated" v="no"/>
    <tag k="crossing" v="traffic_signals"/>
    <tag k="crossing:island" v="no"/>
    <tag k="crossing:markings" v="zebra"/>
    <tag k="highway" v="crossing"/>
    <tag k="kerb" v="lowered"/>
    <tag k="tactile_paving" v="yes"/>
    <tag k="traffic_signals:sound" v="yes"/>
    <tag k="traffic_signals:vibration" v="no"/>
  </node>
  <node id="6258312042" lat="48.8730444" lon="2.2930524">
    <tag k="button_operated" v="no"/>
    <tag k="crossing" v="traffic_signals"/>
    <tag k="crossing:island" v="no"/>
    <tag k="crossing:markings" v="zebra"/>
    <tag k="highway" v="crossing"/>
    <tag k="kerb" v="lowered"/>
    <tag k="tactile_paving" v="yes"/>
    <tag k="traffic_signals:sound" v="yes"/>
    <tag k="traffic_signals:vibration" v="no"/>
  </node>
  <node id="6258312225" lat="48.8734785" lon="2.2927946">
    <tag k="button_operated" v="no"/>
    <tag k="crossing" v="traffic_signals"/>
    <tag k="crossing:island" v="no"/>
    <tag k="crossing:markings" v="zebra"/>
    <tag k="highway" v="crossing"/>
    <tag k="kerb" v="lowered"/>
    <tag k="tactile_paving" v="yes"/>
    <tag k="traffic_signals:sound" v="yes"/>
    <tag k="traffic_signals:vibration" v="no"/>
  </node>
  <node id="6258312942" lat="48.8735747" lon="2.2926917">
    <tag k="button_operated" v="no"/>
    <tag k="crossing" v="traffic_signals"/>
    <tag k="crossing:island" v="no"/>
    <tag k="crossing:markings" v="zebra"/>
    <tag k="highway" v="crossing"/>
    <tag k="kerb" v="lowered"/>
    <tag k="tactile_paving" v="yes"/>
    <tag k="traffic_signals:sound" v="yes"/>
    <tag k="traffic_signals:vibration" v="no"/>
  </node>
  <node id="6258325499" lat="48.8735971" lon="2.2928851">
    <tag k="button_operated" v="no"/>
    <tag k="crossing" v="traffic_signals"/>
    <tag k="crossing:island" v="no"/>
    <tag k="crossing:markings" v="zebra"/>
    <tag k="highway" v="crossing"/>
    <tag k="kerb" v="lowered"/>
    <tag k="tactile_paving" v="yes"/>
    <tag k="traffic_signals:sound" v="yes"/>
    <tag k="traffic_signals:vibration" v="no"/>
  </node>
  <node id="6258326806" lat="48.8737237" lon="2.2927568">
    <tag k="button_operated" v="no"/>
    <tag k="crossing" v="traffic_signals"/>
    <tag k="crossing:island" v="no"/>
    <tag k="crossing:markings" v="zebra"/>
    <tag k="highway" v="crossing"/>
    <tag k="kerb" v="lowered"/>
    <tag k="tactile_paving" v="yes"/>
    <tag k="traffic_signals:sound" v="yes"/>
  </node>
  <node id="6258328219" lat="48.8742019" lon="2.2928449">
    <tag k="button_operated" v="no"/>
    <tag k="crossing" v="traffic_signals"/>
    <tag k="crossing:island" v="no"/>
    <tag k="crossing:markings" v="zebra"/>
    <tag k="highway" v="crossing"/>
    <tag k="kerb" v="lowered"/>
    <tag k="tactile_paving" v="yes"/>
    <tag k="traffic_signals:sound" v="yes"/>
    <tag k="traffic_signals:vibration" v="no"/>
  </node>
  <node id="6258334339" lat="48.8749963" lon="2.2939272">
    <tag k="crossing" v="traffic_signals"/>
    <tag k="crossing:island" v="no"/>
    <tag k="crossing:markings" v="zebra"/>
    <tag k="crossing:signals" v="yes"/>
    <tag k="highway" v="crossing"/>
    <tag k="kerb" v="lowered"/>
    <tag k="traffic_signals:sound" v="yes"/>
  </node>
  <node id="6258334508" lat="48.8750060" lon="2.2937183">
    <tag k="button_operated" v="no"/>
    <tag k="crossing" v="traffic_signals"/>
    <tag k="crossing:island" v="no"/>
    <tag k="crossing:markings" v="zebra"/>
    <tag k="crossing:signals" v="yes"/>
    <tag k="highway" v="crossing"/>
    <tag k="kerb" v="lowered"/>
    <tag k="tactile_paving" v="no"/>
    <tag k="traffic_signals:sound" v="yes"/>
    <tag k="traffic_signals:vibration" v="no"/>
  </node>
  <node id="6258338527" lat="48.8751301" lon="2.2938158">
    <tag k="button_operated" v="no"/>
    <tag k="crossing" v="traffic_signals"/>
    <tag k="crossing:island" v="no"/>
    <tag k="crossing:markings" v="zebra"/>
    <tag k="crossing:signals" v="yes"/>
    <tag k="highway" v="crossing"/>
    <tag k="kerb" v="lowered"/>
    <tag k="tactile_paving" v="no"/>
    <tag k="traffic_signals:sound" v="yes"/>
    <tag k="traffic_signals:vibration" v="no"/>
  </node>
  <node id="6258340116" lat="48.8757220" lon="2.2933023">
    <tag k="crossing" v="traffic_signals"/>
    <tag k="crossing:markings" v="zebra"/>
    <tag k="highway" v="crossing"/>
    <tag k="kerb" v="lowered"/>
  </node>
  <node id="6258341125" lat="48.8757681" lon="2.2935600">
    <tag k="crossing" v="uncontrolled"/>
    <tag k="crossing:island" v="no"/>
    <tag k="crossing:markings" v="zebra"/>
    <tag k="highway" v="crossing"/>
    <tag k="kerb" v="lowered"/>
  </node>
  <node id="6260256966" lat="48.8736278" lon="2.2922976">
    <tag k="crossing" v="uncontrolled"/>
    <tag k="crossing:markings" v="zebra"/>
    <tag k="highway" v="crossing"/>
    <tag k="kerb" v="lowered"/>
    <tag k="tactile_paving" v="yes"/>
    <tag k="traffic_signals:sound" v="no"/>
  </node>
  <node id="6260279857" lat="48.8734197" lon="2.2922987">
    <tag k="crossing" v="traffic_signals"/>
    <tag k="crossing:island" v="no"/>
    <tag k="crossing:markings" v="zebra"/>
    <tag k="highway" v="crossing"/>
    <tag k="kerb" v="lowered"/>
    <tag k="traffic_signals:sound" v="yes"/>
  </node>
  <node id="6260288607" lat="48.8725317" lon="2.2941318">
    <tag k="button_operated" v="no"/>
    <tag k="crossing" v="traffic_signals"/>
    <tag k="crossing:island" v="no"/>
    <tag k="crossing:markings" v="zebra"/>
    <tag k="crossing:signals" v="yes"/>
    <tag k="highway" v="crossing"/>
    <tag k="kerb" v="lowered"/>
    <tag k="tactile_paving" v="yes"/>
    <tag k="traffic_signals:sound" v="yes"/>
  </node>
  <node id="6260288848" lat="48.8723327" lon="2.2939872">
    <tag k="button_operated" v="no"/>
    <tag k="crossing" v="traffic_signals"/>
    <tag k="crossing:island" v="no"/>
    <tag k="crossing:markings" v="zebra"/>
    <tag k="crossing:signals" v="yes"/>
    <tag k="highway" v="crossing"/>
    <tag k="kerb" v="lowered"/>
    <tag k="tactile_paving" v="yes"/>
    <tag k="traffic_signals:sound" v="no"/>
    <tag k="traffic_signals:vibration" v="no"/>
  </node>
  <node id="6260293310" lat="48.8723632" lon="2.2942569">
    <tag k="button_operated" v="no"/>
    <tag k="crossing" v="traffic_signals"/>
    <tag k="crossing:island" v="no"/>
    <tag k="crossing:markings" v="zebra"/>
    <tag k="crossing:signals" v="yes"/>
    <tag k="highway" v="crossing"/>
    <tag k="tactile_paving" v="yes"/>
    <tag k="traffic_signals:sound" v="yes"/>
  </node>
  <node id="6260345605" lat="48.8714033" lon="2.2932877">
    <tag k="crossing" v="uncontrolled"/>
    <tag k="crossing:island" v="no"/>
    <tag k="crossing:markings" v="zebra"/>
    <tag k="highway" v="crossing"/>
    <tag k="kerb" v="lowered"/>
    <tag k="tactile_paving" v="yes"/>
  </node>
  <node id="6260348168" lat="48.8714411" lon="2.2931569">
    <tag k="crossing" v="uncontrolled"/>
    <tag k="crossing:island" v="no"/>
    <tag k="crossing:markings" v="zebra"/>
    <tag k="highway" v="crossing"/>
    <tag k="kerb" v="lowered"/>
    <tag k="tactile_paving" v="yes"/>
  </node>
  <node id="6260349013" lat="48.8713795" lon="2.2933689">
    <tag k="crossing" v="uncontrolled"/>
    <tag k="crossing:island" v="no"/>
    <tag k="crossing:markings" v="zebra"/>
    <tag k="highway" v="crossing"/>
    <tag k="kerb" v="lowered"/>
    <tag k="tactile_paving" v="yes"/>
  </node>
  <node id="6260352577" lat="48.8712240" lon="2.2934222">
    <tag k="crossing" v="uncontrolled"/>
    <tag k="crossing:island" v="no"/>
    <tag k="crossing:markings" v="zebra"/>
    <tag k="highway" v="crossing"/>
    <tag k="kerb" v="lowered"/>
    <tag k="tactile_paving" v="yes"/>
  </node>
  <node id="6260353322" lat="48.8694883" lon="2.2917390">
    <tag k="crossing" v="marked"/>
    <tag k="crossing:markings" v="zebra"/>
    <tag k="highway" v="crossing"/>
    <tag k="kerb" v="lowered"/>
    <tag k="tactile_paving" v="yes"/>
  </node>
  <node id="6284856482" lat="48.8746251" lon="2.3030794"/>
  <node id="6306131375" lat="48.8707014" lon="2.2877632">
    <tag k="crossing" v="uncontrolled"/>
    <tag k="crossing:island" v="no"/>
    <tag k="crossing:markings" v="zebra"/>
    <tag k="highway" v="crossing"/>
    <tag k="kerb" v="lowered"/>
    <tag k="tactile_paving" v="yes"/>
  </node>
  <node id="6306189283" lat="48.8711284" lon="2.2887764">
    <tag k="crossing" v="traffic_signals"/>
    <tag k="crossing:island" v="no"/>
    <tag k="crossing:markings" v="zebra"/>
    <tag k="highway" v="crossing"/>
    <tag k="kerb" v="lowered"/>
    <tag k="tactile_paving" v="yes"/>
    <tag k="traffic_signals:sound" v="yes"/>
  </node>
  <node id="6306189502" lat="48.8712213" lon="2.2889963">
    <tag k="crossing" v="traffic_signals"/>
    <tag k="crossing:island" v="no"/>
    <tag k="crossing:markings" v="zebra"/>
    <tag k="highway" v="crossing"/>
    <tag k="kerb" v="lowered"/>
    <tag k="tactile_paving" v="yes"/>
    <tag k="traffic_signals:sound" v="yes"/>
  </node>
  <node id="6306207440" lat="48.8720005" lon="2.2908381">
    <tag k="crossing" v="uncontrolled"/>
    <tag k="crossing:island" v="no"/>
    <tag k="crossing:markings" v="zebra"/>
    <tag k="highway" v="crossing"/>
    <tag k="kerb" v="lowered"/>
    <tag k="tactile_paving" v="yes"/>
  </node>
  <node id="6306210399" lat="48.8725554" lon="2.2919017">
    <tag k="crossing" v="uncontrolled"/>
    <tag k="crossing:island" v="no"/>
    <tag k="crossing:markings" v="zebra"/>
    <tag k="highway" v="crossing"/>
    <tag k="kerb" v="lowered"/>
    <tag k="tactile_paving" v="yes"/>
  </node>
  <node id="6306211158" lat="48.8725134" lon="2.2920504">
    <tag k="crossing" v="uncontrolled"/>
    <tag k="crossing:island" v="no"/>
    <tag k="crossing:markings" v="zebra"/>
    <tag k="highway" v="crossing"/>
    <tag k="kerb" v="lowered"/>
    <tag k="tactile_paving" v="yes"/>
  </node>
  <node id="6347770450" lat="48.8715994" lon="2.2935956"/>
  <node id="6347770451" lat="48.8716411" lon="2.2936270">
    <tag k="artist_name" v="Guimard"/>
    <tag k="check_date:wheelchair" v="2024-12-14"/>
    <tag k="name" v="Avenue des Portugais"/>
    <tag k="railway" v="subway_entrance"/>
    <tag k="ref" v="2"/>
    <tag k="wheelchair" v="no"/>
  </node>
  <node id="6347770452" lat="48.8716726" lon="2.2933715"/>
  <node id="6347770453" lat="48.8717143" lon="2.2934029">
    <tag k="artist_name" v="Guimard"/>
    <tag k="check_date:wheelchair" v="2024-07-13"/>
    <tag k="name" v="Avenue Kléber"/>
    <tag k="railway" v="subway_entrance"/>
    <tag k="ref" v="1"/>
    <tag k="wheelchair" v="no"/>
  </node>
  <node id="6352024905" lat="48.8704978" lon="2.2974066"/>
  <node id="6352024906" lat="48.8705098" lon="2.2974517"/>
  <node id="6370024886" lat="48.8751081" lon="2.2960024"/>
  <node id="6370024887" lat="48.8745654" lon="2.2969309"/>
  <node id="6370024889" lat="48.8739714" lon="2.2972436"/>
  <node id="6370024890" lat="48.8733096" lon="2.2971609">
    <tag k="button_operated" v="no"/>
    <tag k="crossing" v="traffic_signals"/>
    <tag k="crossing:island" v="no"/>
    <tag k="crossing:markings" v="zebra"/>
    <tag k="crossing:signals" v="yes"/>
    <tag k="highway" v="crossing"/>
  </node>
  <node id="6370024892" lat="48.8723111" lon="2.2952665"/>
  <node id="6370024893" lat="48.8724480" lon="2.2940726"/>
  <node id="6370024894" lat="48.8735899" lon="2.2928220"/>
  <node id="6370024895" lat="48.8744195" lon="2.2930171"/>
  <node id="6370024896" lat="48.8731041" lon="2.2930513">
    <tag k="highway" v="traffic_signals"/>
    <tag k="traffic_signals" v="signal"/>
    <tag k="traffic_signals:direction" v="forward"/>
  </node>
  <node id="6370024897" lat="48.8731938" lon="2.2929846"/>
  <node id="6370024898" lat="48.8733070" lon="2.2929176"/>
  <node id="6370024899" lat="48.8734210" lon="2.2928642"/>
  <node id="6370024900" lat="48.8735070" lon="2.2928398"/>
  <node id="6370024901" lat="48.8736585" lon="2.2928079"/>
  <node id="6370024902" lat="48.8737791" lon="2.2927975"/>
  <node id="6370024903" lat="48.8738966" lon="2.2928029"/>
  <node id="6370024904" lat="48.8740190" lon="2.2928257"/>
  <node id="6370024905" lat="48.8741675" lon="2.2928752">
    <tag k="highway" v="traffic_signals"/>
    <tag k="traffic_signals" v="signal"/>
    <tag k="traffic_signals:direction" v="backward"/>
  </node>
  <node id="6370024906" lat="48.8742296" lon="2.2929041"/>
  <node id="6370024907" lat="48.8743593" lon="2.2929772"/>
  <node id="6370024908" lat="48.8744792" lon="2.2930698"/>
  <node id="6370024909" lat="48.8745774" lon="2.2931533"/>
  <node id="6370024910" lat="48.8746722" lon="2.2932525"/>
  <node id="6370024911" lat="48.8747690" lon="2.2933639"/>
  <node id="6370024912" lat="48.8748526" lon="2.2934976"/>
  <node id="6370024913" lat="48.8749300" lon="2.2936327"/>
  <node id="6370024914" lat="48.8749990" lon="2.2937742"/>
  <node id="6370024915" lat="48.8750737" lon="2.2939613"/>
  <node id="6370024916" lat="48.8751189" lon="2.2940987">
    <tag k="highway" v="traffic_signals"/>
    <tag k="traffic_signals" v="signal"/>
    <tag k="traffic_signals:direction" v="forward"/>
  </node>
  <node id="6370024917" lat="48.8751657" lon="2.2942687"/>
  <node id="6370024918" lat="48.8752023" lon="2.2944427"/>
  <node id="6370024919" lat="48.8752332" lon="2.2946643"/>
  <node id="6370024920" lat="48.8752579" lon="2.2949892">
    <tag k="highway" v="traffic_signals"/>
    <tag k="traffic_signals" v="signal"/>
    <tag k="traffic_signals:direction" v="forward"/>
  </node>
  <node id="6370024921" lat="48.8752545" lon="2.2951559"/>
  <node id="6370024922" lat="48.8752431" lon="2.2953349"/>
  <node id="6370024923" lat="48.8752230" lon="2.2955096"/>
  <node id="6370024924" lat="48.8751921" lon="2.2956802"/>
  <node id="6370024925" lat="48.8751500" lon="2.2958529"/>
  <node id="6370024926" lat="48.8750887" lon="2.2960675"/>
  <node id="6370024927" lat="48.8750415" lon="2.2962204">
    <tag k="highway" v="traffic_signals"/>
    <tag k="traffic_signals" v="signal"/>
    <tag k="traffic_signals:direction" v="forward"/>
  </node>
  <node id="6370024928" lat="48.8749930" lon="2.2963303"/>
  <node id="6370024929" lat="48.8749293" lon="2.2964524"/>
  <node id="6370024930" lat="48.8748437" lon="2.2966016"/>
  <node id="6370024931" lat="48.8747538" lon="2.2967223"/>
  <node id="6370024932" lat="48.8746656" lon="2.2968286"/>
  <node id="6370024933" lat="48.8745196" lon="2.2969704"/>
  <node id="6370024934" lat="48.8744283" lon="2.2970552">
    <tag k="highway" v="traffic_signals"/>
    <tag k="traffic_signals" v="signal"/>
    <tag k="traffic_signals:direction" v="forward"/>
  </node>
  <node id="6370024935" lat="48.8743531" lon="2.2971072"/>
  <node id="6370024936" lat="48.8742300" lon="2.2971813"/>
  <node id="6370024937" lat="48.8740949" lon="2.2972243">
    <tag k="highway" v="traffic_signals"/>
    <tag k="traffic_signals" v="signal"/>
    <tag k="traffic_signals:direction" v="backward"/>
  </node>
  <node id="6370024939" lat="48.8738685" lon="2.2972651">
    <tag k="crossing" v="traffic_signals"/>
    <tag k="crossing:island" v="no"/>
    <tag k="crossing:markings" v="zebra"/>
    <tag k="crossing:signals" v="yes"/>
    <tag k="highway" v="crossing"/>
  </node>
  <node id="6370024940" lat="48.8737947" lon="2.2972741"/>
  <node id="6370024941" lat="48.8736746" lon="2.2972704"/>
  <node id="6370024942" lat="48.8735588" lon="2.2972530"/>
  <node id="6370024943" lat="48.8734432" lon="2.2972208">
    <tag k="highway" v="traffic_signals"/>
    <tag k="traffic_signals" v="signal"/>
    <tag k="traffic_signals:direction" v="backward"/>
  </node>
  <node id="6370024948" lat="48.8729087" lon="2.2968487"/>
  <node id="6370024949" lat="48.8728152" lon="2.2967421"/>
  <node id="6370024950" lat="48.8727263" lon="2.2966146"/>
  <node id="6370024951" lat="48.8726504" lon="2.2964923"/>
  <node id="6370024952" lat="48.8725781" lon="2.2963505"/>
  <node id="6370024953" lat="48.8724560" lon="2.2960407"/>
  <node id="6370024954" lat="48.8724073" lon="2.2958744"/>
  <node id="6370024955" lat="48.8723676" lon="2.2957026"/>
  <node id="6370024956" lat="48.8723403" lon="2.2955453">
    <tag k="highway" v="traffic_signals"/>
    <tag k="traffic_signals" v="signal"/>
    <tag k="traffic_signals:direction" v="backward"/>
  </node>
  <node id="6370024957" lat="48.8723162" lon="2.2953472"/>
  <node id="6370024958" lat="48.8723048" lon="2.2951660"/>
  <node id="6370024959" lat="48.8723031" lon="2.2949839"/>
  <node id="6370024960" lat="48.8723110" lon="2.2948023"/>
  <node id="6370024961" lat="48.8723287" lon="2.2946222"/>
  <node id="6370024962" lat="48.8723472" lon="2.2944873"/>
  <node id="6370024963" lat="48.8723906" lon="2.2942737">
    <tag k="button_operated" v="no"/>
    <tag k="crossing" v="traffic_signals"/>
    <tag k="crossing:island" v="no"/>
    <tag k="crossing:markings" v="zebra"/>
    <tag k="highway" v="crossing"/>
  </node>
  <node id="6370024964" lat="48.8724378" lon="2.2941030"/>
  <node id="6370024965" lat="48.8724935" lon="2.2939408"/>
  <node id="6370024966" lat="48.8725565" lon="2.2937873"/>
  <node id="6370024967" lat="48.8726271" lon="2.2936397"/>
  <node id="6370024968" lat="48.8727047" lon="2.2935033"/>
  <node id="6370024969" lat="48.8727916" lon="2.2933772"/>
  <node id="6370024970" lat="48.8728798" lon="2.2932690">
    <tag k="highway" v="traffic_signals"/>
    <tag k="traffic_signals" v="signal"/>
    <tag k="traffic_signals:direction" v="backward"/>
  </node>
  <node id="6370024971" lat="48.8725124" lon="2.2961977"/>
  <node id="6370024972" lat="48.8729832" lon="2.2931620"/>
  <node id="6370024973" lat="48.8752477" lon="2.2947981"/>
  <node id="6370165392" lat="48.8750475" lon="2.2938846"/>
  <node id="6409689185" lat="48.8710753" lon="2.3007102">
    <tag k="crossing" v="uncontrolled"/>
    <tag k="crossing:island" v="no"/>
    <tag k="crossing:markings" v="zebra"/>
    <tag k="crossing:signals" v="no"/>
    <tag k="highway" v="crossing"/>
    <tag k="kerb" v="lowered"/>
  </node>
  <node id="6409691862" lat="48.8714198" lon="2.2999068">
    <tag k="crossing" v="uncontrolled"/>
    <tag k="crossing:island" v="no"/>
    <tag k="crossing:markings" v="zebra"/>
    <tag k="crossing:signals" v="no"/>
    <tag k="highway" v="crossing"/>
    <tag k="kerb" v="lowered"/>
  </node>
  <node id="6409692306" lat="48.8714433" lon="2.3000146">
    <tag k="crossing" v="uncontrolled"/>
    <tag k="crossing:island" v="no"/>
    <tag k="crossing:markings" v="zebra"/>
    <tag k="crossing:signals" v="no"/>
    <tag k="highway" v="crossing"/>
    <tag k="kerb" v="lowered"/>
  </node>
  <node id="6409692725" lat="48.8713506" lon="2.2999309">
    <tag k="crossing" v="uncontrolled"/>
    <tag k="crossing:island" v="no"/>
    <tag k="crossing:markings" v="zebra"/>
    <tag k="crossing:signals" v="no"/>
    <tag k="highway" v="crossing"/>
    <tag k="kerb" v="lowered"/>
  </node>
  <node id="6409695198" lat="48.8713667" lon="2.3000486">
    <tag k="crossing" v="uncontrolled"/>
    <tag k="crossing:island" v="no"/>
    <tag k="crossing:markings" v="zebra"/>
    <tag k="crossing:signals" v="no"/>
    <tag k="highway" v="crossing"/>
    <tag k="kerb" v="lowered"/>
    <tag k="tactile_paving" v="yes"/>
  </node>
  <node id="6409727623" lat="48.8765424" lon="2.2924037">
    <tag k="crossing" v="uncontrolled"/>
    <tag k="crossing:island" v="no"/>
    <tag k="crossing:markings" v="zebra"/>
    <tag k="highway" v="crossing"/>
    <tag k="kerb" v="lowered"/>
    <tag k="tactile_paving" v="yes"/>
  </node>
  <node id="6409735118" lat="48.8724151" lon="2.2966973"/>
  <node id="6409735119" lat="48.8724139" lon="2.2967776"/>
  <node id="6409735120" lat="48.8724190" lon="2.2967164"/>
  <node id="6409735121" lat="48.8724184" lon="2.2967599"/>
  <node id="6409737788" lat="48.8755553" lon="2.2934469">
    <tag k="crossing:markings" v="zebra"/>
    <tag k="highway" v="crossing"/>
    <tag k="kerb" v="lowered"/>
  </node>
  <node id="6409741222" lat="48.8763804" lon="2.2924593">
    <tag k="crossing" v="uncontrolled"/>
    <tag k="crossing:island" v="no"/>
    <tag k="crossing:markings" v="zebra"/>
    <tag k="highway" v="crossing"/>
    <tag k="kerb" v="lowered"/>
    <tag k="tactile_paving" v="yes"/>
  </node>
  <node id="6412021717" lat="48.8733665" lon="2.2861562">
    <tag k="crossing" v="uncontrolled"/>
    <tag k="crossing:island" v="no"/>
    <tag k="crossing:markings" v="zebra"/>
    <tag k="highway" v="crossing"/>
    <tag k="kerb" v="lowered"/>
  </node>
  <node id="6454591230" lat="48.8748430" lon="2.2949450">
    <tag k="barrier" v="kerb"/>
    <tag k="kerb" v="lowered"/>
    <tag k="tactile_paving" v="yes"/>
  </node>
  <node id="6454591231" lat="48.8748268" lon="2.2947684">
    <tag k="barrier" v="kerb"/>
    <tag k="kerb" v="lowered"/>
    <tag k="tactile_paving" v="yes"/>
  </node>
  <node id="6454591232" lat="48.8747096" lon="2.2942675">
    <tag k="barrier" v="kerb"/>
    <tag k="kerb" v="lowered"/>
    <tag k="tactile_paving" v="yes"/>
  </node>
  <node id="6454591233" lat="48.8746393" lon="2.2941084">
    <tag k="barrier" v="kerb"/>
    <tag k="kerb" v="lowered"/>
    <tag k="tactile_paving" v="yes"/>
  </node>
  <node id="6454591234" lat="48.8743414" lon="2.2936795">
    <tag k="barrier" v="kerb"/>
    <tag k="kerb" v="lowered"/>
    <tag k="tactile_paving" v="yes"/>
  </node>
  <node id="6454591235" lat="48.8741253" lon="2.2935226">
    <tag k="barrier" v="kerb"/>
    <tag k="kerb" v="lowered"/>
    <tag k="tactile_paving" v="yes"/>
  </node>
  <node id="6454591236" lat="48.8737313" lon="2.2934440">
    <tag k="barrier" v="kerb"/>
    <tag k="kerb" v="lowered"/>
    <tag k="tactile_paving" v="yes"/>
  </node>
  <node id="6454591237" lat="48.8735889" lon="2.2934829">
    <tag k="barrier" v="kerb"/>
    <tag k="kerb" v="lowered"/>
    <tag k="tactile_paving" v="yes"/>
  </node>
  <node id="6454591238" lat="48.8732552" lon="2.2936341">
    <tag k="barrier" v="kerb"/>
    <tag k="kerb" v="lowered"/>
    <tag k="tactile_paving" v="yes"/>
  </node>
  <node id="6454591239" lat="48.8731576" lon="2.2937400">
    <tag k="barrier" v="kerb"/>
    <tag k="kerb" v="lowered"/>
    <tag k="tactile_paving" v="yes"/>
  </node>
  <node id="6454591240" lat="48.8728387" lon="2.2942583">
    <tag k="barrier" v="kerb"/>
    <tag k="kerb" v="lowered"/>
    <tag k="tactile_paving" v="yes"/>
  </node>
  <node id="6454591241" lat="48.8727889" lon="2.2944179">
    <tag k="barrier" v="kerb"/>
    <tag k="kerb" v="lowered"/>
    <tag k="tactile_paving" v="yes"/>
  </node>
  <node id="6454591242" lat="48.8727316" lon="2.2953009">
    <tag k="barrier" v="kerb"/>
    <tag k="kerb" v="lowered"/>
    <tag k="tactile_paving" v="yes"/>
  </node>
  <node id="6454591243" lat="48.8727166" lon="2.2951249">
    <tag k="barrier" v="kerb"/>
    <tag k="kerb" v="lowered"/>
    <tag k="tactile_paving" v="yes"/>
  </node>
  <node id="6454591244" lat="48.8728991" lon="2.2959799">
    <tag k="barrier" v="kerb"/>
    <tag k="kerb" v="lowered"/>
    <tag k="tactile_paving" v="yes"/>
  </node>
  <node id="6454591245" lat="48.8728352" lon="2.2958134">
    <tag k="barrier" v="kerb"/>
    <tag k="kerb" v="raised"/>
    <tag k="tactile_paving" v="yes"/>
  </node>
  <node id="6454591246" lat="48.8739679" lon="2.2966454">
    <tag k="barrier" v="kerb"/>
    <tag k="kerb" v="lowered"/>
    <tag k="tactile_paving" v="yes"/>
  </node>
  <node id="6454591247" lat="48.8738420" lon="2.2966707">
    <tag k="barrier" v="kerb"/>
    <tag k="kerb" v="lowered"/>
    <tag k="tactile_paving" v="yes"/>
  </node>
  <node id="6454591248" lat="48.8743958" lon="2.2963513">
    <tag k="barrier" v="kerb"/>
    <tag k="kerb" v="lowered"/>
    <tag k="tactile_paving" v="yes"/>
  </node>
  <node id="6454591249" lat="48.8742982" lon="2.2964532">
    <tag k="barrier" v="kerb"/>
    <tag k="kerb" v="lowered"/>
    <tag k="tactile_paving" v="yes"/>
  </node>
  <node id="6475593343" lat="48.8729777" lon="2.2969172">
    <tag k="button_operated" v="no"/>
    <tag k="crossing" v="traffic_signals"/>
    <tag k="crossing:island" v="no"/>
    <tag k="crossing:markings" v="zebra"/>
    <tag k="highway" v="crossing"/>
  </node>
  <node id="6736481995" lat="48.8731280" lon="2.2970824"/>
  <node id="6736492392" lat="48.8732236" lon="2.2971489">
    <tag k="crossing" v="unmarked"/>
    <tag k="crossing:markings" v="no"/>
    <tag k="highway" v="crossing"/>
  </node>
  <node id="6736492393" lat="48.8732352" lon="2.2971123"/>
  <node id="6736492394" lat="48.8730379" lon="2.2970116"/>
  <node id="6736492395" lat="48.8730503" lon="2.2969728"/>
  <node id="6786247262" lat="48.8716018" lon="2.2793300">
    <tag k="crossing" v="uncontrolled"/>
    <tag k="crossing:island" v="no"/>
    <tag k="crossing:markings" v="zebra"/>
    <tag k="highway" v="crossing"/>
  </node>
  <node id="6786286917" lat="48.8717799" lon="2.2810221">
    <tag k="crossing" v="uncontrolled"/>
    <tag k="crossing:island" v="no"/>
    <tag k="crossing:markings" v="zebra"/>
    <tag k="highway" v="crossing"/>
  </node>
  <node id="6786287125" lat="48.8719573" lon="2.2825987">
    <tag k="crossing" v="uncontrolled"/>
    <tag k="crossing:island" v="no"/>
    <tag k="crossing:markings" v="zebra"/>
    <tag k="highway" v="crossing"/>
  </node>
  <node id="6786355524" lat="48.8714409" lon="2.2778232">
    <tag k="crossing" v="uncontrolled"/>
    <tag k="crossing:island" v="no"/>
    <tag k="crossing:markings" v="zebra"/>
    <tag k="crossing:signals" v="no"/>
    <tag k="highway" v="crossing"/>
    <tag k="tactile_paving" v="no"/>
  </node>
  <node id="6786375528" lat="48.8713755" lon="2.2772906">
    <tag k="crossing" v="uncontrolled"/>
    <tag k="crossing:island" v="no"/>
    <tag k="crossing:markings" v="zebra"/>
    <tag k="crossing:signals" v="no"/>
    <tag k="highway" v="crossing"/>
    <tag k="tactile_paving" v="yes"/>
  </node>
  <node id="6788636941" lat="48.8772960" lon="2.2946406">
    <tag k="crossing" v="uncontrolled"/>
    <tag k="crossing:island" v="no"/>
    <tag k="crossing:markings" v="zebra"/>
    <tag k="highway" v="crossing"/>
    <tag k="traffic_sign" v="FR:B30"/>
  </node>
  <node id="6788644948" lat="48.8763899" lon="2.2969281">
    <tag k="crossing" v="uncontrolled"/>
    <tag k="crossing:markings" v="zebra"/>
    <tag k="highway" v="crossing"/>
    <tag k="tactile_paving" v="yes"/>
  </node>
  <node id="6788845861" lat="48.8759684" lon="2.2964045">
    <tag k="button_operated" v="no"/>
    <tag k="crossing" v="traffic_signals"/>
    <tag k="crossing:markings" v="zebra"/>
    <tag k="crossing:signals" v="yes"/>
    <tag k="highway" v="crossing"/>
    <tag k="tactile_paving" v="yes"/>
    <tag k="traffic_signals:sound" v="yes"/>
  </node>
  <node id="6788861526" lat="48.8758402" lon="2.2965316">
    <tag k="crossing" v="traffic_signals"/>
    <tag k="crossing:island" v="yes"/>
    <tag k="crossing:markings" v="zebra"/>
    <tag k="crossing:signals" v="yes"/>
    <tag k="highway" v="crossing"/>
    <tag k="tactile_paving" v="yes"/>
  </node>
  <node id="6788865717" lat="48.8759880" lon="2.2966395">
    <tag k="crossing" v="traffic_signals"/>
    <tag k="crossing:island" v="yes"/>
    <tag k="crossing:markings" v="zebra"/>
    <tag k="crossing:signals" v="yes"/>
    <tag k="highway" v="crossing"/>
    <tag k="tactile_paving" v="yes"/>
  </node>
  <node id="6788917774" lat="48.8745407" lon="2.2968715">
    <tag k="button_operated" v="no"/>
    <tag k="crossing" v="traffic_signals"/>
    <tag k="crossing:island" v="no"/>
    <tag k="crossing:markings" v="zebra"/>
    <tag k="crossing:signals" v="yes"/>
    <tag k="highway" v="crossing"/>
    <tag k="tactile_paving" v="yes"/>
    <tag k="traffic_signals:sound" v="yes"/>
  </node>
  <node id="6788918924" lat="48.8751991" lon="2.2960695">
    <tag k="crossing" v="traffic_signals"/>
    <tag k="crossing:island" v="yes"/>
    <tag k="crossing:signals" v="yes"/>
    <tag k="highway" v="crossing"/>
    <tag k="tactile_paving" v="yes"/>
  </node>
  <node id="6788923814" lat="48.8751856" lon="2.2958404">
    <tag k="button_operated" v="no"/>
    <tag k="crossing" v="traffic_signals"/>
    <tag k="crossing:island" v="no"/>
    <tag k="crossing:markings" v="zebra"/>
    <tag k="crossing:signals" v="yes"/>
    <tag k="highway" v="crossing"/>
    <tag k="tactile_paving" v="yes"/>
    <tag k="traffic_signals:sound" v="yes"/>
  </node>
  <node id="6788924033" lat="48.8754367" lon="2.2960336">
    <tag k="crossing" v="uncontrolled"/>
    <tag k="crossing:island" v="no"/>
    <tag k="crossing:markings" v="zebra"/>
    <tag k="crossing:signals" v="no"/>
    <tag k="highway" v="crossing"/>
    <tag k="tactile_paving" v="yes"/>
  </node>
  <node id="6788929236" lat="48.8746167" lon="2.2970538">
    <tag k="crossing" v="traffic_signals"/>
    <tag k="crossing:island" v="no"/>
    <tag k="crossing:markings" v="zebra"/>
    <tag k="crossing:signals" v="yes"/>
    <tag k="highway" v="crossing"/>
    <tag k="tactile_paving" v="no"/>
  </node>
  <node id="6788935918" lat="48.8754145" lon="2.2964643">
    <tag k="crossing" v="uncontrolled"/>
    <tag k="crossing:island" v="no"/>
    <tag k="crossing:markings" v="zebra"/>
    <tag k="crossing:signals" v="no"/>
    <tag k="highway" v="crossing"/>
    <tag k="tactile_paving" v="yes"/>
  </node>
  <node id="6789044663" lat="48.8711023" lon="2.2971368">
    <tag k="crossing" v="traffic_signals"/>
    <tag k="crossing:island" v="no"/>
    <tag k="crossing:markings" v="zebra"/>
    <tag k="crossing:signals" v="yes"/>
    <tag k="highway" v="crossing"/>
    <tag k="tactile_paving" v="yes"/>
    <tag k="traffic_signals:sound" v="yes"/>
  </node>
  <node id="6789044960" lat="48.8711228" lon="2.2977510">
    <tag k="button_operated" v="no"/>
    <tag k="crossing" v="traffic_signals"/>
    <tag k="crossing:markings" v="zebra"/>
    <tag k="crossing:signals" v="yes"/>
    <tag k="highway" v="crossing"/>
    <tag k="traffic_signals:sound" v="yes"/>
  </node>
  <node id="6789045581" lat="48.8712169" lon="2.2972765">
    <tag k="button_operated" v="no"/>
    <tag k="crossing" v="traffic_signals"/>
    <tag k="crossing:markings" v="zebra"/>
    <tag k="crossing:signals" v="yes"/>
    <tag k="highway" v="crossing"/>
    <tag k="tactile_paving" v="yes"/>
  </node>
  <node id="6789065199" lat="48.8707569" lon="2.2972945">
    <tag k="crossing" v="traffic_signals"/>
    <tag k="crossing:markings" v="zebra"/>
    <tag k="crossing:signals" v="yes"/>
    <tag k="highway" v="crossing"/>
    <tag k="traffic_signals:sound" v="yes"/>
  </node>
  <node id="6789067000" lat="48.8707928" lon="2.2975910">
    <tag k="crossing" v="traffic_signals"/>
    <tag k="crossing:island" v="no"/>
    <tag k="crossing:markings" v="zebra"/>
    <tag k="crossing:signals" v="yes"/>
    <tag k="highway" v="crossing"/>
    <tag k="traffic_signals:sound" v="no"/>
  </node>
  <node id="6789068514" lat="48.8702187" lon="2.2966493">
    <tag k="crossing" v="uncontrolled"/>
    <tag k="crossing:markings" v="zebra"/>
    <tag k="crossing:signals" v="no"/>
    <tag k="highway" v="crossing"/>
  </node>
  <node id="6789069743" lat="48.8695252" lon="2.2983427">
    <tag k="crossing" v="traffic_signals"/>
    <tag k="crossing:island" v="no"/>
    <tag k="crossing:markings" v="zebra"/>
    <tag k="crossing:signals" v="yes"/>
    <tag k="highway" v="crossing"/>
  </node>
  <node id="6789070572" lat="48.8710199" lon="2.2974418">
    <tag k="button_operated" v="no"/>
    <tag k="crossing" v="traffic_signals"/>
    <tag k="crossing:markings" v="zebra"/>
    <tag k="crossing:signals" v="yes"/>
    <tag k="highway" v="crossing"/>
    <tag k="tactile_paving" v="yes"/>
  </node>
  <node id="6789070846" lat="48.8707770" lon="2.2974109"/>
  <node id="6789075560" lat="48.8708604" lon="2.2977419">
    <tag k="crossing" v="uncontrolled"/>
    <tag k="crossing:island" v="no"/>
    <tag k="crossing:markings" v="zebra"/>
    <tag k="crossing:signals" v="no"/>
    <tag k="highway" v="crossing"/>
  </node>
  <node id="6789077089" lat="48.8701493" lon="2.2966681">
    <tag k="crossing" v="uncontrolled"/>
    <tag k="crossing:markings" v="zebra"/>
    <tag k="crossing:signals" v="no"/>
    <tag k="highway" v="crossing"/>
  </node>
  <node id="6789077224" lat="48.8709039" lon="2.2977150"/>
  <node id="6789087539" lat="48.8698748" lon="2.2984187">
    <tag k="button_operated" v="no"/>
    <tag k="crossing" v="traffic_signals"/>
    <tag k="crossing:markings" v="zebra"/>
    <tag k="crossing:signals" v="yes"/>
    <tag k="highway" v="crossing"/>
    <tag k="tactile_paving" v="yes"/>
    <tag k="traffic_signals:sound" v="yes"/>
  </node>
  <node id="6789090392" lat="48.8697822" lon="2.2981863">
    <tag k="crossing" v="traffic_signals"/>
    <tag k="crossing:island" v="no"/>
    <tag k="crossing:markings" v="zebra"/>
    <tag k="crossing:signals" v="yes"/>
    <tag k="highway" v="crossing"/>
    <tag k="tactile_paving" v="no"/>
    <tag k="traffic_signals:sound" v="no"/>
  </node>
  <node id="6803040452" lat="48.8708719" lon="2.2994315">
    <tag k="crossing" v="uncontrolled"/>
    <tag k="crossing:island" v="no"/>
    <tag k="crossing:markings" v="zebra"/>
    <tag k="crossing:signals" v="no"/>
    <tag k="highway" v="crossing"/>
  </node>
  <node id="6803049313" lat="48.8710020" lon="2.2995646">
    <tag k="crossing" v="uncontrolled"/>
    <tag k="crossing:island" v="no"/>
    <tag k="crossing:markings" v="zebra"/>
    <tag k="crossing:signals" v="no"/>
    <tag k="highway" v="crossing"/>
  </node>
  <node id="6803050715" lat="48.8729220" lon="2.2913500">
    <tag k="crossing" v="uncontrolled"/>
    <tag k="crossing:island" v="no"/>
    <tag k="crossing:markings" v="zebra"/>
    <tag k="highway" v="crossing"/>
  </node>
  <node id="6803053502" lat="48.8729016" lon="2.2914573">
    <tag k="crossing" v="uncontrolled"/>
    <tag k="crossing:island" v="no"/>
    <tag k="crossing:markings" v="zebra"/>
    <tag k="highway" v="crossing"/>
  </node>
  <node id="6803057868" lat="48.8724877" lon="2.2873682">
    <tag k="crossing" v="uncontrolled"/>
    <tag k="crossing:island" v="no"/>
    <tag k="crossing:markings" v="zebra"/>
    <tag k="highway" v="crossing"/>
  </node>
  <node id="6803059706" lat="48.8698774" lon="2.3001907">
    <tag k="crossing" v="uncontrolled"/>
    <tag k="crossing:island" v="no"/>
    <tag k="crossing:markings" v="zebra"/>
    <tag k="crossing:signals" v="no"/>
    <tag k="highway" v="crossing"/>
    <tag k="tactile_paving" v="yes"/>
  </node>
  <node id="6803062500" lat="48.8709716" lon="2.2994475">
    <tag k="crossing" v="uncontrolled"/>
    <tag k="crossing:island" v="no"/>
    <tag k="crossing:markings" v="zebra"/>
    <tag k="crossing:signals" v="no"/>
    <tag k="highway" v="crossing"/>
  </node>
  <node id="6803068692" lat="48.8708993" lon="2.2995741">
    <tag k="crossing" v="uncontrolled"/>
    <tag k="crossing:island" v="no"/>
    <tag k="crossing:markings" v="zebra"/>
    <tag k="crossing:signals" v="no"/>
    <tag k="highway" v="crossing"/>
  </node>
  <node id="6829512109" lat="48.8737470" lon="2.3005078">
    <tag k="crossing" v="uncontrolled"/>
    <tag k="crossing:island" v="no"/>
    <tag k="crossing:markings" v="zebra"/>
    <tag k="highway" v="crossing"/>
    <tag k="tactile_paving" v="yes"/>
  </node>
  <node id="6829512111" lat="48.8736831" lon="2.3006346">
    <tag k="crossing" v="uncontrolled"/>
    <tag k="crossing:island" v="no"/>
    <tag k="crossing:markings" v="zebra"/>
    <tag k="highway" v="crossing"/>
    <tag k="tactile_paving" v="yes"/>
  </node>
  <node id="6892173227" lat="48.8763756" lon="2.3010141"/>
  <node id="6892173228" lat="48.8763580" lon="2.3010503"/>
  <node id="6892173229" lat="48.8762601" lon="2.3006661"/>
  <node id="6892173230" lat="48.8762274" lon="2.3006245"/>
  <node id="6892173231" lat="48.8745194" lon="2.2970586"/>
  <node id="6893513677" lat="48.8698485" lon="2.2961028">
    <tag k="crossing" v="uncontrolled"/>
    <tag k="crossing:island" v="no"/>
    <tag k="crossing:markings" v="zebra"/>
    <tag k="crossing:signals" v="no"/>
    <tag k="highway" v="crossing"/>
    <tag k="tactile_paving" v="yes"/>
  </node>
  <node id="6893514699" lat="48.8698560" lon="2.2962314">
    <tag k="crossing" v="uncontrolled"/>
    <tag k="crossing:markings" v="zebra"/>
    <tag k="crossing:signals" v="no"/>
    <tag k="highway" v="crossing"/>
    <tag k="tactile_paving" v="yes"/>
  </node>
  <node id="6893536091" lat="48.8700197" lon="2.2958078">
    <tag k="crossing" v="uncontrolled"/>
    <tag k="crossing:island" v="no"/>
    <tag k="crossing:markings" v="zebra"/>
    <tag k="highway" v="crossing"/>
    <tag k="tactile_paving" v="yes"/>
  </node>
  <node id="6893544381" lat="48.8698593" lon="2.2956886"/>
  <node id="6893544382" lat="48.8696335" lon="2.2957337">
    <tag k="crossing" v="uncontrolled"/>
    <tag k="crossing:markings" v="zebra"/>
    <tag k="highway" v="crossing"/>
  </node>
  <node id="6893552720" lat="48.8696414" lon="2.2959099">
    <tag k="crossing" v="uncontrolled"/>
    <tag k="crossing:markings" v="zebra"/>
    <tag k="highway" v="crossing"/>
    <tag k="tactile_paving" v="yes"/>
  </node>
  <node id="6896413907" lat="48.8721223" lon="2.2840397">
    <tag k="crossing" v="traffic_signals"/>
    <tag k="crossing:island" v="no"/>
    <tag k="crossing:markings" v="zebra"/>
    <tag k="highway" v="crossing"/>
  </node>
  <node id="6896435426" lat="48.8721815" lon="2.2845410">
    <tag k="crossing" v="uncontrolled"/>
    <tag k="crossing:island" v="no"/>
    <tag k="crossing:markings" v="zebra"/>
    <tag k="highway" v="crossing"/>
  </node>
  <node id="6896437813" lat="48.8705062" lon="2.2896861">
    <tag k="crossing" v="uncontrolled"/>
    <tag k="crossing:island" v="no"/>
    <tag k="crossing:markings" v="zebra"/>
    <tag k="highway" v="crossing"/>
  </node>
  <node id="6896446880" lat="48.8723047" lon="2.2856919">
    <tag k="crossing" v="uncontrolled"/>
    <tag k="crossing:island" v="no"/>
    <tag k="crossing:markings" v="zebra"/>
    <tag k="highway" v="crossing"/>
  </node>
  <node id="6900193196" lat="48.8762632" lon="2.3010051">
    <tag k="crossing" v="uncontrolled"/>
    <tag k="crossing:island" v="no"/>
    <tag k="crossing:markings" v="zebra"/>
    <tag k="highway" v="crossing"/>
    <tag k="tactile_paving" v="no"/>
  </node>
  <node id="6900199175" lat="48.8735705" lon="2.2880286">
    <tag k="crossing" v="uncontrolled"/>
    <tag k="crossing:island" v="no"/>
    <tag k="crossing:markings" v="zebra"/>
    <tag k="crossing:signals" v="no"/>
    <tag k="highway" v="crossing"/>
  </node>
  <node id="6900219268" lat="48.8738413" lon="2.2879427">
    <tag k="crossing" v="uncontrolled"/>
    <tag k="crossing:island" v="no"/>
    <tag k="crossing:markings" v="zebra"/>
    <tag k="highway" v="crossing"/>
  </node>
  <node id="6900262915" lat="48.8738225" lon="2.2903006">
    <tag k="crossing" v="uncontrolled"/>
    <tag k="crossing:island" v="no"/>
    <tag k="crossing:markings" v="zebra"/>
    <tag k="highway" v="crossing"/>
    <tag k="tactile_paving" v="no"/>
  </node>
  <node id="6900268444" lat="48.8740739" lon="2.2912486">
    <tag k="crossing" v="uncontrolled"/>
    <tag k="crossing:island" v="no"/>
    <tag k="crossing:markings" v="zebra"/>
    <tag k="highway" v="crossing"/>
  </node>
  <node id="6900273447" lat="48.8741711" lon="2.2897444">
    <tag k="crossing" v="uncontrolled"/>
    <tag k="crossing:island" v="no"/>
    <tag k="crossing:markings" v="zebra"/>
    <tag k="highway" v="crossing"/>
    <tag k="tactile_paving" v="yes"/>
  </node>
  <node id="6900283803" lat="48.8763164" lon="2.2930436">
    <tag k="crossing" v="uncontrolled"/>
    <tag k="crossing:island" v="no"/>
    <tag k="crossing:markings" v="zebra"/>
    <tag k="highway" v="crossing"/>
  </node>
  <node id="6900296777" lat="48.8741447" lon="2.2912070">
    <tag k="crossing" v="uncontrolled"/>
    <tag k="crossing:island" v="no"/>
    <tag k="crossing:markings" v="zebra"/>
    <tag k="highway" v="crossing"/>
    <tag k="tactile_paving" v="no"/>
  </node>
  <node id="6900296861" lat="48.8739523" lon="2.2911781">
    <tag k="crossing" v="uncontrolled"/>
    <tag k="crossing:island" v="no"/>
    <tag k="crossing:markings" v="zebra"/>
    <tag k="highway" v="crossing"/>
    <tag k="tactile_paving" v="yes"/>
  </node>
  <node id="6900297388" lat="48.8739122" lon="2.2910970">
    <tag k="crossing" v="uncontrolled"/>
    <tag k="crossing:island" v="no"/>
    <tag k="crossing:markings" v="zebra"/>
    <tag k="highway" v="crossing"/>
    <tag k="tactile_paving" v="no"/>
  </node>
  <node id="6900303198" lat="48.8738499" lon="2.2901784">
    <tag k="crossing" v="uncontrolled"/>
    <tag k="crossing:island" v="no"/>
    <tag k="crossing:markings" v="zebra"/>
    <tag k="highway" v="crossing"/>
    <tag k="tactile_paving" v="no"/>
  </node>
  <node id="6900304746" lat="48.8739028" lon="2.2912253"/>
  <node id="6900307622" lat="48.8766546" lon="2.2927167">
    <tag k="crossing" v="uncontrolled"/>
    <tag k="crossing:island" v="no"/>
    <tag k="crossing:markings" v="zebra"/>
    <tag k="highway" v="crossing"/>
  </node>
  <node id="6900309696" lat="48.8741688" lon="2.2913065">
    <tag k="crossing" v="uncontrolled"/>
    <tag k="crossing:island" v="no"/>
    <tag k="crossing:markings" v="zebra"/>
    <tag k="highway" v="crossing"/>
    <tag k="tactile_paving" v="no"/>
  </node>
  <node id="6900470715" lat="48.8752798" lon="2.2949520">
    <tag k="crossing" v="traffic_signals"/>
    <tag k="crossing:island" v="no"/>
    <tag k="crossing:markings" v="zebra"/>
    <tag k="crossing:signals" v="yes"/>
    <tag k="highway" v="crossing"/>
    <tag k="traffic_signals:sound" v="yes"/>
  </node>
  <node id="6900474603" lat="48.8751948" lon="2.2948071">
    <tag k="crossing" v="traffic_signals"/>
    <tag k="crossing:island" v="no"/>
    <tag k="crossing:markings" v="zebra"/>
    <tag k="crossing:signals" v="yes"/>
    <tag k="highway" v="crossing"/>
    <tag k="tactile_paving" v="no"/>
  </node>
  <node id="6900476601" lat="48.8753426" lon="2.2947808">
    <tag k="crossing" v="traffic_signals"/>
    <tag k="crossing:island" v="no"/>
    <tag k="crossing:markings" v="zebra"/>
    <tag k="crossing:signals" v="yes"/>
    <tag k="highway" v="crossing"/>
    <tag k="tactile_paving" v="no"/>
    <tag k="traffic_signals:sound" v="yes"/>
  </node>
  <node id="6900533970" lat="48.8767109" lon="2.2945397">
    <tag k="crossing" v="traffic_signals"/>
    <tag k="crossing:island" v="no"/>
    <tag k="crossing:markings" v="zebra"/>
    <tag k="highway" v="crossing"/>
    <tag k="traffic_signals:sound" v="yes"/>
  </node>
  <node id="6900563599" lat="48.8766217" lon="2.2943459">
    <tag k="crossing" v="traffic_signals"/>
    <tag k="crossing:island" v="no"/>
    <tag k="crossing:markings" v="zebra"/>
    <tag k="highway" v="crossing"/>
    <tag k="traffic_signals:sound" v="yes"/>
  </node>
  <node id="6900564302" lat="48.8764760" lon="2.2947923">
    <tag k="crossing" v="traffic_signals"/>
    <tag k="crossing:island" v="no"/>
    <tag k="crossing:markings" v="zebra"/>
    <tag k="highway" v="crossing"/>
    <tag k="tactile_paving" v="yes"/>
    <tag k="traffic_sign" v="FR:B51"/>
    <tag k="traffic_signals:sound" v="yes"/>
  </node>
  <node id="6996510784" lat="48.8744301" lon="2.3013676"/>
  <node id="6996510785" lat="48.8744387" lon="2.3014519"/>
  <node id="6999851389" lat="48.8691788" lon="2.2914448">
    <tag k="source" v="BDOrtho IGN"/>
    <tag k="tactile_paving" v="yes"/>
  </node>
  <node id="6999851404" lat="48.8691209" lon="2.2916437">
    <tag k="crossing" v="uncontrolled"/>
    <tag k="crossing:island" v="no"/>
    <tag k="crossing:markings" v="zebra"/>
    <tag k="highway" v="crossing"/>
    <tag k="kerb" v="lowered"/>
    <tag k="tactile_paving" v="yes"/>
    <tag k="traffic_signals:sound" v="no"/>
  </node>
  <node id="6999851405" lat="48.8693123" lon="2.2916680"/>
  <node id="6999851406" lat="48.8716080" lon="2.2933035"/>
  <node id="6999851407" lat="48.8716067" lon="2.2933336"/>
  <node id="6999851408" lat="48.8705133" lon="2.2924767"/>
  <node id="6999851409" lat="48.8693860" lon="2.2916646"/>
  <node id="7016290270" lat="48.8710403" lon="2.2942419">
    <tag k="crossing" v="uncontrolled"/>
    <tag k="crossing:island" v="no"/>
    <tag k="crossing:markings" v="zebra"/>
    <tag k="highway" v="crossing"/>
  </node>
  <node id="7016290271" lat="48.8708991" lon="2.2941373">
    <tag k="crossing" v="uncontrolled"/>
    <tag k="crossing:island" v="no"/>
    <tag k="crossing:markings" v="zebra"/>
    <tag k="highway" v="crossing"/>
  </node>
  <node id="7016290272" lat="48.8709255" lon="2.2942637">
    <tag k="crossing" v="uncontrolled"/>
    <tag k="crossing:island" v="no"/>
    <tag k="crossing:markings" v="zebra"/>
    <tag k="highway" v="crossing"/>
  </node>
  <node id="7016290273" lat="48.8708189" lon="2.2944551">
    <tag k="crossing" v="uncontrolled"/>
    <tag k="crossing:island" v="no"/>
    <tag k="crossing:markings" v="zebra"/>
    <tag k="highway" v="crossing"/>
  </node>
  <node id="7016290274" lat="48.8708395" lon="2.2945586">
    <tag k="crossing" v="uncontrolled"/>
    <tag k="crossing:island" v="no"/>
    <tag k="crossing:markings" v="zebra"/>
    <tag k="highway" v="crossing"/>
  </node>
  <node id="7016290275" lat="48.8707338" lon="2.2944824">
    <tag k="crossing" v="uncontrolled"/>
    <tag k="crossing:island" v="no"/>
    <tag k="crossing:markings" v="zebra"/>
    <tag k="highway" v="crossing"/>
  </node>
  <node id="7016290276" lat="48.8707414" lon="2.2945895">
    <tag k="crossing" v="uncontrolled"/>
    <tag k="crossing:island" v="no"/>
    <tag k="crossing:markings" v="zebra"/>
    <tag k="highway" v="crossing"/>
  </node>
  <node id="7016296617" lat="48.8711435" lon="2.2957217">
    <tag k="crossing" v="uncontrolled"/>
    <tag k="crossing:island" v="no"/>
    <tag k="crossing:markings" v="zebra"/>
    <tag k="highway" v="crossing"/>
    <tag k="tactile_paving" v="yes"/>
  </node>
  <node id="7016296618" lat="48.8706213" lon="2.2958150">
    <tag k="crossing" v="uncontrolled"/>
    <tag k="crossing:island" v="no"/>
    <tag k="crossing:markings" v="zebra"/>
    <tag k="highway" v="crossing"/>
    <tag k="tactile_paving" v="yes"/>
  </node>
  <node id="7016296619" lat="48.8710683" lon="2.2967012">
    <tag k="crossing" v="uncontrolled"/>
    <tag k="crossing:markings" v="zebra"/>
    <tag k="crossing:signals" v="no"/>
    <tag k="highway" v="crossing"/>
  </node>
  <node id="7016316003" lat="48.8716434" lon="2.2951629">
    <tag k="crossing" v="uncontrolled"/>
    <tag k="crossing:island" v="no"/>
    <tag k="crossing:markings" v="zebra"/>
    <tag k="highway" v="crossing"/>
  </node>
  <node id="7510528253" lat="48.8725181" lon="2.2986424">
    <tag k="button_operated" v="no"/>
    <tag k="crossing" v="uncontrolled"/>
    <tag k="crossing:island" v="no"/>
    <tag k="crossing:markings" v="zebra"/>
    <tag k="highway" v="crossing"/>
    <tag k="traffic_signals:sound" v="no"/>
  </node>
  <node id="7592211096" lat="48.8721161" lon="2.2953030"/>
  <node id="7847753433" lat="48.8742250" lon="2.2995154">
    <tag k="crossing" v="uncontrolled"/>
    <tag k="crossing:island" v="no"/>
    <tag k="crossing:markings" v="zebra"/>
    <tag k="highway" v="crossing"/>
    <tag k="source" v="BDOrtho IGN 2020"/>
    <tag k="tactile_paving" v="yes"/>
  </node>
  <node id="7966895611" lat="48.8703021" lon="2.2952103">
    <tag k="crossing" v="uncontrolled"/>
    <tag k="crossing:island" v="no"/>
    <tag k="crossing:markings" v="zebra"/>
    <tag k="highway" v="crossing"/>
  </node>
  <node id="7966895612" lat="48.8703942" lon="2.2951693">
    <tag k="crossing" v="uncontrolled"/>
    <tag k="crossing:island" v="no"/>
    <tag k="crossing:markings" v="zebra"/>
    <tag k="highway" v="crossing"/>
  </node>
  <node id="7966895613" lat="48.8703963" lon="2.2953772">
    <tag k="crossing" v="uncontrolled"/>
    <tag k="crossing:island" v="no"/>
    <tag k="crossing:markings" v="zebra"/>
    <tag k="highway" v="crossing"/>
  </node>
  <node id="7966895614" lat="48.8702755" lon="2.2953705">
    <tag k="crossing" v="uncontrolled"/>
    <tag k="crossing:island" v="no"/>
    <tag k="crossing:markings" v="zebra"/>
    <tag k="highway" v="crossing"/>
  </node>
  <node id="7966895615" lat="48.8705968" lon="2.2953912">
    <tag k="crossing" v="uncontrolled"/>
    <tag k="crossing:island" v="no"/>
    <tag k="crossing:markings" v="zebra"/>
    <tag k="highway" v="crossing"/>
    <tag k="tactile_paving" v="yes"/>
  </node>
  <node id="7966895616" lat="48.8706273" lon="2.2955549">
    <tag k="crossing" v="uncontrolled"/>
    <tag k="crossing:island" v="no"/>
    <tag k="crossing:markings" v="zebra"/>
    <tag k="highway" v="crossing"/>
    <tag k="tactile_paving" v="yes"/>
  </node>
  <node id="7977754608" lat="48.8739312" lon="2.2968832">
    <tag k="bus" v="yes"/>
    <tag k="name" v="Charles de Gaulle - Étoile - Friedland"/>
    <tag k="public_transport" v="stop_position"/>
  </node>
  <node id="7978832006" lat="48.8738766" lon="2.2963937">
    <tag k="bus" v="yes"/>
    <tag k="name" v="Charles de Gaulle - Étoile - Friedland"/>
    <tag k="public_transport" v="stop_position"/>
  </node>
  <node id="8120650055" lat="48.8721754" lon="2.2950769">
    <tag k="crossing" v="traffic_signals"/>
    <tag k="crossing:island" v="no"/>
    <tag k="crossing:markings" v="zebra"/>
    <tag k="crossing:signals" v="yes"/>
    <tag k="highway" v="crossing"/>
    <tag k="traffic_signals:sound" v="yes"/>
  </node>
  <node id="8120650056" lat="48.8721990" lon="2.2952868">
    <tag k="crossing" v="traffic_signals"/>
    <tag k="crossing:island" v="no"/>
    <tag k="crossing:markings" v="zebra"/>
    <tag k="crossing:signals" v="yes"/>
    <tag k="highway" v="crossing"/>
    <tag k="traffic_signals:sound" v="no"/>
  </node>
  <node id="8120650057" lat="48.8722482" lon="2.2954584">
    <tag k="crossing" v="uncontrolled"/>
    <tag k="crossing:island" v="no"/>
    <tag k="crossing:markings" v="zebra"/>
    <tag k="crossing:signals" v="no"/>
    <tag k="highway" v="crossing"/>
    <tag k="tactile_paving" v="yes"/>
  </node>
  <node id="8121108731" lat="48.8686965" lon="2.2988189"/>
  <node id="8121108732" lat="48.8687137" lon="2.2986299">
    <tag k="crossing" v="uncontrolled"/>
    <tag k="crossing:markings" v="zebra"/>
    <tag k="crossing:signals" v="no"/>
    <tag k="highway" v="crossing"/>
  </node>
  <node id="8130308290" lat="48.8745122" lon="2.2900363">
    <tag k="crossing" v="uncontrolled"/>
    <tag k="crossing:island" v="no"/>
    <tag k="crossing:markings" v="zebra"/>
    <tag k="highway" v="crossing"/>
    <tag k="tactile_paving" v="yes"/>
  </node>
  <node id="8130308293" lat="48.8696062" lon="2.2939096">
    <tag k="crossing" v="uncontrolled"/>
    <tag k="crossing:markings" v="zebra"/>
    <tag k="highway" v="crossing"/>
  </node>
  <node id="8130308294" lat="48.8696948" lon="2.2937476">
    <tag k="crossing" v="uncontrolled"/>
    <tag k="crossing:markings" v="zebra"/>
    <tag k="highway" v="crossing"/>
  </node>
  <node id="8143391109" lat="48.8739597" lon="2.2986026">
    <tag k="crossing" v="uncontrolled"/>
    <tag k="crossing:island" v="no"/>
    <tag k="crossing:markings" v="zebra"/>
    <tag k="crossing:signals" v="no"/>
    <tag k="highway" v="crossing"/>
    <tag k="tactile_paving" v="yes"/>
  </node>
  <node id="8143391110" lat="48.8742830" lon="2.2991130">
    <tag k="crossing" v="uncontrolled"/>
    <tag k="crossing:island" v="no"/>
    <tag k="crossing:markings" v="zebra"/>
    <tag k="highway" v="crossing"/>
    <tag k="tactile_paving" v="yes"/>
  </node>
  <node id="8143391111" lat="48.8741440" lon="2.2997319">
    <tag k="crossing" v="uncontrolled"/>
    <tag k="crossing:island" v="no"/>
    <tag k="crossing:markings" v="zebra"/>
    <tag k="highway" v="crossing"/>
    <tag k="tactile_paving" v="yes"/>
  </node>
  <node id="8143391115" lat="48.8749507" lon="2.3009421">
    <tag k="crossing" v="uncontrolled"/>
    <tag k="crossing:island" v="no"/>
    <tag k="highway" v="crossing"/>
  </node>
  <node id="8143391116" lat="48.8750129" lon="2.3003389">
    <tag k="crossing" v="uncontrolled"/>
    <tag k="crossing:island" v="no"/>
    <tag k="highway" v="crossing"/>
  </node>
  <node id="8143411217" lat="48.8749638" lon="2.3001844">
    <tag k="crossing" v="uncontrolled"/>
    <tag k="crossing:island" v="no"/>
    <tag k="highway" v="crossing"/>
  </node>
  <node id="8143411218" lat="48.8750198" lon="2.2976864">
    <tag k="crossing" v="uncontrolled"/>
    <tag k="crossing:island" v="no"/>
    <tag k="crossing:markings" v="zebra"/>
    <tag k="crossing:signals" v="no"/>
    <tag k="highway" v="crossing"/>
    <tag k="tactile_paving" v="yes"/>
  </node>
  <node id="8143411219" lat="48.8748543" lon="2.2972805">
    <tag k="crossing" v="uncontrolled"/>
    <tag k="crossing:island" v="no"/>
    <tag k="crossing:markings" v="zebra"/>
    <tag k="crossing:signals" v="no"/>
    <tag k="highway" v="crossing"/>
  </node>
  <node id="8143411220" lat="48.8763589" lon="2.3009125">
    <tag k="crossing" v="uncontrolled"/>
    <tag k="crossing:island" v="no"/>
    <tag k="crossing:markings" v="zebra"/>
    <tag k="highway" v="crossing"/>
    <tag k="tactile_paving" v="yes"/>
  </node>
  <node id="8143411224" lat="48.8762651" lon="2.2940037">
    <tag k="crossing" v="uncontrolled"/>
    <tag k="crossing:island" v="no"/>
    <tag k="crossing:markings" v="zebra"/>
    <tag k="highway" v="crossing"/>
  </node>
  <node id="8143411226" lat="48.8758945" lon="2.2933559">
    <tag k="crossing" v="uncontrolled"/>
    <tag k="crossing:island" v="no"/>
    <tag k="crossing:markings" v="zebra"/>
    <tag k="highway" v="crossing"/>
  </node>
  <node id="8143411227" lat="48.8768514" lon="2.2925608">
    <tag k="crossing" v="uncontrolled"/>
    <tag k="crossing:island" v="no"/>
    <tag k="crossing:markings" v="zebra"/>
    <tag k="highway" v="crossing"/>
  </node>
  <node id="8179861623" lat="48.8700559" lon="2.2862350"/>
  <node id="8407487258" lat="48.8764190" lon="2.2928979"/>
  <node id="8407487259" lat="48.8764368" lon="2.2926972"/>
  <node id="8461413590" lat="48.8722524" lon="2.3009475">
    <tag k="addr:housenumber" v="116"/>
  </node>
  <node id="8987468431" lat="48.8759528" lon="2.2963957"/>
  <node id="8987468432" lat="48.8759502" lon="2.2963942">
    <tag k="barrier" v="kerb"/>
    <tag k="kerb" v="lowered"/>
    <tag k="tactile_paving" v="yes"/>
  </node>
  <node id="8987468452" lat="48.8754604" lon="2.2960516">
    <tag k="barrier" v="kerb"/>
    <tag k="kerb" v="lowered"/>
  </node>
  <node id="8987468471" lat="48.8760332" lon="2.2965111"/>
  <node id="8987468874" lat="48.8752125" lon="2.2958574"/>
  <node id="8987468886" lat="48.8747031" lon="2.2958724">
    <tag k="barrier" v="kerb"/>
    <tag k="kerb" v="lowered"/>
    <tag k="tactile_paving" v="yes"/>
  </node>
  <node id="8987468887" lat="48.8747734" lon="2.2955942">
    <tag k="barrier" v="kerb"/>
    <tag k="kerb" v="lowered"/>
    <tag k="tactile_paving" v="yes"/>
  </node>
  <node id="8987468894" lat="48.8750265" lon="2.2961144">
    <tag k="barrier" v="kerb"/>
    <tag k="tactile_paving" v="yes"/>
  </node>
  <node id="8987468897" lat="48.8750346" lon="2.2961816">
    <tag k="barrier" v="kerb"/>
    <tag k="tactile_paving" v="yes"/>
  </node>
  <node id="8987468903" lat="48.8753688" lon="2.2961144"/>
  <node id="8987468905" lat="48.8763567" lon="2.2967565"/>
  <node id="9092818002" lat="48.8743635" lon="2.2964464">
    <tag k="highway" v="traffic_signals"/>
    <tag k="traffic_signals" v="signal"/>
    <tag k="traffic_signals:direction" v="backward"/>
  </node>
  <node id="9141401386" lat="48.8729537" lon="2.2969927">
    <tag k="barrier" v="kerb"/>
    <tag k="kerb" v="lowered"/>
    <tag k="tactile_paving" v="yes"/>
  </node>
  <node id="9410638597" lat="48.8714463" lon="2.2922201"/>
  <node id="9410638599" lat="48.8714791" lon="2.2921524">
    <tag k="access" v="private"/>
    <tag k="amenity" v="parking_entrance"/>
    <tag k="parking" v="underground"/>
  </node>
  <node id="9471815115" lat="48.8756404" lon="2.2895589">
    <tag k="crossing" v="uncontrolled"/>
    <tag k="crossing:markings" v="pictograms"/>
    <tag k="highway" v="crossing"/>
  </node>
  <node id="9471815116" lat="48.8752147" lon="2.2909164">
    <tag k="crossing" v="uncontrolled"/>
    <tag k="crossing:markings" v="pictograms"/>
    <tag k="highway" v="crossing"/>
  </node>
  <node id="9471837421" lat="48.8750361" lon="2.2914629"/>
  <node id="9471837422" lat="48.8745154" lon="2.2931005"/>
  <node id="9471837432" lat="48.8743182" lon="2.2929540"/>
  <node id="9471837436" lat="48.8754303" lon="2.2894569">
    <tag k="crossing" v="unmarked"/>
    <tag k="crossing:markings" v="no"/>
    <tag k="highway" v="crossing"/>
  </node>
  <node id="9471837437" lat="48.8751295" lon="2.2903984">
    <tag k="crossing" v="uncontrolled"/>
    <tag k="crossing:markings" v="no"/>
    <tag k="crossing:signals" v="no"/>
    <tag k="highway" v="crossing"/>
  </node>
  <node id="9471837439" lat="48.8747253" lon="2.2916668">
    <tag k="highway" v="crossing"/>
  </node>
  <node id="9471837451" lat="48.8751097" lon="2.2912488">
    <tag k="highway" v="crossing"/>
  </node>
  <node id="9471837453" lat="48.8745374" lon="2.2930318"/>
  <node id="9587700281" lat="48.8745416" lon="2.2922761">
    <tag k="direction" v="forward"/>
    <tag k="man_made" v="monitoring_station"/>
    <tag k="monitoring:bicycle" v="yes"/>
    <tag k="operator" v="Eco-Compteur"/>
    <tag k="operator:wikidata" v="Q21074971"/>
    <tag k="ref" v="100044495"/>
  </node>
  <node id="9587700282" lat="48.8746429" lon="2.2923127"/>
  <node id="9587700283" lat="48.8747332" lon="2.2924216">
    <tag k="direction" v="forward"/>
    <tag k="man_made" v="monitoring_station"/>
    <tag k="monitoring:bicycle" v="yes"/>
    <tag k="operator" v="Eco-Compteur"/>
    <tag k="operator:wikidata" v="Q21074971"/>
    <tag k="ref" v="100044494"/>
  </node>
  <node id="9632372807" lat="48.8745066" lon="2.3020501">
    <tag k="bus" v="yes"/>
    <tag k="name" v="Balzac"/>
    <tag k="public_transport" v="stop_position"/>
  </node>
  <node id="9632399432" lat="48.8745533" lon="2.3024538">
    <tag k="bus" v="yes"/>
    <tag k="name" v="Balzac"/>
    <tag k="public_transport" v="stop_position"/>
  </node>
  <node id="9966559361" lat="48.8733232" lon="2.2964679">
    <tag k="highway" v="traffic_signals"/>
    <tag k="traffic_signals" v="signal"/>
    <tag k="traffic_signals:direction" v="forward"/>
  </node>
  <node id="9966559362" lat="48.8732994" lon="2.2965428">
    <tag k="highway" v="traffic_signals"/>
    <tag k="traffic_signals" v="signal"/>
    <tag k="traffic_signals:direction" v="backward"/>
  </node>
  <node id="9966559363" lat="48.8732046" lon="2.2968412">
    <tag k="highway" v="traffic_signals"/>
    <tag k="traffic_signals" v="signal"/>
    <tag k="traffic_signals:direction" v="forward"/>
  </node>
  <node id="9966559364" lat="48.8728570" lon="2.2968436">
    <tag k="cycleway" v="asl"/>
    <tag k="direction" v="forward"/>
  </node>
  <node id="9966559365" lat="48.8728247" lon="2.2968143">
    <tag k="highway" v="traffic_signals"/>
    <tag k="traffic_signals" v="signal"/>
  </node>
  <node id="9966559366" lat="48.8728688" lon="2.2968032">
    <tag k="highway" v="traffic_signals"/>
    <tag k="traffic_signals" v="signal"/>
    <tag k="traffic_signals:direction" v="forward"/>
  </node>
  <node id="9966559367" lat="48.8731022" lon="2.2975318">
    <tag k="highway" v="traffic_signals"/>
    <tag k="traffic_signals" v="signal"/>
  </node>
  <node id="9966559368" lat="48.8730052" lon="2.2974689">
    <tag k="highway" v="traffic_signals"/>
    <tag k="traffic_signals" v="signal"/>
    <tag k="traffic_signals:direction" v="backward"/>
  </node>
  <node id="9966559371" lat="48.8725024" lon="2.2986307">
    <tag k="barrier" v="kerb"/>
    <tag k="kerb" v="lowered"/>
    <tag k="tactile_paving" v="yes"/>
  </node>
  <node id="9966559372" lat="48.8726997" lon="2.2988017">
    <tag k="highway" v="traffic_signals"/>
    <tag k="traffic_signals" v="signal"/>
  </node>
  <node id="9966559373" lat="48.8726029" lon="2.2987354">
    <tag k="highway" v="traffic_signals"/>
    <tag k="traffic_signals" v="signal"/>
    <tag k="traffic_signals:direction" v="backward"/>
  </node>
  <node id="9966559374" lat="48.8726097" lon="2.2987141">
    <tag k="cycleway" v="asl"/>
    <tag k="direction" v="backward"/>
  </node>
  <node id="9966559375" lat="48.8726704" lon="2.2985231">
    <tag k="highway" v="traffic_signals"/>
    <tag k="traffic_signals" v="signal"/>
    <tag k="traffic_signals:direction" v="forward"/>
  </node>
  <node id="9966559376" lat="48.8724616" lon="2.2991801">
    <tag k="highway" v="traffic_signals"/>
    <tag k="traffic_signals" v="signal"/>
    <tag k="traffic_signals:direction" v="forward"/>
  </node>
  <node id="9966559378" lat="48.8724508" lon="2.2992141">
    <tag k="cycleway" v="asl"/>
    <tag k="direction" v="forward"/>
  </node>
  <node id="9966559379" lat="48.8724299" lon="2.2992799">
    <tag k="cycleway" v="asl"/>
    <tag k="direction" v="backward"/>
  </node>
  <node id="9966559380" lat="48.8723562" lon="2.2991504">
    <tag k="highway" v="traffic_signals"/>
    <tag k="traffic_signals" v="signal"/>
  </node>
  <node id="9966559381" lat="48.8725243" lon="2.2993549">
    <tag k="highway" v="traffic_signals"/>
    <tag k="traffic_signals" v="signal"/>
  </node>
  <node id="9966559383" lat="48.8721141" lon="2.2991691">
    <tag k="highway" v="traffic_signals"/>
    <tag k="traffic_signals" v="signal"/>
  </node>
  <node id="9966559384" lat="48.8721122" lon="2.3002801">
    <tag k="highway" v="traffic_signals"/>
    <tag k="traffic_signals" v="signal"/>
    <tag k="traffic_signals:direction" v="forward"/>
  </node>
  <node id="9966559385" lat="48.8720185" lon="2.3002098">
    <tag k="highway" v="traffic_signals"/>
    <tag k="traffic_signals" v="signal"/>
    <tag k="traffic_signals:direction" v="forward"/>
  </node>
  <node id="9966559387" lat="48.8721768" lon="2.3004513">
    <tag k="highway" v="traffic_signals"/>
    <tag k="traffic_signals" v="signal"/>
  </node>
  <node id="9966559388" lat="48.8719047" lon="2.3002980">
    <tag k="barrier" v="kerb"/>
    <tag k="kerb" v="lowered"/>
    <tag k="tactile_paving" v="yes"/>
  </node>
  <node id="9966559390" lat="48.8716430" lon="2.3007479">
    <tag k="barrier" v="kerb"/>
    <tag k="kerb" v="lowered"/>
    <tag k="tactile_paving" v="yes"/>
  </node>
  <node id="9966559395" lat="48.8720023" lon="2.3012283"/>
  <node id="10221850749" lat="48.8752806" lon="2.2982291"/>
  <node id="10221850750" lat="48.8754672" lon="2.2965049"/>
  <node id="10221850776" lat="48.8763284" lon="2.2971302"/>
  <node id="10221850777" lat="48.8763466" lon="2.2970702"/>
  <node id="10221850806" lat="48.8759899" lon="2.2966338"/>
  <node id="10221850807" lat="48.8759834" lon="2.2966523"/>
  <node id="10221850808" lat="48.8759401" lon="2.2967754"/>
  <node id="10221850809" lat="48.8759197" lon="2.2968331"/>
  <node id="10750309673" lat="48.8731413" lon="2.2970404"/>
  <node id="10773221133" lat="48.8762526" lon="2.2968292"/>
  <node id="10773221134" lat="48.8761912" lon="2.2970305">
    <tag k="highway" v="crossing"/>
  </node>
  <node id="10781484582" lat="48.8743155" lon="2.2994055"/>
  <node id="10781484583" lat="48.8744181" lon="2.2994257"/>
  <node id="10781484584" lat="48.8749515" lon="2.3002742"/>
  <node id="10781484592" lat="48.8742958" lon="2.2992286">
    <tag k="barrier" v="kerb"/>
    <tag k="kerb" v="lowered"/>
    <tag k="tactile_paving" v="yes"/>
  </node>
  <node id="10781484593" lat="48.8742747" lon="2.2990388">
    <tag k="barrier" v="kerb"/>
    <tag k="kerb" v="lowered"/>
    <tag k="tactile_paving" v="yes"/>
  </node>
  <node id="10781484594" lat="48.8742795" lon="2.2995007">
    <tag k="barrier" v="kerb"/>
    <tag k="kerb" v="lowered"/>
    <tag k="tactile_paving" v="yes"/>
  </node>
  <node id="10781484595" lat="48.8741681" lon="2.2995308">
    <tag k="barrier" v="kerb"/>
    <tag k="kerb" v="lowered"/>
    <tag k="tactile_paving" v="yes"/>
  </node>
  <node id="10781484596" lat="48.8743247" lon="2.2994885"/>
  <node id="10781484597" lat="48.8744691" lon="2.3007860"/>
  <node id="10781484598" lat="48.8744298" lon="2.3007957">
    <tag k="barrier" v="kerb"/>
    <tag k="kerb" v="lowered"/>
    <tag k="tactile_paving" v="yes"/>
  </node>
  <node id="10781494018" lat="48.8752168" lon="2.2989052"/>
  <node id="10781494024" lat="48.8763833" lon="2.3008888"/>
  <node id="10781494025" lat="48.8752214" lon="2.2988750"/>
  <node id="10781494026" lat="48.8752816" lon="2.2983545"/>
  <node id="10781494027" lat="48.8752330" lon="2.2987748">
    <tag k="crossing" v="uncontrolled"/>
    <tag k="crossing:island" v="no"/>
    <tag k="crossing:markings" v="zebra"/>
    <tag k="crossing:signals" v="no"/>
    <tag k="highway" v="crossing"/>
    <tag k="tactile_paving" v="yes"/>
  </node>
  <node id="10781494028" lat="48.8751387" lon="2.2987331">
    <tag k="barrier" v="kerb"/>
    <tag k="kerb" v="lowered"/>
    <tag k="tactile_paving" v="no"/>
  </node>
  <node id="10781494029" lat="48.8752036" lon="2.2988760"/>
  <node id="10781494034" lat="48.8750659" lon="2.3003558"/>
  <node id="10781494035" lat="48.8749747" lon="2.3001043"/>
  <node id="10781494037" lat="48.8752875" lon="2.2983033"/>
  <node id="10781494038" lat="48.8752096" lon="2.2980360"/>
  <node id="10781494039" lat="48.8752750" lon="2.2982138"/>
  <node id="10781494040" lat="48.8753250" lon="2.2983278"/>
  <node id="11007709798" lat="48.8701060" lon="2.2886599"/>
  <node id="11007709799" lat="48.8700796" lon="2.2888812"/>
  <node id="11007709800" lat="48.8704836" lon="2.2896255"/>
  <node id="11007709801" lat="48.8704686" lon="2.2896778"/>
  <node id="11007709802" lat="48.8702039" lon="2.2900090"/>
  <node id="11007709803" lat="48.8701731" lon="2.2900305"/>
  <node id="11007709804" lat="48.8698372" lon="2.2904559"/>
  <node id="11007709805" lat="48.8698052" lon="2.2904543"/>
  <node id="11007709807" lat="48.8691836" lon="2.2898134"/>
  <node id="11007709808" lat="48.8691712" lon="2.2897701"/>
  <node id="11007709809" lat="48.8696323" lon="2.2859817"/>
  <node id="11007710034" lat="48.8711169" lon="2.2890130"/>
  <node id="11007710035" lat="48.8711665" lon="2.2890435"/>
  <node id="11007710036" lat="48.8711541" lon="2.2890501"/>
  <node id="11007710037" lat="48.8712887" lon="2.2889364"/>
  <node id="11007710039" lat="48.8712445" lon="2.2887992"/>
  <node id="11007710040" lat="48.8712577" lon="2.2888112"/>
  <node id="11007710041" lat="48.8710818" lon="2.2890393"/>
  <node id="11007710042" lat="48.8705702" lon="2.2896869"/>
  <node id="11007710043" lat="48.8699172" lon="2.2904993"/>
  <node id="11007710044" lat="48.8699105" lon="2.2905631"/>
  <node id="11007710046" lat="48.8708012" lon="2.2914849"/>
  <node id="11007710047" lat="48.8710911" lon="2.2917777"/>
  <node id="11007710048" lat="48.8711196" lon="2.2917866"/>
  <node id="11007710049" lat="48.8711291" lon="2.2917952">
    <tag k="barrier" v="kerb"/>
    <tag k="kerb" v="lowered"/>
    <tag k="tactile_paving" v="yes"/>
  </node>
  <node id="11007710050" lat="48.8711607" lon="2.2918241">
    <tag k="barrier" v="kerb"/>
    <tag k="kerb" v="lowered"/>
    <tag k="tactile_paving" v="yes"/>
  </node>
  <node id="11007710051" lat="48.8711726" lon="2.2918349"/>
  <node id="11007710052" lat="48.8711854" lon="2.2918809"/>
  <node id="11007710053" lat="48.8716974" lon="2.2924116"/>
  <node id="11007710055" lat="48.8728673" lon="2.2931571"/>
  <node id="11007710056" lat="48.8728571" lon="2.2931192"/>
  <node id="11007710058" lat="48.8719326" lon="2.2909322"/>
  <node id="11007710059" lat="48.8713523" lon="2.2895705"/>
  <node id="11007710060" lat="48.8711527" lon="2.2890848"/>
  <node id="11007710069" lat="48.8713075" lon="2.2889547"/>
  <node id="11007710070" lat="48.8725238" lon="2.2918232"/>
  <node id="11007710071" lat="48.8725541" lon="2.2918259"/>
  <node id="11007710072" lat="48.8725681" lon="2.2918108"/>
  <node id="11007710073" lat="48.8728887" lon="2.2913817"/>
  <node id="11007710074" lat="48.8728870" lon="2.2913454"/>
  <node id="11007710075" lat="48.8724508" lon="2.2873835"/>
  <node id="11007710076" lat="48.8724331" lon="2.2873691"/>
  <node id="11007710077" lat="48.8724127" lon="2.2873744"/>
  <node id="11007710078" lat="48.8712749" lon="2.2888007"/>
  <node id="11007710085" lat="48.8729217" lon="2.2915053"/>
  <node id="11007710086" lat="48.8728988" lon="2.2915147"/>
  <node id="11007710087" lat="48.8725832" lon="2.2919382"/>
  <node id="11007710088" lat="48.8726007" lon="2.2920064"/>
  <node id="11007710089" lat="48.8730255" lon="2.2929991"/>
  <node id="11007710090" lat="48.8731244" lon="2.2929239"/>
  <node id="11007710091" lat="48.8732839" lon="2.2928257"/>
  <node id="11007710092" lat="48.8734707" lon="2.2927390"/>
  <node id="11007710093" lat="48.8734316" lon="2.2926105"/>
  <node id="11007710094" lat="48.8733857" lon="2.2924541"/>
  <node id="11007710095" lat="48.8733578" lon="2.2922868"/>
  <node id="11007710096" lat="48.8729370" lon="2.2915162"/>
  <node id="11007710097" lat="48.8728817" lon="2.2913912"/>
  <node id="11007710098" lat="48.8728860" lon="2.2914005"/>
  <node id="11007710099" lat="48.8729118" lon="2.2914947"/>
  <node id="11007710100" lat="48.8729168" lon="2.2915073"/>
  <node id="11007710101" lat="48.8730069" lon="2.2929557"/>
  <node id="11007710102" lat="48.8730197" lon="2.2929848"/>
  <node id="11007710103" lat="48.8725313" lon="2.2918253"/>
  <node id="11007710104" lat="48.8725345" lon="2.2918562"/>
  <node id="11007710105" lat="48.8725725" lon="2.2919389"/>
  <node id="11007710106" lat="48.8725826" lon="2.2919873"/>
  <node id="11007710107" lat="48.8725665" lon="2.2919986"/>
  <node id="11007710108" lat="48.8724625" lon="2.2920999"/>
  <node id="11007710109" lat="48.8724356" lon="2.2921280"/>
  <node id="11007710110" lat="48.8719516" lon="2.2908922"/>
  <node id="11007710111" lat="48.8719275" lon="2.2909203"/>
  <node id="11007710112" lat="48.8720728" lon="2.2907595"/>
  <node id="11007710113" lat="48.8720521" lon="2.2907812"/>
  <node id="11007710116" lat="48.8704751" lon="2.2896550"/>
  <node id="11007710119" lat="48.8705317" lon="2.2897351"/>
  <node id="11007710131" lat="48.8697840" lon="2.2904370"/>
  <node id="11007710135" lat="48.8699057" lon="2.2905384"/>
  <node id="11007710137" lat="48.8698482" lon="2.2906236"/>
  <node id="11007710138" lat="48.8698399" lon="2.2906294"/>
  <node id="11007710140" lat="48.8698179" lon="2.2906266"/>
  <node id="11007710144" lat="48.8691931" lon="2.2914180"/>
  <node id="11007710145" lat="48.8692117" lon="2.2914810"/>
  <node id="11007710147" lat="48.8724596" lon="2.2938338"/>
  <node id="11007710148" lat="48.8725827" lon="2.2935657"/>
  <node id="11007710149" lat="48.8727031" lon="2.2933746"/>
  <node id="11007710150" lat="48.8727097" lon="2.2933337"/>
  <node id="11007710151" lat="48.8726947" lon="2.2932848"/>
  <node id="11007710152" lat="48.8716953" lon="2.2925472"/>
  <node id="11007710153" lat="48.8714152" lon="2.2922548"/>
  <node id="11007710158" lat="48.8711786" lon="2.2918877">
    <tag k="barrier" v="kerb"/>
    <tag k="kerb" v="lowered"/>
    <tag k="tactile_paving" v="yes"/>
  </node>
  <node id="11007710159" lat="48.8711421" lon="2.2919602">
    <tag k="barrier" v="kerb"/>
    <tag k="kerb" v="lowered"/>
    <tag k="tactile_paving" v="yes"/>
  </node>
  <node id="11007710160" lat="48.8711386" lon="2.2919698"/>
  <node id="11007710161" lat="48.8727214" lon="2.2933270">
    <tag k="barrier" v="kerb"/>
    <tag k="kerb" v="lowered"/>
    <tag k="tactile_paving" v="yes"/>
  </node>
  <node id="11007710162" lat="48.8727898" lon="2.2932284">
    <tag k="barrier" v="kerb"/>
    <tag k="kerb" v="lowered"/>
    <tag k="tactile_paving" v="yes"/>
  </node>
  <node id="11007710163" lat="48.8728011" lon="2.2932136"/>
  <node id="11007710164" lat="48.8728747" lon="2.2931737">
    <tag k="barrier" v="kerb"/>
    <tag k="kerb" v="lowered"/>
    <tag k="tactile_paving" v="yes"/>
  </node>
  <node id="11007710165" lat="48.8728823" lon="2.2930955">
    <tag k="barrier" v="kerb"/>
    <tag k="kerb" v="lowered"/>
    <tag k="tactile_paving" v="yes"/>
  </node>
  <node id="11007710167" lat="48.8730302" lon="2.2930160">
    <tag k="barrier" v="kerb"/>
    <tag k="kerb" v="lowered"/>
    <tag k="tactile_paving" v="yes"/>
  </node>
  <node id="11007710168" lat="48.8729960" lon="2.2930091">
    <tag k="barrier" v="kerb"/>
    <tag k="kerb" v="lowered"/>
    <tag k="tactile_paving" v="yes"/>
  </node>
  <node id="11007710287" lat="48.8694517" lon="2.2874669">
    <tag k="highway" v="crossing"/>
  </node>
  <node id="11007710288" lat="48.8713916" lon="2.2891529">
    <tag k="highway" v="crossing"/>
  </node>
  <node id="11007710289" lat="48.8718955" lon="2.2908453"/>
  <node id="11007710290" lat="48.8714685" lon="2.2921743">
    <tag k="highway" v="crossing"/>
  </node>
  <node id="11007865935" lat="48.8728159" lon="2.2932150"/>
  <node id="11007865938" lat="48.8692008" lon="2.2914690"/>
  <node id="11007865945" lat="48.8689770" lon="2.2918011"/>
  <node id="11007865946" lat="48.8690206" lon="2.2918073"/>
  <node id="11007865947" lat="48.8690149" lon="2.2918185"/>
  <node id="11007865971" lat="48.8689443" lon="2.2918441"/>
  <node id="11007865972" lat="48.8687643" lon="2.2924764"/>
  <node id="11007865973" lat="48.8687824" lon="2.2925354"/>
  <node id="11007865974" lat="48.8701842" lon="2.2935500"/>
  <node id="11007865975" lat="48.8708956" lon="2.2940684"/>
  <node id="11007865976" lat="48.8709168" lon="2.2940556"/>
  <node id="11007865977" lat="48.8709375" lon="2.2939919"/>
  <node id="11007865978" lat="48.8711280" lon="2.2933991"/>
  <node id="11007865979" lat="48.8711307" lon="2.2933609"/>
  <node id="11007865980" lat="48.8711122" lon="2.2933501"/>
  <node id="11007865981" lat="48.8710998" lon="2.2933461"/>
  <node id="11007865982" lat="48.8705895" lon="2.2929706"/>
  <node id="11007865983" lat="48.8695455" lon="2.2922122"/>
  <node id="11007865984" lat="48.8690818" lon="2.2916956">
    <tag k="crossing" v="uncontrolled"/>
    <tag k="crossing:markings" v="zebra"/>
    <tag k="highway" v="crossing"/>
    <tag k="source" v="BDOrtho IGN 2020"/>
    <tag k="tactile_paving" v="yes"/>
    <tag k="traffic_signals:sound" v="no"/>
  </node>
  <node id="11007865985" lat="48.8712748" lon="2.2934678"/>
  <node id="11007865986" lat="48.8713022" lon="2.2934912"/>
  <node id="11007865987" lat="48.8711704" lon="2.2933738"/>
  <node id="11007865988" lat="48.8710946" lon="2.2942129"/>
  <node id="11007865989" lat="48.8721962" lon="2.2950154"/>
  <node id="11007865990" lat="48.8722217" lon="2.2950125"/>
  <node id="11007865991" lat="48.8722350" lon="2.2949812"/>
  <node id="11007865992" lat="48.8722579" lon="2.2946493"/>
  <node id="11007865993" lat="48.8723056" lon="2.2943315"/>
  <node id="11007865994" lat="48.8723282" lon="2.2942353"/>
  <node id="11007865995" lat="48.8722593" lon="2.2941846"/>
  <node id="11007865996" lat="48.8713238" lon="2.2934951"/>
  <node id="11007865997" lat="48.8709221" lon="2.2940391"/>
  <node id="11007865998" lat="48.8709541" lon="2.2940643"/>
  <node id="11007865999" lat="48.8710635" lon="2.2941688"/>
  <node id="11007866000" lat="48.8710927" lon="2.2941902"/>
  <node id="11007866001" lat="48.8710762" lon="2.2942166"/>
  <node id="11007866002" lat="48.8710836" lon="2.2941841"/>
  <node id="11007866003" lat="48.8709990" lon="2.2942727"/>
  <node id="11007866004" lat="48.8709122" lon="2.2940917"/>
  <node id="11007871105" lat="48.8708827" lon="2.2941869"/>
  <node id="11007871106" lat="48.8709575" lon="2.2942937"/>
  <node id="11007871107" lat="48.8709003" lon="2.2942400"/>
  <node id="11007871108" lat="48.8709027" lon="2.2940676"/>
  <node id="11007871109" lat="48.8708773" lon="2.2942018"/>
  <node id="11007871110" lat="48.8708865" lon="2.2942350"/>
  <node id="11007871111" lat="48.8709656" lon="2.2943034"/>
  <node id="11007871112" lat="48.8709948" lon="2.2942853"/>
  <node id="11007871113" lat="48.8708878" lon="2.2940680"/>
  <node id="11007871114" lat="48.8708730" lon="2.2944673"/>
  <node id="11007871115" lat="48.8708825" lon="2.2945162"/>
  <node id="11007871116" lat="48.8717554" lon="2.2951542"/>
  <node id="11007871117" lat="48.8719825" lon="2.2951100"/>
  <node id="11007871118" lat="48.8719762" lon="2.2950205"/>
  <node id="11007871119" lat="48.8719351" lon="2.2949656"/>
  <node id="11007871120" lat="48.8702111" lon="2.2937193"/>
  <node id="11007871127" lat="48.8707527" lon="2.2944288"/>
  <node id="11007871128" lat="48.8707783" lon="2.2944235"/>
  <node id="11007871129" lat="48.8707876" lon="2.2944348">
    <tag k="barrier" v="kerb"/>
    <tag k="kerb" v="raised"/>
  </node>
  <node id="11007871130" lat="48.8707549" lon="2.2944296"/>
  <node id="11007871131" lat="48.8707541" lon="2.2944442">
    <tag k="barrier" v="kerb"/>
    <tag k="kerb" v="raised"/>
  </node>
  <node id="11007871132" lat="48.8707094" lon="2.2945281">
    <tag k="barrier" v="kerb"/>
    <tag k="kerb" v="raised"/>
    <tag k="tactile_paving" v="no"/>
  </node>
  <node id="11007871133" lat="48.8707016" lon="2.2945354"/>
  <node id="11007871134" lat="48.8707015" lon="2.2945637"/>
  <node id="11007871135" lat="48.8707100" lon="2.2945669">
    <tag k="barrier" v="kerb"/>
    <tag k="kerb" v="raised"/>
    <tag k="tactile_paving" v="no"/>
  </node>
  <node id="11007871136" lat="48.8707716" lon="2.2946113">
    <tag k="barrier" v="kerb"/>
    <tag k="kerb" v="lowered"/>
  </node>
  <node id="11007871137" lat="48.8707810" lon="2.2946199"/>
  <node id="11007871138" lat="48.8708141" lon="2.2946019"/>
  <node id="11007871139" lat="48.8708110" lon="2.2946165"/>
  <node id="11007871140" lat="48.8708785" lon="2.2945079"/>
  <node id="11007871141" lat="48.8708622" lon="2.2945166"/>
  <node id="11007871142" lat="48.8708581" lon="2.2944805"/>
  <node id="11007871143" lat="48.8708725" lon="2.2944751"/>
  <node id="11007871144" lat="48.8708755" lon="2.2944573"/>
  <node id="11007871145" lat="48.8708877" lon="2.2945253"/>
  <node id="11007871146" lat="48.8715376" lon="2.2951506"/>
  <node id="11007871147" lat="48.8715276" lon="2.2951831"/>
  <node id="11007871148" lat="48.8704900" lon="2.2953579"/>
  <node id="11007871149" lat="48.8704332" lon="2.2952776"/>
  <node id="11007871150" lat="48.8704600" lon="2.2951577"/>
  <node id="11007871151" lat="48.8703560" lon="2.2951343"/>
  <node id="11007871152" lat="48.8703099" lon="2.2951274"/>
  <node id="11007871153" lat="48.8696442" lon="2.2938700"/>
  <node id="11007871155" lat="48.8696957" lon="2.2938023"/>
  <node id="11007871156" lat="48.8697170" lon="2.2936778"/>
  <node id="11007871159" lat="48.8696831" lon="2.2938034"/>
  <node id="11007871160" lat="48.8687684" lon="2.2925012"/>
  <node id="11007871164" lat="48.8687667" lon="2.2924571"/>
  <node id="11009958408" lat="48.8742019" lon="2.2898091"/>
  <node id="11009958409" lat="48.8741137" lon="2.2899253"/>
  <node id="11009958410" lat="48.8738592" lon="2.2902634"/>
  <node id="11009958411" lat="48.8738507" lon="2.2903018"/>
  <node id="11009958412" lat="48.8739397" lon="2.2910946"/>
  <node id="11009958413" lat="48.8740827" lon="2.2911993"/>
  <node id="11009958414" lat="48.8741094" lon="2.2911769"/>
  <node id="11009958415" lat="48.8744784" lon="2.2900274"/>
  <node id="11009958416" lat="48.8744684" lon="2.2899807"/>
  <node id="11009958417" lat="48.8742358" lon="2.2898008"/>
  <node id="11009958418" lat="48.8744868" lon="2.2900191"/>
  <node id="11009958419" lat="48.8744760" lon="2.2900161"/>
  <node id="11009958420" lat="48.8745423" lon="2.2900567"/>
  <node id="11009958421" lat="48.8745550" lon="2.2900668"/>
  <node id="11009958422" lat="48.8745483" lon="2.2900866"/>
  <node id="11009958423" lat="48.8744497" lon="2.2903689"/>
  <node id="11009958424" lat="48.8741810" lon="2.2912227"/>
  <node id="11009958425" lat="48.8741917" lon="2.2912653"/>
  <node id="11009958426" lat="48.8745954" lon="2.2915184"/>
  <node id="11009958427" lat="48.8749577" lon="2.2903923"/>
  <node id="11009958428" lat="48.8749323" lon="2.2903232"/>
  <node id="11009958429" lat="48.8745720" lon="2.2900630"/>
  <node id="11009958430" lat="48.8741151" lon="2.2911903"/>
  <node id="11009958431" lat="48.8741740" lon="2.2912235"/>
  <node id="11009958432" lat="48.8736185" lon="2.2880087"/>
  <node id="11009958433" lat="48.8736090" lon="2.2880264"/>
  <node id="11009958434" lat="48.8736067" lon="2.2880638"/>
  <node id="11009958435" lat="48.8737692" lon="2.2895324"/>
  <node id="11009958436" lat="48.8738287" lon="2.2900671"/>
  <node id="11009958437" lat="48.8738621" lon="2.2900762"/>
  <node id="11009958438" lat="48.8746984" lon="2.2889663"/>
  <node id="11009958439" lat="48.8747004" lon="2.2888921"/>
  <node id="11009958440" lat="48.8744016" lon="2.2884693"/>
  <node id="11009958441" lat="48.8737782" lon="2.2879454"/>
  <node id="11009958442" lat="48.8737625" lon="2.2879484"/>
  <node id="11009958443" lat="48.8736272" lon="2.2879950"/>
  <node id="11009958444" lat="48.8738994" lon="2.2879151"/>
  <node id="11009958445" lat="48.8739039" lon="2.2879483"/>
  <node id="11009958446" lat="48.8744315" lon="2.2883905"/>
  <node id="11009958447" lat="48.8748028" lon="2.2889125"/>
  <node id="11009958448" lat="48.8748022" lon="2.2889320"/>
  <node id="11009958449" lat="48.8747935" lon="2.2889585"/>
  <node id="11009958450" lat="48.8742671" lon="2.2896608"/>
  <node id="11009958451" lat="48.8742738" lon="2.2896995"/>
  <node id="11009958452" lat="48.8750093" lon="2.2902575"/>
  <node id="11009958453" lat="48.8750646" lon="2.2899973"/>
  <node id="11009958454" lat="48.8759543" lon="2.2872549"/>
  <node id="11009958455" lat="48.8759709" lon="2.2871996"/>
  <node id="11009958456" lat="48.8758799" lon="2.2871447"/>
  <node id="11009958457" lat="48.8758310" lon="2.2871589"/>
  <node id="11009958458" lat="48.8739118" lon="2.2878924"/>
  <node id="11009958460" lat="48.8737931" lon="2.2879579"/>
  <node id="11009958462" lat="48.8739015" lon="2.2879307"/>
  <node id="11009958479" lat="48.8751125" lon="2.2874335"/>
  <node id="11009958493" lat="48.8758599" lon="2.2871505"/>
  <node id="11010279158" lat="48.8698020" lon="2.2962843"/>
  <node id="11010279165" lat="48.8694265" lon="2.2977486"/>
  <node id="11010279166" lat="48.8700185" lon="2.2967990"/>
  <node id="11010279167" lat="48.8700820" lon="2.2966817"/>
  <node id="11010279168" lat="48.8700952" lon="2.2966066"/>
  <node id="11010279169" lat="48.8698217" lon="2.2962834"/>
  <node id="11010279170" lat="48.8701098" lon="2.2954432"/>
  <node id="11010279174" lat="48.8695525" lon="2.2955033"/>
  <node id="11010279189" lat="48.8685356" lon="2.2933214"/>
  <node id="11010279190" lat="48.8686017" lon="2.2930527"/>
  <node id="11010279193" lat="48.8695744" lon="2.2939481"/>
  <node id="11010279196" lat="48.8702443" lon="2.2952125"/>
  <node id="11010279197" lat="48.8698500" lon="2.2944655"/>
  <node id="11010279198" lat="48.8695866" lon="2.2939713"/>
  <node id="11010279199" lat="48.8693785" lon="2.2935764"/>
  <node id="11010279200" lat="48.8686480" lon="2.2930440"/>
  <node id="11010279201" lat="48.8686229" lon="2.2930413"/>
  <node id="11010279202" lat="48.8685969" lon="2.2930554"/>
  <node id="11010279203" lat="48.8685426" lon="2.2932324"/>
  <node id="11010279204" lat="48.8685316" lon="2.2932874"/>
  <node id="11010279205" lat="48.8685378" lon="2.2933403"/>
  <node id="11010279206" lat="48.8692479" lon="2.2949550"/>
  <node id="11010279207" lat="48.8694711" lon="2.2954646"/>
  <node id="11010279208" lat="48.8695222" lon="2.2955082"/>
  <node id="11010279209" lat="48.8698945" lon="2.2954479"/>
  <node id="11010279210" lat="48.8701040" lon="2.2954123"/>
  <node id="11010279211" lat="48.8701861" lon="2.2954231"/>
  <node id="11010279212" lat="48.8702518" lon="2.2953399"/>
  <node id="11010279213" lat="48.8702469" lon="2.2953332"/>
  <node id="11010279214" lat="48.8702624" lon="2.2952682"/>
  <node id="11010279215" lat="48.8702760" lon="2.2952534"/>
  <node id="11010279216" lat="48.8703316" lon="2.2951616"/>
  <node id="11010279217" lat="48.8703338" lon="2.2951310"/>
  <node id="11010279218" lat="48.8703717" lon="2.2951374"/>
  <node id="11010279219" lat="48.8703632" lon="2.2951224"/>
  <node id="11010279220" lat="48.8704198" lon="2.2952058"/>
  <node id="11010279221" lat="48.8704432" lon="2.2952331"/>
  <node id="11010279222" lat="48.8704282" lon="2.2953439"/>
  <node id="11010279223" lat="48.8704527" lon="2.2953052"/>
  <node id="11010279224" lat="48.8705733" lon="2.2958167"/>
  <node id="11010279225" lat="48.8705657" lon="2.2958209"/>
  <node id="11010279226" lat="48.8706536" lon="2.2958133"/>
  <node id="11010279227" lat="48.8706770" lon="2.2957684"/>
  <node id="11010279228" lat="48.8706082" lon="2.2954727"/>
  <node id="11010279229" lat="48.8706042" lon="2.2954412"/>
  <node id="11010279230" lat="48.8705905" lon="2.2953486"/>
  <node id="11010279231" lat="48.8705890" lon="2.2953412"/>
  <node id="11010279232" lat="48.8715639" lon="2.2951696"/>
  <node id="11010279233" lat="48.8712337" lon="2.2973204">
    <tag k="barrier" v="kerb"/>
    <tag k="kerb" v="no"/>
  </node>
  <node id="11010279234" lat="48.8712273" lon="2.2973037">
    <tag k="barrier" v="kerb"/>
    <tag k="kerb" v="no"/>
  </node>
  <node id="11010279235" lat="48.8712926" lon="2.2974761"/>
  <node id="11010279236" lat="48.8712506" lon="2.2973645">
    <tag k="barrier" v="kerb"/>
  </node>
  <node id="11010279237" lat="48.8711500" lon="2.2977023">
    <tag k="barrier" v="kerb"/>
  </node>
  <node id="11010279238" lat="48.8710792" lon="2.2975098">
    <tag k="barrier" v="kerb"/>
  </node>
  <node id="11010279239" lat="48.8708487" lon="2.2977115">
    <tag k="barrier" v="kerb"/>
  </node>
  <node id="11010279240" lat="48.8708366" lon="2.2976802">
    <tag k="barrier" v="kerb"/>
  </node>
  <node id="11010279241" lat="48.8707407" lon="2.2974628">
    <tag k="barrier" v="kerb"/>
    <tag k="kerb" v="lowered"/>
  </node>
  <node id="11010279242" lat="48.8707568" lon="2.2975179">
    <tag k="barrier" v="kerb"/>
    <tag k="kerb" v="lowered"/>
  </node>
  <node id="11010279244" lat="48.8707224" lon="2.2973999">
    <tag k="barrier" v="kerb"/>
    <tag k="kerb" v="lowered"/>
    <tag k="tactile_paving" v="yes"/>
  </node>
  <node id="11010279245" lat="48.8707010" lon="2.2973895"/>
  <node id="11010279246" lat="48.8707343" lon="2.2973228">
    <tag k="barrier" v="kerb"/>
    <tag k="kerb" v="lowered"/>
  </node>
  <node id="11010279247" lat="48.8706792" lon="2.2972765"/>
  <node id="11010279248" lat="48.8704807" lon="2.2970351"/>
  <node id="11010279249" lat="48.8702187" lon="2.2967380"/>
  <node id="11010279250" lat="48.8701906" lon="2.2967079"/>
  <node id="11010279251" lat="48.8701658" lon="2.2967239"/>
  <node id="11010279252" lat="48.8695042" lon="2.2977821"/>
  <node id="11010279253" lat="48.8694878" lon="2.2978230"/>
  <node id="11010279256" lat="48.8695971" lon="2.2980157"/>
  <node id="11010279259" lat="48.8707030" lon="2.2973274"/>
  <node id="11010279260" lat="48.8707785" lon="2.2972675">
    <tag k="barrier" v="kerb"/>
  </node>
  <node id="11010279261" lat="48.8707993" lon="2.2972414"/>
  <node id="11010279262" lat="48.8709676" lon="2.2973818">
    <tag k="barrier" v="kerb"/>
  </node>
  <node id="11010279263" lat="48.8709256" lon="2.2973468"/>
  <node id="11010279264" lat="48.8710776" lon="2.2971631">
    <tag k="barrier" v="kerb"/>
  </node>
  <node id="11010279265" lat="48.8710662" lon="2.2971754"/>
  <node id="11010279266" lat="48.8711872" lon="2.2971989">
    <tag k="barrier" v="kerb"/>
  </node>
  <node id="11010279267" lat="48.8711452" lon="2.2970911">
    <tag k="barrier" v="kerb"/>
  </node>
  <node id="11010279268" lat="48.8711686" lon="2.2970701"/>
  <node id="11010279269" lat="48.8710670" lon="2.2967531"/>
  <node id="11010279270" lat="48.8710663" lon="2.2967814"/>
  <node id="11010279271" lat="48.8710732" lon="2.2964992"/>
  <node id="11010279272" lat="48.8710947" lon="2.2957387"/>
  <node id="11010279273" lat="48.8711112" lon="2.2957280"/>
  <node id="11010279274" lat="48.8711768" lon="2.2957151"/>
  <node id="11010279275" lat="48.8711859" lon="2.2957080"/>
  <node id="11010279277" lat="48.8722616" lon="2.2955211"/>
  <node id="11010279278" lat="48.8722713" lon="2.2955189"/>
  <node id="11010279279" lat="48.8722922" lon="2.2956481"/>
  <node id="11010279280" lat="48.8723261" lon="2.2958113"/>
  <node id="11010279281" lat="48.8723549" lon="2.2959346"/>
  <node id="11010279282" lat="48.8723906" lon="2.2960603"/>
  <node id="11010279284" lat="48.8711551" lon="2.2969768"/>
  <node id="11010279286" lat="48.8711969" lon="2.2956995"/>
  <node id="11010279287" lat="48.8710814" lon="2.2964658"/>
  <node id="11010279288" lat="48.8711044" lon="2.2957550"/>
  <node id="11010279289" lat="48.8710805" lon="2.2957148"/>
  <node id="11010279290" lat="48.8707083" lon="2.2957778"/>
  <node id="11010279291" lat="48.8706880" lon="2.2957939"/>
  <node id="11010279292" lat="48.8706783" lon="2.2958288"/>
  <node id="11010279293" lat="48.8710073" lon="2.2964604"/>
  <node id="11010279294" lat="48.8710382" lon="2.2964832"/>
  <node id="11010279295" lat="48.8710737" lon="2.2964795"/>
  <node id="11010279296" lat="48.8710638" lon="2.2972168"/>
  <node id="11010279297" lat="48.8710752" lon="2.2967957"/>
  <node id="11010279298" lat="48.8705998" lon="2.2958891"/>
  <node id="11010279299" lat="48.8705724" lon="2.2958274"/>
  <node id="11010279300" lat="48.8705504" lon="2.2958060"/>
  <node id="11010279301" lat="48.8701394" lon="2.2958726"/>
  <node id="11010279302" lat="48.8700335" lon="2.2958931"/>
  <node id="11010279303" lat="48.8699179" lon="2.2960769"/>
  <node id="11010279304" lat="48.8698888" lon="2.2961439"/>
  <node id="11010279305" lat="48.8698924" lon="2.2961840"/>
  <node id="11010279306" lat="48.8702222" lon="2.2965744"/>
  <node id="11010279307" lat="48.8707559" lon="2.2971940"/>
  <node id="11010279310" lat="48.8710550" lon="2.2972342"/>
  <node id="11010279311" lat="48.8711268" lon="2.2976182"/>
  <node id="11010279312" lat="48.8711559" lon="2.2976916"/>
  <node id="11010279314" lat="48.8717412" lon="2.2985485"/>
  <node id="11010279315" lat="48.8717968" lon="2.2985458"/>
  <node id="11010279316" lat="48.8723766" lon="2.2967299"/>
  <node id="11010279317" lat="48.8723405" lon="2.2965523"/>
  <node id="11010279319" lat="48.8708710" lon="2.2977693">
    <tag k="barrier" v="kerb"/>
    <tag k="kerb" v="flush"/>
  </node>
  <node id="11010279320" lat="48.8709778" lon="2.2978248">
    <tag k="barrier" v="kerb"/>
    <tag k="kerb" v="lowered"/>
  </node>
  <node id="11010279321" lat="48.8711043" lon="2.2977840">
    <tag k="barrier" v="kerb"/>
  </node>
  <node id="11010279322" lat="48.8710255" lon="2.2978321">
    <tag k="barrier" v="kerb"/>
  </node>
  <node id="11010279323" lat="48.8717390" lon="2.2987155"/>
  <node id="11010279324" lat="48.8718250" lon="2.2988473"/>
  <node id="11010279325" lat="48.8717997" lon="2.2988548"/>
  <node id="11010279326" lat="48.8717427" lon="2.2987682"/>
  <node id="11010279327" lat="48.8718074" lon="2.2988666"/>
  <node id="11010279328" lat="48.8718222" lon="2.2988603"/>
  <node id="11010279329" lat="48.8720889" lon="2.2992413"/>
  <node id="11010279330" lat="48.8721233" lon="2.2992850"/>
  <node id="11010279332" lat="48.8717880" lon="2.3001872"/>
  <node id="11010279333" lat="48.8715489" lon="2.3000190"/>
  <node id="11010279334" lat="48.8714576" lon="2.2999687">
    <tag k="barrier" v="kerb"/>
    <tag k="kerb" v="lowered"/>
    <tag k="tactile_paving" v="yes"/>
  </node>
  <node id="11010279335" lat="48.8714598" lon="2.2999553"/>
  <node id="11010279336" lat="48.8714541" lon="2.2999372"/>
  <node id="11010279337" lat="48.8714453" lon="2.2999319">
    <tag k="barrier" v="kerb"/>
    <tag k="kerb" v="lowered"/>
    <tag k="tactile_paving" v="yes"/>
  </node>
  <node id="11010279345" lat="48.8714267" lon="2.3000680">
    <tag k="barrier" v="kerb"/>
    <tag k="kerb" v="lowered"/>
    <tag k="tactile_paving" v="yes"/>
  </node>
  <node id="11010279349" lat="48.8709478" lon="2.2996180">
    <tag k="barrier" v="kerb"/>
    <tag k="kerb" v="lowered"/>
    <tag k="tactile_paving" v="yes"/>
  </node>
  <node id="11010279350" lat="48.8709756" lon="2.2996207">
    <tag k="barrier" v="kerb"/>
    <tag k="kerb" v="lowered"/>
    <tag k="tactile_paving" v="yes"/>
  </node>
  <node id="11010279351" lat="48.8710364" lon="2.2978338"/>
  <node id="11010279352" lat="48.8711017" lon="2.2978029"/>
  <node id="11010279353" lat="48.8717007" lon="2.2986793"/>
  <node id="11010279354" lat="48.8717262" lon="2.2987242"/>
  <node id="11010279355" lat="48.8717315" lon="2.2987664"/>
  <node id="11010279356" lat="48.8713803" lon="2.2998639"/>
  <node id="11010279357" lat="48.8713677" lon="2.2998672"/>
  <node id="11010279358" lat="48.8710170" lon="2.2995329">
    <tag k="barrier" v="kerb"/>
    <tag k="kerb" v="lowered"/>
    <tag k="tactile_paving" v="yes"/>
  </node>
  <node id="11010279359" lat="48.8710236" lon="2.2995188"/>
  <node id="11010279360" lat="48.8710135" lon="2.2994853"/>
  <node id="11010279361" lat="48.8710047" lon="2.2994839">
    <tag k="barrier" v="kerb"/>
    <tag k="kerb" v="lowered"/>
    <tag k="tactile_paving" v="yes"/>
  </node>
  <node id="11010279362" lat="48.8709332" lon="2.2993257"/>
  <node id="11010279363" lat="48.8709473" lon="2.2978914"/>
  <node id="11010279364" lat="48.8709490" lon="2.2978203"/>
  <node id="11010279365" lat="48.8708893" lon="2.2978084"/>
  <node id="11010279366" lat="48.8699376" lon="2.2983709"/>
  <node id="11010279367" lat="48.8699316" lon="2.2983929"/>
  <node id="11010279368" lat="48.8708653" lon="2.2993518"/>
  <node id="11010279369" lat="48.8709169" lon="2.2993874">
    <tag k="barrier" v="kerb"/>
    <tag k="kerb" v="lowered"/>
    <tag k="tactile_paving" v="yes"/>
  </node>
  <node id="11010279370" lat="48.8709107" lon="2.2993612"/>
  <node id="11010279371" lat="48.8708909" lon="2.2993907">
    <tag k="barrier" v="kerb"/>
    <tag k="kerb" v="lowered"/>
    <tag k="tactile_paving" v="yes"/>
  </node>
  <node id="11010279372" lat="48.8708891" lon="2.2993646"/>
  <node id="11010279373" lat="48.8708432" lon="2.2994933">
    <tag k="barrier" v="kerb"/>
    <tag k="kerb" v="lowered"/>
    <tag k="tactile_paving" v="yes"/>
  </node>
  <node id="11010279374" lat="48.8708279" lon="2.2994970"/>
  <node id="11010279375" lat="48.8708494" lon="2.2995289">
    <tag k="barrier" v="kerb"/>
    <tag k="kerb" v="lowered"/>
    <tag k="tactile_paving" v="yes"/>
  </node>
  <node id="11010279377" lat="48.8699561" lon="2.3000296"/>
  <node id="11010279378" lat="48.8697432" lon="2.2988074"/>
  <node id="11010279379" lat="48.8696927" lon="2.2985118"/>
  <node id="11010279380" lat="48.8698128" lon="2.2984435"/>
  <node id="11010279381" lat="48.8708256" lon="2.2994826"/>
  <node id="11010279382" lat="48.8708327" lon="2.2995275"/>
  <node id="11010279383" lat="48.8708194" lon="2.2995684"/>
  <node id="11010279384" lat="48.8700185" lon="2.3000371"/>
  <node id="11010279385" lat="48.8699765" lon="2.3000492"/>
  <node id="11010279386" lat="48.8699670" lon="2.3000675"/>
  <node id="11010279388" lat="48.8699993" lon="2.3001930"/>
  <node id="11010279389" lat="48.8709235" lon="2.2996462"/>
  <node id="11010279390" lat="48.8709544" lon="2.2996335"/>
  <node id="11010279391" lat="48.8709720" lon="2.2996415"/>
  <node id="11010279392" lat="48.8712931" lon="2.2999661"/>
  <node id="11010279393" lat="48.8713237" lon="2.2999949"/>
  <node id="11010279394" lat="48.8713287" lon="2.3000224"/>
  <node id="11010279395" lat="48.8710779" lon="2.3006078"/>
  <node id="11010279396" lat="48.8710413" lon="2.3006628"/>
  <node id="11010279397" lat="48.8701402" lon="2.3007479"/>
  <node id="11010279398" lat="48.8700758" lon="2.3007640"/>
  <node id="11010279399" lat="48.8699891" lon="2.3002227"/>
  <node id="11010279400" lat="48.8699796" lon="2.3002199"/>
  <node id="11010371476" lat="48.8694876" lon="2.2978400"/>
  <node id="11010371477" lat="48.8701054" lon="2.2966268"/>
  <node id="11010371478" lat="48.8701197" lon="2.2966299"/>
  <node id="11010371479" lat="48.8701745" lon="2.2967006"/>
  <node id="11010371480" lat="48.8701791" lon="2.2967146"/>
  <node id="11010371481" lat="48.8701933" lon="2.2966984"/>
  <node id="11010371482" lat="48.8702392" lon="2.2966096"/>
  <node id="11010371483" lat="48.8702442" lon="2.2965999"/>
  <node id="11010382338" lat="48.8708069" lon="2.2976198">
    <tag k="barrier" v="kerb"/>
    <tag k="kerb" v="no"/>
  </node>
  <node id="11010382339" lat="48.8708144" lon="2.2976351">
    <tag k="barrier" v="kerb"/>
    <tag k="kerb" v="no"/>
  </node>
  <node id="11010382340" lat="48.8717691" lon="2.2985637"/>
  <node id="11010382341" lat="48.8717704" lon="2.2985770"/>
  <node id="11010382342" lat="48.8717898" lon="2.2985506"/>
  <node id="11010382343" lat="48.8717963" lon="2.2985713"/>
  <node id="11010382344" lat="48.8718547" lon="2.2986733"/>
  <node id="11010382345" lat="48.8718457" lon="2.2986656">
    <tag k="barrier" v="kerb"/>
  </node>
  <node id="11010382346" lat="48.8718534" lon="2.2987130"/>
  <node id="11010382347" lat="48.8718508" lon="2.2987251">
    <tag k="barrier" v="kerb"/>
  </node>
  <node id="11010382349" lat="48.8721320" lon="2.2991072"/>
  <node id="11010382350" lat="48.8721651" lon="2.2991535"/>
  <node id="11010382351" lat="48.8721933" lon="2.2990646"/>
  <node id="11010382352" lat="48.8728706" lon="2.2969292"/>
  <node id="11010382353" lat="48.8727938" lon="2.2968364"/>
  <node id="11010382354" lat="48.8726765" lon="2.2966775"/>
  <node id="11010382355" lat="48.8725905" lon="2.2965286"/>
  <node id="11010382356" lat="48.8725090" lon="2.2965661"/>
  <node id="11010382357" lat="48.8724693" lon="2.2967099"/>
  <node id="11010382358" lat="48.8724580" lon="2.2967769"/>
  <node id="11010382359" lat="48.8717884" lon="2.2988900"/>
  <node id="11010382360" lat="48.8718363" lon="2.2988765"/>
  <node id="11010382361" lat="48.8721832" lon="2.2967257"/>
  <node id="11010382362" lat="48.8721937" lon="2.2966832"/>
  <node id="11010382363" lat="48.8723237" lon="2.2965724"/>
  <node id="11010382365" lat="48.8723240" lon="2.2964755"/>
  <node id="11010382366" lat="48.8723520" lon="2.2965385">
    <tag k="barrier" v="kerb"/>
  </node>
  <node id="11010382367" lat="48.8724041" lon="2.2964762">
    <tag k="barrier" v="kerb"/>
  </node>
  <node id="11010382368" lat="48.8725221" lon="2.2963821">
    <tag k="barrier" v="kerb"/>
  </node>
  <node id="11010382369" lat="48.8725113" lon="2.2963907"/>
  <node id="11010382371" lat="48.8721585" lon="2.2991743">
    <tag k="barrier" v="kerb"/>
    <tag k="kerb" v="lowered"/>
    <tag k="tactile_paving" v="yes"/>
  </node>
  <node id="11010382372" lat="48.8721339" lon="2.2992517">
    <tag k="barrier" v="kerb"/>
    <tag k="kerb" v="lowered"/>
    <tag k="tactile_paving" v="yes"/>
  </node>
  <node id="11010382373" lat="48.8721456" lon="2.2992149">
    <tag k="button_operated" v="no"/>
    <tag k="crossing" v="traffic_signals"/>
    <tag k="crossing:markings" v="zebra"/>
    <tag k="crossing:signals" v="yes"/>
    <tag k="highway" v="crossing"/>
    <tag k="tactile_paving" v="yes"/>
    <tag k="traffic_signals:sound" v="yes"/>
    <tag k="traffic_signals:vibration" v="yes"/>
  </node>
  <node id="11010382374" lat="48.8718221" lon="2.3002346">
    <tag k="barrier" v="kerb"/>
    <tag k="kerb" v="lowered"/>
    <tag k="tactile_paving" v="yes"/>
  </node>
  <node id="11010382375" lat="48.8718277" lon="2.3002171"/>
  <node id="11010382377" lat="48.8718086" lon="2.3002772">
    <tag k="crossing" v="uncontrolled"/>
    <tag k="crossing:island" v="no"/>
    <tag k="crossing:markings" v="zebra;lines"/>
    <tag k="highway" v="crossing"/>
    <tag k="tactile_paving" v="yes"/>
  </node>
  <node id="11010382378" lat="48.8699762" lon="2.3001300">
    <tag k="crossing" v="uncontrolled"/>
    <tag k="crossing:island" v="no"/>
    <tag k="crossing:markings" v="zebra"/>
    <tag k="crossing:signals" v="no"/>
    <tag k="highway" v="crossing"/>
  </node>
  <node id="11010382381" lat="48.8698182" lon="2.2984488"/>
  <node id="11010382546" lat="48.8713678" lon="2.2998788">
    <tag k="barrier" v="kerb"/>
    <tag k="kerb" v="lowered"/>
  </node>
  <node id="11010382547" lat="48.8713845" lon="2.2998721">
    <tag k="barrier" v="kerb"/>
    <tag k="kerb" v="lowered"/>
    <tag k="tactile_paving" v="yes"/>
  </node>
  <node id="11010382548" lat="48.8713313" lon="2.2999893">
    <tag k="barrier" v="kerb"/>
    <tag k="kerb" v="lowered"/>
    <tag k="tactile_paving" v="yes"/>
  </node>
  <node id="11010382573" lat="48.8717476" lon="2.3003174"/>
  <node id="11010529681" lat="48.8734871" lon="2.2928788"/>
  <node id="11010529682" lat="48.8734859" lon="2.2928588">
    <tag k="barrier" v="kerb"/>
    <tag k="kerb" v="lowered"/>
    <tag k="tactile_paving" v="yes"/>
  </node>
  <node id="11010529683" lat="48.8734066" lon="2.2928977"/>
  <node id="11010529684" lat="48.8732202" lon="2.2930009"/>
  <node id="11010529685" lat="48.8731181" lon="2.2930732"/>
  <node id="11010529688" lat="48.8730933" lon="2.2931713"/>
  <node id="11010529690" lat="48.8733378" lon="2.2935861"/>
  <node id="11010529692" lat="48.8734989" lon="2.2934925"/>
  <node id="11010529693" lat="48.8734980" lon="2.2934612"/>
  <node id="11010529694" lat="48.8734456" lon="2.2929894"/>
  <node id="11010529695" lat="48.8734328" lon="2.2928915"/>
  <node id="11010529696" lat="48.8734744" lon="2.2927586">
    <tag k="barrier" v="kerb"/>
    <tag k="kerb" v="lowered"/>
    <tag k="tactile_paving" v="yes"/>
  </node>
  <node id="11010529697" lat="48.8734679" lon="2.2927159"/>
  <node id="11010529698" lat="48.8735050" lon="2.2927094">
    <tag k="barrier" v="kerb"/>
    <tag k="kerb" v="lowered"/>
    <tag k="tactile_paving" v="yes"/>
  </node>
  <node id="11010529699" lat="48.8734844" lon="2.2928462">
    <tag k="button_operated" v="no"/>
    <tag k="crossing" v="traffic_signals"/>
    <tag k="crossing:island" v="no"/>
    <tag k="crossing:markings" v="zebra"/>
    <tag k="highway" v="crossing"/>
  </node>
  <node id="11010532811" lat="48.8694354" lon="2.2876083"/>
  <node id="11010532813" lat="48.8694160" lon="2.2877667"/>
  <node id="11010598628" lat="48.8728874" lon="2.2913531"/>
  <node id="11010598629" lat="48.8728950" lon="2.2913535"/>
  <node id="11010598630" lat="48.8734132" lon="2.2923710"/>
  <node id="11010598631" lat="48.8734056" lon="2.2923812"/>
  <node id="11010598632" lat="48.8749883" lon="2.2903552">
    <tag k="barrier" v="kerb"/>
    <tag k="kerb" v="lowered"/>
    <tag k="tactile_paving" v="yes"/>
  </node>
  <node id="11010598633" lat="48.8750124" lon="2.2902692">
    <tag k="barrier" v="kerb"/>
    <tag k="kerb" v="lowered"/>
    <tag k="tactile_paving" v="yes"/>
  </node>
  <node id="11010598634" lat="48.8736469" lon="2.2926733">
    <tag k="barrier" v="kerb"/>
    <tag k="kerb" v="lowered"/>
    <tag k="tactile_paving" v="yes"/>
  </node>
  <node id="11010598635" lat="48.8737288" lon="2.2926531"/>
  <node id="11010598636" lat="48.8737543" lon="2.2927003"/>
  <node id="11010598637" lat="48.8739502" lon="2.2927196"/>
  <node id="11010598638" lat="48.8741210" lon="2.2927572"/>
  <node id="11010598639" lat="48.8741362" lon="2.2927652"/>
  <node id="11010598640" lat="48.8741567" lon="2.2927775"/>
  <node id="11010598641" lat="48.8742133" lon="2.2927936"/>
  <node id="11010598642" lat="48.8742616" lon="2.2925805"/>
  <node id="11010598643" lat="48.8742830" lon="2.2925115"/>
  <node id="11010598644" lat="48.8744089" lon="2.2921207"/>
  <node id="11010598645" lat="48.8745379" lon="2.2917136"/>
  <node id="11010598646" lat="48.8745643" lon="2.2916273"/>
  <node id="11010598647" lat="48.8744803" lon="2.2915731"/>
  <node id="11010598648" lat="48.8741378" lon="2.2913568"/>
  <node id="11010598649" lat="48.8740383" lon="2.2912904"/>
  <node id="11010598650" lat="48.8739627" lon="2.2912436"/>
  <node id="11010598651" lat="48.8739388" lon="2.2912515"/>
  <node id="11010598652" lat="48.8739219" lon="2.2912781"/>
  <node id="11010598653" lat="48.8738125" lon="2.2917293"/>
  <node id="11010598654" lat="48.8736861" lon="2.2922381"/>
  <node id="11010604157" lat="48.8695107" lon="2.2956164"/>
  <node id="11010604165" lat="48.8700832" lon="2.2958582"/>
  <node id="11010604166" lat="48.8700648" lon="2.2958078"/>
  <node id="11010604167" lat="48.8701385" lon="2.2958580"/>
  <node id="11010604168" lat="48.8700948" lon="2.2958038"/>
  <node id="11010604169" lat="48.8701344" lon="2.2957679"/>
  <node id="11010604171" lat="48.8701510" lon="2.2955427"/>
  <node id="11010604172" lat="48.8700706" lon="2.2957418"/>
  <node id="11010604173" lat="48.8701187" lon="2.2956507"/>
  <node id="11010604174" lat="48.8701256" lon="2.2957405"/>
  <node id="11010604175" lat="48.8703751" lon="2.2954006"/>
  <node id="11010604176" lat="48.8702995" lon="2.2953991"/>
  <node id="11010604179" lat="48.8717299" lon="2.2951555"/>
  <node id="11010604180" lat="48.8694361" lon="2.2957398">
    <tag k="crossing:island" v="yes"/>
    <tag k="crossing:markings" v="yes"/>
    <tag k="crossing:signals" v="no"/>
    <tag k="highway" v="crossing"/>
    <tag k="tactile_paving" v="yes"/>
  </node>
  <node id="11010615853" lat="48.8721639" lon="2.2951148"/>
  <node id="11010615854" lat="48.8721594" lon="2.2951321"/>
  <node id="11010615856" lat="48.8721892" lon="2.2950316"/>
  <node id="11010615857" lat="48.8719999" lon="2.2951067">
    <tag k="barrier" v="kerb"/>
    <tag k="kerb" v="lowered"/>
    <tag k="tactile_paving" v="yes"/>
  </node>
  <node id="11010615858" lat="48.8722113" lon="2.2953628">
    <tag k="barrier" v="kerb"/>
    <tag k="kerb" v="lowered"/>
    <tag k="tactile_paving" v="yes"/>
  </node>
  <node id="11010615859" lat="48.8722396" lon="2.2954183">
    <tag k="barrier" v="kerb"/>
    <tag k="kerb" v="lowered"/>
    <tag k="tactile_paving" v="yes"/>
  </node>
  <node id="11010615860" lat="48.8722589" lon="2.2955080">
    <tag k="barrier" v="kerb"/>
    <tag k="kerb" v="lowered"/>
  </node>
  <node id="11010615861" lat="48.8722816" lon="2.2955165"/>
  <node id="11010615862" lat="48.8722998" lon="2.2956910"/>
  <node id="11010615864" lat="48.8722339" lon="2.2950347"/>
  <node id="11011917227" lat="48.8722006" lon="2.2962090"/>
  <node id="11011917228" lat="48.8722375" lon="2.2963179">
    <tag k="barrier" v="kerb"/>
  </node>
  <node id="11011917229" lat="48.8722736" lon="2.2964244">
    <tag k="barrier" v="kerb"/>
  </node>
  <node id="11011917230" lat="48.8722796" lon="2.2964422">
    <tag k="barrier" v="kerb"/>
  </node>
  <node id="11011917231" lat="48.8722952" lon="2.2964882">
    <tag k="barrier" v="kerb"/>
  </node>
  <node id="11011917232" lat="48.8724113" lon="2.2937975"/>
  <node id="11011917233" lat="48.8723979" lon="2.2938222">
    <tag k="barrier" v="kerb"/>
    <tag k="kerb" v="lowered"/>
    <tag k="tactile_paving" v="yes"/>
  </node>
  <node id="11011917234" lat="48.8723568" lon="2.2939124">
    <tag k="barrier" v="kerb"/>
    <tag k="kerb" v="lowered"/>
    <tag k="tactile_paving" v="yes"/>
  </node>
  <node id="11011917235" lat="48.8723683" lon="2.2938763">
    <tag k="barrier" v="kerb"/>
    <tag k="kerb" v="lowered"/>
    <tag k="tactile_paving" v="yes"/>
  </node>
  <node id="11011917236" lat="48.8723059" lon="2.2940702">
    <tag k="barrier" v="kerb"/>
    <tag k="kerb" v="lowered"/>
    <tag k="tactile_paving" v="yes"/>
  </node>
  <node id="11011917237" lat="48.8722945" lon="2.2941055">
    <tag k="barrier" v="kerb"/>
    <tag k="kerb" v="lowered"/>
    <tag k="tactile_paving" v="yes"/>
  </node>
  <node id="11011917238" lat="48.8722690" lon="2.2941627">
    <tag k="barrier" v="kerb"/>
    <tag k="kerb" v="lowered"/>
    <tag k="tactile_paving" v="yes"/>
  </node>
  <node id="11011917239" lat="48.8723840" lon="2.2938475">
    <tag k="crossing" v="uncontrolled"/>
    <tag k="crossing:island" v="no"/>
    <tag k="crossing:markings" v="zebra"/>
    <tag k="crossing:signals" v="no"/>
    <tag k="highway" v="crossing"/>
    <tag k="tactile_paving" v="yes"/>
  </node>
  <node id="11011917241" lat="48.8714490" lon="2.2931302">
    <tag k="barrier" v="kerb"/>
    <tag k="kerb" v="lowered"/>
    <tag k="tactile_paving" v="yes"/>
  </node>
  <node id="11011917242" lat="48.8714298" lon="2.2931948"/>
  <node id="11011917243" lat="48.8714193" lon="2.2932328"/>
  <node id="11011917244" lat="48.8713722" lon="2.2933938"/>
  <node id="11011917245" lat="48.8713523" lon="2.2934242"/>
  <node id="11011917246" lat="48.8713427" lon="2.2934481">
    <tag k="crossing" v="uncontrolled"/>
    <tag k="crossing:island" v="no"/>
    <tag k="crossing:markings" v="zebra"/>
    <tag k="highway" v="crossing"/>
    <tag k="kerb" v="lowered"/>
    <tag k="tactile_paving" v="yes"/>
  </node>
  <node id="11011917247" lat="48.8714561" lon="2.2931054"/>
  <node id="11011917248" lat="48.8713292" lon="2.2934817"/>
  <node id="11011954187" lat="48.8741470" lon="2.2896981"/>
  <node id="11011990819" lat="48.8745855" lon="2.2916254">
    <tag k="barrier" v="kerb"/>
    <tag k="kerb" v="lowered"/>
    <tag k="tactile_paving" v="yes"/>
  </node>
  <node id="11011990820" lat="48.8746107" lon="2.2915436">
    <tag k="barrier" v="kerb"/>
    <tag k="kerb" v="lowered"/>
    <tag k="tactile_paving" v="yes"/>
  </node>
  <node id="11011990821" lat="48.8741837" lon="2.2912703"/>
  <node id="11011990822" lat="48.8741453" lon="2.2913616"/>
  <node id="11011990823" lat="48.8741502" lon="2.2913518"/>
  <node id="11011990824" lat="48.8740593" lon="2.2913044"/>
  <node id="11011990825" lat="48.8740625" lon="2.2912952"/>
  <node id="11011990826" lat="48.8740834" lon="2.2912100"/>
  <node id="11011990827" lat="48.8739413" lon="2.2912507"/>
  <node id="11011990828" lat="48.8739434" lon="2.2912372"/>
  <node id="11011990829" lat="48.8739590" lon="2.2911342"/>
  <node id="11011990830" lat="48.8739608" lon="2.2911255"/>
  <node id="11011990831" lat="48.8739326" lon="2.2910944"/>
  <node id="11011990832" lat="48.8738468" lon="2.2903011"/>
  <node id="11011990834" lat="48.8738549" lon="2.2902474"/>
  <node id="11011990835" lat="48.8738439" lon="2.2900962"/>
  <node id="11011990836" lat="48.8738444" lon="2.2900824"/>
  <node id="11012233182" lat="48.8752422" lon="2.2914896"/>
  <node id="11012233183" lat="48.8748806" lon="2.2926155"/>
  <node id="11012233184" lat="48.8748131" lon="2.2927583"/>
  <node id="11012233185" lat="48.8747827" lon="2.2928180"/>
  <node id="11012233186" lat="48.8747261" lon="2.2930020"/>
  <node id="11012233187" lat="48.8747109" lon="2.2930421"/>
  <node id="11012233188" lat="48.8746666" lon="2.2930774">
    <tag k="barrier" v="kerb"/>
  </node>
  <node id="11012233189" lat="48.8746737" lon="2.2931009"/>
  <node id="11012233190" lat="48.8746805" lon="2.2931623">
    <tag k="barrier" v="kerb"/>
    <tag k="kerb" v="lowered"/>
    <tag k="tactile_paving" v="yes"/>
  </node>
  <node id="11012233191" lat="48.8746867" lon="2.2931472"/>
  <node id="11012233192" lat="48.8747081" lon="2.2931754"/>
  <node id="11012233193" lat="48.8747434" lon="2.2932176"/>
  <node id="11012233194" lat="48.8748157" lon="2.2933082"/>
  <node id="11012233195" lat="48.8749327" lon="2.2934932"/>
  <node id="11012233196" lat="48.8749110" lon="2.2934523"/>
  <node id="11012233197" lat="48.8749996" lon="2.2936193"/>
  <node id="11012233198" lat="48.8750357" lon="2.2936834">
    <tag k="barrier" v="kerb"/>
    <tag k="kerb" v="lowered"/>
    <tag k="tactile_paving" v="yes"/>
  </node>
  <node id="11012233199" lat="48.8750499" lon="2.2936481"/>
  <node id="11012233200" lat="48.8750807" lon="2.2936523"/>
  <node id="11012233202" lat="48.8751884" lon="2.2935301"/>
  <node id="11012233203" lat="48.8752184" lon="2.2934409"/>
  <node id="11012233204" lat="48.8756581" lon="2.2931023"/>
  <node id="11012233205" lat="48.8756493" lon="2.2930761"/>
  <node id="11012233206" lat="48.8757604" lon="2.2929729"/>
  <node id="11012233207" lat="48.8763368" lon="2.2925021">
    <tag k="barrier" v="kerb"/>
    <tag k="kerb" v="lowered"/>
    <tag k="tactile_paving" v="yes"/>
  </node>
  <node id="11012233208" lat="48.8763214" lon="2.2925162"/>
  <node id="11012233209" lat="48.8753176" lon="2.2915272"/>
  <node id="11012233210" lat="48.8752607" lon="2.2914876"/>
  <node id="11012233211" lat="48.8752625" lon="2.2914608"/>
  <node id="11012233212" lat="48.8752960" lon="2.2913575"/>
  <node id="11012233213" lat="48.8753022" lon="2.2913441"/>
  <node id="11012233214" lat="48.8764047" lon="2.2924069"/>
  <node id="11012233216" lat="48.8764255" lon="2.2924203"/>
  <node id="11012351364" lat="48.8738312" lon="2.2973807"/>
  <node id="11012351366" lat="48.8738831" lon="2.2974005"/>
  <node id="11012351367" lat="48.8738512" lon="2.2973843"/>
  <node id="11012351368" lat="48.8737361" lon="2.2973730"/>
  <node id="11012351369" lat="48.8736660" lon="2.2973704"/>
  <node id="11012351370" lat="48.8734587" lon="2.2973241"/>
  <node id="11012351372" lat="48.8733736" lon="2.2972959"/>
  <node id="11012351373" lat="48.8733107" lon="2.2974937">
    <tag k="barrier" v="kerb"/>
    <tag k="kerb" v="lowered"/>
    <tag k="tactile_paving" v="no"/>
  </node>
  <node id="11012351374" lat="48.8733158" lon="2.2974779"/>
  <node id="11012351375" lat="48.8738071" lon="2.2982629"/>
  <node id="11012351376" lat="48.8739252" lon="2.2982793">
    <tag k="barrier" v="kerb"/>
    <tag k="kerb" v="lowered"/>
  </node>
  <node id="11012351377" lat="48.8739208" lon="2.2982484"/>
  <node id="11012351378" lat="48.8738255" lon="2.2982848"/>
  <node id="11012351379" lat="48.8738172" lon="2.2983038">
    <tag k="barrier" v="kerb"/>
    <tag k="tactile_paving" v="yes"/>
  </node>
  <node id="11012351380" lat="48.8741358" lon="2.2996572">
    <tag k="barrier" v="kerb"/>
    <tag k="kerb" v="lowered"/>
    <tag k="tactile_paving" v="yes"/>
  </node>
  <node id="11012351381" lat="48.8741232" lon="2.2995430"/>
  <node id="11012351382" lat="48.8740837" lon="2.2995536"/>
  <node id="11012351383" lat="48.8741512" lon="2.2997973">
    <tag k="barrier" v="kerb"/>
    <tag k="kerb" v="lowered"/>
    <tag k="tactile_paving" v="yes"/>
  </node>
  <node id="11012351384" lat="48.8741622" lon="2.2998978"/>
  <node id="11012351385" lat="48.8740580" lon="2.2999915"/>
  <node id="11012351393" lat="48.8737927" lon="2.3005394"/>
  <node id="11012351427" lat="48.8731491" lon="2.3002118"/>
  <node id="11012351429" lat="48.8725784" lon="2.2997766"/>
  <node id="11012351430" lat="48.8725915" lon="2.2997346"/>
  <node id="11012351434" lat="48.8723934" lon="2.3003237"/>
  <node id="11012351435" lat="48.8723931" lon="2.3003752"/>
  <node id="11012351458" lat="48.8720832" lon="2.3013519"/>
  <node id="11012351459" lat="48.8720914" lon="2.3013251"/>
  <node id="11012351499" lat="48.8731610" lon="2.3002225"/>
  <node id="11012351506" lat="48.8732185" lon="2.3000951"/>
  <node id="11012351508" lat="48.8732005" lon="2.3001035"/>
  <node id="11012351510" lat="48.8726147" lon="2.2996598"/>
  <node id="11012351511" lat="48.8726105" lon="2.2996736">
    <tag k="barrier" v="kerb"/>
    <tag k="kerb" v="lowered"/>
    <tag k="tactile_paving" v="yes"/>
  </node>
  <node id="11012351513" lat="48.8732894" lon="2.2975610">
    <tag k="barrier" v="kerb"/>
    <tag k="kerb" v="lowered"/>
    <tag k="tactile_paving" v="yes"/>
  </node>
  <node id="11012351514" lat="48.8732738" lon="2.2976099"/>
  <node id="11012351515" lat="48.8737476" lon="2.2983601"/>
  <node id="11012351517" lat="48.8737564" lon="2.2983822"/>
  <node id="11012351518" lat="48.8737599" lon="2.2984184"/>
  <node id="11012351520" lat="48.8738172" lon="2.2985411"/>
  <node id="11012351521" lat="48.8733034" lon="2.3001223"/>
  <node id="11012351523" lat="48.8732954" lon="2.3001567"/>
  <node id="11012351529" lat="48.8737184" lon="2.3004898">
    <tag k="barrier" v="kerb"/>
    <tag k="kerb" v="lowered"/>
    <tag k="tactile_paving" v="yes"/>
  </node>
  <node id="11012351530" lat="48.8737104" lon="2.3004786"/>
  <node id="11012351531" lat="48.8740739" lon="2.2997609"/>
  <node id="11012351532" lat="48.8740864" lon="2.2997215"/>
  <node id="11012351533" lat="48.8739652" lon="2.2986532"/>
  <node id="11012351534" lat="48.8739594" lon="2.2986663"/>
  <node id="11012351535" lat="48.8738740" lon="2.2985368"/>
  <node id="11012351536" lat="48.8738234" lon="2.2985023">
    <tag k="barrier" v="kerb"/>
    <tag k="tactile_paving" v="yes"/>
  </node>
  <node id="11012351537" lat="48.8738313" lon="2.2985311"/>
  <node id="11012357943" lat="48.8762817" lon="2.2939532"/>
  <node id="11012357946" lat="48.8762499" lon="2.2939261"/>
  <node id="11012357947" lat="48.8758364" lon="2.2935577"/>
  <node id="11012357948" lat="48.8758113" lon="2.2935182"/>
  <node id="11012357949" lat="48.8757946" lon="2.2935341"/>
  <node id="11012357950" lat="48.8757895" lon="2.2935103"/>
  <node id="11012357951" lat="48.8758345" lon="2.2934985"/>
  <node id="11012357952" lat="48.8763302" lon="2.2930790"/>
  <node id="11012357953" lat="48.8763264" lon="2.2930682"/>
  <node id="11012358019" lat="48.8746457" lon="2.2932471">
    <tag k="barrier" v="kerb"/>
    <tag k="kerb" v="lowered"/>
    <tag k="tactile_paving" v="yes"/>
  </node>
  <node id="11012358020" lat="48.8746674" lon="2.2931943">
    <tag k="button_operated" v="no"/>
    <tag k="crossing" v="traffic_signals"/>
    <tag k="crossing:island" v="no"/>
    <tag k="crossing:markings" v="zebra"/>
    <tag k="crossing:signals" v="yes"/>
    <tag k="highway" v="crossing"/>
    <tag k="tactile_paving" v="yes"/>
    <tag k="traffic_signals:sound" v="yes"/>
  </node>
  <node id="11012358021" lat="48.8746523" lon="2.2932311">
    <tag k="button_operated" v="no"/>
    <tag k="crossing" v="traffic_signals"/>
    <tag k="crossing:island" v="no"/>
    <tag k="crossing:markings" v="zebra"/>
    <tag k="highway" v="crossing"/>
  </node>
  <node id="11012358023" lat="48.8757467" lon="2.2935815"/>
  <node id="11012358024" lat="48.8757326" lon="2.2935911"/>
  <node id="11012358025" lat="48.8752897" lon="2.2939444"/>
  <node id="11012358026" lat="48.8752580" lon="2.2939365"/>
  <node id="11012358027" lat="48.8751718" lon="2.2940206"/>
  <node id="11012358028" lat="48.8751854" lon="2.2940938"/>
  <node id="11012358029" lat="48.8752381" lon="2.2943087"/>
  <node id="11012358030" lat="48.8752964" lon="2.2946083"/>
  <node id="11012358031" lat="48.8765710" lon="2.2943626"/>
  <node id="11012358032" lat="48.8765396" lon="2.2943018"/>
  <node id="11012358034" lat="48.8762481" lon="2.2940450"/>
  <node id="11012358040" lat="48.8765168" lon="2.2948121"/>
  <node id="11012358041" lat="48.8764999" lon="2.2948533"/>
  <node id="11012358042" lat="48.8754673" lon="2.2960514"/>
  <node id="11012358043" lat="48.8754717" lon="2.2960916"/>
  <node id="11012358044" lat="48.8755291" lon="2.2961158"/>
  <node id="11012358045" lat="48.8757544" lon="2.2962747"/>
  <node id="11012358046" lat="48.8758924" lon="2.2963786"/>
  <node id="11012358047" lat="48.8759443" lon="2.2963909"/>
  <node id="11012358048" lat="48.8759652" lon="2.2963236"/>
  <node id="11012358049" lat="48.8760028" lon="2.2962790"/>
  <node id="11012358050" lat="48.8771375" lon="2.2949010"/>
  <node id="11012358051" lat="48.8771774" lon="2.2948882"/>
  <node id="11012358060" lat="48.8764513" lon="2.2947883">
    <tag k="barrier" v="kerb"/>
    <tag k="tactile_paving" v="yes"/>
  </node>
  <node id="11012358061" lat="48.8764310" lon="2.2947926"/>
  <node id="11012358062" lat="48.8763365" lon="2.2949021"/>
  <node id="11012358063" lat="48.8755123" lon="2.2958688"/>
  <node id="11012358064" lat="48.8754023" lon="2.2960024"/>
  <node id="11012358067" lat="48.8753737" lon="2.2959800"/>
  <node id="11012358068" lat="48.8752559" lon="2.2958969"/>
  <node id="11012358069" lat="48.8752434" lon="2.2959349">
    <tag k="barrier" v="kerb"/>
    <tag k="tactile_paving" v="yes"/>
  </node>
  <node id="11012358070" lat="48.8752199" lon="2.2958642"/>
  <node id="11012358071" lat="48.8752454" lon="2.2957496"/>
  <node id="11012358072" lat="48.8752777" lon="2.2955726"/>
  <node id="11012358073" lat="48.8753074" lon="2.2953093"/>
  <node id="11012358074" lat="48.8753185" lon="2.2950461"/>
  <node id="11012358075" lat="48.8753218" lon="2.2949477"/>
  <node id="11012358078" lat="48.8754601" lon="2.2949082"/>
  <node id="11012358079" lat="48.8755071" lon="2.2949444"/>
  <node id="11012358092" lat="48.8771610" lon="2.2948701"/>
  <node id="11012358094" lat="48.8760094" lon="2.2964277">
    <tag k="barrier" v="kerb"/>
    <tag k="kerb" v="lowered"/>
    <tag k="tactile_paving" v="yes"/>
  </node>
  <node id="11012358095" lat="48.8758835" lon="2.2964033">
    <tag k="barrier" v="kerb"/>
    <tag k="tactile_paving" v="yes"/>
  </node>
  <node id="11012358096" lat="48.8757922" lon="2.2966723">
    <tag k="barrier" v="kerb"/>
    <tag k="tactile_paving" v="yes"/>
  </node>
  <node id="11012358097" lat="48.8757735" lon="2.2967272"/>
  <node id="11012358098" lat="48.8758428" lon="2.2965239">
    <tag k="barrier" v="kerb"/>
    <tag k="tactile_paving" v="no"/>
  </node>
  <node id="11012358099" lat="48.8758338" lon="2.2965502">
    <tag k="barrier" v="kerb"/>
    <tag k="tactile_paving" v="no"/>
  </node>
  <node id="11012358102" lat="48.8753518" lon="2.2949242"/>
  <node id="11012358104" lat="48.8753300" lon="2.2946194"/>
  <node id="11012358106" lat="48.8753716" lon="2.2945784"/>
  <node id="11012358113" lat="48.8773931" lon="2.2944217">
    <tag k="crossing" v="traffic_signals"/>
    <tag k="crossing:markings" v="zebra"/>
    <tag k="highway" v="crossing"/>
    <tag k="tactile_paving" v="no"/>
    <tag k="traffic_signals:sound" v="no"/>
  </node>
  <node id="11012446362" lat="48.8730530" lon="2.2983048"/>
  <node id="11012446363" lat="48.8730197" lon="2.2983561"/>
  <node id="11012446365" lat="48.8732976" lon="2.2975350">
    <tag k="button_operated" v="no"/>
    <tag k="crossing" v="traffic_signals"/>
    <tag k="crossing:markings" v="zebra"/>
    <tag k="crossing:signals" v="yes"/>
    <tag k="highway" v="crossing"/>
    <tag k="tactile_paving" v="no"/>
    <tag k="traffic_signals:sound" v="yes"/>
  </node>
  <node id="11012446366" lat="48.8732512" lon="2.2975765"/>
  <node id="11012446367" lat="48.8738019" lon="2.2984669">
    <tag k="crossing" v="uncontrolled"/>
    <tag k="crossing:island" v="no"/>
    <tag k="crossing:markings" v="zebra"/>
    <tag k="crossing:signals" v="no"/>
    <tag k="highway" v="crossing"/>
    <tag k="tactile_paving" v="yes"/>
  </node>
  <node id="11012446368" lat="48.8737955" lon="2.2983364">
    <tag k="crossing" v="uncontrolled"/>
    <tag k="crossing:island" v="no"/>
    <tag k="crossing:markings" v="zebra"/>
    <tag k="crossing:signals" v="no"/>
    <tag k="highway" v="crossing"/>
    <tag k="tactile_paving" v="yes"/>
  </node>
  <node id="11012446402" lat="48.8721367" lon="2.3013881"/>
  <node id="11012446420" lat="48.8726198" lon="2.2998077"/>
  <node id="11012458175" lat="48.8720148" lon="2.3012204"/>
  <node id="11012458176" lat="48.8725013" lon="2.2997210"/>
  <node id="11012458177" lat="48.8725369" lon="2.2996097"/>
  <node id="11012458179" lat="48.8729455" lon="2.2970186"/>
  <node id="11012458186" lat="48.8696346" lon="2.2980112"/>
  <node id="11012458193" lat="48.8710373" lon="2.2974618">
    <tag k="barrier" v="kerb"/>
    <tag k="kerb" v="no"/>
  </node>
  <node id="11012458194" lat="48.8710490" lon="2.2974752">
    <tag k="barrier" v="kerb"/>
    <tag k="kerb" v="no"/>
  </node>
  <node id="11012500824" lat="48.8701500" lon="2.3007470"/>
  <node id="11013832016" lat="48.8740877" lon="2.2999480"/>
  <node id="11013832017" lat="48.8739837" lon="2.2987121"/>
  <node id="11013832018" lat="48.8739344" lon="2.2983463"/>
  <node id="11013832019" lat="48.8739529" lon="2.2985394"/>
  <node id="11013849121" lat="48.8725901" lon="2.2847970"/>
  <node id="11013849122" lat="48.8726064" lon="2.2849368"/>
  <node id="11013849123" lat="48.8728935" lon="2.2876293"/>
  <node id="11013849124" lat="48.8732579" lon="2.2909421"/>
  <node id="11013849125" lat="48.8734254" lon="2.2922021"/>
  <node id="11013849126" lat="48.8733347" lon="2.2920707"/>
  <node id="11013849127" lat="48.8733458" lon="2.2920929"/>
  <node id="11013849128" lat="48.8733402" lon="2.2921021"/>
  <node id="11013849129" lat="48.8733116" lon="2.2920355"/>
  <node id="11013849130" lat="48.8729773" lon="2.2914227"/>
  <node id="11013849131" lat="48.8729598" lon="2.2913505"/>
  <node id="11013849132" lat="48.8729524" lon="2.2912862"/>
  <node id="11013849133" lat="48.8725263" lon="2.2874223"/>
  <node id="11013849134" lat="48.8724990" lon="2.2871921"/>
  <node id="11013849135" lat="48.8723280" lon="2.2856135"/>
  <node id="11013849136" lat="48.8722658" lon="2.2849667"/>
  <node id="11013849150" lat="48.8736924" lon="2.2894679"/>
  <node id="11013849151" lat="48.8738655" lon="2.2910205"/>
  <node id="11013849152" lat="48.8738688" lon="2.2911013"/>
  <node id="11013849153" lat="48.8738615" lon="2.2912299"/>
  <node id="11013849154" lat="48.8736823" lon="2.2919596"/>
  <node id="11013849155" lat="48.8738782" lon="2.2910996"/>
  <node id="11013849156" lat="48.8738076" lon="2.2910938"/>
  <node id="11013849157" lat="48.8735714" lon="2.2909412"/>
  <node id="11013849158" lat="48.8735119" lon="2.2909138"/>
  <node id="11013849159" lat="48.8736183" lon="2.2922091"/>
  <node id="11013849160" lat="48.8734995" lon="2.2907869"/>
  <node id="11013849193" lat="48.8722671" lon="2.2849560"/>
  <node id="11013849203" lat="48.8722168" lon="2.2848343">
    <tag k="crossing" v="traffic_signals"/>
    <tag k="crossing:island" v="no"/>
    <tag k="crossing:markings" v="zebra"/>
    <tag k="highway" v="crossing"/>
    <tag k="traffic_signals:sound" v="yes"/>
  </node>
  <node id="11013849211" lat="48.8733034" lon="2.2921702"/>
  <node id="11013849212" lat="48.8732993" lon="2.2921789"/>
  <node id="11013849213" lat="48.8733241" lon="2.2921320">
    <tag k="crossing" v="uncontrolled"/>
    <tag k="crossing:island" v="no"/>
    <tag k="crossing:markings" v="zebra"/>
    <tag k="crossing:signals" v="no"/>
    <tag k="highway" v="crossing"/>
  </node>
  <node id="11013849214" lat="48.8736355" lon="2.2923691"/>
  <node id="11013849215" lat="48.8736992" lon="2.2923660"/>
  <node id="11013849216" lat="48.8736460" lon="2.2923761"/>
  <node id="11013849219" lat="48.8737929" lon="2.2903000"/>
  <node id="11013849220" lat="48.8737829" lon="2.2903010"/>
  <node id="11013849226" lat="48.8738340" lon="2.3002309"/>
  <node id="11013849227" lat="48.8729530" lon="2.2913609"/>
  <node id="11015475110" lat="48.8723356" lon="2.2856840"/>
  <node id="11015475113" lat="48.8725187" lon="2.2873585"/>
  <node id="11015526619" lat="48.8755509" lon="2.2884985"/>
  <node id="11015526627" lat="48.8753790" lon="2.2890281"/>
  <node id="11015526628" lat="48.8758525" lon="2.2893503"/>
  <node id="11015526629" lat="48.8758239" lon="2.2894573"/>
  <node id="11015526630" lat="48.8757174" lon="2.2897720"/>
  <node id="11015526631" lat="48.8756539" lon="2.2900312"/>
  <node id="11015526632" lat="48.8754962" lon="2.2905129"/>
  <node id="11015526633" lat="48.8754654" lon="2.2904865">
    <tag k="barrier" v="kerb"/>
    <tag k="kerb" v="lowered"/>
    <tag k="tactile_paving" v="yes"/>
  </node>
  <node id="11015526634" lat="48.8753071" lon="2.2912779"/>
  <node id="11015526635" lat="48.8754049" lon="2.2909760"/>
  <node id="11015526636" lat="48.8754009" lon="2.2904370">
    <tag k="barrier" v="kerb"/>
    <tag k="kerb" v="lowered"/>
    <tag k="tactile_paving" v="yes"/>
  </node>
  <node id="11015526637" lat="48.8753820" lon="2.2904230">
    <tag k="barrier" v="kerb"/>
    <tag k="kerb" v="lowered"/>
    <tag k="tactile_paving" v="yes"/>
  </node>
  <node id="11015526639" lat="48.8750482" lon="2.2901802"/>
  <node id="11015526640" lat="48.8752765" lon="2.2903513">
    <tag k="barrier" v="kerb"/>
    <tag k="kerb" v="flush"/>
    <tag k="tactile_paving" v="yes"/>
  </node>
  <node id="11015526641" lat="48.8752572" lon="2.2903380">
    <tag k="barrier" v="kerb"/>
    <tag k="kerb" v="flush"/>
    <tag k="tactile_paving" v="yes"/>
  </node>
  <node id="11015526642" lat="48.8748524" lon="2.2912369"/>
  <node id="11015526643" lat="48.8747165" lon="2.2911421"/>
  <node id="11015526644" lat="48.8747678" lon="2.2911778"/>
  <node id="11015526645" lat="48.8748344" lon="2.2912243"/>
  <node id="11015526646" lat="48.8749716" lon="2.2913217"/>
  <node id="11015526647" lat="48.8749505" lon="2.2913049"/>
  <node id="11015526648" lat="48.8749614" lon="2.2913135">
    <tag k="crossing" v="traffic_signals"/>
    <tag k="crossing:markings" v="zebra"/>
    <tag k="highway" v="crossing"/>
  </node>
  <node id="11015526649" lat="48.8750779" lon="2.2914041"/>
  <node id="11015526650" lat="48.8752326" lon="2.2915194"/>
  <node id="11015526651" lat="48.8752201" lon="2.2915100"/>
  <node id="11015526652" lat="48.8751279" lon="2.2914413"/>
  <node id="11015526653" lat="48.8746461" lon="2.2930095">
    <tag k="barrier" v="kerb"/>
  </node>
  <node id="11015526654" lat="48.8745872" lon="2.2929345">
    <tag k="barrier" v="kerb"/>
  </node>
  <node id="11015526655" lat="48.8743599" lon="2.2927676">
    <tag k="barrier" v="kerb"/>
  </node>
  <node id="11015526656" lat="48.8742328" lon="2.2927379"/>
  <node id="11015526657" lat="48.8744787" lon="2.2928548">
    <tag k="barrier" v="kerb"/>
    <tag k="kerb" v="no"/>
    <tag k="tactile_paving" v="yes"/>
  </node>
  <node id="11015526658" lat="48.8744676" lon="2.2928467">
    <tag k="barrier" v="kerb"/>
    <tag k="kerb" v="no"/>
    <tag k="tactile_paving" v="yes"/>
  </node>
  <node id="11015526659" lat="48.8752059" lon="2.2914994">
    <tag k="crossing" v="unmarked"/>
    <tag k="crossing:island" v="no"/>
    <tag k="crossing:markings" v="no"/>
    <tag k="highway" v="crossing"/>
  </node>
  <node id="11015526661" lat="48.8748011" lon="2.2912010">
    <tag k="crossing" v="marked"/>
    <tag k="crossing:island" v="no"/>
    <tag k="crossing:markings" v="zebra"/>
    <tag k="highway" v="crossing"/>
  </node>
  <node id="11015558769" lat="48.8730647" lon="2.2931045">
    <tag k="barrier" v="kerb"/>
    <tag k="kerb" v="lowered"/>
    <tag k="tactile_paving" v="yes"/>
  </node>
  <node id="11015558770" lat="48.8730598" lon="2.2930919">
    <tag k="button_operated" v="no"/>
    <tag k="crossing" v="traffic_signals"/>
    <tag k="crossing:island" v="no"/>
    <tag k="crossing:markings" v="zebra"/>
    <tag k="highway" v="crossing"/>
  </node>
  <node id="11015571133" lat="48.8756949" lon="2.2932189"/>
  <node id="11015571134" lat="48.8756863" lon="2.2931781"/>
  <node id="11015571135" lat="48.8756709" lon="2.2931368">
    <tag k="crossing" v="uncontrolled"/>
    <tag k="crossing:island" v="no"/>
    <tag k="crossing:markings" v="zebra"/>
    <tag k="highway" v="crossing"/>
  </node>
  <node id="11015661115" lat="48.8739295" lon="2.2974404">
    <tag k="barrier" v="kerb"/>
    <tag k="kerb" v="lowered"/>
    <tag k="tactile_paving" v="yes"/>
  </node>
  <node id="11015661116" lat="48.8740925" lon="2.2974008"/>
  <node id="11015661117" lat="48.8740502" lon="2.2974123">
    <tag k="barrier" v="kerb"/>
    <tag k="kerb" v="lowered"/>
  </node>
  <node id="11015661118" lat="48.8740854" lon="2.2973375"/>
  <node id="11015661119" lat="48.8740836" lon="2.2973215"/>
  <node id="11015661121" lat="48.8742135" lon="2.2972794"/>
  <node id="11015661122" lat="48.8743135" lon="2.2972302"/>
  <node id="11015661123" lat="48.8743941" lon="2.2971800"/>
  <node id="11015661124" lat="48.8744759" lon="2.2971270"/>
  <node id="11015661125" lat="48.8744711" lon="2.2971074"/>
  <node id="11015661126" lat="48.8744901" lon="2.2971831"/>
  <node id="11015661128" lat="48.8744975" lon="2.2971756"/>
  <node id="11015661132" lat="48.8751256" lon="2.2987043"/>
  <node id="11015661133" lat="48.8749840" lon="2.3000692"/>
  <node id="11015661134" lat="48.8749793" lon="2.3000869"/>
  <node id="11015661135" lat="48.8749417" lon="2.3000789"/>
  <node id="11015661136" lat="48.8743436" lon="2.2991180"/>
  <node id="11015661137" lat="48.8743251" lon="2.2989616"/>
  <node id="11015661138" lat="48.8742710" lon="2.2990058"/>
  <node id="11015661139" lat="48.8745471" lon="2.2971248"/>
  <node id="11015661140" lat="48.8745671" lon="2.2971044"/>
  <node id="11015661142" lat="48.8746733" lon="2.2969959"/>
  <node id="11015661143" lat="48.8747249" lon="2.2968840"/>
  <node id="11015661144" lat="48.8747177" lon="2.2968675"/>
  <node id="11015661146" lat="48.8748280" lon="2.2967496"/>
  <node id="11015661147" lat="48.8749137" lon="2.2966195"/>
  <node id="11015661148" lat="48.8749922" lon="2.2964724"/>
  <node id="11015661149" lat="48.8750636" lon="2.2963214"/>
  <node id="11015661150" lat="48.8751037" lon="2.2962305"/>
  <node id="11015661151" lat="48.8751427" lon="2.2962408"/>
  <node id="11015661152" lat="48.8751679" lon="2.2962635"/>
  <node id="11015661153" lat="48.8753582" lon="2.2964257"/>
  <node id="11015661154" lat="48.8753553" lon="2.2964961"/>
  <node id="11015661155" lat="48.8751987" lon="2.2980064"/>
  <node id="11015661156" lat="48.8751489" lon="2.2978914"/>
  <node id="11015661157" lat="48.8747287" lon="2.2968791"/>
  <node id="11015661158" lat="48.8752008" lon="2.2960644">
    <tag k="barrier" v="kerb"/>
    <tag k="tactile_paving" v="yes"/>
  </node>
  <node id="11015661159" lat="48.8751972" lon="2.2960752">
    <tag k="barrier" v="kerb"/>
    <tag k="tactile_paving" v="yes"/>
  </node>
  <node id="11015661162" lat="48.8753758" lon="2.2964386">
    <tag k="barrier" v="kerb"/>
    <tag k="tactile_paving" v="yes"/>
  </node>
  <node id="11015661163" lat="48.8754610" lon="2.2964954">
    <tag k="barrier" v="kerb"/>
    <tag k="tactile_paving" v="yes"/>
  </node>
  <node id="11015661164" lat="48.8747001" lon="2.2969164"/>
  <node id="11070645085" lat="48.8744877" lon="2.2932280">
    <tag k="barrier" v="kerb"/>
  </node>
  <node id="11070645086" lat="48.8743818" lon="2.2931454">
    <tag k="crossing" v="traffic_signals"/>
    <tag k="crossing:island" v="no"/>
    <tag k="crossing:markings" v="zebra"/>
    <tag k="crossing:signals" v="yes"/>
    <tag k="highway" v="crossing"/>
  </node>
  <node id="11070666329" lat="48.8763096" lon="2.2930234"/>
  <node id="11070666330" lat="48.8758875" lon="2.2933360"/>
  <node id="11070666331" lat="48.8759024" lon="2.2933786"/>
  <node id="11070666332" lat="48.8759191" lon="2.2934269"/>
  <node id="11070666333" lat="48.8750946" lon="2.2937165">
    <tag k="barrier" v="kerb"/>
    <tag k="kerb" v="lowered"/>
    <tag k="tactile_paving" v="yes"/>
  </node>
  <node id="11070666334" lat="48.8751599" lon="2.2938993">
    <tag k="barrier" v="kerb"/>
    <tag k="kerb" v="lowered"/>
  </node>
  <node id="11070666335" lat="48.8749578" lon="2.2938215">
    <tag k="barrier" v="kerb"/>
  </node>
  <node id="11070666336" lat="48.8750271" lon="2.2940112">
    <tag k="barrier" v="kerb"/>
  </node>
  <node id="11070666337" lat="48.8751548" lon="2.2940315">
    <tag k="barrier" v="kerb"/>
  </node>
  <node id="11070666338" lat="48.8751984" lon="2.2939785"/>
  <node id="11070666339" lat="48.8742089" lon="2.2928086">
    <tag k="barrier" v="kerb"/>
    <tag k="kerb" v="lowered"/>
    <tag k="tactile_paving" v="yes"/>
  </node>
  <node id="11070666340" lat="48.8741904" lon="2.2929049">
    <tag k="barrier" v="kerb"/>
    <tag k="kerb" v="lowered"/>
    <tag k="tactile_paving" v="yes"/>
  </node>
  <node id="11070666341" lat="48.8751078" lon="2.2940648">
    <tag k="crossing" v="traffic_signals"/>
    <tag k="crossing:island" v="no"/>
    <tag k="crossing:markings" v="zebra"/>
    <tag k="highway" v="crossing"/>
  </node>
  <node id="11070666343" lat="48.8749842" lon="2.2937440">
    <tag k="crossing" v="uncontrolled"/>
    <tag k="crossing:island" v="no"/>
    <tag k="crossing:markings" v="zebra"/>
    <tag k="highway" v="crossing"/>
  </node>
  <node id="11070666344" lat="48.8741938" lon="2.2928868">
    <tag k="button_operated" v="no"/>
    <tag k="crossing" v="traffic_signals"/>
    <tag k="crossing:island" v="no"/>
    <tag k="crossing:markings" v="zebra"/>
    <tag k="highway" v="crossing"/>
  </node>
  <node id="11070685414" lat="48.8752285" lon="2.2946314">
    <tag k="crossing" v="traffic_signals"/>
    <tag k="crossing:island" v="no"/>
    <tag k="crossing:markings" v="zebra"/>
    <tag k="highway" v="crossing"/>
  </node>
  <node id="11070685415" lat="48.8752561" lon="2.2949551">
    <tag k="crossing" v="traffic_signals"/>
    <tag k="crossing:island" v="no"/>
    <tag k="crossing:markings" v="zebra"/>
    <tag k="highway" v="crossing"/>
  </node>
  <node id="11070685417" lat="48.8751575" lon="2.2958222">
    <tag k="button_operated" v="no"/>
    <tag k="crossing" v="traffic_signals"/>
    <tag k="crossing:island" v="no"/>
    <tag k="crossing:markings" v="zebra"/>
    <tag k="highway" v="crossing"/>
  </node>
  <node id="11070685419" lat="48.8750503" lon="2.2961918">
    <tag k="button_operated" v="no"/>
    <tag k="crossing" v="traffic_signals"/>
    <tag k="crossing:island" v="no"/>
    <tag k="crossing:markings" v="zebra"/>
    <tag k="crossing:signals" v="yes"/>
    <tag k="highway" v="crossing"/>
  </node>
  <node id="11070685421" lat="48.8748766" lon="2.2972582"/>
  <node id="11070685422" lat="48.8748379" lon="2.2972968"/>
  <node id="11070685423" lat="48.8748836" lon="2.2972512"/>
  <node id="11070685424" lat="48.8748218" lon="2.2973129"/>
  <node id="11070685425" lat="48.8749898" lon="2.2977166"/>
  <node id="11070685426" lat="48.8750046" lon="2.2977018"/>
  <node id="11070685427" lat="48.8750441" lon="2.2976619"/>
  <node id="11070685428" lat="48.8750508" lon="2.2976551"/>
  <node id="11070685429" lat="48.8744461" lon="2.2970391">
    <tag k="crossing" v="traffic_signals"/>
    <tag k="crossing:markings" v="zebra"/>
    <tag k="crossing:signals" v="yes"/>
    <tag k="highway" v="crossing"/>
  </node>
  <node id="11070685430" lat="48.8724006" lon="2.2960551">
    <tag k="barrier" v="kerb"/>
  </node>
  <node id="11070685431" lat="48.8724643" lon="2.2960190">
    <tag k="barrier" v="kerb"/>
  </node>
  <node id="11070685432" lat="48.8725723" lon="2.2961744">
    <tag k="barrier" v="kerb"/>
  </node>
  <node id="11070685433" lat="48.8725786" lon="2.2961915">
    <tag k="barrier" v="kerb"/>
  </node>
  <node id="11070685434" lat="48.8725986" lon="2.2962455">
    <tag k="barrier" v="kerb"/>
    <tag k="kerb" v="lowered"/>
  </node>
  <node id="11070685435" lat="48.8725727" lon="2.2963380">
    <tag k="crossing" v="traffic_signals"/>
    <tag k="crossing:markings" v="zebra"/>
    <tag k="crossing:signals" v="yes"/>
    <tag k="highway" v="crossing"/>
  </node>
  <node id="11070685436" lat="48.8724517" lon="2.2960261">
    <tag k="crossing" v="traffic_signals"/>
    <tag k="crossing:island" v="no"/>
    <tag k="crossing:markings" v="zebra"/>
    <tag k="highway" v="crossing"/>
  </node>
  <node id="11070734851" lat="48.8699917" lon="2.3002704"/>
  <node id="11070734852" lat="48.8700160" lon="2.3001774"/>
  <node id="11070741757" lat="48.8746811" lon="2.2967832"/>
  <node id="11070741758" lat="48.8746884" lon="2.2968000">
    <tag k="crossing" v="uncontrolled"/>
    <tag k="crossing:markings" v="zebra"/>
    <tag k="highway" v="crossing"/>
  </node>
  <node id="11070741759" lat="48.8740696" lon="2.2971981"/>
  <node id="11070741760" lat="48.8740726" lon="2.2972242">
    <tag k="crossing" v="traffic_signals"/>
    <tag k="crossing:markings" v="zebra"/>
    <tag k="crossing:signals" v="yes"/>
    <tag k="highway" v="crossing"/>
  </node>
  <node id="11071342250" lat="48.8737290" lon="2.2928163">
    <tag k="barrier" v="kerb"/>
    <tag k="kerb" v="lowered"/>
    <tag k="tactile_paving" v="yes"/>
  </node>
  <node id="11071342251" lat="48.8737277" lon="2.2928023">
    <tag k="button_operated" v="no"/>
    <tag k="crossing" v="traffic_signals"/>
    <tag k="crossing:island" v="no"/>
    <tag k="crossing:markings" v="zebra"/>
    <tag k="highway" v="crossing"/>
  </node>
  <node id="11071342252" lat="48.8737202" lon="2.2927181">
    <tag k="barrier" v="kerb"/>
    <tag k="kerb" v="lowered"/>
    <tag k="tactile_paving" v="yes"/>
  </node>
  <node id="11071342253" lat="48.8737337" lon="2.2926997"/>
  <node id="11071342254" lat="48.8736685" lon="2.2928722">
    <tag k="barrier" v="kerb"/>
    <tag k="kerb" v="lowered"/>
    <tag k="tactile_paving" v="yes"/>
  </node>
  <node id="11071342255" lat="48.8735241" lon="2.2928982">
    <tag k="barrier" v="kerb"/>
    <tag k="kerb" v="lowered"/>
    <tag k="tactile_paving" v="yes"/>
  </node>
  <node id="11071342256" lat="48.8735094" lon="2.2929011"/>
  <node id="11071342257" lat="48.8732856" lon="2.2936164"/>
  <node id="11071342262" lat="48.8729168" lon="2.2932680">
    <tag k="barrier" v="kerb"/>
    <tag k="kerb" v="lowered"/>
    <tag k="tactile_paving" v="yes"/>
  </node>
  <node id="11071342264" lat="48.8729054" lon="2.2932423">
    <tag k="button_operated" v="no"/>
    <tag k="crossing" v="traffic_signals"/>
    <tag k="crossing:island" v="no"/>
    <tag k="crossing:markings" v="zebra"/>
    <tag k="highway" v="crossing"/>
  </node>
  <node id="11071342265" lat="48.8724688" lon="2.2938415">
    <tag k="barrier" v="kerb"/>
    <tag k="kerb" v="lowered"/>
    <tag k="tactile_paving" v="yes"/>
  </node>
  <node id="11071342266" lat="48.8725180" lon="2.2938827">
    <tag k="button_operated" v="no"/>
    <tag k="crossing" v="traffic_signals"/>
    <tag k="crossing:island" v="no"/>
    <tag k="crossing:markings" v="zebra"/>
    <tag k="highway" v="crossing"/>
  </node>
  <node id="11071342267" lat="48.8725244" lon="2.2938881">
    <tag k="barrier" v="kerb"/>
    <tag k="kerb" v="lowered"/>
    <tag k="tactile_paving" v="yes"/>
  </node>
  <node id="11071342268" lat="48.8725566" lon="2.2940522">
    <tag k="barrier" v="kerb"/>
    <tag k="kerb" v="lowered"/>
    <tag k="tactile_paving" v="yes"/>
  </node>
  <node id="11071342269" lat="48.8725061" lon="2.2942131">
    <tag k="barrier" v="kerb"/>
    <tag k="kerb" v="lowered"/>
    <tag k="tactile_paving" v="yes"/>
  </node>
  <node id="11071342270" lat="48.8723353" lon="2.2942396">
    <tag k="barrier" v="kerb"/>
    <tag k="kerb" v="lowered"/>
    <tag k="tactile_paving" v="yes"/>
  </node>
  <node id="11071342271" lat="48.8723414" lon="2.2942434"/>
  <node id="11071342272" lat="48.8723998" lon="2.2942794"/>
  <node id="11071342273" lat="48.8723022" lon="2.2950780">
    <tag k="crossing" v="traffic_signals"/>
    <tag k="crossing:island" v="no"/>
    <tag k="crossing:markings" v="zebra"/>
    <tag k="highway" v="crossing"/>
  </node>
  <node id="11071342274" lat="48.8723511" lon="2.2951480">
    <tag k="barrier" v="kerb"/>
    <tag k="kerb" v="lowered"/>
    <tag k="tactile_paving" v="yes"/>
  </node>
  <node id="11071342275" lat="48.8723446" lon="2.2955019"/>
  <node id="11071342276" lat="48.8723345" lon="2.2955043">
    <tag k="crossing" v="traffic_signals"/>
    <tag k="crossing:island" v="no"/>
    <tag k="crossing:markings" v="zebra"/>
    <tag k="highway" v="crossing"/>
  </node>
  <node id="11203430296" lat="48.8732872" lon="2.2975679"/>
  <node id="11286079657" lat="48.8698308" lon="2.2983750"/>
  <node id="11333186712" lat="48.8756313" lon="2.2895879"/>
  <node id="11333186713" lat="48.8752290" lon="2.2908711"/>
  <node id="11333186714" lat="48.8752030" lon="2.2909536"/>
  <node id="11333186715" lat="48.8751304" lon="2.2911833"/>
  <node id="11333186717" lat="48.8751120" lon="2.2904512"/>
  <node id="11333186718" lat="48.8756755" lon="2.2896577"/>
  <node id="11333186723" lat="48.8754195" lon="2.2894897"/>
  <node id="11333186731" lat="48.8743368" lon="2.2929645"/>
  <node id="11333186732" lat="48.8743497" lon="2.2929192"/>
  <node id="11333186733" lat="48.8743878" lon="2.2927882">
    <tag k="button_operated" v="no"/>
    <tag k="crossing" v="traffic_signals"/>
    <tag k="crossing:markings" v="zebra"/>
    <tag k="crossing:signals" v="yes"/>
    <tag k="highway" v="crossing"/>
  </node>
  <node id="11333186734" lat="48.8744156" lon="2.2926940">
    <tag k="crossing" v="unmarked"/>
    <tag k="crossing:markings" v="no"/>
    <tag k="highway" v="crossing"/>
  </node>
  <node id="11333186735" lat="48.8748615" lon="2.2912432">
    <tag k="highway" v="crossing"/>
  </node>
  <node id="11333186736" lat="48.8751709" lon="2.2902734">
    <tag k="crossing" v="uncontrolled"/>
    <tag k="crossing:markings" v="zebra"/>
    <tag k="highway" v="crossing"/>
  </node>
  <node id="11333186747" lat="48.8748373" lon="2.2913200"/>
  <node id="11333186748" lat="48.8749371" lon="2.2913898">
    <tag k="crossing" v="marked"/>
    <tag k="crossing:markings" v="pictograms"/>
    <tag k="highway" v="crossing"/>
  </node>
  <node id="11333186749" lat="48.8750270" lon="2.2915761"/>
  <node id="11333186759" lat="48.8753722" lon="2.2904163">
    <tag k="highway" v="crossing"/>
  </node>
  <node id="11333186760" lat="48.8750601" lon="2.2913903">
    <tag k="highway" v="crossing"/>
  </node>
  <node id="11333186761" lat="48.8745299" lon="2.2930553"/>
  <node id="11333186762" lat="48.8745742" lon="2.2929250">
    <tag k="crossing" v="traffic_signals"/>
    <tag k="crossing:markings" v="zebra"/>
    <tag k="crossing:signals" v="yes"/>
    <tag k="highway" v="crossing"/>
  </node>
  <node id="11423583231" lat="48.8714941" lon="2.2935554"/>
  <node id="11423583232" lat="48.8715098" lon="2.2935632"/>
  <node id="11423583233" lat="48.8715284" lon="2.2935604"/>
  <node id="11497991325" lat="48.8713351" lon="2.2892652">
    <tag k="bus" v="yes"/>
    <tag k="name" v="Victor Hugo - Paul Valéry"/>
    <tag k="public_transport" v="stop_position"/>
    <tag k="source" v="BD Ortho 2024"/>
  </node>
  <node id="11497991326" lat="48.8731172" lon="2.2934762">
    <tag k="bus" v="yes"/>
    <tag k="name" v="Charles de Gaulle - Étoile - Victor Hugo"/>
    <tag k="public_transport" v="stop_position"/>
  </node>
  <node id="11519260961" lat="48.8735372" lon="2.2905562"/>
  <node id="11527326287" lat="48.8745780" lon="2.2921554"/>
  <node id="11527326288" lat="48.8746653" lon="2.2922423"/>
  <node id="11527326289" lat="48.8745131" lon="2.2920954"/>
  <node id="11615981875" lat="48.8746801" lon="2.2955027"/>
  <node id="11615981876" lat="48.8746001" lon="2.2958306"/>
  <node id="11615981884" lat="48.8723237" lon="2.3003867"/>
  <node id="11615981887" lat="48.8740231" lon="2.2966128"/>
  <node id="11615981888" lat="48.8741326" lon="2.2964626"/>
  <node id="11615981889" lat="48.8741610" lon="2.2965327"/>
  <node id="11865744650" lat="48.8740460" lon="2.2968210"/>
  <node id="11865744651" lat="48.8740842" lon="2.2968107"/>
  <node id="11865744652" lat="48.8741080" lon="2.2970233"/>
  <node id="11865744653" lat="48.8742330" lon="2.2964911"/>
  <node id="11865744654" lat="48.8744290" lon="2.2969824"/>
  <node id="11865744655" lat="48.8744085" lon="2.2970255"/>
  <node id="11865744656" lat="48.8741647" lon="2.2971617"/>
  <node id="11865744658" lat="48.8744346" lon="2.2970031"/>
  <node id="11874949498" lat="48.8686639" lon="2.2986951"/>
  <node id="11874949504" lat="48.8686700" lon="2.2987185">
    <tag k="crossing" v="unmarked"/>
    <tag k="crossing:markings" v="no"/>
    <tag k="highway" v="crossing"/>
  </node>
  <node id="11875209306" lat="48.8710583" lon="2.2975368"/>
  <node id="11875209307" lat="48.8710554" lon="2.2975522"/>
  <node id="11875209311" lat="48.8723434" lon="2.2968339"/>
  <node id="11875209312" lat="48.8725127" lon="2.2960053"/>
  <node id="11875209313" lat="48.8728223" lon="2.2957604"/>
  <node id="11875209314" lat="48.8727847" lon="2.2956126"/>
  <node id="11875209315" lat="48.8727685" lon="2.2955399"/>
  <node id="11875209316" lat="48.8727510" lon="2.2954510"/>
  <node id="11875209317" lat="48.8727154" lon="2.2950264"/>
  <node id="11875209318" lat="48.8727183" lon="2.2949220"/>
  <node id="11875209319" lat="48.8727292" lon="2.2947723"/>
  <node id="11875209320" lat="48.8727475" lon="2.2946314"/>
  <node id="11875209321" lat="48.8727744" lon="2.2944939"/>
  <node id="11875209322" lat="48.8746918" lon="2.2958959"/>
  <node id="11875209323" lat="48.8746533" lon="2.2959685"/>
  <node id="11875209324" lat="48.8746249" lon="2.2960203"/>
  <node id="11875209325" lat="48.8745693" lon="2.2961168"/>
  <node id="11875209326" lat="48.8745103" lon="2.2962151"/>
  <node id="11875209327" lat="48.8744573" lon="2.2962864"/>
  <node id="11875209328" lat="48.8747801" lon="2.2955714"/>
  <node id="11875209329" lat="48.8747967" lon="2.2955144"/>
  <node id="11875209330" lat="48.8748154" lon="2.2954172"/>
  <node id="11875209331" lat="48.8748263" lon="2.2953275"/>
  <node id="11875209332" lat="48.8748394" lon="2.2952101"/>
  <node id="11875209333" lat="48.8748446" lon="2.2951056"/>
  <node id="11875209334" lat="48.8748120" lon="2.2946583"/>
  <node id="11875209335" lat="48.8747977" lon="2.2945722"/>
  <node id="11875209336" lat="48.8747753" lon="2.2944791"/>
  <node id="11875209337" lat="48.8747547" lon="2.2943990"/>
  <node id="11875209338" lat="48.8747331" lon="2.2943317"/>
  <node id="11875209339" lat="48.8746151" lon="2.2940527"/>
  <node id="11875209340" lat="48.8745859" lon="2.2939892"/>
  <node id="11875209341" lat="48.8745441" lon="2.2939178"/>
  <node id="11875209342" lat="48.8745023" lon="2.2938569"/>
  <node id="11875209343" lat="48.8744637" lon="2.2938086"/>
  <node id="11875209344" lat="48.8744033" lon="2.2937325"/>
  <node id="11875209345" lat="48.8744816" lon="2.2938310"/>
  <node id="11875209346" lat="48.8740725" lon="2.2934775"/>
  <node id="11875209347" lat="48.8740326" lon="2.2934551"/>
  <node id="11875209348" lat="48.8739709" lon="2.2934417"/>
  <node id="11875209349" lat="48.8739099" lon="2.2934332"/>
  <node id="11875209350" lat="48.8738650" lon="2.2934285"/>
  <node id="11875209351" lat="48.8738081" lon="2.2934305"/>
  <node id="11875209352" lat="48.8735105" lon="2.2935001"/>
  <node id="11875209353" lat="48.8734490" lon="2.2935188"/>
  <node id="11875209354" lat="48.8733183" lon="2.2935518"/>
  <node id="11875209356" lat="48.8730486" lon="2.2962189"/>
  <node id="11875209358" lat="48.8730186" lon="2.2959648"/>
  <node id="11875209363" lat="48.8728058" lon="2.2956956"/>
  <node id="11875209364" lat="48.8732003" lon="2.2958129"/>
  <node id="11875209365" lat="48.8732616" lon="2.2959012"/>
  <node id="11875209366" lat="48.8726184" lon="2.2962992"/>
  <node id="11875210576" lat="48.8728755" lon="2.2941474"/>
  <node id="11875210577" lat="48.8725321" lon="2.2938945"/>
  <node id="11875210578" lat="48.8728889" lon="2.2941507"/>
  <node id="11875210579" lat="48.8728987" lon="2.2941440"/>
  <node id="11875210580" lat="48.8729722" lon="2.2940038"/>
  <node id="11875210581" lat="48.8730436" lon="2.2938900"/>
  <node id="11875210582" lat="48.8730974" lon="2.2938123"/>
  <node id="11875210583" lat="48.8728772" lon="2.2933106"/>
  <node id="11875210584" lat="48.8729300" lon="2.2932976"/>
  <node id="11875210586" lat="48.8730726" lon="2.2931226"/>
  <node id="11875210589" lat="48.8734213" lon="2.2939303"/>
  <node id="11875210590" lat="48.8734822" lon="2.2938889"/>
  <node id="11875210591" lat="48.8735367" lon="2.2938579"/>
  <node id="11875210592" lat="48.8735958" lon="2.2938339"/>
  <node id="11875210603" lat="48.8743786" lon="2.2937113"/>
  <node id="11875210606" lat="48.8746784" lon="2.2941969">
    <tag k="barrier" v="kerb"/>
    <tag k="kerb" v="no"/>
    <tag k="tactile_paving" v="yes"/>
  </node>
  <node id="11875210607" lat="48.8746718" lon="2.2941820">
    <tag k="barrier" v="kerb"/>
    <tag k="kerb" v="no"/>
    <tag k="tactile_paving" v="yes"/>
  </node>
  <node id="11875210610" lat="48.8747405" lon="2.2957244">
    <tag k="kerb" v="no"/>
    <tag k="tactile_paving" v="yes"/>
  </node>
  <node id="11875210611" lat="48.8747354" lon="2.2957447">
    <tag k="kerb" v="no"/>
    <tag k="tactile_paving" v="yes"/>
  </node>
  <node id="11875210625" lat="48.8736084" lon="2.2966250"/>
  <node id="11875210626" lat="48.8736600" lon="2.2966390"/>
  <node id="11875210627" lat="48.8736991" lon="2.2966448"/>
  <node id="11875210628" lat="48.8737520" lon="2.2966483"/>
  <node id="11875210629" lat="48.8737773" lon="2.2966477">
    <tag k="barrier" v="kerb"/>
    <tag k="kerb" v="lowered"/>
  </node>
  <node id="11875210630" lat="48.8737948" lon="2.2966539">
    <tag k="crossing" v="unmarked"/>
    <tag k="crossing:markings" v="no"/>
    <tag k="highway" v="crossing"/>
  </node>
  <node id="11875210631" lat="48.8733072" lon="2.2964998">
    <tag k="barrier" v="kerb"/>
    <tag k="kerb" v="lowered"/>
    <tag k="tactile_paving" v="yes"/>
  </node>
  <node id="11875210632" lat="48.8733187" lon="2.2965082">
    <tag k="barrier" v="kerb"/>
    <tag k="kerb" v="lowered"/>
    <tag k="tactile_paving" v="yes"/>
  </node>
  <node id="11875210633" lat="48.8729317" lon="2.2960370"/>
  <node id="11875210634" lat="48.8728757" lon="2.2959189">
    <tag k="barrier" v="kerb"/>
    <tag k="kerb" v="flush"/>
    <tag k="tactile_paving" v="no"/>
  </node>
  <node id="11875210635" lat="48.8728819" lon="2.2959351">
    <tag k="barrier" v="kerb"/>
    <tag k="kerb" v="lowered"/>
    <tag k="tactile_paving" v="yes"/>
  </node>
  <node id="11875210673" lat="48.8737311" lon="2.2928395"/>
  <node id="11875210674" lat="48.8737099" lon="2.2928874"/>
  <node id="11875210675" lat="48.8737690" lon="2.2934374"/>
  <node id="11875210676" lat="48.8737603" lon="2.2928742"/>
  <node id="11875210677" lat="48.8738206" lon="2.2934296"/>
  <node id="11875210678" lat="48.8742414" lon="2.2930349"/>
  <node id="11875210679" lat="48.8740938" lon="2.2934957"/>
  <node id="11875210680" lat="48.8742322" lon="2.2929926"/>
  <node id="11875210681" lat="48.8742142" lon="2.2929564"/>
  <node id="11875210682" lat="48.8741866" lon="2.2929223"/>
  <node id="11875210683" lat="48.8743773" lon="2.2931419">
    <tag k="barrier" v="kerb"/>
  </node>
  <node id="11875210684" lat="48.8743879" lon="2.2931502"/>
  <node id="11875210687" lat="48.8746231" lon="2.2940711"/>
  <node id="11875210688" lat="48.8749442" lon="2.2937845"/>
  <node id="11875210690" lat="48.8750477" lon="2.2940675"/>
  <node id="11875210695" lat="48.8752028" lon="2.2949463"/>
  <node id="11875210696" lat="48.8748436" lon="2.2950097"/>
  <node id="11875210697" lat="48.8751860" lon="2.2946529"/>
  <node id="11875210698" lat="48.8748191" lon="2.2947114"/>
  <node id="11875210703" lat="48.8712245" lon="2.2977920"/>
  <node id="11875210704" lat="48.8735566" lon="2.2934900"/>
  <node id="12009276962" lat="48.8774561" lon="2.2977185"/>
  <node id="12170375671" lat="48.8762144" lon="2.2929921"/>
  <node id="12182588590" lat="48.8743176" lon="2.2994246"/>
  <node id="12182590505" lat="48.8742129" lon="2.3003582"/>
  <node id="12182590506" lat="48.8730373" lon="2.2889368"/>
  <node id="12182603795" lat="48.8714469" lon="2.2973455"/>
  <node id="12182628344" lat="48.8732130" lon="2.2910035"/>
  <node id="12182634599" lat="48.8739029" lon="2.2980750"/>
  <node id="12182635673" lat="48.8731356" lon="2.2898305"/>
  <node id="12182639822" lat="48.8736664" lon="2.2924421"/>
  <node id="12182639823" lat="48.8737177" lon="2.2925446"/>
  <node id="12182643944" lat="48.8727684" lon="2.2864444"/>
  <node id="12182644977" lat="48.8729227" lon="2.2878946"/>
  <node id="12182651404" lat="48.8726812" lon="2.2856327"/>
  <node id="12183015016" lat="48.8735599" lon="2.2966057"/>
  <node id="12183015018" lat="48.8734140" lon="2.2971687"/>
  <node id="12183015019" lat="48.8734097" lon="2.2970843"/>
  <node id="12183015020" lat="48.8734507" lon="2.2971849"/>
  <node id="12183015021" lat="48.8734900" lon="2.2971978"/>
  <node id="12183015022" lat="48.8735301" lon="2.2972085"/>
  <node id="12183015023" lat="48.8735694" lon="2.2972180"/>
  <node id="12183015024" lat="48.8736401" lon="2.2972309"/>
  <node id="12183015025" lat="48.8736780" lon="2.2972373"/>
  <node id="12183015026" lat="48.8737653" lon="2.2972407"/>
  <node id="12183015027" lat="48.8738119" lon="2.2972369"/>
  <node id="12183015028" lat="48.8738629" lon="2.2972130"/>
  <node id="12183015029" lat="48.8738829" lon="2.2971526"/>
  <node id="12183015030" lat="48.8738784" lon="2.2971698"/>
  <node id="12183015031" lat="48.8738447" lon="2.2970940"/>
  <node id="12183015032" lat="48.8739519" lon="2.2970685"/>
  <node id="12183015033" lat="48.8740828" lon="2.2971372"/>
  <node id="12183015034" lat="48.8741422" lon="2.2973117"/>
  <node id="12183015045" lat="48.8742449" lon="2.2987710"/>
  <node id="12183015046" lat="48.8742188" lon="2.2987346"/>
  <node id="12183015047" lat="48.8741844" lon="2.2984305"/>
  <node id="12183015048" lat="48.8741998" lon="2.2983495"/>
  <node id="12183015049" lat="48.8741884" lon="2.2984096"/>
  <node id="12183015050" lat="48.8742913" lon="2.2994308"/>
  <node id="12183015103" lat="48.8734089" lon="2.2971850">
    <tag k="barrier" v="kerb"/>
    <tag k="kerb" v="raised"/>
  </node>
  <node id="12183015104" lat="48.8733925" lon="2.2972366">
    <tag k="crossing" v="traffic_signals"/>
    <tag k="crossing:markings" v="zebra"/>
    <tag k="crossing:signals" v="yes"/>
    <tag k="highway" v="crossing"/>
  </node>
  <node id="12183015105" lat="48.8734032" lon="2.2972028">
    <tag k="crossing" v="traffic_signals"/>
    <tag k="crossing:markings" v="zebra"/>
    <tag k="crossing:signals" v="yes"/>
    <tag k="highway" v="crossing"/>
  </node>
  <node id="12183015106" lat="48.8733804" lon="2.2972745">
    <tag k="barrier" v="kerb"/>
    <tag k="kerb" v="lowered"/>
  </node>
  <node id="12183015107" lat="48.8738880" lon="2.2970837"/>
  <node id="12185062237" lat="48.8727231" lon="2.2987936">
    <tag k="barrier" v="kerb"/>
    <tag k="kerb" v="lowered"/>
    <tag k="tactile_paving" v="yes"/>
  </node>
  <node id="12185062238" lat="48.8728281" lon="2.2988711"/>
  <node id="12185062239" lat="48.8724468" lon="2.2985898"/>
  <node id="12185062240" lat="48.8723634" lon="2.2985282"/>
  <node id="12185062241" lat="48.8730274" lon="2.2982849"/>
  <node id="12185062242" lat="48.8727752" lon="2.2990378"/>
  <node id="12185062243" lat="48.8727103" lon="2.2990675"/>
  <node id="12185062244" lat="48.8724119" lon="2.3001085"/>
  <node id="12185062245" lat="48.8723952" lon="2.3000525"/>
  <node id="12185062246" lat="48.8725026" lon="2.3000209"/>
  <node id="12185062247" lat="48.8724735" lon="2.3000750"/>
  <node id="12185062248" lat="48.8723298" lon="2.3005748"/>
  <node id="12185062249" lat="48.8733231" lon="2.2971182"/>
  <node id="12185062250" lat="48.8732447" lon="2.2973667"/>
  <node id="12185062251" lat="48.8725395" lon="2.2996016"/>
  <node id="12185062254" lat="48.8722442" lon="2.3006345"/>
  <node id="12185062255" lat="48.8721955" lon="2.3006459"/>
  <node id="12191010573" lat="48.8716498" lon="2.3006240"/>
  <node id="12191039255" lat="48.8721587" lon="2.2993915"/>
  <node id="12195600857" lat="48.8727796" lon="2.2972575"/>
  <node id="12195600858" lat="48.8721885" lon="2.2993659"/>
  <node id="12195600859" lat="48.8727689" lon="2.2972917"/>
  <node id="12195600860" lat="48.8727465" lon="2.2973204"/>
  <node id="12195600861" lat="48.8728258" lon="2.2971101"/>
  <node id="12195600862" lat="48.8728277" lon="2.2970645"/>
  <node id="12195600863" lat="48.8730806" lon="2.2962669"/>
  <node id="12195600864" lat="48.8729052" lon="2.2968202">
    <tag k="barrier" v="kerb"/>
    <tag k="kerb" v="lowered"/>
    <tag k="tactile_paving" v="yes"/>
  </node>
  <node id="12195600865" lat="48.8728774" lon="2.2969079">
    <tag k="barrier" v="kerb"/>
    <tag k="kerb" v="lowered"/>
    <tag k="tactile_paving" v="yes"/>
  </node>
  <node id="12195600866" lat="48.8728996" lon="2.2968379">
    <tag k="crossing" v="traffic_signals"/>
    <tag k="crossing:island" v="no"/>
    <tag k="crossing:markings" v="zebra"/>
    <tag k="highway" v="crossing"/>
  </node>
  <node id="12195600867" lat="48.8728887" lon="2.2968723">
    <tag k="crossing" v="traffic_signals"/>
    <tag k="crossing:island" v="no"/>
    <tag k="crossing:markings" v="zebra"/>
    <tag k="crossing:signals" v="yes"/>
    <tag k="highway" v="crossing"/>
    <tag k="tactile_paving" v="yes"/>
  </node>
  <node id="12195600875" lat="48.8718496" lon="2.3001489"/>
  <node id="12195600876" lat="48.8720424" lon="2.2997546"/>
  <node id="12195600877" lat="48.8720434" lon="2.2998607"/>
  <node id="12195600879" lat="48.8730338" lon="2.2959890"/>
  <node id="12195600881" lat="48.8729453" lon="2.2966938"/>
  <node id="12195600882" lat="48.8726336" lon="2.2964092"/>
  <node id="12195600883" lat="48.8726532" lon="2.2964491"/>
  <node id="12195600884" lat="48.8727203" lon="2.2965628"/>
  <node id="12195600885" lat="48.8727833" lon="2.2966586"/>
  <node id="12195600886" lat="48.8728349" lon="2.2967275"/>
  <node id="12195600887" lat="48.8729083" lon="2.2968104"/>
  <node id="12195600888" lat="48.8729876" lon="2.2968860"/>
  <node id="12195600889" lat="48.8728816" lon="2.2967802"/>
  <node id="12195600891" lat="48.8726863" lon="2.2994296"/>
  <node id="12195600892" lat="48.8728538" lon="2.2988900"/>
  <node id="12195600893" lat="48.8734200" lon="2.2970514"/>
  <node id="12195600894" lat="48.8735394" lon="2.2966711"/>
  <node id="12198027316" lat="48.8738135" lon="2.2966606"/>
  <node id="12198027317" lat="48.8737786" lon="2.2962426"/>
  <node id="12198027318" lat="48.8737495" lon="2.2962005"/>
  <node id="12198027319" lat="48.8737206" lon="2.2961992"/>
  <node id="12198027320" lat="48.8736886" lon="2.2961954"/>
  <node id="12198027321" lat="48.8736412" lon="2.2961825"/>
  <node id="12198027322" lat="48.8735901" lon="2.2961618"/>
  <node id="12198027323" lat="48.8735084" lon="2.2964274"/>
  <node id="12198027324" lat="48.8735175" lon="2.2965018"/>
  <node id="12198027325" lat="48.8738716" lon="2.2970542"/>
  <node id="12198027326" lat="48.8738777" lon="2.2971076"/>
  <node id="12198027327" lat="48.8738159" lon="2.2965683"/>
  <node id="12198027328" lat="48.8738094" lon="2.2965119"/>
  <node id="12198027329" lat="48.8738132" lon="2.2965445">
    <tag k="crossing" v="unmarked"/>
    <tag k="crossing:markings" v="no"/>
    <tag k="highway" v="crossing"/>
  </node>
  <node id="12198027330" lat="48.8738753" lon="2.2970867">
    <tag k="crossing" v="unmarked"/>
    <tag k="crossing:markings" v="no"/>
    <tag k="highway" v="crossing"/>
  </node>
  <node id="12198027331" lat="48.8738516" lon="2.2973090">
    <tag k="cycleway" v="asl"/>
    <tag k="direction" v="forward"/>
  </node>
  <node id="12198027332" lat="48.8737379" lon="2.2966474"/>
  <node id="12198027333" lat="48.8737984" lon="2.2972380"/>
  <node id="12198027335" lat="48.8739887" lon="2.2966331"/>
  <node id="12198027336" lat="48.8739402" lon="2.2961568"/>
  <node id="12198027337" lat="48.8739983" lon="2.2961371"/>
  <node id="12198027338" lat="48.8740602" lon="2.2961029"/>
  <node id="12198027339" lat="48.8741073" lon="2.2960695"/>
  <node id="12198027340" lat="48.8742753" lon="2.2964665"/>
  <node id="12198027341" lat="48.8744165" lon="2.2963295"/>
  <node id="12198027342" lat="48.8742510" lon="2.2959358"/>
  <node id="12198027343" lat="48.8742909" lon="2.2958928"/>
  <node id="12198027344" lat="48.8743289" lon="2.2958385"/>
  <node id="12198027345" lat="48.8743740" lon="2.2957713"/>
  <node id="12198027346" lat="48.8744134" lon="2.2956876"/>
  <node id="12198027347" lat="48.8746148" lon="2.2967979"/>
  <node id="12198027348" lat="48.8746280" lon="2.2967994"/>
  <node id="12198027349" lat="48.8746477" lon="2.2967964"/>
  <node id="12198027350" lat="48.8746759" lon="2.2967711"/>
  <node id="12198027351" lat="48.8747122" lon="2.2967264"/>
  <node id="12198027352" lat="48.8747775" lon="2.2966379"/>
  <node id="12198027353" lat="48.8748461" lon="2.2965309"/>
  <node id="12198027354" lat="48.8749038" lon="2.2964333"/>
  <node id="12198027355" lat="48.8749832" lon="2.2962726"/>
  <node id="12198027356" lat="48.8750171" lon="2.2962000"/>
  <node id="12198027357" lat="48.8750256" lon="2.2961750"/>
  <node id="12198027358" lat="48.8746797" lon="2.2959187"/>
  <node id="12198027359" lat="48.8750119" lon="2.2961648"/>
  <node id="12198027366" lat="48.8747925" lon="2.2955288"/>
  <node id="12198027367" lat="48.8750811" lon="2.2957407"/>
  <node id="12198027368" lat="48.8751480" lon="2.2957786"/>
  <node id="12198027369" lat="48.8751772" lon="2.2956398"/>
  <node id="12198027370" lat="48.8751986" lon="2.2955143"/>
  <node id="12198027371" lat="48.8752139" lon="2.2953819"/>
  <node id="12198027372" lat="48.8752224" lon="2.2952986"/>
  <node id="12198027373" lat="48.8752286" lon="2.2952002"/>
  <node id="12198027374" lat="48.8752323" lon="2.2950657"/>
  <node id="12198027375" lat="48.8752278" lon="2.2949542"/>
  <node id="12198027376" lat="48.8748433" lon="2.2949822"/>
  <node id="12198027377" lat="48.8745478" lon="2.2950296"/>
  <node id="12198027378" lat="48.8745435" lon="2.2950841"/>
  <node id="12198027379" lat="48.8745367" lon="2.2951589"/>
  <node id="12198027380" lat="48.8745285" lon="2.2952358"/>
  <node id="12198027381" lat="48.8745172" lon="2.2953115"/>
  <node id="12198027382" lat="48.8745058" lon="2.2953755"/>
  <node id="12198027383" lat="48.8748233" lon="2.2947426"/>
  <node id="12198027384" lat="48.8745324" lon="2.2947925"/>
  <node id="12198027385" lat="48.8745235" lon="2.2947437"/>
  <node id="12198027386" lat="48.8745105" lon="2.2946851"/>
  <node id="12198027387" lat="48.8744961" lon="2.2946291"/>
  <node id="12198027388" lat="48.8744632" lon="2.2945127"/>
  <node id="12198027389" lat="48.8747196" lon="2.2942949"/>
  <node id="12198027390" lat="48.8744846" lon="2.2945851"/>
  <node id="12198027391" lat="48.8746285" lon="2.2940836"/>
  <node id="12198027392" lat="48.8743716" lon="2.2943037"/>
  <node id="12198027393" lat="48.8743515" lon="2.2942667"/>
  <node id="12198027394" lat="48.8743229" lon="2.2942210"/>
  <node id="12198027395" lat="48.8742900" lon="2.2941745"/>
  <node id="12198027396" lat="48.8742622" lon="2.2941409"/>
  <node id="12198027397" lat="48.8743249" lon="2.2939530"/>
  <node id="12198027398" lat="48.8743032" lon="2.2939350"/>
  <node id="12198027399" lat="48.8737545" lon="2.2934399"/>
  <node id="12198027400" lat="48.8738011" lon="2.2938479"/>
  <node id="12198028901" lat="48.8738533" lon="2.2938513"/>
  <node id="12198028902" lat="48.8739207" lon="2.2938660"/>
  <node id="12198028903" lat="48.8739740" lon="2.2938888"/>
  <node id="12198028904" lat="48.8739879" lon="2.2938759"/>
  <node id="12198028905" lat="48.8739978" lon="2.2938526"/>
  <node id="12198028906" lat="48.8741081" lon="2.2935079"/>
  <node id="12198028907" lat="48.8732805" lon="2.2940810"/>
  <node id="12198028908" lat="48.8732295" lon="2.2941551"/>
  <node id="12198028909" lat="48.8731822" lon="2.2942296"/>
  <node id="12198028910" lat="48.8731388" lon="2.2943119"/>
  <node id="12198028911" lat="48.8730960" lon="2.2944158"/>
  <node id="12198028912" lat="48.8731379" lon="2.2937635"/>
  <node id="12198028913" lat="48.8728483" lon="2.2942293"/>
  <node id="12198028914" lat="48.8727806" lon="2.2944612"/>
  <node id="12198028915" lat="48.8730501" lon="2.2946502"/>
  <node id="12198028916" lat="48.8730634" lon="2.2946833"/>
  <node id="12198028917" lat="48.8730484" lon="2.2947540"/>
  <node id="12198028918" lat="48.8730328" lon="2.2948656"/>
  <node id="12198028919" lat="48.8730274" lon="2.2949350"/>
  <node id="12198028920" lat="48.8730257" lon="2.2949949"/>
  <node id="12198028921" lat="48.8730249" lon="2.2950492"/>
  <node id="12198028922" lat="48.8727162" lon="2.2950882"/>
  <node id="12198028923" lat="48.8727360" lon="2.2953350"/>
  <node id="12198028924" lat="48.8730249" lon="2.2952866"/>
  <node id="12198028925" lat="48.8730368" lon="2.2953689"/>
  <node id="12198028926" lat="48.8730546" lon="2.2954478"/>
  <node id="12198028927" lat="48.8730739" lon="2.2955141"/>
  <node id="12198028928" lat="48.8730906" lon="2.2955628"/>
  <node id="12198028929" lat="48.8728282" lon="2.2957848"/>
  <node id="12198028930" lat="48.8752056" lon="2.2946378"/>
  <node id="12198028931" lat="48.8751987" lon="2.2945606"/>
  <node id="12198028932" lat="48.8751785" lon="2.2944402"/>
  <node id="12198028933" lat="48.8751380" lon="2.2942561"/>
  <node id="12198028934" lat="48.8751103" lon="2.2941566"/>
  <node id="12198028935" lat="48.8750832" lon="2.2940722"/>
  <node id="12198028936" lat="48.8749563" lon="2.2937740"/>
  <node id="12198028937" lat="48.8749404" lon="2.2937203"/>
  <node id="12198028938" lat="48.8749068" lon="2.2936459"/>
  <node id="12198028939" lat="48.8748479" lon="2.2935395"/>
  <node id="12198028940" lat="48.8747647" lon="2.2934176"/>
  <node id="12198028941" lat="48.8746733" lon="2.2932980"/>
  <node id="12198028942" lat="48.8746397" lon="2.2932614"/>
  <node id="12198028943" lat="48.8745265" lon="2.2932571"/>
  <node id="12198028945" lat="48.8741172" lon="2.2928925"/>
  <node id="12198028946" lat="48.8740425" lon="2.2928690"/>
  <node id="12198028947" lat="48.8739573" lon="2.2928493"/>
  <node id="12198028948" lat="48.8738869" lon="2.2928377"/>
  <node id="12198028949" lat="48.8738081" lon="2.2928329"/>
  <node id="12198028954" lat="48.8736430" lon="2.2924250"/>
  <node id="12198028955" lat="48.8736693" lon="2.2926678"/>
  <node id="12198028956" lat="48.8736775" lon="2.2925536"/>
  <node id="12198028957" lat="48.8736574" lon="2.2925582"/>
  <node id="12198028958" lat="48.8728670" lon="2.2933189"/>
  <node id="12198028959" lat="48.8728338" lon="2.2933576"/>
  <node id="12198028960" lat="48.8727797" lon="2.2934324"/>
  <node id="12198028961" lat="48.8727182" lon="2.2935289"/>
  <node id="12198028962" lat="48.8726415" lon="2.2936606"/>
  <node id="12198028963" lat="48.8725841" lon="2.2937739"/>
  <node id="12198028965" lat="48.8725281" lon="2.2939548"/>
  <node id="12198028966" lat="48.8725342" lon="2.2939780"/>
  <node id="12198028967" lat="48.8728558" lon="2.2942068"/>
  <node id="12198028968" lat="48.8725715" lon="2.2940046"/>
  <node id="12198028969" lat="48.8725417" lon="2.2939065"/>
  <node id="12198028970" lat="48.8724916" lon="2.2942595"/>
  <node id="12198028975" lat="48.8724049" lon="2.2942826"/>
  <node id="12198028976" lat="48.8723890" lon="2.2943657"/>
  <node id="12198028977" lat="48.8723657" lon="2.2944906"/>
  <node id="12198028978" lat="48.8723433" lon="2.2946716"/>
  <node id="12198028979" lat="48.8723283" lon="2.2948405"/>
  <node id="12198028980" lat="48.8723240" lon="2.2950628"/>
  <node id="12198028981" lat="48.8727162" lon="2.2949962"/>
  <node id="12198028982" lat="48.8723500" lon="2.2951303"/>
  <node id="12198028983" lat="48.8727160" lon="2.2950760"/>
  <node id="12198028984" lat="48.8723316" lon="2.2950925"/>
  <node id="12198028985" lat="48.8738270" lon="2.2966654"/>
  <node id="12198028986" lat="48.8751328" lon="2.2958009"/>
  <node id="12206009990" lat="48.8727389" lon="2.2953576"/>
  <node id="12206009991" lat="48.8723699" lon="2.2954160"/>
  <node id="12206009992" lat="48.8723590" lon="2.2954393"/>
  <node id="12206009993" lat="48.8723559" lon="2.2954718"/>
  <node id="12206009994" lat="48.8723549" lon="2.2954996"/>
  <node id="12206009995" lat="48.8727484" lon="2.2954310"/>
  <node id="12206009996" lat="48.8723549" lon="2.2955250"/>
  <node id="12206009997" lat="48.8723770" lon="2.2956490"/>
  <node id="12206009998" lat="48.8724321" lon="2.2958898"/>
  <node id="12206009999" lat="48.8724527" lon="2.2959640"/>
  <node id="12206010000" lat="48.8724752" lon="2.2960159"/>
  <node id="12206024401" lat="48.8728003" lon="2.2956740"/>
  <node id="12206024408" lat="48.8726279" lon="2.2954767">
    <tag k="barrier" v="gate"/>
  </node>
  <node id="12206024409" lat="48.8726009" lon="2.2952353"/>
  <node id="12206024412" lat="48.8726103" lon="2.2953206"/>
  <node id="12206024413" lat="48.8726167" lon="2.2953770"/>
  <node id="12206024414" lat="48.8726252" lon="2.2954525"/>
  <node id="12206024420" lat="48.8732824" lon="2.2972471"/>
  <node id="12206024421" lat="48.8722358" lon="2.2992548"/>
  <node id="12206024433" lat="48.8756470" lon="2.2948621"/>
  <node id="12206024434" lat="48.8756515" lon="2.2949207"/>
  <node id="12206024435" lat="48.8758872" lon="2.2945732"/>
  <node id="12206024444" lat="48.8759198" lon="2.2945508"/>
  <node id="12206024445" lat="48.8758811" lon="2.2944867"/>
  <node id="12206024446" lat="48.8759209" lon="2.2945676"/>
  <node id="12206024447" lat="48.8759151" lon="2.2945515"/>
  <node id="12206024448" lat="48.8759167" lon="2.2945683"/>
  <node id="12206024473" lat="48.8724654" lon="2.2942413"/>
  <node id="12206024474" lat="48.8724349" lon="2.2942492"/>
  <node id="12206024475" lat="48.8727644" lon="2.2945448"/>
  <node id="12206024476" lat="48.8722786" lon="2.2944898"/>
  <node id="12206024489" lat="48.8722510" lon="2.2966344"/>
  <node id="12206024490" lat="48.8720296" lon="2.2968227"/>
  <node id="12206024491" lat="48.8720166" lon="2.2967836"/>
  <node id="12206024494" lat="48.8726297" lon="2.2963810"/>
  <node id="12206024495" lat="48.8729676" lon="2.2960928"/>
  <node id="12206024496" lat="48.8721971" lon="2.2993766"/>
  <node id="12255911102" lat="48.8731246" lon="2.2974622"/>
  <node id="12280060277" lat="48.8719572" lon="2.3011439"/>
  <node id="12280060278" lat="48.8724621" lon="2.2995520"/>
  <node id="12280060279" lat="48.8724366" lon="2.2996305"/>
  <node id="12282892528" lat="48.8751470" lon="2.2903449"/>
  <node id="12352902385" lat="48.8728447" lon="2.2968979"/>
  <node id="12352902386" lat="48.8715524" lon="2.2982721"/>
  <node id="12394889946" lat="48.8748102" lon="2.2971719"/>
  <node id="12394889966" lat="48.8751948" lon="2.2981142"/>
  <node id="12394889981" lat="48.8758092" lon="2.2996947"/>
  <node id="12394889982" lat="48.8758665" lon="2.2996380"/>
  <node id="12394889983" lat="48.8758516" lon="2.2996528"/>
  <node id="12394889984" lat="48.8758177" lon="2.2996863"/>
  <node id="12394889985" lat="48.8758341" lon="2.2996701">
    <tag k="crossing" v="unmarked"/>
    <tag k="crossing:markings" v="no"/>
    <tag k="highway" v="crossing"/>
  </node>
  <node id="12394889998" lat="48.8759393" lon="2.3006237"/>
  <node id="12394890001" lat="48.8759700" lon="2.3005934">
    <tag k="crossing" v="unmarked"/>
    <tag k="crossing:markings" v="no"/>
    <tag k="highway" v="crossing"/>
  </node>
  <node id="12394901706" lat="48.8752584" lon="2.2989970"/>
  <node id="12394901707" lat="48.8752052" lon="2.2990153"/>
  <node id="12506750881" lat="48.8777302" lon="2.2977466"/>
  <node id="12506750882" lat="48.8776965" lon="2.2977363">
    <tag k="button_operated" v="no"/>
    <tag k="crossing" v="traffic_signals"/>
    <tag k="crossing:markings" v="zebra"/>
    <tag k="highway" v="crossing"/>
    <tag k="kerb" v="lowered"/>
  </node>
  <node id="12506750883" lat="48.8764307" lon="2.2968231">
    <tag k="crossing" v="marked"/>
    <tag k="crossing:markings" v="zebra"/>
    <tag k="highway" v="crossing"/>
  </node>
  <node id="12506750884" lat="48.8760278" lon="2.2965265">
    <tag k="crossing" v="traffic_signals"/>
    <tag k="crossing:markings" v="zebra"/>
    <tag k="crossing:signals" v="yes"/>
    <tag k="highway" v="crossing"/>
  </node>
  <node id="12506750885" lat="48.8759443" lon="2.2964570"/>
  <node id="12506750886" lat="48.8758786" lon="2.2964179">
    <tag k="crossing" v="traffic_signals"/>
    <tag k="crossing:markings" v="zebra"/>
    <tag k="crossing:signals" v="yes"/>
    <tag k="highway" v="crossing"/>
  </node>
  <node id="12506750887" lat="48.8754494" lon="2.2961054"/>
  <node id="12506750888" lat="48.8754076" lon="2.2960682"/>
  <node id="12506750889" lat="48.8753516" lon="2.2960346"/>
  <node id="12506750890" lat="48.8752389" lon="2.2959485">
    <tag k="crossing" v="traffic_signals"/>
    <tag k="crossing:markings" v="zebra"/>
    <tag k="crossing:signals" v="yes"/>
    <tag k="highway" v="crossing"/>
  </node>
  <node id="12506750891" lat="48.8751740" lon="2.2958839"/>
  <node id="12506750892" lat="48.8751467" lon="2.2958646"/>
  <node id="12506750893" lat="48.8750688" lon="2.2961318"/>
  <node id="12506750894" lat="48.8750908" lon="2.2961504"/>
  <node id="12506750895" lat="48.8751991" lon="2.2962195"/>
  <node id="12506750896" lat="48.8754227" lon="2.2963878"/>
  <node id="12506750897" lat="48.8757984" lon="2.2966542">
    <tag k="crossing" v="traffic_signals"/>
    <tag k="crossing:markings" v="zebra"/>
    <tag k="crossing:signals" v="yes"/>
    <tag k="highway" v="crossing"/>
  </node>
  <node id="12506750898" lat="48.8759451" lon="2.2967610">
    <tag k="crossing" v="traffic_signals"/>
    <tag k="crossing:markings" v="zebra"/>
    <tag k="crossing:signals" v="yes"/>
    <tag k="highway" v="crossing"/>
  </node>
  <node id="12506750899" lat="48.8762133" lon="2.2969581"/>
  <node id="12506750900" lat="48.8763526" lon="2.2970504">
    <tag k="crossing" v="marked"/>
    <tag k="crossing:markings" v="zebra"/>
    <tag k="highway" v="crossing"/>
  </node>
  <node id="12506791401" lat="48.8766941" lon="2.2972999"/>
  <node id="12506791402" lat="48.8776523" lon="2.2979815">
    <tag k="button_operated" v="no"/>
    <tag k="crossing" v="traffic_signals"/>
    <tag k="crossing:markings" v="zebra"/>
    <tag k="highway" v="crossing"/>
    <tag k="kerb" v="lowered"/>
  </node>
  <node id="12520806790" lat="48.8751583" lon="2.2961935">
    <tag k="crossing" v="traffic_signals"/>
    <tag k="crossing:markings" v="zebra"/>
    <tag k="crossing:signals" v="yes"/>
    <tag k="highway" v="crossing"/>
  </node>
  <node id="12532433229" lat="48.8777333" lon="2.2980380"/>
  <node id="12535677030" lat="48.8777931" lon="2.2977571"/>
  <node id="12591663227" lat="48.8716441" lon="2.2911853"/>
  <node id="12595222570" lat="48.8746374" lon="2.2923300"/>
  <node id="12595222571" lat="48.8746493" lon="2.2922925"/>
  <node id="12598029882" lat="48.8725998" lon="2.2965446"/>
  <node id="12625268661" lat="48.8736838" lon="2.2989517"/>
  <node id="12633563731" lat="48.8785271" lon="2.2942355"/>
  <node id="12633563738" lat="48.8777512" lon="2.2977501"/>
  <node id="13073265916" lat="48.8750724" lon="2.2985770"/>
  <node id="13073265917" lat="48.8751776" lon="2.2980720">
    <tag k="crossing" v="uncontrolled"/>
    <tag k="crossing:island" v="yes"/>
    <tag k="crossing:markings" v="zebra"/>
    <tag k="crossing:signals" v="no"/>
    <tag k="highway" v="crossing"/>
  </node>
  <node id="13073265918" lat="48.8751320" lon="2.2982909">
    <tag k="crossing" v="uncontrolled"/>
    <tag k="crossing:island" v="yes"/>
    <tag k="crossing:markings" v="zebra"/>
    <tag k="crossing:signals" v="no"/>
    <tag k="highway" v="crossing"/>
  </node>
  <node id="13165837600" lat="48.8750716" lon="2.2959730">
    <tag k="button_operated" v="no"/>
    <tag k="crossing" v="traffic_signals"/>
    <tag k="crossing:island" v="yes"/>
    <tag k="crossing:markings" v="zebra"/>
    <tag k="crossing:signals" v="yes"/>
    <tag k="highway" v="crossing"/>
    <tag k="tactile_paving" v="no"/>
    <tag k="traffic_signals:sound" v="no"/>
  </node>
  <node id="13192318639" lat="48.8729591" lon="2.2960796"/>
  <node id="13352881484" lat="48.8762020" lon="2.2900239"/>
  <node id="13362046915" lat="48.8727548" lon="2.2952110">
    <tag k="button_operated" v="yes"/>
    <tag k="crossing" v="traffic_signals"/>
    <tag k="highway" v="traffic_signals"/>
    <tag k="tactile_paving" v="yes"/>
    <tag k="traffic_signals" v="signal"/>
    <tag k="traffic_signals:direction" v="forward"/>
    <tag k="traffic_signals:sound" v="no"/>
    <tag k="traffic_signals:vibration" v="no"/>
  </node>
  <node id="13362046916" lat="48.8724033" lon="2.2952565">
    <tag k="highway" v="traffic_signals"/>
    <tag k="traffic_signals" v="signal"/>
    <tag k="traffic_signals:direction" v="forward"/>
  </node>
  <node id="13362046917" lat="48.8722734" lon="2.2950227">
    <tag k="highway" v="traffic_signals"/>
    <tag k="traffic_signals" v="signal"/>
    <tag k="traffic_signals:direction" v="forward"/>
  </node>
  <node id="13362046918" lat="48.8722926" lon="2.2954512"/>
  <node id="13362046919" lat="48.8721758" lon="2.2952913">
    <tag k="highway" v="traffic_signals"/>
    <tag k="traffic_signals" v="signal"/>
    <tag k="traffic_signals:direction" v="backward"/>
  </node>
  <node id="13362068827" lat="48.8728427" lon="2.2943614">
    <tag k="button_operated" v="yes"/>
    <tag k="crossing" v="traffic_signals"/>
    <tag k="highway" v="traffic_signals"/>
    <tag k="tactile_paving" v="yes"/>
    <tag k="traffic_signals" v="signal"/>
    <tag k="traffic_signals:direction" v="backward"/>
    <tag k="traffic_signals:sound" v="no"/>
    <tag k="traffic_signals:vibration" v="no"/>
  </node>
  <node id="13362068828" lat="48.8725049" lon="2.2938257">
    <tag k="highway" v="traffic_signals"/>
    <tag k="traffic_signals" v="signal"/>
    <tag k="traffic_signals:direction" v="forward"/>
  </node>
  <node id="13362068829" lat="48.8725658" lon="2.2941570">
    <tag k="highway" v="traffic_signals"/>
    <tag k="traffic_signals" v="signal"/>
    <tag k="traffic_signals:direction" v="backward"/>
  </node>
  <node id="13362068830" lat="48.8724227" lon="2.2940558"/>
  <node id="13362068831" lat="48.8722586" lon="2.2941213">
    <tag k="highway" v="traffic_signals"/>
    <tag k="traffic_signals" v="signal"/>
    <tag k="traffic_signals:direction" v="forward"/>
  </node>
  <node id="13363547420" lat="48.8732221" lon="2.2937205">
    <tag k="highway" v="traffic_signals"/>
    <tag k="traffic_signals" v="signal"/>
    <tag k="traffic_signals:direction" v="backward"/>
  </node>
  <node id="13363547421" lat="48.8730303" lon="2.2932727">
    <tag k="highway" v="traffic_signals"/>
    <tag k="traffic_signals" v="signal"/>
    <tag k="traffic_signals:direction" v="backward"/>
  </node>
  <node id="13363547422" lat="48.8730647" lon="2.2930356">
    <tag k="cycleway" v="asl"/>
    <tag k="direction" v="forward"/>
  </node>
  <node id="13363547423" lat="48.8729665" lon="2.2931224"/>
  <node id="13363596187" lat="48.8736702" lon="2.2935066">
    <tag k="highway" v="traffic_signals"/>
    <tag k="traffic_signals" v="signal"/>
    <tag k="traffic_signals:direction" v="backward"/>
  </node>
  <node id="13363596188" lat="48.8736022" lon="2.2929281">
    <tag k="highway" v="traffic_signals"/>
    <tag k="traffic_signals" v="signal"/>
    <tag k="traffic_signals:direction" v="backward"/>
  </node>
  <node id="13363596189" lat="48.8737491" lon="2.2927579">
    <tag k="highway" v="traffic_signals"/>
    <tag k="traffic_signals" v="signal"/>
    <tag k="traffic_signals:direction" v="forward"/>
  </node>
  <node id="13363596190" lat="48.8735839" lon="2.2927717"/>
  <node id="13363596191" lat="48.8735520" lon="2.2924658"/>
  <node id="13363596192" lat="48.8735061" lon="2.2920525">
    <tag k="highway" v="traffic_signals"/>
    <tag k="traffic_signals" v="signal"/>
    <tag k="traffic_signals:direction" v="forward"/>
  </node>
  <node id="13363596193" lat="48.8729016" lon="2.2958731">
    <tag k="highway" v="traffic_signals"/>
    <tag k="traffic_signals" v="signal"/>
    <tag k="traffic_signals:direction" v="forward"/>
  </node>
  <node id="13363596194" lat="48.8725932" lon="2.2961295">
    <tag k="highway" v="traffic_signals"/>
    <tag k="traffic_signals" v="signal"/>
    <tag k="traffic_signals:direction" v="forward"/>
  </node>
  <node id="13363596195" lat="48.8724134" lon="2.2960020">
    <tag k="cycleway" v="asl"/>
    <tag k="direction" v="forward"/>
  </node>
  <node id="13363596196" lat="48.8723888" lon="2.2965698">
    <tag k="highway" v="traffic_signals"/>
    <tag k="traffic_signals" v="signal"/>
    <tag k="traffic_signals:direction" v="forward"/>
  </node>
  <node id="13363596197" lat="48.8723826" lon="2.2965396">
    <tag k="cycleway" v="asl"/>
    <tag k="direction" v="forward"/>
  </node>
  <node id="13363596198" lat="48.8723402" lon="2.2963387"/>
  <node id="13363596199" lat="48.8722251" lon="2.2964331">
    <tag k="highway" v="traffic_signals"/>
    <tag k="traffic_signals" v="signal"/>
    <tag k="traffic_signals:direction" v="backward"/>
  </node>
  <node id="13363644418" lat="48.8742201" lon="2.2936601">
    <tag k="highway" v="traffic_signals"/>
    <tag k="traffic_signals" v="signal"/>
    <tag k="traffic_signals:direction" v="backward"/>
  </node>
  <node id="13363644419" lat="48.8746865" lon="2.2932143">
    <tag k="cycleway" v="asl"/>
    <tag k="direction" v="forward"/>
  </node>
  <node id="13363644420" lat="48.8744838" lon="2.2928136">
    <tag k="cycleway" v="asl"/>
    <tag k="direction" v="forward"/>
  </node>
  <node id="13363644421" lat="48.8749223" lon="2.2914361">
    <tag k="highway" v="traffic_signals"/>
    <tag k="traffic_signals" v="signal"/>
    <tag k="traffic_signals:direction" v="backward"/>
  </node>
  <node id="13363644422" lat="48.8756147" lon="2.2892607">
    <tag k="highway" v="traffic_signals"/>
    <tag k="traffic_signals" v="signal"/>
    <tag k="traffic_signals:direction" v="backward"/>
  </node>
  <node id="13363701242" lat="48.8746541" lon="2.2942122">
    <tag k="highway" v="traffic_signals"/>
    <tag k="traffic_signals" v="signal"/>
    <tag k="traffic_signals:direction" v="forward"/>
  </node>
  <node id="13363701243" lat="48.8747018" lon="2.2941725">
    <tag k="highway" v="traffic_signals"/>
    <tag k="traffic_signals" v="signal"/>
    <tag k="traffic_signals:direction" v="backward"/>
  </node>
  <node id="13363701244" lat="48.8749789" lon="2.2939417">
    <tag k="highway" v="traffic_signals"/>
    <tag k="traffic_signals" v="signal"/>
    <tag k="traffic_signals:direction" v="forward"/>
  </node>
  <node id="13363701245" lat="48.8751519" lon="2.2937976">
    <tag k="highway" v="traffic_signals"/>
    <tag k="traffic_signals" v="signal"/>
    <tag k="traffic_signals:direction" v="backward"/>
  </node>
  <node id="13363701246" lat="48.8751426" lon="2.2940717">
    <tag k="highway" v="traffic_signals"/>
    <tag k="traffic_signals" v="signal"/>
    <tag k="traffic_signals:direction" v="forward"/>
  </node>
  <node id="13363701247" lat="48.8751751" lon="2.2948105">
    <tag k="highway" v="traffic_signals"/>
    <tag k="traffic_signals" v="signal"/>
    <tag k="traffic_signals:direction" v="backward"/>
  </node>
  <node id="13363701248" lat="48.8752802" lon="2.2950344">
    <tag k="highway" v="traffic_signals"/>
    <tag k="traffic_signals" v="signal"/>
    <tag k="traffic_signals:direction" v="forward"/>
  </node>
  <node id="13363701249" lat="48.8752723" lon="2.2947935"/>
  <node id="13363701250" lat="48.8748589" lon="2.2948613">
    <tag k="highway" v="traffic_signals"/>
    <tag k="traffic_signals" v="signal"/>
    <tag k="traffic_signals:direction" v="forward"/>
  </node>
  <node id="13363701251" lat="48.8748070" lon="2.2948681">
    <tag k="highway" v="traffic_signals"/>
    <tag k="traffic_signals" v="signal"/>
    <tag k="traffic_signals:direction" v="backward"/>
  </node>
  <node id="13363701252" lat="48.8747107" lon="2.2957151">
    <tag k="highway" v="traffic_signals"/>
    <tag k="traffic_signals" v="signal"/>
    <tag k="traffic_signals:direction" v="forward"/>
  </node>
  <node id="13363701253" lat="48.8751368" lon="2.2960232"/>
  <node id="13363701254" lat="48.8750575" lon="2.2962365">
    <tag k="cycleway" v="asl"/>
    <tag k="direction" v="forward"/>
  </node>
  <node id="13363701255" lat="48.8750476" lon="2.2962597">
    <tag k="highway" v="traffic_signals"/>
    <tag k="traffic_signals" v="signal"/>
    <tag k="traffic_signals:direction" v="forward"/>
  </node>
  <node id="13363701256" lat="48.8752178" lon="2.2960828">
    <tag k="highway" v="traffic_signals"/>
    <tag k="traffic_signals" v="signal"/>
    <tag k="traffic_signals:direction" v="backward"/>
  </node>
  <node id="13363701257" lat="48.8758168" lon="2.2965147">
    <tag k="highway" v="traffic_signals"/>
    <tag k="traffic_signals" v="signal"/>
    <tag k="traffic_signals:direction" v="forward"/>
  </node>
  <node id="13363701258" lat="48.8760100" lon="2.2966552">
    <tag k="highway" v="traffic_signals"/>
    <tag k="traffic_signals" v="signal"/>
    <tag k="traffic_signals:direction" v="backward"/>
  </node>
  <node id="13363701259" lat="48.8759852" lon="2.2963840">
    <tag k="highway" v="traffic_signals"/>
    <tag k="traffic_signals" v="signal"/>
    <tag k="traffic_signals:direction" v="forward"/>
  </node>
  <node id="13363707348" lat="48.8743287" lon="2.2963633">
    <tag k="highway" v="traffic_signals"/>
    <tag k="traffic_signals" v="signal"/>
    <tag k="traffic_signals:direction" v="forward"/>
  </node>
  <node id="13363707349" lat="48.8744380" lon="2.2970893">
    <tag k="cycleway" v="asl"/>
    <tag k="direction" v="forward"/>
  </node>
  <node id="13363707350" lat="48.8762339" lon="2.3009347">
    <tag k="highway" v="traffic_signals"/>
    <tag k="traffic_signals" v="signal"/>
    <tag k="traffic_signals:direction" v="forward"/>
  </node>
  <node id="13363707354" lat="48.8764850" lon="2.3015372">
    <tag k="highway" v="traffic_signals"/>
    <tag k="traffic_signals" v="signal"/>
    <tag k="traffic_signals:direction" v="forward"/>
  </node>
  <node id="13363707355" lat="48.8765530" lon="2.3017005"/>
  <node id="13363750162" lat="48.8739005" lon="2.2966075">
    <tag k="highway" v="traffic_signals"/>
    <tag k="traffic_signals" v="signal"/>
    <tag k="traffic_signals:direction" v="forward"/>
  </node>
  <node id="13363750163" lat="48.8743650" lon="2.3007735">
    <tag k="cycleway" v="asl"/>
    <tag k="direction" v="forward"/>
  </node>
  <node id="13363750164" lat="48.8743604" lon="2.3007323">
    <tag k="highway" v="traffic_signals"/>
    <tag k="traffic_signals" v="signal"/>
    <tag k="traffic_signals:direction" v="forward"/>
  </node>
  <node id="13363750165" lat="48.8743740" lon="2.3008515">
    <tag k="cycleway" v="asl"/>
    <tag k="direction" v="backward"/>
  </node>
  <node id="13363750166" lat="48.8743794" lon="2.3008968">
    <tag k="highway" v="traffic_signals"/>
    <tag k="traffic_signals" v="signal"/>
    <tag k="traffic_signals:direction" v="backward"/>
  </node>
  <node id="13363750168" lat="48.8744622" lon="2.3016440">
    <tag k="highway" v="traffic_signals"/>
    <tag k="traffic_signals" v="signal"/>
    <tag k="traffic_signals:direction" v="forward"/>
  </node>
  <node id="13363750169" lat="48.8744684" lon="2.3016981">
    <tag k="cycleway" v="asl"/>
    <tag k="direction" v="backward"/>
  </node>
  <node id="13363750170" lat="48.8744743" lon="2.3017524">
    <tag k="highway" v="traffic_signals"/>
    <tag k="traffic_signals" v="signal"/>
    <tag k="traffic_signals:direction" v="backward"/>
  </node>
  <node id="13380361224" lat="48.8708791" lon="2.3006781"/>
  <node id="13395225952" lat="48.8712766" lon="2.2763497"/>
  <node id="13431523603" lat="48.8746991" lon="2.2932834">
    <tag k="highway" v="traffic_signals"/>
    <tag k="traffic_signals" v="signal"/>
    <tag k="traffic_signals:direction" v="forward"/>
  </node>
  <node id="13431523604" lat="48.8737534" lon="2.2927999">
    <tag k="highway" v="traffic_signals"/>
    <tag k="traffic_signals" v="signal"/>
    <tag k="traffic_signals:direction" v="forward"/>
  </node>
  <node id="13431523605" lat="48.8734614" lon="2.2928527">
    <tag k="highway" v="traffic_signals"/>
    <tag k="traffic_signals" v="signal"/>
    <tag k="traffic_signals:direction" v="backward"/>
  </node>
  <node id="13431523606" lat="48.8725299" lon="2.2938532">
    <tag k="highway" v="traffic_signals"/>
    <tag k="traffic_signals" v="signal"/>
    <tag k="traffic_signals:direction" v="forward"/>
  </node>
  <node id="13431523607" lat="48.8723844" lon="2.2943041">
    <tag k="highway" v="traffic_signals"/>
    <tag k="traffic_signals" v="signal"/>
    <tag k="traffic_signals:direction" v="backward"/>
  </node>
  <node id="13431523608" lat="48.8723027" lon="2.2950310">
    <tag k="highway" v="traffic_signals"/>
    <tag k="traffic_signals" v="signal"/>
    <tag k="traffic_signals:direction" v="forward"/>
  </node>
  <node id="13431523609" lat="48.8724404" lon="2.2959875">
    <tag k="highway" v="traffic_signals"/>
    <tag k="traffic_signals" v="signal"/>
    <tag k="traffic_signals:direction" v="forward"/>
  </node>
  <node id="13431523610" lat="48.8725891" lon="2.2963722">
    <tag k="highway" v="traffic_signals"/>
    <tag k="traffic_signals" v="signal"/>
    <tag k="traffic_signals:direction" v="backward"/>
  </node>
  <node id="13431523611" lat="48.8749697" lon="2.2937142">
    <tag k="highway" v="traffic_signals"/>
    <tag k="traffic_signals" v="signal"/>
    <tag k="traffic_signals:direction" v="backward"/>
  </node>
  <node id="13431523612" lat="48.8752247" lon="2.2946043">
    <tag k="highway" v="traffic_signals"/>
    <tag k="traffic_signals" v="signal"/>
    <tag k="traffic_signals:direction" v="backward"/>
  </node>
  <node id="13431523613" lat="48.8751702" lon="2.2957815">
    <tag k="highway" v="traffic_signals"/>
    <tag k="traffic_signals" v="signal"/>
    <tag k="traffic_signals:direction" v="backward"/>
  </node>
  <node id="13431523614" lat="48.8747029" lon="2.2967828">
    <tag k="highway" v="traffic_signals"/>
    <tag k="traffic_signals" v="signal"/>
    <tag k="traffic_signals:direction" v="backward"/>
  </node>
  <node id="13431523615" lat="48.8738492" lon="2.2972675">
    <tag k="highway" v="traffic_signals"/>
    <tag k="traffic_signals" v="signal"/>
    <tag k="traffic_signals:direction" v="forward"/>
  </node>
  <node id="13889841895" lat="48.8694155" lon="2.2977478"/>
  <node id="13889895544" lat="48.8710716" lon="2.2964797"/>
  <node id="13889900219" lat="48.8698822" lon="2.2934791"/>
  <node id="13889909398" lat="48.8705667" lon="2.2958219"/>
  <way id="4039896">
    <nd ref="8179861623"/>
    <nd ref="34816775"/>
    <nd ref="6306131375"/>
    <nd ref="25624001"/>
    <nd ref="6306189283"/>
    <nd ref="34816573"/>
    <nd ref="6306189502"/>
    <nd ref="273337145"/>
    <nd ref="11497991325"/>
    <nd ref="34816759"/>
    <nd ref="6306207440"/>
    <nd ref="34816758"/>
    <nd ref="6306211158"/>
    <nd ref="21660044"/>
    <nd ref="6258309560"/>
    <nd ref="13363547423"/>
    <tag k="highway" v="secondary"/>
    <tag k="lanes" v="2"/>
    <tag k="lanes:backward" v="1"/>
    <tag k="lanes:forward" v="1"/>
    <tag k="lit" v="yes"/>
    <tag k="maxspeed" v="30"/>
    <tag k="name" v="Avenue Victor Hugo"/>
    <tag k="name:etymology:wikidata" v="Q535"/>
    <tag k="name:zh" v="维克多·雨果大街"/>
    <tag k="name:zh-Hans" v="维克多·雨果大街"/>
    <tag k="name:zh-Hant" v="維克多·雨果大街"/>
    <tag k="sidewalk:both" v="separate"/>
    <tag k="surface" v="asphalt"/>
  </way>
  <way id="4082012">
    <nd ref="13363596190"/>
    <nd ref="6258312225"/>
    <nd ref="21659954"/>
    <nd ref="936923370"/>
    <nd ref="936926346"/>
    <nd ref="13363547422"/>
    <nd ref="6258312042"/>
    <nd ref="13363547423"/>
    <tag k="bicycle:backward" v="use_sidepath"/>
    <tag k="cycleway" v="separate"/>
    <tag k="highway" v="residential"/>
    <tag k="lanes" v="1"/>
    <tag k="lit" v="yes"/>
    <tag k="maxspeed" v="30"/>
    <tag k="name" v="Rue de Presbourg"/>
    <tag k="name:etymology:wikidata" v="Q154102"/>
    <tag k="name:zh" v="普雷斯堡街"/>
    <tag k="oneway" v="yes"/>
    <tag k="parking:both" v="no"/>
    <tag k="parking:both:restriction" v="no_parking"/>
    <tag k="sidewalk:both" v="separate"/>
    <tag k="smoothness" v="good"/>
    <tag k="source:maxspeed" v="FR:urban"/>
    <tag k="surface" v="asphalt"/>
  </way>
  <way id="4082014">
    <nd ref="21660924"/>
    <nd ref="926929640"/>
    <nd ref="270735104"/>
    <nd ref="6260352577"/>
    <nd ref="926663162"/>
    <nd ref="21660948"/>
    <tag k="highway" v="residential"/>
    <tag k="lanes" v="2"/>
    <tag k="lit" v="yes"/>
    <tag k="maxspeed" v="30"/>
    <tag k="name" v="Avenue des Portugais"/>
    <tag k="name:etymology:wikidata" v="Q178630"/>
    <tag k="sidewalk:both" v="separate"/>
    <tag k="smoothness" v="good"/>
    <tag k="source:maxspeed" v="FR:urban"/>
    <tag k="surface" v="asphalt"/>
  </way>
  <way id="4082016">
    <nd ref="270938224"/>
    <nd ref="6789044663"/>
    <nd ref="21660944"/>
    <tag k="highway" v="residential"/>
    <tag k="lit" v="yes"/>
    <tag k="maxspeed" v="30"/>
    <tag k="name" v="Rue Newton"/>
    <tag k="name:etymology:wikidata" v="Q935"/>
    <tag k="sidewalk:both" v="separate"/>
    <tag k="source:maxspeed" v="FR:urban"/>
    <tag k="surface" v="asphalt"/>
  </way>
  <way id="4082017">
    <nd ref="21660914"/>
    <nd ref="926957171"/>
    <nd ref="7966895613"/>
    <nd ref="21660950"/>
    <tag k="highway" v="residential"/>
    <tag k="lit" v="yes"/>
    <tag k="maxspeed" v="30"/>
    <tag k="name" v="Rue Auguste Vacquerie"/>
    <tag k="name:etymology:wikidata" v="Q940439"/>
    <tag k="oneway" v="yes"/>
    <tag k="surface" v="asphalt"/>
  </way>
  <way id="4082038">
    <nd ref="27286715"/>
    <nd ref="12506750896"/>
    <nd ref="6788935918"/>
    <nd ref="5964830404"/>
    <nd ref="21660275"/>
    <tag k="highway" v="residential"/>
    <tag k="lit" v="yes"/>
    <tag k="maxspeed" v="30"/>
    <tag k="name" v="Rue Beaujon"/>
    <tag k="name:etymology:wikidata" v="Q3340081"/>
    <tag k="oneway" v="yes"/>
    <tag k="sidewalk:left" v="separate"/>
    <tag k="sidewalk:right" v="separate"/>
    <tag k="surface" v="asphalt"/>
  </way>
  <way id="4082043">
    <nd ref="6736481995"/>
    <nd ref="838076500"/>
    <nd ref="1534607383"/>
    <nd ref="11012446365"/>
    <nd ref="11012446368"/>
    <nd ref="3670340321"/>
    <tag k="cycleway:right" v="no"/>
    <tag k="highway" v="residential"/>
    <tag k="lanes" v="1"/>
    <tag k="lit" v="yes"/>
    <tag k="maxspeed" v="30"/>
    <tag k="name" v="Rue Arsène Houssaye"/>
    <tag k="name:etymology:wikidata" v="Q705210"/>
    <tag k="oneway" v="yes"/>
    <tag k="sidewalk" v="separate"/>
    <tag k="surface" v="asphalt"/>
  </way>
  <way id="4293940">
    <nd ref="25623915"/>
    <nd ref="6254216642"/>
    <nd ref="25623911"/>
    <nd ref="8130308294"/>
    <nd ref="7016290275"/>
    <nd ref="21660949"/>
    <nd ref="7016290274"/>
    <nd ref="270728188"/>
    <nd ref="7016316003"/>
    <nd ref="21660916"/>
    <tag k="highway" v="residential"/>
    <tag k="lit" v="yes"/>
    <tag k="maxspeed" v="30"/>
    <tag k="name" v="Rue Dumont d'Urville"/>
    <tag k="name:etymology:wikidata" v="Q204735"/>
    <tag k="oneway" v="yes"/>
    <tag k="sidewalk:both" v="separate"/>
    <tag k="source:maxspeed" v="FR:urban"/>
    <tag k="surface" v="asphalt"/>
  </way>
  <way id="4293941">
    <nd ref="270727841"/>
    <nd ref="7016290270"/>
    <nd ref="21660948"/>
    <nd ref="7016290271"/>
    <nd ref="6254229995"/>
    <nd ref="25623918"/>
    <tag k="cycleway:both" v="no"/>
    <tag k="highway" v="residential"/>
    <tag k="lit" v="yes"/>
    <tag k="maxspeed" v="30"/>
    <tag k="name" v="Rue la Pérouse"/>
    <tag k="name:etymology:wikidata" v="Q294478"/>
    <tag k="oneway" v="yes"/>
    <tag k="oneway:bicycle" v="no"/>
    <tag k="sidewalk:both" v="separate"/>
    <tag k="source:maxspeed" v="FR:urban"/>
    <tag k="surface" v="asphalt"/>
  </way>
  <way id="4293943">
    <nd ref="25623911"/>
    <nd ref="8130308293"/>
    <nd ref="7966895611"/>
    <nd ref="21660950"/>
    <tag k="highway" v="residential"/>
    <tag k="lit" v="yes"/>
    <tag k="maxspeed" v="30"/>
    <tag k="name" v="Rue Auguste Vacquerie"/>
    <tag k="name:etymology:wikidata" v="Q940439"/>
    <tag k="oneway" v="yes"/>
    <tag k="sidewalk:right" v="separate"/>
    <tag k="source:maxspeed" v="FR:urban"/>
    <tag k="surface" v="asphalt"/>
  </way>
  <way id="4293947">
    <nd ref="25624014"/>
    <nd ref="5866130126"/>
    <nd ref="6789077089"/>
    <nd ref="25624012"/>
    <tag k="highway" v="residential"/>
    <tag k="lit" v="yes"/>
    <tag k="maxspeed" v="30"/>
    <tag k="name" v="Rue Kepler"/>
    <tag k="name:etymology:wikidata" v="Q8963"/>
    <tag k="oneway" v="yes"/>
    <tag k="sidewalk:both" v="separate"/>
    <tag k="source:maxspeed" v="FR:urban"/>
    <tag k="surface" v="sett"/>
  </way>
  <way id="4293994">
    <nd ref="661225"/>
    <nd ref="25626302"/>
    <nd ref="6803062500"/>
    <nd ref="25625950"/>
    <tag k="highway" v="unclassified"/>
    <tag k="lane_markings" v="no"/>
    <tag k="maxspeed" v="30"/>
    <tag k="name" v="Rue Euler"/>
    <tag k="name:etymology:wikidata" v="Q7604"/>
    <tag k="oneway" v="yes"/>
    <tag k="sidewalk:both" v="separate"/>
    <tag k="source:maxspeed" v="FR:urban"/>
    <tag k="surface" v="sett"/>
  </way>
  <way id="4293995">
    <nd ref="25625950"/>
    <nd ref="6803068692"/>
    <nd ref="11010382378"/>
    <nd ref="25625949"/>
    <nd ref="6803059706"/>
    <nd ref="6253747746"/>
    <nd ref="25625948"/>
    <tag k="cycleway:left" v="no"/>
    <tag k="highway" v="residential"/>
    <tag k="lit" v="yes"/>
    <tag k="maxspeed" v="30"/>
    <tag k="name" v="Rue Magellan"/>
    <tag k="name:etymology:wikidata" v="Q1496"/>
    <tag k="oneway" v="yes"/>
    <tag k="oneway:bicycle" v="no"/>
    <tag k="sidewalk:both" v="separate"/>
    <tag k="source:maxspeed" v="FR:urban"/>
    <tag k="surface" v="sett"/>
  </way>
  <way id="4293996">
    <nd ref="5996498077"/>
    <nd ref="1554682680"/>
    <nd ref="830665982"/>
    <nd ref="11010382377"/>
    <nd ref="1554682678"/>
    <nd ref="6409692306"/>
    <nd ref="25625951"/>
    <nd ref="6409692725"/>
    <nd ref="6803049313"/>
    <nd ref="25625950"/>
    <nd ref="6803040452"/>
    <nd ref="6789087539"/>
    <tag k="cycleway:left" v="opposite"/>
    <tag k="highway" v="residential"/>
    <tag k="lit" v="yes"/>
    <tag k="maxspeed" v="30"/>
    <tag k="name" v="Rue de Bassano"/>
    <tag k="name:etymology:wikidata" v="Q1277480"/>
    <tag k="oneway" v="yes"/>
    <tag k="sidewalk:both" v="separate"/>
    <tag k="source:maxspeed" v="FR:urban"/>
    <tag k="surface" v="sett"/>
  </way>
  <way id="4444151">
    <nd ref="21660281"/>
    <nd ref="8987468903"/>
    <nd ref="12506750888"/>
    <nd ref="6788924033"/>
    <nd ref="6900564302"/>
    <nd ref="272334746"/>
    <nd ref="1961531247"/>
    <nd ref="1961531244"/>
    <tag k="cycleway:left" v="no"/>
    <tag k="highway" v="residential"/>
    <tag k="lit" v="yes"/>
    <tag k="maxspeed" v="30"/>
    <tag k="name" v="Rue Troyon"/>
    <tag k="name:etymology:wikidata" v="Q219403"/>
    <tag k="oneway" v="yes"/>
    <tag k="oneway:bicycle" v="no"/>
    <tag k="sidewalk:both" v="separate"/>
    <tag k="surface" v="sett"/>
    <tag k="zone:maxspeed" v="FR:30"/>
  </way>
  <way id="4444183">
    <nd ref="368319"/>
    <nd ref="5620560314"/>
    <nd ref="4950063150"/>
    <nd ref="13363701252"/>
    <nd ref="6170914493"/>
    <nd ref="911471111"/>
    <nd ref="4934446333"/>
    <nd ref="661218"/>
    <nd ref="13165837600"/>
    <nd ref="6370024886"/>
    <tag k="busway:right" v="lane"/>
    <tag k="cycleway:right" v="share_busway"/>
    <tag k="highway" v="primary"/>
    <tag k="lanes" v="4"/>
    <tag k="lanes:backward" v="2"/>
    <tag k="lanes:forward" v="2"/>
    <tag k="lit" v="yes"/>
    <tag k="maxspeed" v="30"/>
    <tag k="name" v="Avenue de Wagram"/>
    <tag k="name:etymology:wikidata" v="Q467777"/>
    <tag k="name:zh" v="瓦格拉姆大街"/>
    <tag k="name:zh-Hans" v="瓦格拉姆大街"/>
    <tag k="name:zh-Hant" v="瓦格拉姆大街"/>
    <tag k="sidewalk:both" v="separate"/>
    <tag k="smoothness" v="intermediate"/>
    <tag k="surface" v="sett"/>
  </way>
  <way id="4450686">
    <nd ref="21660969"/>
    <nd ref="12633563731"/>
    <nd ref="2698142543"/>
    <nd ref="269368412"/>
    <nd ref="21660972"/>
    <nd ref="269368021"/>
    <nd ref="1998793619"/>
    <nd ref="11012358113"/>
    <nd ref="269902782"/>
    <nd ref="269902563"/>
    <nd ref="272336241"/>
    <nd ref="269903044"/>
    <nd ref="6900533970"/>
    <nd ref="21660967"/>
    <nd ref="1961531248"/>
    <nd ref="1961531244"/>
    <nd ref="21659957"/>
    <nd ref="6900476601"/>
    <nd ref="13363701249"/>
    <nd ref="6370024973"/>
    <nd ref="6900474603"/>
    <nd ref="13363701247"/>
    <nd ref="5087798656"/>
    <nd ref="13363701250"/>
    <nd ref="6170919421"/>
    <nd ref="13363701251"/>
    <nd ref="368318"/>
    <tag k="bicycle:lanes:backward" v="designated"/>
    <tag k="busway:left" v="opposite_lane"/>
    <tag k="cycleway:left" v="share_busway"/>
    <tag k="cycleway:left:oneway" v="-1"/>
    <tag k="cycleway:right" v="no"/>
    <tag k="highway" v="secondary"/>
    <tag k="lanes" v="3"/>
    <tag k="lanes:backward" v="1"/>
    <tag k="lanes:forward" v="2"/>
    <tag k="lit" v="yes"/>
    <tag k="maxspeed" v="30"/>
    <tag k="name" v="Avenue Mac-Mahon"/>
    <tag k="name:etymology:wikidata" v="Q158838"/>
    <tag k="name:zh" v="麦克马洪大街"/>
    <tag k="name:zh-Hans" v="麦克马洪大街"/>
    <tag k="name:zh-Hant" v="麥克馬洪大街"/>
    <tag k="oneway" v="yes"/>
    <tag k="oneway:bicycle" v="no"/>
    <tag k="oneway:psv" v="no"/>
    <tag k="psv:lanes:backward" v="designated"/>
    <tag k="sidewalk:both" v="separate"/>
    <tag k="smoothness" v="intermediate"/>
    <tag k="surface" v="sett"/>
  </way>
  <way id="4941951">
    <nd ref="3670340321"/>
    <nd ref="3910397145"/>
    <nd ref="11012446367"/>
    <nd ref="3910397144"/>
    <nd ref="3172353226"/>
    <nd ref="32560653"/>
    <nd ref="3172353223"/>
    <nd ref="32560730"/>
    <nd ref="833541039"/>
    <nd ref="833541248"/>
    <nd ref="32560731"/>
    <nd ref="32560732"/>
    <nd ref="32560609"/>
    <tag k="cycleway:right" v="no"/>
    <tag k="highway" v="residential"/>
    <tag k="lanes" v="1"/>
    <tag k="lit" v="yes"/>
    <tag k="maxspeed" v="30"/>
    <tag k="name" v="Rue Lord Byron"/>
    <tag k="name:etymology:wikidata" v="Q5679"/>
    <tag k="oneway" v="yes"/>
    <tag k="sidewalk:both" v="separate"/>
    <tag k="surface" v="sett"/>
  </way>
  <way id="5096930">
    <nd ref="13395225952"/>
    <nd ref="6786375528"/>
    <nd ref="34816750"/>
    <nd ref="571656878"/>
    <nd ref="6786355524"/>
    <nd ref="34817262"/>
    <nd ref="6786247262"/>
    <nd ref="34816752"/>
    <nd ref="6786286917"/>
    <nd ref="34817359"/>
    <nd ref="6786287125"/>
    <nd ref="6896413907"/>
    <nd ref="34816998"/>
    <nd ref="6896435426"/>
    <nd ref="34816753"/>
    <nd ref="11013849203"/>
    <nd ref="257936842"/>
    <nd ref="6896446880"/>
    <nd ref="34816574"/>
    <nd ref="6803057868"/>
    <nd ref="937854611"/>
    <nd ref="6803050715"/>
    <nd ref="34816754"/>
    <nd ref="937208512"/>
    <nd ref="11013849213"/>
    <nd ref="291594056"/>
    <nd ref="6260279857"/>
    <nd ref="13363596191"/>
    <tag k="highway" v="residential"/>
    <tag k="lanes" v="1"/>
    <tag k="lit" v="yes"/>
    <tag k="maxspeed" v="30"/>
    <tag k="name" v="Avenue Foch"/>
    <tag k="name:eo" v="Avenuo Foch"/>
    <tag k="name:etymology:wikidata" v="Q192615"/>
    <tag k="name:zh" v="福煦大街"/>
    <tag k="name:zh-Hans" v="福煦大街"/>
    <tag k="name:zh-Hant" v="福煦大街"/>
    <tag k="oneway" v="yes"/>
    <tag k="sidewalk:both" v="separate"/>
    <tag k="source:maxspeed" v="FR:urban"/>
    <tag k="wikidata" v="Q790562"/>
    <tag k="wikipedia" v="fr:Avenue Foch (Paris)"/>
  </way>
  <way id="5096931">
    <nd ref="34816758"/>
    <nd ref="6306210399"/>
    <nd ref="6803053502"/>
    <nd ref="34816754"/>
    <tag k="highway" v="residential"/>
    <tag k="lit" v="yes"/>
    <tag k="maxspeed" v="30"/>
    <tag k="name" v="Rue de Traktir"/>
    <tag k="oneway" v="yes"/>
    <tag k="sidewalk:both" v="separate"/>
    <tag k="surface" v="asphalt"/>
  </way>
  <way id="5096932">
    <nd ref="34816759"/>
    <nd ref="11007710289"/>
    <nd ref="764434994"/>
    <tag k="highway" v="pedestrian"/>
    <tag k="name" v="Rue du Dôme"/>
  </way>
  <way id="8413422">
    <nd ref="27286691"/>
    <nd ref="6900219268"/>
    <nd ref="27286692"/>
    <nd ref="27286693"/>
    <nd ref="937868663"/>
    <nd ref="27286694"/>
    <nd ref="6900273447"/>
    <nd ref="6900303198"/>
    <nd ref="27286696"/>
    <tag k="highway" v="residential"/>
    <tag k="lit" v="yes"/>
    <tag k="maxspeed" v="30"/>
    <tag k="name" v="Rue Chalgrin"/>
    <tag k="name:etymology:wikidata" v="Q525487"/>
    <tag k="oneway" v="yes"/>
    <tag k="sidewalk:both" v="separate"/>
    <tag k="source:maxspeed" v="FR:urban"/>
    <tag k="surface" v="asphalt"/>
  </way>
  <way id="8413426">
    <nd ref="299018405"/>
    <nd ref="9471837437"/>
    <nd ref="299015572"/>
    <tag k="highway" v="residential"/>
    <tag k="lit" v="yes"/>
    <tag k="maxspeed" v="30"/>
    <tag k="name" v="Rue d'Argentine"/>
    <tag k="name:etymology:wikidata" v="Q414"/>
    <tag k="oneway" v="yes"/>
    <tag k="sidewalk" v="no"/>
    <tag k="surface" v="asphalt"/>
  </way>
  <way id="14163843">
    <nd ref="5996498042"/>
    <nd ref="1534547291"/>
    <nd ref="135294283"/>
    <nd ref="1534547299"/>
    <nd ref="476880921"/>
    <nd ref="135294293"/>
    <tag k="cycleway" v="on_street"/>
    <tag k="highway" v="cycleway"/>
    <tag k="name" v="Tunnel de l'Étoile"/>
    <tag k="name:zh" v="星形隧道"/>
    <tag k="oneway" v="no"/>
    <tag k="small_electric_vehicle" v="yes"/>
    <tag k="surface" v="asphalt"/>
    <tag k="width" v="7.5"/>
  </way>
  <way id="14163844">
    <nd ref="135294293"/>
    <nd ref="1534656355"/>
    <nd ref="135294297"/>
    <nd ref="135294303"/>
    <nd ref="135294306"/>
    <nd ref="135294310"/>
    <nd ref="135294320"/>
    <nd ref="135294324"/>
    <nd ref="135294327"/>
    <nd ref="137552078"/>
    <tag k="cycleway" v="on_street"/>
    <tag k="foot" v="no"/>
    <tag k="height" v="2.4"/>
    <tag k="highway" v="cycleway"/>
    <tag k="layer" v="-1"/>
    <tag k="lit" v="24/7"/>
    <tag k="maxheight" v="2.4"/>
    <tag k="name" v="Tunnel de l'Étoile"/>
    <tag k="name:zh" v="星形隧道"/>
    <tag k="oneway" v="no"/>
    <tag k="opening_hours" v="7:45-22:30"/>
    <tag k="small_electric_vehicle" v="yes"/>
    <tag k="surface" v="asphalt"/>
    <tag k="tunnel" v="yes"/>
    <tag k="width" v="7.5"/>
    <tag k="wikidata" v="Q276433"/>
  </way>
  <way id="14310596">
    <nd ref="137552078"/>
    <nd ref="5455382784"/>
    <nd ref="135294272"/>
    <nd ref="11333186749"/>
    <nd ref="9471837421"/>
    <tag k="cycleway" v="on_street"/>
    <tag k="highway" v="cycleway"/>
    <tag k="lit" v="yes"/>
    <tag k="name" v="Tunnel de l'Étoile"/>
    <tag k="name:zh" v="星形隧道"/>
    <tag k="oneway" v="no"/>
    <tag k="small_electric_vehicle" v="yes"/>
    <tag k="surface" v="asphalt"/>
    <tag k="width" v="7.5"/>
  </way>
  <way id="17045774">
    <nd ref="176932867"/>
    <nd ref="6900309696"/>
    <nd ref="6170786202"/>
    <nd ref="299016987"/>
    <tag k="cycleway:both" v="no"/>
    <tag k="highway" v="residential"/>
    <tag k="lane_markings" v="no"/>
    <tag k="lit" v="yes"/>
    <tag k="maxspeed" v="30"/>
    <tag k="name" v="Rue Rude"/>
    <tag k="name:etymology:wikidata" v="Q346491"/>
    <tag k="oneway" v="yes"/>
    <tag k="sidewalk:both" v="separate"/>
    <tag k="source:maxspeed" v="FR:urban"/>
    <tag k="surface" v="asphalt"/>
  </way>
  <way id="17045818">
    <nd ref="176932687"/>
    <nd ref="8130308290"/>
    <nd ref="6900296777"/>
    <nd ref="176932867"/>
    <tag k="highway" v="residential"/>
    <tag k="lit" v="yes"/>
    <tag k="maxspeed" v="30"/>
    <tag k="name" v="Rue de Saïgon"/>
    <tag k="name:etymology:wikidata" v="Q105076326"/>
    <tag k="oneway" v="yes"/>
    <tag k="sidewalk:both" v="separate"/>
    <tag k="surface" v="asphalt"/>
  </way>
  <way id="23819963">
    <nd ref="21660964"/>
    <nd ref="6893552720"/>
    <nd ref="21660937"/>
    <nd ref="6893514699"/>
    <nd ref="25624012"/>
    <nd ref="6789068514"/>
    <nd ref="6789065199"/>
    <nd ref="661225"/>
    <tag k="highway" v="residential"/>
    <tag k="lit" v="yes"/>
    <tag k="maxspeed" v="30"/>
    <tag k="name" v="Rue Galilée"/>
    <tag k="name:etymology:wikidata" v="Q307"/>
    <tag k="oneway" v="yes"/>
    <tag k="sidewalk:both" v="separate"/>
    <tag k="source:maxspeed" v="FR:urban"/>
    <tag k="surface" v="asphalt"/>
  </way>
  <way id="24027319">
    <nd ref="368320"/>
    <nd ref="13363707348"/>
    <nd ref="3670345637"/>
    <nd ref="9092818002"/>
    <nd ref="838123109"/>
    <tag k="highway" v="tertiary"/>
    <tag k="lanes" v="4"/>
    <tag k="lanes:backward" v="2"/>
    <tag k="lanes:forward" v="2"/>
    <tag k="lit" v="yes"/>
    <tag k="maxspeed" v="30"/>
    <tag k="name" v="Avenue Hoche"/>
    <tag k="name:etymology:wikidata" v="Q367042"/>
    <tag k="name:zh" v="奥什大街"/>
    <tag k="sidewalk:both" v="separate"/>
    <tag k="smoothness" v="intermediate"/>
    <tag k="surface" v="sett"/>
  </way>
  <way id="24792892">
    <nd ref="5455382788"/>
    <nd ref="6409741222"/>
    <nd ref="6170784695"/>
    <nd ref="299014098"/>
    <nd ref="9471837451"/>
    <nd ref="27286709"/>
    <tag k="highway" v="residential"/>
    <tag k="lit" v="yes"/>
    <tag k="maxspeed" v="30"/>
    <tag k="name" v="Rue Anatole de la Forge"/>
    <tag k="name:etymology:wikidata" v="Q2845612"/>
    <tag k="oneway" v="yes"/>
    <tag k="sidewalk:both" v="separate"/>
    <tag k="surface" v="sett"/>
  </way>
  <way id="24792898">
    <nd ref="21660275"/>
    <nd ref="5964830379"/>
    <nd ref="21660278"/>
    <nd ref="8143391116"/>
    <nd ref="8143391115"/>
    <nd ref="21660279"/>
    <nd ref="2698157907"/>
    <nd ref="21660280"/>
    <tag k="highway" v="residential"/>
    <tag k="lit" v="yes"/>
    <tag k="maxspeed" v="30"/>
    <tag k="name" v="Rue Beaujon"/>
    <tag k="name:etymology:wikidata" v="Q3340081"/>
    <tag k="sidewalk:both" v="separate"/>
    <tag k="surface" v="asphalt"/>
  </way>
  <way id="24841435">
    <nd ref="4061931502"/>
    <nd ref="4061931503"/>
    <tag k="highway" v="residential"/>
    <tag k="lanes" v="2"/>
    <tag k="lit" v="yes"/>
    <tag k="maxspeed" v="30"/>
    <tag k="name" v="Rue du Général Lanrezac"/>
    <tag k="name:etymology:wikidata" v="Q725621"/>
  </way>
  <way id="24856799">
    <nd ref="661220"/>
    <nd ref="6892173231"/>
    <nd ref="270087608"/>
    <nd ref="270087609"/>
    <nd ref="21660275"/>
    <tag k="highway" v="service"/>
    <tag k="name" v="Avenue Hoche"/>
    <tag k="name:etymology:wikidata" v="Q367042"/>
    <tag k="name:zh" v="奥什大街"/>
    <tag k="oneway" v="yes"/>
    <tag k="service" v="parking_aisle"/>
    <tag k="sidewalk:right" v="separate"/>
    <tag k="smoothness" v="good"/>
    <tag k="surface" v="asphalt"/>
  </way>
  <way id="24856806">
    <nd ref="21660275"/>
    <nd ref="12394889966"/>
    <nd ref="13073265917"/>
    <nd ref="8143411218"/>
    <nd ref="8143411219"/>
    <nd ref="12394889946"/>
    <nd ref="838123131"/>
    <tag k="highway" v="service"/>
    <tag k="name" v="Avenue Hoche"/>
    <tag k="name:etymology:wikidata" v="Q367042"/>
    <tag k="name:zh" v="奥什大街"/>
    <tag k="oneway" v="yes"/>
    <tag k="service" v="parking_aisle"/>
    <tag k="sidewalk:right" v="separate"/>
    <tag k="smoothness" v="intermediate"/>
    <tag k="surface" v="asphalt"/>
  </way>
  <way id="24856808">
    <nd ref="21660275"/>
    <nd ref="10781494027"/>
    <nd ref="270087917"/>
    <nd ref="12394890001"/>
    <nd ref="270087918"/>
    <nd ref="838121846"/>
    <tag k="highway" v="service"/>
    <tag k="name" v="Avenue Hoche"/>
    <tag k="name:etymology:wikidata" v="Q367042"/>
    <tag k="name:zh" v="奥什大街"/>
    <tag k="oneway" v="yes"/>
    <tag k="service" v="parking_aisle"/>
    <tag k="sidewalk:right" v="separate"/>
    <tag k="smoothness" v="good"/>
    <tag k="surface" v="asphalt"/>
  </way>
  <way id="24856809">
    <nd ref="21660332"/>
    <nd ref="6892173228"/>
    <nd ref="6892173227"/>
    <nd ref="270087967"/>
    <nd ref="8143411220"/>
    <nd ref="6892173229"/>
    <nd ref="6892173230"/>
    <nd ref="12394889985"/>
    <nd ref="270087968"/>
    <nd ref="5964830381"/>
    <nd ref="21660275"/>
    <tag k="highway" v="service"/>
    <tag k="name" v="Avenue Hoche"/>
    <tag k="name:etymology:wikidata" v="Q367042"/>
    <tag k="name:zh" v="奥什大街"/>
    <tag k="oneway" v="yes"/>
    <tag k="service" v="parking_aisle"/>
    <tag k="sidewalk:right" v="separate"/>
    <tag k="smoothness" v="intermediate"/>
    <tag k="surface" v="asphalt"/>
  </way>
  <way id="24911190">
    <nd ref="368321"/>
    <nd ref="5620560316"/>
    <nd ref="7978832006"/>
    <nd ref="838076532"/>
    <nd ref="13363750162"/>
    <nd ref="838122995"/>
    <tag k="highway" v="primary"/>
    <tag k="lanes" v="4"/>
    <tag k="lanes:backward" v="2"/>
    <tag k="lanes:forward" v="2"/>
    <tag k="lit" v="yes"/>
    <tag k="maxspeed" v="30"/>
    <tag k="name" v="Avenue de Friedland"/>
    <tag k="name:etymology:wikidata" v="Q241108"/>
    <tag k="name:zh" v="弗里德兰大街"/>
    <tag k="name:zh-Hans" v="弗里德兰大街"/>
    <tag k="name:zh-Hant" v="弗里德蘭大街"/>
    <tag k="sidewalk:both" v="separate"/>
    <tag k="sidewalk:both:surface" v="asphalt"/>
    <tag k="smoothness" v="intermediate"/>
    <tag k="surface" v="sett"/>
  </way>
  <way id="24915142">
    <nd ref="270727940"/>
    <nd ref="926929409"/>
    <nd ref="926929641"/>
    <nd ref="270727841"/>
    <tag k="highway" v="service"/>
    <tag k="lit" v="yes"/>
    <tag k="maxspeed" v="30"/>
    <tag k="name" v="Rue la Pérouse"/>
    <tag k="name:etymology:wikidata" v="Q294478"/>
    <tag k="oneway" v="yes"/>
    <tag k="service" v="alley"/>
    <tag k="source:maxspeed" v="FR:urban"/>
    <tag k="surface" v="asphalt"/>
  </way>
  <way id="24915169">
    <nd ref="21660916"/>
    <nd ref="270728168"/>
    <nd ref="7966895615"/>
    <nd ref="270728169"/>
    <nd ref="926957171"/>
    <tag k="highway" v="service"/>
    <tag k="lit" v="yes"/>
    <tag k="maxspeed" v="30"/>
    <tag k="oneway" v="yes"/>
  </way>
  <way id="24915226">
    <nd ref="21660937"/>
    <nd ref="6893513677"/>
    <nd ref="6893536091"/>
    <nd ref="21660915"/>
    <tag k="highway" v="residential"/>
    <tag k="lit" v="yes"/>
    <tag k="maxspeed" v="30"/>
    <tag k="name" v="Rue Jean Giraudoux"/>
    <tag k="name:etymology:wikidata" v="Q309974"/>
    <tag k="oneway" v="yes"/>
    <tag k="sidewalk:both" v="separate"/>
    <tag k="source:maxspeed" v="FR:urban"/>
    <tag k="surface" v="asphalt"/>
  </way>
  <way id="24915245">
    <nd ref="21660914"/>
    <nd ref="926663229"/>
    <tag k="highway" v="residential"/>
    <tag k="maxspeed" v="30"/>
    <tag k="name" v="Rue Auguste Vacquerie"/>
    <tag k="name:etymology:wikidata" v="Q940439"/>
    <tag k="oneway" v="yes"/>
    <tag k="source:maxspeed" v="FR:urban"/>
    <tag k="surface" v="asphalt"/>
  </way>
  <way id="24915255">
    <nd ref="21660950"/>
    <nd ref="7966895612"/>
    <nd ref="7016290276"/>
    <nd ref="21660949"/>
    <tag k="highway" v="residential"/>
    <tag k="lit" v="yes"/>
    <tag k="maxspeed" v="30"/>
    <tag k="name" v="Rue Jean Giraudoux"/>
    <tag k="name:etymology:wikidata" v="Q309974"/>
    <tag k="oneway" v="yes"/>
    <tag k="sidewalk:both" v="separate"/>
    <tag k="source:maxspeed" v="FR:urban"/>
    <tag k="surface" v="asphalt"/>
  </way>
  <way id="24915257">
    <nd ref="21660950"/>
    <nd ref="7966895614"/>
    <nd ref="21660915"/>
    <tag k="highway" v="residential"/>
    <tag k="lit" v="yes"/>
    <tag k="maxspeed" v="30"/>
    <tag k="name" v="Rue Jean Giraudoux"/>
    <tag k="name:etymology:wikidata" v="Q309974"/>
    <tag k="oneway" v="yes"/>
    <tag k="sidewalk:right" v="separate"/>
    <tag k="source:maxspeed" v="FR:urban"/>
    <tag k="surface" v="asphalt"/>
  </way>
  <way id="24915279">
    <nd ref="21660915"/>
    <nd ref="11010604171"/>
    <nd ref="270728742"/>
    <nd ref="270728743"/>
    <nd ref="11010604157"/>
    <nd ref="21660964"/>
    <tag k="highway" v="service"/>
    <tag k="maxspeed" v="30"/>
    <tag k="oneway" v="yes"/>
  </way>
  <way id="24915806">
    <nd ref="21660948"/>
    <nd ref="7016290272"/>
    <nd ref="7016290273"/>
    <nd ref="21660949"/>
    <tag k="highway" v="residential"/>
    <tag k="lit" v="yes"/>
    <tag k="maxspeed" v="30"/>
    <tag k="name" v="Rue Jean Giraudoux"/>
    <tag k="name:etymology:wikidata" v="Q309974"/>
    <tag k="sidewalk" v="separate"/>
    <tag k="source:maxspeed" v="FR:urban"/>
    <tag k="surface" v="asphalt"/>
  </way>
  <way id="24915921">
    <nd ref="270735100"/>
    <nd ref="6999851407"/>
    <nd ref="6999851406"/>
    <nd ref="5474974271"/>
    <nd ref="270735101"/>
    <nd ref="6260348168"/>
    <nd ref="6999851408"/>
    <nd ref="5474974276"/>
    <nd ref="6260353322"/>
    <nd ref="6999851409"/>
    <nd ref="5474974266"/>
    <nd ref="6999851405"/>
    <nd ref="5474974264"/>
    <tag k="highway" v="service"/>
    <tag k="lit" v="yes"/>
    <tag k="maxspeed" v="30"/>
    <tag k="name" v="Avenue Kléber"/>
    <tag k="name:etymology:wikidata" v="Q319302"/>
    <tag k="name:zh" v="克勒贝尔大街"/>
    <tag k="oneway" v="yes"/>
    <tag k="service" v="parking_aisle"/>
    <tag k="sidewalk:right" v="separate"/>
    <tag k="smoothness" v="good"/>
    <tag k="surface" v="asphalt"/>
  </way>
  <way id="24915922">
    <nd ref="25623994"/>
    <nd ref="928644683"/>
    <nd ref="6255701595"/>
    <nd ref="270735103"/>
    <nd ref="5474974274"/>
    <nd ref="4249951050"/>
    <nd ref="270735104"/>
    <nd ref="11011917246"/>
    <nd ref="11423583231"/>
    <nd ref="11423583232"/>
    <nd ref="11423583233"/>
    <nd ref="270735106"/>
    <nd ref="928644844"/>
    <nd ref="270735100"/>
    <tag k="highway" v="service"/>
    <tag k="lit" v="yes"/>
    <tag k="maxspeed" v="30"/>
    <tag k="name" v="Avenue Kléber"/>
    <tag k="name:etymology:wikidata" v="Q319302"/>
    <tag k="name:zh" v="克勒贝尔大街"/>
    <tag k="oneway" v="yes"/>
    <tag k="service" v="parking_aisle"/>
    <tag k="sidewalk:right" v="separate"/>
    <tag k="smoothness" v="good"/>
    <tag k="surface" v="asphalt"/>
  </way>
  <way id="24915952">
    <nd ref="13362068830"/>
    <nd ref="5474974267"/>
    <nd ref="11011917239"/>
    <nd ref="270735149"/>
    <nd ref="5474974268"/>
    <nd ref="926887474"/>
    <tag k="highway" v="service"/>
    <tag k="lit" v="yes"/>
    <tag k="maxspeed" v="30"/>
    <tag k="name" v="Avenue Kléber"/>
    <tag k="name:etymology:wikidata" v="Q319302"/>
    <tag k="name:zh" v="克勒贝尔大街"/>
    <tag k="oneway" v="yes"/>
    <tag k="service" v="parking_aisle"/>
    <tag k="sidewalk:right" v="separate"/>
    <tag k="smoothness" v="good"/>
    <tag k="surface" v="asphalt"/>
  </way>
  <way id="24931206">
    <nd ref="368325"/>
    <nd ref="5093998831"/>
    <nd ref="13363596193"/>
    <nd ref="6170864709"/>
    <nd ref="926668223"/>
    <nd ref="5090905975"/>
    <nd ref="13363596194"/>
    <nd ref="2334192376"/>
    <nd ref="6370024971"/>
    <nd ref="305208580"/>
    <tag k="busway:left" v="opposite_lane"/>
    <tag k="busway:right" v="lane"/>
    <tag k="cycleway:both" v="share_busway"/>
    <tag k="highway" v="secondary"/>
    <tag k="lanes" v="4"/>
    <tag k="lanes:backward" v="1"/>
    <tag k="lanes:forward" v="3"/>
    <tag k="lit" v="yes"/>
    <tag k="maxspeed" v="30"/>
    <tag k="name" v="Avenue Marceau"/>
    <tag k="name:etymology:wikidata" v="Q1003655"/>
    <tag k="name:zh" v="马尔索大街"/>
    <tag k="name:zh-Hans" v="马尔索大街"/>
    <tag k="name:zh-Hant" v="馬爾索大街"/>
    <tag k="oneway" v="yes"/>
    <tag k="oneway:bicycle" v="no"/>
    <tag k="oneway:psv" v="no"/>
    <tag k="parking:both" v="no"/>
    <tag k="parking:both:restriction" v="no_parking"/>
    <tag k="psv:lanes:backward" v="designated"/>
    <tag k="psv:lanes:forward" v="yes|yes|designated"/>
    <tag k="sidewalk:both" v="separate"/>
    <tag k="surface" v="sett"/>
  </way>
  <way id="24932529">
    <nd ref="661225"/>
    <nd ref="6789070846"/>
    <nd ref="270936416"/>
    <nd ref="5866130128"/>
    <nd ref="832027880"/>
    <nd ref="270935182"/>
    <nd ref="8121108732"/>
    <nd ref="270935183"/>
    <nd ref="11874949498"/>
    <nd ref="11874949504"/>
    <nd ref="8121108731"/>
    <tag k="highway" v="service"/>
    <tag k="lit" v="yes"/>
    <tag k="maxspeed" v="30"/>
    <tag k="oneway" v="yes"/>
    <tag k="sidewalk:left" v="no"/>
    <tag k="sidewalk:right" v="separate"/>
  </way>
  <way id="24932531">
    <nd ref="661225"/>
    <nd ref="6789077224"/>
    <nd ref="6789075560"/>
    <nd ref="4747246900"/>
    <nd ref="270936428"/>
    <nd ref="11286079657"/>
    <tag k="highway" v="service"/>
    <tag k="lit" v="yes"/>
    <tag k="maxspeed" v="30"/>
    <tag k="oneway" v="yes"/>
    <tag k="sidewalk:left" v="separate"/>
    <tag k="sidewalk:right" v="no"/>
    <tag k="source:maxspeed" v="sign"/>
    <tag k="surface" v="asphalt"/>
  </way>
  <way id="24932752">
    <nd ref="21660944"/>
    <nd ref="7016296617"/>
    <nd ref="926662894"/>
    <tag k="highway" v="residential"/>
    <tag k="lit" v="yes"/>
    <tag k="maxspeed" v="30"/>
    <tag k="name" v="Rue Newton"/>
    <tag k="name:etymology:wikidata" v="Q935"/>
    <tag k="oneway" v="yes"/>
    <tag k="sidewalk:both" v="separate"/>
    <tag k="source:maxspeed" v="FR:urban"/>
    <tag k="surface" v="asphalt"/>
  </way>
  <way id="25034722">
    <nd ref="1986477360"/>
    <nd ref="272341253"/>
    <nd ref="6409727623"/>
    <nd ref="272341254"/>
    <nd ref="5455382788"/>
    <nd ref="272341725"/>
    <nd ref="1961580130"/>
    <nd ref="1961580126"/>
    <nd ref="1961580122"/>
    <nd ref="1961580120"/>
    <nd ref="11015571135"/>
    <nd ref="272341726"/>
    <nd ref="272341727"/>
    <tag k="highway" v="service"/>
    <tag k="lanes" v="1"/>
    <tag k="lit" v="yes"/>
    <tag k="oneway" v="yes"/>
    <tag k="sidewalk:left" v="yes"/>
    <tag k="sidewalk:right" v="separate"/>
    <tag k="surface" v="asphalt"/>
  </way>
  <way id="25034838">
    <nd ref="4061931503"/>
    <nd ref="1961571562"/>
    <nd ref="8143411226"/>
    <nd ref="1961571564"/>
    <nd ref="272341925"/>
    <nd ref="6900283803"/>
    <nd ref="1961580132"/>
    <nd ref="1961580134"/>
    <nd ref="8407487258"/>
    <nd ref="6900307622"/>
    <nd ref="8143411227"/>
    <nd ref="272341926"/>
    <nd ref="3397107727"/>
    <tag k="highway" v="service"/>
    <tag k="lanes" v="1"/>
    <tag k="lit" v="yes"/>
    <tag k="oneway" v="yes"/>
  </way>
  <way id="25034896">
    <nd ref="272341727"/>
    <nd ref="272342734"/>
    <nd ref="272342735"/>
    <nd ref="4061931503"/>
    <tag k="highway" v="service"/>
    <tag k="lanes" v="1"/>
    <tag k="lit" v="yes"/>
    <tag k="oneway" v="yes"/>
    <tag k="sidewalk:left" v="yes"/>
    <tag k="sidewalk:right" v="separate"/>
  </way>
  <way id="26588964">
    <nd ref="176932324"/>
    <nd ref="6900296861"/>
    <nd ref="6900268444"/>
    <nd ref="176932867"/>
    <tag k="cycleway:both" v="no"/>
    <tag k="highway" v="residential"/>
    <tag k="lit" v="yes"/>
    <tag k="maxspeed" v="30"/>
    <tag k="name" v="Rue Rude"/>
    <tag k="name:etymology:wikidata" v="Q346491"/>
    <tag k="sidewalk:both" v="separate"/>
    <tag k="source:maxspeed" v="FR:urban"/>
    <tag k="surface" v="asphalt"/>
  </way>
  <way id="26589063">
    <nd ref="34816754"/>
    <nd ref="11013849227"/>
    <nd ref="11013849131"/>
    <nd ref="937854317"/>
    <tag k="highway" v="footway"/>
  </way>
  <way id="26704847">
    <nd ref="12591663227"/>
    <nd ref="6258305164"/>
    <nd ref="34816568"/>
    <tag k="highway" v="residential"/>
    <tag k="maxspeed" v="30"/>
    <tag k="name" v="Rue du Dôme"/>
  </way>
  <way id="27245083">
    <nd ref="21660038"/>
    <nd ref="9471837453"/>
    <nd ref="6139260129"/>
    <nd ref="6170799815"/>
    <nd ref="299014093"/>
    <nd ref="11015526659"/>
    <nd ref="299014098"/>
    <nd ref="299014095"/>
    <nd ref="299014147"/>
    <tag k="enforcement:operator" v="Police nationale"/>
    <tag k="highway" v="service"/>
    <tag k="lit" v="yes"/>
    <tag k="maxspeed" v="30"/>
    <tag k="name" v="Avenue de la Grande Armée"/>
    <tag k="name:etymology:wikidata" v="Q504721"/>
    <tag k="name:zh" v="大军团大街"/>
    <tag k="name:zh-Hans" v="大军团大街"/>
    <tag k="name:zh-Hant" v="大軍團大街"/>
    <tag k="note" v="contre-allée=voie ouverte à la circulation publique non distincte de la voie principale (cass. Ci. 11 juin 1975)"/>
    <tag k="oneway" v="yes"/>
    <tag k="operator" v="Ville de Paris"/>
    <tag k="operator:authority" v="Maire de Paris dans le respect des prescriptions prises par le préfet de police"/>
    <tag k="operator:authority:related_law" v="III de l'article L. 2512-14 du code général des collectivités territoriales"/>
    <tag k="service" v="alley"/>
    <tag k="source:operator:authority" v="https://www.legifrance.gouv.fr/loda/id/LEGIARTI000035244298/#LEGIARTI000035244298"/>
    <tag k="surface" v="asphalt"/>
    <tag k="zone:traffic" v="FR:urban"/>
  </way>
  <way id="27245090">
    <nd ref="299014121"/>
    <nd ref="9471815116"/>
    <nd ref="6012712825"/>
    <nd ref="299014147"/>
    <nd ref="931762280"/>
    <nd ref="299014153"/>
    <nd ref="11333186718"/>
    <nd ref="9471815115"/>
    <nd ref="27415728"/>
    <tag k="enforcement:operator" v="Police nationale"/>
    <tag k="highway" v="service"/>
    <tag k="lit" v="yes"/>
    <tag k="maxspeed" v="30"/>
    <tag k="name" v="Avenue de la Grande Armée"/>
    <tag k="name:etymology:wikidata" v="Q504721"/>
    <tag k="name:zh" v="大军团大街"/>
    <tag k="name:zh-Hans" v="大军团大街"/>
    <tag k="name:zh-Hant" v="大軍團大街"/>
    <tag k="note" v="contre-allée=voie ouverte à la circulation publique non distincte de la voie principale (cass. Ci. 11 juin 1975)"/>
    <tag k="oneway" v="yes"/>
    <tag k="operator" v="Ville de Paris"/>
    <tag k="operator:authority" v="Maire de Paris dans le respect des prescriptions prises par le préfet de police"/>
    <tag k="operator:authority:related_law" v="III de l'article L. 2512-14 du code général des collectivités territoriales"/>
    <tag k="smoothness" v="excellent"/>
    <tag k="source:operator:authority" v="https://www.legifrance.gouv.fr/loda/id/LEGIARTI000035244298/#LEGIARTI000035244298"/>
    <tag k="surface" v="asphalt"/>
    <tag k="zone:traffic" v="FR:urban"/>
  </way>
  <way id="27245428">
    <nd ref="299018440"/>
    <nd ref="9471837436"/>
    <nd ref="299016131"/>
    <nd ref="6170781443"/>
    <nd ref="299015572"/>
    <tag k="enforcement:operator" v="Police nationale"/>
    <tag k="highway" v="service"/>
    <tag k="lit" v="yes"/>
    <tag k="maxspeed" v="30"/>
    <tag k="name" v="Avenue de la Grande Armée"/>
    <tag k="name:etymology:wikidata" v="Q504721"/>
    <tag k="name:zh" v="大军团大街"/>
    <tag k="name:zh-Hans" v="大军团大街"/>
    <tag k="name:zh-Hant" v="大軍團大街"/>
    <tag k="note" v="contre-allée=voie ouverte à la circulation publique non distincte de la voie principale (cass. Ci. 11 juin 1975)"/>
    <tag k="oneway" v="yes"/>
    <tag k="operator" v="Ville de Paris"/>
    <tag k="operator:authority" v="Maire de Paris dans le respect des prescriptions prises par le préfet de police"/>
    <tag k="operator:authority:related_law" v="III de l'article L. 2512-14 du code général des collectivités territoriales"/>
    <tag k="source:operator:authority" v="https://www.legifrance.gouv.fr/loda/id/LEGIARTI000035244298/#LEGIARTI000035244298"/>
    <tag k="surface" v="asphalt"/>
    <tag k="zone:traffic" v="FR:urban"/>
  </way>
  <way id="27245432">
    <nd ref="299016987"/>
    <nd ref="9471837439"/>
    <nd ref="299017904"/>
    <tag k="cycleway:both" v="no"/>
    <tag k="highway" v="unclassified"/>
    <tag k="lane_markings" v="no"/>
    <tag k="lit" v="yes"/>
    <tag k="maxspeed" v="30"/>
    <tag k="name" v="Rue Rude"/>
    <tag k="name:etymology:wikidata" v="Q346491"/>
    <tag k="oneway" v="yes"/>
    <tag k="sidewalk" v="both"/>
    <tag k="source:maxspeed" v="FR:urban"/>
    <tag k="surface" v="sett"/>
  </way>
  <way id="27465317">
    <nd ref="32560666"/>
    <nd ref="3206788754"/>
    <nd ref="32560735"/>
    <nd ref="32560734"/>
    <nd ref="833522291"/>
    <nd ref="32560733"/>
    <nd ref="833541472"/>
    <nd ref="32560609"/>
    <nd ref="833542940"/>
    <nd ref="833522634"/>
    <nd ref="6829512111"/>
    <nd ref="32560608"/>
    <nd ref="6829512109"/>
    <nd ref="3027860103"/>
    <nd ref="8143391111"/>
    <nd ref="21660274"/>
    <tag k="highway" v="residential"/>
    <tag k="lit" v="yes"/>
    <tag k="maxspeed" v="30"/>
    <tag k="name" v="Rue Chateaubriand"/>
    <tag k="name:etymology:wikidata" v="Q49767"/>
    <tag k="oneway" v="yes"/>
    <tag k="sidewalk:both" v="separate"/>
    <tag k="surface" v="sett"/>
  </way>
  <way id="31544800">
    <nd ref="13363596190"/>
    <nd ref="6370024894"/>
    <nd ref="6258325499"/>
    <nd ref="13363596188"/>
    <nd ref="937213800"/>
    <nd ref="6170847378"/>
    <nd ref="13363596187"/>
    <nd ref="368313"/>
    <tag k="cycleway:both" v="no"/>
    <tag k="highway" v="secondary"/>
    <tag k="lanes" v="4"/>
    <tag k="lanes:backward" v="2"/>
    <tag k="lanes:forward" v="2"/>
    <tag k="lit" v="yes"/>
    <tag k="maxspeed" v="50"/>
    <tag k="name" v="Avenue Foch"/>
    <tag k="name:eo" v="Avenuo Foch"/>
    <tag k="name:etymology:wikidata" v="Q192615"/>
    <tag k="name:zh" v="福煦大街"/>
    <tag k="name:zh-Hans" v="福煦大街"/>
    <tag k="name:zh-Hant" v="福煦大街"/>
    <tag k="parking:both" v="no"/>
    <tag k="parking:both:restriction" v="no_parking"/>
    <tag k="sidewalk:both" v="separate"/>
    <tag k="sidewalk:both:surface" v="asphalt"/>
    <tag k="smoothness" v="good"/>
    <tag k="surface" v="sett"/>
  </way>
  <way id="31544813">
    <nd ref="13362068830"/>
    <nd ref="6370024893"/>
    <nd ref="6260288607"/>
    <nd ref="13362068829"/>
    <nd ref="4937276948"/>
    <nd ref="926887351"/>
    <nd ref="6170861328"/>
    <nd ref="13362068827"/>
    <nd ref="368308"/>
    <tag k="cycleway:right" v="no"/>
    <tag k="highway" v="secondary"/>
    <tag k="lanes" v="4"/>
    <tag k="lanes:backward" v="2"/>
    <tag k="lanes:forward" v="2"/>
    <tag k="lit" v="yes"/>
    <tag k="maxspeed" v="30"/>
    <tag k="name" v="Avenue Kléber"/>
    <tag k="name:etymology:wikidata" v="Q319302"/>
    <tag k="name:zh" v="克勒贝尔大街"/>
    <tag k="parking:both" v="no"/>
    <tag k="parking:both:restriction" v="no_parking"/>
    <tag k="sidewalk:both" v="separate"/>
    <tag k="sidewalk:both:surface" v="asphalt"/>
    <tag k="smoothness" v="intermediate"/>
    <tag k="surface" v="sett"/>
  </way>
  <way id="31544817">
    <nd ref="7592211096"/>
    <nd ref="270727940"/>
    <nd ref="21660916"/>
    <nd ref="21660913"/>
    <nd ref="7966895616"/>
    <nd ref="21660914"/>
    <nd ref="21660915"/>
    <nd ref="6893544381"/>
    <nd ref="6893544382"/>
    <nd ref="21660964"/>
    <nd ref="11010604180"/>
    <nd ref="926540811"/>
    <nd ref="926540877"/>
    <nd ref="5536138928"/>
    <nd ref="25624047"/>
    <tag k="cycleway:both" v="no"/>
    <tag k="highway" v="primary"/>
    <tag k="lanes" v="2"/>
    <tag k="lanes:backward" v="1"/>
    <tag k="lanes:forward" v="1"/>
    <tag k="lit" v="yes"/>
    <tag k="maxspeed" v="30"/>
    <tag k="name" v="Avenue d'Iéna"/>
    <tag k="name:etymology:wikidata" v="Q154426"/>
    <tag k="name:zh" v="耶拿大街"/>
    <tag k="sidewalk:both" v="separate"/>
    <tag k="source:maxspeed" v="FR:urban"/>
    <tag k="surface" v="sett"/>
  </way>
  <way id="31544845">
    <nd ref="305208580"/>
    <nd ref="495986890"/>
    <nd ref="13363596198"/>
    <tag k="bicycle:lanes:forward" v="yes|yes|designated"/>
    <tag k="busway:right" v="lane"/>
    <tag k="cycleway:both" v="share_busway"/>
    <tag k="cycleway:left" v="lane"/>
    <tag k="cycleway:right" v="share_busway"/>
    <tag k="highway" v="secondary"/>
    <tag k="lanes" v="4"/>
    <tag k="lanes:backward" v="1"/>
    <tag k="lanes:forward" v="3"/>
    <tag k="lit" v="yes"/>
    <tag k="maxspeed" v="30"/>
    <tag k="name" v="Avenue Marceau"/>
    <tag k="name:etymology:wikidata" v="Q1003655"/>
    <tag k="name:zh" v="马尔索大街"/>
    <tag k="name:zh-Hans" v="马尔索大街"/>
    <tag k="name:zh-Hant" v="馬爾索大街"/>
    <tag k="oneway" v="no"/>
    <tag k="psv:lanes:forward" v="yes|yes|designated"/>
    <tag k="sidewalk:both" v="separate"/>
    <tag k="surface" v="sett"/>
  </way>
  <way id="40795060">
    <nd ref="25626299"/>
    <nd ref="5455382503"/>
    <nd ref="6409735119"/>
    <nd ref="6409735121"/>
    <nd ref="495986693"/>
    <nd ref="6409735120"/>
    <nd ref="6409735118"/>
    <nd ref="13363596196"/>
    <nd ref="13363596197"/>
    <nd ref="2334192373"/>
    <nd ref="13363596198"/>
    <tag k="highway" v="residential"/>
    <tag k="maxspeed" v="30"/>
    <tag k="name" v="Rue Vernet"/>
    <tag k="oneway" v="yes"/>
    <tag k="sidewalk:both" v="separate"/>
    <tag k="surface" v="sett"/>
  </way>
  <way id="41872851">
    <nd ref="13363701253"/>
    <nd ref="6788918924"/>
    <nd ref="13363701256"/>
    <nd ref="21660281"/>
    <nd ref="27286715"/>
    <nd ref="13363701257"/>
    <nd ref="6788861526"/>
    <nd ref="27286712"/>
    <nd ref="6788865717"/>
    <nd ref="13363701258"/>
    <nd ref="10773221133"/>
    <nd ref="27286711"/>
    <nd ref="6788644948"/>
    <nd ref="273414792"/>
    <nd ref="12009276962"/>
    <tag k="busway:both" v="lane"/>
    <tag k="cycleway:both" v="separate"/>
    <tag k="highway" v="primary"/>
    <tag k="lanes" v="4"/>
    <tag k="lanes:backward" v="2"/>
    <tag k="lanes:forward" v="2"/>
    <tag k="lit" v="yes"/>
    <tag k="maxspeed" v="30"/>
    <tag k="name" v="Avenue de Wagram"/>
    <tag k="name:etymology:wikidata" v="Q467777"/>
    <tag k="name:zh" v="瓦格拉姆大街"/>
    <tag k="name:zh-Hans" v="瓦格拉姆大街"/>
    <tag k="name:zh-Hant" v="瓦格拉姆大街"/>
    <tag k="psv:lanes:backward" v="yes|designated"/>
    <tag k="psv:lanes:forward" v="yes|designated"/>
    <tag k="sidewalk:both" v="separate"/>
    <tag k="sidewalk:both:surface" v="asphalt"/>
    <tag k="smoothness" v="intermediate"/>
    <tag k="surface" v="sett"/>
    <tag k="was:cycleway:right" v="share_busway"/>
  </way>
  <way id="51498241">
    <nd ref="833393570"/>
    <nd ref="833393569"/>
    <nd ref="6789045581"/>
    <nd ref="270938224"/>
    <tag k="busway:left" v="opposite_lane"/>
    <tag k="busway:right" v="lane"/>
    <tag k="cycleway:both" v="share_busway"/>
    <tag k="highway" v="secondary"/>
    <tag k="lanes" v="4"/>
    <tag k="lanes:backward" v="1"/>
    <tag k="lanes:forward" v="3"/>
    <tag k="lit" v="yes"/>
    <tag k="maxspeed" v="30"/>
    <tag k="name" v="Avenue Marceau"/>
    <tag k="name:etymology:wikidata" v="Q1003655"/>
    <tag k="name:zh" v="马尔索大街"/>
    <tag k="name:zh-Hans" v="马尔索大街"/>
    <tag k="name:zh-Hant" v="馬爾索大街"/>
    <tag k="oneway" v="yes"/>
    <tag k="oneway:bicycle" v="no"/>
    <tag k="oneway:psv" v="no"/>
    <tag k="psv:lanes:backward" v="designated"/>
    <tag k="psv:lanes:forward" v="yes|yes|designated"/>
    <tag k="sidewalk:both" v="separate"/>
    <tag k="surface" v="sett"/>
  </way>
  <way id="51556901">
    <nd ref="659283858"/>
    <nd ref="13352881484"/>
    <nd ref="659285048"/>
    <nd ref="659284020"/>
    <nd ref="1986828644"/>
    <nd ref="659284021"/>
    <tag k="access" v="private"/>
    <tag k="highway" v="service"/>
    <tag k="name" v="Villa de la Grande Armée"/>
    <tag k="name:etymology:wikidata" v="Q504721"/>
    <tag k="service" v="alley"/>
  </way>
  <way id="61095861">
    <nd ref="764434994"/>
    <nd ref="292873769"/>
    <tag k="highway" v="steps"/>
    <tag k="incline" v="up"/>
    <tag k="name" v="Rue du Dôme"/>
    <tag k="step_count" v="31"/>
  </way>
  <way id="64941056">
    <nd ref="34816570"/>
    <nd ref="6258308948"/>
    <nd ref="34816569"/>
    <nd ref="9410638597"/>
    <nd ref="6258305166"/>
    <nd ref="6258305165"/>
    <nd ref="34816568"/>
    <nd ref="6258302965"/>
    <nd ref="6258303176"/>
    <nd ref="6258296078"/>
    <nd ref="34816567"/>
    <tag k="highway" v="residential"/>
    <tag k="lane_markings" v="no"/>
    <tag k="lit" v="yes"/>
    <tag k="maxspeed" v="30"/>
    <tag k="name" v="Rue Lauriston"/>
    <tag k="name:etymology:wikidata" v="Q713664"/>
    <tag k="oneway" v="yes"/>
    <tag k="sidewalk:both" v="separate"/>
    <tag k="source:maxspeed" v="FR:urban"/>
    <tag k="surface" v="asphalt"/>
  </way>
  <way id="69114048">
    <nd ref="830665979"/>
    <nd ref="1554682681"/>
    <nd ref="12206024496"/>
    <nd ref="829132642"/>
    <tag k="highway" v="service"/>
    <tag k="oneway" v="yes"/>
    <tag k="surface" v="asphalt"/>
  </way>
  <way id="69114049">
    <nd ref="830665979"/>
    <nd ref="5996498079"/>
    <tag k="highway" v="residential"/>
    <tag k="lane_markings" v="no"/>
    <tag k="maxspeed" v="30"/>
    <tag k="name" v="Rue Galilée"/>
    <tag k="name:etymology:wikidata" v="Q307"/>
    <tag k="oneway" v="yes"/>
    <tag k="source:maxspeed" v="FR:urban"/>
    <tag k="surface" v="paving_stones"/>
  </way>
  <way id="69684054">
    <nd ref="833393584"/>
    <nd ref="833393587"/>
    <nd ref="833393574"/>
    <nd ref="833393583"/>
    <tag k="highway" v="steps"/>
  </way>
  <way id="69684055">
    <nd ref="833393581"/>
    <nd ref="833393585"/>
    <nd ref="833393588"/>
    <tag k="handrail" v="yes"/>
    <tag k="highway" v="steps"/>
    <tag k="incline" v="up"/>
  </way>
  <way id="69684057">
    <nd ref="833393569"/>
    <nd ref="833393582"/>
    <nd ref="833393595"/>
    <tag k="bicycle" v="no"/>
    <tag k="foot" v="no"/>
    <tag k="highway" v="service"/>
    <tag k="name" v="Accès Parking Marceau Étoile"/>
    <tag k="oneway" v="yes"/>
    <tag k="surface" v="asphalt"/>
  </way>
  <way id="69684058">
    <nd ref="833393573"/>
    <nd ref="833393578"/>
    <nd ref="833393566"/>
    <nd ref="833393575"/>
    <tag k="handrail" v="yes"/>
    <tag k="highway" v="steps"/>
    <tag k="ramp" v="no"/>
  </way>
  <way id="69684880">
    <nd ref="830668050"/>
    <nd ref="833399695"/>
    <tag k="handrail" v="yes"/>
    <tag k="highway" v="steps"/>
    <tag k="incline" v="down"/>
    <tag k="lit" v="yes"/>
    <tag k="ramp" v="no"/>
    <tag k="step_count" v="23"/>
    <tag k="surface" v="paving_stones"/>
    <tag k="tactile_paving" v="yes"/>
  </way>
  <way id="70187650">
    <nd ref="838076496"/>
    <nd ref="838076355"/>
    <nd ref="838076240"/>
    <nd ref="838076312"/>
    <nd ref="11013832018"/>
    <nd ref="838076061"/>
    <nd ref="838076151"/>
    <nd ref="838076263"/>
    <nd ref="838076347"/>
    <nd ref="838076102"/>
    <nd ref="838076180"/>
    <nd ref="838076044"/>
    <nd ref="838076139"/>
    <nd ref="838076426"/>
    <nd ref="838076511"/>
    <nd ref="838076147"/>
    <nd ref="11013832019"/>
    <nd ref="838076496"/>
    <tag k="area" v="yes"/>
    <tag k="highway" v="pedestrian"/>
    <tag k="lit" v="yes"/>
    <tag k="surface" v="asphalt"/>
  </way>
  <way id="70187662">
    <nd ref="838076040"/>
    <nd ref="838076282"/>
    <tag k="handrail" v="yes"/>
    <tag k="highway" v="steps"/>
    <tag k="incline" v="down"/>
  </way>
  <way id="70187668">
    <nd ref="6736481995"/>
    <nd ref="6736492392"/>
    <nd ref="830668049"/>
    <nd ref="12183015104"/>
    <nd ref="727891941"/>
    <nd ref="1534547339"/>
    <nd ref="21660042"/>
    <nd ref="3670345633"/>
    <nd ref="12198027331"/>
    <nd ref="1534547345"/>
    <nd ref="661221"/>
    <tag k="bicycle:backward" v="use_sidepath"/>
    <tag k="cycleway" v="separate"/>
    <tag k="highway" v="residential"/>
    <tag k="lanes" v="1"/>
    <tag k="lit" v="yes"/>
    <tag k="maxspeed" v="30"/>
    <tag k="name" v="Rue de Tilsitt"/>
    <tag k="name:etymology:wikidata" v="Q154596"/>
    <tag k="name:zh" v="蒂尔西特街"/>
    <tag k="oneway" v="yes"/>
    <tag k="sidewalk:both" v="separate"/>
    <tag k="surface" v="asphalt"/>
  </way>
  <way id="70187672">
    <nd ref="838076532"/>
    <nd ref="1554682705"/>
    <nd ref="12198027329"/>
    <nd ref="838076085"/>
    <nd ref="11875210630"/>
    <nd ref="12183015031"/>
    <nd ref="12198027330"/>
    <nd ref="838076373"/>
    <nd ref="12183015107"/>
    <nd ref="12183015032"/>
    <tag k="highway" v="service"/>
    <tag k="lit" v="yes"/>
    <tag k="oneway" v="yes"/>
    <tag k="surface" v="asphalt"/>
  </way>
  <way id="70187676">
    <nd ref="838076254"/>
    <nd ref="838076091"/>
    <nd ref="838076170"/>
    <tag k="bicycle" v="no"/>
    <tag k="highway" v="service"/>
    <tag k="oneway" v="yes"/>
    <tag k="surface" v="asphalt"/>
  </way>
  <way id="70187679">
    <nd ref="838076318"/>
    <nd ref="838076541"/>
    <tag k="handrail" v="yes"/>
    <tag k="highway" v="steps"/>
    <tag k="incline" v="down"/>
  </way>
  <way id="70187682">
    <nd ref="838076213"/>
    <nd ref="838076055"/>
    <nd ref="3910397148"/>
    <nd ref="3910397147"/>
    <nd ref="3910397146"/>
    <nd ref="838076387"/>
    <tag k="bicycle" v="no"/>
    <tag k="highway" v="service"/>
    <tag k="name" v="Sortie Parking Étoile Friedland"/>
    <tag k="oneway" v="yes"/>
    <tag k="surface" v="concrete"/>
  </way>
  <way id="70192446">
    <nd ref="838122237"/>
    <nd ref="838122776"/>
    <tag k="handrail" v="yes"/>
    <tag k="highway" v="steps"/>
    <tag k="incline" v="down"/>
    <tag k="lit" v="yes"/>
    <tag k="ramp" v="no"/>
    <tag k="step_count" v="49"/>
    <tag k="surface" v="concrete"/>
    <tag k="tactile_paving" v="no"/>
  </way>
  <way id="70192455">
    <nd ref="838122896"/>
    <nd ref="827450526"/>
    <tag k="handrail" v="yes"/>
    <tag k="highway" v="steps"/>
    <tag k="incline" v="down"/>
    <tag k="ramp" v="no"/>
    <tag k="surface" v="concrete:plates"/>
    <tag k="tactile_paving" v="partial"/>
  </way>
  <way id="70192460">
    <nd ref="838122911"/>
    <nd ref="838122484"/>
    <tag k="handrail" v="yes"/>
    <tag k="highway" v="steps"/>
    <tag k="lit" v="yes"/>
  </way>
  <way id="70192466">
    <nd ref="838122272"/>
    <nd ref="838122161"/>
    <tag k="handrail" v="yes"/>
    <tag k="highway" v="steps"/>
    <tag k="lit" v="yes"/>
  </way>
  <way id="70192492">
    <nd ref="838121997"/>
    <nd ref="838121864"/>
    <tag k="handrail" v="yes"/>
    <tag k="highway" v="steps"/>
    <tag k="incline" v="down"/>
    <tag k="ramp" v="no"/>
    <tag k="step_count" v="19"/>
    <tag k="surface" v="concrete"/>
    <tag k="tactile_paving" v="no"/>
  </way>
  <way id="70192507">
    <nd ref="838122934"/>
    <nd ref="838122824"/>
    <tag k="handrail" v="yes"/>
    <tag k="highway" v="steps"/>
    <tag k="incline" v="down"/>
    <tag k="lit" v="yes"/>
    <tag k="ramp" v="no"/>
    <tag k="step_count" v="23"/>
    <tag k="surface" v="paving_stones"/>
    <tag k="tactile_paving" v="partial"/>
  </way>
  <way id="71505096">
    <nd ref="7847753433"/>
    <nd ref="21660274"/>
    <nd ref="13363750164"/>
    <nd ref="13363750163"/>
    <nd ref="838076540"/>
    <nd ref="13363750165"/>
    <nd ref="13363750166"/>
    <nd ref="21660341"/>
    <nd ref="6996510784"/>
    <nd ref="6996510785"/>
    <nd ref="13363750168"/>
    <nd ref="838050011"/>
    <nd ref="13363750169"/>
    <nd ref="13363750170"/>
    <nd ref="9632372807"/>
    <nd ref="21660389"/>
    <nd ref="9632399432"/>
    <nd ref="2698157915"/>
    <nd ref="6284856482"/>
    <tag k="bicycle:lanes:forward" v="yes|designated"/>
    <tag k="busway:both" v="lane"/>
    <tag k="cycleway:both" v="share_busway"/>
    <tag k="highway" v="primary"/>
    <tag k="lanes" v="4"/>
    <tag k="lanes:backward" v="2"/>
    <tag k="lanes:forward" v="2"/>
    <tag k="lit" v="yes"/>
    <tag k="maxspeed" v="30"/>
    <tag k="name" v="Avenue de Friedland"/>
    <tag k="name:etymology:wikidata" v="Q241108"/>
    <tag k="name:zh" v="弗里德兰大街"/>
    <tag k="name:zh-Hans" v="弗里德兰大街"/>
    <tag k="name:zh-Hant" v="弗里德蘭大街"/>
    <tag k="psv:lanes:forward" v="yes|designated"/>
    <tag k="sidewalk:both" v="separate"/>
    <tag k="surface" v="sett"/>
  </way>
  <way id="77441325">
    <nd ref="911471426"/>
    <nd ref="911471187"/>
    <tag k="access" v="no"/>
    <tag k="highway" v="steps"/>
    <tag k="incline" v="down"/>
    <tag k="note" v="bouche de métro désaffectée"/>
  </way>
  <way id="77441327">
    <nd ref="911471515"/>
    <nd ref="911471122"/>
    <tag k="conveying" v="forward"/>
    <tag k="highway" v="steps"/>
    <tag k="incline" v="down"/>
    <tag k="lit" v="yes"/>
  </way>
  <way id="77441343">
    <nd ref="911471216"/>
    <nd ref="911471141"/>
    <tag k="handrail" v="yes"/>
    <tag k="highway" v="steps"/>
    <tag k="incline" v="up"/>
    <tag k="lit" v="yes"/>
    <tag k="oneway" v="yes"/>
    <tag k="ramp" v="no"/>
    <tag k="surface" v="paving_stones"/>
  </way>
  <way id="77441362">
    <nd ref="833399695"/>
    <nd ref="838122101"/>
    <nd ref="911471507"/>
    <nd ref="911471112"/>
    <nd ref="911471321"/>
    <tag k="highway" v="footway"/>
    <tag k="layer" v="-1"/>
    <tag k="lit" v="24/7"/>
    <tag k="name" v="Passage du Souvenir"/>
    <tag k="name:zh" v="追思之路"/>
    <tag k="surface" v="paving_stones"/>
    <tag k="tunnel" v="yes"/>
    <tag k="wikidata" v="Q3368173"/>
    <tag k="wikipedia" v="fr:Passage du Souvenir"/>
  </way>
  <way id="77441367">
    <nd ref="911471140"/>
    <nd ref="299013756"/>
    <tag k="handrail" v="yes"/>
    <tag k="highway" v="steps"/>
    <tag k="incline" v="down"/>
    <tag k="ramp" v="no"/>
    <tag k="surface" v="concrete"/>
    <tag k="tactile_paving" v="partial"/>
  </way>
  <way id="77441378">
    <nd ref="911471150"/>
    <nd ref="911471224"/>
    <tag k="conveying" v="forward"/>
    <tag k="highway" v="steps"/>
    <tag k="incline" v="up"/>
    <tag k="lit" v="yes"/>
  </way>
  <way id="77441397">
    <nd ref="911471464"/>
    <nd ref="911471078"/>
    <tag k="conveying" v="both"/>
    <tag k="highway" v="steps"/>
    <tag k="incline" v="down"/>
  </way>
  <way id="77441404">
    <nd ref="838122484"/>
    <nd ref="838122161"/>
    <tag k="highway" v="footway"/>
    <tag k="lit" v="yes"/>
    <tag k="tunnel" v="yes"/>
  </way>
  <way id="79341436">
    <nd ref="926540894"/>
    <nd ref="926540864"/>
    <nd ref="926540838"/>
    <nd ref="926540895"/>
    <nd ref="11010604176"/>
    <nd ref="926540859"/>
    <nd ref="926540824"/>
    <nd ref="926540870"/>
    <nd ref="926540841"/>
    <nd ref="926540893"/>
    <nd ref="11010604175"/>
    <nd ref="926540857"/>
    <nd ref="926540821"/>
    <nd ref="926540882"/>
    <nd ref="926540851"/>
    <nd ref="926540812"/>
    <nd ref="926540894"/>
    <tag k="area" v="yes"/>
    <tag k="highway" v="pedestrian"/>
    <tag k="lit" v="yes"/>
    <tag k="name" v="Place Richard de Coudenhove-Kalergi"/>
    <tag k="name:etymology:wikidata" v="Q78525"/>
  </way>
  <way id="79341439">
    <nd ref="21660915"/>
    <nd ref="11010604172"/>
    <nd ref="11010604168"/>
    <nd ref="270728339"/>
    <nd ref="926663229"/>
    <nd ref="270728330"/>
    <nd ref="926662894"/>
    <nd ref="926662860"/>
    <nd ref="270728325"/>
    <nd ref="8120650057"/>
    <nd ref="13362046918"/>
    <tag k="highway" v="service"/>
    <tag k="lit" v="yes"/>
    <tag k="maxspeed" v="30"/>
    <tag k="oneway" v="yes"/>
  </way>
  <way id="79368407">
    <nd ref="926662860"/>
    <nd ref="21660916"/>
    <tag k="highway" v="service"/>
  </way>
  <way id="79368432">
    <nd ref="926662894"/>
    <nd ref="21660913"/>
    <tag k="highway" v="residential"/>
    <tag k="lit" v="yes"/>
    <tag k="maxspeed" v="30"/>
    <tag k="name" v="Rue Newton"/>
    <tag k="name:etymology:wikidata" v="Q935"/>
    <tag k="oneway" v="yes"/>
    <tag k="source:maxspeed" v="FR:urban"/>
    <tag k="surface" v="asphalt"/>
  </way>
  <way id="79368448">
    <nd ref="926663229"/>
    <nd ref="7016296618"/>
    <nd ref="7016296619"/>
    <nd ref="21660944"/>
    <tag k="highway" v="residential"/>
    <tag k="lit" v="yes"/>
    <tag k="maxspeed" v="30"/>
    <tag k="name" v="Rue Auguste Vacquerie"/>
    <tag k="name:etymology:wikidata" v="Q940439"/>
    <tag k="oneway" v="yes"/>
    <tag k="sidewalk:both" v="separate"/>
    <tag k="source:maxspeed" v="FR:urban"/>
    <tag k="surface" v="asphalt"/>
  </way>
  <way id="79388249">
    <nd ref="926887364"/>
    <nd ref="928644771"/>
    <nd ref="5474974270"/>
    <nd ref="270735143"/>
    <nd ref="926929550"/>
    <nd ref="13362068831"/>
    <nd ref="270735144"/>
    <nd ref="5474974269"/>
    <nd ref="13362068830"/>
    <tag k="highway" v="service"/>
    <tag k="lit" v="yes"/>
    <tag k="maxspeed" v="30"/>
    <tag k="name" v="Avenue Kléber"/>
    <tag k="name:etymology:wikidata" v="Q319302"/>
    <tag k="name:zh" v="克勒贝尔大街"/>
    <tag k="oneway" v="yes"/>
    <tag k="service" v="parking_aisle"/>
    <tag k="sidewalk:right" v="separate"/>
    <tag k="smoothness" v="good"/>
    <tag k="surface" v="asphalt"/>
  </way>
  <way id="79394546">
    <nd ref="926929536"/>
    <nd ref="926929492"/>
    <nd ref="926929706"/>
    <nd ref="926929473"/>
    <nd ref="926929563"/>
    <nd ref="926929310"/>
    <nd ref="926929437"/>
    <nd ref="926929133"/>
    <nd ref="926929257"/>
    <nd ref="926929675"/>
    <nd ref="926929648"/>
    <nd ref="926929417"/>
    <nd ref="11010615853"/>
    <nd ref="926929511"/>
    <nd ref="926929233"/>
    <nd ref="926929370"/>
    <nd ref="926929757"/>
    <nd ref="926929174"/>
    <nd ref="926929536"/>
    <tag k="area" v="yes"/>
    <tag k="highway" v="pedestrian"/>
    <tag k="lit" v="yes"/>
    <tag k="surface" v="concrete"/>
  </way>
  <way id="79394565">
    <nd ref="926929550"/>
    <nd ref="926887338"/>
    <nd ref="926887519"/>
    <tag k="highway" v="service"/>
    <tag k="lit" v="yes"/>
    <tag k="smoothness" v="good"/>
    <tag k="surface" v="asphalt"/>
  </way>
  <way id="80304713">
    <nd ref="937213725"/>
    <nd ref="937213692"/>
    <tag k="handrail" v="yes"/>
    <tag k="highway" v="steps"/>
    <tag k="incline" v="down"/>
    <tag k="step_count" v="24"/>
  </way>
  <way id="80304728">
    <nd ref="937213809"/>
    <nd ref="12182639822"/>
    <tag k="handrail" v="yes"/>
    <tag k="highway" v="steps"/>
    <tag k="incline" v="down"/>
    <tag k="lit" v="yes"/>
  </way>
  <way id="80365988">
    <nd ref="937854507"/>
    <nd ref="937854274"/>
    <tag k="handrail" v="yes"/>
    <tag k="highway" v="steps"/>
    <tag k="incline" v="down"/>
    <tag k="ramp" v="no"/>
    <tag k="surface" v="concrete"/>
  </way>
  <way id="80365998">
    <nd ref="937854582"/>
    <nd ref="12182628344"/>
    <nd ref="11013849124"/>
    <tag k="bicycle" v="no"/>
    <tag k="highway" v="footway"/>
    <tag k="lit" v="yes"/>
  </way>
  <way id="80366000">
    <nd ref="937854317"/>
    <nd ref="937854582"/>
    <tag k="highway" v="steps"/>
  </way>
  <way id="80366006">
    <nd ref="937854341"/>
    <nd ref="937854153"/>
    <nd ref="937854268"/>
    <nd ref="937854542"/>
    <nd ref="937854633"/>
    <nd ref="937854501"/>
    <nd ref="937854583"/>
    <nd ref="291594056"/>
    <tag k="highway" v="service"/>
    <tag k="lit" v="yes"/>
    <tag k="maxspeed" v="30"/>
    <tag k="name" v="Sortie Parking Étoile - Foch"/>
    <tag k="oneway" v="yes"/>
    <tag k="surface" v="asphalt"/>
  </way>
  <way id="80368224">
    <nd ref="937951068"/>
    <nd ref="11519260961"/>
    <nd ref="937950399"/>
    <tag k="bicycle" v="no"/>
    <tag k="highway" v="footway"/>
    <tag k="lit" v="yes"/>
    <tag k="surface" v="compacted"/>
  </way>
  <way id="80368239">
    <nd ref="937868712"/>
    <nd ref="937868667"/>
    <tag k="conveying" v="yes"/>
    <tag k="handrail" v="yes"/>
    <tag k="highway" v="steps"/>
    <tag k="incline" v="down"/>
    <tag k="ramp" v="no"/>
    <tag k="source" v="bing"/>
    <tag k="surface" v="metal"/>
    <tag k="tactile_paving" v="no"/>
  </way>
  <way id="80376655">
    <nd ref="291593917"/>
    <nd ref="937950850"/>
    <nd ref="937951021"/>
    <nd ref="937950670"/>
    <nd ref="937950794"/>
    <nd ref="937950467"/>
    <nd ref="937950603"/>
    <tag k="highway" v="service"/>
    <tag k="lanes" v="1"/>
    <tag k="lit" v="yes"/>
    <tag k="name" v="Accès Parking Étoile - Foch"/>
    <tag k="oneway" v="yes"/>
    <tag k="surface" v="asphalt"/>
  </way>
  <way id="80376675">
    <nd ref="937951328"/>
    <nd ref="937951197"/>
    <tag k="handrail" v="yes"/>
    <tag k="highway" v="steps"/>
    <tag k="incline" v="down"/>
    <tag k="ramp" v="no"/>
    <tag k="step_count" v="17"/>
    <tag k="surface" v="compacted"/>
  </way>
  <way id="133760717">
    <nd ref="1472224817"/>
    <nd ref="1472224814"/>
    <tag k="conveying" v="yes"/>
    <tag k="highway" v="steps"/>
    <tag k="incline" v="down"/>
    <tag k="lit" v="no"/>
    <tag k="source" v="bing"/>
  </way>
  <way id="133760719">
    <nd ref="1472224815"/>
    <nd ref="299013857"/>
    <tag k="handrail" v="yes"/>
    <tag k="highway" v="steps"/>
    <tag k="incline" v="down"/>
    <tag k="lit" v="yes"/>
    <tag k="ramp" v="no"/>
    <tag k="source" v="bing"/>
    <tag k="surface" v="paving_stones"/>
  </way>
  <way id="138279710">
    <nd ref="12506750891"/>
    <nd ref="6788923814"/>
    <nd ref="838532996"/>
    <nd ref="838533098"/>
    <nd ref="21659958"/>
    <nd ref="13363701248"/>
    <nd ref="272337424"/>
    <nd ref="6900470715"/>
    <nd ref="13363701249"/>
    <nd ref="1107448429"/>
    <nd ref="1107448428"/>
    <nd ref="13363701246"/>
    <nd ref="21659959"/>
    <nd ref="21660039"/>
    <nd ref="6258334508"/>
    <nd ref="1107448427"/>
    <nd ref="21659956"/>
    <nd ref="5455382787"/>
    <nd ref="13363644419"/>
    <nd ref="11012358020"/>
    <nd ref="299016627"/>
    <nd ref="11333186761"/>
    <nd ref="21660038"/>
    <tag k="bicycle:backward" v="use_sidepath"/>
    <tag k="cycleway" v="separate"/>
    <tag k="highway" v="residential"/>
    <tag k="lanes" v="1"/>
    <tag k="lit" v="yes"/>
    <tag k="maxspeed" v="30"/>
    <tag k="name" v="Rue de Tilsitt"/>
    <tag k="name:etymology:wikidata" v="Q154596"/>
    <tag k="name:zh" v="蒂尔西特街"/>
    <tag k="oneway" v="yes"/>
    <tag k="sidewalk:both" v="separate"/>
    <tag k="source:maxspeed" v="FR:urban"/>
    <tag k="surface" v="asphalt"/>
  </way>
  <way id="140049282">
    <nd ref="1534535005"/>
    <nd ref="1534535007"/>
    <nd ref="1534535006"/>
    <nd ref="1534534998"/>
    <nd ref="1534534986"/>
    <nd ref="1534534981"/>
    <nd ref="1534534979"/>
    <nd ref="1534534978"/>
    <nd ref="1534534952"/>
    <nd ref="1534534953"/>
    <nd ref="1534534954"/>
    <nd ref="1534534955"/>
    <nd ref="1534534967"/>
    <nd ref="1534534969"/>
    <nd ref="1534534971"/>
    <nd ref="1534535005"/>
    <tag k="area" v="yes"/>
    <tag k="highway" v="pedestrian"/>
    <tag k="lit" v="yes"/>
    <tag k="surface" v="paving_stones"/>
  </way>
  <way id="140049283">
    <nd ref="1534568270"/>
    <nd ref="1534534889"/>
    <nd ref="1534534885"/>
    <nd ref="1534534891"/>
    <nd ref="9966559395"/>
    <nd ref="1534591959"/>
    <nd ref="11012351458"/>
    <nd ref="1534534904"/>
    <nd ref="11012446402"/>
    <nd ref="838041346"/>
    <nd ref="838040498"/>
    <nd ref="838040360"/>
    <nd ref="838041584"/>
    <nd ref="838040790"/>
    <nd ref="838040759"/>
    <nd ref="840654398"/>
    <nd ref="838041630"/>
    <nd ref="8461413590"/>
    <nd ref="838041910"/>
    <nd ref="2683575552"/>
    <nd ref="2683575554"/>
    <nd ref="2683575557"/>
    <nd ref="2683575566"/>
    <nd ref="838041282"/>
    <nd ref="840652353"/>
    <nd ref="838040575"/>
    <nd ref="838040558"/>
    <nd ref="838041129"/>
    <nd ref="838041415"/>
    <nd ref="838041592"/>
    <nd ref="840653101"/>
    <nd ref="838040248"/>
    <nd ref="840653874"/>
    <nd ref="838041753"/>
    <nd ref="838040896"/>
    <nd ref="11012446420"/>
    <nd ref="1534534939"/>
    <nd ref="11012351430"/>
    <nd ref="1554682682"/>
    <nd ref="1534534919"/>
    <nd ref="1534534917"/>
    <nd ref="1534534913"/>
    <nd ref="1534534910"/>
    <nd ref="1534534908"/>
    <nd ref="1534568270"/>
    <tag k="area" v="yes"/>
    <tag k="highway" v="pedestrian"/>
    <tag k="lit" v="yes"/>
    <tag k="surface" v="paving_stones"/>
  </way>
  <way id="140050073">
    <nd ref="1534559250"/>
    <nd ref="1534559278"/>
    <nd ref="1534559279"/>
    <nd ref="1534559280"/>
    <nd ref="1534559281"/>
    <nd ref="1534559282"/>
    <nd ref="1554682680"/>
    <nd ref="1534568252"/>
    <nd ref="1534559291"/>
    <nd ref="1534559295"/>
    <nd ref="1534559287"/>
    <nd ref="1554682681"/>
    <nd ref="11010382372"/>
    <nd ref="1534559285"/>
    <nd ref="11010279329"/>
    <nd ref="833543695"/>
    <nd ref="840653730"/>
    <nd ref="840652980"/>
    <nd ref="840652474"/>
    <nd ref="840654266"/>
    <nd ref="840653375"/>
    <nd ref="1983648223"/>
    <nd ref="833543267"/>
    <nd ref="11010279332"/>
    <nd ref="1554682678"/>
    <nd ref="11010382573"/>
    <nd ref="833541707"/>
    <nd ref="833541505"/>
    <nd ref="833541097"/>
    <nd ref="833543448"/>
    <nd ref="833542361"/>
    <nd ref="12191010573"/>
    <nd ref="1534559234"/>
    <nd ref="9966559390"/>
    <nd ref="1534591955"/>
    <nd ref="1534559250"/>
    <tag k="area" v="yes"/>
    <tag k="highway" v="pedestrian"/>
    <tag k="lit" v="yes"/>
    <tag k="source" v="bing"/>
    <tag k="surface" v="paving_stones"/>
  </way>
  <way id="140050257">
    <nd ref="1534568341"/>
    <nd ref="11875210631"/>
    <tag k="crossing" v="traffic_signals"/>
    <tag k="crossing:island" v="yes"/>
    <tag k="crossing:markings" v="zebra"/>
    <tag k="crossing:signals" v="yes"/>
    <tag k="footway" v="crossing"/>
    <tag k="highway" v="footway"/>
    <tag k="lit" v="yes"/>
    <tag k="smoothness" v="intermediate"/>
    <tag k="surface" v="sett"/>
  </way>
  <way id="140050258">
    <nd ref="1534568284"/>
    <nd ref="5996498080"/>
    <nd ref="1534568286"/>
    <nd ref="5996498043"/>
    <nd ref="1534568296"/>
    <tag k="crossing" v="traffic_signals"/>
    <tag k="crossing:island" v="no"/>
    <tag k="crossing:markings" v="zebra"/>
    <tag k="crossing:signals" v="yes"/>
    <tag k="footway" v="crossing"/>
    <tag k="highway" v="footway"/>
    <tag k="lit" v="yes"/>
    <tag k="surface" v="asphalt"/>
    <tag k="traffic_signals:sound" v="no"/>
  </way>
  <way id="140050259">
    <nd ref="1534568325"/>
    <nd ref="1534568331"/>
    <nd ref="1534568375"/>
    <tag k="crossing" v="traffic_signals"/>
    <tag k="crossing:island" v="yes"/>
    <tag k="crossing:markings" v="zebra"/>
    <tag k="crossing:signals" v="yes"/>
    <tag k="footway" v="crossing"/>
    <tag k="highway" v="footway"/>
    <tag k="lit" v="yes"/>
    <tag k="surface" v="asphalt"/>
  </way>
  <way id="140050261">
    <nd ref="1534568306"/>
    <nd ref="5996498081"/>
    <nd ref="1534568309"/>
    <nd ref="5996498040"/>
    <nd ref="1534568327"/>
    <tag k="crossing" v="traffic_signals"/>
    <tag k="crossing:island" v="yes"/>
    <tag k="crossing:markings" v="zebra"/>
    <tag k="crossing:signals" v="yes"/>
    <tag k="footway" v="crossing"/>
    <tag k="highway" v="footway"/>
    <tag k="lit" v="yes"/>
    <tag k="surface" v="asphalt"/>
  </way>
  <way id="161180865">
    <nd ref="911471078"/>
    <nd ref="1731763877"/>
    <nd ref="1731763886"/>
    <nd ref="1731763901"/>
    <nd ref="2334187426"/>
    <tag k="highway" v="footway"/>
    <tag k="source" v="extrapolation"/>
    <tag k="tunnel" v="yes"/>
  </way>
  <way id="184551793">
    <nd ref="368308"/>
    <nd ref="1962530951"/>
    <nd ref="350530144"/>
    <nd ref="1962530949"/>
    <nd ref="368323"/>
    <nd ref="1924310830"/>
    <nd ref="350530148"/>
    <nd ref="1924310832"/>
    <nd ref="368325"/>
    <tag k="cycleway:right" v="no"/>
    <tag k="enforcement:operator" v="Police nationale"/>
    <tag k="highway" v="primary"/>
    <tag k="junction" v="circular"/>
    <tag k="lanes" v="12"/>
    <tag k="lit" v="yes"/>
    <tag k="maxspeed" v="30"/>
    <tag k="name" v="Place Charles de Gaulle"/>
    <tag k="name:etymology:wikidata" v="Q2042"/>
    <tag k="name:ru" v="Площадь Шарль де Голл"/>
    <tag k="name:vi" v="Quảng trường Charles de Gaulle"/>
    <tag k="name:wa" v="Plèce Charles di Gaulle"/>
    <tag k="name:zh" v="戴高乐广场"/>
    <tag k="name:zh-Hans" v="戴高乐广场"/>
    <tag k="name:zh-Hant" v="戴高樂廣場"/>
    <tag k="note" v="this is not a roundabout; ceci n'est pas un carrefour giratoire"/>
    <tag k="old_name" v="Place de l'Étoile"/>
    <tag k="old_name:vi" v="Quảng trường Étoile"/>
    <tag k="oneway" v="yes"/>
    <tag k="operator" v="Ville de Paris"/>
    <tag k="operator:authority" v="Maire de Paris dans le respect des prescriptions prises par le préfet de police"/>
    <tag k="operator:authority:related_law" v="III de l'article L. 2512-14 du code général des collectivités territoriales"/>
    <tag k="parking:both" v="no"/>
    <tag k="parking:both:restriction" v="no_parking"/>
    <tag k="sidewalk:left" v="yes"/>
    <tag k="sidewalk:right" v="separate"/>
    <tag k="smoothness" v="intermediate"/>
    <tag k="source:operator:authority" v="https://www.legifrance.gouv.fr/loda/id/LEGIARTI000035244298/#LEGIARTI000035244298"/>
    <tag k="surface" v="sett"/>
    <tag k="wikidata" v="Q111847903"/>
    <tag k="wikipedia" v="fr:Place Charles-de-Gaulle"/>
    <tag k="zone:traffic" v="FR:urban"/>
  </way>
  <way id="185527788">
    <nd ref="1961531237"/>
    <nd ref="1961531236"/>
    <tag k="foot" v="yes"/>
    <tag k="highway" v="steps"/>
    <tag k="lit" v="yes"/>
  </way>
  <way id="185527789">
    <nd ref="12206024448"/>
    <nd ref="12206024446"/>
    <nd ref="12206024444"/>
    <nd ref="12206024447"/>
    <tag k="highway" v="footway"/>
  </way>
  <way id="185534739">
    <nd ref="1961571564"/>
    <nd ref="2425226938"/>
    <nd ref="1961571565"/>
    <tag k="highway" v="service"/>
    <tag k="lit" v="yes"/>
    <tag k="oneway" v="yes"/>
  </way>
  <way id="185536082">
    <nd ref="1961580128"/>
    <nd ref="1961580124"/>
    <nd ref="1961580120"/>
    <tag k="highway" v="service"/>
    <tag k="lit" v="yes"/>
    <tag k="oneway" v="yes"/>
  </way>
  <way id="185537045">
    <nd ref="269368543"/>
    <nd ref="6788636941"/>
    <nd ref="27286713"/>
    <nd ref="2423879875"/>
    <nd ref="13363701259"/>
    <nd ref="6788845861"/>
    <nd ref="12506750885"/>
    <nd ref="27286712"/>
    <tag k="cycleway:both" v="no"/>
    <tag k="highway" v="residential"/>
    <tag k="lit" v="yes"/>
    <tag k="maxspeed" v="30"/>
    <tag k="name" v="Rue Brey"/>
    <tag k="name:etymology:wikidata" v="Q26310775"/>
    <tag k="oneway" v="yes"/>
    <tag k="oneway:bicycle" v="no"/>
    <tag k="sidewalk:both" v="separate"/>
    <tag k="surface" v="sett"/>
    <tag k="zone:maxspeed" v="FR:30"/>
  </way>
  <way id="185604990">
    <nd ref="1962533380"/>
    <nd ref="1962533364"/>
    <tag k="handrail" v="yes"/>
    <tag k="highway" v="steps"/>
    <tag k="incline" v="up"/>
    <tag k="lit" v="yes"/>
    <tag k="ramp" v="no"/>
    <tag k="surface" v="concrete"/>
    <tag k="tactile_paving" v="partial"/>
  </way>
  <way id="185605225">
    <nd ref="1962536788"/>
    <nd ref="1962536787"/>
    <tag k="foot" v="yes"/>
    <tag k="highway" v="steps"/>
    <tag k="lit" v="yes"/>
  </way>
  <way id="190627546">
    <nd ref="368310"/>
    <nd ref="1962530955"/>
    <nd ref="350530138"/>
    <nd ref="1962530953"/>
    <nd ref="368308"/>
    <tag k="cycleway:right" v="no"/>
    <tag k="enforcement:operator" v="Police nationale"/>
    <tag k="highway" v="primary"/>
    <tag k="junction" v="circular"/>
    <tag k="lanes" v="12"/>
    <tag k="lit" v="yes"/>
    <tag k="maxspeed" v="30"/>
    <tag k="name" v="Place Charles de Gaulle"/>
    <tag k="name:etymology:wikidata" v="Q2042"/>
    <tag k="name:ru" v="Площадь Шарль де Голл"/>
    <tag k="name:vi" v="Quảng trường Charles de Gaulle"/>
    <tag k="name:wa" v="Plèce Charles di Gaulle"/>
    <tag k="name:zh" v="戴高乐广场"/>
    <tag k="name:zh-Hans" v="戴高乐广场"/>
    <tag k="name:zh-Hant" v="戴高樂廣場"/>
    <tag k="note" v="this is not a roundabout; ceci n'est pas un carrefour giratoire"/>
    <tag k="old_name" v="Place de l'Étoile"/>
    <tag k="old_name:vi" v="Quảng trường Étoile"/>
    <tag k="oneway" v="yes"/>
    <tag k="operator" v="Ville de Paris"/>
    <tag k="operator:authority" v="Maire de Paris dans le respect des prescriptions prises par le préfet de police"/>
    <tag k="operator:authority:related_law" v="III de l'article L. 2512-14 du code général des collectivités territoriales"/>
    <tag k="parking:both" v="no"/>
    <tag k="parking:both:restriction" v="no_parking"/>
    <tag k="sidewalk:both:surface" v="asphalt"/>
    <tag k="sidewalk:left" v="yes"/>
    <tag k="sidewalk:right" v="separate"/>
    <tag k="smoothness" v="intermediate"/>
    <tag k="source:operator:authority" v="https://www.legifrance.gouv.fr/loda/id/LEGIARTI000035244298/#LEGIARTI000035244298"/>
    <tag k="surface" v="sett"/>
    <tag k="wikidata" v="Q111847903"/>
    <tag k="wikipedia" v="fr:Place Charles-de-Gaulle"/>
    <tag k="zone:traffic" v="FR:urban"/>
  </way>
  <way id="193465140">
    <nd ref="368322"/>
    <nd ref="6051259203"/>
    <nd ref="1924310837"/>
    <nd ref="350530157"/>
    <nd ref="1924310839"/>
    <nd ref="368321"/>
    <tag k="cycleway:right" v="no"/>
    <tag k="enforcement:operator" v="Police nationale"/>
    <tag k="highway" v="primary"/>
    <tag k="junction" v="circular"/>
    <tag k="lanes" v="12"/>
    <tag k="lit" v="yes"/>
    <tag k="maxspeed" v="30"/>
    <tag k="name" v="Place Charles de Gaulle"/>
    <tag k="name:etymology:wikidata" v="Q2042"/>
    <tag k="name:ru" v="Площадь Шарль де Голл"/>
    <tag k="name:vi" v="Quảng trường Charles de Gaulle"/>
    <tag k="name:wa" v="Plèce Charles di Gaulle"/>
    <tag k="name:zh" v="戴高乐广场"/>
    <tag k="name:zh-Hans" v="戴高乐广场"/>
    <tag k="name:zh-Hant" v="戴高樂廣場"/>
    <tag k="note" v="this is not a roundabout; ceci n'est pas un carrefour giratoire"/>
    <tag k="old_name" v="Place de l'Étoile"/>
    <tag k="old_name:vi" v="Quảng trường Étoile"/>
    <tag k="oneway" v="yes"/>
    <tag k="operator" v="Ville de Paris"/>
    <tag k="operator:authority" v="Maire de Paris dans le respect des prescriptions prises par le préfet de police"/>
    <tag k="operator:authority:related_law" v="III de l'article L. 2512-14 du code général des collectivités territoriales"/>
    <tag k="parking:both" v="no"/>
    <tag k="parking:both:restriction" v="no_parking"/>
    <tag k="sidewalk:left" v="yes"/>
    <tag k="sidewalk:right" v="separate"/>
    <tag k="source:operator:authority" v="https://www.legifrance.gouv.fr/loda/id/LEGIARTI000035244298/#LEGIARTI000035244298"/>
    <tag k="surface" v="sett"/>
    <tag k="wikidata" v="Q111847903"/>
    <tag k="wikipedia" v="fr:Place Charles-de-Gaulle"/>
    <tag k="zone:traffic" v="FR:urban"/>
  </way>
  <way id="193465143">
    <nd ref="368318"/>
    <nd ref="1962530973"/>
    <nd ref="350530114"/>
    <nd ref="1962530969"/>
    <nd ref="21292970"/>
    <nd ref="1962530968"/>
    <nd ref="350530117"/>
    <nd ref="1962530966"/>
    <nd ref="568794047"/>
    <nd ref="1962530964"/>
    <tag k="cycleway:right" v="no"/>
    <tag k="enforcement:operator" v="Police nationale"/>
    <tag k="highway" v="primary"/>
    <tag k="junction" v="circular"/>
    <tag k="lanes" v="12"/>
    <tag k="lit" v="yes"/>
    <tag k="maxspeed" v="30"/>
    <tag k="name" v="Place Charles de Gaulle"/>
    <tag k="name:etymology:wikidata" v="Q2042"/>
    <tag k="name:ru" v="Площадь Шарль де Голл"/>
    <tag k="name:vi" v="Quảng trường Charles de Gaulle"/>
    <tag k="name:wa" v="Plèce Charles di Gaulle"/>
    <tag k="name:zh" v="戴高乐广场"/>
    <tag k="name:zh-Hans" v="戴高乐广场"/>
    <tag k="name:zh-Hant" v="戴高樂廣場"/>
    <tag k="note" v="this is not a roundabout; ceci n'est pas un carrefour giratoire"/>
    <tag k="old_name" v="Place de l'Étoile"/>
    <tag k="old_name:vi" v="Quảng trường Étoile"/>
    <tag k="oneway" v="yes"/>
    <tag k="operator" v="Ville de Paris"/>
    <tag k="operator:authority" v="Maire de Paris dans le respect des prescriptions prises par le préfet de police"/>
    <tag k="operator:authority:related_law" v="III de l'article L. 2512-14 du code général des collectivités territoriales"/>
    <tag k="parking:both" v="no"/>
    <tag k="parking:both:restriction" v="no_parking"/>
    <tag k="sidewalk:left" v="yes"/>
    <tag k="sidewalk:right" v="separate"/>
    <tag k="smoothness" v="intermediate"/>
    <tag k="source:operator:authority" v="https://www.legifrance.gouv.fr/loda/id/LEGIARTI000035244298/#LEGIARTI000035244298"/>
    <tag k="surface" v="sett"/>
    <tag k="wikidata" v="Q111847903"/>
    <tag k="wikipedia" v="fr:Place Charles-de-Gaulle"/>
    <tag k="zone:traffic" v="FR:urban"/>
  </way>
  <way id="193476880">
    <nd ref="1962530964"/>
    <nd ref="299017707"/>
    <nd ref="1962530962"/>
    <nd ref="350530126"/>
    <nd ref="1962530960"/>
    <nd ref="368313"/>
    <tag k="cycleway:right" v="no"/>
    <tag k="enforcement:operator" v="Police nationale"/>
    <tag k="highway" v="primary"/>
    <tag k="junction" v="circular"/>
    <tag k="lanes" v="12"/>
    <tag k="lit" v="yes"/>
    <tag k="maxspeed" v="30"/>
    <tag k="name" v="Place Charles de Gaulle"/>
    <tag k="name:etymology:wikidata" v="Q2042"/>
    <tag k="name:ru" v="Площадь Шарль де Голл"/>
    <tag k="name:vi" v="Quảng trường Charles de Gaulle"/>
    <tag k="name:wa" v="Plèce Charles di Gaulle"/>
    <tag k="name:zh" v="戴高乐广场"/>
    <tag k="name:zh-Hans" v="戴高乐广场"/>
    <tag k="name:zh-Hant" v="戴高樂廣場"/>
    <tag k="note" v="this is not a roundabout; ceci n'est pas un carrefour giratoire"/>
    <tag k="old_name" v="Place de l'Étoile"/>
    <tag k="old_name:vi" v="Quảng trường Étoile"/>
    <tag k="oneway" v="yes"/>
    <tag k="operator" v="Ville de Paris"/>
    <tag k="operator:authority" v="Maire de Paris dans le respect des prescriptions prises par le préfet de police"/>
    <tag k="operator:authority:related_law" v="III de l'article L. 2512-14 du code général des collectivités territoriales"/>
    <tag k="parking:both" v="no"/>
    <tag k="parking:both:restriction" v="no_parking"/>
    <tag k="sidewalk:both:surface" v="asphalt"/>
    <tag k="sidewalk:left" v="yes"/>
    <tag k="sidewalk:right" v="separate"/>
    <tag k="smoothness" v="intermediate"/>
    <tag k="source:operator:authority" v="https://www.legifrance.gouv.fr/loda/id/LEGIARTI000035244298/#LEGIARTI000035244298"/>
    <tag k="surface" v="sett"/>
    <tag k="wikidata" v="Q111847903"/>
    <tag k="wikipedia" v="fr:Place Charles-de-Gaulle"/>
    <tag k="zone:traffic" v="FR:urban"/>
  </way>
  <way id="224615941">
    <nd ref="911471122"/>
    <nd ref="838122776"/>
    <nd ref="911471150"/>
    <tag k="highway" v="footway"/>
  </way>
  <way id="224615942">
    <nd ref="1731763901"/>
    <nd ref="2334185190"/>
    <nd ref="838122776"/>
    <tag k="highway" v="footway"/>
    <tag k="layer" v="-1"/>
    <tag k="tunnel" v="yes"/>
  </way>
  <way id="224616320">
    <nd ref="2334187426"/>
    <nd ref="1731763890"/>
    <nd ref="1731763897"/>
    <tag k="access" v="permissive"/>
    <tag k="highway" v="footway"/>
    <tag k="layer" v="-1"/>
    <tag k="smoothness" v="good"/>
    <tag k="source" v="extrapolation"/>
    <tag k="surface" v="asphalt"/>
    <tag k="tunnel" v="yes"/>
  </way>
  <way id="234081674">
    <nd ref="2423874209"/>
    <nd ref="2423874210"/>
    <nd ref="2423874213"/>
    <nd ref="2423874214"/>
    <nd ref="2423874216"/>
    <nd ref="2423874215"/>
    <nd ref="2423874212"/>
    <nd ref="2423874211"/>
    <nd ref="2423874206"/>
    <nd ref="2423874204"/>
    <nd ref="2423874202"/>
    <nd ref="2423874199"/>
    <nd ref="2423874198"/>
    <nd ref="2423874197"/>
    <nd ref="2423874200"/>
    <nd ref="2423874203"/>
    <nd ref="2423874208"/>
    <nd ref="2423874209"/>
    <tag k="area" v="yes"/>
    <tag k="highway" v="pedestrian"/>
    <tag k="lit" v="yes"/>
    <tag k="surface" v="asphalt"/>
  </way>
  <way id="234082157">
    <nd ref="2423877036"/>
    <nd ref="2423877038"/>
    <nd ref="2423877037"/>
    <nd ref="2423877035"/>
    <nd ref="2423877033"/>
    <nd ref="2423877031"/>
    <nd ref="2423877029"/>
    <nd ref="2423877027"/>
    <nd ref="2423877026"/>
    <nd ref="2423877028"/>
    <nd ref="2423877030"/>
    <nd ref="2423877032"/>
    <nd ref="2423877034"/>
    <nd ref="2423877036"/>
    <tag k="area" v="yes"/>
    <tag k="highway" v="pedestrian"/>
    <tag k="lit" v="yes"/>
  </way>
  <way id="234082158">
    <nd ref="2423877018"/>
    <nd ref="2423877020"/>
    <nd ref="2423877021"/>
    <nd ref="2423877023"/>
    <nd ref="2423877025"/>
    <nd ref="2423877024"/>
    <nd ref="2423877022"/>
    <nd ref="2423877019"/>
    <nd ref="2423877017"/>
    <nd ref="2423877016"/>
    <nd ref="2423877014"/>
    <nd ref="2423877012"/>
    <nd ref="2423877010"/>
    <nd ref="2423877009"/>
    <nd ref="2423877011"/>
    <nd ref="2423877013"/>
    <nd ref="2423877015"/>
    <nd ref="2423877018"/>
    <tag k="area" v="yes"/>
    <tag k="highway" v="pedestrian"/>
    <tag k="lit" v="yes"/>
    <tag k="surface" v="asphalt"/>
  </way>
  <way id="234249478">
    <nd ref="2425226924"/>
    <nd ref="2425226922"/>
    <nd ref="2425226921"/>
    <nd ref="2425226923"/>
    <nd ref="2425226925"/>
    <nd ref="2425226927"/>
    <nd ref="2425226928"/>
    <nd ref="2425226929"/>
    <nd ref="2425226930"/>
    <nd ref="2425226931"/>
    <nd ref="2425226932"/>
    <nd ref="2425226933"/>
    <nd ref="2425226934"/>
    <nd ref="11070666330"/>
    <nd ref="2425226936"/>
    <nd ref="2425226937"/>
    <nd ref="2425226941"/>
    <nd ref="2425226942"/>
    <nd ref="2425226943"/>
    <nd ref="2425226939"/>
    <nd ref="2425226940"/>
    <nd ref="2425226946"/>
    <nd ref="11070666329"/>
    <nd ref="2425226947"/>
    <nd ref="2425226951"/>
    <nd ref="2425226952"/>
    <nd ref="2425226950"/>
    <nd ref="2425226949"/>
    <nd ref="2425226948"/>
    <nd ref="2425226945"/>
    <nd ref="12170375671"/>
    <nd ref="2425226924"/>
    <tag k="area" v="yes"/>
    <tag k="highway" v="pedestrian"/>
    <tag k="lit" v="yes"/>
    <tag k="surface" v="asphalt"/>
  </way>
  <way id="234250245">
    <nd ref="2425230955"/>
    <nd ref="2425230953"/>
    <nd ref="2425230952"/>
    <nd ref="2425230954"/>
    <nd ref="2425230956"/>
    <nd ref="2425230957"/>
    <nd ref="2425230958"/>
    <nd ref="2425230959"/>
    <nd ref="2425230967"/>
    <nd ref="2425230975"/>
    <nd ref="2425232743"/>
    <nd ref="2425230977"/>
    <nd ref="2425232744"/>
    <nd ref="2425230976"/>
    <nd ref="2425230974"/>
    <nd ref="2425230973"/>
    <nd ref="2425230972"/>
    <nd ref="2425230971"/>
    <nd ref="2425230970"/>
    <nd ref="2425230969"/>
    <nd ref="2425230965"/>
    <nd ref="2425230962"/>
    <nd ref="2425230964"/>
    <nd ref="2425230966"/>
    <nd ref="2425230968"/>
    <nd ref="2425230963"/>
    <nd ref="2425230961"/>
    <nd ref="2425230960"/>
    <nd ref="2425230955"/>
    <tag k="area" v="yes"/>
    <tag k="highway" v="pedestrian"/>
    <tag k="lit" v="yes"/>
  </way>
  <way id="294269535">
    <nd ref="2978444706"/>
    <nd ref="3462025891"/>
    <nd ref="2978444705"/>
    <tag k="highway" v="footway"/>
    <tag k="layer" v="-1"/>
    <tag k="lit" v="24/7"/>
    <tag k="source" v="survey"/>
    <tag k="surface" v="paving_stones"/>
    <tag k="tunnel" v="yes"/>
  </way>
  <way id="294269536">
    <nd ref="2978444705"/>
    <nd ref="2978444704"/>
    <tag k="check_date:ramp" v="2026-04-13"/>
    <tag k="handrail" v="yes"/>
    <tag k="highway" v="steps"/>
    <tag k="incline" v="up"/>
    <tag k="lit" v="yes"/>
    <tag k="ramp" v="no"/>
    <tag k="source" v="survey"/>
    <tag k="step_count" v="25"/>
    <tag k="surface" v="paving_stones"/>
  </way>
  <way id="294269537">
    <nd ref="911471321"/>
    <nd ref="3462025870"/>
    <nd ref="911471216"/>
    <tag k="highway" v="footway"/>
    <tag k="layer" v="-1"/>
    <tag k="lit" v="24/7"/>
    <tag k="oneway" v="yes"/>
    <tag k="tunnel" v="yes"/>
  </way>
  <way id="294269538">
    <nd ref="911471321"/>
    <nd ref="2978444706"/>
    <nd ref="4241995248"/>
    <nd ref="299013857"/>
    <tag k="highway" v="footway"/>
    <tag k="layer" v="-1"/>
    <tag k="lit" v="24/7"/>
    <tag k="name" v="Passage du Souvenir"/>
    <tag k="name:zh" v="追思之路"/>
    <tag k="smoothness" v="excellent"/>
    <tag k="source" v="survey"/>
    <tag k="surface" v="paving_stones"/>
    <tag k="tunnel" v="yes"/>
    <tag k="wikidata" v="Q3368173"/>
    <tag k="wikipedia" v="fr:Passage du Souvenir"/>
  </way>
  <way id="294804941">
    <nd ref="13362068830"/>
    <nd ref="6260293310"/>
    <nd ref="926662700"/>
    <nd ref="926663167"/>
    <nd ref="21659951"/>
    <nd ref="13362046917"/>
    <nd ref="21660925"/>
    <nd ref="21659950"/>
    <nd ref="13362046918"/>
    <nd ref="926662973"/>
    <nd ref="21659949"/>
    <nd ref="833393576"/>
    <nd ref="13363596195"/>
    <nd ref="2334192374"/>
    <nd ref="305208580"/>
    <tag k="bicycle:backward" v="use_sidepath"/>
    <tag k="cycleway" v="separate"/>
    <tag k="highway" v="residential"/>
    <tag k="lanes" v="1"/>
    <tag k="lit" v="yes"/>
    <tag k="maxspeed" v="30"/>
    <tag k="name" v="Rue de Presbourg"/>
    <tag k="name:etymology:wikidata" v="Q154102"/>
    <tag k="name:zh" v="普雷斯堡街"/>
    <tag k="oneway" v="yes"/>
    <tag k="parking:both" v="no"/>
    <tag k="parking:both:restriction" v="no_parking"/>
    <tag k="sidewalk:left" v="separate"/>
    <tag k="sidewalk:right" v="separate"/>
    <tag k="surface" v="asphalt"/>
  </way>
  <way id="314456032">
    <nd ref="838122995"/>
    <nd ref="3670345634"/>
    <nd ref="7977754608"/>
    <nd ref="12183015032"/>
    <nd ref="3670345635"/>
    <nd ref="3670340323"/>
    <nd ref="6370024889"/>
    <tag k="highway" v="primary"/>
    <tag k="lanes" v="4"/>
    <tag k="lanes:backward" v="2"/>
    <tag k="lanes:forward" v="2"/>
    <tag k="lit" v="yes"/>
    <tag k="maxspeed" v="30"/>
    <tag k="name" v="Avenue de Friedland"/>
    <tag k="name:etymology:wikidata" v="Q241108"/>
    <tag k="name:zh" v="弗里德兰大街"/>
    <tag k="name:zh-Hans" v="弗里德兰大街"/>
    <tag k="name:zh-Hant" v="弗里德蘭大街"/>
    <tag k="sidewalk:both" v="separate"/>
    <tag k="surface" v="paving_stones"/>
  </way>
  <way id="314456033">
    <nd ref="661221"/>
    <nd ref="3670340324"/>
    <nd ref="3670345636"/>
    <nd ref="292881410"/>
    <tag k="bicycle:lanes:forward" v="yes|designated"/>
    <tag k="busway:both" v="lane"/>
    <tag k="cycleway:both" v="share_busway"/>
    <tag k="highway" v="primary"/>
    <tag k="lanes" v="4"/>
    <tag k="lanes:backward" v="2"/>
    <tag k="lanes:forward" v="2"/>
    <tag k="lit" v="yes"/>
    <tag k="maxspeed" v="30"/>
    <tag k="name" v="Avenue de Friedland"/>
    <tag k="name:etymology:wikidata" v="Q241108"/>
    <tag k="name:zh" v="弗里德兰大街"/>
    <tag k="name:zh-Hans" v="弗里德兰大街"/>
    <tag k="name:zh-Hant" v="弗里德蘭大街"/>
    <tag k="psv:lanes:forward" v="yes|designated"/>
    <tag k="sidewalk:both" v="separate"/>
    <tag k="smoothness" v="good"/>
    <tag k="surface" v="sett"/>
  </way>
  <way id="314456037">
    <nd ref="368313"/>
    <nd ref="1962530958"/>
    <nd ref="350530132"/>
    <nd ref="1962530957"/>
    <nd ref="368310"/>
    <tag k="cycleway:right" v="no"/>
    <tag k="enforcement:operator" v="Police nationale"/>
    <tag k="highway" v="primary"/>
    <tag k="junction" v="circular"/>
    <tag k="lanes" v="12"/>
    <tag k="lit" v="yes"/>
    <tag k="maxspeed" v="30"/>
    <tag k="name" v="Place Charles de Gaulle"/>
    <tag k="name:etymology:wikidata" v="Q2042"/>
    <tag k="name:ru" v="Площадь Шарль де Голл"/>
    <tag k="name:vi" v="Quảng trường Charles de Gaulle"/>
    <tag k="name:wa" v="Plèce Charles di Gaulle"/>
    <tag k="name:zh" v="戴高乐广场"/>
    <tag k="name:zh-Hans" v="戴高乐广场"/>
    <tag k="name:zh-Hant" v="戴高樂廣場"/>
    <tag k="note" v="this is not a roundabout; ceci n'est pas un carrefour giratoire"/>
    <tag k="old_name" v="Place de l'Étoile"/>
    <tag k="old_name:vi" v="Quảng trường Étoile"/>
    <tag k="oneway" v="yes"/>
    <tag k="operator" v="Ville de Paris"/>
    <tag k="operator:authority" v="Maire de Paris dans le respect des prescriptions prises par le préfet de police"/>
    <tag k="operator:authority:related_law" v="III de l'article L. 2512-14 du code général des collectivités territoriales"/>
    <tag k="parking:both" v="no"/>
    <tag k="parking:both:restriction" v="no_parking"/>
    <tag k="sidewalk:both:surface" v="asphalt"/>
    <tag k="sidewalk:left" v="yes"/>
    <tag k="sidewalk:right" v="separate"/>
    <tag k="smoothness" v="intermediate"/>
    <tag k="source:operator:authority" v="https://www.legifrance.gouv.fr/loda/id/LEGIARTI000035244298/#LEGIARTI000035244298"/>
    <tag k="surface" v="sett"/>
    <tag k="wikidata" v="Q111847903"/>
    <tag k="wikipedia" v="fr:Place Charles-de-Gaulle"/>
    <tag k="zone:traffic" v="FR:urban"/>
  </way>
  <way id="314456040">
    <nd ref="661221"/>
    <nd ref="3670342625"/>
    <nd ref="21660041"/>
    <nd ref="838122014"/>
    <nd ref="3670345638"/>
    <nd ref="13363707349"/>
    <nd ref="3670345639"/>
    <nd ref="661220"/>
    <tag k="bicycle:backward" v="use_sidepath"/>
    <tag k="cycleway" v="separate"/>
    <tag k="highway" v="residential"/>
    <tag k="lanes" v="1"/>
    <tag k="lit" v="yes"/>
    <tag k="maxspeed" v="30"/>
    <tag k="name" v="Rue de Tilsitt"/>
    <tag k="name:etymology:wikidata" v="Q154596"/>
    <tag k="name:zh" v="蒂尔西特街"/>
    <tag k="oneway" v="yes"/>
    <tag k="sidewalk:both" v="separate"/>
    <tag k="surface" v="paving_stones"/>
  </way>
  <way id="365158935">
    <nd ref="661225"/>
    <nd ref="6789067000"/>
    <nd ref="5090905973"/>
    <nd ref="5093998832"/>
    <nd ref="6789090392"/>
    <nd ref="270960794"/>
    <nd ref="6789069743"/>
    <nd ref="8121108731"/>
    <nd ref="2162802183"/>
    <nd ref="25624005"/>
    <tag k="busway:left" v="opposite_lane"/>
    <tag k="busway:right" v="lane"/>
    <tag k="cycleway:both" v="share_busway"/>
    <tag k="highway" v="secondary"/>
    <tag k="lanes" v="4"/>
    <tag k="lanes:backward" v="1"/>
    <tag k="lanes:forward" v="3"/>
    <tag k="lit" v="yes"/>
    <tag k="maxspeed" v="30"/>
    <tag k="name" v="Avenue Marceau"/>
    <tag k="name:etymology:wikidata" v="Q1003655"/>
    <tag k="name:zh" v="马尔索大街"/>
    <tag k="name:zh-Hans" v="马尔索大街"/>
    <tag k="name:zh-Hant" v="馬爾索大街"/>
    <tag k="oneway" v="yes"/>
    <tag k="oneway:bicycle" v="no"/>
    <tag k="oneway:psv" v="no"/>
    <tag k="psv:lanes:backward" v="designated"/>
    <tag k="psv:lanes:forward" v="yes|yes|designated"/>
    <tag k="surface" v="sett"/>
  </way>
  <way id="365158942">
    <nd ref="368325"/>
    <nd ref="1924310833"/>
    <nd ref="271084099"/>
    <nd ref="1924310835"/>
    <nd ref="6051259204"/>
    <nd ref="368322"/>
    <tag k="cycleway:right" v="no"/>
    <tag k="enforcement:operator" v="Police nationale"/>
    <tag k="highway" v="primary"/>
    <tag k="junction" v="circular"/>
    <tag k="lanes" v="12"/>
    <tag k="lit" v="yes"/>
    <tag k="maxspeed" v="30"/>
    <tag k="name" v="Place Charles de Gaulle"/>
    <tag k="name:etymology:wikidata" v="Q2042"/>
    <tag k="name:ru" v="Площадь Шарль де Голл"/>
    <tag k="name:vi" v="Quảng trường Charles de Gaulle"/>
    <tag k="name:wa" v="Plèce Charles di Gaulle"/>
    <tag k="name:zh" v="戴高乐广场"/>
    <tag k="name:zh-Hans" v="戴高乐广场"/>
    <tag k="name:zh-Hant" v="戴高樂廣場"/>
    <tag k="note" v="this is not a roundabout; ceci n'est pas un carrefour giratoire"/>
    <tag k="old_name" v="Place de l'Étoile"/>
    <tag k="old_name:vi" v="Quảng trường Étoile"/>
    <tag k="oneway" v="yes"/>
    <tag k="operator" v="Ville de Paris"/>
    <tag k="operator:authority" v="Maire de Paris dans le respect des prescriptions prises par le préfet de police"/>
    <tag k="operator:authority:related_law" v="III de l'article L. 2512-14 du code général des collectivités territoriales"/>
    <tag k="parking:both" v="no"/>
    <tag k="parking:both:restriction" v="no_parking"/>
    <tag k="sidewalk:left" v="yes"/>
    <tag k="sidewalk:right" v="separate"/>
    <tag k="source:operator:authority" v="https://www.legifrance.gouv.fr/loda/id/LEGIARTI000035244298/#LEGIARTI000035244298"/>
    <tag k="surface" v="sett"/>
    <tag k="wikidata" v="Q111847903"/>
    <tag k="wikipedia" v="fr:Place Charles-de-Gaulle"/>
    <tag k="zone:traffic" v="FR:urban"/>
  </way>
  <way id="388106362">
    <nd ref="833541658"/>
    <nd ref="12598029882"/>
    <nd ref="3913073685"/>
    <nd ref="11010382368"/>
    <nd ref="3913073690"/>
    <nd ref="3913073691"/>
    <nd ref="3913073692"/>
    <nd ref="3913073693"/>
    <nd ref="3913073694"/>
    <nd ref="3913073698"/>
    <nd ref="3913073700"/>
    <nd ref="3913073702"/>
    <nd ref="3913073703"/>
    <nd ref="3913073705"/>
    <nd ref="11010382367"/>
    <nd ref="3913073712"/>
    <nd ref="11010382357"/>
    <nd ref="2680638985"/>
    <nd ref="2680638986"/>
    <nd ref="833542075"/>
    <nd ref="833541658"/>
    <tag k="area" v="yes"/>
    <tag k="highway" v="pedestrian"/>
    <tag k="name" v="Place Slavik"/>
  </way>
  <way id="388110137">
    <nd ref="3913099080"/>
    <nd ref="833393593"/>
    <nd ref="3913099078"/>
    <nd ref="3913099079"/>
    <nd ref="3913099077"/>
    <nd ref="833393570"/>
    <tag k="bicycle" v="no"/>
    <tag k="foot" v="no"/>
    <tag k="highway" v="service"/>
    <tag k="name" v="Sortie Parking Marceau Étoile"/>
    <tag k="oneway" v="yes"/>
  </way>
  <way id="388110138">
    <nd ref="3913099083"/>
    <nd ref="3913099084"/>
    <nd ref="3913099085"/>
    <nd ref="3913099086"/>
    <nd ref="3913099087"/>
    <nd ref="3913099088"/>
    <nd ref="3913099089"/>
    <nd ref="3913099090"/>
    <nd ref="3913099091"/>
    <nd ref="12206024491"/>
    <nd ref="3913099094"/>
    <nd ref="3913099095"/>
    <nd ref="12206024490"/>
    <nd ref="3913099099"/>
    <nd ref="3913099101"/>
    <nd ref="3913099104"/>
    <nd ref="3913099111"/>
    <nd ref="3913099114"/>
    <nd ref="3913099116"/>
    <nd ref="11011917231"/>
    <nd ref="3913099120"/>
    <nd ref="11010382365"/>
    <nd ref="3913099121"/>
    <nd ref="11010382366"/>
    <nd ref="3913099126"/>
    <nd ref="3913099128"/>
    <nd ref="3913099129"/>
    <nd ref="3913099133"/>
    <nd ref="11875209311"/>
    <nd ref="3913099134"/>
    <nd ref="833543323"/>
    <nd ref="833543758"/>
    <nd ref="833542668"/>
    <nd ref="833541400"/>
    <nd ref="833543288"/>
    <nd ref="833542536"/>
    <nd ref="833543554"/>
    <nd ref="833541116"/>
    <nd ref="833542107"/>
    <nd ref="833541892"/>
    <nd ref="833542325"/>
    <nd ref="833542756"/>
    <nd ref="833541724"/>
    <nd ref="833543001"/>
    <nd ref="833542796"/>
    <nd ref="833543238"/>
    <nd ref="833541666"/>
    <nd ref="833542970"/>
    <nd ref="3913099135"/>
    <nd ref="11875210703"/>
    <nd ref="3913099136"/>
    <nd ref="11010279237"/>
    <nd ref="3913099138"/>
    <nd ref="3913099142"/>
    <nd ref="11875209307"/>
    <nd ref="11875209306"/>
    <nd ref="3913099148"/>
    <nd ref="11010279238"/>
    <nd ref="11010279236"/>
    <nd ref="3913099083"/>
    <tag k="area" v="yes"/>
    <tag k="highway" v="pedestrian"/>
    <tag k="surface" v="asphalt"/>
  </way>
  <way id="403892253">
    <nd ref="4061931503"/>
    <nd ref="6258341125"/>
    <nd ref="8143411224"/>
    <nd ref="1961533514"/>
    <nd ref="2423874240"/>
    <nd ref="6900563599"/>
    <nd ref="1961531250"/>
    <tag k="cycleway:both" v="no"/>
    <tag k="highway" v="residential"/>
    <tag k="lanes" v="1"/>
    <tag k="lit" v="yes"/>
    <tag k="maxspeed" v="30"/>
    <tag k="name" v="Rue du Général Lanrezac"/>
    <tag k="name:etymology:wikidata" v="Q725621"/>
    <tag k="oneway" v="yes"/>
    <tag k="oneway:bicycle" v="no"/>
    <tag k="sidewalk" v="separate"/>
    <tag k="surface" v="asphalt"/>
  </way>
  <way id="424826213">
    <nd ref="937868667"/>
    <nd ref="4241995247"/>
    <tag k="highway" v="footway"/>
    <tag k="layer" v="-1"/>
    <tag k="lit" v="24/7"/>
    <tag k="surface" v="asphalt"/>
    <tag k="tunnel" v="yes"/>
  </way>
  <way id="424826214">
    <nd ref="299013857"/>
    <nd ref="4241995246"/>
    <tag k="highway" v="footway"/>
    <tag k="layer" v="-1"/>
    <tag k="lit" v="24/7"/>
    <tag k="tunnel" v="yes"/>
  </way>
  <way id="424826215">
    <nd ref="4241995246"/>
    <nd ref="4241995247"/>
    <tag k="highway" v="footway"/>
    <tag k="layer" v="-1"/>
    <tag k="lit" v="24/7"/>
    <tag k="tunnel" v="yes"/>
  </way>
  <way id="462342315">
    <nd ref="4577464094"/>
    <nd ref="4577464095"/>
    <nd ref="911471464"/>
    <tag k="footway" v="sidewalk"/>
    <tag k="highway" v="footway"/>
    <tag k="lit" v="yes"/>
    <tag k="surface" v="paving_stones"/>
  </way>
  <way id="470987535">
    <nd ref="27286674"/>
    <nd ref="6170776900"/>
    <nd ref="13363644422"/>
    <nd ref="27415728"/>
    <nd ref="299018440"/>
    <nd ref="931762294"/>
    <nd ref="299018405"/>
    <tag k="busway:both" v="lane"/>
    <tag k="cycleway:both" v="separate"/>
    <tag k="enforcement:operator" v="Police nationale"/>
    <tag k="highway" v="primary"/>
    <tag k="lanes" v="6"/>
    <tag k="lanes:backward" v="3"/>
    <tag k="lanes:forward" v="3"/>
    <tag k="lit" v="yes"/>
    <tag k="maxspeed" v="50"/>
    <tag k="name" v="Avenue de la Grande Armée"/>
    <tag k="name:etymology:wikidata" v="Q504721"/>
    <tag k="name:zh" v="大军团大街"/>
    <tag k="name:zh-Hans" v="大军团大街"/>
    <tag k="name:zh-Hant" v="大軍團大街"/>
    <tag k="operator" v="Ville de Paris"/>
    <tag k="operator:authority" v="Maire de Paris dans le respect des prescriptions prises par le préfet de police"/>
    <tag k="operator:authority:related_law" v="III de l'article L. 2512-14 du code général des collectivités territoriales"/>
    <tag k="psv:lanes:backward" v="yes|yes|designated"/>
    <tag k="sidewalk" v="both"/>
    <tag k="source:operator:authority" v="https://www.legifrance.gouv.fr/loda/id/LEGIARTI000035244298/#LEGIARTI000035244298"/>
    <tag k="surface" v="sett"/>
    <tag k="zone:traffic" v="FR:urban"/>
  </way>
  <way id="502174127">
    <nd ref="4927356928"/>
    <nd ref="13073265918"/>
    <nd ref="21660275"/>
    <nd ref="5964830380"/>
    <nd ref="4927356929"/>
    <nd ref="13363707350"/>
    <nd ref="6900193196"/>
    <nd ref="21660332"/>
    <nd ref="13363707354"/>
    <nd ref="2698142507"/>
    <nd ref="13363707355"/>
    <tag k="cycleway" v="no"/>
    <tag k="highway" v="tertiary"/>
    <tag k="lanes" v="2"/>
    <tag k="lit" v="yes"/>
    <tag k="maxspeed" v="30"/>
    <tag k="name" v="Avenue Hoche"/>
    <tag k="name:etymology:wikidata" v="Q367042"/>
    <tag k="name:zh" v="奥什大街"/>
    <tag k="sidewalk:both" v="separate"/>
    <tag k="smoothness" v="good"/>
    <tag k="surface" v="asphalt"/>
  </way>
  <way id="503103507">
    <nd ref="368320"/>
    <nd ref="350530163"/>
    <nd ref="1924310844"/>
    <nd ref="368319"/>
    <tag k="cycleway:right" v="no"/>
    <tag k="enforcement:operator" v="Police nationale"/>
    <tag k="highway" v="primary"/>
    <tag k="junction" v="circular"/>
    <tag k="lanes" v="12"/>
    <tag k="lit" v="yes"/>
    <tag k="maxspeed" v="30"/>
    <tag k="name" v="Place Charles de Gaulle"/>
    <tag k="name:etymology:wikidata" v="Q2042"/>
    <tag k="name:ru" v="Площадь Шарль де Голл"/>
    <tag k="name:vi" v="Quảng trường Charles de Gaulle"/>
    <tag k="name:wa" v="Plèce Charles di Gaulle"/>
    <tag k="name:zh" v="戴高乐广场"/>
    <tag k="name:zh-Hans" v="戴高乐广场"/>
    <tag k="name:zh-Hant" v="戴高樂廣場"/>
    <tag k="note" v="this is not a roundabout; ceci n'est pas un carrefour giratoire"/>
    <tag k="old_name" v="Place de l'Étoile"/>
    <tag k="old_name:vi" v="Quảng trường Étoile"/>
    <tag k="oneway" v="yes"/>
    <tag k="operator" v="Ville de Paris"/>
    <tag k="operator:authority" v="Maire de Paris dans le respect des prescriptions prises par le préfet de police"/>
    <tag k="operator:authority:related_law" v="III de l'article L. 2512-14 du code général des collectivités territoriales"/>
    <tag k="parking:both" v="no"/>
    <tag k="parking:both:restriction" v="no_parking"/>
    <tag k="sidewalk:left" v="yes"/>
    <tag k="sidewalk:right" v="separate"/>
    <tag k="smoothness" v="intermediate"/>
    <tag k="source:operator:authority" v="https://www.legifrance.gouv.fr/loda/id/LEGIARTI000035244298/#LEGIARTI000035244298"/>
    <tag k="surface" v="sett"/>
    <tag k="wikidata" v="Q111847903"/>
    <tag k="wikipedia" v="fr:Place Charles-de-Gaulle"/>
    <tag k="zone:traffic" v="FR:urban"/>
  </way>
  <way id="503103508">
    <nd ref="368321"/>
    <nd ref="1924310840"/>
    <nd ref="350530161"/>
    <nd ref="1924310841"/>
    <nd ref="368320"/>
    <tag k="cycleway:right" v="no"/>
    <tag k="enforcement:operator" v="Police nationale"/>
    <tag k="highway" v="primary"/>
    <tag k="junction" v="circular"/>
    <tag k="lanes" v="12"/>
    <tag k="lit" v="yes"/>
    <tag k="maxspeed" v="30"/>
    <tag k="name" v="Place Charles de Gaulle"/>
    <tag k="name:etymology:wikidata" v="Q2042"/>
    <tag k="name:ru" v="Площадь Шарль де Голл"/>
    <tag k="name:vi" v="Quảng trường Charles de Gaulle"/>
    <tag k="name:wa" v="Plèce Charles di Gaulle"/>
    <tag k="name:zh" v="戴高乐广场"/>
    <tag k="name:zh-Hans" v="戴高乐广场"/>
    <tag k="name:zh-Hant" v="戴高樂廣場"/>
    <tag k="note" v="this is not a roundabout; ceci n'est pas un carrefour giratoire"/>
    <tag k="old_name" v="Place de l'Étoile"/>
    <tag k="old_name:vi" v="Quảng trường Étoile"/>
    <tag k="oneway" v="yes"/>
    <tag k="operator" v="Ville de Paris"/>
    <tag k="operator:authority" v="Maire de Paris dans le respect des prescriptions prises par le préfet de police"/>
    <tag k="operator:authority:related_law" v="III de l'article L. 2512-14 du code général des collectivités territoriales"/>
    <tag k="parking:both" v="no"/>
    <tag k="parking:both:restriction" v="no_parking"/>
    <tag k="sidewalk:left" v="yes"/>
    <tag k="sidewalk:right" v="separate"/>
    <tag k="source:operator:authority" v="https://www.legifrance.gouv.fr/loda/id/LEGIARTI000035244298/#LEGIARTI000035244298"/>
    <tag k="surface" v="sett"/>
    <tag k="wikidata" v="Q111847903"/>
    <tag k="wikipedia" v="fr:Place Charles-de-Gaulle"/>
    <tag k="zone:traffic" v="FR:urban"/>
  </way>
  <way id="503103509">
    <nd ref="661220"/>
    <nd ref="3670345644"/>
    <nd ref="838122102"/>
    <nd ref="21660040"/>
    <nd ref="838121800"/>
    <nd ref="13363701255"/>
    <nd ref="13363701254"/>
    <nd ref="838122286"/>
    <nd ref="12506750894"/>
    <tag k="bicycle:backward" v="use_sidepath"/>
    <tag k="cycleway" v="separate"/>
    <tag k="highway" v="residential"/>
    <tag k="lanes" v="1"/>
    <tag k="lit" v="yes"/>
    <tag k="maxspeed" v="30"/>
    <tag k="name" v="Rue de Tilsitt"/>
    <tag k="name:etymology:wikidata" v="Q154596"/>
    <tag k="name:zh" v="蒂尔西特街"/>
    <tag k="oneway" v="yes"/>
    <tag k="sidewalk:both" v="separate"/>
    <tag k="source:maxspeed" v="FR:urban"/>
    <tag k="surface" v="paving_stones"/>
  </way>
  <way id="522266410">
    <nd ref="368319"/>
    <nd ref="1962530972"/>
    <nd ref="272337436"/>
    <nd ref="1962530975"/>
    <nd ref="368318"/>
    <tag k="cycleway:right" v="no"/>
    <tag k="enforcement:operator" v="Police nationale"/>
    <tag k="highway" v="primary"/>
    <tag k="junction" v="circular"/>
    <tag k="lanes" v="12"/>
    <tag k="lit" v="yes"/>
    <tag k="maxspeed" v="30"/>
    <tag k="name" v="Place Charles de Gaulle"/>
    <tag k="name:etymology:wikidata" v="Q2042"/>
    <tag k="name:ru" v="Площадь Шарль де Голл"/>
    <tag k="name:vi" v="Quảng trường Charles de Gaulle"/>
    <tag k="name:wa" v="Plèce Charles di Gaulle"/>
    <tag k="name:zh" v="戴高乐广场"/>
    <tag k="name:zh-Hans" v="戴高乐广场"/>
    <tag k="name:zh-Hant" v="戴高樂廣場"/>
    <tag k="note" v="this is not a roundabout; ceci n'est pas un carrefour giratoire"/>
    <tag k="old_name" v="Place de l'Étoile"/>
    <tag k="old_name:vi" v="Quảng trường Étoile"/>
    <tag k="oneway" v="yes"/>
    <tag k="operator" v="Ville de Paris"/>
    <tag k="operator:authority" v="Maire de Paris dans le respect des prescriptions prises par le préfet de police"/>
    <tag k="operator:authority:related_law" v="III de l'article L. 2512-14 du code général des collectivités territoriales"/>
    <tag k="parking:both" v="no"/>
    <tag k="parking:both:restriction" v="no_parking"/>
    <tag k="sidewalk:left" v="yes"/>
    <tag k="sidewalk:right" v="separate"/>
    <tag k="smoothness" v="intermediate"/>
    <tag k="source:operator:authority" v="https://www.legifrance.gouv.fr/loda/id/LEGIARTI000035244298/#LEGIARTI000035244298"/>
    <tag k="surface" v="sett"/>
    <tag k="wikidata" v="Q111847903"/>
    <tag k="wikipedia" v="fr:Place Charles-de-Gaulle"/>
    <tag k="zone:traffic" v="FR:urban"/>
  </way>
  <way id="544549304">
    <nd ref="6370024895"/>
    <nd ref="11070645086"/>
    <nd ref="5455382786"/>
    <nd ref="2883697218"/>
    <nd ref="937868583"/>
    <nd ref="6170847135"/>
    <nd ref="13363644418"/>
    <nd ref="2880104582"/>
    <nd ref="1962530964"/>
    <tag k="busway:both" v="lane"/>
    <tag k="cycleway:both" v="share_busway"/>
    <tag k="enforcement:operator" v="Police nationale"/>
    <tag k="highway" v="primary"/>
    <tag k="lanes" v="8"/>
    <tag k="lit" v="yes"/>
    <tag k="maxspeed" v="50"/>
    <tag k="name" v="Avenue de la Grande Armée"/>
    <tag k="name:etymology:wikidata" v="Q504721"/>
    <tag k="name:zh" v="大军团大街"/>
    <tag k="name:zh-Hans" v="大军团大街"/>
    <tag k="name:zh-Hant" v="大軍團大街"/>
    <tag k="operator" v="Ville de Paris"/>
    <tag k="operator:authority" v="Maire de Paris dans le respect des prescriptions prises par le préfet de police"/>
    <tag k="operator:authority:related_law" v="III de l'article L. 2512-14 du code général des collectivités territoriales"/>
    <tag k="sidewalk:both" v="separate"/>
    <tag k="sidewalk:both:surface" v="asphalt"/>
    <tag k="smoothness" v="intermediate"/>
    <tag k="source:operator:authority" v="https://www.legifrance.gouv.fr/loda/id/LEGIARTI000035244298/#LEGIARTI000035244298"/>
    <tag k="surface" v="sett"/>
    <tag k="zone:traffic" v="FR:urban"/>
  </way>
  <way id="553772533">
    <nd ref="13363596198"/>
    <nd ref="2334192371"/>
    <nd ref="13363596199"/>
    <nd ref="833393570"/>
    <tag k="busway:left" v="opposite_lane"/>
    <tag k="busway:right" v="lane"/>
    <tag k="cycleway:both" v="share_busway"/>
    <tag k="end_date:VROP:right" v="2024-09-11"/>
    <tag k="highway" v="secondary"/>
    <tag k="lanes" v="4"/>
    <tag k="lanes:backward" v="1"/>
    <tag k="lanes:forward" v="3"/>
    <tag k="lit" v="yes"/>
    <tag k="maxspeed" v="30"/>
    <tag k="name" v="Avenue Marceau"/>
    <tag k="name:etymology:wikidata" v="Q1003655"/>
    <tag k="name:zh" v="马尔索大街"/>
    <tag k="name:zh-Hans" v="马尔索大街"/>
    <tag k="name:zh-Hant" v="馬爾索大街"/>
    <tag k="oneway" v="yes"/>
    <tag k="oneway:bicycle" v="yes"/>
    <tag k="oneway:psv" v="no"/>
    <tag k="psv:lanes:backward" v="designated"/>
    <tag k="psv:lanes:forward" v="yes|yes|designated"/>
    <tag k="sidewalk:both" v="separate"/>
    <tag k="surface" v="sett"/>
  </way>
  <way id="564199960">
    <nd ref="25623994"/>
    <nd ref="6999851404"/>
    <nd ref="5474974264"/>
    <nd ref="4951491632"/>
    <nd ref="5474974275"/>
    <nd ref="21660924"/>
    <nd ref="6260345605"/>
    <nd ref="270735100"/>
    <nd ref="926887474"/>
    <nd ref="926887364"/>
    <nd ref="926887519"/>
    <nd ref="21660043"/>
    <nd ref="6260288848"/>
    <nd ref="13362068830"/>
    <tag k="highway" v="secondary"/>
    <tag k="lanes" v="2"/>
    <tag k="lanes:backward" v="1"/>
    <tag k="lanes:forward" v="1"/>
    <tag k="lit" v="yes"/>
    <tag k="maxspeed" v="30"/>
    <tag k="name" v="Avenue Kléber"/>
    <tag k="name:etymology:wikidata" v="Q319302"/>
    <tag k="name:zh" v="克勒贝尔大街"/>
    <tag k="sidewalk" v="both"/>
    <tag k="sidewalk:both:surface" v="asphalt"/>
    <tag k="smoothness" v="excellent"/>
    <tag k="surface" v="asphalt"/>
  </way>
  <way id="564199961">
    <nd ref="11007865984"/>
    <nd ref="4937276949"/>
    <nd ref="5474974273"/>
    <nd ref="926929640"/>
    <nd ref="6260349013"/>
    <nd ref="928644844"/>
    <nd ref="928644771"/>
    <nd ref="926887338"/>
    <nd ref="1919281159"/>
    <tag k="access" v="no"/>
    <tag k="bicycle" v="designated"/>
    <tag k="bus" v="yes"/>
    <tag k="cycleway" v="share_busway"/>
    <tag k="highway" v="service"/>
    <tag k="lit" v="yes"/>
    <tag k="maxspeed" v="30"/>
    <tag k="name" v="Avenue Kléber"/>
    <tag k="name:etymology:wikidata" v="Q319302"/>
    <tag k="name:zh" v="克勒贝尔大街"/>
    <tag k="oneway" v="yes"/>
    <tag k="psv" v="yes"/>
    <tag k="smoothness" v="good"/>
    <tag k="surface" v="asphalt"/>
  </way>
  <way id="566475371">
    <nd ref="32560653"/>
    <nd ref="3172353225"/>
    <nd ref="6172885192"/>
    <nd ref="830668051"/>
    <nd ref="5996498044"/>
    <nd ref="368338"/>
    <tag k="highway" v="residential"/>
    <tag k="lanes" v="2"/>
    <tag k="lit" v="yes"/>
    <tag k="maxspeed" v="30"/>
    <tag k="name" v="Rue Balzac"/>
    <tag k="name:etymology:wikidata" v="Q9711"/>
    <tag k="oneway" v="yes"/>
    <tag k="sidewalk:both" v="separate"/>
    <tag k="surface" v="sett"/>
    <tag k="turn:lanes" v="left|right"/>
  </way>
  <way id="566475374">
    <nd ref="305208580"/>
    <nd ref="2334192375"/>
    <nd ref="21660104"/>
    <nd ref="661223"/>
    <nd ref="9966559365"/>
    <nd ref="9966559364"/>
    <nd ref="12195600867"/>
    <nd ref="830665978"/>
    <nd ref="6736492394"/>
    <nd ref="6736481995"/>
    <tag k="bicycle:backward" v="use_sidepath"/>
    <tag k="cycleway" v="separate"/>
    <tag k="highway" v="residential"/>
    <tag k="lanes" v="1"/>
    <tag k="lit" v="yes"/>
    <tag k="maxspeed" v="30"/>
    <tag k="name" v="Rue de Presbourg"/>
    <tag k="name:etymology:wikidata" v="Q154102"/>
    <tag k="name:zh" v="普雷斯堡街"/>
    <tag k="oneway" v="yes"/>
    <tag k="parking:both" v="no"/>
    <tag k="parking:both:restriction" v="no_parking"/>
    <tag k="sidewalk:both" v="separate"/>
    <tag k="source:maxspeed" v="FR:urban"/>
    <tag k="surface" v="asphalt"/>
  </way>
  <way id="566475375">
    <nd ref="13363547423"/>
    <nd ref="6258309105"/>
    <nd ref="34816570"/>
    <nd ref="936923753"/>
    <nd ref="13362068828"/>
    <nd ref="21659952"/>
    <nd ref="13362068830"/>
    <tag k="bicycle:backward" v="use_sidepath"/>
    <tag k="cycleway:both" v="separate"/>
    <tag k="highway" v="residential"/>
    <tag k="lanes" v="1"/>
    <tag k="lit" v="yes"/>
    <tag k="maxspeed" v="30"/>
    <tag k="name" v="Rue de Presbourg"/>
    <tag k="name:etymology:wikidata" v="Q154102"/>
    <tag k="name:zh" v="普雷斯堡街"/>
    <tag k="oneway" v="yes"/>
    <tag k="parking:both" v="no"/>
    <tag k="parking:both:restriction" v="no_parking"/>
    <tag k="sidewalk:both" v="separate"/>
    <tag k="sidewalk:left:surface" v="asphalt"/>
    <tag k="smoothness" v="intermediate"/>
    <tag k="surface" v="asphalt"/>
  </way>
  <way id="566475376">
    <nd ref="21660038"/>
    <nd ref="11333186732"/>
    <nd ref="21659955"/>
    <nd ref="6258328219"/>
    <nd ref="937868724"/>
    <nd ref="937868666"/>
    <nd ref="937868689"/>
    <nd ref="13363596189"/>
    <nd ref="6258326806"/>
    <nd ref="937868698"/>
    <nd ref="13363596190"/>
    <tag k="bicycle:backward" v="use_sidepath"/>
    <tag k="cycleway" v="separate"/>
    <tag k="highway" v="residential"/>
    <tag k="lanes" v="1"/>
    <tag k="lit" v="yes"/>
    <tag k="maxspeed" v="30"/>
    <tag k="name" v="Rue de Presbourg"/>
    <tag k="name:etymology:wikidata" v="Q154102"/>
    <tag k="name:zh" v="普雷斯堡街"/>
    <tag k="oneway" v="yes"/>
    <tag k="parking:both" v="no"/>
    <tag k="parking:both:restriction" v="no_parking"/>
    <tag k="sidewalk:both" v="separate"/>
    <tag k="source:maxspeed" v="FR:urban"/>
    <tag k="surface" v="asphalt"/>
  </way>
  <way id="566475377">
    <nd ref="13363547423"/>
    <nd ref="6370024972"/>
    <nd ref="6258311583"/>
    <nd ref="13363547421"/>
    <nd ref="11497991326"/>
    <nd ref="936925882"/>
    <nd ref="6170860745"/>
    <nd ref="13363547420"/>
    <nd ref="368310"/>
    <tag k="cycleway:both" v="no"/>
    <tag k="highway" v="secondary"/>
    <tag k="lanes" v="4"/>
    <tag k="lanes:backward" v="2"/>
    <tag k="lanes:forward" v="2"/>
    <tag k="lit" v="yes"/>
    <tag k="maxspeed" v="30"/>
    <tag k="name" v="Avenue Victor Hugo"/>
    <tag k="name:etymology:wikidata" v="Q535"/>
    <tag k="name:zh" v="维克多·雨果大街"/>
    <tag k="name:zh-Hans" v="维克多·雨果大街"/>
    <tag k="name:zh-Hant" v="維克多·雨果大街"/>
    <tag k="sidewalk:both" v="separate"/>
    <tag k="sidewalk:both:surface" v="asphalt"/>
    <tag k="smoothness" v="intermediate"/>
    <tag k="surface" v="sett"/>
  </way>
  <way id="566475379">
    <nd ref="4061931502"/>
    <nd ref="6258340116"/>
    <nd ref="8407487259"/>
    <tag k="highway" v="residential"/>
    <tag k="lanes" v="4"/>
    <tag k="lanes:backward" v="2"/>
    <tag k="lanes:forward" v="2"/>
    <tag k="lit" v="yes"/>
    <tag k="name" v="Avenue Carnot"/>
    <tag k="name:etymology:wikidata" v="Q310767"/>
    <tag k="name:zh" v="卡诺大街"/>
    <tag k="overtaking" v="no"/>
    <tag k="surface" v="sett"/>
  </way>
  <way id="566475380">
    <nd ref="21292970"/>
    <nd ref="13363701242"/>
    <nd ref="6170917402"/>
    <nd ref="13363701243"/>
    <nd ref="13363701244"/>
    <nd ref="6258334339"/>
    <nd ref="6370165392"/>
    <nd ref="21660039"/>
    <nd ref="6258338527"/>
    <nd ref="13363701245"/>
    <nd ref="272341727"/>
    <tag k="highway" v="residential"/>
    <tag k="lanes" v="2"/>
    <tag k="lanes:backward" v="1"/>
    <tag k="lanes:forward" v="1"/>
    <tag k="lit" v="yes"/>
    <tag k="maxspeed" v="30"/>
    <tag k="name" v="Avenue Carnot"/>
    <tag k="name:etymology:wikidata" v="Q310767"/>
    <tag k="name:zh" v="卡诺大街"/>
    <tag k="overtaking" v="no"/>
    <tag k="sidewalk:both" v="separate"/>
    <tag k="smoothness" v="intermediate"/>
    <tag k="surface" v="sett"/>
  </way>
  <way id="566475381">
    <nd ref="661220"/>
    <nd ref="6788929236"/>
    <nd ref="3670345642"/>
    <nd ref="838123131"/>
    <nd ref="4927356928"/>
    <tag k="highway" v="tertiary"/>
    <tag k="maxspeed" v="30"/>
    <tag k="name" v="Avenue Hoche"/>
    <tag k="name:etymology:wikidata" v="Q367042"/>
    <tag k="name:zh" v="奥什大街"/>
    <tag k="surface" v="asphalt"/>
  </way>
  <way id="569249748">
    <nd ref="1919281159"/>
    <nd ref="13362068830"/>
    <tag k="access" v="no"/>
    <tag k="bicycle" v="designated"/>
    <tag k="bus" v="yes"/>
    <tag k="cycleway" v="share_busway"/>
    <tag k="highway" v="service"/>
    <tag k="lit" v="yes"/>
    <tag k="maxspeed" v="30"/>
    <tag k="name" v="Avenue Kléber"/>
    <tag k="name:etymology:wikidata" v="Q319302"/>
    <tag k="name:zh" v="克勒贝尔大街"/>
    <tag k="oneway" v="yes"/>
    <tag k="psv" v="yes"/>
    <tag k="surface" v="asphalt"/>
  </way>
  <way id="626668696">
    <nd ref="34843118"/>
    <nd ref="9966559374"/>
    <nd ref="9966559373"/>
    <nd ref="9966559376"/>
    <nd ref="9966559378"/>
    <nd ref="1534568286"/>
    <nd ref="9966559379"/>
    <nd ref="6170935125"/>
    <nd ref="368338"/>
    <nd ref="5455382505"/>
    <nd ref="9966559384"/>
    <nd ref="1534568256"/>
    <nd ref="6172903538"/>
    <nd ref="260928393"/>
    <tag k="enforcement:operator" v="Police nationale"/>
    <tag k="highway" v="primary"/>
    <tag k="lanes" v="7"/>
    <tag k="lanes:backward" v="4"/>
    <tag k="lanes:forward" v="3"/>
    <tag k="lit" v="yes"/>
    <tag k="maxspeed" v="50"/>
    <tag k="motor_vehicle:conditional" v="no @ (Jan-Mar,Oct-Dec Su[1] 10:00-17:00; Apr-Sep Su[1] 11:00-18:00)"/>
    <tag k="name" v="Avenue des Champs-Élysées"/>
    <tag k="name:eo" v="Avenuo de la Elizeaj Kampoj"/>
    <tag k="name:es" v="Campos Elíseos"/>
    <tag k="name:etymology:wikidata" v="Q157128"/>
    <tag k="name:fa" v="خیابان شانزلیزه"/>
    <tag k="name:ko" v="샹젤리제 거리"/>
    <tag k="name:kr" v="샹젤리제 거리"/>
    <tag k="name:pl" v="Pola Elizejskie"/>
    <tag k="name:pt" v="Avenida dos Campos Elísios"/>
    <tag k="name:ru" v="Елисейские поля"/>
    <tag k="name:vi" v="Đại lộ Champs-Élysées"/>
    <tag k="name:zh" v="香榭丽舍大街"/>
    <tag k="name:zh-Hans" v="香榭丽舍大街"/>
    <tag k="name:zh-Hant" v="香榭麗舍大道"/>
    <tag k="old_name" v="Grand Cours"/>
    <tag k="operator" v="Ville de Paris"/>
    <tag k="operator:authority" v="Maire de Paris dans le respect des prescriptions prises par le préfet de police"/>
    <tag k="operator:authority:related_law" v="III de l'article L. 2512-14 du code général des collectivités territoriales"/>
    <tag k="parking:both" v="no"/>
    <tag k="parking:both:restriction" v="no_parking"/>
    <tag k="sidewalk:both" v="separate"/>
    <tag k="source:operator:authority" v="https://www.legifrance.gouv.fr/loda/id/LEGIARTI000035244298/#LEGIARTI000035244298"/>
    <tag k="surface" v="sett"/>
    <tag k="wikidata" v="Q550"/>
    <tag k="wikipedia" v="fr:Avenue des Champs-Élysées"/>
    <tag k="zone:traffic" v="FR:urban"/>
  </way>
  <way id="642727566">
    <nd ref="5996498079"/>
    <nd ref="368338"/>
    <tag k="highway" v="residential"/>
    <tag k="maxspeed" v="30"/>
    <tag k="name" v="Rue Galilée"/>
    <tag k="name:etymology:wikidata" v="Q307"/>
    <tag k="oneway" v="yes"/>
    <tag k="oneway:bicycle" v="no"/>
    <tag k="source:maxspeed" v="FR:urban"/>
    <tag k="surface" v="sett"/>
  </way>
  <way id="642898830">
    <nd ref="1534568367"/>
    <nd ref="9966559362"/>
    <nd ref="2880104581"/>
    <nd ref="9966559363"/>
    <nd ref="1534568331"/>
    <nd ref="10750309673"/>
    <nd ref="6736481995"/>
    <tag k="enforcement:operator" v="Police nationale"/>
    <tag k="highway" v="primary"/>
    <tag k="lanes" v="8"/>
    <tag k="lit" v="yes"/>
    <tag k="maxspeed" v="50"/>
    <tag k="name" v="Avenue des Champs-Élysées"/>
    <tag k="name:ar" v="الشانزلزيه"/>
    <tag k="name:eo" v="Avenuo de la Elizeaj Kampoj"/>
    <tag k="name:es" v="Campos Elíseos"/>
    <tag k="name:etymology:wikidata" v="Q157128"/>
    <tag k="name:fa" v="خیابان شانزلیزه"/>
    <tag k="name:ko" v="샹젤리제 거리"/>
    <tag k="name:kr" v="샹젤리제 거리"/>
    <tag k="name:pl" v="Pola Elizejskie"/>
    <tag k="name:pt" v="Avenida dos Campos Elísios"/>
    <tag k="name:ru" v="Елисейские поля"/>
    <tag k="name:vi" v="Đại lộ Champs-Élysées"/>
    <tag k="name:zh" v="香榭丽舍大街"/>
    <tag k="name:zh-Hans" v="香榭丽舍大街"/>
    <tag k="name:zh-Hant" v="香榭麗舍大道"/>
    <tag k="old_name" v="Grand Cours"/>
    <tag k="operator" v="Ville de Paris"/>
    <tag k="operator:authority" v="Maire de Paris dans le respect des prescriptions prises par le préfet de police"/>
    <tag k="operator:authority:related_law" v="III de l'article L. 2512-14 du code général des collectivités territoriales"/>
    <tag k="parking:both" v="no"/>
    <tag k="parking:both:restriction" v="no_parking"/>
    <tag k="sidewalk:both" v="separate"/>
    <tag k="smoothness" v="intermediate"/>
    <tag k="source:operator:authority" v="https://www.legifrance.gouv.fr/loda/id/LEGIARTI000035244298/#LEGIARTI000035244298"/>
    <tag k="surface" v="sett"/>
    <tag k="wikidata" v="Q550"/>
    <tag k="wikipedia" v="fr:Avenue des Champs-Élysées"/>
    <tag k="zone:traffic" v="FR:urban"/>
  </way>
  <way id="642901742">
    <nd ref="6736481995"/>
    <nd ref="1534568309"/>
    <nd ref="9966559368"/>
    <nd ref="9966559375"/>
    <nd ref="34843118"/>
    <tag k="enforcement:operator" v="Police nationale"/>
    <tag k="highway" v="primary"/>
    <tag k="lanes" v="7"/>
    <tag k="lanes:backward" v="4"/>
    <tag k="lanes:forward" v="3"/>
    <tag k="lit" v="yes"/>
    <tag k="maxspeed" v="50"/>
    <tag k="motor_vehicle:conditional" v="no @ (Jan-Mar,Oct-Dec Su[1] 10:00-17:00; Apr-Sep Su[1] 11:00-18:00)"/>
    <tag k="name" v="Avenue des Champs-Élysées"/>
    <tag k="name:eo" v="Avenuo de la Elizeaj Kampoj"/>
    <tag k="name:es" v="Campos Elíseos"/>
    <tag k="name:etymology:wikidata" v="Q157128"/>
    <tag k="name:fa" v="خیابان شانزلیزه"/>
    <tag k="name:ko" v="샹젤리제 거리"/>
    <tag k="name:kr" v="샹젤리제 거리"/>
    <tag k="name:pl" v="Pola Elizejskie"/>
    <tag k="name:pt" v="Avenida dos Campos Elísios"/>
    <tag k="name:ru" v="Елисейские поля"/>
    <tag k="name:vi" v="Đại lộ Champs-Élysées"/>
    <tag k="name:zh" v="香榭丽舍大街"/>
    <tag k="name:zh-Hans" v="香榭丽舍大街"/>
    <tag k="name:zh-Hant" v="香榭麗舍大道"/>
    <tag k="old_name" v="Grand Cours"/>
    <tag k="operator" v="Ville de Paris"/>
    <tag k="operator:authority" v="Maire de Paris dans le respect des prescriptions prises par le préfet de police"/>
    <tag k="operator:authority:related_law" v="III de l'article L. 2512-14 du code général des collectivités territoriales"/>
    <tag k="parking:both" v="no"/>
    <tag k="parking:both:restriction" v="no_parking"/>
    <tag k="sidewalk:both" v="separate"/>
    <tag k="source:operator:authority" v="https://www.legifrance.gouv.fr/loda/id/LEGIARTI000035244298/#LEGIARTI000035244298"/>
    <tag k="surface" v="sett"/>
    <tag k="wikidata" v="Q550"/>
    <tag k="wikipedia" v="fr:Avenue des Champs-Élysées"/>
    <tag k="zone:traffic" v="FR:urban"/>
  </way>
  <way id="648763388">
    <nd ref="838123109"/>
    <nd ref="3670345641"/>
    <nd ref="6788917774"/>
    <nd ref="6370024887"/>
    <nd ref="661220"/>
    <tag k="highway" v="tertiary"/>
    <tag k="lanes" v="4"/>
    <tag k="lanes:backward" v="2"/>
    <tag k="lanes:forward" v="2"/>
    <tag k="lit" v="yes"/>
    <tag k="maxspeed" v="30"/>
    <tag k="name" v="Avenue Hoche"/>
    <tag k="name:etymology:wikidata" v="Q2857109"/>
    <tag k="name:zh" v="奥什大街"/>
    <tag k="sidewalk:both" v="separate"/>
    <tag k="smoothness" v="intermediate"/>
    <tag k="surface" v="paving_stones"/>
  </way>
  <way id="654338449">
    <nd ref="12280060277"/>
    <nd ref="9966559387"/>
    <nd ref="5996498045"/>
    <nd ref="12280060279"/>
    <tag k="check_date" v="2019-02-24"/>
    <tag k="cycleway" v="on_street"/>
    <tag k="enforcement:operator" v="Police nationale"/>
    <tag k="highway" v="cycleway"/>
    <tag k="lit" v="yes"/>
    <tag k="name" v="Avenue des Champs-Élysées"/>
    <tag k="name:eo" v="Avenuo de la Elizeaj Kampoj"/>
    <tag k="name:es" v="Campos Elíseos"/>
    <tag k="name:etymology:wikidata" v="Q157128"/>
    <tag k="name:fa" v="خیابان شانزلیزه"/>
    <tag k="name:ko" v="샹젤리제 거리"/>
    <tag k="name:kr" v="샹젤리제 거리"/>
    <tag k="name:pl" v="Pola Elizejskie"/>
    <tag k="name:pt" v="Avenida dos Campos Elísios"/>
    <tag k="name:ru" v="Елисейские поля"/>
    <tag k="name:vi" v="Đại lộ Champs-Élysées"/>
    <tag k="name:zh" v="香榭丽舍大街"/>
    <tag k="name:zh-Hans" v="香榭丽舍大街"/>
    <tag k="name:zh-Hant" v="香榭麗舍大道"/>
    <tag k="oneway" v="yes"/>
    <tag k="operator" v="Ville de Paris"/>
    <tag k="operator:authority" v="Maire de Paris dans le respect des prescriptions prises par le préfet de police"/>
    <tag k="operator:authority:related_law" v="III de l'article L. 2512-14 du code général des collectivités territoriales"/>
    <tag k="source:operator:authority" v="https://www.legifrance.gouv.fr/loda/id/LEGIARTI000035244298/#LEGIARTI000035244298"/>
    <tag k="surface" v="sett"/>
    <tag k="width" v="2"/>
    <tag k="wikidata" v="Q550"/>
    <tag k="wikipedia" v="fr:Avenue des Champs-Élysées"/>
    <tag k="zone:traffic" v="FR:urban"/>
  </way>
  <way id="677931345">
    <nd ref="6347770451"/>
    <nd ref="6347770450"/>
    <tag k="handrail:left" v="yes"/>
    <tag k="handrail:right" v="yes"/>
    <tag k="highway" v="steps"/>
    <tag k="incline" v="up"/>
    <tag k="level" v="-1;0"/>
    <tag k="lit" v="no"/>
    <tag k="ramp" v="no"/>
    <tag k="surface" v="asphalt"/>
    <tag k="tactile_paving" v="partial"/>
  </way>
  <way id="677931351">
    <nd ref="6347770453"/>
    <nd ref="6347770452"/>
    <tag k="handrail:left" v="yes"/>
    <tag k="handrail:right" v="yes"/>
    <tag k="highway" v="steps"/>
    <tag k="incline" v="up"/>
    <tag k="level" v="-1;0"/>
    <tag k="lit" v="no"/>
    <tag k="ramp" v="yes"/>
    <tag k="ramp:bicycle" v="no"/>
    <tag k="ramp:luggage" v="yes"/>
    <tag k="ramp:stroller" v="no"/>
    <tag k="ramp:wheelchair" v="no"/>
    <tag k="surface" v="asphalt"/>
    <tag k="tactile_paving" v="partial"/>
  </way>
  <way id="678378854">
    <nd ref="6352024906"/>
    <nd ref="6352024905"/>
    <tag k="handrail:left" v="yes"/>
    <tag k="handrail:right" v="yes"/>
    <tag k="highway" v="steps"/>
    <tag k="incline" v="up"/>
    <tag k="level" v="0;1"/>
    <tag k="lit" v="yes"/>
    <tag k="surface" v="wood"/>
  </way>
  <way id="680311658">
    <nd ref="11333186731"/>
    <nd ref="9471837432"/>
    <nd ref="6370024906"/>
    <nd ref="11070666344"/>
    <nd ref="6370024905"/>
    <nd ref="6370024904"/>
    <nd ref="6370024903"/>
    <nd ref="6370024902"/>
    <nd ref="13431523604"/>
    <nd ref="11071342251"/>
    <nd ref="6370024901"/>
    <nd ref="6370024894"/>
    <nd ref="6370024900"/>
    <nd ref="11010529699"/>
    <nd ref="13431523605"/>
    <nd ref="6370024899"/>
    <nd ref="6370024898"/>
    <nd ref="6370024897"/>
    <nd ref="6370024896"/>
    <nd ref="11015558770"/>
    <nd ref="6370024972"/>
    <nd ref="11071342264"/>
    <nd ref="6370024970"/>
    <nd ref="6370024969"/>
    <nd ref="6370024968"/>
    <nd ref="6370024967"/>
    <nd ref="6370024966"/>
    <nd ref="13431523606"/>
    <nd ref="11071342266"/>
    <nd ref="6370024965"/>
    <nd ref="6370024893"/>
    <nd ref="6370024964"/>
    <nd ref="6370024963"/>
    <nd ref="13431523607"/>
    <nd ref="6370024962"/>
    <nd ref="6370024961"/>
    <nd ref="6370024960"/>
    <nd ref="6370024959"/>
    <nd ref="13431523608"/>
    <nd ref="11071342273"/>
    <nd ref="6370024958"/>
    <nd ref="6370024892"/>
    <nd ref="6370024957"/>
    <nd ref="11071342276"/>
    <nd ref="6370024956"/>
    <nd ref="6370024955"/>
    <nd ref="6370024954"/>
    <nd ref="13431523609"/>
    <nd ref="11070685436"/>
    <nd ref="6370024953"/>
    <nd ref="6370024971"/>
    <nd ref="11070685435"/>
    <nd ref="6370024952"/>
    <nd ref="13431523610"/>
    <nd ref="6370024951"/>
    <nd ref="6370024950"/>
    <nd ref="6370024949"/>
    <nd ref="9966559366"/>
    <nd ref="12195600866"/>
    <nd ref="6370024948"/>
    <nd ref="6475593343"/>
    <nd ref="6736492395"/>
    <tag k="cycleway" v="on_street"/>
    <tag k="highway" v="cycleway"/>
    <tag k="lit" v="yes"/>
    <tag k="name" v="Rue de Presbourg"/>
    <tag k="name:etymology:wikidata" v="Q154102"/>
    <tag k="name:zh" v="普雷斯堡街"/>
    <tag k="oneway" v="no"/>
    <tag k="smoothness" v="good"/>
    <tag k="start_date" v="2019-05-17"/>
    <tag k="surface" v="asphalt"/>
  </way>
  <way id="688357801">
    <nd ref="6454591231"/>
    <nd ref="6170919421"/>
    <nd ref="6454591230"/>
    <tag k="crossing" v="traffic_signals"/>
    <tag k="crossing:markings" v="zebra"/>
    <tag k="crossing:signals" v="yes"/>
    <tag k="footway" v="crossing"/>
    <tag k="highway" v="footway"/>
    <tag k="lit" v="yes"/>
    <tag k="smoothness" v="intermediate"/>
    <tag k="surface" v="sett"/>
    <tag k="traffic_signals:sound" v="yes"/>
  </way>
  <way id="688357802">
    <nd ref="11875210606"/>
    <nd ref="6454591232"/>
    <tag k="crossing" v="traffic_signals"/>
    <tag k="crossing:markings" v="zebra"/>
    <tag k="crossing:signals" v="yes"/>
    <tag k="footway" v="crossing"/>
    <tag k="highway" v="footway"/>
    <tag k="lit" v="yes"/>
    <tag k="smoothness" v="good"/>
    <tag k="surface" v="sett"/>
  </way>
  <way id="688357803">
    <nd ref="6454591235"/>
    <nd ref="6170847135"/>
    <nd ref="6454591234"/>
    <tag k="crossing" v="traffic_signals"/>
    <tag k="crossing:markings" v="zebra"/>
    <tag k="crossing:signals" v="yes"/>
    <tag k="footway" v="crossing"/>
    <tag k="highway" v="footway"/>
    <tag k="lit" v="yes"/>
    <tag k="smoothness" v="intermediate"/>
    <tag k="surface" v="sett"/>
  </way>
  <way id="688357804">
    <nd ref="6454591237"/>
    <nd ref="6170847378"/>
    <nd ref="6454591236"/>
    <tag k="crossing" v="traffic_signals"/>
    <tag k="crossing:markings" v="zebra"/>
    <tag k="crossing:signals" v="yes"/>
    <tag k="footway" v="crossing"/>
    <tag k="highway" v="footway"/>
    <tag k="lit" v="yes"/>
    <tag k="smoothness" v="intermediate"/>
    <tag k="surface" v="asphalt"/>
  </way>
  <way id="688357805">
    <nd ref="6454591239"/>
    <nd ref="6170860745"/>
    <nd ref="6454591238"/>
    <tag k="crossing" v="traffic_signals"/>
    <tag k="crossing:markings" v="zebra"/>
    <tag k="crossing:signals" v="yes"/>
    <tag k="footway" v="crossing"/>
    <tag k="highway" v="footway"/>
    <tag k="lit" v="yes"/>
    <tag k="smoothness" v="intermediate"/>
    <tag k="surface" v="sett"/>
    <tag k="traffic_signals:sound" v="yes"/>
  </way>
  <way id="688357806">
    <nd ref="6454591241"/>
    <nd ref="6170861328"/>
    <nd ref="6454591240"/>
    <tag k="crossing" v="traffic_signals"/>
    <tag k="crossing:markings" v="zebra"/>
    <tag k="crossing:signals" v="yes"/>
    <tag k="footway" v="crossing"/>
    <tag k="highway" v="footway"/>
    <tag k="lit" v="yes"/>
    <tag k="smoothness" v="intermediate"/>
    <tag k="surface" v="sett"/>
    <tag k="traffic_signals:sound" v="yes"/>
  </way>
  <way id="688357807">
    <nd ref="6454591243"/>
    <nd ref="6170864481"/>
    <nd ref="6454591242"/>
    <tag k="crossing" v="traffic_signals"/>
    <tag k="crossing:markings" v="zebra"/>
    <tag k="crossing:signals" v="yes"/>
    <tag k="footway" v="crossing"/>
    <tag k="highway" v="footway"/>
    <tag k="lit" v="yes"/>
    <tag k="smoothness" v="intermediate"/>
    <tag k="surface" v="sett"/>
    <tag k="traffic_signals:sound" v="yes"/>
  </way>
  <way id="688357808">
    <nd ref="6454591245"/>
    <nd ref="6170864709"/>
    <nd ref="11875210634"/>
    <tag k="crossing" v="traffic_signals"/>
    <tag k="crossing:markings" v="zebra"/>
    <tag k="crossing:signals" v="yes"/>
    <tag k="footway" v="crossing"/>
    <tag k="highway" v="footway"/>
    <tag k="lit" v="yes"/>
    <tag k="surface" v="sett"/>
    <tag k="traffic_signals:sound" v="yes"/>
  </way>
  <way id="688357809">
    <nd ref="1534568389"/>
    <nd ref="1534568394"/>
    <tag k="footway" v="sidewalk"/>
    <tag k="highway" v="footway"/>
    <tag k="lit" v="yes"/>
    <tag k="smoothness" v="excellent"/>
    <tag k="surface" v="paving_stones"/>
  </way>
  <way id="688357810">
    <nd ref="11875209356"/>
    <nd ref="12195600863"/>
    <nd ref="1534568330"/>
    <nd ref="1534568341"/>
    <tag k="footway" v="sidewalk"/>
    <tag k="highway" v="footway"/>
    <tag k="lit" v="yes"/>
    <tag k="smoothness" v="good"/>
    <tag k="surface" v="paving_stones"/>
  </way>
  <way id="688357811">
    <nd ref="6454591247"/>
    <nd ref="838122995"/>
    <nd ref="6454591246"/>
    <tag k="crossing" v="traffic_signals"/>
    <tag k="crossing:markings" v="zebra"/>
    <tag k="crossing:signals" v="yes"/>
    <tag k="footway" v="crossing"/>
    <tag k="highway" v="footway"/>
    <tag k="lit" v="yes"/>
    <tag k="smoothness" v="intermediate"/>
    <tag k="surface" v="sett"/>
    <tag k="traffic_signals:sound" v="yes"/>
  </way>
  <way id="688357812">
    <nd ref="6454591249"/>
    <nd ref="3670345637"/>
    <nd ref="6454591248"/>
    <tag k="crossing" v="traffic_signals"/>
    <tag k="crossing:markings" v="zebra"/>
    <tag k="crossing:signals" v="yes"/>
    <tag k="footway" v="crossing"/>
    <tag k="highway" v="footway"/>
    <tag k="lit" v="yes"/>
    <tag k="smoothness" v="intermediate"/>
    <tag k="surface" v="sett"/>
    <tag k="traffic_signals:sound" v="yes"/>
  </way>
  <way id="717287139">
    <nd ref="6736492395"/>
    <nd ref="6736492394"/>
    <nd ref="5996498081"/>
    <nd ref="7510528253"/>
    <tag k="cycleway" v="on_street"/>
    <tag k="enforcement:operator" v="Police nationale"/>
    <tag k="foot" v="no"/>
    <tag k="highway" v="cycleway"/>
    <tag k="lit" v="yes"/>
    <tag k="name" v="Avenue des Champs-Élysées"/>
    <tag k="name:eo" v="Avenuo de la Elizeaj Kampoj"/>
    <tag k="name:es" v="Campos Elíseos"/>
    <tag k="name:etymology:wikidata" v="Q157128"/>
    <tag k="name:fa" v="خیابان شانزلیزه"/>
    <tag k="name:ko" v="샹젤리제 거리"/>
    <tag k="name:kr" v="샹젤리제 거리"/>
    <tag k="name:pl" v="Pola Elizejskie"/>
    <tag k="name:pt" v="Avenida dos Campos Elísios"/>
    <tag k="name:ru" v="Елисейские поля"/>
    <tag k="name:vi" v="Đại lộ Champs-Élysées"/>
    <tag k="name:zh" v="香榭丽舍大街"/>
    <tag k="name:zh-Hans" v="香榭丽舍大街"/>
    <tag k="name:zh-Hant" v="香榭麗舍大道"/>
    <tag k="oneway" v="yes"/>
    <tag k="operator" v="Ville de Paris"/>
    <tag k="operator:authority" v="Maire de Paris dans le respect des prescriptions prises par le préfet de police"/>
    <tag k="operator:authority:related_law" v="III de l'article L. 2512-14 du code général des collectivités territoriales"/>
    <tag k="source:operator:authority" v="https://www.legifrance.gouv.fr/loda/id/LEGIARTI000035244298/#LEGIARTI000035244298"/>
    <tag k="surface" v="sett"/>
    <tag k="width" v="2"/>
    <tag k="wikidata" v="Q550"/>
    <tag k="wikipedia" v="fr:Avenue des Champs-Élysées"/>
    <tag k="zone:traffic" v="FR:urban"/>
  </way>
  <way id="717288280">
    <nd ref="6736492393"/>
    <nd ref="6370024890"/>
    <nd ref="12183015105"/>
    <nd ref="6370024943"/>
    <nd ref="6370024942"/>
    <nd ref="6370024941"/>
    <nd ref="6370024940"/>
    <nd ref="13431523615"/>
    <nd ref="6370024939"/>
    <nd ref="6370024889"/>
    <nd ref="11070741760"/>
    <nd ref="6370024937"/>
    <nd ref="6370024936"/>
    <nd ref="6370024935"/>
    <nd ref="6370024934"/>
    <nd ref="11070685429"/>
    <nd ref="6370024933"/>
    <nd ref="6370024887"/>
    <nd ref="6370024932"/>
    <nd ref="11070741758"/>
    <nd ref="13431523614"/>
    <nd ref="6370024931"/>
    <nd ref="6370024930"/>
    <nd ref="6370024929"/>
    <nd ref="6370024928"/>
    <nd ref="6370024927"/>
    <nd ref="11070685419"/>
    <nd ref="12506750893"/>
    <nd ref="6370024926"/>
    <nd ref="6370024886"/>
    <tag k="cycleway" v="on_street"/>
    <tag k="highway" v="cycleway"/>
    <tag k="lit" v="yes"/>
    <tag k="name" v="Rue de Tilsitt"/>
    <tag k="name:etymology:wikidata" v="Q154596"/>
    <tag k="name:zh" v="蒂尔西特街"/>
    <tag k="oneway" v="no"/>
    <tag k="start_date" v="2019-05-17"/>
    <tag k="surface" v="asphalt"/>
  </way>
  <way id="747788755">
    <nd ref="34816572"/>
    <nd ref="6896437813"/>
    <nd ref="6258296076"/>
    <nd ref="34816567"/>
    <tag k="bicycle" v="yes"/>
    <tag k="foot" v="yes"/>
    <tag k="highway" v="pedestrian"/>
    <tag k="lit" v="yes"/>
    <tag k="motor_vehicle" v="destination"/>
    <tag k="name" v="Rue Paul Valéry"/>
    <tag k="name:etymology:wikidata" v="Q200639"/>
    <tag k="old_name" v="Rue de Villejust"/>
    <tag k="oneway" v="yes"/>
    <tag k="source:maxspeed" v="sign"/>
    <tag k="surface" v="sett"/>
  </way>
  <way id="795908927">
    <nd ref="21660038"/>
    <nd ref="6370024895"/>
    <tag k="cycleway:both" v="separate"/>
    <tag k="enforcement:operator" v="Police nationale"/>
    <tag k="highway" v="primary"/>
    <tag k="lanes" v="8"/>
    <tag k="lit" v="yes"/>
    <tag k="maxspeed" v="50"/>
    <tag k="name" v="Avenue de la Grande Armée"/>
    <tag k="name:etymology:wikidata" v="Q504721"/>
    <tag k="name:zh" v="大军团大街"/>
    <tag k="name:zh-Hans" v="大军团大街"/>
    <tag k="name:zh-Hant" v="大軍團大街"/>
    <tag k="operator" v="Ville de Paris"/>
    <tag k="operator:authority" v="Maire de Paris dans le respect des prescriptions prises par le préfet de police"/>
    <tag k="operator:authority:related_law" v="III de l'article L. 2512-14 du code général des collectivités territoriales"/>
    <tag k="source:operator:authority" v="https://www.legifrance.gouv.fr/loda/id/LEGIARTI000035244298/#LEGIARTI000035244298"/>
    <tag k="surface" v="sett"/>
    <tag k="zone:traffic" v="FR:urban"/>
  </way>
  <way id="795908929">
    <nd ref="6736492395"/>
    <nd ref="10750309673"/>
    <tag k="cycleway" v="on_street"/>
    <tag k="highway" v="cycleway"/>
    <tag k="lit" v="yes"/>
    <tag k="name" v="Rue de Presbourg"/>
    <tag k="name:etymology:wikidata" v="Q154102"/>
    <tag k="name:zh" v="普雷斯堡街"/>
    <tag k="oneway" v="no"/>
    <tag k="start_date" v="2019-05-17"/>
    <tag k="surface" v="asphalt"/>
  </way>
  <way id="812822161">
    <nd ref="21659950"/>
    <nd ref="926929442"/>
    <nd ref="8120650055"/>
    <nd ref="270727841"/>
    <tag k="highway" v="residential"/>
    <tag k="lit" v="yes"/>
    <tag k="maxspeed" v="30"/>
    <tag k="name" v="Rue la Pérouse"/>
    <tag k="name:etymology:wikidata" v="Q294478"/>
    <tag k="oneway" v="yes"/>
    <tag k="sidewalk:both" v="separate"/>
    <tag k="source:maxspeed" v="FR:urban"/>
    <tag k="surface" v="asphalt"/>
  </way>
  <way id="812822162">
    <nd ref="21659950"/>
    <nd ref="8120650056"/>
    <nd ref="13362046919"/>
    <nd ref="7592211096"/>
    <tag k="cycleway:both" v="no"/>
    <tag k="highway" v="primary"/>
    <tag k="lanes" v="2"/>
    <tag k="lit" v="yes"/>
    <tag k="maxspeed" v="30"/>
    <tag k="name" v="Avenue d'Iéna"/>
    <tag k="name:etymology:wikidata" v="Q154426"/>
    <tag k="name:zh" v="耶拿大街"/>
    <tag k="sidewalk:both" v="separate"/>
    <tag k="source:maxspeed" v="FR:urban"/>
    <tag k="surface" v="sett"/>
  </way>
  <way id="812822163">
    <nd ref="368323"/>
    <nd ref="13362046915"/>
    <nd ref="6170864481"/>
    <nd ref="926668143"/>
    <nd ref="12206024409"/>
    <nd ref="13362046916"/>
    <nd ref="2334192372"/>
    <nd ref="6370024892"/>
    <nd ref="21659950"/>
    <tag k="cycleway:both" v="no"/>
    <tag k="highway" v="primary"/>
    <tag k="lanes" v="4"/>
    <tag k="lanes:backward" v="2"/>
    <tag k="lanes:forward" v="2"/>
    <tag k="lit" v="yes"/>
    <tag k="maxspeed" v="30"/>
    <tag k="name" v="Avenue d'Iéna"/>
    <tag k="name:etymology:wikidata" v="Q154426"/>
    <tag k="name:zh" v="耶拿大街"/>
    <tag k="sidewalk:both" v="separate"/>
    <tag k="sidewalk:both:surface" v="asphalt"/>
    <tag k="smoothness" v="intermediate"/>
    <tag k="source:maxspeed" v="FR:urban"/>
    <tag k="surface" v="sett"/>
  </way>
  <way id="813587017">
    <nd ref="368322"/>
    <nd ref="9966559361"/>
    <nd ref="1534568367"/>
    <tag k="cycleway:both" v="no"/>
    <tag k="enforcement:operator" v="Police nationale"/>
    <tag k="highway" v="primary"/>
    <tag k="lanes" v="8"/>
    <tag k="lit" v="yes"/>
    <tag k="maxspeed" v="50"/>
    <tag k="name" v="Avenue des Champs-Élysées"/>
    <tag k="name:ar" v="الشانزلزيه"/>
    <tag k="name:eo" v="Avenuo de la Elizeaj Kampoj"/>
    <tag k="name:es" v="Campos Elíseos"/>
    <tag k="name:etymology:wikidata" v="Q157128"/>
    <tag k="name:fa" v="خیابان شانزلیزه"/>
    <tag k="name:ko" v="샹젤리제 거리"/>
    <tag k="name:kr" v="샹젤리제 거리"/>
    <tag k="name:pl" v="Pola Elizejskie"/>
    <tag k="name:pt" v="Avenida dos Campos Elísios"/>
    <tag k="name:ru" v="Елисейские поля"/>
    <tag k="name:vi" v="Đại lộ Champs-Élysées"/>
    <tag k="name:zh" v="香榭丽舍大街"/>
    <tag k="name:zh-Hans" v="香榭丽舍大街"/>
    <tag k="name:zh-Hant" v="香榭麗舍大道"/>
    <tag k="old_name" v="Grand Cours"/>
    <tag k="operator" v="Ville de Paris"/>
    <tag k="operator:authority" v="Maire de Paris dans le respect des prescriptions prises par le préfet de police"/>
    <tag k="operator:authority:related_law" v="III de l'article L. 2512-14 du code général des collectivités territoriales"/>
    <tag k="parking:both" v="no"/>
    <tag k="parking:both:restriction" v="no_parking"/>
    <tag k="sidewalk:both" v="separate"/>
    <tag k="source:operator:authority" v="https://www.legifrance.gouv.fr/loda/id/LEGIARTI000035244298/#LEGIARTI000035244298"/>
    <tag k="surface" v="sett"/>
    <tag k="wikidata" v="Q550"/>
    <tag k="wikipedia" v="fr:Avenue des Champs-Élysées"/>
    <tag k="zone:traffic" v="FR:urban"/>
  </way>
  <way id="816466387">
    <nd ref="5996498042"/>
    <nd ref="9966559367"/>
    <nd ref="5996498040"/>
    <nd ref="12255911102"/>
    <tag k="check_date" v="2019-02-24"/>
    <tag k="cycleway" v="on_street"/>
    <tag k="enforcement:operator" v="Police nationale"/>
    <tag k="highway" v="cycleway"/>
    <tag k="lit" v="yes"/>
    <tag k="name" v="Avenue des Champs-Élysées"/>
    <tag k="name:eo" v="Avenuo de la Elizeaj Kampoj"/>
    <tag k="name:es" v="Campos Elíseos"/>
    <tag k="name:etymology:wikidata" v="Q157128"/>
    <tag k="name:fa" v="خیابان شانزلیزه"/>
    <tag k="name:ko" v="샹젤리제 거리"/>
    <tag k="name:kr" v="샹젤리제 거리"/>
    <tag k="name:pl" v="Pola Elizejskie"/>
    <tag k="name:pt" v="Avenida dos Campos Elísios"/>
    <tag k="name:ru" v="Елисейские поля"/>
    <tag k="name:vi" v="Đại lộ Champs-Élysées"/>
    <tag k="name:zh" v="香榭丽舍大街"/>
    <tag k="name:zh-Hans" v="香榭丽舍大街"/>
    <tag k="name:zh-Hant" v="香榭麗舍大道"/>
    <tag k="oneway" v="yes"/>
    <tag k="operator" v="Ville de Paris"/>
    <tag k="operator:authority" v="Maire de Paris dans le respect des prescriptions prises par le préfet de police"/>
    <tag k="operator:authority:related_law" v="III de l'article L. 2512-14 du code général des collectivités territoriales"/>
    <tag k="source:operator:authority" v="https://www.legifrance.gouv.fr/loda/id/LEGIARTI000035244298/#LEGIARTI000035244298"/>
    <tag k="surface" v="sett"/>
    <tag k="width" v="2"/>
    <tag k="wikidata" v="Q550"/>
    <tag k="wikipedia" v="fr:Avenue des Champs-Élysées"/>
    <tag k="zone:traffic" v="FR:urban"/>
  </way>
  <way id="816466388">
    <nd ref="7510528253"/>
    <nd ref="9966559380"/>
    <nd ref="5996498080"/>
    <nd ref="5996498079"/>
    <tag k="cycleway" v="on_street"/>
    <tag k="enforcement:operator" v="Police nationale"/>
    <tag k="foot" v="no"/>
    <tag k="highway" v="cycleway"/>
    <tag k="lit" v="yes"/>
    <tag k="name" v="Avenue des Champs-Élysées"/>
    <tag k="name:eo" v="Avenuo de la Elizeaj Kampoj"/>
    <tag k="name:es" v="Campos Elíseos"/>
    <tag k="name:etymology:wikidata" v="Q157128"/>
    <tag k="name:fa" v="خیابان شانزلیزه"/>
    <tag k="name:ko" v="샹젤리제 거리"/>
    <tag k="name:kr" v="샹젤리제 거리"/>
    <tag k="name:pl" v="Pola Elizejskie"/>
    <tag k="name:pt" v="Avenida dos Campos Elísios"/>
    <tag k="name:ru" v="Елисейские поля"/>
    <tag k="name:vi" v="Đại lộ Champs-Élysées"/>
    <tag k="name:zh" v="香榭丽舍大街"/>
    <tag k="name:zh-Hans" v="香榭丽舍大街"/>
    <tag k="name:zh-Hant" v="香榭麗舍大道"/>
    <tag k="oneway" v="yes"/>
    <tag k="operator" v="Ville de Paris"/>
    <tag k="operator:authority" v="Maire de Paris dans le respect des prescriptions prises par le préfet de police"/>
    <tag k="operator:authority:related_law" v="III de l'article L. 2512-14 du code général des collectivités territoriales"/>
    <tag k="source:operator:authority" v="https://www.legifrance.gouv.fr/loda/id/LEGIARTI000035244298/#LEGIARTI000035244298"/>
    <tag k="surface" v="sett"/>
    <tag k="width" v="2"/>
    <tag k="wikidata" v="Q550"/>
    <tag k="wikipedia" v="fr:Avenue des Champs-Élysées"/>
    <tag k="zone:traffic" v="FR:urban"/>
  </way>
  <way id="816466389">
    <nd ref="5996498079"/>
    <nd ref="9966559385"/>
    <nd ref="5996498078"/>
    <nd ref="5996498077"/>
    <nd ref="5996498076"/>
    <tag k="cycleway" v="on_street"/>
    <tag k="enforcement:operator" v="Police nationale"/>
    <tag k="foot" v="no"/>
    <tag k="highway" v="cycleway"/>
    <tag k="lit" v="yes"/>
    <tag k="name" v="Avenue des Champs-Élysées"/>
    <tag k="name:eo" v="Avenuo de la Elizeaj Kampoj"/>
    <tag k="name:es" v="Campos Elíseos"/>
    <tag k="name:etymology:wikidata" v="Q157128"/>
    <tag k="name:fa" v="خیابان شانزلیزه"/>
    <tag k="name:ko" v="샹젤리제 거리"/>
    <tag k="name:kr" v="샹젤리제 거리"/>
    <tag k="name:pl" v="Pola Elizejskie"/>
    <tag k="name:pt" v="Avenida dos Campos Elísios"/>
    <tag k="name:ru" v="Елисейские поля"/>
    <tag k="name:vi" v="Đại lộ Champs-Élysées"/>
    <tag k="name:zh" v="香榭丽舍大街"/>
    <tag k="name:zh-Hans" v="香榭丽舍大街"/>
    <tag k="name:zh-Hant" v="香榭麗舍大道"/>
    <tag k="oneway" v="yes"/>
    <tag k="operator" v="Ville de Paris"/>
    <tag k="operator:authority" v="Maire de Paris dans le respect des prescriptions prises par le préfet de police"/>
    <tag k="operator:authority:related_law" v="III de l'article L. 2512-14 du code général des collectivités territoriales"/>
    <tag k="source:operator:authority" v="https://www.legifrance.gouv.fr/loda/id/LEGIARTI000035244298/#LEGIARTI000035244298"/>
    <tag k="surface" v="sett"/>
    <tag k="width" v="2"/>
    <tag k="wikidata" v="Q550"/>
    <tag k="wikipedia" v="fr:Avenue des Champs-Élysées"/>
    <tag k="zone:traffic" v="FR:urban"/>
  </way>
  <way id="816466390">
    <nd ref="7510528253"/>
    <nd ref="34843118"/>
    <nd ref="5996498042"/>
    <tag k="bicycle" v="designated"/>
    <tag k="crossing" v="traffic_signals"/>
    <tag k="crossing:island" v="yes"/>
    <tag k="crossing:markings" v="zebra"/>
    <tag k="crossing:signals" v="yes"/>
    <tag k="cycleway" v="crossing"/>
    <tag k="cycleway:surface" v="sett"/>
    <tag k="foot" v="designated"/>
    <tag k="footway" v="crossing"/>
    <tag k="footway:surface" v="sett"/>
    <tag k="highway" v="path"/>
    <tag k="lit" v="yes"/>
    <tag k="oneway" v="no"/>
    <tag k="segregated" v="yes"/>
    <tag k="small_electric_vehicle" v="yes"/>
    <tag k="surface" v="sett"/>
  </way>
  <way id="816466391">
    <nd ref="5263805755"/>
    <nd ref="11015526648"/>
    <nd ref="11333186748"/>
    <nd ref="13363644421"/>
    <nd ref="299017904"/>
    <nd ref="11527326288"/>
    <nd ref="12595222571"/>
    <nd ref="9587700282"/>
    <nd ref="12595222570"/>
    <nd ref="6170787036"/>
    <nd ref="13363644420"/>
    <nd ref="937873395"/>
    <nd ref="21660038"/>
    <tag k="busway:both" v="lane"/>
    <tag k="cycleway:both" v="separate"/>
    <tag k="enforcement:operator" v="Police nationale"/>
    <tag k="highway" v="primary"/>
    <tag k="lanes" v="6"/>
    <tag k="lanes:backward" v="3"/>
    <tag k="lanes:forward" v="3"/>
    <tag k="lit" v="yes"/>
    <tag k="maxspeed" v="50"/>
    <tag k="name" v="Avenue de la Grande Armée"/>
    <tag k="name:etymology:wikidata" v="Q504721"/>
    <tag k="name:zh" v="大军团大街"/>
    <tag k="name:zh-Hans" v="大军团大街"/>
    <tag k="name:zh-Hant" v="大軍團大街"/>
    <tag k="operator" v="Ville de Paris"/>
    <tag k="operator:authority" v="Maire de Paris dans le respect des prescriptions prises par le préfet de police"/>
    <tag k="operator:authority:related_law" v="III de l'article L. 2512-14 du code général des collectivités territoriales"/>
    <tag k="psv:lanes:backward" v="yes|yes|designated"/>
    <tag k="sidewalk" v="both"/>
    <tag k="source:operator:authority" v="https://www.legifrance.gouv.fr/loda/id/LEGIARTI000035244298/#LEGIARTI000035244298"/>
    <tag k="surface" v="sett"/>
    <tag k="zone:traffic" v="FR:urban"/>
  </way>
  <way id="841484526">
    <nd ref="270938224"/>
    <nd ref="6789070572"/>
    <nd ref="661225"/>
    <tag k="busway:left" v="opposite_lane"/>
    <tag k="busway:right" v="lane"/>
    <tag k="cycleway:both" v="share_busway"/>
    <tag k="highway" v="secondary"/>
    <tag k="lanes" v="4"/>
    <tag k="lanes:backward" v="1"/>
    <tag k="lanes:forward" v="3"/>
    <tag k="lit" v="yes"/>
    <tag k="maxspeed" v="30"/>
    <tag k="name" v="Avenue Marceau"/>
    <tag k="name:etymology:wikidata" v="Q1003655"/>
    <tag k="name:zh" v="马尔索大街"/>
    <tag k="name:zh-Hans" v="马尔索大街"/>
    <tag k="name:zh-Hant" v="馬爾索大街"/>
    <tag k="oneway" v="yes"/>
    <tag k="oneway:bicycle" v="no"/>
    <tag k="oneway:psv" v="no"/>
    <tag k="psv:lanes:backward" v="designated"/>
    <tag k="psv:lanes:forward" v="yes|yes|designated"/>
    <tag k="sidewalk" v="both"/>
    <tag k="surface" v="sett"/>
  </way>
  <way id="841484527">
    <nd ref="25626299"/>
    <nd ref="5455382502"/>
    <nd ref="9966559383"/>
    <nd ref="11010382373"/>
    <nd ref="830665979"/>
    <tag k="cycleway:left" v="no"/>
    <tag k="highway" v="residential"/>
    <tag k="maxspeed" v="30"/>
    <tag k="name" v="Rue Galilée"/>
    <tag k="name:etymology:wikidata" v="Q307"/>
    <tag k="oneway" v="yes"/>
    <tag k="oneway:bicycle" v="no"/>
    <tag k="sidewalk:both" v="separate"/>
    <tag k="source:maxspeed" v="FR:urban"/>
    <tag k="surface" v="asphalt"/>
  </way>
  <way id="874587077">
    <nd ref="4192463327"/>
    <nd ref="291594194"/>
    <nd ref="13363596192"/>
    <nd ref="13363596191"/>
    <nd ref="176932548"/>
    <nd ref="21660045"/>
    <nd ref="6258312942"/>
    <nd ref="13363596190"/>
    <tag k="cycleway:both" v="lane"/>
    <tag k="cycleway:both:lane" v="exclusive"/>
    <tag k="highway" v="secondary"/>
    <tag k="lanes" v="4"/>
    <tag k="lanes:backward" v="2"/>
    <tag k="lanes:forward" v="2"/>
    <tag k="lit" v="yes"/>
    <tag k="maxspeed" v="50"/>
    <tag k="name" v="Avenue Foch"/>
    <tag k="name:eo" v="Avenuo Foch"/>
    <tag k="name:etymology:wikidata" v="Q192615"/>
    <tag k="name:zh" v="福煦大街"/>
    <tag k="name:zh-Hans" v="福煦大街"/>
    <tag k="name:zh-Hant" v="福煦大街"/>
    <tag k="sidewalk:both" v="separate"/>
    <tag k="smoothness" v="intermediate"/>
    <tag k="surface" v="sett"/>
    <tag k="wikidata" v="Q790562"/>
    <tag k="wikipedia" v="fr:Avenue Foch (Paris)"/>
  </way>
  <way id="905340655">
    <nd ref="272341727"/>
    <nd ref="6409737788"/>
    <nd ref="4061931502"/>
    <tag k="highway" v="residential"/>
    <tag k="lanes" v="2"/>
    <tag k="lanes:backward" v="1"/>
    <tag k="lanes:forward" v="1"/>
    <tag k="lit" v="yes"/>
    <tag k="name" v="Avenue Carnot"/>
    <tag k="name:etymology:wikidata" v="Q310767"/>
    <tag k="name:zh" v="卡诺大街"/>
    <tag k="note" v="En travaux jusque 2022 (puits du RER E)"/>
    <tag k="overtaking" v="no"/>
    <tag k="surface" v="sett"/>
  </way>
  <way id="933782683">
    <nd ref="299018405"/>
    <nd ref="299014121"/>
    <nd ref="27286709"/>
    <nd ref="5263805755"/>
    <tag k="busway:both" v="lane"/>
    <tag k="cycleway:both" v="separate"/>
    <tag k="enforcement:operator" v="Police nationale"/>
    <tag k="highway" v="primary"/>
    <tag k="lanes" v="6"/>
    <tag k="lanes:backward" v="3"/>
    <tag k="lanes:forward" v="3"/>
    <tag k="lit" v="yes"/>
    <tag k="maxspeed" v="50"/>
    <tag k="name" v="Avenue de la Grande Armée"/>
    <tag k="name:etymology:wikidata" v="Q504721"/>
    <tag k="name:zh" v="大军团大街"/>
    <tag k="name:zh-Hans" v="大军团大街"/>
    <tag k="name:zh-Hant" v="大軍團大街"/>
    <tag k="operator" v="Ville de Paris"/>
    <tag k="operator:authority" v="Maire de Paris dans le respect des prescriptions prises par le préfet de police"/>
    <tag k="operator:authority:related_law" v="III de l'article L. 2512-14 du code général des collectivités territoriales"/>
    <tag k="psv:lanes:backward" v="yes|yes|designated"/>
    <tag k="sidewalk" v="both"/>
    <tag k="source:operator:authority" v="https://www.legifrance.gouv.fr/loda/id/LEGIARTI000035244298/#LEGIARTI000035244298"/>
    <tag k="surface" v="sett"/>
    <tag k="zone:traffic" v="FR:urban"/>
  </way>
  <way id="933782684">
    <nd ref="299015572"/>
    <nd ref="6170783727"/>
    <nd ref="176932687"/>
    <tag k="highway" v="residential"/>
    <tag k="lit" v="yes"/>
    <tag k="maxspeed" v="30"/>
    <tag k="name" v="Rue d'Argentine"/>
    <tag k="name:etymology:wikidata" v="Q414"/>
    <tag k="oneway" v="yes"/>
    <tag k="sidewalk:both" v="separate"/>
    <tag k="surface" v="asphalt"/>
  </way>
  <way id="933782685">
    <nd ref="299015572"/>
    <nd ref="5263805754"/>
    <nd ref="11015526661"/>
    <nd ref="299016987"/>
    <nd ref="11527326289"/>
    <nd ref="299016497"/>
    <nd ref="6139260130"/>
    <nd ref="11333186734"/>
    <nd ref="6170787036"/>
    <tag k="enforcement:operator" v="Police nationale"/>
    <tag k="highway" v="service"/>
    <tag k="lit" v="yes"/>
    <tag k="maxspeed" v="30"/>
    <tag k="name" v="Avenue de la Grande Armée"/>
    <tag k="name:etymology:wikidata" v="Q504721"/>
    <tag k="name:zh" v="大军团大街"/>
    <tag k="name:zh-Hans" v="大军团大街"/>
    <tag k="name:zh-Hant" v="大軍團大街"/>
    <tag k="note" v="contre-allée=voie ouverte à la circulation publique non distincte de la voie principale (cass. Ci. 11 juin 1975)"/>
    <tag k="oneway" v="yes"/>
    <tag k="operator" v="Ville de Paris"/>
    <tag k="operator:authority" v="Maire de Paris dans le respect des prescriptions prises par le préfet de police"/>
    <tag k="operator:authority:related_law" v="III de l'article L. 2512-14 du code général des collectivités territoriales"/>
    <tag k="source:operator:authority" v="https://www.legifrance.gouv.fr/loda/id/LEGIARTI000035244298/#LEGIARTI000035244298"/>
    <tag k="surface" v="asphalt"/>
    <tag k="zone:traffic" v="FR:urban"/>
  </way>
  <way id="971096601">
    <nd ref="11875210610"/>
    <nd ref="8987468887"/>
    <tag k="crossing" v="traffic_signals"/>
    <tag k="crossing:markings" v="zebra"/>
    <tag k="crossing:signals" v="yes"/>
    <tag k="footway" v="crossing"/>
    <tag k="highway" v="footway"/>
    <tag k="lit" v="yes"/>
    <tag k="surface" v="asphalt"/>
  </way>
  <way id="989043264">
    <nd ref="9141401386"/>
    <nd ref="11012458179"/>
    <nd ref="1534568302"/>
    <nd ref="12185062239"/>
    <nd ref="1534568278"/>
    <nd ref="12206024421"/>
    <nd ref="1534607358"/>
    <tag k="footway" v="sidewalk"/>
    <tag k="highway" v="footway"/>
    <tag k="lit" v="yes"/>
    <tag k="name" v="Promenade des Champs-Élysées"/>
    <tag k="name:etymology:wikidata" v="Q157128"/>
    <tag k="surface" v="paving_stones"/>
  </way>
  <way id="989043268">
    <nd ref="1534607380"/>
    <nd ref="1534568365"/>
    <nd ref="11012446366"/>
    <nd ref="12185062241"/>
    <nd ref="1554682693"/>
    <nd ref="833393603"/>
    <nd ref="12185062238"/>
    <nd ref="12185062242"/>
    <nd ref="12185062243"/>
    <nd ref="1534568299"/>
    <nd ref="12185062251"/>
    <nd ref="11012458177"/>
    <nd ref="1554682688"/>
    <tag k="footway" v="sidewalk"/>
    <tag k="highway" v="footway"/>
    <tag k="lit" v="yes"/>
    <tag k="name" v="Promenade des Champs-Élysées"/>
    <tag k="name:etymology:wikidata" v="Q157128"/>
    <tag k="surface" v="paving_stones"/>
  </way>
  <way id="989043272">
    <nd ref="1534568296"/>
    <nd ref="1534568299"/>
    <tag k="footway" v="sidewalk"/>
    <tag k="highway" v="footway"/>
    <tag k="lit" v="yes"/>
    <tag k="surface" v="asphalt"/>
  </way>
  <way id="989043275">
    <nd ref="1534568278"/>
    <nd ref="1534568284"/>
    <tag k="footway" v="sidewalk"/>
    <tag k="highway" v="footway"/>
    <tag k="lit" v="yes"/>
    <tag k="surface" v="asphalt"/>
  </way>
  <way id="989043277">
    <nd ref="1554682682"/>
    <nd ref="11012458176"/>
    <nd ref="12185062245"/>
    <nd ref="12185062244"/>
    <nd ref="11615981884"/>
    <nd ref="1534568281"/>
    <nd ref="12185062254"/>
    <nd ref="12185062255"/>
    <nd ref="11012458175"/>
    <nd ref="1534591959"/>
    <tag k="footway" v="sidewalk"/>
    <tag k="highway" v="footway"/>
    <tag k="lit" v="yes"/>
    <tag k="name" v="Promenade des Champs-Élysées"/>
    <tag k="name:etymology:wikidata" v="Q157128"/>
    <tag k="surface" v="paving_stones"/>
  </way>
  <way id="989043278">
    <nd ref="1554682688"/>
    <nd ref="830668051"/>
    <nd ref="1554682682"/>
    <tag k="crossing" v="traffic_signals"/>
    <tag k="crossing:markings" v="zebra"/>
    <tag k="footway" v="crossing"/>
    <tag k="highway" v="footway"/>
    <tag k="lit" v="yes"/>
    <tag k="name" v="Promenade des Champs-Élysées"/>
    <tag k="name:etymology:wikidata" v="Q157128"/>
    <tag k="traffic_signals:sound" v="yes"/>
  </way>
  <way id="989043279">
    <nd ref="1554682681"/>
    <nd ref="12195600858"/>
    <nd ref="12191039255"/>
    <nd ref="12195600876"/>
    <nd ref="12195600877"/>
    <nd ref="1534568249"/>
    <nd ref="9966559388"/>
    <tag k="footway" v="sidewalk"/>
    <tag k="highway" v="footway"/>
    <tag k="lit" v="yes"/>
    <tag k="name" v="Promenade des Champs-Élysées"/>
    <tag k="name:etymology:wikidata" v="Q157128"/>
    <tag k="surface" v="paving_stones"/>
  </way>
  <way id="989043280">
    <nd ref="1534607358"/>
    <nd ref="830665979"/>
    <tag k="button_operated" v="no"/>
    <tag k="crossing" v="traffic_signals"/>
    <tag k="crossing:island" v="no"/>
    <tag k="crossing:markings" v="zebra"/>
    <tag k="footway" v="crossing"/>
    <tag k="highway" v="footway"/>
    <tag k="lit" v="yes"/>
    <tag k="name" v="Promenade des Champs-Élysées"/>
    <tag k="name:etymology:wikidata" v="Q157128"/>
    <tag k="surface" v="asphalt"/>
    <tag k="traffic_signals:sound" v="yes"/>
    <tag k="traffic_signals:vibration" v="yes"/>
  </way>
  <way id="989043282">
    <nd ref="1534568327"/>
    <nd ref="1534568365"/>
    <tag k="footway" v="sidewalk"/>
    <tag k="highway" v="footway"/>
    <tag k="lit" v="yes"/>
    <tag k="surface" v="asphalt"/>
  </way>
  <way id="989043285">
    <nd ref="1534568302"/>
    <nd ref="1534568306"/>
    <tag k="footway" v="sidewalk"/>
    <tag k="highway" v="footway"/>
    <tag k="lit" v="yes"/>
    <tag k="surface" v="asphalt"/>
  </way>
  <way id="989043287">
    <nd ref="830668050"/>
    <nd ref="12198027324"/>
    <nd ref="1534568394"/>
    <nd ref="833393577"/>
    <nd ref="12185062249"/>
    <nd ref="838122643"/>
    <tag k="footway" v="sidewalk"/>
    <tag k="highway" v="footway"/>
    <tag k="lit" v="yes"/>
    <tag k="name" v="Promenade des Champs-Élysées"/>
    <tag k="name:etymology:wikidata" v="Q157128"/>
    <tag k="surface" v="paving_stones"/>
  </way>
  <way id="989043289">
    <nd ref="1534607386"/>
    <nd ref="1534607383"/>
    <nd ref="1534607380"/>
    <tag k="crossing" v="traffic_signals"/>
    <tag k="crossing:island" v="no"/>
    <tag k="crossing:markings" v="zebra"/>
    <tag k="crossing:signals" v="yes"/>
    <tag k="footway" v="crossing"/>
    <tag k="highway" v="footway"/>
    <tag k="lit" v="yes"/>
    <tag k="name" v="Promenade des Champs-Élysées"/>
    <tag k="name:etymology:wikidata" v="Q157128"/>
    <tag k="traffic_signals:sound" v="yes"/>
  </way>
  <way id="989043290">
    <nd ref="1534607389"/>
    <nd ref="12206024420"/>
    <nd ref="12185062250"/>
    <nd ref="1534607386"/>
    <tag k="footway" v="sidewalk"/>
    <tag k="highway" v="footway"/>
    <tag k="lit" v="yes"/>
    <tag k="name" v="Promenade des Champs-Élysées"/>
    <tag k="name:etymology:wikidata" v="Q157128"/>
    <tag k="smoothness" v="good"/>
    <tag k="surface" v="paving_stones"/>
  </way>
  <way id="989043293">
    <nd ref="838122643"/>
    <nd ref="6370024890"/>
    <nd ref="830668049"/>
    <nd ref="1534607389"/>
    <tag k="crossing" v="traffic_signals"/>
    <tag k="crossing:island" v="no"/>
    <tag k="crossing:markings" v="zebra"/>
    <tag k="crossing:signals" v="yes"/>
    <tag k="footway" v="crossing"/>
    <tag k="highway" v="footway"/>
    <tag k="lit" v="yes"/>
    <tag k="name" v="Promenade des Champs-Élysées"/>
    <tag k="name:etymology:wikidata" v="Q157128"/>
    <tag k="traffic_signals:sound" v="yes"/>
  </way>
  <way id="989043296">
    <nd ref="1534568314"/>
    <nd ref="1534568325"/>
    <tag k="footway" v="sidewalk"/>
    <tag k="highway" v="footway"/>
    <tag k="lit" v="yes"/>
    <tag k="smoothness" v="good"/>
    <tag k="surface" v="paving_stones"/>
  </way>
  <way id="989043297">
    <nd ref="1534568375"/>
    <nd ref="833393577"/>
    <tag k="footway" v="sidewalk"/>
    <tag k="highway" v="footway"/>
    <tag k="lit" v="yes"/>
    <tag k="surface" v="asphalt"/>
  </way>
  <way id="1020320634">
    <nd ref="9410638599"/>
    <nd ref="11007710290"/>
    <nd ref="9410638597"/>
    <tag k="access" v="private"/>
    <tag k="highway" v="service"/>
  </way>
  <way id="1087767599">
    <nd ref="11875209365"/>
    <nd ref="830665986"/>
    <nd ref="1534568330"/>
    <nd ref="1534568314"/>
    <nd ref="12195600888"/>
    <nd ref="1534607364"/>
    <tag k="footway" v="sidewalk"/>
    <tag k="highway" v="footway"/>
    <tag k="lit" v="yes"/>
    <tag k="name" v="Promenade des Champs-Élysées"/>
    <tag k="name:etymology:wikidata" v="Q157128"/>
    <tag k="smoothness" v="good"/>
    <tag k="surface" v="paving_stones"/>
  </way>
  <way id="1087767600">
    <nd ref="1534607364"/>
    <nd ref="6475593343"/>
    <nd ref="830665978"/>
    <nd ref="9141401386"/>
    <tag k="crossing" v="traffic_signals"/>
    <tag k="crossing:island" v="no"/>
    <tag k="crossing:markings" v="zebra"/>
    <tag k="crossing:signals" v="yes"/>
    <tag k="footway" v="crossing"/>
    <tag k="highway" v="footway"/>
    <tag k="lit" v="yes"/>
    <tag k="name" v="Promenade des Champs-Élysées"/>
    <tag k="name:etymology:wikidata" v="Q157128"/>
    <tag k="smoothness" v="good"/>
    <tag k="surface" v="asphalt"/>
    <tag k="traffic_signals:sound" v="yes"/>
  </way>
  <way id="1087767601">
    <nd ref="5996498042"/>
    <nd ref="12185062237"/>
    <tag k="crossing" v="traffic_signals"/>
    <tag k="crossing:markings" v="zebra"/>
    <tag k="crossing:signals" v="yes"/>
    <tag k="footway" v="crossing"/>
    <tag k="footway:surface" v="sett"/>
    <tag k="highway" v="footway"/>
    <tag k="lit" v="yes"/>
    <tag k="oneway" v="no"/>
    <tag k="segregated" v="yes"/>
    <tag k="surface" v="sett"/>
  </way>
  <way id="1087767602">
    <nd ref="7510528253"/>
    <nd ref="9966559371"/>
    <tag k="crossing" v="traffic_signals"/>
    <tag k="crossing:markings" v="zebra"/>
    <tag k="crossing:signals" v="yes"/>
    <tag k="footway" v="crossing"/>
    <tag k="footway:surface" v="sett"/>
    <tag k="highway" v="footway"/>
    <tag k="lit" v="yes"/>
    <tag k="oneway" v="no"/>
    <tag k="segregated" v="yes"/>
    <tag k="surface" v="sett"/>
  </way>
  <way id="1089398063">
    <nd ref="25625953"/>
    <nd ref="6409689185"/>
    <nd ref="6409695198"/>
    <nd ref="25625951"/>
    <nd ref="6409691862"/>
    <nd ref="5455382501"/>
    <nd ref="25626299"/>
    <tag k="cycleway:left" v="opposite"/>
    <tag k="cycleway:left:oneway" v="opposite"/>
    <tag k="highway" v="residential"/>
    <tag k="maxspeed" v="30"/>
    <tag k="name" v="Rue Vernet"/>
    <tag k="oneway" v="yes"/>
    <tag k="sidewalk:both" v="separate"/>
    <tag k="surface" v="sett"/>
  </way>
  <way id="1089398064">
    <nd ref="661225"/>
    <nd ref="6789044960"/>
    <nd ref="5455382504"/>
    <nd ref="25626299"/>
    <tag k="highway" v="residential"/>
    <tag k="maxspeed" v="30"/>
    <tag k="name" v="Rue Galilée"/>
    <tag k="name:etymology:wikidata" v="Q307"/>
    <tag k="oneway" v="yes"/>
    <tag k="sidewalk:both" v="separate"/>
    <tag k="source:maxspeed" v="FR:urban"/>
    <tag k="surface" v="asphalt"/>
  </way>
  <way id="1117634349">
    <nd ref="12394889982"/>
    <nd ref="10781494040"/>
    <nd ref="10781494037"/>
    <tag k="footway" v="sidewalk"/>
    <tag k="highway" v="footway"/>
    <tag k="lit" v="yes"/>
  </way>
  <way id="1117634373">
    <nd ref="10221850808"/>
    <nd ref="10221850809"/>
    <nd ref="10773221134"/>
    <nd ref="10221850776"/>
    <nd ref="10221850777"/>
    <tag k="footway" v="sidewalk"/>
    <tag k="highway" v="footway"/>
    <tag k="lit" v="yes"/>
  </way>
  <way id="1117634392">
    <nd ref="8987468471"/>
    <nd ref="12506750884"/>
    <nd ref="10221850806"/>
    <tag k="crossing" v="traffic_signals"/>
    <tag k="crossing:markings" v="zebra"/>
    <tag k="crossing:signals" v="yes"/>
    <tag k="footway" v="crossing"/>
    <tag k="highway" v="footway"/>
    <tag k="lit" v="yes"/>
    <tag k="surface" v="sett"/>
  </way>
  <way id="1117634393">
    <nd ref="10221850806"/>
    <nd ref="6788865717"/>
    <nd ref="10221850807"/>
    <tag k="footway" v="traffic_island"/>
    <tag k="highway" v="footway"/>
    <tag k="lit" v="yes"/>
    <tag k="smoothness" v="intermediate"/>
    <tag k="surface" v="sett"/>
  </way>
  <way id="1117634394">
    <nd ref="10221850807"/>
    <nd ref="12506750898"/>
    <nd ref="10221850808"/>
    <tag k="crossing" v="traffic_signals"/>
    <tag k="crossing:markings" v="zebra"/>
    <tag k="crossing:signals" v="yes"/>
    <tag k="footway" v="crossing"/>
    <tag k="highway" v="footway"/>
    <tag k="lit" v="yes"/>
  </way>
  <way id="1155989122">
    <nd ref="10750309673"/>
    <nd ref="6736492393"/>
    <tag k="cycleway" v="on_street"/>
    <tag k="highway" v="cycleway"/>
    <tag k="lit" v="yes"/>
    <tag k="name" v="Rue de Tilsitt"/>
    <tag k="name:etymology:wikidata" v="Q154596"/>
    <tag k="name:zh" v="蒂尔西特街"/>
    <tag k="oneway" v="no"/>
    <tag k="start_date" v="2019-05-17"/>
    <tag k="surface" v="asphalt"/>
  </way>
  <way id="1159361583">
    <nd ref="10781494029"/>
    <nd ref="10781494018"/>
    <nd ref="12394901706"/>
    <nd ref="12394889998"/>
    <tag k="footway" v="sidewalk"/>
    <tag k="highway" v="footway"/>
    <tag k="lit" v="yes"/>
    <tag k="smoothness" v="good"/>
    <tag k="surface" v="asphalt"/>
  </way>
  <way id="1159361592">
    <nd ref="10781494025"/>
    <nd ref="10781494027"/>
    <nd ref="5964830380"/>
    <nd ref="5964830381"/>
    <nd ref="10781494026"/>
    <tag k="crossing" v="uncontrolled"/>
    <tag k="crossing:markings" v="zebra"/>
    <tag k="crossing:signals" v="no"/>
    <tag k="footway" v="crossing"/>
    <tag k="highway" v="footway"/>
    <tag k="smoothness" v="good"/>
    <tag k="surface" v="asphalt"/>
  </way>
  <way id="1159361593">
    <nd ref="10781494028"/>
    <nd ref="5964830379"/>
    <nd ref="10781494029"/>
    <tag k="crossing" v="uncontrolled"/>
    <tag k="crossing:markings" v="zebra"/>
    <tag k="crossing:signals" v="no"/>
    <tag k="footway" v="crossing"/>
    <tag k="highway" v="footway"/>
    <tag k="lit" v="yes"/>
    <tag k="surface" v="asphalt"/>
  </way>
  <way id="1159361599">
    <nd ref="10781494039"/>
    <nd ref="10221850749"/>
    <nd ref="10781494037"/>
    <nd ref="10781494026"/>
    <tag k="footway" v="sidewalk"/>
    <tag k="highway" v="footway"/>
    <tag k="lit" v="yes"/>
    <tag k="smoothness" v="good"/>
    <tag k="surface" v="asphalt"/>
  </way>
  <way id="1159361600">
    <nd ref="10781494038"/>
    <nd ref="5964830404"/>
    <nd ref="10781494039"/>
    <tag k="crossing" v="uncontrolled"/>
    <tag k="crossing:markings" v="zebra"/>
    <tag k="crossing:signals" v="no"/>
    <tag k="footway" v="crossing"/>
    <tag k="highway" v="footway"/>
    <tag k="lit" v="yes"/>
  </way>
  <way id="1159362664">
    <nd ref="10781484584"/>
    <nd ref="10781484583"/>
    <nd ref="10781484582"/>
    <tag k="footway" v="sidewalk"/>
    <tag k="highway" v="footway"/>
  </way>
  <way id="1159362665">
    <nd ref="10781484592"/>
    <nd ref="10781484582"/>
    <nd ref="12182588590"/>
    <nd ref="12183015050"/>
    <nd ref="838076040"/>
    <tag k="footway" v="sidewalk"/>
    <tag k="highway" v="footway"/>
    <tag k="lit" v="yes"/>
    <tag k="surface" v="paving_stones"/>
  </way>
  <way id="1159362666">
    <nd ref="10781484592"/>
    <nd ref="8143391110"/>
    <nd ref="10781484593"/>
    <tag k="crossing" v="uncontrolled"/>
    <tag k="crossing:markings" v="zebra"/>
    <tag k="footway" v="crossing"/>
    <tag k="highway" v="footway"/>
    <tag k="lit" v="yes"/>
  </way>
  <way id="1159362667">
    <nd ref="10781484594"/>
    <nd ref="7847753433"/>
    <nd ref="10781484595"/>
    <tag k="crossing" v="uncontrolled"/>
    <tag k="crossing:markings" v="zebra"/>
    <tag k="footway" v="crossing"/>
    <tag k="highway" v="footway"/>
    <tag k="lit" v="yes"/>
  </way>
  <way id="1159362668">
    <nd ref="12182588590"/>
    <nd ref="10781484596"/>
    <nd ref="10781484594"/>
    <tag k="footway" v="sidewalk"/>
    <tag k="highway" v="footway"/>
    <tag k="lit" v="yes"/>
  </way>
  <way id="1159362669">
    <nd ref="10781484596"/>
    <nd ref="10781484597"/>
    <nd ref="10781484598"/>
    <tag k="footway" v="sidewalk"/>
    <tag k="highway" v="footway"/>
    <tag k="lit" v="yes"/>
    <tag k="surface" v="paving_stones"/>
  </way>
  <way id="1185034628">
    <nd ref="11007709798"/>
    <nd ref="11007709799"/>
    <nd ref="11007709800"/>
    <nd ref="11007710116"/>
    <nd ref="11007709801"/>
    <nd ref="11007709802"/>
    <nd ref="11007709803"/>
    <nd ref="11007709804"/>
    <nd ref="11007709805"/>
    <nd ref="11007710131"/>
    <nd ref="11007709807"/>
    <nd ref="11007709808"/>
    <nd ref="11010532813"/>
    <nd ref="11010532811"/>
    <nd ref="11007710287"/>
    <nd ref="11007709809"/>
    <tag k="footway" v="sidewalk"/>
    <tag k="highway" v="footway"/>
    <tag k="lit" v="yes"/>
    <tag k="smoothness" v="good"/>
    <tag k="surface" v="asphalt"/>
  </way>
  <way id="1185034744">
    <nd ref="11007710035"/>
    <nd ref="11007710036"/>
    <nd ref="11007710034"/>
    <nd ref="11007710041"/>
    <nd ref="11007710042"/>
    <nd ref="11007710119"/>
    <nd ref="11007710043"/>
    <nd ref="11007710135"/>
    <nd ref="11007710044"/>
    <nd ref="11007710046"/>
    <nd ref="11007710047"/>
    <nd ref="11007710048"/>
    <nd ref="11007710049"/>
    <tag k="footway" v="sidewalk"/>
    <tag k="highway" v="footway"/>
    <tag k="lit" v="yes"/>
  </way>
  <way id="1185034746">
    <nd ref="11007710039"/>
    <nd ref="11007710040"/>
    <nd ref="11007710037"/>
    <nd ref="11007710069"/>
    <nd ref="11007710288"/>
    <nd ref="11007710112"/>
    <nd ref="11007710070"/>
    <nd ref="11007710103"/>
    <nd ref="11007710071"/>
    <nd ref="11007710072"/>
    <nd ref="11007710097"/>
    <nd ref="11007710073"/>
    <nd ref="11010598628"/>
    <nd ref="11007710074"/>
    <nd ref="11007710075"/>
    <nd ref="11007710076"/>
    <nd ref="11007710077"/>
    <nd ref="11007710078"/>
    <nd ref="11007710040"/>
    <tag k="footway" v="sidewalk"/>
    <tag k="highway" v="footway"/>
    <tag k="lit" v="yes"/>
  </way>
  <way id="1185034747">
    <nd ref="11007710049"/>
    <nd ref="6258305164"/>
    <nd ref="11007710050"/>
    <tag k="crossing" v="uncontrolled"/>
    <tag k="crossing:markings" v="yes"/>
    <tag k="footway" v="crossing"/>
    <tag k="highway" v="footway"/>
    <tag k="surface" v="asphalt"/>
  </way>
  <way id="1185034748">
    <nd ref="11007710050"/>
    <nd ref="11007710051"/>
    <nd ref="11007710052"/>
    <nd ref="11007710290"/>
    <nd ref="11007710053"/>
    <nd ref="11007710163"/>
    <nd ref="11007865935"/>
    <nd ref="11007710055"/>
    <nd ref="11007710056"/>
    <nd ref="11007710109"/>
    <nd ref="11007710058"/>
    <nd ref="11007710111"/>
    <nd ref="11007710289"/>
    <nd ref="11007710059"/>
    <nd ref="11007710060"/>
    <nd ref="11007710036"/>
    <tag k="footway" v="sidewalk"/>
    <tag k="highway" v="footway"/>
    <tag k="lit" v="yes"/>
    <tag k="surface" v="asphalt"/>
  </way>
  <way id="1185034759">
    <nd ref="11007710085"/>
    <nd ref="11007710100"/>
    <nd ref="11007710086"/>
    <nd ref="11007710087"/>
    <nd ref="11007710106"/>
    <nd ref="11007710088"/>
    <nd ref="11007710101"/>
    <nd ref="11007710102"/>
    <nd ref="11007710089"/>
    <nd ref="11007710090"/>
    <nd ref="11007710091"/>
    <nd ref="11007710092"/>
    <nd ref="11010529697"/>
    <nd ref="11007710093"/>
    <nd ref="11007710094"/>
    <nd ref="11010598631"/>
    <nd ref="11007710095"/>
    <nd ref="11013849212"/>
    <nd ref="11007710096"/>
    <nd ref="11007710085"/>
    <tag k="footway" v="sidewalk"/>
    <tag k="highway" v="footway"/>
  </way>
  <way id="1185034760">
    <nd ref="11007710097"/>
    <nd ref="11007710098"/>
    <tag k="footway" v="sidewalk"/>
    <tag k="highway" v="footway"/>
    <tag k="lit" v="yes"/>
  </way>
  <way id="1185034761">
    <nd ref="11007710099"/>
    <nd ref="11007710100"/>
    <tag k="footway" v="sidewalk"/>
    <tag k="highway" v="footway"/>
  </way>
  <way id="1185034762">
    <nd ref="11007710098"/>
    <nd ref="6803053502"/>
    <nd ref="11007710099"/>
    <tag k="crossing" v="uncontrolled"/>
    <tag k="crossing:markings" v="yes"/>
    <tag k="footway" v="crossing"/>
    <tag k="highway" v="footway"/>
    <tag k="lit" v="yes"/>
  </way>
  <way id="1185034763">
    <nd ref="11007710103"/>
    <nd ref="11007710104"/>
    <tag k="footway" v="sidewalk"/>
    <tag k="highway" v="footway"/>
    <tag k="lit" v="yes"/>
  </way>
  <way id="1185034764">
    <nd ref="11007710105"/>
    <nd ref="11007710087"/>
    <tag k="footway" v="sidewalk"/>
    <tag k="highway" v="footway"/>
  </way>
  <way id="1185034765">
    <nd ref="11007710106"/>
    <nd ref="11007710107"/>
    <tag k="footway" v="sidewalk"/>
    <tag k="highway" v="footway"/>
  </way>
  <way id="1185034766">
    <nd ref="11007710108"/>
    <nd ref="11007710109"/>
    <tag k="footway" v="sidewalk"/>
    <tag k="highway" v="footway"/>
    <tag k="lit" v="yes"/>
  </way>
  <way id="1185034767">
    <nd ref="11007710104"/>
    <nd ref="6306210399"/>
    <nd ref="11007710105"/>
    <tag k="crossing" v="uncontrolled"/>
    <tag k="crossing:markings" v="yes"/>
    <tag k="footway" v="crossing"/>
    <tag k="highway" v="footway"/>
    <tag k="lit" v="yes"/>
  </way>
  <way id="1185034768">
    <nd ref="11007710107"/>
    <nd ref="6306211158"/>
    <nd ref="11007710108"/>
    <tag k="crossing" v="uncontrolled"/>
    <tag k="crossing:markings" v="yes"/>
    <tag k="footway" v="crossing"/>
    <tag k="highway" v="footway"/>
    <tag k="lit" v="yes"/>
  </way>
  <way id="1185034769">
    <nd ref="11007710110"/>
    <nd ref="11007710111"/>
    <tag k="footway" v="sidewalk"/>
    <tag k="highway" v="footway"/>
    <tag k="lit" v="yes"/>
  </way>
  <way id="1185034770">
    <nd ref="11007710112"/>
    <nd ref="11007710113"/>
    <tag k="footway" v="sidewalk"/>
    <tag k="highway" v="footway"/>
    <tag k="lit" v="yes"/>
  </way>
  <way id="1185034771">
    <nd ref="11007710113"/>
    <nd ref="6306207440"/>
    <nd ref="11007710110"/>
    <tag k="crossing" v="uncontrolled"/>
    <tag k="crossing:markings" v="yes"/>
    <tag k="footway" v="crossing"/>
    <tag k="highway" v="footway"/>
    <tag k="lit" v="yes"/>
  </way>
  <way id="1185034783">
    <nd ref="11007710137"/>
    <nd ref="11007710138"/>
    <nd ref="11007710140"/>
    <nd ref="11007710144"/>
    <nd ref="6999851389"/>
    <nd ref="11007865938"/>
    <nd ref="11007710145"/>
    <nd ref="11011917247"/>
    <nd ref="11011917232"/>
    <tag k="footway" v="sidewalk"/>
    <tag k="highway" v="footway"/>
    <tag k="smoothness" v="good"/>
    <tag k="surface" v="asphalt"/>
  </way>
  <way id="1185034795">
    <nd ref="11007710052"/>
    <nd ref="11007710158"/>
    <tag k="footway" v="sidewalk"/>
    <tag k="highway" v="footway"/>
    <tag k="surface" v="asphalt"/>
  </way>
  <way id="1185034796">
    <nd ref="11007710159"/>
    <nd ref="11007710160"/>
    <tag k="footway" v="sidewalk"/>
    <tag k="highway" v="footway"/>
    <tag k="surface" v="asphalt"/>
  </way>
  <way id="1185034797">
    <nd ref="11007710158"/>
    <nd ref="6258305166"/>
    <nd ref="11007710159"/>
    <tag k="crossing" v="uncontrolled"/>
    <tag k="crossing:markings" v="yes"/>
    <tag k="footway" v="crossing"/>
    <tag k="highway" v="footway"/>
    <tag k="lit" v="yes"/>
    <tag k="surface" v="asphalt"/>
  </way>
  <way id="1185034798">
    <nd ref="11007710161"/>
    <nd ref="11007710150"/>
    <tag k="footway" v="sidewalk"/>
    <tag k="highway" v="footway"/>
    <tag k="surface" v="asphalt"/>
  </way>
  <way id="1185034799">
    <nd ref="11007710162"/>
    <nd ref="11007710163"/>
    <tag k="footway" v="sidewalk"/>
    <tag k="highway" v="footway"/>
    <tag k="lit" v="yes"/>
    <tag k="surface" v="asphalt"/>
  </way>
  <way id="1185034800">
    <nd ref="11007710162"/>
    <nd ref="6258308948"/>
    <nd ref="11007710161"/>
    <tag k="crossing" v="uncontrolled"/>
    <tag k="crossing:markings" v="zebra"/>
    <tag k="crossing:signals" v="no"/>
    <tag k="footway" v="crossing"/>
    <tag k="highway" v="footway"/>
    <tag k="lit" v="yes"/>
    <tag k="surface" v="asphalt"/>
  </way>
  <way id="1185034801">
    <nd ref="11007710055"/>
    <nd ref="11007710164"/>
    <tag k="footway" v="sidewalk"/>
    <tag k="highway" v="footway"/>
    <tag k="lit" v="yes"/>
    <tag k="surface" v="asphalt"/>
  </way>
  <way id="1185034802">
    <nd ref="11007710165"/>
    <nd ref="11007710056"/>
    <tag k="footway" v="sidewalk"/>
    <tag k="highway" v="footway"/>
    <tag k="lit" v="yes"/>
    <tag k="smoothness" v="excellent"/>
    <tag k="surface" v="asphalt"/>
  </way>
  <way id="1185034803">
    <nd ref="11007710089"/>
    <nd ref="11007710167"/>
    <tag k="footway" v="sidewalk"/>
    <tag k="highway" v="footway"/>
    <tag k="smoothness" v="excellent"/>
    <tag k="surface" v="asphalt"/>
  </way>
  <way id="1185034804">
    <nd ref="11007710102"/>
    <nd ref="11007710168"/>
    <tag k="footway" v="sidewalk"/>
    <tag k="highway" v="footway"/>
    <tag k="smoothness" v="excellent"/>
    <tag k="surface" v="asphalt"/>
  </way>
  <way id="1185034805">
    <nd ref="11007710168"/>
    <nd ref="6258309560"/>
    <nd ref="11007710165"/>
    <tag k="crossing" v="traffic_signals"/>
    <tag k="crossing:markings" v="zebra"/>
    <tag k="footway" v="crossing"/>
    <tag k="highway" v="footway"/>
    <tag k="lit" v="yes"/>
    <tag k="surface" v="asphalt"/>
    <tag k="traffic_signals:sound" v="yes"/>
  </way>
  <way id="1185055706">
    <nd ref="11007865946"/>
    <nd ref="11007865947"/>
    <nd ref="11007865945"/>
    <nd ref="11007865971"/>
    <nd ref="11007871164"/>
    <nd ref="11007865972"/>
    <nd ref="11007871160"/>
    <nd ref="11007865973"/>
    <nd ref="11007865974"/>
    <nd ref="11007871113"/>
    <nd ref="11007865975"/>
    <nd ref="11007871108"/>
    <tag k="footway" v="sidewalk"/>
    <tag k="highway" v="footway"/>
    <tag k="lit" v="yes"/>
    <tag k="smoothness" v="good"/>
    <tag k="surface" v="asphalt"/>
  </way>
  <way id="1185055724">
    <nd ref="11007865985"/>
    <nd ref="11007865986"/>
    <nd ref="11007866000"/>
    <nd ref="11007865988"/>
    <nd ref="11007865989"/>
    <tag k="footway" v="sidewalk"/>
    <tag k="highway" v="footway"/>
    <tag k="lit" v="yes"/>
    <tag k="surface" v="asphalt"/>
  </way>
  <way id="1185055725">
    <nd ref="11007865979"/>
    <nd ref="11007865987"/>
    <tag k="footway" v="sidewalk"/>
    <tag k="highway" v="footway"/>
    <tag k="lit" v="yes"/>
  </way>
  <way id="1185055726">
    <nd ref="11007865987"/>
    <nd ref="6260352577"/>
    <nd ref="11007865985"/>
    <tag k="crossing" v="uncontrolled"/>
    <tag k="crossing:markings" v="yes"/>
    <tag k="footway" v="crossing"/>
    <tag k="highway" v="footway"/>
    <tag k="lit" v="yes"/>
    <tag k="smoothness" v="good"/>
    <tag k="surface" v="asphalt"/>
  </way>
  <way id="1185055727">
    <nd ref="11007865997"/>
    <nd ref="11007865998"/>
    <tag k="footway" v="sidewalk"/>
    <tag k="highway" v="footway"/>
    <tag k="lit" v="yes"/>
  </way>
  <way id="1185055728">
    <nd ref="11007865999"/>
    <nd ref="11007866002"/>
    <nd ref="11007866000"/>
    <tag k="footway" v="sidewalk"/>
    <tag k="highway" v="footway"/>
    <tag k="lit" v="yes"/>
  </way>
  <way id="1185055729">
    <nd ref="11007865988"/>
    <nd ref="11007866001"/>
    <tag k="footway" v="sidewalk"/>
    <tag k="highway" v="footway"/>
    <tag k="lit" v="yes"/>
  </way>
  <way id="1185055730">
    <nd ref="11007865998"/>
    <nd ref="926663162"/>
    <nd ref="11007865999"/>
    <tag k="crossing" v="uncontrolled"/>
    <tag k="crossing:markings" v="yes"/>
    <tag k="footway" v="crossing"/>
    <tag k="highway" v="footway"/>
    <tag k="lit" v="yes"/>
  </way>
  <way id="1185055731">
    <nd ref="11007866001"/>
    <nd ref="7016290270"/>
    <nd ref="11007866003"/>
    <tag k="crossing" v="uncontrolled"/>
    <tag k="crossing:markings" v="yes"/>
    <tag k="footway" v="crossing"/>
    <tag k="highway" v="footway"/>
    <tag k="lit" v="yes"/>
  </way>
  <way id="1185055732">
    <nd ref="11007866004"/>
    <nd ref="7016290271"/>
    <nd ref="11007871105"/>
    <tag k="crossing" v="uncontrolled"/>
    <tag k="crossing:markings" v="yes"/>
    <tag k="footway" v="crossing"/>
    <tag k="highway" v="footway"/>
    <tag k="lit" v="yes"/>
  </way>
  <way id="1185055733">
    <nd ref="11007871106"/>
    <nd ref="7016290272"/>
    <nd ref="11007871107"/>
    <tag k="crossing" v="uncontrolled"/>
    <tag k="crossing:markings" v="yes"/>
    <tag k="footway" v="crossing"/>
    <tag k="highway" v="footway"/>
    <tag k="lit" v="yes"/>
  </way>
  <way id="1185055734">
    <nd ref="11007871108"/>
    <nd ref="11007866004"/>
    <tag k="footway" v="sidewalk"/>
    <tag k="highway" v="footway"/>
    <tag k="lit" v="yes"/>
  </way>
  <way id="1185055735">
    <nd ref="11007871105"/>
    <nd ref="11007871109"/>
    <tag k="footway" v="sidewalk"/>
    <tag k="highway" v="footway"/>
    <tag k="lit" v="yes"/>
  </way>
  <way id="1185055737">
    <nd ref="11007871106"/>
    <nd ref="11007871111"/>
    <tag k="footway" v="sidewalk"/>
    <tag k="highway" v="footway"/>
    <tag k="lit" v="yes"/>
  </way>
  <way id="1185055738">
    <nd ref="11007866003"/>
    <nd ref="11007871112"/>
    <nd ref="11007871111"/>
    <nd ref="11007871144"/>
    <nd ref="11007871114"/>
    <nd ref="11007871143"/>
    <nd ref="11007871140"/>
    <nd ref="11007871115"/>
    <nd ref="11007871145"/>
    <nd ref="11007871116"/>
    <nd ref="11007871117"/>
    <nd ref="11007871118"/>
    <nd ref="11007871119"/>
    <nd ref="11007871112"/>
    <tag k="footway" v="sidewalk"/>
    <tag k="highway" v="footway"/>
    <tag k="lit" v="yes"/>
    <tag k="surface" v="asphalt"/>
  </way>
  <way id="1185055739">
    <nd ref="11007871128"/>
    <nd ref="11007871129"/>
    <tag k="footway" v="sidewalk"/>
    <tag k="highway" v="footway"/>
    <tag k="lit" v="yes"/>
  </way>
  <way id="1185055740">
    <nd ref="11007871130"/>
    <nd ref="11007871131"/>
    <tag k="footway" v="sidewalk"/>
    <tag k="highway" v="footway"/>
    <tag k="lit" v="yes"/>
  </way>
  <way id="1185055741">
    <nd ref="11007871133"/>
    <nd ref="11007871134"/>
    <nd ref="11010279219"/>
    <nd ref="11007871151"/>
    <nd ref="11010279217"/>
    <tag k="footway" v="sidewalk"/>
    <tag k="highway" v="footway"/>
    <tag k="lit" v="yes"/>
  </way>
  <way id="1185055742">
    <nd ref="11007871134"/>
    <nd ref="11007871135"/>
    <tag k="footway" v="sidewalk"/>
    <tag k="highway" v="footway"/>
    <tag k="lit" v="yes"/>
    <tag k="surface" v="asphalt"/>
  </way>
  <way id="1185055743">
    <nd ref="11007871136"/>
    <nd ref="11007871137"/>
    <tag k="footway" v="sidewalk"/>
    <tag k="highway" v="footway"/>
    <tag k="lit" v="yes"/>
  </way>
  <way id="1185055744">
    <nd ref="11007871138"/>
    <nd ref="11007871139"/>
    <nd ref="11007871146"/>
    <nd ref="11007871147"/>
    <nd ref="11010279231"/>
    <nd ref="11007871148"/>
    <nd ref="11010279223"/>
    <nd ref="11007871149"/>
    <nd ref="11010279221"/>
    <nd ref="11007871150"/>
    <nd ref="11007871137"/>
    <nd ref="11007871139"/>
    <tag k="footway" v="sidewalk"/>
    <tag k="highway" v="footway"/>
    <tag k="lit" v="yes"/>
  </way>
  <way id="1185055745">
    <nd ref="11007871140"/>
    <nd ref="11007871141"/>
    <tag k="footway" v="sidewalk"/>
    <tag k="highway" v="footway"/>
    <tag k="lit" v="yes"/>
  </way>
  <way id="1185055746">
    <nd ref="11007871142"/>
    <nd ref="11007871143"/>
    <tag k="footway" v="sidewalk"/>
    <tag k="highway" v="footway"/>
    <tag k="lit" v="yes"/>
  </way>
  <way id="1185055747">
    <nd ref="11007871131"/>
    <nd ref="7016290275"/>
    <nd ref="11007871132"/>
    <tag k="crossing" v="uncontrolled"/>
    <tag k="crossing:markings" v="yes"/>
    <tag k="footway" v="crossing"/>
    <tag k="highway" v="footway"/>
    <tag k="lit" v="yes"/>
  </way>
  <way id="1185055748">
    <nd ref="11007871136"/>
    <nd ref="7016290276"/>
    <nd ref="11007871135"/>
    <tag k="crossing" v="uncontrolled"/>
    <tag k="crossing:markings" v="yes"/>
    <tag k="footway" v="crossing"/>
    <tag k="highway" v="footway"/>
    <tag k="lit" v="yes"/>
  </way>
  <way id="1185055749">
    <nd ref="11007871141"/>
    <nd ref="7016290274"/>
    <nd ref="11007871138"/>
    <tag k="crossing" v="uncontrolled"/>
    <tag k="crossing:markings" v="yes"/>
    <tag k="footway" v="crossing"/>
    <tag k="highway" v="footway"/>
    <tag k="lit" v="yes"/>
  </way>
  <way id="1185055750">
    <nd ref="11007871142"/>
    <nd ref="7016290273"/>
    <nd ref="11007871129"/>
    <tag k="crossing" v="uncontrolled"/>
    <tag k="crossing:markings" v="yes"/>
    <tag k="footway" v="crossing"/>
    <tag k="highway" v="footway"/>
    <tag k="lit" v="yes"/>
  </way>
  <way id="1185243505">
    <nd ref="11009958408"/>
    <nd ref="11009958409"/>
    <nd ref="11009958410"/>
    <nd ref="11009958411"/>
    <nd ref="11009958412"/>
    <nd ref="11011990830"/>
    <nd ref="11009958413"/>
    <nd ref="11009958414"/>
    <nd ref="11009958415"/>
    <nd ref="11009958419"/>
    <nd ref="11009958416"/>
    <nd ref="11009958417"/>
    <nd ref="11009958408"/>
    <tag k="footway" v="sidewalk"/>
    <tag k="highway" v="footway"/>
  </way>
  <way id="1185243506">
    <nd ref="11009958418"/>
    <nd ref="11009958419"/>
    <tag k="footway" v="sidewalk"/>
    <tag k="highway" v="footway"/>
  </way>
  <way id="1185243507">
    <nd ref="11009958420"/>
    <nd ref="11009958421"/>
    <tag k="footway" v="sidewalk"/>
    <tag k="highway" v="footway"/>
  </way>
  <way id="1185243508">
    <nd ref="11009958421"/>
    <nd ref="11009958422"/>
    <nd ref="11009958423"/>
    <nd ref="11009958424"/>
    <nd ref="11009958425"/>
    <nd ref="11009958426"/>
    <nd ref="11015526643"/>
    <nd ref="11009958427"/>
    <nd ref="11009958428"/>
    <nd ref="11009958429"/>
    <nd ref="11009958421"/>
    <tag k="footway" v="sidewalk"/>
    <tag k="highway" v="footway"/>
    <tag k="surface" v="asphalt"/>
  </way>
  <way id="1185243509">
    <nd ref="11009958420"/>
    <nd ref="8130308290"/>
    <nd ref="11009958418"/>
    <tag k="crossing" v="uncontrolled"/>
    <tag k="footway" v="crossing"/>
    <tag k="highway" v="footway"/>
    <tag k="lit" v="yes"/>
  </way>
  <way id="1185243510">
    <nd ref="11009958414"/>
    <nd ref="11009958430"/>
    <tag k="footway" v="sidewalk"/>
    <tag k="highway" v="footway"/>
  </way>
  <way id="1185243511">
    <nd ref="11009958431"/>
    <nd ref="11009958424"/>
    <tag k="footway" v="sidewalk"/>
    <tag k="highway" v="footway"/>
  </way>
  <way id="1185243512">
    <nd ref="11009958431"/>
    <nd ref="6900296777"/>
    <nd ref="11009958430"/>
    <tag k="crossing" v="uncontrolled"/>
    <tag k="footway" v="crossing"/>
    <tag k="highway" v="footway"/>
    <tag k="lit" v="yes"/>
  </way>
  <way id="1185243513">
    <nd ref="11009958432"/>
    <nd ref="11009958433"/>
    <nd ref="11009958434"/>
    <nd ref="11009958435"/>
    <nd ref="11009958436"/>
    <nd ref="11011990836"/>
    <nd ref="11009958437"/>
    <nd ref="11011954187"/>
    <nd ref="11009958438"/>
    <nd ref="11009958439"/>
    <nd ref="11009958440"/>
    <nd ref="11009958460"/>
    <nd ref="11009958441"/>
    <nd ref="11009958442"/>
    <nd ref="11009958443"/>
    <nd ref="11009958432"/>
    <tag k="footway" v="sidewalk"/>
    <tag k="highway" v="footway"/>
    <tag k="lit" v="yes"/>
  </way>
  <way id="1185243514">
    <nd ref="11009958444"/>
    <nd ref="11009958462"/>
    <nd ref="11009958445"/>
    <nd ref="11009958446"/>
    <nd ref="11009958447"/>
    <nd ref="11009958448"/>
    <nd ref="11009958449"/>
    <nd ref="11009958450"/>
    <nd ref="11009958451"/>
    <nd ref="11009958452"/>
    <nd ref="11015526639"/>
    <nd ref="11009958453"/>
    <nd ref="11015526627"/>
    <nd ref="11015526619"/>
    <nd ref="11009958454"/>
    <nd ref="11009958455"/>
    <nd ref="11009958456"/>
    <nd ref="11009958493"/>
    <nd ref="11009958457"/>
    <nd ref="11009958479"/>
    <nd ref="11009958458"/>
    <nd ref="11009958444"/>
    <tag k="footway" v="sidewalk"/>
    <tag k="highway" v="footway"/>
    <tag k="lit" v="yes"/>
  </way>
  <way id="1185281734">
    <nd ref="11010371477"/>
    <nd ref="11010279167"/>
    <nd ref="11010279166"/>
    <nd ref="11010279165"/>
    <nd ref="13889841895"/>
    <tag k="footway" v="sidewalk"/>
    <tag k="highway" v="footway"/>
    <tag k="lit" v="yes"/>
  </way>
  <way id="1185281735">
    <nd ref="11010279210"/>
    <nd ref="11010279170"/>
    <tag k="footway" v="sidewalk"/>
    <tag k="highway" v="footway"/>
  </way>
  <way id="1185281746">
    <nd ref="11010279213"/>
    <nd ref="11010279211"/>
    <nd ref="11010279210"/>
    <nd ref="11010279209"/>
    <nd ref="11010279174"/>
    <nd ref="11010279208"/>
    <nd ref="11010279207"/>
    <nd ref="11010279206"/>
    <nd ref="11010279205"/>
    <nd ref="11010279189"/>
    <nd ref="11010279204"/>
    <nd ref="11010279203"/>
    <nd ref="11010279202"/>
    <nd ref="11010279190"/>
    <nd ref="11010279201"/>
    <nd ref="11010279200"/>
    <nd ref="11010279199"/>
    <nd ref="11010279193"/>
    <nd ref="11010279198"/>
    <nd ref="11010279197"/>
    <nd ref="11010279196"/>
    <nd ref="11010279214"/>
    <tag k="footway" v="sidewalk"/>
    <tag k="highway" v="footway"/>
    <tag k="lit" v="yes"/>
  </way>
  <way id="1185281747">
    <nd ref="11010279215"/>
    <nd ref="11010279214"/>
    <nd ref="11010279213"/>
    <nd ref="11010279212"/>
    <tag k="footway" v="sidewalk"/>
    <tag k="highway" v="footway"/>
    <tag k="lit" v="yes"/>
  </way>
  <way id="1185281748">
    <nd ref="11010279217"/>
    <nd ref="11010279216"/>
    <tag k="footway" v="sidewalk"/>
    <tag k="highway" v="footway"/>
    <tag k="lit" v="yes"/>
  </way>
  <way id="1185281749">
    <nd ref="11010279219"/>
    <nd ref="11010279218"/>
    <tag k="footway" v="sidewalk"/>
    <tag k="highway" v="footway"/>
    <tag k="lit" v="yes"/>
  </way>
  <way id="1185281750">
    <nd ref="11010279221"/>
    <nd ref="11010279220"/>
    <tag k="footway" v="sidewalk"/>
    <tag k="highway" v="footway"/>
    <tag k="lit" v="yes"/>
  </way>
  <way id="1185281751">
    <nd ref="11010279223"/>
    <nd ref="11010279222"/>
    <tag k="footway" v="sidewalk"/>
    <tag k="highway" v="footway"/>
    <tag k="lit" v="yes"/>
  </way>
  <way id="1185281752">
    <nd ref="11010279225"/>
    <nd ref="11010279224"/>
    <tag k="footway" v="sidewalk"/>
    <tag k="highway" v="footway"/>
    <tag k="lit" v="yes"/>
  </way>
  <way id="1185281753">
    <nd ref="11010279292"/>
    <nd ref="11010279226"/>
    <tag k="footway" v="sidewalk"/>
    <tag k="highway" v="footway"/>
    <tag k="lit" v="yes"/>
  </way>
  <way id="1185281754">
    <nd ref="11010279227"/>
    <nd ref="11010279291"/>
    <tag k="footway" v="sidewalk"/>
    <tag k="highway" v="footway"/>
    <tag k="lit" v="yes"/>
  </way>
  <way id="1185281755">
    <nd ref="11010279229"/>
    <nd ref="11010279228"/>
    <tag k="footway" v="sidewalk"/>
    <tag k="highway" v="footway"/>
    <tag k="lit" v="yes"/>
  </way>
  <way id="1185281756">
    <nd ref="11010279231"/>
    <nd ref="11010279230"/>
    <tag k="footway" v="sidewalk"/>
    <tag k="highway" v="footway"/>
    <tag k="lit" v="yes"/>
  </way>
  <way id="1185281757">
    <nd ref="11007871146"/>
    <nd ref="11010279232"/>
    <tag k="footway" v="sidewalk"/>
    <tag k="highway" v="footway"/>
    <tag k="lit" v="yes"/>
  </way>
  <way id="1185281758">
    <nd ref="11010279234"/>
    <nd ref="11010279233"/>
    <tag k="footway" v="traffic_island"/>
    <tag k="highway" v="footway"/>
    <tag k="lit" v="yes"/>
  </way>
  <way id="1185281759">
    <nd ref="11010279311"/>
    <nd ref="11010279235"/>
    <nd ref="11010279236"/>
    <tag k="footway" v="sidewalk"/>
    <tag k="highway" v="footway"/>
    <tag k="lit" v="yes"/>
  </way>
  <way id="1185281760">
    <nd ref="11010279238"/>
    <nd ref="11010279311"/>
    <nd ref="11010279312"/>
    <nd ref="11010279237"/>
    <tag k="footway" v="sidewalk"/>
    <tag k="highway" v="footway"/>
    <tag k="lit" v="yes"/>
  </way>
  <way id="1185281762">
    <nd ref="11010279240"/>
    <nd ref="11010279239"/>
    <tag k="footway" v="traffic_island"/>
    <tag k="highway" v="footway"/>
    <tag k="lit" v="yes"/>
  </way>
  <way id="1185281763">
    <nd ref="11010279241"/>
    <nd ref="11010279242"/>
    <tag k="footway" v="traffic_island"/>
    <tag k="highway" v="footway"/>
    <tag k="lit" v="yes"/>
    <tag k="surface" v="asphalt"/>
  </way>
  <way id="1185281764">
    <nd ref="11010279244"/>
    <nd ref="11010279245"/>
    <nd ref="11010279259"/>
    <nd ref="11010279246"/>
    <tag k="footway" v="sidewalk"/>
    <tag k="highway" v="footway"/>
    <tag k="lit" v="yes"/>
    <tag k="surface" v="asphalt"/>
  </way>
  <way id="1185281766">
    <nd ref="11010371476"/>
    <nd ref="11010279253"/>
    <nd ref="11010279252"/>
    <nd ref="11010279251"/>
    <nd ref="11010371480"/>
    <nd ref="11010279250"/>
    <tag k="footway" v="sidewalk"/>
    <tag k="highway" v="footway"/>
    <tag k="lit" v="yes"/>
  </way>
  <way id="1185281767">
    <nd ref="11010279269"/>
    <nd ref="11010279270"/>
    <nd ref="11010279297"/>
    <nd ref="11010279265"/>
    <tag k="footway" v="sidewalk"/>
    <tag k="highway" v="footway"/>
    <tag k="lit" v="yes"/>
  </way>
  <way id="1185281768">
    <nd ref="11010279260"/>
    <nd ref="11010279261"/>
    <nd ref="11010279263"/>
    <nd ref="11010279262"/>
    <tag k="footway" v="sidewalk"/>
    <tag k="highway" v="footway"/>
    <tag k="lit" v="yes"/>
  </way>
  <way id="1185281769">
    <nd ref="11010279263"/>
    <nd ref="11010279310"/>
    <nd ref="11010279296"/>
    <nd ref="11010279265"/>
    <nd ref="11010279264"/>
    <tag k="footway" v="sidewalk"/>
    <tag k="highway" v="footway"/>
    <tag k="lit" v="yes"/>
  </way>
  <way id="1185281770">
    <nd ref="11011917227"/>
    <nd ref="11010279268"/>
    <nd ref="11010279266"/>
    <tag k="footway" v="sidewalk"/>
    <tag k="highway" v="footway"/>
  </way>
  <way id="1185281771">
    <nd ref="11010279274"/>
    <nd ref="11010279275"/>
    <nd ref="11010279286"/>
    <nd ref="11010279277"/>
    <tag k="footway" v="sidewalk"/>
    <tag k="highway" v="footway"/>
    <tag k="lit" v="yes"/>
  </way>
  <way id="1185281773">
    <nd ref="11010279295"/>
    <nd ref="11010279271"/>
    <tag k="footway" v="sidewalk"/>
    <tag k="highway" v="footway"/>
    <tag k="lit" v="yes"/>
  </way>
  <way id="1185281774">
    <nd ref="11010279273"/>
    <nd ref="11010279272"/>
    <tag k="footway" v="sidewalk"/>
    <tag k="highway" v="footway"/>
    <tag k="lit" v="yes"/>
  </way>
  <way id="1185281777">
    <nd ref="11010279272"/>
    <nd ref="11010279288"/>
    <nd ref="11010279287"/>
    <nd ref="11010279295"/>
    <nd ref="13889895544"/>
    <tag k="footway" v="sidewalk"/>
    <tag k="highway" v="footway"/>
    <tag k="lit" v="yes"/>
  </way>
  <way id="1185281778">
    <nd ref="11010279305"/>
    <nd ref="11010279304"/>
    <nd ref="11010279303"/>
    <nd ref="11010279302"/>
    <nd ref="11010604165"/>
    <tag k="footway" v="sidewalk"/>
    <tag k="highway" v="footway"/>
    <tag k="lit" v="yes"/>
  </way>
  <way id="1185281779">
    <nd ref="11875209311"/>
    <nd ref="11010279315"/>
    <nd ref="11010382342"/>
    <tag k="footway" v="sidewalk"/>
    <tag k="highway" v="footway"/>
    <tag k="surface" v="paving_stones"/>
  </way>
  <way id="1185281780">
    <nd ref="11010279365"/>
    <nd ref="11010279319"/>
    <tag k="footway" v="sidewalk"/>
    <tag k="highway" v="footway"/>
    <tag k="lit" v="yes"/>
  </way>
  <way id="1185281781">
    <nd ref="11010279320"/>
    <nd ref="11010279364"/>
    <nd ref="11010279365"/>
    <nd ref="11010279366"/>
    <tag k="footway" v="sidewalk"/>
    <tag k="highway" v="footway"/>
    <tag k="lit" v="yes"/>
  </way>
  <way id="1185281782">
    <nd ref="11010279352"/>
    <nd ref="11010279321"/>
    <tag k="footway" v="sidewalk"/>
    <tag k="highway" v="footway"/>
  </way>
  <way id="1185281783">
    <nd ref="11010279351"/>
    <nd ref="11010279322"/>
    <tag k="footway" v="sidewalk"/>
    <tag k="highway" v="footway"/>
  </way>
  <way id="1185281784">
    <nd ref="11010279354"/>
    <nd ref="11010279323"/>
    <tag k="footway" v="sidewalk"/>
    <tag k="highway" v="footway"/>
  </way>
  <way id="1185281785">
    <nd ref="11010279324"/>
    <nd ref="11010279328"/>
    <nd ref="11010279327"/>
    <tag k="footway" v="sidewalk"/>
    <tag k="highway" v="footway"/>
    <tag k="lit" v="yes"/>
    <tag k="surface" v="paving_stones"/>
  </way>
  <way id="1185281786">
    <nd ref="11010279327"/>
    <nd ref="11010279325"/>
    <tag k="footway" v="sidewalk"/>
    <tag k="highway" v="footway"/>
  </way>
  <way id="1185281787">
    <nd ref="11010279355"/>
    <nd ref="11010279326"/>
    <tag k="footway" v="sidewalk"/>
    <tag k="highway" v="footway"/>
  </way>
  <way id="1185281788">
    <nd ref="11010382374"/>
    <nd ref="11010382375"/>
    <nd ref="12195600875"/>
    <nd ref="11010279330"/>
    <nd ref="11010279329"/>
    <nd ref="11010382360"/>
    <nd ref="11010279328"/>
    <tag k="footway" v="sidewalk"/>
    <tag k="highway" v="footway"/>
    <tag k="lit" v="yes"/>
    <tag k="surface" v="paving_stones"/>
  </way>
  <way id="1185281789">
    <nd ref="11010279337"/>
    <nd ref="11010279336"/>
    <nd ref="11010279335"/>
    <nd ref="11010279334"/>
    <tag k="footway" v="sidewalk"/>
    <tag k="highway" v="footway"/>
  </way>
  <way id="1185281792">
    <nd ref="11010279349"/>
    <nd ref="11010279390"/>
    <tag k="footway" v="sidewalk"/>
    <tag k="highway" v="footway"/>
  </way>
  <way id="1185281793">
    <nd ref="11010279350"/>
    <nd ref="11010279391"/>
    <tag k="footway" v="sidewalk"/>
    <tag k="highway" v="footway"/>
  </way>
  <way id="1185281794">
    <nd ref="11010279359"/>
    <nd ref="11010279357"/>
    <nd ref="11010279356"/>
    <nd ref="11010279355"/>
    <nd ref="11010279354"/>
    <nd ref="11010279353"/>
    <nd ref="11010279352"/>
    <nd ref="11010279351"/>
    <nd ref="11010279360"/>
    <tag k="footway" v="sidewalk"/>
    <tag k="highway" v="footway"/>
  </way>
  <way id="1185281795">
    <nd ref="11010279361"/>
    <nd ref="11010279360"/>
    <nd ref="11010279359"/>
    <nd ref="11010279358"/>
    <tag k="footway" v="sidewalk"/>
    <tag k="highway" v="footway"/>
  </way>
  <way id="1185281797">
    <nd ref="11010279372"/>
    <nd ref="11010279371"/>
    <tag k="footway" v="sidewalk"/>
    <tag k="highway" v="footway"/>
  </way>
  <way id="1185281798">
    <nd ref="11010279374"/>
    <nd ref="11010279373"/>
    <tag k="footway" v="sidewalk"/>
    <tag k="highway" v="footway"/>
  </way>
  <way id="1185281799">
    <nd ref="11010279382"/>
    <nd ref="11010279375"/>
    <tag k="footway" v="sidewalk"/>
    <tag k="highway" v="footway"/>
  </way>
  <way id="1185281801">
    <nd ref="11010279386"/>
    <nd ref="11010279385"/>
    <nd ref="11010279384"/>
    <nd ref="11010279383"/>
    <nd ref="11010279382"/>
    <nd ref="11010279374"/>
    <nd ref="11010279381"/>
    <nd ref="11010382381"/>
    <nd ref="11010279380"/>
    <nd ref="11010279379"/>
    <nd ref="11010279378"/>
    <nd ref="11010279377"/>
    <nd ref="11010279385"/>
    <tag k="footway" v="sidewalk"/>
    <tag k="highway" v="footway"/>
    <tag k="surface" v="paving_stones"/>
  </way>
  <way id="1185281803">
    <nd ref="11010279400"/>
    <nd ref="11010279399"/>
    <nd ref="11070734851"/>
    <nd ref="11010279398"/>
    <nd ref="11010279397"/>
    <nd ref="11012500824"/>
    <nd ref="13380361224"/>
    <nd ref="11010279396"/>
    <nd ref="11010279395"/>
    <nd ref="11010279394"/>
    <nd ref="11010279393"/>
    <nd ref="11010279392"/>
    <nd ref="11010279391"/>
    <nd ref="11010279390"/>
    <nd ref="11010279389"/>
    <nd ref="11070734852"/>
    <nd ref="11010279388"/>
    <nd ref="11010279399"/>
    <tag k="footway" v="sidewalk"/>
    <tag k="highway" v="footway"/>
    <tag k="surface" v="paving_stones"/>
  </way>
  <way id="1185294772">
    <nd ref="11010371477"/>
    <nd ref="11010371478"/>
    <tag k="footway" v="sidewalk"/>
    <tag k="highway" v="footway"/>
    <tag k="lit" v="yes"/>
  </way>
  <way id="1185294773">
    <nd ref="11010371479"/>
    <nd ref="11010371480"/>
    <tag k="footway" v="sidewalk"/>
    <tag k="highway" v="footway"/>
    <tag k="lit" v="yes"/>
  </way>
  <way id="1185294774">
    <nd ref="11010279250"/>
    <nd ref="11010371481"/>
    <tag k="footway" v="sidewalk"/>
    <tag k="highway" v="footway"/>
    <tag k="lit" v="yes"/>
  </way>
  <way id="1185294775">
    <nd ref="11010371482"/>
    <nd ref="11010371483"/>
    <tag k="footway" v="sidewalk"/>
    <tag k="highway" v="footway"/>
  </way>
  <way id="1185294776">
    <nd ref="11010371482"/>
    <nd ref="6789068514"/>
    <nd ref="11010371481"/>
    <tag k="crossing" v="uncontrolled"/>
    <tag k="crossing:markings" v="zebra"/>
    <tag k="crossing:signals" v="no"/>
    <tag k="footway" v="crossing"/>
    <tag k="highway" v="footway"/>
    <tag k="lit" v="yes"/>
  </way>
  <way id="1185294777">
    <nd ref="11010371478"/>
    <nd ref="6789077089"/>
    <nd ref="11010371479"/>
    <tag k="crossing" v="uncontrolled"/>
    <tag k="crossing:markings" v="zebra"/>
    <tag k="crossing:signals" v="no"/>
    <tag k="footway" v="crossing"/>
    <tag k="highway" v="footway"/>
    <tag k="lit" v="yes"/>
  </way>
  <way id="1185294804">
    <nd ref="11010279260"/>
    <nd ref="6789065199"/>
    <nd ref="11010279246"/>
    <tag k="crossing" v="traffic_signals"/>
    <tag k="crossing:markings" v="zebra"/>
    <tag k="crossing:signals" v="yes"/>
    <tag k="footway" v="crossing"/>
    <tag k="highway" v="footway"/>
    <tag k="lit" v="yes"/>
    <tag k="traffic_signals:sound" v="yes"/>
  </way>
  <way id="1185294805">
    <nd ref="11010279244"/>
    <nd ref="270936416"/>
    <nd ref="11010279241"/>
    <tag k="crossing" v="uncontrolled"/>
    <tag k="crossing:markings" v="zebra"/>
    <tag k="crossing:signals" v="no"/>
    <tag k="footway" v="crossing"/>
    <tag k="highway" v="footway"/>
    <tag k="lit" v="yes"/>
    <tag k="surface" v="asphalt"/>
  </way>
  <way id="1185294806">
    <nd ref="11010279242"/>
    <nd ref="6789067000"/>
    <nd ref="11010382338"/>
    <tag k="crossing" v="traffic_signals"/>
    <tag k="crossing:markings" v="zebra"/>
    <tag k="crossing:signals" v="yes"/>
    <tag k="footway" v="crossing"/>
    <tag k="highway" v="footway"/>
    <tag k="lit" v="yes"/>
  </way>
  <way id="1185294807">
    <nd ref="11010382338"/>
    <nd ref="11010382339"/>
    <tag k="footway" v="traffic_island"/>
    <tag k="highway" v="footway"/>
    <tag k="lit" v="yes"/>
  </way>
  <way id="1185294808">
    <nd ref="11010382339"/>
    <nd ref="11010279240"/>
    <tag k="crossing" v="traffic_signals"/>
    <tag k="crossing:markings" v="zebra"/>
    <tag k="crossing:signals" v="yes"/>
    <tag k="footway" v="crossing"/>
    <tag k="highway" v="footway"/>
    <tag k="lit" v="yes"/>
  </way>
  <way id="1185294809">
    <nd ref="11010279239"/>
    <nd ref="6789075560"/>
    <nd ref="11010279319"/>
    <tag k="crossing" v="uncontrolled"/>
    <tag k="crossing:markings" v="zebra"/>
    <tag k="crossing:signals" v="no"/>
    <tag k="footway" v="crossing"/>
    <tag k="highway" v="footway"/>
    <tag k="lit" v="yes"/>
  </way>
  <way id="1185294810">
    <nd ref="11010279322"/>
    <nd ref="25626302"/>
    <nd ref="11010279320"/>
    <tag k="crossing" v="traffic_signals"/>
    <tag k="crossing:markings" v="zebra"/>
    <tag k="crossing:signals" v="yes"/>
    <tag k="footway" v="crossing"/>
    <tag k="highway" v="footway"/>
    <tag k="traffic_signals:sound" v="yes"/>
  </way>
  <way id="1185294811">
    <nd ref="11010279237"/>
    <nd ref="6789044960"/>
    <nd ref="11010279321"/>
    <tag k="crossing" v="traffic_signals"/>
    <tag k="crossing:markings" v="zebra"/>
    <tag k="crossing:signals" v="yes"/>
    <tag k="footway" v="crossing"/>
    <tag k="highway" v="footway"/>
    <tag k="traffic_signals:sound" v="yes"/>
  </way>
  <way id="1185294812">
    <nd ref="11010382343"/>
    <nd ref="11010382342"/>
    <nd ref="11010382340"/>
    <nd ref="11010382341"/>
    <tag k="footway" v="sidewalk"/>
    <tag k="highway" v="footway"/>
    <tag k="surface" v="paving_stones"/>
  </way>
  <way id="1185294814">
    <nd ref="11010382344"/>
    <nd ref="11010382358"/>
    <nd ref="11010382357"/>
    <nd ref="11010382356"/>
    <nd ref="11010382355"/>
    <tag k="footway" v="sidewalk"/>
    <tag k="highway" v="footway"/>
    <tag k="lit" v="yes"/>
    <tag k="smoothness" v="good"/>
    <tag k="surface" v="paving_stones"/>
  </way>
  <way id="1185294815">
    <nd ref="11010382346"/>
    <nd ref="11010382347"/>
    <tag k="footway" v="sidewalk"/>
    <tag k="highway" v="footway"/>
  </way>
  <way id="1185294816">
    <nd ref="11010382343"/>
    <nd ref="5455382503"/>
    <nd ref="11010382345"/>
    <tag k="crossing" v="traffic_signals"/>
    <tag k="crossing:markings" v="zebra"/>
    <tag k="crossing:signals" v="yes"/>
    <tag k="footway" v="crossing"/>
    <tag k="highway" v="footway"/>
  </way>
  <way id="1185294817">
    <nd ref="11010382347"/>
    <nd ref="5455382502"/>
    <nd ref="11010279324"/>
    <tag k="crossing" v="traffic_signals"/>
    <tag k="crossing:markings" v="zebra"/>
    <tag k="crossing:signals" v="yes"/>
    <tag k="footway" v="crossing"/>
    <tag k="highway" v="footway"/>
  </way>
  <way id="1185294818">
    <nd ref="11010279325"/>
    <nd ref="5455382501"/>
    <nd ref="11010279326"/>
    <tag k="crossing" v="traffic_signals"/>
    <tag k="crossing:markings" v="zebra"/>
    <tag k="crossing:signals" v="yes"/>
    <tag k="footway" v="crossing"/>
    <tag k="highway" v="footway"/>
  </way>
  <way id="1185294819">
    <nd ref="11010382341"/>
    <nd ref="5455382504"/>
    <nd ref="11010279323"/>
    <tag k="crossing" v="traffic_signals"/>
    <tag k="crossing:markings" v="zebra"/>
    <tag k="crossing:signals" v="yes"/>
    <tag k="footway" v="crossing"/>
    <tag k="highway" v="footway"/>
  </way>
  <way id="1185294820">
    <nd ref="11010279317"/>
    <nd ref="11010279316"/>
    <nd ref="11875209311"/>
    <tag k="footway" v="sidewalk"/>
    <tag k="highway" v="footway"/>
  </way>
  <way id="1185294821">
    <nd ref="11010382367"/>
    <nd ref="11010382369"/>
    <nd ref="11010382368"/>
    <tag k="footway" v="sidewalk"/>
    <tag k="highway" v="footway"/>
    <tag k="lit" v="yes"/>
  </way>
  <way id="1185294822">
    <nd ref="11010382369"/>
    <nd ref="11010382355"/>
    <nd ref="12598029882"/>
    <nd ref="11010382354"/>
    <nd ref="11010382353"/>
    <nd ref="12352902385"/>
    <tag k="footway" v="sidewalk"/>
    <tag k="highway" v="footway"/>
    <tag k="lit" v="yes"/>
    <tag k="smoothness" v="good"/>
  </way>
  <way id="1185294823">
    <nd ref="11010382367"/>
    <nd ref="2334192373"/>
    <nd ref="11010382366"/>
    <tag k="crossing" v="traffic_signals"/>
    <tag k="crossing:markings" v="zebra"/>
    <tag k="crossing:signals" v="yes"/>
    <tag k="footway" v="crossing"/>
    <tag k="highway" v="footway"/>
    <tag k="traffic_signals:sound" v="yes"/>
  </way>
  <way id="1185294824">
    <nd ref="11010382371"/>
    <nd ref="11010382350"/>
    <nd ref="11010382351"/>
    <nd ref="12185062240"/>
    <nd ref="12195600860"/>
    <nd ref="12195600859"/>
    <nd ref="12195600857"/>
    <nd ref="12195600861"/>
    <nd ref="12195600862"/>
    <nd ref="11010382352"/>
    <nd ref="12195600865"/>
    <tag k="footway" v="sidewalk"/>
    <tag k="highway" v="footway"/>
    <tag k="lit" v="yes"/>
    <tag k="smoothness" v="good"/>
    <tag k="surface" v="paving_stones"/>
  </way>
  <way id="1185294825">
    <nd ref="11010279330"/>
    <nd ref="11010382372"/>
    <tag k="footway" v="sidewalk"/>
    <tag k="highway" v="footway"/>
    <tag k="lit" v="yes"/>
    <tag k="surface" v="paving_stones"/>
  </way>
  <way id="1185294826">
    <nd ref="11010382371"/>
    <nd ref="11010382373"/>
    <nd ref="11010382372"/>
    <tag k="crossing" v="traffic_signals"/>
    <tag k="crossing:markings" v="zebra"/>
    <tag k="crossing:signals" v="yes"/>
    <tag k="footway" v="crossing"/>
    <tag k="highway" v="footway"/>
    <tag k="lit" v="yes"/>
    <tag k="surface" v="asphalt"/>
    <tag k="traffic_signals:sound" v="yes"/>
  </way>
  <way id="1185294834">
    <nd ref="11010279371"/>
    <nd ref="6803040452"/>
    <nd ref="11010279373"/>
    <tag k="crossing" v="uncontrolled"/>
    <tag k="crossing:markings" v="zebra"/>
    <tag k="crossing:signals" v="no"/>
    <tag k="footway" v="crossing"/>
    <tag k="highway" v="footway"/>
    <tag k="lit" v="yes"/>
  </way>
  <way id="1185294835">
    <nd ref="11010279369"/>
    <nd ref="6803062500"/>
    <nd ref="11010279361"/>
    <tag k="crossing" v="uncontrolled"/>
    <tag k="crossing:markings" v="zebra"/>
    <tag k="crossing:signals" v="no"/>
    <tag k="footway" v="crossing"/>
    <tag k="highway" v="footway"/>
    <tag k="surface" v="sett"/>
  </way>
  <way id="1185294836">
    <nd ref="11010279358"/>
    <nd ref="6803049313"/>
    <nd ref="11010279350"/>
    <tag k="crossing" v="uncontrolled"/>
    <tag k="crossing:markings" v="zebra"/>
    <tag k="crossing:signals" v="no"/>
    <tag k="footway" v="crossing"/>
    <tag k="highway" v="footway"/>
    <tag k="lit" v="yes"/>
  </way>
  <way id="1185294837">
    <nd ref="11010279349"/>
    <nd ref="6803068692"/>
    <nd ref="11010279375"/>
    <tag k="crossing" v="uncontrolled"/>
    <tag k="crossing:markings" v="zebra"/>
    <tag k="crossing:signals" v="no"/>
    <tag k="footway" v="crossing"/>
    <tag k="highway" v="footway"/>
    <tag k="lit" v="yes"/>
  </way>
  <way id="1185294930">
    <nd ref="11010279218"/>
    <nd ref="7966895612"/>
    <nd ref="11010279220"/>
    <tag k="crossing" v="uncontrolled"/>
    <tag k="crossing:markings" v="yes"/>
    <tag k="footway" v="crossing"/>
    <tag k="highway" v="footway"/>
    <tag k="lit" v="yes"/>
  </way>
  <way id="1185294931">
    <nd ref="11010279216"/>
    <nd ref="7966895611"/>
    <nd ref="11010279215"/>
    <tag k="crossing" v="uncontrolled"/>
    <tag k="crossing:markings" v="yes"/>
    <tag k="footway" v="crossing"/>
    <tag k="highway" v="footway"/>
    <tag k="lit" v="yes"/>
  </way>
  <way id="1185294932">
    <nd ref="11010279357"/>
    <nd ref="11010382546"/>
    <tag k="footway" v="sidewalk"/>
    <tag k="highway" v="footway"/>
  </way>
  <way id="1185294933">
    <nd ref="11010279356"/>
    <nd ref="11010382547"/>
    <tag k="footway" v="sidewalk"/>
    <tag k="highway" v="footway"/>
  </way>
  <way id="1185294934">
    <nd ref="11010279393"/>
    <nd ref="11010382548"/>
    <tag k="footway" v="sidewalk"/>
    <tag k="highway" v="footway"/>
    <tag k="surface" v="asphalt"/>
  </way>
  <way id="1185294936">
    <nd ref="11010279334"/>
    <nd ref="6409692306"/>
    <nd ref="11010279345"/>
    <tag k="crossing" v="uncontrolled"/>
    <tag k="crossing:markings" v="zebra"/>
    <tag k="crossing:signals" v="no"/>
    <tag k="footway" v="crossing"/>
    <tag k="highway" v="footway"/>
    <tag k="lit" v="yes"/>
  </way>
  <way id="1185294937">
    <nd ref="11010279337"/>
    <nd ref="6409691862"/>
    <nd ref="11010382547"/>
    <tag k="crossing" v="uncontrolled"/>
    <tag k="crossing:markings" v="zebra"/>
    <tag k="crossing:signals" v="no"/>
    <tag k="footway" v="crossing"/>
    <tag k="highway" v="footway"/>
  </way>
  <way id="1185294938">
    <nd ref="11010382546"/>
    <nd ref="6409692725"/>
    <nd ref="11010382548"/>
    <tag k="crossing" v="uncontrolled"/>
    <tag k="crossing:markings" v="zebra"/>
    <tag k="crossing:signals" v="no"/>
    <tag k="footway" v="crossing"/>
    <tag k="highway" v="footway"/>
    <tag k="lit" v="yes"/>
  </way>
  <way id="1185311692">
    <nd ref="11010279267"/>
    <nd ref="6789044663"/>
    <nd ref="11010279264"/>
    <tag k="crossing" v="traffic_signals"/>
    <tag k="crossing:markings" v="zebra"/>
    <tag k="crossing:signals" v="yes"/>
    <tag k="footway" v="crossing"/>
    <tag k="highway" v="footway"/>
    <tag k="lit" v="yes"/>
    <tag k="traffic_signals:sound" v="yes"/>
  </way>
  <way id="1185311693">
    <nd ref="11010279266"/>
    <nd ref="6789045581"/>
    <nd ref="11010279234"/>
    <tag k="crossing" v="traffic_signals"/>
    <tag k="crossing:markings" v="zebra"/>
    <tag k="crossing:signals" v="yes"/>
    <tag k="footway" v="crossing"/>
    <tag k="highway" v="footway"/>
    <tag k="lit" v="yes"/>
    <tag k="traffic_signals:sound" v="yes"/>
  </way>
  <way id="1185311694">
    <nd ref="11010279233"/>
    <nd ref="11010279236"/>
    <tag k="crossing" v="traffic_signals"/>
    <tag k="crossing:markings" v="zebra"/>
    <tag k="crossing:signals" v="yes"/>
    <tag k="footway" v="crossing"/>
    <tag k="highway" v="footway"/>
    <tag k="lit" v="yes"/>
    <tag k="traffic_signals:sound" v="yes"/>
  </way>
  <way id="1185311710">
    <nd ref="937213860"/>
    <nd ref="11010529688"/>
    <nd ref="11875210586"/>
    <nd ref="11010529685"/>
    <nd ref="11010529684"/>
    <nd ref="11010529683"/>
    <nd ref="11010529695"/>
    <nd ref="11010529681"/>
    <nd ref="11010529682"/>
    <tag k="footway" v="sidewalk"/>
    <tag k="highway" v="footway"/>
    <tag k="lit" v="yes"/>
    <tag k="smoothness" v="excellent"/>
    <tag k="surface" v="asphalt"/>
  </way>
  <way id="1185311711">
    <nd ref="11010529690"/>
    <nd ref="11875209354"/>
    <nd ref="11010529685"/>
    <tag k="footway" v="sidewalk"/>
    <tag k="highway" v="footway"/>
    <tag k="lit" v="yes"/>
    <tag k="smoothness" v="excellent"/>
    <tag k="surface" v="asphalt"/>
  </way>
  <way id="1185311712">
    <nd ref="11010529696"/>
    <nd ref="11007710092"/>
    <tag k="footway" v="sidewalk"/>
    <tag k="highway" v="footway"/>
    <tag k="surface" v="asphalt"/>
  </way>
  <way id="1185311713">
    <nd ref="11010529697"/>
    <nd ref="11010529698"/>
    <tag k="footway" v="sidewalk"/>
    <tag k="highway" v="footway"/>
  </way>
  <way id="1185311714">
    <nd ref="11010529696"/>
    <nd ref="6258312225"/>
    <nd ref="11010529699"/>
    <nd ref="11010529682"/>
    <tag k="crossing" v="traffic_signals"/>
    <tag k="footway" v="crossing"/>
    <tag k="highway" v="footway"/>
    <tag k="lit" v="yes"/>
    <tag k="surface" v="sett"/>
    <tag k="traffic_signals:sound" v="yes"/>
  </way>
  <way id="1185319358">
    <nd ref="11010604165"/>
    <nd ref="11010604166"/>
    <tag k="footway" v="sidewalk"/>
    <tag k="highway" v="footway"/>
    <tag k="lit" v="yes"/>
  </way>
  <way id="1185319359">
    <nd ref="11010279301"/>
    <nd ref="11010604167"/>
    <tag k="footway" v="sidewalk"/>
    <tag k="highway" v="footway"/>
    <tag k="lit" v="yes"/>
  </way>
  <way id="1185319360">
    <nd ref="11010604166"/>
    <nd ref="6893536091"/>
    <nd ref="926540891"/>
    <tag k="crossing" v="uncontrolled"/>
    <tag k="crossing:markings" v="yes"/>
    <tag k="footway" v="crossing"/>
    <tag k="highway" v="footway"/>
    <tag k="lit" v="yes"/>
  </way>
  <way id="1185319361">
    <nd ref="11010604167"/>
    <nd ref="270728339"/>
    <nd ref="11010604169"/>
    <tag k="crossing" v="uncontrolled"/>
    <tag k="crossing:markings" v="yes"/>
    <tag k="footway" v="crossing"/>
    <tag k="highway" v="footway"/>
    <tag k="lit" v="yes"/>
  </way>
  <way id="1185319362">
    <nd ref="11010279170"/>
    <nd ref="270728742"/>
    <nd ref="21660915"/>
    <tag k="crossing" v="uncontrolled"/>
    <tag k="crossing:markings" v="yes"/>
    <tag k="footway" v="crossing"/>
    <tag k="highway" v="footway"/>
  </way>
  <way id="1185319363">
    <nd ref="21660915"/>
    <nd ref="11010604173"/>
    <tag k="footway" v="traffic_island"/>
    <tag k="highway" v="footway"/>
  </way>
  <way id="1185319364">
    <nd ref="11010604173"/>
    <nd ref="11010604174"/>
    <tag k="crossing" v="uncontrolled"/>
    <tag k="crossing:markings" v="yes"/>
    <tag k="footway" v="crossing"/>
    <tag k="highway" v="footway"/>
  </way>
  <way id="1185319365">
    <nd ref="11010604174"/>
    <nd ref="11010604169"/>
    <tag k="footway" v="sidewalk"/>
    <tag k="highway" v="footway"/>
  </way>
  <way id="1185319366">
    <nd ref="11010604175"/>
    <nd ref="11010604176"/>
    <tag k="footway" v="sidewalk"/>
    <tag k="highway" v="footway"/>
    <tag k="lit" v="yes"/>
  </way>
  <way id="1185319367">
    <nd ref="11010279222"/>
    <nd ref="7966895613"/>
    <nd ref="11010604175"/>
    <tag k="crossing" v="uncontrolled"/>
    <tag k="crossing:markings" v="yes"/>
    <tag k="footway" v="crossing"/>
    <tag k="highway" v="footway"/>
    <tag k="lit" v="yes"/>
  </way>
  <way id="1185319368">
    <nd ref="11010279212"/>
    <nd ref="7966895614"/>
    <nd ref="11010604176"/>
    <tag k="crossing" v="uncontrolled"/>
    <tag k="crossing:markings" v="yes"/>
    <tag k="footway" v="crossing"/>
    <tag k="highway" v="footway"/>
    <tag k="lit" v="yes"/>
  </way>
  <way id="1185319369">
    <nd ref="11010279226"/>
    <nd ref="7016296618"/>
    <nd ref="11010279224"/>
    <tag k="crossing" v="uncontrolled"/>
    <tag k="crossing:markings" v="zebra"/>
    <tag k="footway" v="crossing"/>
    <tag k="highway" v="footway"/>
    <tag k="lit" v="yes"/>
  </way>
  <way id="1185319370">
    <nd ref="11010279230"/>
    <nd ref="7966895615"/>
    <nd ref="11010279229"/>
    <tag k="crossing" v="uncontrolled"/>
    <tag k="crossing:markings" v="yes"/>
    <tag k="footway" v="crossing"/>
    <tag k="highway" v="footway"/>
    <tag k="lit" v="yes"/>
  </way>
  <way id="1185319371">
    <nd ref="11010279228"/>
    <nd ref="7966895616"/>
    <nd ref="270728330"/>
    <nd ref="11010279227"/>
    <tag k="crossing" v="uncontrolled"/>
    <tag k="crossing:markings" v="yes"/>
    <tag k="footway" v="crossing"/>
    <tag k="highway" v="footway"/>
    <tag k="lit" v="yes"/>
  </way>
  <way id="1185319372">
    <nd ref="11010279274"/>
    <nd ref="7016296617"/>
    <nd ref="11010279273"/>
    <tag k="crossing" v="uncontrolled"/>
    <tag k="crossing:markings" v="yes"/>
    <tag k="footway" v="crossing"/>
    <tag k="highway" v="footway"/>
    <tag k="lit" v="yes"/>
  </way>
  <way id="1185319373">
    <nd ref="11007871116"/>
    <nd ref="11010604179"/>
    <tag k="footway" v="sidewalk"/>
    <tag k="highway" v="footway"/>
    <tag k="lit" v="yes"/>
  </way>
  <way id="1185319374">
    <nd ref="11010604179"/>
    <nd ref="7016316003"/>
    <nd ref="11010279232"/>
    <tag k="crossing" v="uncontrolled"/>
    <tag k="footway" v="crossing"/>
    <tag k="highway" v="footway"/>
    <tag k="lit" v="yes"/>
  </way>
  <way id="1185321073">
    <nd ref="11010598628"/>
    <nd ref="11010598629"/>
    <tag k="footway" v="sidewalk"/>
    <tag k="highway" v="footway"/>
    <tag k="lit" v="yes"/>
  </way>
  <way id="1185321074">
    <nd ref="11010598630"/>
    <nd ref="11010598631"/>
    <tag k="footway" v="sidewalk"/>
    <tag k="highway" v="footway"/>
  </way>
  <way id="1185321075">
    <nd ref="11010598632"/>
    <nd ref="11009958427"/>
    <tag k="footway" v="sidewalk"/>
    <tag k="highway" v="footway"/>
    <tag k="surface" v="asphalt"/>
  </way>
  <way id="1185321076">
    <nd ref="11009958452"/>
    <nd ref="11010598633"/>
    <tag k="footway" v="sidewalk"/>
    <tag k="highway" v="footway"/>
    <tag k="lit" v="yes"/>
    <tag k="surface" v="asphalt"/>
  </way>
  <way id="1185321077">
    <nd ref="11010598633"/>
    <nd ref="6170783727"/>
    <nd ref="11010598632"/>
    <tag k="crossing" v="uncontrolled"/>
    <tag k="footway" v="crossing"/>
    <tag k="highway" v="footway"/>
    <tag k="lit" v="yes"/>
    <tag k="surface" v="asphalt"/>
  </way>
  <way id="1185321078">
    <nd ref="11010598647"/>
    <nd ref="11011990822"/>
    <nd ref="11010598648"/>
    <nd ref="11011990824"/>
    <nd ref="11010598649"/>
    <nd ref="11010598650"/>
    <nd ref="11011990827"/>
    <nd ref="11010598651"/>
    <nd ref="11010598652"/>
    <nd ref="11010598653"/>
    <nd ref="11010598654"/>
    <nd ref="11013849215"/>
    <nd ref="12182639823"/>
    <nd ref="11010598635"/>
    <tag k="footway" v="sidewalk"/>
    <tag k="highway" v="footway"/>
    <tag k="lit" v="yes"/>
  </way>
  <way id="1185321079">
    <nd ref="11010598634"/>
    <nd ref="6258312942"/>
    <nd ref="11010529698"/>
    <tag k="crossing" v="traffic_signals"/>
    <tag k="crossing:markings" v="zebra"/>
    <tag k="footway" v="crossing"/>
    <tag k="highway" v="footway"/>
    <tag k="lit" v="yes"/>
    <tag k="surface" v="asphalt"/>
    <tag k="traffic_signals:sound" v="yes"/>
  </way>
  <way id="1185322995">
    <nd ref="11010615853"/>
    <nd ref="11010615854"/>
    <nd ref="926929437"/>
    <tag k="footway" v="traffic_island"/>
    <tag k="highway" v="footway"/>
    <tag k="lit" v="yes"/>
    <tag k="surface" v="asphalt"/>
  </way>
  <way id="1185322996">
    <nd ref="11010615854"/>
    <nd ref="926929174"/>
    <tag k="footway" v="traffic_island"/>
    <tag k="highway" v="footway"/>
    <tag k="lit" v="yes"/>
  </way>
  <way id="1185322997">
    <nd ref="11010615864"/>
    <nd ref="11007865990"/>
    <nd ref="11007865989"/>
    <nd ref="11010615856"/>
    <tag k="footway" v="sidewalk"/>
    <tag k="highway" v="footway"/>
    <tag k="lit" v="yes"/>
    <tag k="surface" v="asphalt"/>
  </way>
  <way id="1185322998">
    <nd ref="11010615856"/>
    <nd ref="8120650055"/>
    <nd ref="11010615853"/>
    <tag k="crossing" v="traffic_signals"/>
    <tag k="crossing:markings" v="zebra"/>
    <tag k="crossing:signals" v="yes"/>
    <tag k="footway" v="crossing"/>
    <tag k="highway" v="footway"/>
    <tag k="lit" v="yes"/>
    <tag k="traffic_signals:sound" v="yes"/>
  </way>
  <way id="1185322999">
    <nd ref="11007871117"/>
    <nd ref="11010615857"/>
    <tag k="footway" v="sidewalk"/>
    <tag k="highway" v="footway"/>
    <tag k="lit" v="yes"/>
    <tag k="surface" v="asphalt"/>
  </way>
  <way id="1185323000">
    <nd ref="926929437"/>
    <nd ref="926929641"/>
    <nd ref="11010615857"/>
    <tag k="crossing" v="uncontrolled"/>
    <tag k="crossing:markings" v="zebra"/>
    <tag k="crossing:signals" v="no"/>
    <tag k="footway" v="crossing"/>
    <tag k="highway" v="footway"/>
    <tag k="lit" v="yes"/>
    <tag k="surface" v="asphalt"/>
  </way>
  <way id="1185323001">
    <nd ref="926929174"/>
    <nd ref="8120650056"/>
    <nd ref="11010615858"/>
    <tag k="crossing" v="traffic_signals"/>
    <tag k="crossing:markings" v="zebra"/>
    <tag k="crossing:signals" v="yes"/>
    <tag k="footway" v="crossing"/>
    <tag k="highway" v="footway"/>
    <tag k="lit" v="yes"/>
  </way>
  <way id="1185323002">
    <nd ref="11010615858"/>
    <nd ref="11010615859"/>
    <tag k="footway" v="traffic_island"/>
    <tag k="highway" v="footway"/>
    <tag k="lit" v="yes"/>
  </way>
  <way id="1185323003">
    <nd ref="11010615859"/>
    <nd ref="8120650057"/>
    <nd ref="11010615860"/>
    <tag k="crossing" v="uncontrolled"/>
    <tag k="crossing:markings" v="zebra"/>
    <tag k="crossing:signals" v="no"/>
    <tag k="footway" v="crossing"/>
    <tag k="highway" v="footway"/>
    <tag k="lit" v="yes"/>
  </way>
  <way id="1185323004">
    <nd ref="11010615860"/>
    <nd ref="11010279277"/>
    <nd ref="11010279278"/>
    <nd ref="11010615861"/>
    <tag k="footway" v="sidewalk"/>
    <tag k="highway" v="footway"/>
    <tag k="lit" v="yes"/>
  </way>
  <way id="1185466492">
    <nd ref="11010279278"/>
    <nd ref="11010279279"/>
    <nd ref="11010615862"/>
    <nd ref="11010279280"/>
    <nd ref="11010279281"/>
    <nd ref="11010279282"/>
    <tag k="footway" v="sidewalk"/>
    <tag k="highway" v="footway"/>
    <tag k="lit" v="yes"/>
  </way>
  <way id="1185466493">
    <nd ref="11011917229"/>
    <nd ref="11011917230"/>
    <tag k="footway" v="traffic_island"/>
    <tag k="highway" v="footway"/>
    <tag k="lit" v="yes"/>
  </way>
  <way id="1185466494">
    <nd ref="11011917231"/>
    <nd ref="11010382363"/>
    <nd ref="11010279317"/>
    <nd ref="11010382366"/>
    <tag k="footway" v="sidewalk"/>
    <tag k="highway" v="footway"/>
    <tag k="lit" v="yes"/>
  </way>
  <way id="1185466495">
    <nd ref="11011917228"/>
    <nd ref="2334192371"/>
    <nd ref="11011917229"/>
    <tag k="crossing" v="traffic_signals"/>
    <tag k="crossing:markings" v="zebra"/>
    <tag k="crossing:signals" v="yes"/>
    <tag k="footway" v="crossing"/>
    <tag k="highway" v="footway"/>
    <tag k="lit" v="yes"/>
  </way>
  <way id="1185466496">
    <nd ref="11011917230"/>
    <nd ref="11011917231"/>
    <tag k="crossing" v="traffic_signals"/>
    <tag k="crossing:markings" v="zebra"/>
    <tag k="crossing:signals" v="yes"/>
    <tag k="footway" v="crossing"/>
    <tag k="highway" v="footway"/>
    <tag k="lit" v="yes"/>
  </way>
  <way id="1185466497">
    <nd ref="11071342265"/>
    <nd ref="11007710147"/>
    <nd ref="11011917232"/>
    <nd ref="11011917233"/>
    <tag k="footway" v="sidewalk"/>
    <tag k="highway" v="footway"/>
    <tag k="smoothness" v="good"/>
    <tag k="surface" v="asphalt"/>
  </way>
  <way id="1185466498">
    <nd ref="11011917234"/>
    <nd ref="11011917235"/>
    <tag k="footway" v="traffic_island"/>
    <tag k="highway" v="footway"/>
    <tag k="lit" v="yes"/>
    <tag k="smoothness" v="excellent"/>
    <tag k="surface" v="asphalt"/>
  </way>
  <way id="1185466499">
    <nd ref="11011917236"/>
    <nd ref="11011917237"/>
    <tag k="footway" v="traffic_island"/>
    <tag k="highway" v="footway"/>
    <tag k="lit" v="yes"/>
    <tag k="smoothness" v="good"/>
    <tag k="surface" v="asphalt"/>
  </way>
  <way id="1185466500">
    <nd ref="11011917238"/>
    <nd ref="11007865995"/>
    <nd ref="11007865994"/>
    <nd ref="11071342270"/>
    <tag k="footway" v="sidewalk"/>
    <tag k="highway" v="footway"/>
    <tag k="lit" v="yes"/>
    <tag k="smoothness" v="good"/>
    <tag k="surface" v="asphalt"/>
  </way>
  <way id="1185466501">
    <nd ref="11011917233"/>
    <nd ref="11011917239"/>
    <nd ref="11011917235"/>
    <tag k="crossing" v="uncontrolled"/>
    <tag k="crossing:markings" v="zebra"/>
    <tag k="crossing:signals" v="no"/>
    <tag k="footway" v="crossing"/>
    <tag k="highway" v="footway"/>
    <tag k="lit" v="yes"/>
    <tag k="smoothness" v="good"/>
    <tag k="surface" v="asphalt"/>
  </way>
  <way id="1185466502">
    <nd ref="11011917237"/>
    <nd ref="270735144"/>
    <nd ref="11011917238"/>
    <tag k="crossing" v="traffic_signals"/>
    <tag k="crossing:markings" v="zebra"/>
    <tag k="crossing:signals" v="yes"/>
    <tag k="footway" v="crossing"/>
    <tag k="highway" v="footway"/>
    <tag k="lit" v="yes"/>
    <tag k="smoothness" v="good"/>
    <tag k="surface" v="asphalt"/>
  </way>
  <way id="1185466503">
    <nd ref="11011917234"/>
    <nd ref="6260288848"/>
    <nd ref="1919281159"/>
    <nd ref="11011917236"/>
    <tag k="crossing" v="traffic_signals"/>
    <tag k="crossing:markings" v="zebra"/>
    <tag k="crossing:signals" v="yes"/>
    <tag k="footway" v="crossing"/>
    <tag k="highway" v="footway"/>
    <tag k="lit" v="yes"/>
    <tag k="smoothness" v="excellent"/>
    <tag k="surface" v="asphalt"/>
  </way>
  <way id="1185466504">
    <nd ref="11011917241"/>
    <nd ref="6260348168"/>
    <nd ref="11011917242"/>
    <tag k="crossing" v="uncontrolled"/>
    <tag k="crossing:markings" v="yes"/>
    <tag k="footway" v="crossing"/>
    <tag k="highway" v="footway"/>
    <tag k="lit" v="yes"/>
    <tag k="smoothness" v="good"/>
    <tag k="surface" v="asphalt"/>
  </way>
  <way id="1185466505">
    <nd ref="11011917242"/>
    <nd ref="11011917243"/>
    <tag k="footway" v="traffic_island"/>
    <tag k="highway" v="footway"/>
    <tag k="lit" v="yes"/>
    <tag k="smoothness" v="good"/>
    <tag k="surface" v="asphalt"/>
  </way>
  <way id="1185466506">
    <nd ref="11011917243"/>
    <nd ref="6260345605"/>
    <nd ref="6260349013"/>
    <nd ref="11011917244"/>
    <tag k="crossing" v="uncontrolled"/>
    <tag k="crossing:markings" v="yes"/>
    <tag k="footway" v="crossing"/>
    <tag k="highway" v="footway"/>
    <tag k="lit" v="yes"/>
    <tag k="smoothness" v="good"/>
    <tag k="surface" v="asphalt"/>
  </way>
  <way id="1185466507">
    <nd ref="11011917244"/>
    <nd ref="11011917245"/>
    <tag k="footway" v="traffic_island"/>
    <tag k="highway" v="footway"/>
    <tag k="lit" v="yes"/>
    <tag k="smoothness" v="good"/>
    <tag k="surface" v="asphalt"/>
  </way>
  <way id="1185466508">
    <nd ref="11011917245"/>
    <nd ref="11011917246"/>
    <nd ref="11011917248"/>
    <tag k="crossing" v="uncontrolled"/>
    <tag k="crossing:markings" v="yes"/>
    <tag k="footway" v="crossing"/>
    <tag k="highway" v="footway"/>
    <tag k="lit" v="yes"/>
  </way>
  <way id="1185466509">
    <nd ref="11011917247"/>
    <nd ref="11011917241"/>
    <tag k="footway" v="sidewalk"/>
    <tag k="highway" v="footway"/>
    <tag k="smoothness" v="good"/>
    <tag k="surface" v="asphalt"/>
  </way>
  <way id="1185466510">
    <nd ref="11011917248"/>
    <nd ref="11007865996"/>
    <tag k="footway" v="sidewalk"/>
    <tag k="highway" v="footway"/>
    <tag k="lit" v="yes"/>
  </way>
  <way id="1185473020">
    <nd ref="11010598646"/>
    <nd ref="11011990819"/>
    <tag k="footway" v="sidewalk"/>
    <tag k="highway" v="footway"/>
    <tag k="lit" v="yes"/>
    <tag k="surface" v="asphalt"/>
  </way>
  <way id="1185473021">
    <nd ref="11009958426"/>
    <nd ref="11011990820"/>
    <tag k="footway" v="sidewalk"/>
    <tag k="highway" v="footway"/>
    <tag k="surface" v="asphalt"/>
  </way>
  <way id="1185473022">
    <nd ref="11009958425"/>
    <nd ref="11011990821"/>
    <tag k="footway" v="sidewalk"/>
    <tag k="highway" v="footway"/>
  </way>
  <way id="1185473023">
    <nd ref="11011990823"/>
    <nd ref="11011990822"/>
    <tag k="footway" v="sidewalk"/>
    <tag k="highway" v="footway"/>
    <tag k="lit" v="yes"/>
  </way>
  <way id="1185473024">
    <nd ref="11011990825"/>
    <nd ref="11011990824"/>
    <tag k="footway" v="sidewalk"/>
    <tag k="highway" v="footway"/>
  </way>
  <way id="1185473025">
    <nd ref="11009958413"/>
    <nd ref="11011990826"/>
    <tag k="footway" v="sidewalk"/>
    <tag k="highway" v="footway"/>
  </way>
  <way id="1185473026">
    <nd ref="11011990828"/>
    <nd ref="11011990827"/>
    <tag k="footway" v="sidewalk"/>
    <tag k="highway" v="footway"/>
  </way>
  <way id="1185473027">
    <nd ref="11011990830"/>
    <nd ref="11011990829"/>
    <tag k="footway" v="sidewalk"/>
    <tag k="highway" v="footway"/>
  </way>
  <way id="1185473028">
    <nd ref="11009958412"/>
    <nd ref="11011990831"/>
    <tag k="footway" v="sidewalk"/>
    <tag k="highway" v="footway"/>
  </way>
  <way id="1185473029">
    <nd ref="11009958411"/>
    <nd ref="11011990832"/>
    <tag k="footway" v="sidewalk"/>
    <tag k="highway" v="footway"/>
  </way>
  <way id="1185473030">
    <nd ref="11011990834"/>
    <nd ref="11009958410"/>
    <tag k="footway" v="sidewalk"/>
    <tag k="highway" v="footway"/>
  </way>
  <way id="1185473031">
    <nd ref="11011990836"/>
    <nd ref="11011990835"/>
    <tag k="footway" v="sidewalk"/>
    <tag k="highway" v="footway"/>
    <tag k="lit" v="yes"/>
  </way>
  <way id="1185499252">
    <nd ref="11011990835"/>
    <nd ref="6900303198"/>
    <nd ref="11011990834"/>
    <tag k="crossing" v="uncontrolled"/>
    <tag k="crossing:markings" v="yes"/>
    <tag k="footway" v="crossing"/>
    <tag k="highway" v="footway"/>
    <tag k="lit" v="yes"/>
  </way>
  <way id="1185499253">
    <nd ref="11011990829"/>
    <nd ref="6900296861"/>
    <nd ref="11011990828"/>
    <tag k="crossing" v="uncontrolled"/>
    <tag k="footway" v="crossing"/>
    <tag k="highway" v="footway"/>
    <tag k="lit" v="yes"/>
  </way>
  <way id="1185499254">
    <nd ref="11011990826"/>
    <nd ref="6900268444"/>
    <nd ref="11011990825"/>
    <tag k="crossing" v="uncontrolled"/>
    <tag k="footway" v="crossing"/>
    <tag k="highway" v="footway"/>
    <tag k="lit" v="yes"/>
  </way>
  <way id="1185499255">
    <nd ref="11011990821"/>
    <nd ref="6900309696"/>
    <nd ref="11011990823"/>
    <tag k="crossing" v="uncontrolled"/>
    <tag k="footway" v="crossing"/>
    <tag k="highway" v="footway"/>
    <tag k="lit" v="yes"/>
  </way>
  <way id="1185499256">
    <nd ref="11011990820"/>
    <nd ref="6170786202"/>
    <nd ref="11011990819"/>
    <tag k="crossing" v="uncontrolled"/>
    <tag k="footway" v="crossing"/>
    <tag k="highway" v="footway"/>
    <tag k="lit" v="yes"/>
    <tag k="surface" v="asphalt"/>
  </way>
  <way id="1185499974">
    <nd ref="11012233189"/>
    <nd ref="11012233187"/>
    <nd ref="11012233186"/>
    <nd ref="11012233185"/>
    <nd ref="11012233184"/>
    <nd ref="11012233183"/>
    <nd ref="11015526650"/>
    <nd ref="11012233182"/>
    <nd ref="11012233210"/>
    <tag k="footway" v="sidewalk"/>
    <tag k="highway" v="footway"/>
    <tag k="lit" v="yes"/>
  </way>
  <way id="1185499975">
    <nd ref="11012233191"/>
    <nd ref="11012233189"/>
    <nd ref="11012233188"/>
    <tag k="footway" v="sidewalk"/>
    <tag k="highway" v="footway"/>
    <tag k="lit" v="yes"/>
  </way>
  <way id="1185499976">
    <nd ref="11012233196"/>
    <nd ref="11012233194"/>
    <nd ref="11012233193"/>
    <nd ref="11012233192"/>
    <nd ref="11012233191"/>
    <nd ref="11012233190"/>
    <tag k="footway" v="sidewalk"/>
    <tag k="highway" v="footway"/>
    <tag k="lit" v="yes"/>
    <tag k="surface" v="asphalt"/>
  </way>
  <way id="1185499977">
    <nd ref="11012233199"/>
    <nd ref="11012233197"/>
    <nd ref="11012233195"/>
    <nd ref="11012233196"/>
    <tag k="footway" v="sidewalk"/>
    <tag k="highway" v="footway"/>
    <tag k="lit" v="yes"/>
    <tag k="surface" v="asphalt"/>
  </way>
  <way id="1185499978">
    <nd ref="11070666333"/>
    <nd ref="11012233200"/>
    <nd ref="11012233199"/>
    <nd ref="11012233198"/>
    <tag k="footway" v="sidewalk"/>
    <tag k="highway" v="footway"/>
    <tag k="lit" v="yes"/>
    <tag k="surface" v="asphalt"/>
  </way>
  <way id="1185499979">
    <nd ref="11012233205"/>
    <nd ref="11012233203"/>
    <nd ref="11012233202"/>
    <nd ref="11012233200"/>
    <tag k="footway" v="sidewalk"/>
    <tag k="highway" v="footway"/>
    <tag k="lit" v="yes"/>
  </way>
  <way id="1185499980">
    <nd ref="11012233208"/>
    <nd ref="11012233206"/>
    <nd ref="11012233205"/>
    <nd ref="11012233204"/>
    <tag k="footway" v="sidewalk"/>
    <tag k="highway" v="footway"/>
    <tag k="lit" v="yes"/>
    <tag k="surface" v="asphalt"/>
  </way>
  <way id="1185499981">
    <nd ref="11012233211"/>
    <nd ref="11012233210"/>
    <nd ref="11012233209"/>
    <nd ref="11012233208"/>
    <nd ref="11012233207"/>
    <tag k="footway" v="sidewalk"/>
    <tag k="highway" v="footway"/>
    <tag k="lit" v="yes"/>
    <tag k="surface" v="asphalt"/>
  </way>
  <way id="1185499982">
    <nd ref="11012233216"/>
    <nd ref="11012233214"/>
    <nd ref="11012233213"/>
    <nd ref="11012233212"/>
    <tag k="footway" v="sidewalk"/>
    <tag k="highway" v="footway"/>
    <tag k="lit" v="yes"/>
    <tag k="surface" v="asphalt"/>
  </way>
  <way id="1185512370">
    <nd ref="11012351364"/>
    <nd ref="12182634599"/>
    <nd ref="11012351377"/>
    <tag k="footway" v="sidewalk"/>
    <tag k="highway" v="footway"/>
    <tag k="lit" v="yes"/>
  </way>
  <way id="1185512371">
    <nd ref="11012351372"/>
    <nd ref="11012351370"/>
    <nd ref="11012351369"/>
    <nd ref="11012351368"/>
    <nd ref="11012351364"/>
    <nd ref="11012351367"/>
    <nd ref="11012351366"/>
    <nd ref="1534543144"/>
    <tag k="footway" v="sidewalk"/>
    <tag k="highway" v="footway"/>
    <tag k="lit" v="yes"/>
  </way>
  <way id="1185512372">
    <nd ref="11012351374"/>
    <nd ref="11012351372"/>
    <tag k="footway" v="sidewalk"/>
    <tag k="highway" v="footway"/>
    <tag k="lit" v="yes"/>
    <tag k="smoothness" v="good"/>
    <tag k="surface" v="paving_stones"/>
  </way>
  <way id="1185512373">
    <nd ref="11012351378"/>
    <nd ref="11012351375"/>
    <nd ref="11012351374"/>
    <nd ref="11012351373"/>
    <tag k="footway" v="sidewalk"/>
    <tag k="highway" v="footway"/>
    <tag k="lit" v="yes"/>
  </way>
  <way id="1185512374">
    <nd ref="11012351379"/>
    <nd ref="11012351378"/>
    <nd ref="11012351377"/>
    <nd ref="11012351376"/>
    <tag k="footway" v="sidewalk"/>
    <tag k="highway" v="footway"/>
    <tag k="lit" v="yes"/>
  </way>
  <way id="1185512375">
    <nd ref="11012351382"/>
    <nd ref="11012351381"/>
    <nd ref="11012351380"/>
    <tag k="footway" v="sidewalk"/>
    <tag k="highway" v="footway"/>
    <tag k="surface" v="asphalt"/>
  </way>
  <way id="1185512376">
    <nd ref="11012351384"/>
    <nd ref="11012351383"/>
    <tag k="footway" v="sidewalk"/>
    <tag k="highway" v="footway"/>
    <tag k="lit" v="yes"/>
    <tag k="surface" v="asphalt"/>
  </way>
  <way id="1185512377">
    <nd ref="12182590505"/>
    <nd ref="11012351384"/>
    <nd ref="11013832016"/>
    <nd ref="11012351385"/>
    <nd ref="11012351393"/>
    <tag k="footway" v="sidewalk"/>
    <tag k="highway" v="footway"/>
    <tag k="lit" v="yes"/>
    <tag k="surface" v="paving_stones"/>
  </way>
  <way id="1185512388">
    <nd ref="11012351429"/>
    <nd ref="11012446420"/>
    <nd ref="11012351427"/>
    <nd ref="11012351499"/>
    <tag k="footway" v="sidewalk"/>
    <tag k="highway" v="footway"/>
    <tag k="lit" v="yes"/>
    <tag k="surface" v="paving_stones"/>
  </way>
  <way id="1185512389">
    <nd ref="11012351459"/>
    <nd ref="12185062248"/>
    <nd ref="11012351435"/>
    <nd ref="11012351434"/>
    <nd ref="12185062247"/>
    <nd ref="12185062246"/>
    <nd ref="11012351429"/>
    <nd ref="11012351430"/>
    <tag k="footway" v="sidewalk"/>
    <tag k="highway" v="footway"/>
    <tag k="lit" v="yes"/>
    <tag k="surface" v="paving_stones"/>
  </way>
  <way id="1185512410">
    <nd ref="11012351506"/>
    <nd ref="11012351518"/>
    <tag k="footway" v="sidewalk"/>
    <tag k="highway" v="footway"/>
    <tag k="lit" v="yes"/>
    <tag k="surface" v="paving_stones"/>
  </way>
  <way id="1185512412">
    <nd ref="11012351510"/>
    <nd ref="11012351508"/>
    <nd ref="3910397135"/>
    <tag k="footway" v="sidewalk"/>
    <tag k="highway" v="footway"/>
    <tag k="lit" v="yes"/>
    <tag k="surface" v="paving_stones"/>
  </way>
  <way id="1185512413">
    <nd ref="11012351514"/>
    <nd ref="11012446362"/>
    <nd ref="11012446363"/>
    <nd ref="12195600892"/>
    <nd ref="12195600891"/>
    <nd ref="11012351510"/>
    <nd ref="11012351511"/>
    <tag k="footway" v="sidewalk"/>
    <tag k="highway" v="footway"/>
    <tag k="lit" v="yes"/>
    <tag k="surface" v="paving_stones"/>
  </way>
  <way id="1185512414">
    <nd ref="11012351517"/>
    <nd ref="11012351515"/>
    <nd ref="11012351514"/>
    <nd ref="11203430296"/>
    <nd ref="11012351513"/>
    <tag k="footway" v="sidewalk"/>
    <tag k="highway" v="footway"/>
    <tag k="lit" v="yes"/>
  </way>
  <way id="1185512415">
    <nd ref="3910397116"/>
    <nd ref="11012351518"/>
    <nd ref="11012351517"/>
    <nd ref="3910397115"/>
    <tag k="footway" v="sidewalk"/>
    <tag k="highway" v="footway"/>
    <tag k="lit" v="yes"/>
  </way>
  <way id="1185512416">
    <nd ref="11012351523"/>
    <nd ref="11012351521"/>
    <nd ref="12625268661"/>
    <tag k="footway" v="sidewalk"/>
    <tag k="highway" v="footway"/>
    <tag k="lit" v="yes"/>
    <tag k="surface" v="paving_stones"/>
  </way>
  <way id="1185512420">
    <nd ref="11012351534"/>
    <nd ref="11013832017"/>
    <nd ref="11012351382"/>
    <nd ref="11012351532"/>
    <nd ref="11012351531"/>
    <nd ref="11013849226"/>
    <nd ref="11012351530"/>
    <nd ref="11012351529"/>
    <tag k="footway" v="sidewalk"/>
    <tag k="highway" v="footway"/>
  </way>
  <way id="1185512421">
    <nd ref="11012351533"/>
    <nd ref="11012351534"/>
    <nd ref="11012351535"/>
    <nd ref="11012351537"/>
    <nd ref="11012351536"/>
    <tag k="footway" v="sidewalk"/>
    <tag k="highway" v="footway"/>
  </way>
  <way id="1185513273">
    <nd ref="11012357943"/>
    <nd ref="11012357946"/>
    <nd ref="11012357947"/>
    <nd ref="11012357948"/>
    <nd ref="11012357949"/>
    <tag k="footway" v="sidewalk"/>
    <tag k="highway" v="footway"/>
    <tag k="lit" v="yes"/>
    <tag k="smoothness" v="good"/>
    <tag k="surface" v="asphalt"/>
  </way>
  <way id="1185513274">
    <nd ref="11012357948"/>
    <nd ref="11012357950"/>
    <tag k="footway" v="sidewalk"/>
    <tag k="highway" v="footway"/>
    <tag k="lit" v="yes"/>
  </way>
  <way id="1185513275">
    <nd ref="11012357953"/>
    <nd ref="11012357952"/>
    <nd ref="11070666332"/>
    <nd ref="11012357951"/>
    <nd ref="11012357948"/>
    <tag k="footway" v="sidewalk"/>
    <tag k="highway" v="footway"/>
    <tag k="lit" v="yes"/>
  </way>
  <way id="1185513317">
    <nd ref="11012233212"/>
    <nd ref="6170784695"/>
    <nd ref="11012233211"/>
    <tag k="crossing" v="uncontrolled"/>
    <tag k="footway" v="crossing"/>
    <tag k="highway" v="footway"/>
    <tag k="lit" v="yes"/>
  </way>
  <way id="1185513318">
    <nd ref="11012233190"/>
    <nd ref="11012358020"/>
    <nd ref="11012358021"/>
    <nd ref="11012358019"/>
    <tag k="crossing" v="traffic_signals"/>
    <tag k="crossing:markings" v="zebra"/>
    <tag k="crossing:signals" v="yes"/>
    <tag k="footway" v="crossing"/>
    <tag k="highway" v="footway"/>
    <tag k="lit" v="yes"/>
    <tag k="traffic_signals:sound" v="yes"/>
  </way>
  <way id="1185513322">
    <nd ref="12206024445"/>
    <nd ref="11012358031"/>
    <nd ref="11012358032"/>
    <nd ref="11012358034"/>
    <nd ref="11012358024"/>
    <tag k="footway" v="sidewalk"/>
    <tag k="highway" v="footway"/>
    <tag k="lit" v="yes"/>
  </way>
  <way id="1185513323">
    <nd ref="11012357949"/>
    <nd ref="6258341125"/>
    <nd ref="11012358023"/>
    <tag k="crossing" v="uncontrolled"/>
    <tag k="footway" v="crossing"/>
    <tag k="highway" v="footway"/>
    <tag k="lit" v="yes"/>
  </way>
  <way id="1185513332">
    <nd ref="11012358040"/>
    <nd ref="11012358041"/>
    <nd ref="11012358042"/>
    <nd ref="11012358043"/>
    <nd ref="11012358044"/>
    <nd ref="11012358045"/>
    <nd ref="11012358046"/>
    <nd ref="11012358047"/>
    <nd ref="11012358048"/>
    <nd ref="11012358049"/>
    <nd ref="11012358050"/>
    <nd ref="11012358092"/>
    <nd ref="11012358051"/>
    <tag k="footway" v="sidewalk"/>
    <tag k="highway" v="footway"/>
    <tag k="lit" v="yes"/>
    <tag k="surface" v="asphalt"/>
  </way>
  <way id="1185513339">
    <nd ref="11012358060"/>
    <nd ref="11012358061"/>
    <nd ref="11012358062"/>
    <nd ref="11012358063"/>
    <nd ref="11012358064"/>
    <nd ref="2423862620"/>
    <tag k="footway" v="sidewalk"/>
    <tag k="highway" v="footway"/>
    <tag k="lit" v="yes"/>
    <tag k="surface" v="asphalt"/>
  </way>
  <way id="1185513340">
    <nd ref="11012358042"/>
    <nd ref="8987468452"/>
    <tag k="footway" v="sidewalk"/>
    <tag k="highway" v="footway"/>
    <tag k="lit" v="yes"/>
    <tag k="smoothness" v="good"/>
    <tag k="surface" v="asphalt"/>
  </way>
  <way id="1185513341">
    <nd ref="8987468452"/>
    <nd ref="6788924033"/>
    <nd ref="2423862620"/>
    <tag k="crossing" v="uncontrolled"/>
    <tag k="crossing:markings" v="zebra"/>
    <tag k="crossing:signals" v="no"/>
    <tag k="footway" v="crossing"/>
    <tag k="highway" v="footway"/>
    <tag k="lit" v="yes"/>
    <tag k="smoothness" v="intermediate"/>
    <tag k="surface" v="sett"/>
  </way>
  <way id="1185513342">
    <nd ref="11012358064"/>
    <nd ref="11012358067"/>
    <nd ref="11012358068"/>
    <nd ref="11012358069"/>
    <tag k="footway" v="sidewalk"/>
    <tag k="highway" v="footway"/>
    <tag k="lit" v="yes"/>
    <tag k="smoothness" v="good"/>
    <tag k="surface" v="asphalt"/>
  </way>
  <way id="1185513343">
    <nd ref="11012358068"/>
    <nd ref="11012358070"/>
    <nd ref="8987468874"/>
    <tag k="footway" v="sidewalk"/>
    <tag k="highway" v="footway"/>
    <tag k="lit" v="yes"/>
    <tag k="smoothness" v="good"/>
    <tag k="surface" v="asphalt"/>
  </way>
  <way id="1185513344">
    <nd ref="2423862601"/>
    <nd ref="11012358075"/>
    <nd ref="11012358074"/>
    <nd ref="11012358073"/>
    <nd ref="11012358072"/>
    <nd ref="11012358071"/>
    <nd ref="11012358070"/>
    <tag k="footway" v="sidewalk"/>
    <tag k="highway" v="footway"/>
    <tag k="lit" v="yes"/>
  </way>
  <way id="1185513345">
    <nd ref="11012358061"/>
    <nd ref="12206024434"/>
    <nd ref="11012358079"/>
    <nd ref="11012358078"/>
    <nd ref="11012358102"/>
    <nd ref="11012358075"/>
    <tag k="footway" v="sidewalk"/>
    <tag k="highway" v="footway"/>
    <tag k="lit" v="yes"/>
  </way>
  <way id="1185513349">
    <nd ref="8987468432"/>
    <nd ref="11012358047"/>
    <tag k="footway" v="sidewalk"/>
    <tag k="highway" v="footway"/>
    <tag k="lit" v="yes"/>
  </way>
  <way id="1185513351">
    <nd ref="11012358094"/>
    <nd ref="6788845861"/>
    <nd ref="8987468431"/>
    <nd ref="8987468432"/>
    <tag k="crossing" v="traffic_signals"/>
    <tag k="crossing:markings" v="zebra"/>
    <tag k="crossing:signals" v="yes"/>
    <tag k="footway" v="crossing"/>
    <tag k="highway" v="footway"/>
    <tag k="lit" v="yes"/>
    <tag k="traffic_signals:sound" v="yes"/>
  </way>
  <way id="1185513352">
    <nd ref="11012358046"/>
    <nd ref="11012358095"/>
    <tag k="footway" v="sidewalk"/>
    <tag k="highway" v="footway"/>
    <tag k="lit" v="yes"/>
  </way>
  <way id="1185513353">
    <nd ref="11012358096"/>
    <nd ref="11012358097"/>
    <nd ref="10221850809"/>
    <tag k="footway" v="sidewalk"/>
    <tag k="highway" v="footway"/>
    <tag k="lit" v="yes"/>
  </way>
  <way id="1185513354">
    <nd ref="11012358098"/>
    <nd ref="6788861526"/>
    <nd ref="11012358099"/>
    <tag k="footway" v="traffic_island"/>
    <tag k="highway" v="footway"/>
    <tag k="lit" v="yes"/>
  </way>
  <way id="1185513355">
    <nd ref="11012358095"/>
    <nd ref="12506750886"/>
    <nd ref="11012358098"/>
    <tag k="crossing" v="traffic_signals"/>
    <tag k="crossing:markings" v="zebra"/>
    <tag k="crossing:signals" v="yes"/>
    <tag k="footway" v="crossing"/>
    <tag k="highway" v="footway"/>
    <tag k="lit" v="yes"/>
    <tag k="surface" v="sett"/>
  </way>
  <way id="1185513356">
    <nd ref="11012358099"/>
    <nd ref="12506750897"/>
    <nd ref="11012358096"/>
    <tag k="crossing" v="traffic_signals"/>
    <tag k="crossing:markings" v="zebra"/>
    <tag k="crossing:signals" v="yes"/>
    <tag k="footway" v="crossing"/>
    <tag k="highway" v="footway"/>
    <tag k="lit" v="yes"/>
    <tag k="surface" v="sett"/>
  </way>
  <way id="1185513360">
    <nd ref="11012358102"/>
    <nd ref="2423862610"/>
    <tag k="footway" v="sidewalk"/>
    <tag k="highway" v="footway"/>
    <tag k="lit" v="yes"/>
  </way>
  <way id="1185513361">
    <nd ref="2423874195"/>
    <nd ref="11012358104"/>
    <tag k="footway" v="sidewalk"/>
    <tag k="highway" v="footway"/>
    <tag k="lit" v="yes"/>
  </way>
  <way id="1185513362">
    <nd ref="2423874195"/>
    <nd ref="6900476601"/>
    <nd ref="2423862610"/>
    <tag k="crossing" v="traffic_signals"/>
    <tag k="crossing:markings" v="zebra"/>
    <tag k="crossing:signals" v="yes"/>
    <tag k="footway" v="crossing"/>
    <tag k="highway" v="footway"/>
    <tag k="lit" v="yes"/>
    <tag k="traffic_signals:sound" v="yes"/>
  </way>
  <way id="1185513363">
    <nd ref="11012358030"/>
    <nd ref="2423874188"/>
    <tag k="footway" v="sidewalk"/>
    <tag k="highway" v="footway"/>
    <tag k="lit" v="yes"/>
  </way>
  <way id="1185524486">
    <nd ref="11012351511"/>
    <nd ref="6172885192"/>
    <nd ref="11012351430"/>
    <tag k="crossing" v="uncontrolled"/>
    <tag k="crossing:markings" v="yes"/>
    <tag k="footway" v="crossing"/>
    <tag k="highway" v="footway"/>
    <tag k="lit" v="yes"/>
    <tag k="surface" v="asphalt"/>
  </way>
  <way id="1185524487">
    <nd ref="11012351373"/>
    <nd ref="11012446365"/>
    <nd ref="11012351513"/>
    <tag k="crossing" v="traffic_signals"/>
    <tag k="crossing:markings" v="zebra"/>
    <tag k="crossing:signals" v="yes"/>
    <tag k="footway" v="crossing"/>
    <tag k="highway" v="footway"/>
    <tag k="lit" v="yes"/>
    <tag k="traffic_signals:sound" v="yes"/>
  </way>
  <way id="1185524488">
    <nd ref="11012351379"/>
    <nd ref="11012446368"/>
    <nd ref="3910397115"/>
    <tag k="crossing" v="uncontrolled"/>
    <tag k="crossing:markings" v="zebra"/>
    <tag k="crossing:signals" v="no"/>
    <tag k="footway" v="crossing"/>
    <tag k="highway" v="footway"/>
    <tag k="lit" v="yes"/>
  </way>
  <way id="1185524489">
    <nd ref="3910397116"/>
    <nd ref="11012446367"/>
    <nd ref="11012351536"/>
    <tag k="crossing" v="uncontrolled"/>
    <tag k="crossing:markings" v="zebra"/>
    <tag k="crossing:signals" v="no"/>
    <tag k="footway" v="crossing"/>
    <tag k="highway" v="footway"/>
    <tag k="lit" v="yes"/>
  </way>
  <way id="1185524490">
    <nd ref="11012351380"/>
    <nd ref="8143391111"/>
    <nd ref="11012351383"/>
    <tag k="crossing" v="uncontrolled"/>
    <tag k="crossing:markings" v="zebra"/>
    <tag k="footway" v="crossing"/>
    <tag k="highway" v="footway"/>
    <tag k="lit" v="yes"/>
    <tag k="surface" v="asphalt"/>
  </way>
  <way id="1185530263">
    <nd ref="12352902385"/>
    <nd ref="11010382352"/>
    <nd ref="11012458179"/>
    <tag k="footway" v="sidewalk"/>
    <tag k="highway" v="footway"/>
    <tag k="lit" v="yes"/>
    <tag k="smoothness" v="good"/>
    <tag k="surface" v="paving_stones"/>
  </way>
  <way id="1185530279">
    <nd ref="11012458193"/>
    <nd ref="11012458194"/>
    <tag k="footway" v="traffic_island"/>
    <tag k="highway" v="footway"/>
    <tag k="lit" v="yes"/>
  </way>
  <way id="1185530280">
    <nd ref="11010279262"/>
    <nd ref="6789070572"/>
    <nd ref="11012458193"/>
    <tag k="crossing" v="traffic_signals"/>
    <tag k="crossing:markings" v="zebra"/>
    <tag k="crossing:signals" v="yes"/>
    <tag k="footway" v="crossing"/>
    <tag k="highway" v="footway"/>
    <tag k="lit" v="yes"/>
    <tag k="traffic_signals:sound" v="yes"/>
  </way>
  <way id="1185530281">
    <nd ref="11012458194"/>
    <nd ref="11010279238"/>
    <tag k="crossing" v="traffic_signals"/>
    <tag k="crossing:markings" v="zebra"/>
    <tag k="crossing:signals" v="yes"/>
    <tag k="footway" v="crossing"/>
    <tag k="highway" v="footway"/>
    <tag k="lit" v="yes"/>
    <tag k="traffic_signals:sound" v="yes"/>
  </way>
  <way id="1185673529">
    <nd ref="11010279271"/>
    <nd ref="7016296619"/>
    <nd ref="11010279269"/>
    <tag k="crossing" v="uncontrolled"/>
    <tag k="crossing:markings" v="zebra"/>
    <tag k="crossing:signals" v="no"/>
    <tag k="footway" v="crossing"/>
    <tag k="highway" v="footway"/>
    <tag k="lit" v="yes"/>
  </way>
  <way id="1185673550">
    <nd ref="11010382351"/>
    <nd ref="1534568278"/>
    <tag k="footway" v="sidewalk"/>
    <tag k="highway" v="footway"/>
    <tag k="lit" v="yes"/>
    <tag k="surface" v="paving_stones"/>
  </way>
  <way id="1185673551">
    <nd ref="11012458176"/>
    <nd ref="11012351429"/>
    <tag k="footway" v="sidewalk"/>
    <tag k="highway" v="footway"/>
    <tag k="lit" v="yes"/>
    <tag k="surface" v="paving_stones"/>
  </way>
  <way id="1185691885">
    <nd ref="11012351381"/>
    <nd ref="10781484595"/>
    <tag k="footway" v="sidewalk"/>
    <tag k="highway" v="footway"/>
  </way>
  <way id="1185691886">
    <nd ref="11013832018"/>
    <nd ref="11013832019"/>
    <tag k="footway" v="sidewalk"/>
    <tag k="highway" v="footway"/>
    <tag k="lit" v="yes"/>
    <tag k="surface" v="asphalt"/>
  </way>
  <way id="1185691887">
    <nd ref="11012351376"/>
    <nd ref="3670340322"/>
    <nd ref="11013832018"/>
    <tag k="crossing" v="uncontrolled"/>
    <tag k="crossing:markings" v="zebra"/>
    <tag k="crossing:signals" v="no"/>
    <tag k="footway" v="crossing"/>
    <tag k="highway" v="footway"/>
    <tag k="lit" v="yes"/>
  </way>
  <way id="1185691888">
    <nd ref="11013832019"/>
    <nd ref="8143391109"/>
    <nd ref="11012351533"/>
    <tag k="crossing" v="uncontrolled"/>
    <tag k="crossing:markings" v="zebra"/>
    <tag k="crossing:signals" v="no"/>
    <tag k="footway" v="crossing"/>
    <tag k="highway" v="footway"/>
    <tag k="lit" v="yes"/>
    <tag k="surface" v="asphalt"/>
  </way>
  <way id="1185691945">
    <nd ref="11013849121"/>
    <nd ref="11013849122"/>
    <nd ref="12182651404"/>
    <nd ref="12182643944"/>
    <nd ref="937854516"/>
    <nd ref="11013849123"/>
    <nd ref="12182644977"/>
    <nd ref="12182590506"/>
    <nd ref="12182635673"/>
    <nd ref="11013849124"/>
    <nd ref="11013849125"/>
    <nd ref="937854378"/>
    <tag k="footway" v="sidewalk"/>
    <tag k="highway" v="footway"/>
    <tag k="lit" v="yes"/>
    <tag k="surface" v="unpaved"/>
  </way>
  <way id="1185691946">
    <nd ref="11013849131"/>
    <nd ref="11013849130"/>
    <nd ref="11013849129"/>
    <nd ref="11013849126"/>
    <nd ref="11013849127"/>
    <nd ref="11013849128"/>
    <tag k="footway" v="sidewalk"/>
    <tag k="highway" v="footway"/>
    <tag k="lit" v="yes"/>
  </way>
  <way id="1185691947">
    <nd ref="11013849193"/>
    <nd ref="11013849136"/>
    <nd ref="11013849135"/>
    <nd ref="11015475110"/>
    <nd ref="11013849134"/>
    <nd ref="11015475113"/>
    <nd ref="11013849133"/>
    <nd ref="11013849132"/>
    <nd ref="11013849131"/>
    <tag k="footway" v="sidewalk"/>
    <tag k="highway" v="footway"/>
    <tag k="lit" v="yes"/>
  </way>
  <way id="1185691950">
    <nd ref="937950763"/>
    <nd ref="11013849150"/>
    <nd ref="937951068"/>
    <nd ref="11013849220"/>
    <nd ref="11013849151"/>
    <nd ref="11013849152"/>
    <nd ref="11013849153"/>
    <nd ref="11013849154"/>
    <tag k="footway" v="sidewalk"/>
    <tag k="highway" v="footway"/>
    <tag k="lit" v="yes"/>
  </way>
  <way id="1185691951">
    <nd ref="11013849152"/>
    <nd ref="11013849155"/>
    <tag k="highway" v="footway"/>
    <tag k="lit" v="yes"/>
  </way>
  <way id="1185691952">
    <nd ref="11013849158"/>
    <nd ref="11013849157"/>
    <nd ref="11013849156"/>
    <nd ref="11013849152"/>
    <tag k="highway" v="footway"/>
    <tag k="lit" v="yes"/>
    <tag k="surface" v="unpaved"/>
  </way>
  <way id="1185691953">
    <nd ref="937950870"/>
    <nd ref="937951239"/>
    <nd ref="937950399"/>
    <nd ref="11013849160"/>
    <nd ref="11013849158"/>
    <tag k="footway" v="sidewalk"/>
    <tag k="highway" v="footway"/>
    <tag k="lit" v="yes"/>
    <tag k="surface" v="unpaved"/>
  </way>
  <way id="1185691998">
    <nd ref="937854378"/>
    <nd ref="6260279857"/>
    <nd ref="11010598630"/>
    <tag k="crossing" v="traffic_signals"/>
    <tag k="footway" v="crossing"/>
    <tag k="highway" v="footway"/>
    <tag k="lit" v="yes"/>
    <tag k="traffic_signals:sound" v="yes"/>
  </way>
  <way id="1185691999">
    <nd ref="11013849211"/>
    <nd ref="11013849212"/>
    <tag k="footway" v="sidewalk"/>
    <tag k="highway" v="footway"/>
  </way>
  <way id="1185692000">
    <nd ref="11013849128"/>
    <nd ref="11013849213"/>
    <nd ref="11013849211"/>
    <tag k="crossing" v="uncontrolled"/>
    <tag k="crossing:markings" v="zebra"/>
    <tag k="crossing:signals" v="no"/>
    <tag k="footway" v="crossing"/>
    <tag k="highway" v="footway"/>
    <tag k="lit" v="yes"/>
  </way>
  <way id="1185692001">
    <nd ref="11010598654"/>
    <nd ref="11013849216"/>
    <nd ref="11013849214"/>
    <tag k="footway" v="sidewalk"/>
    <tag k="highway" v="footway"/>
  </way>
  <way id="1185692002">
    <nd ref="12198028955"/>
    <nd ref="12198028957"/>
    <nd ref="12198028954"/>
    <nd ref="11013849216"/>
    <tag k="footway" v="sidewalk"/>
    <tag k="highway" v="footway"/>
    <tag k="lit" v="yes"/>
  </way>
  <way id="1185692003">
    <nd ref="11013849159"/>
    <nd ref="6260256966"/>
    <nd ref="11013849214"/>
    <tag k="crossing" v="traffic_signals"/>
    <tag k="footway" v="crossing"/>
    <tag k="highway" v="footway"/>
    <tag k="lit" v="yes"/>
  </way>
  <way id="1185692004">
    <nd ref="11013849219"/>
    <nd ref="11013849220"/>
    <tag k="footway" v="sidewalk"/>
    <tag k="highway" v="footway"/>
    <tag k="lit" v="yes"/>
  </way>
  <way id="1185692005">
    <nd ref="11011990832"/>
    <nd ref="6900262915"/>
    <nd ref="11013849219"/>
    <tag k="crossing" v="uncontrolled"/>
    <tag k="crossing:markings" v="yes"/>
    <tag k="footway" v="crossing"/>
    <tag k="highway" v="footway"/>
    <tag k="lit" v="yes"/>
  </way>
  <way id="1185692006">
    <nd ref="11011990831"/>
    <nd ref="6900297388"/>
    <nd ref="11013849155"/>
    <tag k="crossing" v="uncontrolled"/>
    <tag k="footway" v="crossing"/>
    <tag k="highway" v="footway"/>
    <tag k="lit" v="yes"/>
  </way>
  <way id="1185908536">
    <nd ref="13363596191"/>
    <nd ref="6260256966"/>
    <nd ref="291593917"/>
    <nd ref="6900304746"/>
    <nd ref="176932324"/>
    <nd ref="6900297388"/>
    <nd ref="6900262915"/>
    <nd ref="27286696"/>
    <nd ref="937868723"/>
    <nd ref="291595872"/>
    <nd ref="6900199175"/>
    <nd ref="27286690"/>
    <nd ref="6412021717"/>
    <nd ref="27286689"/>
    <tag k="highway" v="residential"/>
    <tag k="lit" v="yes"/>
    <tag k="maxspeed" v="30"/>
    <tag k="name" v="Avenue Foch"/>
    <tag k="name:eo" v="Avenuo Foch"/>
    <tag k="name:etymology:wikidata" v="Q192615"/>
    <tag k="name:zh" v="福煦大街"/>
    <tag k="name:zh-Hans" v="福煦大街"/>
    <tag k="name:zh-Hant" v="福煦大街"/>
    <tag k="oneway" v="yes"/>
    <tag k="sidewalk:both" v="separate"/>
    <tag k="source:maxspeed" v="FR:urban"/>
    <tag k="wikidata" v="Q790562"/>
    <tag k="wikipedia" v="fr:Avenue Foch (Paris)"/>
  </way>
  <way id="1185908558">
    <nd ref="11013849131"/>
    <nd ref="937854479"/>
    <tag k="footway" v="sidewalk"/>
    <tag k="highway" v="footway"/>
    <tag k="lit" v="yes"/>
  </way>
  <way id="1185908559">
    <nd ref="937854479"/>
    <nd ref="6803050715"/>
    <nd ref="11010598629"/>
    <tag k="crossing" v="uncontrolled"/>
    <tag k="crossing:markings" v="yes"/>
    <tag k="footway" v="crossing"/>
    <tag k="highway" v="footway"/>
    <tag k="lit" v="yes"/>
  </way>
  <way id="1185915539">
    <nd ref="11015526633"/>
    <nd ref="11015526632"/>
    <nd ref="11015526631"/>
    <nd ref="11015526630"/>
    <nd ref="11015526629"/>
    <nd ref="11015526628"/>
    <tag k="footway" v="sidewalk"/>
    <tag k="highway" v="footway"/>
    <tag k="lit" v="yes"/>
    <tag k="smoothness" v="excellent"/>
    <tag k="surface" v="asphalt"/>
  </way>
  <way id="1185915540">
    <nd ref="11012233213"/>
    <nd ref="11015526634"/>
    <nd ref="11015526635"/>
    <nd ref="11015526632"/>
    <tag k="footway" v="sidewalk"/>
    <tag k="highway" v="footway"/>
    <tag k="lit" v="yes"/>
    <tag k="smoothness" v="excellent"/>
    <tag k="surface" v="asphalt"/>
  </way>
  <way id="1185915541">
    <nd ref="11015526636"/>
    <nd ref="11015526637"/>
    <tag k="footway" v="sidewalk"/>
    <tag k="highway" v="footway"/>
    <tag k="lit" v="yes"/>
    <tag k="smoothness" v="excellent"/>
    <tag k="surface" v="asphalt"/>
  </way>
  <way id="1185915543">
    <nd ref="11015526640"/>
    <nd ref="931762294"/>
    <nd ref="11015526641"/>
    <tag k="footway" v="traffic_island"/>
    <tag k="highway" v="footway"/>
    <tag k="lit" v="yes"/>
    <tag k="surface" v="sett"/>
  </way>
  <way id="1185915544">
    <nd ref="11015526633"/>
    <nd ref="931762280"/>
    <nd ref="11015526636"/>
    <tag k="crossing" v="uncontrolled"/>
    <tag k="footway" v="crossing"/>
    <tag k="highway" v="footway"/>
    <tag k="lit" v="yes"/>
    <tag k="smoothness" v="excellent"/>
    <tag k="surface" v="asphalt"/>
  </way>
  <way id="1185915545">
    <nd ref="11015526639"/>
    <nd ref="6170781443"/>
    <nd ref="11333186736"/>
    <nd ref="11015526641"/>
    <tag k="crossing" v="uncontrolled"/>
    <tag k="crossing:markings" v="zebra"/>
    <tag k="footway" v="crossing"/>
    <tag k="highway" v="footway"/>
    <tag k="lit" v="yes"/>
    <tag k="surface" v="sett"/>
  </way>
  <way id="1185915546">
    <nd ref="11015526637"/>
    <nd ref="11333186759"/>
    <nd ref="11015526640"/>
    <tag k="crossing" v="uncontrolled"/>
    <tag k="crossing:markings" v="zebra"/>
    <tag k="footway" v="crossing"/>
    <tag k="highway" v="footway"/>
    <tag k="lit" v="yes"/>
    <tag k="smoothness" v="intermediate"/>
    <tag k="surface" v="sett"/>
  </way>
  <way id="1185915547">
    <nd ref="11015526645"/>
    <nd ref="11015526661"/>
    <nd ref="11015526644"/>
    <tag k="crossing" v="marked"/>
    <tag k="crossing:markings" v="zebra"/>
    <tag k="footway" v="crossing"/>
    <tag k="highway" v="footway"/>
    <tag k="lit" v="yes"/>
  </way>
  <way id="1185915548">
    <nd ref="11015526642"/>
    <nd ref="11015526645"/>
    <tag k="footway" v="sidewalk"/>
    <tag k="highway" v="footway"/>
    <tag k="lit" v="yes"/>
  </way>
  <way id="1185915549">
    <nd ref="11015526644"/>
    <nd ref="11015526643"/>
    <tag k="footway" v="sidewalk"/>
    <tag k="highway" v="footway"/>
  </way>
  <way id="1185915550">
    <nd ref="11015526646"/>
    <nd ref="11015526648"/>
    <nd ref="11015526647"/>
    <tag k="footway" v="traffic_island"/>
    <tag k="highway" v="footway"/>
    <tag k="lit" v="yes"/>
  </way>
  <way id="1185915551">
    <nd ref="11015526642"/>
    <nd ref="11333186735"/>
    <nd ref="11015526647"/>
    <tag k="crossing" v="traffic_signals"/>
    <tag k="crossing:markings" v="zebra"/>
    <tag k="crossing:signals" v="yes"/>
    <tag k="footway" v="crossing"/>
    <tag k="highway" v="footway"/>
    <tag k="lit" v="yes"/>
  </way>
  <way id="1185915552">
    <nd ref="11015526646"/>
    <nd ref="11333186760"/>
    <nd ref="11015526649"/>
    <tag k="crossing" v="traffic_signals"/>
    <tag k="crossing:markings" v="zebra"/>
    <tag k="crossing:signals" v="yes"/>
    <tag k="footway" v="crossing"/>
    <tag k="highway" v="footway"/>
    <tag k="lit" v="yes"/>
  </way>
  <way id="1185915553">
    <nd ref="11015526651"/>
    <nd ref="11015526659"/>
    <nd ref="11015526652"/>
    <tag k="crossing" v="unmarked"/>
    <tag k="crossing:markings" v="no"/>
    <tag k="footway" v="crossing"/>
    <tag k="highway" v="footway"/>
    <tag k="lit" v="yes"/>
  </way>
  <way id="1185915554">
    <nd ref="11015526652"/>
    <nd ref="11015526649"/>
    <tag k="footway" v="sidewalk"/>
    <tag k="highway" v="footway"/>
    <tag k="lit" v="yes"/>
  </way>
  <way id="1185915555">
    <nd ref="11015526650"/>
    <nd ref="11015526651"/>
    <tag k="footway" v="sidewalk"/>
    <tag k="highway" v="footway"/>
    <tag k="lit" v="yes"/>
  </way>
  <way id="1185915556">
    <nd ref="11015526653"/>
    <nd ref="11015526654"/>
    <tag k="footway" v="sidewalk"/>
    <tag k="highway" v="footway"/>
    <tag k="lit" v="yes"/>
  </way>
  <way id="1185915557">
    <nd ref="11015526655"/>
    <nd ref="11015526656"/>
    <tag k="footway" v="sidewalk"/>
    <tag k="highway" v="footway"/>
    <tag k="lit" v="yes"/>
  </way>
  <way id="1185915558">
    <nd ref="11015526657"/>
    <nd ref="937873395"/>
    <nd ref="11015526658"/>
    <tag k="footway" v="traffic_island"/>
    <tag k="highway" v="footway"/>
    <tag k="lit" v="yes"/>
    <tag k="surface" v="asphalt"/>
  </way>
  <way id="1185915559">
    <nd ref="11015526655"/>
    <nd ref="11333186733"/>
    <nd ref="11015526658"/>
    <tag k="crossing" v="traffic_signals"/>
    <tag k="crossing:markings" v="zebra"/>
    <tag k="crossing:signals" v="yes"/>
    <tag k="footway" v="crossing"/>
    <tag k="highway" v="footway"/>
    <tag k="lit" v="yes"/>
    <tag k="surface" v="asphalt"/>
  </way>
  <way id="1185915560">
    <nd ref="11015526657"/>
    <nd ref="11333186762"/>
    <nd ref="11015526654"/>
    <tag k="crossing" v="traffic_signals"/>
    <tag k="crossing:markings" v="zebra"/>
    <tag k="crossing:signals" v="yes"/>
    <tag k="footway" v="crossing"/>
    <tag k="highway" v="footway"/>
    <tag k="lit" v="yes"/>
    <tag k="surface" v="asphalt"/>
  </way>
  <way id="1185915561">
    <nd ref="11015526653"/>
    <nd ref="6170799815"/>
    <nd ref="11012233188"/>
    <tag k="crossing" v="uncontrolled"/>
    <tag k="crossing:markings" v="zebra"/>
    <tag k="footway" v="crossing"/>
    <tag k="highway" v="footway"/>
    <tag k="lit" v="yes"/>
  </way>
  <way id="1185918807">
    <nd ref="11875210586"/>
    <nd ref="11015558769"/>
    <tag k="footway" v="sidewalk"/>
    <tag k="highway" v="footway"/>
    <tag k="lit" v="yes"/>
    <tag k="smoothness" v="excellent"/>
    <tag k="surface" v="asphalt"/>
  </way>
  <way id="1185918808">
    <nd ref="11007710167"/>
    <nd ref="6258312042"/>
    <nd ref="11015558770"/>
    <nd ref="11015558769"/>
    <tag k="crossing" v="traffic_signals"/>
    <tag k="crossing:markings" v="zebra"/>
    <tag k="footway" v="crossing"/>
    <tag k="highway" v="footway"/>
    <tag k="lit" v="yes"/>
    <tag k="smoothness" v="intermediate"/>
    <tag k="surface" v="sett"/>
    <tag k="traffic_signals:sound" v="yes"/>
  </way>
  <way id="1185918829">
    <nd ref="11012351514"/>
    <nd ref="11012446366"/>
    <tag k="footway" v="sidewalk"/>
    <tag k="highway" v="footway"/>
    <tag k="lit" v="yes"/>
  </way>
  <way id="1185922094">
    <nd ref="11012357950"/>
    <nd ref="1961571562"/>
    <nd ref="6258340116"/>
    <nd ref="11015571133"/>
    <tag k="crossing" v="traffic_signals"/>
    <tag k="footway" v="crossing"/>
    <tag k="highway" v="footway"/>
    <tag k="lit" v="yes"/>
  </way>
  <way id="1185922095">
    <nd ref="11012233204"/>
    <nd ref="11015571135"/>
    <nd ref="11015571134"/>
    <tag k="crossing" v="uncontrolled"/>
    <tag k="footway" v="crossing"/>
    <tag k="highway" v="footway"/>
    <tag k="lit" v="yes"/>
  </way>
  <way id="1185922096">
    <nd ref="11015571134"/>
    <nd ref="11015571133"/>
    <tag k="footway" v="traffic_island"/>
    <tag k="highway" v="footway"/>
    <tag k="lit" v="yes"/>
  </way>
  <way id="1185930976">
    <nd ref="11015661115"/>
    <nd ref="11012351366"/>
    <tag k="footway" v="sidewalk"/>
    <tag k="highway" v="footway"/>
    <tag k="lit" v="yes"/>
  </way>
  <way id="1185930977">
    <nd ref="11015661119"/>
    <nd ref="11015661118"/>
    <nd ref="11015661116"/>
    <nd ref="11015661117"/>
    <tag k="footway" v="sidewalk"/>
    <tag k="highway" v="footway"/>
  </way>
  <way id="1185930978">
    <nd ref="11015661118"/>
    <nd ref="12183015034"/>
    <nd ref="11015661121"/>
    <nd ref="11015661122"/>
    <nd ref="11015661123"/>
    <nd ref="11015661124"/>
    <nd ref="11015661125"/>
    <tag k="footway" v="sidewalk"/>
    <tag k="highway" v="footway"/>
  </way>
  <way id="1185930979">
    <nd ref="11015661128"/>
    <nd ref="11015661126"/>
    <nd ref="11015661124"/>
    <tag k="footway" v="sidewalk"/>
    <tag k="highway" v="footway"/>
  </way>
  <way id="1185930980">
    <nd ref="10781494028"/>
    <nd ref="11015661132"/>
    <nd ref="13073265916"/>
    <nd ref="11015661126"/>
    <tag k="footway" v="sidewalk"/>
    <tag k="highway" v="footway"/>
    <tag k="smoothness" v="good"/>
    <tag k="surface" v="asphalt"/>
  </way>
  <way id="1185930981">
    <nd ref="10781494035"/>
    <nd ref="11015661134"/>
    <nd ref="11015661133"/>
    <nd ref="11015661132"/>
    <tag k="footway" v="sidewalk"/>
    <tag k="highway" v="footway"/>
  </way>
  <way id="1185930982">
    <nd ref="11015661134"/>
    <nd ref="11015661135"/>
    <nd ref="11015661136"/>
    <nd ref="11015661138"/>
    <nd ref="10781484593"/>
    <tag k="footway" v="sidewalk"/>
    <tag k="highway" v="footway"/>
  </way>
  <way id="1185930983">
    <nd ref="11015661136"/>
    <nd ref="11015661137"/>
    <nd ref="12183015034"/>
    <tag k="footway" v="sidewalk"/>
    <tag k="highway" v="footway"/>
    <tag k="surface" v="asphalt"/>
  </way>
  <way id="1185930984">
    <nd ref="11015661117"/>
    <nd ref="3670340324"/>
    <nd ref="11015661115"/>
    <tag k="crossing" v="traffic_signals"/>
    <tag k="crossing:markings" v="zebra"/>
    <tag k="crossing:signals" v="yes"/>
    <tag k="footway" v="crossing"/>
    <tag k="highway" v="footway"/>
    <tag k="lit" v="yes"/>
    <tag k="traffic_signals:sound" v="yes"/>
  </way>
  <way id="1185930985">
    <nd ref="11015661139"/>
    <nd ref="11015661140"/>
    <tag k="footway" v="traffic_island"/>
    <tag k="highway" v="footway"/>
  </way>
  <way id="1185930986">
    <nd ref="11015661144"/>
    <nd ref="11015661143"/>
    <nd ref="11015661164"/>
    <nd ref="11015661142"/>
    <tag k="footway" v="sidewalk"/>
    <tag k="highway" v="footway"/>
    <tag k="lit" v="yes"/>
  </way>
  <way id="1185930987">
    <nd ref="11015661128"/>
    <nd ref="270087608"/>
    <nd ref="11015661139"/>
    <tag k="crossing" v="traffic_signals"/>
    <tag k="crossing:markings" v="zebra"/>
    <tag k="crossing:signals" v="yes"/>
    <tag k="footway" v="crossing"/>
    <tag k="highway" v="footway"/>
  </way>
  <way id="1185930988">
    <nd ref="11015661142"/>
    <nd ref="6788929236"/>
    <nd ref="11015661140"/>
    <tag k="crossing" v="traffic_signals"/>
    <tag k="crossing:markings" v="zebra"/>
    <tag k="crossing:signals" v="yes"/>
    <tag k="footway" v="crossing"/>
    <tag k="highway" v="footway"/>
  </way>
  <way id="1185930989">
    <nd ref="11015661143"/>
    <nd ref="11015661157"/>
    <nd ref="11015661146"/>
    <nd ref="11015661147"/>
    <nd ref="11015661148"/>
    <nd ref="11015661149"/>
    <nd ref="11015661150"/>
    <nd ref="911471275"/>
    <tag k="footway" v="sidewalk"/>
    <tag k="highway" v="footway"/>
    <tag k="lit" v="yes"/>
  </way>
  <way id="1185930990">
    <nd ref="11015661150"/>
    <nd ref="11015661151"/>
    <nd ref="911471411"/>
    <tag k="footway" v="sidewalk"/>
    <tag k="highway" v="footway"/>
    <tag k="lit" v="yes"/>
  </way>
  <way id="1185930991">
    <nd ref="11015661162"/>
    <nd ref="11015661153"/>
    <nd ref="11015661152"/>
    <nd ref="11015661151"/>
    <tag k="footway" v="sidewalk"/>
    <tag k="highway" v="footway"/>
    <tag k="lit" v="yes"/>
  </way>
  <way id="1185930992">
    <nd ref="10781494038"/>
    <nd ref="911471501"/>
    <nd ref="11015661155"/>
    <nd ref="11015661154"/>
    <nd ref="11015661153"/>
    <tag k="footway" v="sidewalk"/>
    <tag k="highway" v="footway"/>
    <tag k="lit" v="yes"/>
  </way>
  <way id="1185930993">
    <nd ref="11015661155"/>
    <nd ref="11015661156"/>
    <nd ref="11070685428"/>
    <nd ref="11070685423"/>
    <nd ref="11015661157"/>
    <tag k="footway" v="sidewalk"/>
    <tag k="highway" v="footway"/>
    <tag k="smoothness" v="good"/>
    <tag k="surface" v="asphalt"/>
  </way>
  <way id="1185930994">
    <nd ref="11012358069"/>
    <nd ref="12506750890"/>
    <nd ref="11015661158"/>
    <tag k="crossing" v="traffic_signals"/>
    <tag k="crossing:markings" v="zebra"/>
    <tag k="crossing:signals" v="yes"/>
    <tag k="footway" v="crossing"/>
    <tag k="highway" v="footway"/>
    <tag k="lit" v="yes"/>
  </way>
  <way id="1185930995">
    <nd ref="11015661159"/>
    <nd ref="6788918924"/>
    <nd ref="11015661158"/>
    <tag k="footway" v="traffic_island"/>
    <tag k="highway" v="footway"/>
    <tag k="lit" v="yes"/>
    <tag k="surface" v="sett"/>
  </way>
  <way id="1185930996">
    <nd ref="911471411"/>
    <nd ref="12520806790"/>
    <nd ref="11015661159"/>
    <tag k="crossing" v="traffic_signals"/>
    <tag k="crossing:markings" v="zebra"/>
    <tag k="crossing:signals" v="yes"/>
    <tag k="footway" v="crossing"/>
    <tag k="highway" v="footway"/>
    <tag k="lit" v="yes"/>
  </way>
  <way id="1185930997">
    <nd ref="11012358097"/>
    <nd ref="10221850750"/>
    <nd ref="11015661163"/>
    <tag k="footway" v="sidewalk"/>
    <tag k="highway" v="footway"/>
    <tag k="lit" v="yes"/>
    <tag k="surface" v="asphalt"/>
  </way>
  <way id="1185930998">
    <nd ref="11015661163"/>
    <nd ref="6788935918"/>
    <nd ref="11015661162"/>
    <tag k="crossing" v="uncontrolled"/>
    <tag k="crossing:markings" v="zebra"/>
    <tag k="crossing:signals" v="no"/>
    <tag k="footway" v="crossing"/>
    <tag k="highway" v="footway"/>
    <tag k="lit" v="yes"/>
  </way>
  <way id="1192585563">
    <nd ref="11070666330"/>
    <nd ref="8143411226"/>
    <nd ref="11070666331"/>
    <tag k="crossing" v="uncontrolled"/>
    <tag k="footway" v="crossing"/>
    <tag k="highway" v="footway"/>
    <tag k="lit" v="yes"/>
  </way>
  <way id="1192585564">
    <nd ref="11070666331"/>
    <nd ref="11070666332"/>
    <tag k="footway" v="sidewalk"/>
    <tag k="highway" v="footway"/>
    <tag k="lit" v="yes"/>
  </way>
  <way id="1192585565">
    <nd ref="11070666330"/>
    <nd ref="1962536787"/>
    <tag k="footway" v="traffic_island"/>
    <tag k="highway" v="footway"/>
    <tag k="lit" v="yes"/>
  </way>
  <way id="1192585566">
    <nd ref="11070666333"/>
    <nd ref="6258338527"/>
    <nd ref="11070666334"/>
    <tag k="crossing" v="traffic_signals"/>
    <tag k="crossing:markings" v="zebra"/>
    <tag k="crossing:signals" v="yes"/>
    <tag k="footway" v="crossing"/>
    <tag k="highway" v="footway"/>
    <tag k="lit" v="yes"/>
    <tag k="surface" v="asphalt"/>
    <tag k="traffic_signals:sound" v="yes"/>
  </way>
  <way id="1192585568">
    <nd ref="11012233198"/>
    <nd ref="6258334508"/>
    <nd ref="11070666343"/>
    <nd ref="1363049956"/>
    <tag k="crossing" v="traffic_signals"/>
    <tag k="crossing:markings" v="zebra"/>
    <tag k="crossing:signals" v="yes"/>
    <tag k="footway" v="crossing"/>
    <tag k="highway" v="footway"/>
    <tag k="lit" v="yes"/>
    <tag k="surface" v="asphalt"/>
  </way>
  <way id="1192585569">
    <nd ref="11070666335"/>
    <nd ref="6258334339"/>
    <nd ref="11070666336"/>
    <tag k="crossing" v="traffic_signals"/>
    <tag k="crossing:markings" v="zebra"/>
    <tag k="crossing:signals" v="yes"/>
    <tag k="footway" v="crossing"/>
    <tag k="highway" v="footway"/>
    <tag k="lit" v="yes"/>
    <tag k="traffic_signals:sound" v="yes"/>
  </way>
  <way id="1192585570">
    <nd ref="11070666337"/>
    <nd ref="21659959"/>
    <nd ref="11070666341"/>
    <nd ref="1363046293"/>
    <tag k="crossing" v="traffic_signals"/>
    <tag k="crossing:markings" v="zebra"/>
    <tag k="crossing:signals" v="yes"/>
    <tag k="footway" v="crossing"/>
    <tag k="highway" v="footway"/>
    <tag k="lit" v="yes"/>
    <tag k="traffic_signals:sound" v="yes"/>
  </way>
  <way id="1192585571">
    <nd ref="11070666337"/>
    <nd ref="11012358027"/>
    <tag k="footway" v="sidewalk"/>
    <tag k="highway" v="footway"/>
    <tag k="lit" v="yes"/>
  </way>
  <way id="1192585572">
    <nd ref="11070666338"/>
    <nd ref="11070666334"/>
    <tag k="footway" v="sidewalk"/>
    <tag k="highway" v="footway"/>
    <tag k="lit" v="yes"/>
  </way>
  <way id="1192585573">
    <nd ref="11070666339"/>
    <nd ref="6258328219"/>
    <nd ref="11070666344"/>
    <nd ref="11070666340"/>
    <tag k="crossing" v="traffic_signals"/>
    <tag k="crossing:markings" v="zebra"/>
    <tag k="footway" v="crossing"/>
    <tag k="highway" v="footway"/>
    <tag k="lit" v="yes"/>
    <tag k="surface" v="asphalt"/>
    <tag k="traffic_signals:sound" v="yes"/>
  </way>
  <way id="1192585574">
    <nd ref="11070666339"/>
    <nd ref="11010598641"/>
    <tag k="footway" v="sidewalk"/>
    <tag k="highway" v="footway"/>
    <tag k="lit" v="yes"/>
    <tag k="surface" v="asphalt"/>
  </way>
  <way id="1192587938">
    <nd ref="1363046322"/>
    <nd ref="11070685414"/>
    <nd ref="1107448429"/>
    <nd ref="2423874188"/>
    <tag k="crossing" v="traffic_signals"/>
    <tag k="crossing:markings" v="zebra"/>
    <tag k="crossing:signals" v="yes"/>
    <tag k="footway" v="crossing"/>
    <tag k="highway" v="footway"/>
    <tag k="lit" v="yes"/>
    <tag k="traffic_signals:sound" v="yes"/>
  </way>
  <way id="1192587939">
    <nd ref="1363046314"/>
    <nd ref="6900474603"/>
    <nd ref="911471188"/>
    <tag k="crossing" v="traffic_signals"/>
    <tag k="crossing:markings" v="zebra"/>
    <tag k="crossing:signals" v="yes"/>
    <tag k="footway" v="crossing"/>
    <tag k="highway" v="footway"/>
    <tag k="lit" v="yes"/>
    <tag k="traffic_signals:sound" v="yes"/>
  </way>
  <way id="1192587940">
    <nd ref="2423862601"/>
    <nd ref="6900470715"/>
    <nd ref="11070685415"/>
    <nd ref="911471399"/>
    <tag k="crossing" v="traffic_signals"/>
    <tag k="crossing:markings" v="zebra"/>
    <tag k="crossing:signals" v="yes"/>
    <tag k="footway" v="crossing"/>
    <tag k="highway" v="footway"/>
    <tag k="lit" v="yes"/>
    <tag k="traffic_signals:sound" v="yes"/>
  </way>
  <way id="1192587941">
    <nd ref="911471110"/>
    <nd ref="11070685417"/>
    <nd ref="6788923814"/>
    <nd ref="8987468874"/>
    <tag k="crossing" v="traffic_signals"/>
    <tag k="crossing:markings" v="zebra"/>
    <tag k="crossing:signals" v="yes"/>
    <tag k="footway" v="crossing"/>
    <tag k="highway" v="footway"/>
    <tag k="lit" v="yes"/>
    <tag k="traffic_signals:sound" v="yes"/>
  </way>
  <way id="1192587942">
    <nd ref="911471139"/>
    <nd ref="13165837600"/>
    <nd ref="8987468894"/>
    <tag k="crossing" v="traffic_signals"/>
    <tag k="crossing:island" v="yes"/>
    <tag k="crossing:markings" v="zebra"/>
    <tag k="crossing:signals" v="yes"/>
    <tag k="footway" v="crossing"/>
    <tag k="highway" v="footway"/>
    <tag k="lit" v="yes"/>
  </way>
  <way id="1192587943">
    <nd ref="8987468897"/>
    <nd ref="11070685419"/>
    <nd ref="838122286"/>
    <nd ref="911471275"/>
    <tag k="crossing" v="traffic_signals"/>
    <tag k="crossing:markings" v="zebra"/>
    <tag k="crossing:signals" v="yes"/>
    <tag k="footway" v="crossing"/>
    <tag k="highway" v="footway"/>
    <tag k="lit" v="yes"/>
    <tag k="traffic_signals:sound" v="yes"/>
  </way>
  <way id="1192587944">
    <nd ref="838121900"/>
    <nd ref="11070685429"/>
    <nd ref="3670345639"/>
    <nd ref="11015661125"/>
    <tag k="crossing" v="traffic_signals"/>
    <tag k="crossing:markings" v="zebra"/>
    <tag k="crossing:signals" v="yes"/>
    <tag k="footway" v="crossing"/>
    <tag k="highway" v="footway"/>
    <tag k="lit" v="yes"/>
    <tag k="traffic_signals:sound" v="yes"/>
  </way>
  <way id="1192587945">
    <nd ref="838123002"/>
    <nd ref="6788917774"/>
    <nd ref="838122681"/>
    <tag k="crossing" v="traffic_signals"/>
    <tag k="crossing:markings" v="zebra"/>
    <tag k="crossing:signals" v="yes"/>
    <tag k="footway" v="crossing"/>
    <tag k="highway" v="footway"/>
    <tag k="lit" v="yes"/>
    <tag k="traffic_signals:sound" v="yes"/>
  </way>
  <way id="1192587946">
    <nd ref="11070685421"/>
    <nd ref="8143411219"/>
    <nd ref="11070685422"/>
    <tag k="crossing" v="uncontrolled"/>
    <tag k="crossing:markings" v="zebra"/>
    <tag k="crossing:signals" v="no"/>
    <tag k="footway" v="crossing"/>
    <tag k="highway" v="footway"/>
  </way>
  <way id="1192587947">
    <nd ref="11070685421"/>
    <nd ref="11070685423"/>
    <tag k="footway" v="sidewalk"/>
    <tag k="highway" v="footway"/>
  </way>
  <way id="1192587948">
    <nd ref="11070685422"/>
    <nd ref="11070685424"/>
    <nd ref="11070685425"/>
    <nd ref="11070685426"/>
    <tag k="footway" v="sidewalk"/>
    <tag k="highway" v="footway"/>
    <tag k="smoothness" v="good"/>
    <tag k="surface" v="asphalt"/>
  </way>
  <way id="1192587949">
    <nd ref="11070685426"/>
    <nd ref="8143411218"/>
    <nd ref="11070685427"/>
    <tag k="crossing" v="uncontrolled"/>
    <tag k="crossing:markings" v="zebra"/>
    <tag k="crossing:signals" v="no"/>
    <tag k="footway" v="crossing"/>
    <tag k="highway" v="footway"/>
    <tag k="smoothness" v="intermediate"/>
    <tag k="surface" v="asphalt"/>
  </way>
  <way id="1192587950">
    <nd ref="11070685427"/>
    <nd ref="11070685428"/>
    <tag k="footway" v="sidewalk"/>
    <tag k="highway" v="footway"/>
    <tag k="smoothness" v="good"/>
    <tag k="surface" v="asphalt"/>
  </way>
  <way id="1192587951">
    <nd ref="838122730"/>
    <nd ref="3670340323"/>
    <nd ref="838122476"/>
    <tag k="crossing" v="traffic_signals"/>
    <tag k="crossing:markings" v="zebra"/>
    <tag k="crossing:signals" v="yes"/>
    <tag k="footway" v="crossing"/>
    <tag k="highway" v="footway"/>
    <tag k="lit" v="yes"/>
    <tag k="traffic_signals:sound" v="yes"/>
  </way>
  <way id="1192587952">
    <nd ref="838122502"/>
    <nd ref="6370024939"/>
    <nd ref="1534547345"/>
    <nd ref="1534543144"/>
    <tag k="crossing" v="traffic_signals"/>
    <tag k="crossing:markings" v="zebra"/>
    <tag k="crossing:signals" v="yes"/>
    <tag k="footway" v="crossing"/>
    <tag k="highway" v="footway"/>
    <tag k="lit" v="yes"/>
    <tag k="traffic_signals:sound" v="yes"/>
  </way>
  <way id="1192587953">
    <nd ref="11070685430"/>
    <nd ref="2334192374"/>
    <nd ref="11070685436"/>
    <nd ref="11070685431"/>
    <tag k="crossing" v="traffic_signals"/>
    <tag k="crossing:signals" v="yes"/>
    <tag k="footway" v="crossing"/>
    <tag k="highway" v="footway"/>
    <tag k="lit" v="yes"/>
    <tag k="traffic_signals:sound" v="yes"/>
  </way>
  <way id="1192587954">
    <nd ref="11011917228"/>
    <nd ref="11011917227"/>
    <nd ref="11010279282"/>
    <nd ref="11070685430"/>
    <tag k="footway" v="sidewalk"/>
    <tag k="highway" v="footway"/>
    <tag k="lit" v="yes"/>
  </way>
  <way id="1192587955">
    <nd ref="926668156"/>
    <nd ref="2334192376"/>
    <nd ref="11070685432"/>
    <tag k="crossing" v="traffic_signals"/>
    <tag k="crossing:markings" v="zebra"/>
    <tag k="crossing:signals" v="yes"/>
    <tag k="footway" v="crossing"/>
    <tag k="highway" v="footway"/>
    <tag k="lit" v="yes"/>
    <tag k="traffic_signals:sound" v="yes"/>
  </way>
  <way id="1192587956">
    <nd ref="11070685432"/>
    <nd ref="11070685433"/>
    <tag k="footway" v="traffic_island"/>
    <tag k="highway" v="footway"/>
    <tag k="lit" v="yes"/>
  </way>
  <way id="1192587957">
    <nd ref="11070685433"/>
    <nd ref="11070685434"/>
    <tag k="crossing" v="traffic_signals"/>
    <tag k="crossing:markings" v="zebra"/>
    <tag k="crossing:signals" v="yes"/>
    <tag k="footway" v="crossing"/>
    <tag k="highway" v="footway"/>
    <tag k="lit" v="yes"/>
    <tag k="traffic_signals:sound" v="yes"/>
  </way>
  <way id="1192587958">
    <nd ref="833608814"/>
    <nd ref="11070685435"/>
    <nd ref="2334192375"/>
    <nd ref="11010382368"/>
    <tag k="crossing" v="traffic_signals"/>
    <tag k="crossing:markings" v="zebra"/>
    <tag k="crossing:signals" v="yes"/>
    <tag k="footway" v="crossing"/>
    <tag k="highway" v="footway"/>
    <tag k="lit" v="yes"/>
    <tag k="traffic_signals:sound" v="yes"/>
  </way>
  <way id="1192589221">
    <nd ref="937868725"/>
    <nd ref="11875210683"/>
    <tag k="crossing" v="traffic_signals"/>
    <tag k="crossing:markings" v="zebra"/>
    <tag k="crossing:signals" v="yes"/>
    <tag k="footway" v="crossing"/>
    <tag k="highway" v="footway"/>
    <tag k="lit" v="yes"/>
  </way>
  <way id="1192592233">
    <nd ref="11070741757"/>
    <nd ref="11070741758"/>
    <nd ref="3670345644"/>
    <nd ref="11015661144"/>
    <tag k="crossing" v="uncontrolled"/>
    <tag k="crossing:markings" v="zebra"/>
    <tag k="crossing:signals" v="no"/>
    <tag k="footway" v="crossing"/>
    <tag k="highway" v="footway"/>
    <tag k="lit" v="yes"/>
    <tag k="smoothness" v="intermediate"/>
    <tag k="surface" v="asphalt"/>
  </way>
  <way id="1192592234">
    <nd ref="11070741759"/>
    <nd ref="11070741760"/>
    <nd ref="3670342625"/>
    <nd ref="11015661119"/>
    <tag k="crossing" v="traffic_signals"/>
    <tag k="crossing:markings" v="zebra"/>
    <tag k="crossing:signals" v="yes"/>
    <tag k="footway" v="crossing"/>
    <tag k="highway" v="footway"/>
    <tag k="lit" v="yes"/>
    <tag k="traffic_signals:sound" v="yes"/>
  </way>
  <way id="1192672937">
    <nd ref="11071342252"/>
    <nd ref="6258326806"/>
    <nd ref="11071342251"/>
    <nd ref="11071342250"/>
    <tag k="crossing" v="traffic_signals"/>
    <tag k="crossing:markings" v="zebra"/>
    <tag k="footway" v="crossing"/>
    <tag k="highway" v="footway"/>
    <tag k="lit" v="yes"/>
    <tag k="traffic_signals:sound" v="yes"/>
  </way>
  <way id="1192672938">
    <nd ref="11010598634"/>
    <nd ref="12198028955"/>
    <nd ref="11010598635"/>
    <nd ref="11071342253"/>
    <nd ref="11071342252"/>
    <tag k="footway" v="sidewalk"/>
    <tag k="highway" v="footway"/>
    <tag k="lit" v="no"/>
    <tag k="smoothness" v="excellent"/>
    <tag k="surface" v="asphalt"/>
  </way>
  <way id="1192672939">
    <nd ref="11071342255"/>
    <nd ref="6258325499"/>
    <nd ref="11071342254"/>
    <tag k="crossing" v="traffic_signals"/>
    <tag k="crossing:markings" v="zebra"/>
    <tag k="footway" v="crossing"/>
    <tag k="highway" v="footway"/>
    <tag k="lit" v="yes"/>
    <tag k="smoothness" v="intermediate"/>
    <tag k="surface" v="sett"/>
    <tag k="traffic_signals:sound" v="yes"/>
  </way>
  <way id="1192672940">
    <nd ref="11010529681"/>
    <nd ref="11071342256"/>
    <nd ref="11071342255"/>
    <tag k="footway" v="sidewalk"/>
    <tag k="highway" v="footway"/>
    <tag k="lit" v="yes"/>
    <tag k="surface" v="asphalt"/>
  </way>
  <way id="1192672941">
    <nd ref="11071342257"/>
    <nd ref="6454591238"/>
    <tag k="footway" v="sidewalk"/>
    <tag k="highway" v="footway"/>
    <tag k="lit" v="yes"/>
    <tag k="smoothness" v="excellent"/>
    <tag k="surface" v="asphalt"/>
  </way>
  <way id="1192672942">
    <nd ref="11875210589"/>
    <nd ref="11875210590"/>
    <nd ref="11875210591"/>
    <nd ref="11875210592"/>
    <nd ref="11875210704"/>
    <nd ref="11010529681"/>
    <tag k="footway" v="sidewalk"/>
    <tag k="highway" v="footway"/>
    <tag k="lit" v="yes"/>
    <tag k="smoothness" v="good"/>
    <tag k="surface" v="asphalt"/>
  </way>
  <way id="1192672943">
    <nd ref="936924142"/>
    <nd ref="6258311583"/>
    <nd ref="937213860"/>
    <tag k="crossing" v="traffic_signals"/>
    <tag k="crossing:markings" v="zebra"/>
    <tag k="footway" v="crossing"/>
    <tag k="highway" v="footway"/>
    <tag k="lit" v="yes"/>
    <tag k="smoothness" v="intermediate"/>
    <tag k="surface" v="sett"/>
    <tag k="traffic_signals:sound" v="yes"/>
  </way>
  <way id="1192672944">
    <nd ref="11007710164"/>
    <nd ref="6258309105"/>
    <nd ref="11071342264"/>
    <nd ref="11071342262"/>
    <tag k="crossing" v="traffic_signals"/>
    <tag k="crossing:markings" v="zebra"/>
    <tag k="footway" v="crossing"/>
    <tag k="highway" v="footway"/>
    <tag k="lit" v="yes"/>
    <tag k="surface" v="asphalt"/>
    <tag k="traffic_signals:sound" v="yes"/>
  </way>
  <way id="1192672946">
    <nd ref="11071342267"/>
    <nd ref="11071342266"/>
    <nd ref="21659952"/>
    <nd ref="11071342265"/>
    <tag k="crossing" v="traffic_signals"/>
    <tag k="crossing:markings" v="zebra"/>
    <tag k="crossing:signals" v="yes"/>
    <tag k="footway" v="crossing"/>
    <tag k="highway" v="footway"/>
    <tag k="lit" v="yes"/>
    <tag k="smoothness" v="good"/>
    <tag k="surface" v="asphalt"/>
    <tag k="traffic_signals:sound" v="yes"/>
  </way>
  <way id="1192672947">
    <nd ref="11071342269"/>
    <nd ref="6260288607"/>
    <nd ref="11071342268"/>
    <tag k="crossing" v="traffic_signals"/>
    <tag k="crossing:markings" v="zebra"/>
    <tag k="crossing:signals" v="yes"/>
    <tag k="footway" v="crossing"/>
    <tag k="highway" v="footway"/>
    <tag k="lit" v="yes"/>
    <tag k="smoothness" v="intermediate"/>
    <tag k="surface" v="asphalt"/>
    <tag k="traffic_signals:sound" v="yes"/>
  </way>
  <way id="1192672948">
    <nd ref="11071342272"/>
    <nd ref="6370024963"/>
    <nd ref="6260293310"/>
    <nd ref="11071342271"/>
    <nd ref="11071342270"/>
    <tag k="crossing" v="traffic_signals"/>
    <tag k="crossing:markings" v="zebra"/>
    <tag k="crossing:signals" v="yes"/>
    <tag k="footway" v="crossing"/>
    <tag k="highway" v="footway"/>
    <tag k="lit" v="yes"/>
    <tag k="smoothness" v="good"/>
    <tag k="surface" v="asphalt"/>
    <tag k="traffic_signals:sound" v="yes"/>
  </way>
  <way id="1192672949">
    <nd ref="11010615864"/>
    <nd ref="21660925"/>
    <nd ref="11071342273"/>
    <nd ref="926668110"/>
    <tag k="crossing" v="traffic_signals"/>
    <tag k="crossing:markings" v="zebra"/>
    <tag k="crossing:signals" v="yes"/>
    <tag k="footway" v="crossing"/>
    <tag k="highway" v="footway"/>
    <tag k="lit" v="yes"/>
    <tag k="traffic_signals:sound" v="yes"/>
  </way>
  <way id="1192672950">
    <nd ref="926668270"/>
    <nd ref="2334192372"/>
    <nd ref="11071342274"/>
    <tag k="crossing" v="traffic_signals"/>
    <tag k="crossing:markings" v="zebra"/>
    <tag k="crossing:signals" v="yes"/>
    <tag k="footway" v="crossing"/>
    <tag k="highway" v="footway"/>
    <tag k="lit" v="yes"/>
    <tag k="traffic_signals:sound" v="yes"/>
  </way>
  <way id="1192672951">
    <nd ref="11010615861"/>
    <nd ref="926662973"/>
    <nd ref="11071342276"/>
    <nd ref="11071342275"/>
    <tag k="crossing" v="traffic_signals"/>
    <tag k="crossing:markings" v="zebra"/>
    <tag k="crossing:signals" v="yes"/>
    <tag k="footway" v="crossing"/>
    <tag k="highway" v="footway"/>
    <tag k="lit" v="yes"/>
    <tag k="traffic_signals:sound" v="yes"/>
  </way>
  <way id="1213087011">
    <nd ref="11007710093"/>
    <nd ref="937213725"/>
    <tag k="highway" v="footway"/>
  </way>
  <way id="1222015746">
    <nd ref="11333186713"/>
    <nd ref="11333186759"/>
    <nd ref="11333186712"/>
    <tag k="cycleway" v="on_street"/>
    <tag k="enforcement:operator" v="Police nationale"/>
    <tag k="highway" v="cycleway"/>
    <tag k="lit" v="yes"/>
    <tag k="name" v="Avenue de la Grande Armée"/>
    <tag k="name:etymology:wikidata" v="Q504721"/>
    <tag k="name:zh" v="大军团大街"/>
    <tag k="name:zh-Hans" v="大军团大街"/>
    <tag k="name:zh-Hant" v="大軍團大街"/>
    <tag k="oneway" v="yes"/>
    <tag k="operator" v="Ville de Paris"/>
    <tag k="operator:authority" v="Maire de Paris dans le respect des prescriptions prises par le préfet de police"/>
    <tag k="operator:authority:related_law" v="III de l'article L. 2512-14 du code général des collectivités territoriales"/>
    <tag k="smoothness" v="intermediate"/>
    <tag k="source:operator:authority" v="https://www.legifrance.gouv.fr/loda/id/LEGIARTI000035244298/#LEGIARTI000035244298"/>
    <tag k="surface" v="sett"/>
    <tag k="width" v="2"/>
    <tag k="zone:traffic" v="FR:urban"/>
  </way>
  <way id="1222015747">
    <nd ref="11333186715"/>
    <nd ref="11333186714"/>
    <tag k="cycleway" v="on_street"/>
    <tag k="enforcement:operator" v="Police nationale"/>
    <tag k="highway" v="cycleway"/>
    <tag k="lit" v="yes"/>
    <tag k="name" v="Avenue de la Grande Armée"/>
    <tag k="name:etymology:wikidata" v="Q504721"/>
    <tag k="name:zh" v="大军团大街"/>
    <tag k="name:zh-Hans" v="大军团大街"/>
    <tag k="name:zh-Hant" v="大軍團大街"/>
    <tag k="oneway" v="yes"/>
    <tag k="operator" v="Ville de Paris"/>
    <tag k="operator:authority" v="Maire de Paris dans le respect des prescriptions prises par le préfet de police"/>
    <tag k="operator:authority:related_law" v="III de l'article L. 2512-14 du code général des collectivités territoriales"/>
    <tag k="smoothness" v="intermediate"/>
    <tag k="source:operator:authority" v="https://www.legifrance.gouv.fr/loda/id/LEGIARTI000035244298/#LEGIARTI000035244298"/>
    <tag k="surface" v="sett"/>
    <tag k="zone:traffic" v="FR:urban"/>
  </way>
  <way id="1222015748">
    <nd ref="11333186714"/>
    <nd ref="9471815116"/>
    <nd ref="11333186713"/>
    <tag k="crossing" v="uncontrolled"/>
    <tag k="crossing:markings" v="pictograms"/>
    <tag k="cycleway" v="crossing"/>
    <tag k="enforcement:operator" v="Police nationale"/>
    <tag k="highway" v="cycleway"/>
    <tag k="lit" v="yes"/>
    <tag k="name" v="Avenue de la Grande Armée"/>
    <tag k="name:etymology:wikidata" v="Q504721"/>
    <tag k="name:zh" v="大军团大街"/>
    <tag k="name:zh-Hans" v="大军团大街"/>
    <tag k="name:zh-Hant" v="大軍團大街"/>
    <tag k="oneway" v="yes"/>
    <tag k="operator" v="Ville de Paris"/>
    <tag k="operator:authority" v="Maire de Paris dans le respect des prescriptions prises par le préfet de police"/>
    <tag k="operator:authority:related_law" v="III de l'article L. 2512-14 du code général des collectivités territoriales"/>
    <tag k="smoothness" v="intermediate"/>
    <tag k="source:operator:authority" v="https://www.legifrance.gouv.fr/loda/id/LEGIARTI000035244298/#LEGIARTI000035244298"/>
    <tag k="surface" v="sett"/>
    <tag k="zone:traffic" v="FR:urban"/>
  </way>
  <way id="1222015749">
    <nd ref="9471837421"/>
    <nd ref="11333186760"/>
    <nd ref="9471837451"/>
    <nd ref="11333186715"/>
    <tag k="cycleway" v="crossing"/>
    <tag k="enforcement:operator" v="Police nationale"/>
    <tag k="highway" v="cycleway"/>
    <tag k="lit" v="yes"/>
    <tag k="name" v="Avenue de la Grande Armée"/>
    <tag k="name:etymology:wikidata" v="Q504721"/>
    <tag k="name:zh" v="大军团大街"/>
    <tag k="name:zh-Hans" v="大军团大街"/>
    <tag k="name:zh-Hant" v="大軍團大街"/>
    <tag k="oneway" v="yes"/>
    <tag k="operator" v="Ville de Paris"/>
    <tag k="operator:authority" v="Maire de Paris dans le respect des prescriptions prises par le préfet de police"/>
    <tag k="operator:authority:related_law" v="III de l'article L. 2512-14 du code général des collectivités territoriales"/>
    <tag k="smoothness" v="intermediate"/>
    <tag k="source:operator:authority" v="https://www.legifrance.gouv.fr/loda/id/LEGIARTI000035244298/#LEGIARTI000035244298"/>
    <tag k="surface" v="sett"/>
    <tag k="zone:traffic" v="FR:urban"/>
  </way>
  <way id="1222015750">
    <nd ref="11333186717"/>
    <nd ref="11333186735"/>
    <nd ref="11333186747"/>
    <tag k="cycleway" v="on_street"/>
    <tag k="enforcement:operator" v="Police nationale"/>
    <tag k="highway" v="cycleway"/>
    <tag k="lit" v="yes"/>
    <tag k="name" v="Avenue de la Grande Armée"/>
    <tag k="name:etymology:wikidata" v="Q504721"/>
    <tag k="name:zh" v="大军团大街"/>
    <tag k="name:zh-Hans" v="大军团大街"/>
    <tag k="name:zh-Hant" v="大軍團大街"/>
    <tag k="oneway" v="yes"/>
    <tag k="operator" v="Ville de Paris"/>
    <tag k="operator:authority" v="Maire de Paris dans le respect des prescriptions prises par le préfet de police"/>
    <tag k="operator:authority:related_law" v="III de l'article L. 2512-14 du code général des collectivités territoriales"/>
    <tag k="source:operator:authority" v="https://www.legifrance.gouv.fr/loda/id/LEGIARTI000035244298/#LEGIARTI000035244298"/>
    <tag k="surface" v="sett"/>
    <tag k="zone:traffic" v="FR:urban"/>
  </way>
  <way id="1222015751">
    <nd ref="11333186723"/>
    <nd ref="11333186736"/>
    <tag k="cycleway" v="on_street"/>
    <tag k="enforcement:operator" v="Police nationale"/>
    <tag k="highway" v="cycleway"/>
    <tag k="lit" v="yes"/>
    <tag k="name" v="Avenue de la Grande Armée"/>
    <tag k="name:etymology:wikidata" v="Q504721"/>
    <tag k="name:zh" v="大军团大街"/>
    <tag k="name:zh-Hans" v="大军团大街"/>
    <tag k="name:zh-Hant" v="大軍團大街"/>
    <tag k="oneway" v="yes"/>
    <tag k="operator" v="Ville de Paris"/>
    <tag k="operator:authority" v="Maire de Paris dans le respect des prescriptions prises par le préfet de police"/>
    <tag k="operator:authority:related_law" v="III de l'article L. 2512-14 du code général des collectivités territoriales"/>
    <tag k="source:operator:authority" v="https://www.legifrance.gouv.fr/loda/id/LEGIARTI000035244298/#LEGIARTI000035244298"/>
    <tag k="surface" v="sett"/>
    <tag k="zone:traffic" v="FR:urban"/>
  </way>
  <way id="1222015755">
    <nd ref="11333186736"/>
    <nd ref="12282892528"/>
    <tag k="cycleway" v="crossing"/>
    <tag k="enforcement:operator" v="Police nationale"/>
    <tag k="highway" v="cycleway"/>
    <tag k="lit" v="yes"/>
    <tag k="name" v="Avenue de la Grande Armée"/>
    <tag k="name:etymology:wikidata" v="Q504721"/>
    <tag k="name:zh" v="大军团大街"/>
    <tag k="name:zh-Hans" v="大军团大街"/>
    <tag k="name:zh-Hant" v="大軍團大街"/>
    <tag k="oneway" v="yes"/>
    <tag k="operator" v="Ville de Paris"/>
    <tag k="operator:authority" v="Maire de Paris dans le respect des prescriptions prises par le préfet de police"/>
    <tag k="operator:authority:related_law" v="III de l'article L. 2512-14 du code général des collectivités territoriales"/>
    <tag k="source:operator:authority" v="https://www.legifrance.gouv.fr/loda/id/LEGIARTI000035244298/#LEGIARTI000035244298"/>
    <tag k="surface" v="sett"/>
    <tag k="zone:traffic" v="FR:urban"/>
  </way>
  <way id="1222015761">
    <nd ref="11333186747"/>
    <nd ref="9471837439"/>
    <nd ref="11527326287"/>
    <nd ref="9587700281"/>
    <nd ref="11333186734"/>
    <nd ref="11333186733"/>
    <nd ref="11333186732"/>
    <nd ref="11333186731"/>
    <tag k="cycleway" v="on_street"/>
    <tag k="enforcement:operator" v="Police nationale"/>
    <tag k="highway" v="cycleway"/>
    <tag k="lit" v="yes"/>
    <tag k="name" v="Avenue de la Grande Armée"/>
    <tag k="name:etymology:wikidata" v="Q504721"/>
    <tag k="name:zh" v="大军团大街"/>
    <tag k="name:zh-Hans" v="大军团大街"/>
    <tag k="name:zh-Hant" v="大軍團大街"/>
    <tag k="oneway" v="yes"/>
    <tag k="operator" v="Ville de Paris"/>
    <tag k="operator:authority" v="Maire de Paris dans le respect des prescriptions prises par le préfet de police"/>
    <tag k="operator:authority:related_law" v="III de l'article L. 2512-14 du code général des collectivités territoriales"/>
    <tag k="source:operator:authority" v="https://www.legifrance.gouv.fr/loda/id/LEGIARTI000035244298/#LEGIARTI000035244298"/>
    <tag k="surface" v="sett"/>
    <tag k="zone:traffic" v="FR:urban"/>
  </way>
  <way id="1222015762">
    <nd ref="9471837422"/>
    <nd ref="11333186761"/>
    <nd ref="9471837453"/>
    <nd ref="11333186762"/>
    <nd ref="9587700283"/>
    <nd ref="9471837421"/>
    <tag k="cycleway" v="on_street"/>
    <tag k="enforcement:operator" v="Police nationale"/>
    <tag k="highway" v="cycleway"/>
    <tag k="lit" v="yes"/>
    <tag k="name" v="Avenue de la Grande Armée"/>
    <tag k="name:etymology:wikidata" v="Q504721"/>
    <tag k="name:zh" v="大军团大街"/>
    <tag k="name:zh-Hans" v="大军团大街"/>
    <tag k="name:zh-Hant" v="大軍團大街"/>
    <tag k="oneway" v="yes"/>
    <tag k="operator" v="Ville de Paris"/>
    <tag k="operator:authority" v="Maire de Paris dans le respect des prescriptions prises par le préfet de police"/>
    <tag k="operator:authority:related_law" v="III de l'article L. 2512-14 du code général des collectivités territoriales"/>
    <tag k="smoothness" v="intermediate"/>
    <tag k="source:operator:authority" v="https://www.legifrance.gouv.fr/loda/id/LEGIARTI000035244298/#LEGIARTI000035244298"/>
    <tag k="surface" v="sett"/>
    <tag k="zone:traffic" v="FR:urban"/>
  </way>
  <way id="1239913692">
    <nd ref="11519260961"/>
    <nd ref="937951328"/>
    <tag k="highway" v="footway"/>
    <tag k="lit" v="yes"/>
  </way>
  <way id="1240675060">
    <nd ref="11527326289"/>
    <nd ref="11527326287"/>
    <nd ref="11527326288"/>
    <tag k="highway" v="service"/>
    <tag k="lit" v="yes"/>
  </way>
  <way id="1249633277">
    <nd ref="911471140"/>
    <nd ref="11615981875"/>
    <nd ref="11875209328"/>
    <nd ref="8987468887"/>
    <tag k="footway" v="sidewalk"/>
    <tag k="highway" v="footway"/>
    <tag k="lit" v="yes"/>
  </way>
  <way id="1249633278">
    <nd ref="838122896"/>
    <nd ref="11615981876"/>
    <nd ref="11875209322"/>
    <nd ref="8987468886"/>
    <tag k="footway" v="sidewalk"/>
    <tag k="highway" v="footway"/>
    <tag k="lit" v="yes"/>
    <tag k="surface" v="asphalt"/>
  </way>
  <way id="1249633279">
    <nd ref="1962533380"/>
    <nd ref="11012358025"/>
    <tag k="footway" v="sidewalk"/>
    <tag k="highway" v="footway"/>
    <tag k="lit" v="yes"/>
  </way>
  <way id="1249633287">
    <nd ref="11615981887"/>
    <nd ref="11865744650"/>
    <nd ref="838122237"/>
    <tag k="footway" v="sidewalk"/>
    <tag k="highway" v="footway"/>
    <tag k="lit" v="yes"/>
    <tag k="smoothness" v="good"/>
    <tag k="surface" v="asphalt"/>
  </way>
  <way id="1249633288">
    <nd ref="11615981889"/>
    <nd ref="11615981888"/>
    <nd ref="838121997"/>
    <tag k="footway" v="sidewalk"/>
    <tag k="highway" v="footway"/>
    <tag k="lit" v="yes"/>
    <tag k="smoothness" v="excellent"/>
    <tag k="surface" v="asphalt"/>
  </way>
  <way id="1249633289">
    <nd ref="6454591249"/>
    <nd ref="12198027340"/>
    <nd ref="11865744653"/>
    <nd ref="11615981889"/>
    <nd ref="11615981887"/>
    <nd ref="12198027335"/>
    <nd ref="6454591246"/>
    <tag k="footway" v="sidewalk"/>
    <tag k="highway" v="footway"/>
    <tag k="lit" v="yes"/>
    <tag k="smoothness" v="good"/>
    <tag k="surface" v="asphalt"/>
  </way>
  <way id="1278090160">
    <nd ref="11865744650"/>
    <nd ref="11865744651"/>
    <nd ref="11865744652"/>
    <nd ref="12183015033"/>
    <nd ref="11070741759"/>
    <tag k="footway" v="sidewalk"/>
    <tag k="highway" v="footway"/>
    <tag k="lit" v="yes"/>
    <tag k="surface" v="asphalt"/>
  </way>
  <way id="1278090161">
    <nd ref="11865744653"/>
    <nd ref="11865744654"/>
    <nd ref="838122681"/>
    <tag k="footway" v="sidewalk"/>
    <tag k="highway" v="footway"/>
    <tag k="lit" v="yes"/>
    <tag k="smoothness" v="good"/>
    <tag k="surface" v="asphalt"/>
  </way>
  <way id="1278090162">
    <nd ref="11865744654"/>
    <nd ref="11865744658"/>
    <nd ref="11865744655"/>
    <nd ref="11865744656"/>
    <nd ref="12183015033"/>
    <nd ref="838122476"/>
    <tag k="footway" v="sidewalk"/>
    <tag k="highway" v="footway"/>
    <tag k="lit" v="yes"/>
  </way>
  <way id="1278090163">
    <nd ref="11865744658"/>
    <nd ref="838121900"/>
    <tag k="footway" v="sidewalk"/>
    <tag k="highway" v="footway"/>
    <tag k="lit" v="yes"/>
  </way>
  <way id="1279210853">
    <nd ref="11010279367"/>
    <nd ref="11010279368"/>
    <nd ref="11010279372"/>
    <nd ref="11010279370"/>
    <nd ref="11010279369"/>
    <tag k="footway" v="sidewalk"/>
    <tag k="highway" v="footway"/>
  </way>
  <way id="1279210854">
    <nd ref="11010279245"/>
    <nd ref="11012458186"/>
    <nd ref="11010279256"/>
    <tag k="footway" v="sidewalk"/>
    <tag k="highway" v="footway"/>
    <tag k="lit" v="yes"/>
  </way>
  <way id="1279210855">
    <nd ref="11010279248"/>
    <nd ref="11010279247"/>
    <nd ref="11010279259"/>
    <tag k="footway" v="sidewalk"/>
    <tag k="highway" v="footway"/>
    <tag k="lit" v="yes"/>
  </way>
  <way id="1279210856">
    <nd ref="11010279370"/>
    <nd ref="11010279362"/>
    <nd ref="11010279363"/>
    <nd ref="11010279364"/>
    <tag k="footway" v="sidewalk"/>
    <tag k="highway" v="footway"/>
    <tag k="surface" v="paving_stones"/>
  </way>
  <way id="1279210857">
    <nd ref="12182603795"/>
    <nd ref="11010382361"/>
    <nd ref="11010382362"/>
    <nd ref="12206024489"/>
    <tag k="footway" v="sidewalk"/>
    <tag k="highway" v="footway"/>
  </way>
  <way id="1279210858">
    <nd ref="11070685431"/>
    <nd ref="12206010000"/>
    <nd ref="11875209312"/>
    <nd ref="11875209313"/>
    <tag k="footway" v="sidewalk"/>
    <tag k="highway" v="footway"/>
    <tag k="lit" v="yes"/>
    <tag k="smoothness" v="good"/>
    <tag k="surface" v="asphalt"/>
  </way>
  <way id="1279210859">
    <nd ref="6454591245"/>
    <nd ref="12198028929"/>
    <nd ref="11875209313"/>
    <nd ref="11875209363"/>
    <nd ref="12206024401"/>
    <nd ref="11875209314"/>
    <nd ref="11875209315"/>
    <nd ref="11875209316"/>
    <nd ref="12206009995"/>
    <nd ref="12206009990"/>
    <nd ref="12198028923"/>
    <nd ref="6454591242"/>
    <tag k="footway" v="sidewalk"/>
    <tag k="highway" v="footway"/>
    <tag k="lit" v="yes"/>
    <tag k="smoothness" v="good"/>
    <tag k="surface" v="asphalt"/>
  </way>
  <way id="1279210860">
    <nd ref="6454591243"/>
    <nd ref="12198028922"/>
    <nd ref="12198028983"/>
    <nd ref="11875209317"/>
    <nd ref="12198028981"/>
    <nd ref="11875209318"/>
    <nd ref="11875209319"/>
    <nd ref="11875209320"/>
    <nd ref="12206024475"/>
    <nd ref="11875209321"/>
    <nd ref="12198028914"/>
    <nd ref="6454591241"/>
    <tag k="footway" v="sidewalk"/>
    <tag k="highway" v="footway"/>
    <tag k="lit" v="yes"/>
    <tag k="smoothness" v="excellent"/>
    <tag k="surface" v="asphalt"/>
  </way>
  <way id="1279210861">
    <nd ref="11875209322"/>
    <nd ref="12198027358"/>
    <nd ref="11875209323"/>
    <nd ref="11875209324"/>
    <nd ref="11875209325"/>
    <nd ref="11875209326"/>
    <nd ref="11875209327"/>
    <nd ref="12198027341"/>
    <nd ref="6454591248"/>
    <tag k="footway" v="sidewalk"/>
    <tag k="highway" v="footway"/>
    <tag k="lit" v="yes"/>
    <tag k="surface" v="asphalt"/>
  </way>
  <way id="1279210862">
    <nd ref="11875209328"/>
    <nd ref="12198027366"/>
    <nd ref="11875209329"/>
    <nd ref="11875209330"/>
    <nd ref="11875209331"/>
    <nd ref="11875209332"/>
    <nd ref="11875209333"/>
    <nd ref="11875210696"/>
    <nd ref="12198027376"/>
    <nd ref="6454591230"/>
    <tag k="footway" v="sidewalk"/>
    <tag k="highway" v="footway"/>
    <tag k="lit" v="yes"/>
    <tag k="surface" v="asphalt"/>
  </way>
  <way id="1279210863">
    <nd ref="6454591231"/>
    <nd ref="12198027383"/>
    <nd ref="11875210698"/>
    <nd ref="11875209334"/>
    <nd ref="11875209335"/>
    <nd ref="11875209336"/>
    <nd ref="11875209337"/>
    <nd ref="11875209338"/>
    <nd ref="12198027389"/>
    <nd ref="6454591232"/>
    <tag k="footway" v="sidewalk"/>
    <tag k="highway" v="footway"/>
    <tag k="lit" v="yes"/>
    <tag k="smoothness" v="good"/>
    <tag k="surface" v="asphalt"/>
  </way>
  <way id="1279210864">
    <nd ref="6454591233"/>
    <nd ref="12198027391"/>
    <nd ref="11875210687"/>
    <nd ref="11875209339"/>
    <nd ref="11875209340"/>
    <nd ref="11875209341"/>
    <nd ref="11875209342"/>
    <nd ref="11875209345"/>
    <nd ref="11875209343"/>
    <nd ref="11875209344"/>
    <nd ref="11875210603"/>
    <nd ref="6454591234"/>
    <tag k="footway" v="sidewalk"/>
    <tag k="highway" v="footway"/>
    <tag k="lit" v="yes"/>
    <tag k="smoothness" v="excellent"/>
    <tag k="surface" v="asphalt"/>
  </way>
  <way id="1279210865">
    <nd ref="1472224817"/>
    <nd ref="11875209345"/>
    <tag k="footway" v="sidewalk"/>
    <tag k="highway" v="footway"/>
    <tag k="lit" v="yes"/>
    <tag k="smoothness" v="excellent"/>
    <tag k="surface" v="asphalt"/>
  </way>
  <way id="1279210866">
    <nd ref="6454591235"/>
    <nd ref="12198028906"/>
    <nd ref="11875210679"/>
    <nd ref="11875209346"/>
    <nd ref="11875209347"/>
    <nd ref="11875209348"/>
    <nd ref="11875209349"/>
    <nd ref="11875209350"/>
    <nd ref="11875210677"/>
    <nd ref="11875209351"/>
    <nd ref="11875210675"/>
    <nd ref="12198027399"/>
    <nd ref="6454591236"/>
    <tag k="footway" v="sidewalk"/>
    <tag k="highway" v="footway"/>
    <tag k="lit" v="yes"/>
    <tag k="smoothness" v="good"/>
    <tag k="surface" v="asphalt"/>
  </way>
  <way id="1279210867">
    <nd ref="6454591237"/>
    <nd ref="11875210704"/>
    <nd ref="11875209352"/>
    <nd ref="11010529692"/>
    <tag k="footway" v="sidewalk"/>
    <tag k="highway" v="footway"/>
    <tag k="lit" v="yes"/>
    <tag k="smoothness" v="good"/>
    <tag k="surface" v="asphalt"/>
  </way>
  <way id="1279210868">
    <nd ref="11010529695"/>
    <nd ref="11010529694"/>
    <nd ref="11010529693"/>
    <nd ref="11010529692"/>
    <tag k="footway" v="sidewalk"/>
    <tag k="highway" v="footway"/>
    <tag k="lit" v="yes"/>
    <tag k="smoothness" v="excellent"/>
    <tag k="surface" v="asphalt"/>
  </way>
  <way id="1279210869">
    <nd ref="11010529692"/>
    <nd ref="11875209353"/>
    <nd ref="11010529690"/>
    <tag k="footway" v="sidewalk"/>
    <tag k="highway" v="footway"/>
    <tag k="lit" v="yes"/>
    <tag k="smoothness" v="excellent"/>
    <tag k="surface" v="asphalt"/>
  </way>
  <way id="1279210870">
    <nd ref="6454591244"/>
    <nd ref="11875210633"/>
    <nd ref="13192318639"/>
    <tag k="footway" v="sidewalk"/>
    <tag k="highway" v="footway"/>
    <tag k="lit" v="yes"/>
    <tag k="smoothness" v="excellent"/>
    <tag k="surface" v="asphalt"/>
  </way>
  <way id="1279210871">
    <nd ref="911471426"/>
    <nd ref="12195600879"/>
    <tag k="footway" v="sidewalk"/>
    <tag k="highway" v="footway"/>
    <tag k="lit" v="yes"/>
    <tag k="smoothness" v="good"/>
    <tag k="surface" v="compacted"/>
  </way>
  <way id="1279210872">
    <nd ref="833608814"/>
    <nd ref="11875209366"/>
    <nd ref="11875210633"/>
    <nd ref="11875209358"/>
    <nd ref="11875209364"/>
    <nd ref="11875209365"/>
    <tag k="footway" v="sidewalk"/>
    <tag k="highway" v="footway"/>
    <tag k="lit" v="yes"/>
    <tag k="smoothness" v="excellent"/>
    <tag k="surface" v="asphalt"/>
  </way>
  <way id="1279210873">
    <nd ref="11070685434"/>
    <nd ref="11875209366"/>
    <tag k="footway" v="sidewalk"/>
    <tag k="highway" v="footway"/>
    <tag k="lit" v="yes"/>
  </way>
  <way id="1279210874">
    <nd ref="6454591240"/>
    <nd ref="12198028913"/>
    <nd ref="12198028967"/>
    <nd ref="11875210576"/>
    <tag k="footway" v="sidewalk"/>
    <tag k="highway" v="footway"/>
    <tag k="lit" v="yes"/>
    <tag k="smoothness" v="good"/>
    <tag k="surface" v="asphalt"/>
  </way>
  <way id="1279210875">
    <nd ref="11875210576"/>
    <nd ref="11875210578"/>
    <nd ref="11875210579"/>
    <nd ref="11875210580"/>
    <nd ref="11875210581"/>
    <nd ref="11875210582"/>
    <nd ref="12198028912"/>
    <nd ref="6454591239"/>
    <tag k="footway" v="sidewalk"/>
    <tag k="highway" v="footway"/>
    <tag k="lit" v="yes"/>
    <tag k="smoothness" v="good"/>
    <tag k="surface" v="asphalt"/>
  </way>
  <way id="1279210876">
    <nd ref="11071342262"/>
    <nd ref="11875210584"/>
    <tag k="footway" v="sidewalk"/>
    <tag k="highway" v="footway"/>
    <tag k="lit" v="yes"/>
    <tag k="smoothness" v="excellent"/>
    <tag k="surface" v="asphalt"/>
  </way>
  <way id="1279210877">
    <nd ref="11875210582"/>
    <nd ref="11875210583"/>
    <tag k="footway" v="sidewalk"/>
    <tag k="highway" v="footway"/>
    <tag k="lit" v="yes"/>
    <tag k="smoothness" v="good"/>
    <tag k="surface" v="asphalt"/>
  </way>
  <way id="1279210878">
    <nd ref="11071342257"/>
    <nd ref="11010529690"/>
    <tag k="footway" v="sidewalk"/>
    <tag k="highway" v="footway"/>
    <tag k="lit" v="yes"/>
    <tag k="smoothness" v="good"/>
    <tag k="surface" v="asphalt"/>
  </way>
  <way id="1279210879">
    <nd ref="11010529688"/>
    <nd ref="11071342257"/>
    <nd ref="11875210589"/>
    <tag k="footway" v="sidewalk"/>
    <tag k="highway" v="footway"/>
    <tag k="lit" v="yes"/>
    <tag k="smoothness" v="good"/>
    <tag k="surface" v="asphalt"/>
  </way>
  <way id="1279210880">
    <nd ref="937868712"/>
    <nd ref="11875209348"/>
    <tag k="footway" v="sidewalk"/>
    <tag k="highway" v="footway"/>
    <tag k="lit" v="yes"/>
    <tag k="smoothness" v="good"/>
    <tag k="surface" v="asphalt"/>
  </way>
  <way id="1279210881">
    <nd ref="1472224815"/>
    <nd ref="12198027398"/>
    <nd ref="11875210603"/>
    <tag k="footway" v="sidewalk"/>
    <tag k="highway" v="footway"/>
    <tag k="lit" v="yes"/>
    <tag k="smoothness" v="excellent"/>
    <tag k="surface" v="asphalt"/>
  </way>
  <way id="1279210882">
    <nd ref="12198028942"/>
    <nd ref="11875209343"/>
    <tag k="footway" v="sidewalk"/>
    <tag k="highway" v="footway"/>
    <tag k="lit" v="yes"/>
  </way>
  <way id="1279210883">
    <nd ref="6454591233"/>
    <nd ref="11875210607"/>
    <tag k="crossing" v="traffic_signals"/>
    <tag k="crossing:markings" v="zebra"/>
    <tag k="crossing:signals" v="yes"/>
    <tag k="footway" v="crossing"/>
    <tag k="highway" v="footway"/>
    <tag k="lit" v="yes"/>
    <tag k="smoothness" v="good"/>
    <tag k="surface" v="sett"/>
  </way>
  <way id="1279210884">
    <nd ref="11875210607"/>
    <nd ref="6170917402"/>
    <nd ref="11875210606"/>
    <tag k="footway" v="traffic_island"/>
    <tag k="highway" v="footway"/>
    <tag k="lit" v="yes"/>
    <tag k="smoothness" v="good"/>
    <tag k="surface" v="sett"/>
  </way>
  <way id="1279210885">
    <nd ref="8987468886"/>
    <nd ref="11875210611"/>
    <tag k="crossing" v="traffic_signals"/>
    <tag k="crossing:markings" v="zebra"/>
    <tag k="crossing:signals" v="yes"/>
    <tag k="footway" v="crossing"/>
    <tag k="highway" v="footway"/>
    <tag k="lit" v="yes"/>
    <tag k="surface" v="asphalt"/>
  </way>
  <way id="1279210886">
    <nd ref="11875210611"/>
    <nd ref="6170914493"/>
    <nd ref="11875210610"/>
    <tag k="footway" v="traffic_island"/>
    <tag k="highway" v="footway"/>
    <tag k="lit" v="yes"/>
    <tag k="surface" v="asphalt"/>
  </way>
  <way id="1279210887">
    <nd ref="12183015103"/>
    <nd ref="12183015018"/>
    <nd ref="12183015019"/>
    <nd ref="12195600893"/>
    <nd ref="4577464094"/>
    <nd ref="12195600894"/>
    <nd ref="12183015016"/>
    <nd ref="11875210625"/>
    <nd ref="11875210626"/>
    <nd ref="11875210627"/>
    <nd ref="12198027332"/>
    <nd ref="11875210628"/>
    <nd ref="11875210629"/>
    <tag k="footway" v="sidewalk"/>
    <tag k="highway" v="footway"/>
    <tag k="lit" v="yes"/>
    <tag k="smoothness" v="good"/>
    <tag k="surface" v="asphalt"/>
  </way>
  <way id="1279210888">
    <nd ref="11875210632"/>
    <nd ref="1534568389"/>
    <tag k="crossing" v="traffic_signals"/>
    <tag k="crossing:island" v="yes"/>
    <tag k="crossing:markings" v="zebra"/>
    <tag k="crossing:signals" v="yes"/>
    <tag k="footway" v="crossing"/>
    <tag k="highway" v="footway"/>
    <tag k="lit" v="yes"/>
    <tag k="smoothness" v="intermediate"/>
    <tag k="surface" v="sett"/>
  </way>
  <way id="1279210889">
    <nd ref="11875210631"/>
    <nd ref="1534568367"/>
    <nd ref="11875210632"/>
    <tag k="footway" v="traffic_island"/>
    <tag k="highway" v="footway"/>
    <tag k="lit" v="yes"/>
    <tag k="smoothness" v="good"/>
    <tag k="surface" v="asphalt"/>
  </way>
  <way id="1279210890">
    <nd ref="11875210635"/>
    <nd ref="6454591244"/>
    <tag k="crossing" v="traffic_signals"/>
    <tag k="crossing:markings" v="zebra"/>
    <tag k="crossing:signals" v="yes"/>
    <tag k="footway" v="crossing"/>
    <tag k="highway" v="footway"/>
    <tag k="lit" v="yes"/>
    <tag k="surface" v="sett"/>
    <tag k="traffic_signals:sound" v="yes"/>
  </way>
  <way id="1279210891">
    <nd ref="11875210634"/>
    <nd ref="11875210635"/>
    <tag k="footway" v="traffic_island"/>
    <tag k="highway" v="footway"/>
    <tag k="lit" v="yes"/>
    <tag k="surface" v="sett"/>
    <tag k="traffic_signals:sound" v="yes"/>
  </way>
  <way id="1279210892">
    <nd ref="11875210577"/>
    <nd ref="12198028969"/>
    <nd ref="11875210576"/>
    <tag k="footway" v="sidewalk"/>
    <tag k="highway" v="footway"/>
    <tag k="lit" v="yes"/>
    <tag k="smoothness" v="good"/>
    <tag k="surface" v="asphalt"/>
  </way>
  <way id="1279210893">
    <nd ref="11071342250"/>
    <nd ref="11875210673"/>
    <nd ref="11875210674"/>
    <nd ref="11875210675"/>
    <tag k="footway" v="sidewalk"/>
    <tag k="highway" v="footway"/>
    <tag k="lit" v="yes"/>
    <tag k="smoothness" v="good"/>
    <tag k="surface" v="asphalt"/>
  </way>
  <way id="1279210894">
    <nd ref="11875210673"/>
    <nd ref="11875210676"/>
    <nd ref="11875210677"/>
    <tag k="footway" v="sidewalk"/>
    <tag k="highway" v="footway"/>
    <tag k="lit" v="yes"/>
    <tag k="smoothness" v="good"/>
    <tag k="surface" v="asphalt"/>
  </way>
  <way id="1279210895">
    <nd ref="937868725"/>
    <nd ref="11875210678"/>
    <nd ref="11875210679"/>
    <tag k="footway" v="sidewalk"/>
    <tag k="highway" v="footway"/>
    <tag k="lit" v="yes"/>
  </way>
  <way id="1279210896">
    <nd ref="11875210678"/>
    <nd ref="11875210680"/>
    <nd ref="11875210681"/>
    <nd ref="11875210682"/>
    <nd ref="11070666340"/>
    <tag k="footway" v="sidewalk"/>
    <tag k="highway" v="footway"/>
    <tag k="lit" v="yes"/>
  </way>
  <way id="1279210897">
    <nd ref="11875210684"/>
    <nd ref="11070645085"/>
    <tag k="crossing" v="traffic_signals"/>
    <tag k="crossing:markings" v="zebra"/>
    <tag k="crossing:signals" v="yes"/>
    <tag k="footway" v="crossing"/>
    <tag k="highway" v="footway"/>
    <tag k="lit" v="yes"/>
  </way>
  <way id="1279210898">
    <nd ref="11875210683"/>
    <nd ref="11070645086"/>
    <nd ref="11875210684"/>
    <tag k="footway" v="traffic_island"/>
    <tag k="highway" v="footway"/>
    <tag k="lit" v="yes"/>
  </way>
  <way id="1279210899">
    <nd ref="1363049956"/>
    <nd ref="12198028936"/>
    <nd ref="11875210688"/>
    <nd ref="11875210687"/>
    <tag k="footway" v="sidewalk"/>
    <tag k="highway" v="footway"/>
    <tag k="lit" v="yes"/>
  </way>
  <way id="1279210900">
    <nd ref="11070666335"/>
    <nd ref="11875210688"/>
    <tag k="footway" v="sidewalk"/>
    <tag k="highway" v="footway"/>
    <tag k="lit" v="yes"/>
  </way>
  <way id="1279210901">
    <nd ref="11875210690"/>
    <nd ref="11875209338"/>
    <tag k="footway" v="sidewalk"/>
    <tag k="highway" v="footway"/>
    <tag k="lit" v="yes"/>
  </way>
  <way id="1279210902">
    <nd ref="911471399"/>
    <nd ref="12198027375"/>
    <nd ref="11875210695"/>
    <nd ref="911471188"/>
    <tag k="footway" v="sidewalk"/>
    <tag k="highway" v="footway"/>
    <tag k="lit" v="yes"/>
  </way>
  <way id="1279210903">
    <nd ref="11875210695"/>
    <nd ref="11875210696"/>
    <tag k="footway" v="sidewalk"/>
    <tag k="highway" v="footway"/>
    <tag k="lit" v="yes"/>
    <tag k="surface" v="asphalt"/>
  </way>
  <way id="1279210904">
    <nd ref="1363046322"/>
    <nd ref="12198028930"/>
    <nd ref="11875210697"/>
    <nd ref="1363046314"/>
    <tag k="footway" v="sidewalk"/>
    <tag k="highway" v="footway"/>
    <tag k="lit" v="yes"/>
  </way>
  <way id="1279210905">
    <nd ref="11875210697"/>
    <nd ref="11875210698"/>
    <tag k="footway" v="sidewalk"/>
    <tag k="highway" v="footway"/>
    <tag k="lit" v="yes"/>
    <tag k="smoothness" v="good"/>
    <tag k="surface" v="asphalt"/>
  </way>
  <way id="1286323655">
    <nd ref="6370024886"/>
    <nd ref="12506750892"/>
    <nd ref="6370024925"/>
    <nd ref="11070685417"/>
    <nd ref="13431523613"/>
    <nd ref="6370024924"/>
    <nd ref="6370024923"/>
    <nd ref="6370024922"/>
    <nd ref="6370024921"/>
    <nd ref="6370024920"/>
    <nd ref="11070685415"/>
    <nd ref="6370024973"/>
    <nd ref="6370024919"/>
    <nd ref="11070685414"/>
    <nd ref="13431523612"/>
    <nd ref="6370024918"/>
    <nd ref="6370024917"/>
    <nd ref="6370024916"/>
    <nd ref="11070666341"/>
    <nd ref="6370024915"/>
    <nd ref="6370165392"/>
    <nd ref="6370024914"/>
    <nd ref="11070666343"/>
    <nd ref="13431523611"/>
    <nd ref="6370024913"/>
    <nd ref="6370024912"/>
    <nd ref="6370024911"/>
    <nd ref="13431523603"/>
    <nd ref="6370024910"/>
    <nd ref="11012358021"/>
    <nd ref="6370024909"/>
    <nd ref="9471837422"/>
    <tag k="cycleway" v="on_street"/>
    <tag k="highway" v="cycleway"/>
    <tag k="lit" v="yes"/>
    <tag k="name" v="Rue de Tilsitt"/>
    <tag k="name:etymology:wikidata" v="Q154596"/>
    <tag k="name:zh" v="蒂尔西特街"/>
    <tag k="oneway" v="no"/>
    <tag k="start_date" v="2019-05-17"/>
    <tag k="surface" v="asphalt"/>
  </way>
  <way id="1286323656">
    <nd ref="6370024886"/>
    <nd ref="13363701253"/>
    <tag k="busway:right" v="lane"/>
    <tag k="cycleway:right" v="share_busway"/>
    <tag k="highway" v="primary"/>
    <tag k="lanes" v="4"/>
    <tag k="lanes:backward" v="2"/>
    <tag k="lanes:forward" v="2"/>
    <tag k="lit" v="yes"/>
    <tag k="maxspeed" v="30"/>
    <tag k="name" v="Avenue de Wagram"/>
    <tag k="name:etymology:wikidata" v="Q467777"/>
    <tag k="name:zh" v="瓦格拉姆大街"/>
    <tag k="name:zh-Hans" v="瓦格拉姆大街"/>
    <tag k="name:zh-Hant" v="瓦格拉姆大街"/>
    <tag k="sidewalk" v="separate"/>
    <tag k="smoothness" v="intermediate"/>
    <tag k="surface" v="sett"/>
  </way>
  <way id="1293355149">
    <nd ref="6370024889"/>
    <nd ref="661221"/>
    <tag k="highway" v="primary"/>
    <tag k="lanes" v="4"/>
    <tag k="lanes:backward" v="2"/>
    <tag k="lanes:forward" v="2"/>
    <tag k="lit" v="yes"/>
    <tag k="maxspeed" v="30"/>
    <tag k="name" v="Avenue de Friedland"/>
    <tag k="name:etymology:wikidata" v="Q241108"/>
    <tag k="name:zh" v="弗里德兰大街"/>
    <tag k="name:zh-Hans" v="弗里德兰大街"/>
    <tag k="name:zh-Hant" v="弗里德蘭大街"/>
    <tag k="sidewalk:both" v="separate"/>
    <tag k="surface" v="paving_stones"/>
  </way>
  <way id="1314383168">
    <nd ref="21660273"/>
    <nd ref="838076254"/>
    <nd ref="7847753433"/>
    <tag k="bicycle:lanes:forward" v="yes|designated"/>
    <tag k="busway:right" v="lane"/>
    <tag k="cycleway:left" v="no"/>
    <tag k="cycleway:right" v="share_busway"/>
    <tag k="highway" v="primary"/>
    <tag k="lanes" v="4"/>
    <tag k="lanes:backward" v="2"/>
    <tag k="lanes:forward" v="2"/>
    <tag k="lit" v="yes"/>
    <tag k="maxspeed" v="30"/>
    <tag k="name" v="Avenue de Friedland"/>
    <tag k="name:etymology:wikidata" v="Q241108"/>
    <tag k="name:zh" v="弗里德兰大街"/>
    <tag k="name:zh-Hans" v="弗里德兰大街"/>
    <tag k="name:zh-Hant" v="弗里德蘭大街"/>
    <tag k="psv:lanes:forward" v="yes|designated"/>
    <tag k="sidewalk" v="both"/>
    <tag k="smoothness" v="intermediate"/>
    <tag k="surface" v="sett"/>
  </way>
  <way id="1314906406">
    <nd ref="11012358023"/>
    <nd ref="11012358024"/>
    <nd ref="11012358025"/>
    <nd ref="11012358026"/>
    <nd ref="11070666338"/>
    <nd ref="11012358027"/>
    <nd ref="11012358028"/>
    <nd ref="11012358029"/>
    <nd ref="11012358030"/>
    <nd ref="11012358104"/>
    <nd ref="11012358106"/>
    <nd ref="12206024445"/>
    <nd ref="12206024435"/>
    <nd ref="1961531239"/>
    <tag k="footway" v="sidewalk"/>
    <tag k="highway" v="footway"/>
    <tag k="lit" v="yes"/>
  </way>
  <way id="1316208293">
    <nd ref="11010279235"/>
    <nd ref="12182603795"/>
    <nd ref="833393573"/>
    <tag k="footway" v="sidewalk"/>
    <tag k="highway" v="footway"/>
  </way>
  <way id="1316208708">
    <nd ref="838076318"/>
    <nd ref="12182634599"/>
    <tag k="footway" v="sidewalk"/>
    <tag k="highway" v="footway"/>
    <tag k="lit" v="yes"/>
  </way>
  <way id="1316209035">
    <nd ref="937213809"/>
    <nd ref="12198028956"/>
    <nd ref="12182639823"/>
    <tag k="footway" v="sidewalk"/>
    <tag k="highway" v="footway"/>
    <tag k="lit" v="yes"/>
  </way>
  <way id="1316209296">
    <nd ref="937854507"/>
    <nd ref="12182628344"/>
    <tag k="footway" v="sidewalk"/>
    <tag k="highway" v="footway"/>
    <tag k="lit" v="yes"/>
  </way>
  <way id="1316253949">
    <nd ref="12183015018"/>
    <nd ref="12183015020"/>
    <nd ref="12183015021"/>
    <nd ref="12183015022"/>
    <nd ref="12183015023"/>
    <nd ref="12183015024"/>
    <nd ref="12183015025"/>
    <nd ref="12183015026"/>
    <nd ref="12198027333"/>
    <nd ref="12183015027"/>
    <nd ref="12183015028"/>
    <tag k="footway" v="sidewalk"/>
    <tag k="highway" v="footway"/>
    <tag k="lit" v="yes"/>
  </way>
  <way id="1316253950">
    <nd ref="838122502"/>
    <nd ref="12183015028"/>
    <nd ref="12183015030"/>
    <nd ref="12183015029"/>
    <nd ref="838122730"/>
    <tag k="footway" v="sidewalk"/>
    <tag k="highway" v="footway"/>
    <tag k="lit" v="yes"/>
  </way>
  <way id="1316253951">
    <nd ref="12183015048"/>
    <nd ref="11015661116"/>
    <tag k="footway" v="sidewalk"/>
    <tag k="highway" v="footway"/>
    <tag k="surface" v="paving_stones"/>
  </way>
  <way id="1316253952">
    <nd ref="12183015045"/>
    <nd ref="12183015046"/>
    <nd ref="12183015047"/>
    <nd ref="12183015049"/>
    <tag k="footway" v="sidewalk"/>
    <tag k="highway" v="footway"/>
  </way>
  <way id="1316253953">
    <nd ref="12183015049"/>
    <nd ref="3910397148"/>
    <nd ref="12183015048"/>
    <tag k="crossing" v="unmarked"/>
    <tag k="crossing:markings" v="no"/>
    <tag k="footway" v="crossing"/>
    <tag k="highway" v="footway"/>
  </way>
  <way id="1316253960">
    <nd ref="12183015106"/>
    <nd ref="12183015104"/>
    <nd ref="12183015105"/>
    <nd ref="12183015103"/>
    <tag k="crossing" v="traffic_signals"/>
    <tag k="crossing:markings" v="zebra"/>
    <tag k="crossing:signals" v="yes"/>
    <tag k="footway" v="crossing"/>
    <tag k="highway" v="footway"/>
    <tag k="lit" v="yes"/>
    <tag k="smoothness" v="good"/>
    <tag k="surface" v="asphalt"/>
  </way>
  <way id="1316253961">
    <nd ref="11012351372"/>
    <nd ref="12183015106"/>
    <tag k="footway" v="sidewalk"/>
    <tag k="highway" v="footway"/>
    <tag k="lit" v="yes"/>
    <tag k="smoothness" v="good"/>
    <tag k="surface" v="asphalt"/>
  </way>
  <way id="1316546905">
    <nd ref="12183015018"/>
    <nd ref="12185062249"/>
    <tag k="footway" v="sidewalk"/>
    <tag k="highway" v="footway"/>
    <tag k="lit" v="yes"/>
  </way>
  <way id="1316546906">
    <nd ref="11012351374"/>
    <nd ref="12185062250"/>
    <tag k="footway" v="sidewalk"/>
    <tag k="highway" v="footway"/>
    <tag k="lit" v="yes"/>
  </way>
  <way id="1316546907">
    <nd ref="11012351510"/>
    <nd ref="12185062251"/>
    <tag k="footway" v="sidewalk"/>
    <tag k="highway" v="footway"/>
    <tag k="lit" v="yes"/>
  </way>
  <way id="1317708733">
    <nd ref="1534568302"/>
    <nd ref="12195600857"/>
    <tag k="footway" v="sidewalk"/>
    <tag k="highway" v="footway"/>
    <tag k="lit" v="yes"/>
    <tag k="surface" v="paved"/>
  </way>
  <way id="1317708734">
    <nd ref="11010279330"/>
    <nd ref="12195600858"/>
    <nd ref="12206024496"/>
    <tag k="footway" v="sidewalk"/>
    <tag k="highway" v="footway"/>
    <tag k="lit" v="yes"/>
    <tag k="surface" v="paving_stones"/>
  </way>
  <way id="1317708735">
    <nd ref="12195600864"/>
    <nd ref="12195600887"/>
    <nd ref="12195600881"/>
    <nd ref="12195600863"/>
    <tag k="footway" v="sidewalk"/>
    <tag k="highway" v="footway"/>
    <tag k="lit" v="yes"/>
    <tag k="surface" v="paving_stones"/>
  </way>
  <way id="1317708736">
    <nd ref="12195600865"/>
    <nd ref="12195600867"/>
    <nd ref="12195600866"/>
    <nd ref="12195600864"/>
    <tag k="crossing" v="traffic_signals"/>
    <tag k="crossing:island" v="no"/>
    <tag k="crossing:markings" v="zebra"/>
    <tag k="crossing:signals" v="yes"/>
    <tag k="footway" v="crossing"/>
    <tag k="highway" v="footway"/>
    <tag k="lit" v="yes"/>
  </way>
  <way id="1317708741">
    <nd ref="11010279335"/>
    <nd ref="11010279333"/>
    <nd ref="11010279332"/>
    <tag k="footway" v="sidewalk"/>
    <tag k="highway" v="footway"/>
  </way>
  <way id="1317708743">
    <nd ref="12195600879"/>
    <nd ref="11875209358"/>
    <tag k="footway" v="sidewalk"/>
    <tag k="highway" v="footway"/>
    <tag k="lit" v="yes"/>
    <tag k="smoothness" v="good"/>
    <tag k="surface" v="compacted"/>
  </way>
  <way id="1317708744">
    <nd ref="1534568314"/>
    <nd ref="12195600881"/>
    <tag k="footway" v="sidewalk"/>
    <tag k="highway" v="footway"/>
    <tag k="lit" v="yes"/>
  </way>
  <way id="1317708745">
    <nd ref="11875209366"/>
    <nd ref="12206024494"/>
    <nd ref="12195600882"/>
    <tag k="footway" v="sidewalk"/>
    <tag k="highway" v="footway"/>
    <tag k="lit" v="yes"/>
  </way>
  <way id="1317708746">
    <nd ref="12195600882"/>
    <nd ref="12195600883"/>
    <nd ref="12195600884"/>
    <nd ref="12195600885"/>
    <nd ref="12195600886"/>
    <nd ref="12195600889"/>
    <tag k="footway" v="sidewalk"/>
    <tag k="highway" v="footway"/>
    <tag k="lit" v="yes"/>
  </way>
  <way id="1317708747">
    <nd ref="12195600889"/>
    <nd ref="12195600887"/>
    <nd ref="12195600888"/>
    <tag k="footway" v="sidewalk"/>
    <tag k="highway" v="footway"/>
    <tag k="lit" v="yes"/>
  </way>
  <way id="1317708748">
    <nd ref="1534568299"/>
    <nd ref="12195600891"/>
    <tag k="footway" v="sidewalk"/>
    <tag k="highway" v="footway"/>
    <tag k="lit" v="yes"/>
  </way>
  <way id="1317708749">
    <nd ref="12185062238"/>
    <nd ref="12195600892"/>
    <tag k="footway" v="sidewalk"/>
    <tag k="highway" v="footway"/>
    <tag k="lit" v="yes"/>
  </way>
  <way id="1317708750">
    <nd ref="12185062237"/>
    <nd ref="12185062238"/>
    <tag k="footway" v="sidewalk"/>
    <tag k="highway" v="footway"/>
    <tag k="lit" v="yes"/>
    <tag k="surface" v="paving_stones"/>
  </way>
  <way id="1317708751">
    <nd ref="12185062240"/>
    <nd ref="12185062239"/>
    <nd ref="9966559371"/>
    <tag k="footway" v="sidewalk"/>
    <tag k="highway" v="footway"/>
    <tag k="lit" v="yes"/>
    <tag k="smoothness" v="good"/>
    <tag k="surface" v="paving_stones"/>
  </way>
  <way id="1317708752">
    <nd ref="11010382349"/>
    <nd ref="11010382346"/>
    <nd ref="11010382344"/>
    <nd ref="11010382345"/>
    <tag k="footway" v="sidewalk"/>
    <tag k="highway" v="footway"/>
    <tag k="lit" v="yes"/>
    <tag k="smoothness" v="good"/>
    <tag k="surface" v="paving_stones"/>
  </way>
  <way id="1317708753">
    <nd ref="11010382350"/>
    <nd ref="11010382349"/>
    <tag k="footway" v="sidewalk"/>
    <tag k="highway" v="footway"/>
    <tag k="lit" v="yes"/>
    <tag k="smoothness" v="good"/>
    <tag k="surface" v="paving_stones"/>
  </way>
  <way id="1317708754">
    <nd ref="833393577"/>
    <nd ref="12195600893"/>
    <tag k="footway" v="sidewalk"/>
    <tag k="highway" v="footway"/>
    <tag k="lit" v="yes"/>
    <tag k="surface" v="paving_stones"/>
  </way>
  <way id="1317708755">
    <nd ref="1534568394"/>
    <nd ref="12195600894"/>
    <tag k="footway" v="sidewalk"/>
    <tag k="highway" v="footway"/>
    <tag k="lit" v="yes"/>
    <tag k="surface" v="paving_stones"/>
  </way>
  <way id="1318002914">
    <nd ref="11875210629"/>
    <nd ref="11875210630"/>
    <nd ref="12198027316"/>
    <tag k="crossing" v="unmarked"/>
    <tag k="crossing:markings" v="no"/>
    <tag k="footway" v="crossing"/>
    <tag k="highway" v="footway"/>
    <tag k="lit" v="yes"/>
    <tag k="smoothness" v="good"/>
    <tag k="surface" v="asphalt"/>
  </way>
  <way id="1318002915">
    <nd ref="12198027316"/>
    <nd ref="12198028985"/>
    <nd ref="6454591247"/>
    <tag k="footway" v="sidewalk"/>
    <tag k="highway" v="footway"/>
    <tag k="lit" v="yes"/>
    <tag k="smoothness" v="good"/>
    <tag k="surface" v="asphalt"/>
  </way>
  <way id="1318002916">
    <nd ref="12198027328"/>
    <nd ref="12198027317"/>
    <nd ref="12198027318"/>
    <nd ref="12198027319"/>
    <nd ref="12198027320"/>
    <nd ref="12198027321"/>
    <nd ref="12198027322"/>
    <nd ref="12198027323"/>
    <nd ref="12198027324"/>
    <tag k="footway" v="sidewalk"/>
    <tag k="highway" v="footway"/>
    <tag k="lit" v="yes"/>
    <tag k="smoothness" v="excellent"/>
    <tag k="surface" v="asphalt"/>
  </way>
  <way id="1318002917">
    <nd ref="12183015016"/>
    <nd ref="12198027320"/>
    <tag k="footway" v="sidewalk"/>
    <tag k="highway" v="footway"/>
    <tag k="lit" v="yes"/>
    <tag k="surface" v="paving_stones"/>
  </way>
  <way id="1318002918">
    <nd ref="12198027326"/>
    <nd ref="12198027330"/>
    <nd ref="12198027325"/>
    <tag k="crossing" v="unmarked"/>
    <tag k="crossing:markings" v="no"/>
    <tag k="footway" v="crossing"/>
    <tag k="highway" v="footway"/>
    <tag k="lit" v="yes"/>
  </way>
  <way id="1318002919">
    <nd ref="12183015029"/>
    <nd ref="12198027326"/>
    <tag k="footway" v="sidewalk"/>
    <tag k="highway" v="footway"/>
    <tag k="lit" v="yes"/>
  </way>
  <way id="1318002920">
    <nd ref="12198027325"/>
    <nd ref="12198028985"/>
    <nd ref="12198027327"/>
    <tag k="footway" v="sidewalk"/>
    <tag k="highway" v="footway"/>
    <tag k="lit" v="yes"/>
  </way>
  <way id="1318002921">
    <nd ref="12198027327"/>
    <nd ref="12198027329"/>
    <nd ref="12198027328"/>
    <tag k="crossing" v="unmarked"/>
    <tag k="crossing:markings" v="no"/>
    <tag k="footway" v="crossing"/>
    <tag k="highway" v="footway"/>
    <tag k="lit" v="yes"/>
  </way>
  <way id="1318002922">
    <nd ref="12198027332"/>
    <nd ref="12198027333"/>
    <tag k="footway" v="sidewalk"/>
    <tag k="highway" v="footway"/>
    <tag k="lit" v="yes"/>
  </way>
  <way id="1318002923">
    <nd ref="12198027335"/>
    <nd ref="12198027336"/>
    <nd ref="12198027337"/>
    <nd ref="12198027338"/>
    <nd ref="12198027339"/>
    <nd ref="12198027340"/>
    <tag k="footway" v="sidewalk"/>
    <tag k="highway" v="footway"/>
    <tag k="lit" v="yes"/>
  </way>
  <way id="1318002924">
    <nd ref="12198027341"/>
    <nd ref="12198027342"/>
    <nd ref="12198027343"/>
    <nd ref="12198027344"/>
    <nd ref="12198027345"/>
    <nd ref="12198027346"/>
    <nd ref="11615981876"/>
    <tag k="footway" v="sidewalk"/>
    <tag k="highway" v="footway"/>
    <tag k="lit" v="yes"/>
  </way>
  <way id="1318002925">
    <nd ref="12198027341"/>
    <nd ref="12198027347"/>
    <tag k="footway" v="sidewalk"/>
    <tag k="highway" v="footway"/>
    <tag k="lit" v="yes"/>
  </way>
  <way id="1318002926">
    <nd ref="11070741757"/>
    <nd ref="12198027350"/>
    <nd ref="12198027349"/>
    <nd ref="12198027348"/>
    <nd ref="12198027347"/>
    <nd ref="838123002"/>
    <tag k="footway" v="sidewalk"/>
    <tag k="highway" v="footway"/>
    <tag k="lit" v="yes"/>
  </way>
  <way id="1318002927">
    <nd ref="12198027350"/>
    <nd ref="12198027351"/>
    <nd ref="12198027352"/>
    <nd ref="12198027353"/>
    <nd ref="12198027354"/>
    <nd ref="12198027355"/>
    <nd ref="12198027356"/>
    <nd ref="12198027357"/>
    <tag k="footway" v="sidewalk"/>
    <tag k="highway" v="footway"/>
    <tag k="lit" v="yes"/>
  </way>
  <way id="1318002928">
    <nd ref="12198027359"/>
    <nd ref="12198027358"/>
    <tag k="footway" v="sidewalk"/>
    <tag k="highway" v="footway"/>
    <tag k="lit" v="yes"/>
  </way>
  <way id="1318002929">
    <nd ref="8987468894"/>
    <nd ref="12198027359"/>
    <nd ref="12198027357"/>
    <nd ref="8987468897"/>
    <tag k="footway" v="sidewalk"/>
    <tag k="highway" v="footway"/>
    <tag k="lit" v="yes"/>
  </way>
  <way id="1318002930">
    <nd ref="12198027366"/>
    <nd ref="12198027367"/>
    <nd ref="12198028986"/>
    <nd ref="911471110"/>
    <tag k="footway" v="sidewalk"/>
    <tag k="highway" v="footway"/>
    <tag k="lit" v="yes"/>
  </way>
  <way id="1318002931">
    <nd ref="911471139"/>
    <nd ref="12198028986"/>
    <nd ref="12198027368"/>
    <nd ref="12198027369"/>
    <nd ref="12198027370"/>
    <nd ref="12198027371"/>
    <nd ref="12198027372"/>
    <nd ref="12198027373"/>
    <nd ref="12198027374"/>
    <nd ref="12198027375"/>
    <tag k="footway" v="sidewalk"/>
    <tag k="highway" v="footway"/>
    <tag k="lit" v="yes"/>
  </way>
  <way id="1318002932">
    <nd ref="12198027376"/>
    <nd ref="12198027377"/>
    <nd ref="12198027378"/>
    <nd ref="12198027379"/>
    <nd ref="12198027380"/>
    <nd ref="12198027381"/>
    <nd ref="12198027382"/>
    <nd ref="11615981875"/>
    <tag k="footway" v="sidewalk"/>
    <tag k="highway" v="footway"/>
    <tag k="lit" v="yes"/>
  </way>
  <way id="1318002933">
    <nd ref="12198027383"/>
    <nd ref="12198027384"/>
    <nd ref="12198027385"/>
    <nd ref="12198027386"/>
    <nd ref="12198027387"/>
    <nd ref="12198027390"/>
    <nd ref="12198027388"/>
    <nd ref="12198027389"/>
    <tag k="footway" v="sidewalk"/>
    <tag k="highway" v="footway"/>
    <tag k="lit" v="yes"/>
  </way>
  <way id="1318002934">
    <nd ref="12198027391"/>
    <nd ref="12198027392"/>
    <nd ref="12198027393"/>
    <nd ref="12198027394"/>
    <nd ref="12198027395"/>
    <nd ref="12198027396"/>
    <nd ref="12198027397"/>
    <nd ref="12198027398"/>
    <tag k="footway" v="sidewalk"/>
    <tag k="highway" v="footway"/>
    <tag k="lit" v="yes"/>
  </way>
  <way id="1318002935">
    <nd ref="12198027399"/>
    <nd ref="12198027400"/>
    <nd ref="12198028901"/>
    <nd ref="12198028902"/>
    <nd ref="12198028903"/>
    <nd ref="12198028904"/>
    <nd ref="12198028905"/>
    <nd ref="12198028906"/>
    <tag k="footway" v="sidewalk"/>
    <tag k="highway" v="footway"/>
    <tag k="lit" v="yes"/>
    <tag k="surface" v="asphalt"/>
  </way>
  <way id="1318002936">
    <nd ref="12198028912"/>
    <nd ref="12198028907"/>
    <nd ref="12198028908"/>
    <nd ref="12198028909"/>
    <nd ref="12198028910"/>
    <nd ref="12198028911"/>
    <nd ref="12198028913"/>
    <tag k="footway" v="sidewalk"/>
    <tag k="highway" v="footway"/>
    <tag k="lit" v="yes"/>
    <tag k="surface" v="asphalt"/>
  </way>
  <way id="1318002937">
    <nd ref="12198028914"/>
    <nd ref="12198028915"/>
    <nd ref="12198028916"/>
    <nd ref="12198028917"/>
    <nd ref="12198028918"/>
    <nd ref="12198028919"/>
    <nd ref="12198028920"/>
    <nd ref="12198028921"/>
    <nd ref="12198028922"/>
    <tag k="footway" v="sidewalk"/>
    <tag k="highway" v="footway"/>
    <tag k="lit" v="yes"/>
    <tag k="surface" v="asphalt"/>
  </way>
  <way id="1318002938">
    <nd ref="12198028923"/>
    <nd ref="12198028924"/>
    <nd ref="12198028925"/>
    <nd ref="12198028926"/>
    <nd ref="12198028927"/>
    <nd ref="12198028928"/>
    <nd ref="12198028929"/>
    <tag k="footway" v="sidewalk"/>
    <tag k="highway" v="footway"/>
    <tag k="lit" v="yes"/>
    <tag k="surface" v="asphalt"/>
  </way>
  <way id="1318002939">
    <nd ref="12198028930"/>
    <nd ref="12198028931"/>
    <nd ref="12198028932"/>
    <nd ref="12198028933"/>
    <nd ref="12198028934"/>
    <nd ref="12198028935"/>
    <tag k="footway" v="sidewalk"/>
    <tag k="highway" v="footway"/>
    <tag k="lit" v="yes"/>
  </way>
  <way id="1318002940">
    <nd ref="1363046293"/>
    <nd ref="12198028935"/>
    <nd ref="11875210690"/>
    <nd ref="11070666336"/>
    <tag k="footway" v="sidewalk"/>
    <tag k="highway" v="footway"/>
    <tag k="lit" v="yes"/>
  </way>
  <way id="1318002941">
    <nd ref="12198028936"/>
    <nd ref="12198028937"/>
    <nd ref="12198028938"/>
    <nd ref="12198028939"/>
    <nd ref="12198028940"/>
    <nd ref="12198028941"/>
    <nd ref="12198028942"/>
    <tag k="footway" v="sidewalk"/>
    <tag k="highway" v="footway"/>
    <tag k="lit" v="yes"/>
  </way>
  <way id="1318002942">
    <nd ref="11012358019"/>
    <nd ref="12198028942"/>
    <nd ref="12198028943"/>
    <nd ref="11070645085"/>
    <tag k="footway" v="sidewalk"/>
    <tag k="highway" v="footway"/>
    <tag k="lit" v="yes"/>
  </way>
  <way id="1318002943">
    <nd ref="11875210603"/>
    <nd ref="12198028943"/>
    <tag k="footway" v="sidewalk"/>
    <tag k="highway" v="footway"/>
    <tag k="lit" v="yes"/>
  </way>
  <way id="1318002944">
    <nd ref="11875210682"/>
    <nd ref="12198028945"/>
    <nd ref="12198028946"/>
    <nd ref="12198028947"/>
    <nd ref="12198028948"/>
    <nd ref="12198028949"/>
    <nd ref="11875210673"/>
    <tag k="footway" v="sidewalk"/>
    <tag k="highway" v="footway"/>
    <tag k="lit" v="yes"/>
  </way>
  <way id="1318002945">
    <nd ref="11071342253"/>
    <nd ref="11010598636"/>
    <nd ref="11010598637"/>
    <nd ref="11010598638"/>
    <nd ref="11010598639"/>
    <nd ref="11010598640"/>
    <nd ref="11010598641"/>
    <nd ref="11015526656"/>
    <nd ref="11010598642"/>
    <nd ref="11010598643"/>
    <nd ref="11010598644"/>
    <nd ref="11010598645"/>
    <nd ref="11010598646"/>
    <nd ref="11010598647"/>
    <tag k="footway" v="sidewalk"/>
    <tag k="highway" v="footway"/>
    <tag k="lit" v="yes"/>
  </way>
  <way id="1318002946">
    <nd ref="12198028956"/>
    <nd ref="12198028957"/>
    <tag k="footway" v="sidewalk"/>
    <tag k="highway" v="footway"/>
    <tag k="lit" v="yes"/>
  </way>
  <way id="1318002947">
    <nd ref="11071342254"/>
    <nd ref="11875210673"/>
    <tag k="footway" v="sidewalk"/>
    <tag k="highway" v="footway"/>
    <tag k="lit" v="yes"/>
    <tag k="surface" v="asphalt"/>
  </way>
  <way id="1318002948">
    <nd ref="11875210584"/>
    <nd ref="11875210583"/>
    <nd ref="12198028958"/>
    <nd ref="12198028959"/>
    <nd ref="12198028960"/>
    <nd ref="12198028961"/>
    <nd ref="12198028962"/>
    <nd ref="12198028963"/>
    <nd ref="11875210577"/>
    <tag k="footway" v="sidewalk"/>
    <tag k="highway" v="footway"/>
    <tag k="lit" v="yes"/>
  </way>
  <way id="1318002949">
    <nd ref="11875210584"/>
    <nd ref="936924142"/>
    <tag k="footway" v="sidewalk"/>
    <tag k="highway" v="footway"/>
    <tag k="lit" v="yes"/>
    <tag k="smoothness" v="good"/>
    <tag k="surface" v="asphalt"/>
  </way>
  <way id="1318002950">
    <nd ref="12198028968"/>
    <nd ref="12198028967"/>
    <tag k="footway" v="sidewalk"/>
    <tag k="highway" v="footway"/>
    <tag k="lit" v="yes"/>
    <tag k="surface" v="asphalt"/>
  </way>
  <way id="1318002951">
    <nd ref="11071342267"/>
    <nd ref="11875210577"/>
    <nd ref="12198028965"/>
    <nd ref="12198028966"/>
    <nd ref="12198028968"/>
    <nd ref="11071342268"/>
    <tag k="footway" v="sidewalk"/>
    <tag k="highway" v="footway"/>
    <tag k="lit" v="yes"/>
    <tag k="smoothness" v="good"/>
    <tag k="surface" v="asphalt"/>
  </way>
  <way id="1318002952">
    <nd ref="12198028914"/>
    <nd ref="12198028970"/>
    <tag k="footway" v="sidewalk"/>
    <tag k="highway" v="footway"/>
    <tag k="lit" v="yes"/>
    <tag k="surface" v="asphalt"/>
  </way>
  <way id="1318002953">
    <nd ref="11007710147"/>
    <nd ref="11007710148"/>
    <nd ref="11007710149"/>
    <nd ref="11007710150"/>
    <nd ref="11007710151"/>
    <nd ref="11007710152"/>
    <nd ref="11007710153"/>
    <nd ref="11007710160"/>
    <nd ref="11007710138"/>
    <tag k="footway" v="sidewalk"/>
    <tag k="highway" v="footway"/>
    <tag k="smoothness" v="good"/>
    <tag k="surface" v="asphalt"/>
  </way>
  <way id="1318002954">
    <nd ref="11007865995"/>
    <nd ref="11007865996"/>
    <nd ref="11007865986"/>
    <tag k="footway" v="sidewalk"/>
    <tag k="highway" v="footway"/>
    <tag k="lit" v="yes"/>
    <tag k="smoothness" v="good"/>
    <tag k="surface" v="asphalt"/>
  </way>
  <way id="1318002955">
    <nd ref="11071342272"/>
    <nd ref="12198028975"/>
    <nd ref="12206024474"/>
    <nd ref="12206024473"/>
    <nd ref="12198028970"/>
    <nd ref="11071342269"/>
    <tag k="footway" v="sidewalk"/>
    <tag k="highway" v="footway"/>
    <tag k="lit" v="yes"/>
    <tag k="surface" v="asphalt"/>
  </way>
  <way id="1318002956">
    <nd ref="12198028975"/>
    <nd ref="12198028976"/>
    <nd ref="12198028977"/>
    <nd ref="12198028978"/>
    <nd ref="12198028979"/>
    <nd ref="12198028980"/>
    <tag k="footway" v="sidewalk"/>
    <tag k="highway" v="footway"/>
    <tag k="lit" v="yes"/>
  </way>
  <way id="1318002957">
    <nd ref="12198028983"/>
    <nd ref="12198028982"/>
    <tag k="footway" v="sidewalk"/>
    <tag k="highway" v="footway"/>
    <tag k="lit" v="yes"/>
    <tag k="surface" v="asphalt"/>
  </way>
  <way id="1318002958">
    <nd ref="11071342274"/>
    <nd ref="12198028982"/>
    <nd ref="12198028984"/>
    <nd ref="926668110"/>
    <tag k="footway" v="sidewalk"/>
    <tag k="highway" v="footway"/>
    <tag k="lit" v="yes"/>
  </way>
  <way id="1318002959">
    <nd ref="12198028984"/>
    <nd ref="12198028980"/>
    <nd ref="12198028981"/>
    <tag k="footway" v="sidewalk"/>
    <tag k="highway" v="footway"/>
    <tag k="lit" v="yes"/>
    <tag k="surface" v="asphalt"/>
  </way>
  <way id="1318002960">
    <nd ref="11007865990"/>
    <nd ref="11007865991"/>
    <nd ref="11007865992"/>
    <nd ref="12206024476"/>
    <nd ref="11007865993"/>
    <nd ref="11007865994"/>
    <tag k="footway" v="sidewalk"/>
    <tag k="highway" v="footway"/>
    <tag k="lit" v="yes"/>
    <tag k="surface" v="asphalt"/>
  </way>
  <way id="1318892544">
    <nd ref="12206009990"/>
    <nd ref="12206024413"/>
    <nd ref="12206009991"/>
    <nd ref="926668270"/>
    <tag k="footway" v="sidewalk"/>
    <tag k="highway" v="footway"/>
    <tag k="lit" v="yes"/>
  </way>
  <way id="1318892545">
    <nd ref="12206009991"/>
    <nd ref="12206009992"/>
    <nd ref="12206009993"/>
    <nd ref="12206009994"/>
    <nd ref="11071342275"/>
    <tag k="footway" v="sidewalk"/>
    <tag k="highway" v="footway"/>
    <tag k="lit" v="yes"/>
  </way>
  <way id="1318892546">
    <nd ref="12206009994"/>
    <nd ref="12206024414"/>
    <nd ref="12206009995"/>
    <tag k="footway" v="sidewalk"/>
    <tag k="highway" v="footway"/>
    <tag k="lit" v="yes"/>
  </way>
  <way id="1318892547">
    <nd ref="12206009994"/>
    <nd ref="12206009996"/>
    <nd ref="12206009997"/>
    <nd ref="12206009998"/>
    <nd ref="12206009999"/>
    <nd ref="12206010000"/>
    <tag k="footway" v="sidewalk"/>
    <tag k="highway" v="footway"/>
    <tag k="lit" v="yes"/>
  </way>
  <way id="1318892548">
    <nd ref="12206009999"/>
    <nd ref="12206024401"/>
    <tag k="footway" v="sidewalk"/>
    <tag k="highway" v="footway"/>
    <tag k="lit" v="yes"/>
    <tag k="surface" v="asphalt"/>
  </way>
  <way id="1318892550">
    <nd ref="12206024408"/>
    <nd ref="12206024414"/>
    <nd ref="12206024413"/>
    <nd ref="12206024412"/>
    <nd ref="12206024409"/>
    <tag k="highway" v="service"/>
    <tag k="lit" v="yes"/>
  </way>
  <way id="1318892552">
    <nd ref="11012351372"/>
    <nd ref="12206024420"/>
    <tag k="footway" v="sidewalk"/>
    <tag k="highway" v="footway"/>
    <tag k="lit" v="yes"/>
  </way>
  <way id="1318892553">
    <nd ref="11010382350"/>
    <nd ref="12206024421"/>
    <tag k="footway" v="sidewalk"/>
    <tag k="highway" v="footway"/>
    <tag k="lit" v="yes"/>
    <tag k="surface" v="paving_stones"/>
  </way>
  <way id="1318892557">
    <nd ref="1961531237"/>
    <nd ref="12206024433"/>
    <nd ref="12206024434"/>
    <tag k="footway" v="sidewalk"/>
    <tag k="highway" v="footway"/>
    <tag k="lit" v="yes"/>
  </way>
  <way id="1318892561">
    <nd ref="12206024447"/>
    <nd ref="1961531238"/>
    <tag k="highway" v="steps"/>
    <tag k="incline" v="down"/>
  </way>
  <way id="1318892562">
    <nd ref="1961531239"/>
    <nd ref="12206024448"/>
    <tag k="highway" v="steps"/>
    <tag k="incline" v="down"/>
  </way>
  <way id="1318892564">
    <nd ref="11875210584"/>
    <nd ref="12198028912"/>
    <tag k="footway" v="sidewalk"/>
    <tag k="highway" v="footway"/>
    <tag k="lit" v="yes"/>
    <tag k="surface" v="asphalt"/>
  </way>
  <way id="1318892565">
    <nd ref="12198028975"/>
    <nd ref="12206024475"/>
    <tag k="footway" v="sidewalk"/>
    <tag k="highway" v="footway"/>
    <tag k="lit" v="yes"/>
    <tag k="surface" v="asphalt"/>
  </way>
  <way id="1318892568">
    <nd ref="833393588"/>
    <nd ref="12206024489"/>
    <nd ref="11010382363"/>
    <tag k="footway" v="sidewalk"/>
    <tag k="highway" v="footway"/>
  </way>
  <way id="1318892570">
    <nd ref="12206024494"/>
    <nd ref="12206024495"/>
    <tag k="footway" v="sidewalk"/>
    <tag k="highway" v="footway"/>
    <tag k="lit" v="yes"/>
    <tag k="surface" v="asphalt"/>
  </way>
  <way id="1321937505">
    <nd ref="10221850749"/>
    <nd ref="10221850750"/>
    <tag k="footway" v="sidewalk"/>
    <tag k="highway" v="footway"/>
    <tag k="lit" v="yes"/>
  </way>
  <way id="1324455245">
    <nd ref="12255911102"/>
    <nd ref="838076500"/>
    <nd ref="6736492392"/>
    <nd ref="6736492393"/>
    <tag k="check_date" v="2019-02-24"/>
    <tag k="crossing" v="unmarked"/>
    <tag k="crossing:markings" v="no"/>
    <tag k="cycleway" v="crossing"/>
    <tag k="enforcement:operator" v="Police nationale"/>
    <tag k="highway" v="cycleway"/>
    <tag k="lit" v="yes"/>
    <tag k="name" v="Avenue des Champs-Élysées"/>
    <tag k="name:eo" v="Avenuo de la Elizeaj Kampoj"/>
    <tag k="name:es" v="Campos Elíseos"/>
    <tag k="name:etymology:wikidata" v="Q157128"/>
    <tag k="name:fa" v="خیابان شانزلیزه"/>
    <tag k="name:ko" v="샹젤리제 거리"/>
    <tag k="name:kr" v="샹젤리제 거리"/>
    <tag k="name:pl" v="Pola Elizejskie"/>
    <tag k="name:pt" v="Avenida dos Campos Elísios"/>
    <tag k="name:ru" v="Елисейские поля"/>
    <tag k="name:vi" v="Đại lộ Champs-Élysées"/>
    <tag k="name:zh" v="香榭丽舍大街"/>
    <tag k="name:zh-Hans" v="香榭丽舍大街"/>
    <tag k="name:zh-Hant" v="香榭麗舍大道"/>
    <tag k="oneway" v="yes"/>
    <tag k="operator" v="Ville de Paris"/>
    <tag k="operator:authority" v="Maire de Paris dans le respect des prescriptions prises par le préfet de police"/>
    <tag k="operator:authority:related_law" v="III de l'article L. 2512-14 du code général des collectivités territoriales"/>
    <tag k="source:operator:authority" v="https://www.legifrance.gouv.fr/loda/id/LEGIARTI000035244298/#LEGIARTI000035244298"/>
    <tag k="surface" v="sett"/>
    <tag k="width" v="2"/>
    <tag k="wikidata" v="Q550"/>
    <tag k="wikipedia" v="fr:Avenue des Champs-Élysées"/>
    <tag k="zone:traffic" v="FR:urban"/>
  </way>
  <way id="1327038338">
    <nd ref="9471837421"/>
    <nd ref="11333186748"/>
    <nd ref="11333186747"/>
    <tag k="crossing" v="marked"/>
    <tag k="crossing:markings" v="pictograms"/>
    <tag k="cycleway" v="crossing"/>
    <tag k="highway" v="cycleway"/>
    <tag k="lit" v="yes"/>
    <tag k="name" v="Tunnel de l'Étoile"/>
    <tag k="oneway" v="no"/>
    <tag k="small_electric_vehicle" v="yes"/>
    <tag k="surface" v="asphalt"/>
    <tag k="width" v="7.5"/>
  </way>
  <way id="1327383833">
    <nd ref="12280060278"/>
    <nd ref="9966559381"/>
    <nd ref="5996498043"/>
    <nd ref="9966559372"/>
    <nd ref="5996498042"/>
    <tag k="check_date" v="2019-02-24"/>
    <tag k="cycleway" v="on_street"/>
    <tag k="enforcement:operator" v="Police nationale"/>
    <tag k="highway" v="cycleway"/>
    <tag k="lit" v="yes"/>
    <tag k="name" v="Avenue des Champs-Élysées"/>
    <tag k="name:eo" v="Avenuo de la Elizeaj Kampoj"/>
    <tag k="name:es" v="Campos Elíseos"/>
    <tag k="name:etymology:wikidata" v="Q157128"/>
    <tag k="name:fa" v="خیابان شانزلیزه"/>
    <tag k="name:ko" v="샹젤리제 거리"/>
    <tag k="name:kr" v="샹젤리제 거리"/>
    <tag k="name:pl" v="Pola Elizejskie"/>
    <tag k="name:pt" v="Avenida dos Campos Elísios"/>
    <tag k="name:ru" v="Елисейские поля"/>
    <tag k="name:vi" v="Đại lộ Champs-Élysées"/>
    <tag k="name:zh" v="香榭丽舍大街"/>
    <tag k="name:zh-Hans" v="香榭丽舍大街"/>
    <tag k="name:zh-Hant" v="香榭麗舍大道"/>
    <tag k="oneway" v="yes"/>
    <tag k="operator" v="Ville de Paris"/>
    <tag k="operator:authority" v="Maire de Paris dans le respect des prescriptions prises par le préfet de police"/>
    <tag k="operator:authority:related_law" v="III de l'article L. 2512-14 du code général des collectivités territoriales"/>
    <tag k="source:operator:authority" v="https://www.legifrance.gouv.fr/loda/id/LEGIARTI000035244298/#LEGIARTI000035244298"/>
    <tag k="surface" v="sett"/>
    <tag k="width" v="2"/>
    <tag k="wikidata" v="Q550"/>
    <tag k="wikipedia" v="fr:Avenue des Champs-Élysées"/>
    <tag k="zone:traffic" v="FR:urban"/>
  </way>
  <way id="1327383834">
    <nd ref="12280060279"/>
    <nd ref="5996498044"/>
    <nd ref="12280060278"/>
    <tag k="check_date" v="2019-02-24"/>
    <tag k="crossing" v="unmarked"/>
    <tag k="crossing:markings" v="no"/>
    <tag k="cycleway" v="crossing"/>
    <tag k="enforcement:operator" v="Police nationale"/>
    <tag k="highway" v="cycleway"/>
    <tag k="lit" v="yes"/>
    <tag k="name" v="Avenue des Champs-Élysées"/>
    <tag k="name:eo" v="Avenuo de la Elizeaj Kampoj"/>
    <tag k="name:es" v="Campos Elíseos"/>
    <tag k="name:etymology:wikidata" v="Q157128"/>
    <tag k="name:fa" v="خیابان شانزلیزه"/>
    <tag k="name:ko" v="샹젤리제 거리"/>
    <tag k="name:kr" v="샹젤리제 거리"/>
    <tag k="name:pl" v="Pola Elizejskie"/>
    <tag k="name:pt" v="Avenida dos Campos Elísios"/>
    <tag k="name:ru" v="Елисейские поля"/>
    <tag k="name:vi" v="Đại lộ Champs-Élysées"/>
    <tag k="name:zh" v="香榭丽舍大街"/>
    <tag k="name:zh-Hans" v="香榭丽舍大街"/>
    <tag k="name:zh-Hant" v="香榭麗舍大道"/>
    <tag k="oneway" v="yes"/>
    <tag k="operator" v="Ville de Paris"/>
    <tag k="operator:authority" v="Maire de Paris dans le respect des prescriptions prises par le préfet de police"/>
    <tag k="operator:authority:related_law" v="III de l'article L. 2512-14 du code général des collectivités territoriales"/>
    <tag k="source:operator:authority" v="https://www.legifrance.gouv.fr/loda/id/LEGIARTI000035244298/#LEGIARTI000035244298"/>
    <tag k="surface" v="sett"/>
    <tag k="width" v="2"/>
    <tag k="wikidata" v="Q550"/>
    <tag k="wikipedia" v="fr:Avenue des Champs-Élysées"/>
    <tag k="zone:traffic" v="FR:urban"/>
  </way>
  <way id="1327652456">
    <nd ref="12282892528"/>
    <nd ref="9471837437"/>
    <nd ref="11333186717"/>
    <tag k="crossing" v="uncontrolled"/>
    <tag k="crossing:markings" v="no"/>
    <tag k="cycleway" v="crossing"/>
    <tag k="enforcement:operator" v="Police nationale"/>
    <tag k="highway" v="cycleway"/>
    <tag k="lit" v="yes"/>
    <tag k="name" v="Avenue de la Grande Armée"/>
    <tag k="name:etymology:wikidata" v="Q504721"/>
    <tag k="name:zh" v="大军团大街"/>
    <tag k="name:zh-Hans" v="大军团大街"/>
    <tag k="name:zh-Hant" v="大軍團大街"/>
    <tag k="oneway" v="yes"/>
    <tag k="operator" v="Ville de Paris"/>
    <tag k="operator:authority" v="Maire de Paris dans le respect des prescriptions prises par le préfet de police"/>
    <tag k="operator:authority:related_law" v="III de l'article L. 2512-14 du code général des collectivités territoriales"/>
    <tag k="source:operator:authority" v="https://www.legifrance.gouv.fr/loda/id/LEGIARTI000035244298/#LEGIARTI000035244298"/>
    <tag k="surface" v="sett"/>
    <tag k="zone:traffic" v="FR:urban"/>
  </way>
  <way id="1335230805">
    <nd ref="11010279327"/>
    <nd ref="11010382359"/>
    <nd ref="11010279336"/>
    <tag k="footway" v="sidewalk"/>
    <tag k="highway" v="footway"/>
    <tag k="lit" v="yes"/>
  </way>
  <way id="1335247474">
    <nd ref="12352902386"/>
    <nd ref="11875210703"/>
    <nd ref="11010279312"/>
    <tag k="footway" v="sidewalk"/>
    <tag k="highway" v="footway"/>
  </way>
  <way id="1335247475">
    <nd ref="11010382340"/>
    <nd ref="11010279314"/>
    <nd ref="12352902386"/>
    <tag k="footway" v="sidewalk"/>
    <tag k="highway" v="footway"/>
    <tag k="surface" v="paving_stones"/>
  </way>
  <way id="1335264989">
    <nd ref="11010279275"/>
    <nd ref="11010279284"/>
    <nd ref="11010279268"/>
    <nd ref="11010279267"/>
    <tag k="footway" v="sidewalk"/>
    <tag k="highway" v="footway"/>
    <tag k="lit" v="yes"/>
  </way>
  <way id="1339953319">
    <nd ref="12394889984"/>
    <nd ref="12394889985"/>
    <nd ref="12394889983"/>
    <tag k="crossing" v="unmarked"/>
    <tag k="crossing:markings" v="no"/>
    <tag k="footway" v="crossing"/>
    <tag k="highway" v="footway"/>
  </way>
  <way id="1339953320">
    <nd ref="10781494024"/>
    <nd ref="12394889982"/>
    <nd ref="12394889983"/>
    <tag k="footway" v="sidewalk"/>
    <tag k="highway" v="footway"/>
    <tag k="lit" v="yes"/>
  </way>
  <way id="1339953321">
    <nd ref="838122934"/>
    <nd ref="12394889981"/>
    <nd ref="12394889984"/>
    <tag k="highway" v="footway"/>
  </way>
  <way id="1339955055">
    <nd ref="10781494025"/>
    <nd ref="10781494018"/>
    <nd ref="12394901707"/>
    <nd ref="10781494034"/>
    <tag k="footway" v="sidewalk"/>
    <tag k="highway" v="footway"/>
    <tag k="lit" v="yes"/>
    <tag k="smoothness" v="good"/>
    <tag k="surface" v="asphalt"/>
  </way>
  <way id="1339955056">
    <nd ref="12394901706"/>
    <nd ref="12394901707"/>
    <tag k="footway" v="sidewalk"/>
    <tag k="highway" v="footway"/>
  </way>
  <way id="1340034044">
    <nd ref="11015661138"/>
    <nd ref="12183015045"/>
    <tag k="footway" v="sidewalk"/>
    <tag k="highway" v="footway"/>
    <tag k="surface" v="paving_stones"/>
  </way>
  <way id="1351794291">
    <nd ref="21660970"/>
    <nd ref="12535677030"/>
    <nd ref="12633563738"/>
    <nd ref="12506750881"/>
    <nd ref="12506750882"/>
    <nd ref="12506750883"/>
    <nd ref="8987468905"/>
    <nd ref="12506750884"/>
    <nd ref="12506750885"/>
    <nd ref="12506750886"/>
    <nd ref="12506750887"/>
    <nd ref="12506750888"/>
    <nd ref="12506750889"/>
    <nd ref="12506750890"/>
    <nd ref="12506750891"/>
    <tag k="cycleway" v="on_street"/>
    <tag k="highway" v="cycleway"/>
    <tag k="lit" v="yes"/>
    <tag k="name" v="Avenue de Wagram"/>
    <tag k="name:etymology:wikidata" v="Q467777"/>
    <tag k="name:zh" v="瓦格拉姆大街"/>
    <tag k="name:zh-Hans" v="瓦格拉姆大街"/>
    <tag k="name:zh-Hant" v="瓦格拉姆大街"/>
    <tag k="oneway" v="yes"/>
    <tag k="smoothness" v="intermediate"/>
    <tag k="surface" v="sett"/>
  </way>
  <way id="1351794292">
    <nd ref="12506750893"/>
    <nd ref="12506750894"/>
    <tag k="cycleway" v="on_street"/>
    <tag k="highway" v="cycleway"/>
    <tag k="lit" v="yes"/>
    <tag k="name" v="Avenue de Wagram"/>
    <tag k="name:etymology:wikidata" v="Q467777"/>
    <tag k="name:zh" v="瓦格拉姆大街"/>
    <tag k="name:zh-Hans" v="瓦格拉姆大街"/>
    <tag k="name:zh-Hant" v="瓦格拉姆大街"/>
    <tag k="oneway" v="yes"/>
    <tag k="smoothness" v="intermediate"/>
    <tag k="surface" v="sett"/>
  </way>
  <way id="1354258986">
    <nd ref="12506750894"/>
    <nd ref="12520806790"/>
    <nd ref="12506750895"/>
    <nd ref="12506750896"/>
    <nd ref="12506750897"/>
    <nd ref="12506750898"/>
    <nd ref="12506750899"/>
    <nd ref="12506750900"/>
    <nd ref="12506791401"/>
    <nd ref="12506791402"/>
    <nd ref="12532433229"/>
    <tag k="cycleway" v="on_street"/>
    <tag k="highway" v="cycleway"/>
    <tag k="lit" v="yes"/>
    <tag k="name" v="Avenue de Wagram"/>
    <tag k="name:etymology:wikidata" v="Q467777"/>
    <tag k="name:zh" v="瓦格拉姆大街"/>
    <tag k="name:zh-Hans" v="瓦格拉姆大街"/>
    <tag k="name:zh-Hant" v="瓦格拉姆大街"/>
    <tag k="oneway" v="yes"/>
    <tag k="smoothness" v="intermediate"/>
    <tag k="surface" v="sett"/>
  </way>
  <way id="1354258995">
    <nd ref="12506750891"/>
    <nd ref="12506750892"/>
    <tag k="cycleway" v="on_street"/>
    <tag k="highway" v="cycleway"/>
    <tag k="lit" v="yes"/>
    <tag k="name" v="Avenue de Wagram"/>
    <tag k="name:etymology:wikidata" v="Q467777"/>
    <tag k="name:zh" v="瓦格拉姆大街"/>
    <tag k="name:zh-Hans" v="瓦格拉姆大街"/>
    <tag k="name:zh-Hant" v="瓦格拉姆大街"/>
    <tag k="oneway" v="yes"/>
    <tag k="smoothness" v="intermediate"/>
    <tag k="surface" v="sett"/>
  </way>
  <way id="1360213780">
    <nd ref="292873769"/>
    <nd ref="12591663227"/>
    <tag k="highway" v="footway"/>
    <tag k="name" v="Rue du Dôme"/>
  </way>
  <way id="1363538988">
    <nd ref="12625268661"/>
    <nd ref="11012351520"/>
    <nd ref="11012351537"/>
    <tag k="footway" v="sidewalk"/>
    <tag k="highway" v="footway"/>
    <tag k="lit" v="yes"/>
    <tag k="surface" v="asphalt"/>
  </way>
  <way id="1422553591">
    <nd ref="911471417"/>
    <nd ref="13073265917"/>
    <nd ref="13073265918"/>
    <nd ref="270087609"/>
    <nd ref="13073265916"/>
    <tag k="crossing" v="uncontrolled"/>
    <tag k="crossing:island" v="yes"/>
    <tag k="crossing:markings" v="zebra"/>
    <tag k="crossing:signals" v="no"/>
    <tag k="footway" v="crossing"/>
    <tag k="highway" v="footway"/>
  </way>
  <way id="1422555607">
    <nd ref="292881410"/>
    <nd ref="838076387"/>
    <nd ref="21660273"/>
    <tag k="bicycle:lanes:forward" v="yes|designated"/>
    <tag k="busway:both" v="lane"/>
    <tag k="cycleway:both" v="share_busway"/>
    <tag k="highway" v="primary"/>
    <tag k="lanes" v="4"/>
    <tag k="lanes:backward" v="2"/>
    <tag k="lanes:forward" v="2"/>
    <tag k="lit" v="yes"/>
    <tag k="maxspeed" v="30"/>
    <tag k="name" v="Avenue de Friedland"/>
    <tag k="name:etymology:wikidata" v="Q241108"/>
    <tag k="name:zh" v="弗里德兰大街"/>
    <tag k="name:zh-Hans" v="弗里德兰大街"/>
    <tag k="name:zh-Hant" v="弗里德蘭大街"/>
    <tag k="psv:lanes:forward" v="yes|designated"/>
    <tag k="sidewalk:left" v="separate"/>
    <tag k="sidewalk:right" v="no"/>
    <tag k="smoothness" v="good"/>
    <tag k="surface" v="sett"/>
  </way>
  <way id="1422555608">
    <nd ref="3670340321"/>
    <nd ref="8143391109"/>
    <nd ref="21660273"/>
    <tag k="cycleway:right" v="no"/>
    <tag k="highway" v="residential"/>
    <tag k="lanes" v="1"/>
    <tag k="lit" v="yes"/>
    <tag k="maxspeed" v="30"/>
    <tag k="name" v="Rue Arsène Houssaye"/>
    <tag k="name:etymology:wikidata" v="Q705210"/>
    <tag k="oneway" v="yes"/>
    <tag k="sidewalk:left" v="no"/>
    <tag k="sidewalk:right" v="separate"/>
    <tag k="surface" v="asphalt"/>
  </way>
  <way id="1422555609">
    <nd ref="21660273"/>
    <nd ref="8143391110"/>
    <nd ref="8143411217"/>
    <nd ref="21660278"/>
    <tag k="cycleway:right" v="no"/>
    <tag k="highway" v="residential"/>
    <tag k="lanes" v="1"/>
    <tag k="lit" v="yes"/>
    <tag k="maxspeed" v="30"/>
    <tag k="name" v="Rue Arsène Houssaye"/>
    <tag k="name:etymology:wikidata" v="Q705210"/>
    <tag k="oneway" v="yes"/>
    <tag k="sidewalk" v="separate"/>
    <tag k="surface" v="asphalt"/>
  </way>
  <way id="1422555610">
    <nd ref="292881410"/>
    <nd ref="3670340322"/>
    <nd ref="3670340321"/>
    <tag k="cycleway:right" v="no"/>
    <tag k="highway" v="residential"/>
    <tag k="lanes" v="1"/>
    <tag k="lit" v="yes"/>
    <tag k="maxspeed" v="30"/>
    <tag k="name" v="Rue Lord Byron"/>
    <tag k="name:etymology:wikidata" v="Q5679"/>
    <tag k="oneway" v="yes"/>
    <tag k="sidewalk:left" v="no"/>
    <tag k="sidewalk:right" v="separate"/>
    <tag k="surface" v="sett"/>
  </way>
  <way id="1431124343">
    <nd ref="11013849159"/>
    <nd ref="11013849158"/>
    <tag k="footway" v="sidewalk"/>
    <tag k="highway" v="footway"/>
    <tag k="lit" v="yes"/>
    <tag k="smoothness" v="intermediate"/>
    <tag k="surface" v="compacted"/>
  </way>
  <way id="1435283497">
    <nd ref="13192318639"/>
    <nd ref="12206024495"/>
    <nd ref="11875209356"/>
    <tag k="footway" v="sidewalk"/>
    <tag k="highway" v="footway"/>
    <tag k="lit" v="yes"/>
    <tag k="smoothness" v="excellent"/>
    <tag k="surface" v="paving_stones"/>
  </way>
  <way id="1458921248">
    <nd ref="926668156"/>
    <nd ref="11875209312"/>
    <tag k="footway" v="sidewalk"/>
    <tag k="highway" v="footway"/>
    <tag k="lit" v="yes"/>
    <tag k="smoothness" v="good"/>
    <tag k="surface" v="asphalt"/>
  </way>
  <way id="1458921249">
    <nd ref="911471417"/>
    <nd ref="11015661155"/>
    <tag k="footway" v="sidewalk"/>
    <tag k="highway" v="footway"/>
  </way>
  <way id="1471662768">
    <nd ref="13363701253"/>
    <nd ref="12506750891"/>
    <tag k="bicycle:backward" v="use_sidepath"/>
    <tag k="cycleway" v="separate"/>
    <tag k="highway" v="residential"/>
    <tag k="lanes" v="1"/>
    <tag k="lit" v="yes"/>
    <tag k="maxspeed" v="30"/>
    <tag k="name" v="Rue de Tilsitt"/>
    <tag k="name:etymology:wikidata" v="Q154596"/>
    <tag k="name:zh" v="蒂尔西特街"/>
    <tag k="oneway" v="yes"/>
    <tag k="sidewalk:both" v="separate"/>
    <tag k="source:maxspeed" v="FR:urban"/>
    <tag k="surface" v="asphalt"/>
  </way>
  <way id="1471662769">
    <nd ref="12506750894"/>
    <nd ref="13363701253"/>
    <tag k="bicycle:backward" v="use_sidepath"/>
    <tag k="cycleway" v="separate"/>
    <tag k="highway" v="residential"/>
    <tag k="lanes" v="1"/>
    <tag k="lit" v="yes"/>
    <tag k="maxspeed" v="30"/>
    <tag k="name" v="Rue de Tilsitt"/>
    <tag k="name:etymology:wikidata" v="Q154596"/>
    <tag k="name:zh" v="蒂尔西特街"/>
    <tag k="oneway" v="yes"/>
    <tag k="sidewalk:both" v="separate"/>
    <tag k="source:maxspeed" v="FR:urban"/>
    <tag k="surface" v="paving_stones"/>
  </way>
  <way id="1471732083">
    <nd ref="9471837422"/>
    <nd ref="6370024908"/>
    <nd ref="6370024895"/>
    <tag k="cycleway" v="on_street"/>
    <tag k="highway" v="cycleway"/>
    <tag k="lit" v="yes"/>
    <tag k="name" v="Rue de Tilsitt"/>
    <tag k="name:etymology:wikidata" v="Q154596"/>
    <tag k="name:zh" v="蒂尔西特街"/>
    <tag k="oneway" v="no"/>
    <tag k="start_date" v="2019-05-17"/>
    <tag k="surface" v="asphalt"/>
  </way>
  <way id="1471732084">
    <nd ref="6370024895"/>
    <nd ref="6370024907"/>
    <nd ref="11333186731"/>
    <tag k="cycleway" v="on_street"/>
    <tag k="highway" v="cycleway"/>
    <tag k="lit" v="yes"/>
    <tag k="name" v="Rue de Presbourg"/>
    <tag k="name:etymology:wikidata" v="Q154102"/>
    <tag k="name:zh" v="普雷斯堡街"/>
    <tag k="oneway" v="no"/>
    <tag k="smoothness" v="good"/>
    <tag k="start_date" v="2019-05-17"/>
    <tag k="surface" v="asphalt"/>
  </way>
  <way id="1523839192">
    <nd ref="11007865979"/>
    <nd ref="11007865980"/>
    <nd ref="11007865981"/>
    <nd ref="11007865982"/>
    <nd ref="11007865983"/>
    <nd ref="11007865947"/>
    <tag k="footway" v="sidewalk"/>
    <tag k="highway" v="footway"/>
    <tag k="lit" v="yes"/>
    <tag k="smoothness" v="good"/>
    <tag k="surface" v="asphalt"/>
  </way>
  <way id="1523839211">
    <nd ref="11007871108"/>
    <nd ref="11007865976"/>
    <nd ref="11007865997"/>
    <nd ref="11007865977"/>
    <nd ref="11007865978"/>
    <nd ref="11007865979"/>
    <tag k="footway" v="sidewalk"/>
    <tag k="highway" v="footway"/>
    <tag k="lit" v="yes"/>
    <tag k="smoothness" v="good"/>
    <tag k="surface" v="asphalt"/>
  </way>
  <way id="1523839294">
    <nd ref="11007871110"/>
    <nd ref="11007871107"/>
    <tag k="footway" v="sidewalk"/>
    <tag k="highway" v="footway"/>
    <tag k="lit" v="yes"/>
  </way>
  <way id="1523839334">
    <nd ref="11007871127"/>
    <nd ref="11007871156"/>
    <tag k="footway" v="sidewalk"/>
    <tag k="highway" v="footway"/>
    <tag k="lit" v="yes"/>
  </way>
  <way id="1523839357">
    <nd ref="11007871109"/>
    <nd ref="11007871110"/>
    <nd ref="11007871128"/>
    <nd ref="11007871127"/>
    <tag k="footway" v="sidewalk"/>
    <tag k="highway" v="footway"/>
    <tag k="lit" v="yes"/>
  </way>
  <way id="1523839393">
    <nd ref="13889900219"/>
    <nd ref="11007871120"/>
    <nd ref="11007871109"/>
    <tag k="footway" v="sidewalk"/>
    <tag k="highway" v="footway"/>
    <tag k="lit" v="yes"/>
  </way>
  <way id="1523839437">
    <nd ref="11007871132"/>
    <nd ref="11007871133"/>
    <tag k="footway" v="sidewalk"/>
    <tag k="highway" v="footway"/>
    <tag k="lit" v="yes"/>
  </way>
  <way id="1523839438">
    <nd ref="11010279217"/>
    <nd ref="11007871152"/>
    <nd ref="11007871153"/>
    <tag k="footway" v="sidewalk"/>
    <tag k="highway" v="footway"/>
    <tag k="lit" v="yes"/>
  </way>
  <way id="1523839440">
    <nd ref="11007871159"/>
    <nd ref="11007871155"/>
    <nd ref="11007871133"/>
    <tag k="footway" v="sidewalk"/>
    <tag k="highway" v="footway"/>
    <tag k="lit" v="yes"/>
  </way>
  <way id="1523840217">
    <nd ref="13889895544"/>
    <nd ref="11010279294"/>
    <nd ref="11010279293"/>
    <nd ref="11010279292"/>
    <tag k="footway" v="sidewalk"/>
    <tag k="highway" v="footway"/>
    <tag k="lit" v="yes"/>
  </way>
  <way id="1523840218">
    <nd ref="11010279292"/>
    <nd ref="11010279291"/>
    <nd ref="11010279290"/>
    <nd ref="11010279289"/>
    <nd ref="11010279272"/>
    <tag k="footway" v="sidewalk"/>
    <tag k="highway" v="footway"/>
    <tag k="lit" v="yes"/>
  </way>
  <way id="1523840268">
    <nd ref="11010279261"/>
    <nd ref="11010279307"/>
    <nd ref="11010371483"/>
    <tag k="footway" v="sidewalk"/>
    <tag k="highway" v="footway"/>
    <tag k="lit" v="yes"/>
  </way>
  <way id="1523840269">
    <nd ref="11010371483"/>
    <nd ref="11010279306"/>
    <nd ref="11010279305"/>
    <tag k="footway" v="sidewalk"/>
    <tag k="highway" v="footway"/>
    <tag k="lit" v="yes"/>
  </way>
  <way id="1523840270">
    <nd ref="11010604165"/>
    <nd ref="11010279301"/>
    <nd ref="11010279300"/>
    <nd ref="11010279225"/>
    <nd ref="13889909398"/>
    <tag k="footway" v="sidewalk"/>
    <tag k="highway" v="footway"/>
    <tag k="lit" v="yes"/>
  </way>
  <way id="1523840271">
    <nd ref="13889909398"/>
    <nd ref="11010279299"/>
    <nd ref="11010279298"/>
    <nd ref="11010279270"/>
    <tag k="footway" v="sidewalk"/>
    <tag k="highway" v="footway"/>
    <tag k="lit" v="yes"/>
  </way>
  <way id="1523843568">
    <nd ref="11010279250"/>
    <nd ref="11010279249"/>
    <nd ref="11010279248"/>
    <tag k="footway" v="sidewalk"/>
    <tag k="highway" v="footway"/>
    <tag k="lit" v="yes"/>
  </way>
  <way id="1523843580">
    <nd ref="11010279158"/>
    <nd ref="11010279169"/>
    <nd ref="11010279168"/>
    <nd ref="11010371477"/>
    <tag k="footway" v="sidewalk"/>
    <tag k="highway" v="footway"/>
    <tag k="lit" v="yes"/>
  </way>

</osm>
