<?xml version="1.0" encoding="UTF-8"?>
<osm version="0.6" generator="VMB">
  <MetaInfo format_version="1" map_version="2" validation_version="1"/>
  <node version="1" id="4985" lat="47.46678841363" lon="19.15029084537">
    <tag k="local_x" v="60606.2823"/>
    <tag k="local_y" v="58697.0508"/>
    <tag k="ele" v="0"/>
  </node>
  <node version="1" id="4986" lat="47.46678833067" lon="19.15029077927">
    <tag k="local_x" v="60606.2771"/>
    <tag k="local_y" v="58697.0417"/>
    <tag k="ele" v="0"/>
  </node>
  <node version="1" id="4987" lat="47.46678824224" lon="19.15029070807">
    <tag k="local_x" v="60606.2715"/>
    <tag k="local_y" v="58697.032"/>
    <tag k="ele" v="0"/>
  </node>
  <node version="1" id="4988" lat="47.46678815473" lon="19.15029063815">
    <tag k="local_x" v="60606.266"/>
    <tag k="local_y" v="58697.0224"/>
    <tag k="ele" v="0"/>
  </node>
  <node version="1" id="4989" lat="47.46678806357" lon="19.15029056571">
    <tag k="local_x" v="60606.2603"/>
    <tag k="local_y" v="58697.0124"/>
    <tag k="ele" v="0"/>
  </node>
  <node version="1" id="4990" lat="47.46678796876" lon="19.15029048942">
    <tag k="local_x" v="60606.2543"/>
    <tag k="local_y" v="58697.002"/>
    <tag k="ele" v="0"/>
  </node>
  <node version="1" id="4991" lat="47.4667878703" lon="19.1502904106">
    <tag k="local_x" v="60606.2481"/>
    <tag k="local_y" v="58696.9912"/>
    <tag k="ele" v="0"/>
  </node>
  <node version="1" id="4992" lat="47.46678776821" lon="19.15029032925">
    <tag k="local_x" v="60606.2417"/>
    <tag k="local_y" v="58696.98"/>
    <tag k="ele" v="0"/>
  </node>
  <node version="1" id="4993" lat="47.46678766337" lon="19.15029024535">
    <tag k="local_x" v="60606.2351"/>
    <tag k="local_y" v="58696.9685"/>
    <tag k="ele" v="0"/>
  </node>
  <node version="1" id="4994" lat="47.4667875567" lon="19.15029015886">
    <tag k="local_x" v="60606.2283"/>
    <tag k="local_y" v="58696.9568"/>
    <tag k="ele" v="0"/>
  </node>
  <node version="1" id="4995" lat="47.4667874473" lon="19.15029007113">
    <tag k="local_x" v="60606.2214"/>
    <tag k="local_y" v="58696.9448"/>
    <tag k="ele" v="0"/>
  </node>
  <node version="1" id="4996" lat="47.46678733698" lon="19.15028998211">
    <tag k="local_x" v="60606.2144"/>
    <tag k="local_y" v="58696.9327"/>
    <tag k="ele" v="0"/>
  </node>
  <node version="1" id="4997" lat="47.46678722395" lon="19.15028989186">
    <tag k="local_x" v="60606.2073"/>
    <tag k="local_y" v="58696.9203"/>
    <tag k="ele" v="0"/>
  </node>
  <node version="1" id="4998" lat="47.46678710907" lon="19.15028979902">
    <tag k="local_x" v="60606.2"/>
    <tag k="local_y" v="58696.9077"/>
    <tag k="ele" v="0"/>
  </node>
  <node version="1" id="4999" lat="47.46678699057" lon="19.15028970498">
    <tag k="local_x" v="60606.1926"/>
    <tag k="local_y" v="58696.8947"/>
    <tag k="ele" v="0"/>
  </node>
  <node version="1" id="5000" lat="47.46678686841" lon="19.15028960709">
    <tag k="local_x" v="60606.1849"/>
    <tag k="local_y" v="58696.8813"/>
    <tag k="ele" v="0"/>
  </node>
  <node version="1" id="5001" lat="47.46678674261" lon="19.15028950667">
    <tag k="local_x" v="60606.177"/>
    <tag k="local_y" v="58696.8675"/>
    <tag k="ele" v="0"/>
  </node>
  <node version="1" id="5002" lat="47.46678661405" lon="19.15028940237">
    <tag k="local_x" v="60606.1688"/>
    <tag k="local_y" v="58696.8534"/>
    <tag k="ele" v="0"/>
  </node>
  <node version="1" id="5003" lat="47.46678648187" lon="19.15028929687">
    <tag k="local_x" v="60606.1605"/>
    <tag k="local_y" v="58696.8389"/>
    <tag k="ele" v="0"/>
  </node>
  <node version="1" id="5004" lat="47.46678634603" lon="19.15028918751">
    <tag k="local_x" v="60606.1519"/>
    <tag k="local_y" v="58696.824"/>
    <tag k="ele" v="0"/>
  </node>
  <node version="1" id="5005" lat="47.46678620655" lon="19.15028907563">
    <tag k="local_x" v="60606.1431"/>
    <tag k="local_y" v="58696.8087"/>
    <tag k="ele" v="0"/>
  </node>
  <node version="1" id="5006" lat="47.46678606433" lon="19.15028896119">
    <tag k="local_x" v="60606.1341"/>
    <tag k="local_y" v="58696.7931"/>
    <tag k="ele" v="0"/>
  </node>
  <node version="1" id="5007" lat="47.46678591847" lon="19.15028884423">
    <tag k="local_x" v="60606.1249"/>
    <tag k="local_y" v="58696.7771"/>
    <tag k="ele" v="0"/>
  </node>
  <node version="1" id="5008" lat="47.46678576986" lon="19.1502887247">
    <tag k="local_x" v="60606.1155"/>
    <tag k="local_y" v="58696.7608"/>
    <tag k="ele" v="0"/>
  </node>
  <node version="1" id="5009" lat="47.46678561944" lon="19.15028860392">
    <tag k="local_x" v="60606.106"/>
    <tag k="local_y" v="58696.7443"/>
    <tag k="ele" v="0"/>
  </node>
  <node version="1" id="5010" lat="47.46678546627" lon="19.15028848057">
    <tag k="local_x" v="60606.0963"/>
    <tag k="local_y" v="58696.7275"/>
    <tag k="ele" v="0"/>
  </node>
  <node version="1" id="5011" lat="47.46678531129" lon="19.15028835596">
    <tag k="local_x" v="60606.0865"/>
    <tag k="local_y" v="58696.7105"/>
    <tag k="ele" v="0"/>
  </node>
  <node version="1" id="5012" lat="47.46678515539" lon="19.15028823006">
    <tag k="local_x" v="60606.0766"/>
    <tag k="local_y" v="58696.6934"/>
    <tag k="ele" v="0"/>
  </node>
  <node version="1" id="5013" lat="47.46678499584" lon="19.15028810163">
    <tag k="local_x" v="60606.0665"/>
    <tag k="local_y" v="58696.6759"/>
    <tag k="ele" v="0"/>
  </node>
  <node version="1" id="5014" lat="47.46678483538" lon="19.15028797191">
    <tag k="local_x" v="60606.0563"/>
    <tag k="local_y" v="58696.6583"/>
    <tag k="ele" v="0"/>
  </node>
  <node version="1" id="5015" lat="47.46678467219" lon="19.15028784096">
    <tag k="local_x" v="60606.046"/>
    <tag k="local_y" v="58696.6404"/>
    <tag k="ele" v="0"/>
  </node>
  <node version="1" id="5016" lat="47.46678450626" lon="19.15028770744">
    <tag k="local_x" v="60606.0355"/>
    <tag k="local_y" v="58696.6222"/>
    <tag k="ele" v="0"/>
  </node>
  <node version="1" id="5017" lat="47.46678433852" lon="19.15028757267">
    <tag k="local_x" v="60606.0249"/>
    <tag k="local_y" v="58696.6038"/>
    <tag k="ele" v="0"/>
  </node>
  <node version="1" id="5018" lat="47.46678413069" lon="19.15028740745">
    <tag k="local_x" v="60606.0119"/>
    <tag k="local_y" v="58696.581"/>
    <tag k="ele" v="0"/>
  </node>
  <node version="1" id="5019" lat="47.46678391828" lon="19.15028723709">
    <tag k="local_x" v="60605.9985"/>
    <tag k="local_y" v="58696.5577"/>
    <tag k="ele" v="0"/>
  </node>
  <node version="1" id="5020" lat="47.46678370132" lon="19.15028706423">
    <tag k="local_x" v="60605.9849"/>
    <tag k="local_y" v="58696.5339"/>
    <tag k="ele" v="0"/>
  </node>
  <node version="1" id="5021" lat="47.46678348071" lon="19.15028688752">
    <tag k="local_x" v="60605.971"/>
    <tag k="local_y" v="58696.5097"/>
    <tag k="ele" v="0"/>
  </node>
  <node version="1" id="5022" lat="47.46678325556" lon="19.15028670831">
    <tag k="local_x" v="60605.9569"/>
    <tag k="local_y" v="58696.485"/>
    <tag k="ele" v="0"/>
  </node>
  <node version="1" id="5023" lat="47.46678306321" lon="19.15028655449">
    <tag k="local_x" v="60605.9448"/>
    <tag k="local_y" v="58696.4639"/>
    <tag k="ele" v="0"/>
  </node>
  <node version="1" id="5024" lat="47.4667828654" lon="19.15028639688">
    <tag k="local_x" v="60605.9324"/>
    <tag k="local_y" v="58696.4422"/>
    <tag k="ele" v="0"/>
  </node>
  <node version="1" id="5025" lat="47.46678266395" lon="19.15028623675">
    <tag k="local_x" v="60605.9198"/>
    <tag k="local_y" v="58696.4201"/>
    <tag k="ele" v="0"/>
  </node>
  <node version="1" id="5026" lat="47.46678245976" lon="19.15028607406">
    <tag k="local_x" v="60605.907"/>
    <tag k="local_y" v="58696.3977"/>
    <tag k="ele" v="0"/>
  </node>
  <node version="1" id="5027" lat="47.46678225191" lon="19.15028590752">
    <tag k="local_x" v="60605.8939"/>
    <tag k="local_y" v="58696.3749"/>
    <tag k="ele" v="0"/>
  </node>
  <node version="1" id="5028" lat="47.46678203952" lon="19.15028573848">
    <tag k="local_x" v="60605.8806"/>
    <tag k="local_y" v="58696.3516"/>
    <tag k="ele" v="0"/>
  </node>
  <node version="1" id="5029" lat="47.46678182528" lon="19.15028556685">
    <tag k="local_x" v="60605.8671"/>
    <tag k="local_y" v="58696.3281"/>
    <tag k="ele" v="0"/>
  </node>
  <node version="1" id="5030" lat="47.46678160741" lon="19.1502853927">
    <tag k="local_x" v="60605.8534"/>
    <tag k="local_y" v="58696.3042"/>
    <tag k="ele" v="0"/>
  </node>
  <node version="1" id="5031" lat="47.4667813868" lon="19.15028521599">
    <tag k="local_x" v="60605.8395"/>
    <tag k="local_y" v="58696.28"/>
    <tag k="ele" v="0"/>
  </node>
  <node version="1" id="5032" lat="47.46678116436" lon="19.15028503801">
    <tag k="local_x" v="60605.8255"/>
    <tag k="local_y" v="58696.2556"/>
    <tag k="ele" v="0"/>
  </node>
  <node version="1" id="5033" lat="47.46678093829" lon="19.15028485751">
    <tag k="local_x" v="60605.8113"/>
    <tag k="local_y" v="58696.2308"/>
    <tag k="ele" v="0"/>
  </node>
  <node version="1" id="5034" lat="47.46678070948" lon="19.15028467445">
    <tag k="local_x" v="60605.7969"/>
    <tag k="local_y" v="58696.2057"/>
    <tag k="ele" v="0"/>
  </node>
  <node version="1" id="5035" lat="47.46678047792" lon="19.15028448884">
    <tag k="local_x" v="60605.7823"/>
    <tag k="local_y" v="58696.1803"/>
    <tag k="ele" v="0"/>
  </node>
  <node version="1" id="5036" lat="47.46678024455" lon="19.15028430196">
    <tag k="local_x" v="60605.7676"/>
    <tag k="local_y" v="58696.1547"/>
    <tag k="ele" v="0"/>
  </node>
  <node version="1" id="5037" lat="47.46678000845" lon="19.15028411384">
    <tag k="local_x" v="60605.7528"/>
    <tag k="local_y" v="58696.1288"/>
    <tag k="ele" v="0"/>
  </node>
  <node version="1" id="5038" lat="47.46677977051" lon="19.15028392314">
    <tag k="local_x" v="60605.7378"/>
    <tag k="local_y" v="58696.1027"/>
    <tag k="ele" v="0"/>
  </node>
  <node version="1" id="5039" lat="47.46677952894" lon="19.15028372992">
    <tag k="local_x" v="60605.7226"/>
    <tag k="local_y" v="58696.0762"/>
    <tag k="ele" v="0"/>
  </node>
  <node version="1" id="5040" lat="47.46677928554" lon="19.15028353543">
    <tag k="local_x" v="60605.7073"/>
    <tag k="local_y" v="58696.0495"/>
    <tag k="ele" v="0"/>
  </node>
  <node version="1" id="5041" lat="47.46677903851" lon="19.15028333841">
    <tag k="local_x" v="60605.6918"/>
    <tag k="local_y" v="58696.0224"/>
    <tag k="ele" v="0"/>
  </node>
  <node version="1" id="5042" lat="47.46677878873" lon="19.15028313884">
    <tag k="local_x" v="60605.6761"/>
    <tag k="local_y" v="58695.995"/>
    <tag k="ele" v="0"/>
  </node>
  <node version="1" id="5043" lat="47.46677853621" lon="19.1502829367">
    <tag k="local_x" v="60605.6602"/>
    <tag k="local_y" v="58695.9673"/>
    <tag k="ele" v="0"/>
  </node>
  <node version="1" id="5044" lat="47.46677827915" lon="19.15028273208">
    <tag k="local_x" v="60605.6441"/>
    <tag k="local_y" v="58695.9391"/>
    <tag k="ele" v="0"/>
  </node>
  <node version="1" id="5045" lat="47.46677801935" lon="19.15028252489">
    <tag k="local_x" v="60605.6278"/>
    <tag k="local_y" v="58695.9106"/>
    <tag k="ele" v="0"/>
  </node>
  <node version="1" id="5046" lat="47.46677775591" lon="19.15028231518">
    <tag k="local_x" v="60605.6113"/>
    <tag k="local_y" v="58695.8817"/>
    <tag k="ele" v="0"/>
  </node>
  <node version="1" id="5047" lat="47.46677748792" lon="19.15028210165">
    <tag k="local_x" v="60605.5945"/>
    <tag k="local_y" v="58695.8523"/>
    <tag k="ele" v="0"/>
  </node>
  <node version="1" id="5048" lat="47.46677721628" lon="19.15028188559">
    <tag k="local_x" v="60605.5775"/>
    <tag k="local_y" v="58695.8225"/>
    <tag k="ele" v="0"/>
  </node>
  <node version="1" id="5049" lat="47.4667769419" lon="19.15028166698">
    <tag k="local_x" v="60605.5603"/>
    <tag k="local_y" v="58695.7924"/>
    <tag k="ele" v="0"/>
  </node>
  <node version="1" id="5050" lat="47.46677666385" lon="19.15028144451">
    <tag k="local_x" v="60605.5428"/>
    <tag k="local_y" v="58695.7619"/>
    <tag k="ele" v="0"/>
  </node>
  <node version="1" id="5051" lat="47.46677638309" lon="19.15028122081">
    <tag k="local_x" v="60605.5252"/>
    <tag k="local_y" v="58695.7311"/>
    <tag k="ele" v="0"/>
  </node>
  <node version="1" id="5052" lat="47.46677610049" lon="19.15028099452">
    <tag k="local_x" v="60605.5074"/>
    <tag k="local_y" v="58695.7001"/>
    <tag k="ele" v="0"/>
  </node>
  <node version="1" id="5053" lat="47.46677581427" lon="19.15028076703">
    <tag k="local_x" v="60605.4895"/>
    <tag k="local_y" v="58695.6687"/>
    <tag k="ele" v="0"/>
  </node>
  <node version="1" id="5054" lat="47.46677552618" lon="19.15028053563">
    <tag k="local_x" v="60605.4713"/>
    <tag k="local_y" v="58695.6371"/>
    <tag k="ele" v="0"/>
  </node>
  <node version="1" id="5055" lat="47.4667752372" lon="19.15028030425">
    <tag k="local_x" v="60605.4531"/>
    <tag k="local_y" v="58695.6054"/>
    <tag k="ele" v="0"/>
  </node>
  <node version="1" id="5056" lat="47.46677494642" lon="19.15028007294">
    <tag k="local_x" v="60605.4349"/>
    <tag k="local_y" v="58695.5735"/>
    <tag k="ele" v="0"/>
  </node>
  <node version="1" id="5057" lat="47.46677465379" lon="19.15027983904">
    <tag k="local_x" v="60605.4165"/>
    <tag k="local_y" v="58695.5414"/>
    <tag k="ele" v="0"/>
  </node>
  <node version="1" id="5058" lat="47.46677436025" lon="19.15027960385">
    <tag k="local_x" v="60605.398"/>
    <tag k="local_y" v="58695.5092"/>
    <tag k="ele" v="0"/>
  </node>
  <node version="1" id="5059" lat="47.46677406308" lon="19.15027936745">
    <tag k="local_x" v="60605.3794"/>
    <tag k="local_y" v="58695.4766"/>
    <tag k="ele" v="0"/>
  </node>
  <node version="1" id="5060" lat="47.46677376408" lon="19.15027912847">
    <tag k="local_x" v="60605.3606"/>
    <tag k="local_y" v="58695.4438"/>
    <tag k="ele" v="0"/>
  </node>
  <node version="1" id="5061" lat="47.46677346146" lon="19.15027888829">
    <tag k="local_x" v="60605.3417"/>
    <tag k="local_y" v="58695.4106"/>
    <tag k="ele" v="0"/>
  </node>
  <node version="1" id="5062" lat="47.46677315427" lon="19.15027864428">
    <tag k="local_x" v="60605.3225"/>
    <tag k="local_y" v="58695.3769"/>
    <tag k="ele" v="0"/>
  </node>
  <node version="1" id="5063" lat="47.46677284527" lon="19.15027839901">
    <tag k="local_x" v="60605.3032"/>
    <tag k="local_y" v="58695.343"/>
    <tag k="ele" v="0"/>
  </node>
  <node version="1" id="5064" lat="47.4667725326" lon="19.15027814989">
    <tag k="local_x" v="60605.2836"/>
    <tag k="local_y" v="58695.3087"/>
    <tag k="ele" v="0"/>
  </node>
  <node version="1" id="5065" lat="47.46677215159" lon="19.15027784744">
    <tag k="local_x" v="60605.2598"/>
    <tag k="local_y" v="58695.2669"/>
    <tag k="ele" v="0"/>
  </node>
  <node version="1" id="5066" lat="47.46677176603" lon="19.15027754249">
    <tag k="local_x" v="60605.2358"/>
    <tag k="local_y" v="58695.2246"/>
    <tag k="ele" v="0"/>
  </node>
  <node version="1" id="5067" lat="47.46677137771" lon="19.15027723365">
    <tag k="local_x" v="60605.2115"/>
    <tag k="local_y" v="58695.182"/>
    <tag k="ele" v="0"/>
  </node>
  <node version="1" id="5068" lat="47.46677098484" lon="19.150276921">
    <tag k="local_x" v="60605.1869"/>
    <tag k="local_y" v="58695.1389"/>
    <tag k="ele" v="0"/>
  </node>
  <node version="1" id="5069" lat="47.46677058922" lon="19.15027660578">
    <tag k="local_x" v="60605.1621"/>
    <tag k="local_y" v="58695.0955"/>
    <tag k="ele" v="0"/>
  </node>
  <node version="1" id="5070" lat="47.46677025377" lon="19.15027633889">
    <tag k="local_x" v="60605.1411"/>
    <tag k="local_y" v="58695.0587"/>
    <tag k="ele" v="0"/>
  </node>
  <node version="1" id="5071" lat="47.4667699183" lon="19.15027607066">
    <tag k="local_x" v="60605.12"/>
    <tag k="local_y" v="58695.0219"/>
    <tag k="ele" v="0"/>
  </node>
  <node version="1" id="5072" lat="47.46676958011" lon="19.1502758012">
    <tag k="local_x" v="60605.0988"/>
    <tag k="local_y" v="58694.9848"/>
    <tag k="ele" v="0"/>
  </node>
  <node version="1" id="5073" lat="47.46676924008" lon="19.15027552916">
    <tag k="local_x" v="60605.0774"/>
    <tag k="local_y" v="58694.9475"/>
    <tag k="ele" v="0"/>
  </node>
  <node version="1" id="5074" lat="47.46676889913" lon="19.15027525582">
    <tag k="local_x" v="60605.0559"/>
    <tag k="local_y" v="58694.9101"/>
    <tag k="ele" v="0"/>
  </node>
  <node version="1" id="5075" lat="47.46676855635" lon="19.15027498121">
    <tag k="local_x" v="60605.0343"/>
    <tag k="local_y" v="58694.8725"/>
    <tag k="ele" v="0"/>
  </node>
  <node version="1" id="5076" lat="47.46676821268" lon="19.15027470664">
    <tag k="local_x" v="60605.0127"/>
    <tag k="local_y" v="58694.8348"/>
    <tag k="ele" v="0"/>
  </node>
  <node version="1" id="5077" lat="47.46676786807" lon="19.15027442945">
    <tag k="local_x" v="60604.9909"/>
    <tag k="local_y" v="58694.797"/>
    <tag k="ele" v="0"/>
  </node>
  <node version="1" id="5078" lat="47.46676752166" lon="19.15027415232">
    <tag k="local_x" v="60604.9691"/>
    <tag k="local_y" v="58694.759"/>
    <tag k="ele" v="0"/>
  </node>
  <node version="1" id="5079" lat="47.4667671734" lon="19.1502738726">
    <tag k="local_x" v="60604.9471"/>
    <tag k="local_y" v="58694.7208"/>
    <tag k="ele" v="0"/>
  </node>
  <node version="1" id="5080" lat="47.46676682425" lon="19.15027359291">
    <tag k="local_x" v="60604.9251"/>
    <tag k="local_y" v="58694.6825"/>
    <tag k="ele" v="0"/>
  </node>
  <node version="1" id="5081" lat="47.46676647238" lon="19.15027331199">
    <tag k="local_x" v="60604.903"/>
    <tag k="local_y" v="58694.6439"/>
    <tag k="ele" v="0"/>
  </node>
  <node version="1" id="5082" lat="47.46676611868" lon="19.15027302981">
    <tag k="local_x" v="60604.8808"/>
    <tag k="local_y" v="58694.6051"/>
    <tag k="ele" v="0"/>
  </node>
  <node version="1" id="5083" lat="47.46676576225" lon="19.15027274507">
    <tag k="local_x" v="60604.8584"/>
    <tag k="local_y" v="58694.566"/>
    <tag k="ele" v="0"/>
  </node>
  <node version="1" id="5084" lat="47.46676540308" lon="19.15027245777">
    <tag k="local_x" v="60604.8358"/>
    <tag k="local_y" v="58694.5266"/>
    <tag k="ele" v="0"/>
  </node>
  <node version="1" id="5085" lat="47.46676504118" lon="19.15027216924">
    <tag k="local_x" v="60604.8131"/>
    <tag k="local_y" v="58694.4869"/>
    <tag k="ele" v="0"/>
  </node>
  <node version="1" id="5086" lat="47.46676467655" lon="19.15027187815">
    <tag k="local_x" v="60604.7902"/>
    <tag k="local_y" v="58694.4469"/>
    <tag k="ele" v="0"/>
  </node>
  <node version="1" id="5087" lat="47.4667643083" lon="19.15027158587">
    <tag k="local_x" v="60604.7672"/>
    <tag k="local_y" v="58694.4065"/>
    <tag k="ele" v="0"/>
  </node>
  <node version="1" id="5088" lat="47.46676393728" lon="19.15027128969">
    <tag k="local_x" v="60604.7439"/>
    <tag k="local_y" v="58694.3658"/>
    <tag k="ele" v="0"/>
  </node>
  <node version="1" id="5089" lat="47.46676356265" lon="19.15027099232">
    <tag k="local_x" v="60604.7205"/>
    <tag k="local_y" v="58694.3247"/>
    <tag k="ele" v="0"/>
  </node>
  <node version="1" id="5090" lat="47.46676318435" lon="19.1502706911">
    <tag k="local_x" v="60604.6968"/>
    <tag k="local_y" v="58694.2832"/>
    <tag k="ele" v="0"/>
  </node>
  <node version="1" id="5091" lat="47.46676280421" lon="19.15027038728">
    <tag k="local_x" v="60604.6729"/>
    <tag k="local_y" v="58694.2415"/>
    <tag k="ele" v="0"/>
  </node>
  <node version="1" id="5092" lat="47.46676241954" lon="19.15027008098">
    <tag k="local_x" v="60604.6488"/>
    <tag k="local_y" v="58694.1993"/>
    <tag k="ele" v="0"/>
  </node>
  <node version="1" id="5093" lat="47.46676203212" lon="19.15026977211">
    <tag k="local_x" v="60604.6245"/>
    <tag k="local_y" v="58694.1568"/>
    <tag k="ele" v="0"/>
  </node>
  <node version="1" id="5094" lat="47.46676164288" lon="19.15026946198">
    <tag k="local_x" v="60604.6001"/>
    <tag k="local_y" v="58694.1141"/>
    <tag k="ele" v="0"/>
  </node>
  <node version="1" id="5095" lat="47.46676124998" lon="19.150269148">
    <tag k="local_x" v="60604.5754"/>
    <tag k="local_y" v="58694.071"/>
    <tag k="ele" v="0"/>
  </node>
  <node version="1" id="5096" lat="47.46676085524" lon="19.15026883143">
    <tag k="local_x" v="60604.5505"/>
    <tag k="local_y" v="58694.0277"/>
    <tag k="ele" v="0"/>
  </node>
  <node version="1" id="5097" lat="47.4667604587" lon="19.15026851492">
    <tag k="local_x" v="60604.5256"/>
    <tag k="local_y" v="58693.9842"/>
    <tag k="ele" v="0"/>
  </node>
  <node version="1" id="5098" lat="47.4667600594" lon="19.15026819453">
    <tag k="local_x" v="60604.5004"/>
    <tag k="local_y" v="58693.9404"/>
    <tag k="ele" v="0"/>
  </node>
  <node version="1" id="5099" lat="47.4667596592" lon="19.15026787417">
    <tag k="local_x" v="60604.4752"/>
    <tag k="local_y" v="58693.8965"/>
    <tag k="ele" v="0"/>
  </node>
  <node version="1" id="5100" lat="47.46675925626" lon="19.15026755125">
    <tag k="local_x" v="60604.4498"/>
    <tag k="local_y" v="58693.8523"/>
    <tag k="ele" v="0"/>
  </node>
  <node version="1" id="5101" lat="47.4667588515" lon="19.15026722707">
    <tag k="local_x" v="60604.4243"/>
    <tag k="local_y" v="58693.8079"/>
    <tag k="ele" v="0"/>
  </node>
  <node version="1" id="5102" lat="47.4667584449" lon="19.1502669003">
    <tag k="local_x" v="60604.3986"/>
    <tag k="local_y" v="58693.7633"/>
    <tag k="ele" v="0"/>
  </node>
  <node version="1" id="5103" lat="47.46675803739" lon="19.15026657356">
    <tag k="local_x" v="60604.3729"/>
    <tag k="local_y" v="58693.7186"/>
    <tag k="ele" v="0"/>
  </node>
  <node version="1" id="5104" lat="47.4667575442" lon="19.15026617817">
    <tag k="local_x" v="60604.3418"/>
    <tag k="local_y" v="58693.6645"/>
    <tag k="ele" v="0"/>
  </node>
  <node version="1" id="5105" lat="47.46675704918" lon="19.15026578151">
    <tag k="local_x" v="60604.3106"/>
    <tag k="local_y" v="58693.6102"/>
    <tag k="ele" v="0"/>
  </node>
  <node version="1" id="5106" lat="47.46675655055" lon="19.15026538366">
    <tag k="local_x" v="60604.2793"/>
    <tag k="local_y" v="58693.5555"/>
    <tag k="ele" v="0"/>
  </node>
  <node version="1" id="5107" lat="47.46675604825" lon="19.15026498196">
    <tag k="local_x" v="60604.2477"/>
    <tag k="local_y" v="58693.5004"/>
    <tag k="ele" v="0"/>
  </node>
  <node version="1" id="5108" lat="47.46675554414" lon="19.15026457899">
    <tag k="local_x" v="60604.216"/>
    <tag k="local_y" v="58693.4451"/>
    <tag k="ele" v="0"/>
  </node>
  <node version="1" id="5109" lat="47.46675511754" lon="19.15026423965">
    <tag k="local_x" v="60604.1893"/>
    <tag k="local_y" v="58693.3983"/>
    <tag k="ele" v="0"/>
  </node>
  <node version="1" id="5110" lat="47.46675468727" lon="19.15026389646">
    <tag k="local_x" v="60604.1623"/>
    <tag k="local_y" v="58693.3511"/>
    <tag k="ele" v="0"/>
  </node>
  <node version="1" id="5111" lat="47.46675425337" lon="19.15026355074">
    <tag k="local_x" v="60604.1351"/>
    <tag k="local_y" v="58693.3035"/>
    <tag k="ele" v="0"/>
  </node>
  <node version="1" id="5112" lat="47.4667538167" lon="19.15026320114">
    <tag k="local_x" v="60604.1076"/>
    <tag k="local_y" v="58693.2556"/>
    <tag k="ele" v="0"/>
  </node>
  <node version="1" id="5113" lat="47.46675337732" lon="19.1502628503">
    <tag k="local_x" v="60604.08"/>
    <tag k="local_y" v="58693.2074"/>
    <tag k="ele" v="0"/>
  </node>
  <node version="1" id="5114" lat="47.46675293429" lon="19.15026249694">
    <tag k="local_x" v="60604.0522"/>
    <tag k="local_y" v="58693.1588"/>
    <tag k="ele" v="0"/>
  </node>
  <node version="1" id="5115" lat="47.46675248942" lon="19.15026214099">
    <tag k="local_x" v="60604.0242"/>
    <tag k="local_y" v="58693.11"/>
    <tag k="ele" v="0"/>
  </node>
  <node version="1" id="5116" lat="47.46675204274" lon="19.15026178378">
    <tag k="local_x" v="60603.9961"/>
    <tag k="local_y" v="58693.061"/>
    <tag k="ele" v="0"/>
  </node>
  <node version="1" id="5117" lat="47.46675159423" lon="19.15026142531">
    <tag k="local_x" v="60603.9679"/>
    <tag k="local_y" v="58693.0118"/>
    <tag k="ele" v="0"/>
  </node>
  <node version="1" id="5118" lat="47.46675114298" lon="19.15026106427">
    <tag k="local_x" v="60603.9395"/>
    <tag k="local_y" v="58692.9623"/>
    <tag k="ele" v="0"/>
  </node>
  <node version="1" id="5119" lat="47.46675068991" lon="19.15026070198">
    <tag k="local_x" v="60603.911"/>
    <tag k="local_y" v="58692.9126"/>
    <tag k="ele" v="0"/>
  </node>
  <node version="1" id="5120" lat="47.4667502341" lon="19.15026033712">
    <tag k="local_x" v="60603.8823"/>
    <tag k="local_y" v="58692.8626"/>
    <tag k="ele" v="0"/>
  </node>
  <node version="1" id="5121" lat="47.46674977555" lon="19.15025996971">
    <tag k="local_x" v="60603.8534"/>
    <tag k="local_y" v="58692.8123"/>
    <tag k="ele" v="0"/>
  </node>
  <node version="1" id="5122" lat="47.46674931428" lon="19.15025960107">
    <tag k="local_x" v="60603.8244"/>
    <tag k="local_y" v="58692.7617"/>
    <tag k="ele" v="0"/>
  </node>
  <node version="1" id="5123" lat="47.46674885025" lon="19.15025922854">
    <tag k="local_x" v="60603.7951"/>
    <tag k="local_y" v="58692.7108"/>
    <tag k="ele" v="0"/>
  </node>
  <node version="1" id="5124" lat="47.46674838442" lon="19.15025885608">
    <tag k="local_x" v="60603.7658"/>
    <tag k="local_y" v="58692.6597"/>
    <tag k="ele" v="0"/>
  </node>
  <node version="1" id="5125" lat="47.46674791583" lon="19.15025847973">
    <tag k="local_x" v="60603.7362"/>
    <tag k="local_y" v="58692.6083"/>
    <tag k="ele" v="0"/>
  </node>
  <node version="1" id="5126" lat="47.46674744544" lon="19.15025810344">
    <tag k="local_x" v="60603.7066"/>
    <tag k="local_y" v="58692.5567"/>
    <tag k="ele" v="0"/>
  </node>
  <node version="1" id="5127" lat="47.46674697321" lon="19.15025772457">
    <tag k="local_x" v="60603.6768"/>
    <tag k="local_y" v="58692.5049"/>
    <tag k="ele" v="0"/>
  </node>
  <node version="1" id="5128" lat="47.46674649825" lon="19.15025734446">
    <tag k="local_x" v="60603.6469"/>
    <tag k="local_y" v="58692.4528"/>
    <tag k="ele" v="0"/>
  </node>
  <node version="1" id="5129" lat="47.46674602238" lon="19.15025696306">
    <tag k="local_x" v="60603.6169"/>
    <tag k="local_y" v="58692.4006"/>
    <tag k="ele" v="0"/>
  </node>
  <node version="1" id="5130" lat="47.46674554377" lon="19.1502565791">
    <tag k="local_x" v="60603.5867"/>
    <tag k="local_y" v="58692.3481"/>
    <tag k="ele" v="0"/>
  </node>
  <node version="1" id="5131" lat="47.46674506336" lon="19.15025619521">
    <tag k="local_x" v="60603.5565"/>
    <tag k="local_y" v="58692.2954"/>
    <tag k="ele" v="0"/>
  </node>
  <node version="1" id="5132" lat="47.46674457928" lon="19.15025580746">
    <tag k="local_x" v="60603.526"/>
    <tag k="local_y" v="58692.2423"/>
    <tag k="ele" v="0"/>
  </node>
  <node version="1" id="5133" lat="47.46674409341" lon="19.15025541977">
    <tag k="local_x" v="60603.4955"/>
    <tag k="local_y" v="58692.189"/>
    <tag k="ele" v="0"/>
  </node>
  <node version="1" id="5134" lat="47.46674360478" lon="19.15025502821">
    <tag k="local_x" v="60603.4647"/>
    <tag k="local_y" v="58692.1354"/>
    <tag k="ele" v="0"/>
  </node>
  <node version="1" id="5135" lat="47.46674311342" lon="19.15025463541">
    <tag k="local_x" v="60603.4338"/>
    <tag k="local_y" v="58692.0815"/>
    <tag k="ele" v="0"/>
  </node>
  <node version="1" id="5136" lat="47.46674262025" lon="19.15025424134">
    <tag k="local_x" v="60603.4028"/>
    <tag k="local_y" v="58692.0274"/>
    <tag k="ele" v="0"/>
  </node>
  <node version="1" id="5137" lat="47.46674212341" lon="19.15025384343">
    <tag k="local_x" v="60603.3715"/>
    <tag k="local_y" v="58691.9729"/>
    <tag k="ele" v="0"/>
  </node>
  <node version="1" id="5138" lat="47.46674162476" lon="19.15025344425">
    <tag k="local_x" v="60603.3401"/>
    <tag k="local_y" v="58691.9182"/>
    <tag k="ele" v="0"/>
  </node>
  <node version="1" id="5139" lat="47.46674112248" lon="19.15025304387">
    <tag k="local_x" v="60603.3086"/>
    <tag k="local_y" v="58691.8631"/>
    <tag k="ele" v="0"/>
  </node>
  <node version="1" id="5140" lat="47.46674061927" lon="19.15025264087">
    <tag k="local_x" v="60603.2769"/>
    <tag k="local_y" v="58691.8079"/>
    <tag k="ele" v="0"/>
  </node>
  <node version="1" id="5141" lat="47.46674011241" lon="19.15025223534">
    <tag k="local_x" v="60603.245"/>
    <tag k="local_y" v="58691.7523"/>
    <tag k="ele" v="0"/>
  </node>
  <node version="1" id="5142" lat="47.46673960371" lon="19.15025182722">
    <tag k="local_x" v="60603.2129"/>
    <tag k="local_y" v="58691.6965"/>
    <tag k="ele" v="0"/>
  </node>
  <node version="1" id="5143" lat="47.46673909229" lon="19.15025141788">
    <tag k="local_x" v="60603.1807"/>
    <tag k="local_y" v="58691.6404"/>
    <tag k="ele" v="0"/>
  </node>
  <node version="1" id="5144" lat="47.46673857814" lon="19.15025100597">
    <tag k="local_x" v="60603.1483"/>
    <tag k="local_y" v="58691.584"/>
    <tag k="ele" v="0"/>
  </node>
  <node version="1" id="5145" lat="47.46673806306" lon="19.15025059277">
    <tag k="local_x" v="60603.1158"/>
    <tag k="local_y" v="58691.5275"/>
    <tag k="ele" v="0"/>
  </node>
  <node version="1" id="5146" lat="47.46673754524" lon="19.15025017701">
    <tag k="local_x" v="60603.0831"/>
    <tag k="local_y" v="58691.4707"/>
    <tag k="ele" v="0"/>
  </node>
  <node version="1" id="5147" lat="47.4667370256" lon="19.15024975999">
    <tag k="local_x" v="60603.0503"/>
    <tag k="local_y" v="58691.4137"/>
    <tag k="ele" v="0"/>
  </node>
  <node version="1" id="5148" lat="47.46673650501" lon="19.15024934035">
    <tag k="local_x" v="60603.0173"/>
    <tag k="local_y" v="58691.3566"/>
    <tag k="ele" v="0"/>
  </node>
  <node version="1" id="5149" lat="47.46673598173" lon="19.1502489208">
    <tag k="local_x" v="60602.9843"/>
    <tag k="local_y" v="58691.2992"/>
    <tag k="ele" v="0"/>
  </node>
  <node version="1" id="5150" lat="47.46673545661" lon="19.15024849867">
    <tag k="local_x" v="60602.9511"/>
    <tag k="local_y" v="58691.2416"/>
    <tag k="ele" v="0"/>
  </node>
  <node version="1" id="5151" lat="47.46673493057" lon="19.15024807524">
    <tag k="local_x" v="60602.9178"/>
    <tag k="local_y" v="58691.1839"/>
    <tag k="ele" v="0"/>
  </node>
  <node version="1" id="5152" lat="47.46673440181" lon="19.15024765057">
    <tag k="local_x" v="60602.8844"/>
    <tag k="local_y" v="58691.1259"/>
    <tag k="ele" v="0"/>
  </node>
  <node version="1" id="5153" lat="47.46673387213" lon="19.15024722462">
    <tag k="local_x" v="60602.8509"/>
    <tag k="local_y" v="58691.0678"/>
    <tag k="ele" v="0"/>
  </node>
  <node version="1" id="5154" lat="47.46673334062" lon="19.1502467974">
    <tag k="local_x" v="60602.8173"/>
    <tag k="local_y" v="58691.0095"/>
    <tag k="ele" v="0"/>
  </node>
  <node version="1" id="5155" lat="47.46673280822" lon="19.15024637021">
    <tag k="local_x" v="60602.7837"/>
    <tag k="local_y" v="58690.9511"/>
    <tag k="ele" v="0"/>
  </node>
  <node version="1" id="5156" lat="47.46673227398" lon="19.15024594043">
    <tag k="local_x" v="60602.7499"/>
    <tag k="local_y" v="58690.8925"/>
    <tag k="ele" v="0"/>
  </node>
  <node version="1" id="5157" lat="47.46673173884" lon="19.15024551068">
    <tag k="local_x" v="60602.7161"/>
    <tag k="local_y" v="58690.8338"/>
    <tag k="ele" v="0"/>
  </node>
  <node version="1" id="5158" lat="47.46673120187" lon="19.15024507967">
    <tag k="local_x" v="60602.6822"/>
    <tag k="local_y" v="58690.7749"/>
    <tag k="ele" v="0"/>
  </node>
  <node version="1" id="5159" lat="47.46673066217" lon="19.1502446461">
    <tag k="local_x" v="60602.6481"/>
    <tag k="local_y" v="58690.7157"/>
    <tag k="ele" v="0"/>
  </node>
  <node version="1" id="5160" lat="47.46673012157" lon="19.15024421257">
    <tag k="local_x" v="60602.614"/>
    <tag k="local_y" v="58690.6564"/>
    <tag k="ele" v="0"/>
  </node>
  <node version="1" id="5161" lat="47.46672958004" lon="19.15024377774">
    <tag k="local_x" v="60602.5798"/>
    <tag k="local_y" v="58690.597"/>
    <tag k="ele" v="0"/>
  </node>
  <node version="1" id="5162" lat="47.4667290367" lon="19.15024334164">
    <tag k="local_x" v="60602.5455"/>
    <tag k="local_y" v="58690.5374"/>
    <tag k="ele" v="0"/>
  </node>
  <node version="1" id="5163" lat="47.46672849246" lon="19.15024290558">
    <tag k="local_x" v="60602.5112"/>
    <tag k="local_y" v="58690.4777"/>
    <tag k="ele" v="0"/>
  </node>
  <node version="1" id="5164" lat="47.46672794639" lon="19.15024246826">
    <tag k="local_x" v="60602.4768"/>
    <tag k="local_y" v="58690.4178"/>
    <tag k="ele" v="0"/>
  </node>
  <node version="1" id="5165" lat="47.46672739851" lon="19.15024202967">
    <tag k="local_x" v="60602.4423"/>
    <tag k="local_y" v="58690.3577"/>
    <tag k="ele" v="0"/>
  </node>
  <node version="1" id="5166" lat="47.46672684881" lon="19.15024158982">
    <tag k="local_x" v="60602.4077"/>
    <tag k="local_y" v="58690.2974"/>
    <tag k="ele" v="0"/>
  </node>
  <node version="1" id="5167" lat="47.46672629726" lon="19.15024114737">
    <tag k="local_x" v="60602.3729"/>
    <tag k="local_y" v="58690.2369"/>
    <tag k="ele" v="0"/>
  </node>
  <node version="1" id="5168" lat="47.466725743" lon="19.1502407037">
    <tag k="local_x" v="60602.338"/>
    <tag k="local_y" v="58690.1761"/>
    <tag k="ele" v="0"/>
  </node>
  <node version="1" id="5169" lat="47.46672518691" lon="19.15024025877">
    <tag k="local_x" v="60602.303"/>
    <tag k="local_y" v="58690.1151"/>
    <tag k="ele" v="0"/>
  </node>
  <node version="1" id="5170" lat="47.46672462811" lon="19.1502398126">
    <tag k="local_x" v="60602.2679"/>
    <tag k="local_y" v="58690.0538"/>
    <tag k="ele" v="0"/>
  </node>
  <node version="1" id="5171" lat="47.46672406837" lon="19.15023936381">
    <tag k="local_x" v="60602.2326"/>
    <tag k="local_y" v="58689.9924"/>
    <tag k="ele" v="0"/>
  </node>
  <node version="1" id="5172" lat="47.4667235068" lon="19.15023891376">
    <tag k="local_x" v="60602.1972"/>
    <tag k="local_y" v="58689.9308"/>
    <tag k="ele" v="0"/>
  </node>
  <node version="1" id="5173" lat="47.46672294341" lon="19.15023846244">
    <tag k="local_x" v="60602.1617"/>
    <tag k="local_y" v="58689.869"/>
    <tag k="ele" v="0"/>
  </node>
  <node version="1" id="5174" lat="47.46672237909" lon="19.15023800851">
    <tag k="local_x" v="60602.126"/>
    <tag k="local_y" v="58689.8071"/>
    <tag k="ele" v="0"/>
  </node>
  <node version="1" id="5175" lat="47.46672181386" lon="19.15023755461">
    <tag k="local_x" v="60602.0903"/>
    <tag k="local_y" v="58689.7451"/>
    <tag k="ele" v="0"/>
  </node>
  <node version="1" id="5176" lat="47.46672124683" lon="19.15023710076">
    <tag k="local_x" v="60602.0546"/>
    <tag k="local_y" v="58689.6829"/>
    <tag k="ele" v="0"/>
  </node>
  <node version="1" id="5177" lat="47.46672067976" lon="19.15023664427">
    <tag k="local_x" v="60602.0187"/>
    <tag k="local_y" v="58689.6207"/>
    <tag k="ele" v="0"/>
  </node>
  <node version="1" id="5178" lat="47.4667201118" lon="19.15023618781">
    <tag k="local_x" v="60601.9828"/>
    <tag k="local_y" v="58689.5584"/>
    <tag k="ele" v="0"/>
  </node>
  <node version="1" id="5179" lat="47.46671954203" lon="19.15023573141">
    <tag k="local_x" v="60601.9469"/>
    <tag k="local_y" v="58689.4959"/>
    <tag k="ele" v="0"/>
  </node>
  <node version="1" id="5180" lat="47.46671897132" lon="19.15023527239">
    <tag k="local_x" v="60601.9108"/>
    <tag k="local_y" v="58689.4333"/>
    <tag k="ele" v="0"/>
  </node>
  <node version="1" id="5181" lat="47.46671840061" lon="19.15023481337">
    <tag k="local_x" v="60601.8747"/>
    <tag k="local_y" v="58689.3707"/>
    <tag k="ele" v="0"/>
  </node>
  <node version="1" id="5182" lat="47.46671782808" lon="19.15023435309">
    <tag k="local_x" v="60601.8385"/>
    <tag k="local_y" v="58689.3079"/>
    <tag k="ele" v="0"/>
  </node>
  <node version="1" id="5183" lat="47.46671725465" lon="19.15023389284">
    <tag k="local_x" v="60601.8023"/>
    <tag k="local_y" v="58689.245"/>
    <tag k="ele" v="0"/>
  </node>
  <node version="1" id="5184" lat="47.4667166803" lon="19.15023343129">
    <tag k="local_x" v="60601.766"/>
    <tag k="local_y" v="58689.182"/>
    <tag k="ele" v="0"/>
  </node>
  <node version="1" id="5185" lat="47.46671610506" lon="19.15023296978">
    <tag k="local_x" v="60601.7297"/>
    <tag k="local_y" v="58689.1189"/>
    <tag k="ele" v="0"/>
  </node>
  <node version="1" id="5186" lat="47.46671552889" lon="19.15023250697">
    <tag k="local_x" v="60601.6933"/>
    <tag k="local_y" v="58689.0557"/>
    <tag k="ele" v="0"/>
  </node>
  <node version="1" id="5187" lat="47.4667149527" lon="19.15023204284">
    <tag k="local_x" v="60601.6568"/>
    <tag k="local_y" v="58688.9925"/>
    <tag k="ele" v="0"/>
  </node>
  <node version="1" id="5188" lat="47.46671437653" lon="19.15023158003">
    <tag k="local_x" v="60601.6204"/>
    <tag k="local_y" v="58688.9293"/>
    <tag k="ele" v="0"/>
  </node>
  <node version="1" id="5189" lat="47.46671380034" lon="19.15023111589">
    <tag k="local_x" v="60601.5839"/>
    <tag k="local_y" v="58688.8661"/>
    <tag k="ele" v="0"/>
  </node>
  <node version="1" id="5190" lat="47.46671322417" lon="19.15023065308">
    <tag k="local_x" v="60601.5475"/>
    <tag k="local_y" v="58688.8029"/>
    <tag k="ele" v="0"/>
  </node>
  <node version="1" id="5191" lat="47.46671264798" lon="19.15023018895">
    <tag k="local_x" v="60601.511"/>
    <tag k="local_y" v="58688.7397"/>
    <tag k="ele" v="0"/>
  </node>
  <node version="1" id="5192" lat="47.46671207271" lon="19.15022972611">
    <tag k="local_x" v="60601.4746"/>
    <tag k="local_y" v="58688.6766"/>
    <tag k="ele" v="0"/>
  </node>
  <node version="1" id="5193" lat="47.46671149744" lon="19.15022926327">
    <tag k="local_x" v="60601.4382"/>
    <tag k="local_y" v="58688.6135"/>
    <tag k="ele" v="0"/>
  </node>
  <node version="1" id="5194" lat="47.46671092307" lon="19.1502288004">
    <tag k="local_x" v="60601.4018"/>
    <tag k="local_y" v="58688.5505"/>
    <tag k="ele" v="0"/>
  </node>
  <node version="1" id="5195" lat="47.46671034962" lon="19.15022833882">
    <tag k="local_x" v="60601.3655"/>
    <tag k="local_y" v="58688.4876"/>
    <tag k="ele" v="0"/>
  </node>
  <node version="1" id="5196" lat="47.46670977617" lon="19.15022787724">
    <tag k="local_x" v="60601.3292"/>
    <tag k="local_y" v="58688.4247"/>
    <tag k="ele" v="0"/>
  </node>
  <node version="1" id="5197" lat="47.46670920364" lon="19.15022741696">
    <tag k="local_x" v="60601.293"/>
    <tag k="local_y" v="58688.3619"/>
    <tag k="ele" v="0"/>
  </node>
  <node version="1" id="5198" lat="47.46670863201" lon="19.15022695665">
    <tag k="local_x" v="60601.2568"/>
    <tag k="local_y" v="58688.2992"/>
    <tag k="ele" v="0"/>
  </node>
  <node version="1" id="5199" lat="47.4667080604" lon="19.15022649766">
    <tag k="local_x" v="60601.2207"/>
    <tag k="local_y" v="58688.2365"/>
    <tag k="ele" v="0"/>
  </node>
  <node version="1" id="5200" lat="47.46670748879" lon="19.15022603867">
    <tag k="local_x" v="60601.1846"/>
    <tag k="local_y" v="58688.1738"/>
    <tag k="ele" v="0"/>
  </node>
  <node version="1" id="5201" lat="47.46670691811" lon="19.15022558098">
    <tag k="local_x" v="60601.1486"/>
    <tag k="local_y" v="58688.1112"/>
    <tag k="ele" v="0"/>
  </node>
  <node version="1" id="5202" lat="47.4667055923" lon="19.15022444515">
    <tag k="local_x" v="60601.0595"/>
    <tag k="local_y" v="58687.9659"/>
    <tag k="ele" v="0"/>
  </node>
  <node version="1" id="5203" lat="47.46670277069" lon="19.15022150799">
    <tag k="local_x" v="60600.8307"/>
    <tag k="local_y" v="58687.6576"/>
    <tag k="ele" v="0"/>
  </node>
  <node version="1" id="5204" lat="47.46669967797" lon="19.15021838793">
    <tag k="local_x" v="60600.5874"/>
    <tag k="local_y" v="58687.3195"/>
    <tag k="ele" v="0"/>
  </node>
  <node version="1" id="5205" lat="47.46669611191" lon="19.15021487576">
    <tag k="local_x" v="60600.3133"/>
    <tag k="local_y" v="58686.9295"/>
    <tag k="ele" v="0"/>
  </node>
  <node version="1" id="5206" lat="47.46669208727" lon="19.15021099486">
    <tag k="local_x" v="60600.0102"/>
    <tag k="local_y" v="58686.4892"/>
    <tag k="ele" v="0"/>
  </node>
  <node version="1" id="5207" lat="47.46668777573" lon="19.15020689976">
    <tag k="local_x" v="60599.6902"/>
    <tag k="local_y" v="58686.0174"/>
    <tag k="ele" v="0"/>
  </node>
  <node version="1" id="5208" lat="47.46668530243" lon="19.15020491511">
    <tag k="local_x" v="60599.5341"/>
    <tag k="local_y" v="58685.7461"/>
    <tag k="ele" v="0"/>
  </node>
  <node version="1" id="5209" lat="47.466682497" lon="19.1502026462">
    <tag k="local_x" v="60599.3557"/>
    <tag k="local_y" v="58685.4384"/>
    <tag k="ele" v="0"/>
  </node>
  <node version="1" id="5210" lat="47.4666796854" lon="19.15020038546">
    <tag k="local_x" v="60599.1779"/>
    <tag k="local_y" v="58685.13"/>
    <tag k="ele" v="0"/>
  </node>
  <node version="1" id="5211" lat="47.46667686275" lon="19.15019810919">
    <tag k="local_x" v="60598.9989"/>
    <tag k="local_y" v="58684.8204"/>
    <tag k="ele" v="0"/>
  </node>
  <node version="1" id="5212" lat="47.46667406008" lon="19.15019584416">
    <tag k="local_x" v="60598.8208"/>
    <tag k="local_y" v="58684.513"/>
    <tag k="ele" v="0"/>
  </node>
  <node version="1" id="5213" lat="47.46667125844" lon="19.15019358705">
    <tag k="local_x" v="60598.6433"/>
    <tag k="local_y" v="58684.2057"/>
    <tag k="ele" v="0"/>
  </node>
  <node version="1" id="5214" lat="47.46666845402" lon="19.15019132474">
    <tag k="local_x" v="60598.4654"/>
    <tag k="local_y" v="58683.8981"/>
    <tag k="ele" v="0"/>
  </node>
  <node version="1" id="5215" lat="47.46666566681" lon="19.15018906978">
    <tag k="local_x" v="60598.2881"/>
    <tag k="local_y" v="58683.5924"/>
    <tag k="ele" v="0"/>
  </node>
  <node version="1" id="5216" lat="47.46666289058" lon="19.15018682638">
    <tag k="local_x" v="60598.1117"/>
    <tag k="local_y" v="58683.2879"/>
    <tag k="ele" v="0"/>
  </node>
  <node version="1" id="5217" lat="47.4666601108" lon="19.15018458576">
    <tag k="local_x" v="60597.9355"/>
    <tag k="local_y" v="58682.983"/>
    <tag k="ele" v="0"/>
  </node>
  <node version="1" id="5218" lat="47.46665732931" lon="19.15018235051">
    <tag k="local_x" v="60597.7597"/>
    <tag k="local_y" v="58682.6779"/>
    <tag k="ele" v="0"/>
  </node>
  <node version="1" id="5219" lat="47.46665454133" lon="19.15018010355">
    <tag k="local_x" v="60597.583"/>
    <tag k="local_y" v="58682.3721"/>
    <tag k="ele" v="0"/>
  </node>
  <node version="1" id="5220" lat="47.46665177241" lon="19.15017786653">
    <tag k="local_x" v="60597.4071"/>
    <tag k="local_y" v="58682.0684"/>
    <tag k="ele" v="0"/>
  </node>
  <node version="1" id="5221" lat="47.46664900286" lon="19.15017564678">
    <tag k="local_x" v="60597.2325"/>
    <tag k="local_y" v="58681.7646"/>
    <tag k="ele" v="0"/>
  </node>
  <node version="1" id="5222" lat="47.46664622955" lon="19.15017341655">
    <tag k="local_x" v="60597.0571"/>
    <tag k="local_y" v="58681.4604"/>
    <tag k="ele" v="0"/>
  </node>
  <node version="1" id="5223" lat="47.46664346994" lon="19.15017119911">
    <tag k="local_x" v="60596.8827"/>
    <tag k="local_y" v="58681.1577"/>
    <tag k="ele" v="0"/>
  </node>
  <node version="1" id="5224" lat="47.4666407305" lon="19.15016900485">
    <tag k="local_x" v="60596.7101"/>
    <tag k="local_y" v="58680.8572"/>
    <tag k="ele" v="0"/>
  </node>
  <node version="1" id="5225" lat="47.46663797415" lon="19.1501668218">
    <tag k="local_x" v="60596.5383"/>
    <tag k="local_y" v="58680.5548"/>
    <tag k="ele" v="0"/>
  </node>
  <node version="1" id="5226" lat="47.46663520655" lon="19.15016461127">
    <tag k="local_x" v="60596.3644"/>
    <tag k="local_y" v="58680.2512"/>
    <tag k="ele" v="0"/>
  </node>
  <node version="1" id="5227" lat="47.46663247277" lon="19.15016243274">
    <tag k="local_x" v="60596.193"/>
    <tag k="local_y" v="58679.9513"/>
    <tag k="ele" v="0"/>
  </node>
  <node version="1" id="5228" lat="47.466629752" lon="19.15016028028">
    <tag k="local_x" v="60596.0236"/>
    <tag k="local_y" v="58679.6528"/>
    <tag k="ele" v="0"/>
  </node>
  <node version="1" id="5229" lat="47.46662700518" lon="19.15015813007">
    <tag k="local_x" v="60595.8543"/>
    <tag k="local_y" v="58679.3514"/>
    <tag k="ele" v="0"/>
  </node>
  <node version="1" id="5230" lat="47.46662430287" lon="19.15015600617">
    <tag k="local_x" v="60595.6871"/>
    <tag k="local_y" v="58679.0549"/>
    <tag k="ele" v="0"/>
  </node>
  <node version="1" id="5231" lat="47.46662161801" lon="19.15015395994">
    <tag k="local_x" v="60595.5258"/>
    <tag k="local_y" v="58678.7602"/>
    <tag k="ele" v="0"/>
  </node>
  <node version="1" id="5232" lat="47.46661889621" lon="19.15015191103">
    <tag k="local_x" v="60595.3642"/>
    <tag k="local_y" v="58678.4614"/>
    <tag k="ele" v="0"/>
  </node>
  <node version="1" id="5233" lat="47.46661618938" lon="19.15014989743">
    <tag k="local_x" v="60595.2053"/>
    <tag k="local_y" v="58678.1642"/>
    <tag k="ele" v="0"/>
  </node>
  <node version="1" id="5234" lat="47.46661350243" lon="19.15014794417">
    <tag k="local_x" v="60595.051"/>
    <tag k="local_y" v="58677.8691"/>
    <tag k="ele" v="0"/>
  </node>
  <node version="1" id="5235" lat="47.46661077979" lon="19.15014601074">
    <tag k="local_x" v="60594.8981"/>
    <tag k="local_y" v="58677.57"/>
    <tag k="ele" v="0"/>
  </node>
  <node version="1" id="5236" lat="47.46660809196" lon="19.15014411457">
    <tag k="local_x" v="60594.7481"/>
    <tag k="local_y" v="58677.2747"/>
    <tag k="ele" v="0"/>
  </node>
  <node version="1" id="5237" lat="47.46660543538" lon="19.1501423155">
    <tag k="local_x" v="60594.6055"/>
    <tag k="local_y" v="58676.9827"/>
    <tag k="ele" v="0"/>
  </node>
  <node version="1" id="5238" lat="47.4666027687" lon="19.15014055926">
    <tag k="local_x" v="60594.4661"/>
    <tag k="local_y" v="58676.6895"/>
    <tag k="ele" v="0"/>
  </node>
  <node version="1" id="5239" lat="47.46660010136" lon="19.15013887336">
    <tag k="local_x" v="60594.332"/>
    <tag k="local_y" v="58676.3961"/>
    <tag k="ele" v="0"/>
  </node>
  <node version="1" id="5240" lat="47.46659741968" lon="19.15013724769">
    <tag k="local_x" v="60594.2024"/>
    <tag k="local_y" v="58676.101"/>
    <tag k="ele" v="0"/>
  </node>
  <node version="1" id="5241" lat="47.46659470639" lon="19.15013566957">
    <tag k="local_x" v="60594.0763"/>
    <tag k="local_y" v="58675.8023"/>
    <tag k="ele" v="0"/>
  </node>
  <node version="1" id="5242" lat="47.46659200388" lon="19.1501341468">
    <tag k="local_x" v="60593.9544"/>
    <tag k="local_y" v="58675.5047"/>
    <tag k="ele" v="0"/>
  </node>
  <node version="1" id="5243" lat="47.46658931726" lon="19.15013271637">
    <tag k="local_x" v="60593.8395"/>
    <tag k="local_y" v="58675.2087"/>
    <tag k="ele" v="0"/>
  </node>
  <node version="1" id="5244" lat="47.46658663013" lon="19.15013136558">
    <tag k="local_x" v="60593.7306"/>
    <tag k="local_y" v="58674.9125"/>
    <tag k="ele" v="0"/>
  </node>
  <node version="1" id="5245" lat="47.466583977" lon="19.15013011444">
    <tag k="local_x" v="60593.6293"/>
    <tag k="local_y" v="58674.6199"/>
    <tag k="ele" v="0"/>
  </node>
  <node version="1" id="5246" lat="47.46658126958" lon="19.15012895678">
    <tag k="local_x" v="60593.5349"/>
    <tag k="local_y" v="58674.3211"/>
    <tag k="ele" v="0"/>
  </node>
  <node version="1" id="5247" lat="47.46657850703" lon="19.15012783953">
    <tag k="local_x" v="60593.4434"/>
    <tag k="local_y" v="58674.0161"/>
    <tag k="ele" v="0"/>
  </node>
  <node version="1" id="5248" lat="47.46657574236" lon="19.15012681392">
    <tag k="local_x" v="60593.3588"/>
    <tag k="local_y" v="58673.7107"/>
    <tag k="ele" v="0"/>
  </node>
  <node version="1" id="5249" lat="47.46657295454" lon="19.15012585945">
    <tag k="local_x" v="60593.2795"/>
    <tag k="local_y" v="58673.4026"/>
    <tag k="ele" v="0"/>
  </node>
  <node version="1" id="5250" lat="47.46657014096" lon="19.15012498153">
    <tag k="local_x" v="60593.2059"/>
    <tag k="local_y" v="58673.0915"/>
    <tag k="ele" v="0"/>
  </node>
  <node version="1" id="5251" lat="47.46656737297" lon="19.15012419622">
    <tag k="local_x" v="60593.1394"/>
    <tag k="local_y" v="58672.7853"/>
    <tag k="ele" v="0"/>
  </node>
  <node version="1" id="5252" lat="47.46656462534" lon="19.1501235575">
    <tag k="local_x" v="60593.084"/>
    <tag k="local_y" v="58672.4811"/>
    <tag k="ele" v="0"/>
  </node>
  <node version="1" id="5253" lat="47.46656183622" lon="19.15012302374">
    <tag k="local_x" v="60593.0364"/>
    <tag k="local_y" v="58672.1721"/>
    <tag k="ele" v="0"/>
  </node>
  <node version="1" id="5254" lat="47.46655902559" lon="19.15012260751">
    <tag k="local_x" v="60592.9976"/>
    <tag k="local_y" v="58671.8605"/>
    <tag k="ele" v="0"/>
  </node>
  <node version="1" id="5255" lat="47.46655622584" lon="19.15012230767">
    <tag k="local_x" v="60592.9676"/>
    <tag k="local_y" v="58671.5499"/>
    <tag k="ele" v="0"/>
  </node>
  <node version="1" id="5256" lat="47.46655341035" lon="19.15012214772">
    <tag k="local_x" v="60592.9481"/>
    <tag k="local_y" v="58671.2373"/>
    <tag k="ele" v="0"/>
  </node>
  <node version="1" id="5257" lat="47.4665505506" lon="19.15012208885">
    <tag k="local_x" v="60592.9361"/>
    <tag k="local_y" v="58670.9196"/>
    <tag k="ele" v="0"/>
  </node>
  <node version="1" id="5258" lat="47.46654767278" lon="19.15012213678">
    <tag k="local_x" v="60592.9321"/>
    <tag k="local_y" v="58670.5997"/>
    <tag k="ele" v="0"/>
  </node>
  <node version="1" id="5259" lat="47.46654479575" lon="19.1501222895">
    <tag k="local_x" v="60592.936"/>
    <tag k="local_y" v="58670.2797"/>
    <tag k="ele" v="0"/>
  </node>
  <node version="1" id="5260" lat="47.46654188816" lon="19.1501225561">
    <tag k="local_x" v="60592.9484"/>
    <tag k="local_y" v="58669.9561"/>
    <tag k="ele" v="0"/>
  </node>
  <node version="1" id="5261" lat="47.46653897203" lon="19.1501229066">
    <tag k="local_x" v="60592.9671"/>
    <tag k="local_y" v="58669.6314"/>
    <tag k="ele" v="0"/>
  </node>
  <node version="1" id="5262" lat="47.46653606675" lon="19.15012337216">
    <tag k="local_x" v="60592.9945"/>
    <tag k="local_y" v="58669.3077"/>
    <tag k="ele" v="0"/>
  </node>
  <node version="1" id="5263" lat="47.4665331668" lon="19.15012394503">
    <tag k="local_x" v="60593.03"/>
    <tag k="local_y" v="58668.9844"/>
    <tag k="ele" v="0"/>
  </node>
  <node version="1" id="5264" lat="47.46653027945" lon="19.15012462892">
    <tag k="local_x" v="60593.0739"/>
    <tag k="local_y" v="58668.6623"/>
    <tag k="ele" v="0"/>
  </node>
  <node version="1" id="5265" lat="47.4665273322" lon="19.15012544894">
    <tag k="local_x" v="60593.1279"/>
    <tag k="local_y" v="58668.3333"/>
    <tag k="ele" v="0"/>
  </node>
  <node version="1" id="5266" lat="47.46652437615" lon="19.15012633695">
    <tag k="local_x" v="60593.187"/>
    <tag k="local_y" v="58668.0032"/>
    <tag k="ele" v="0"/>
  </node>
  <node version="1" id="5267" lat="47.46652148108" lon="19.15012732367">
    <tag k="local_x" v="60593.2537"/>
    <tag k="local_y" v="58667.6797"/>
    <tag k="ele" v="0"/>
  </node>
  <node version="1" id="5268" lat="47.4665185924" lon="19.15012842694">
    <tag k="local_x" v="60593.3292"/>
    <tag k="local_y" v="58667.3567"/>
    <tag k="ele" v="0"/>
  </node>
  <node version="1" id="5269" lat="47.46651571084" lon="19.15012963744">
    <tag k="local_x" v="60593.4128"/>
    <tag k="local_y" v="58667.0343"/>
    <tag k="ele" v="0"/>
  </node>
  <node version="1" id="5270" lat="47.46651289104" lon="19.15013093867">
    <tag k="local_x" v="60593.5034"/>
    <tag k="local_y" v="58666.7186"/>
    <tag k="ele" v="0"/>
  </node>
  <node version="1" id="5271" lat="47.46651010511" lon="19.15013238734">
    <tag k="local_x" v="60593.6052"/>
    <tag k="local_y" v="58666.4064"/>
    <tag k="ele" v="0"/>
  </node>
  <node version="1" id="5272" lat="47.46650727922" lon="19.15013398072">
    <tag k="local_x" v="60593.7178"/>
    <tag k="local_y" v="58666.0895"/>
    <tag k="ele" v="0"/>
  </node>
  <node version="1" id="5273" lat="47.46650446143" lon="19.15013568528">
    <tag k="local_x" v="60593.8388"/>
    <tag k="local_y" v="58665.7733"/>
    <tag k="ele" v="0"/>
  </node>
  <node version="1" id="5274" lat="47.46650166336" lon="19.15013749664">
    <tag k="local_x" v="60593.9679"/>
    <tag k="local_y" v="58665.4591"/>
    <tag k="ele" v="0"/>
  </node>
  <node version="1" id="5275" lat="47.46649888764" lon="19.15013941072">
    <tag k="local_x" v="60594.1048"/>
    <tag k="local_y" v="58665.1472"/>
    <tag k="ele" v="0"/>
  </node>
  <node version="1" id="5276" lat="47.46649613798" lon="19.15014143403">
    <tag k="local_x" v="60594.25"/>
    <tag k="local_y" v="58664.838"/>
    <tag k="ele" v="0"/>
  </node>
  <node version="1" id="5277" lat="47.46649341969" lon="19.15014356107">
    <tag k="local_x" v="60594.4031"/>
    <tag k="local_y" v="58664.5321"/>
    <tag k="ele" v="0"/>
  </node>
  <node version="1" id="5278" lat="47.46649071221" lon="19.15014580053">
    <tag k="local_x" v="60594.5647"/>
    <tag k="local_y" v="58664.2272"/>
    <tag k="ele" v="0"/>
  </node>
  <node version="1" id="5279" lat="47.46648801642" lon="19.15014815104">
    <tag k="local_x" v="60594.7347"/>
    <tag k="local_y" v="58663.9234"/>
    <tag k="ele" v="0"/>
  </node>
  <node version="1" id="5280" lat="47.46648533039" lon="19.15015060471">
    <tag k="local_x" v="60594.9125"/>
    <tag k="local_y" v="58663.6205"/>
    <tag k="ele" v="0"/>
  </node>
  <node version="1" id="5281" lat="47.46648264786" lon="19.1501531631">
    <tag k="local_x" v="60595.0982"/>
    <tag k="local_y" v="58663.3178"/>
    <tag k="ele" v="0"/>
  </node>
  <node version="1" id="5282" lat="47.46647997918" lon="19.15015579929">
    <tag k="local_x" v="60595.2898"/>
    <tag k="local_y" v="58663.0165"/>
    <tag k="ele" v="0"/>
  </node>
  <node version="1" id="5283" lat="47.46647736749" lon="19.15015851045">
    <tag k="local_x" v="60595.4872"/>
    <tag k="local_y" v="58662.7214"/>
    <tag k="ele" v="0"/>
  </node>
  <node version="1" id="5284" lat="47.46647478887" lon="19.15016131864">
    <tag k="local_x" v="60595.692"/>
    <tag k="local_y" v="58662.4298"/>
    <tag k="ele" v="0"/>
  </node>
  <node version="1" id="5285" lat="47.46647224528" lon="19.15016423442">
    <tag k="local_x" v="60595.905"/>
    <tag k="local_y" v="58662.1419"/>
    <tag k="ele" v="0"/>
  </node>
  <node version="1" id="5286" lat="47.46646974976" lon="19.15016722946">
    <tag k="local_x" v="60596.1241"/>
    <tag k="local_y" v="58661.8592"/>
    <tag k="ele" v="0"/>
  </node>
  <node version="1" id="5287" lat="47.46646728086" lon="19.1501703682">
    <tag k="local_x" v="60596.3541"/>
    <tag k="local_y" v="58661.5792"/>
    <tag k="ele" v="0"/>
  </node>
  <node version="1" id="5288" lat="47.46646480415" lon="19.15017363727">
    <tag k="local_x" v="60596.5939"/>
    <tag k="local_y" v="58661.2981"/>
    <tag k="ele" v="0"/>
  </node>
  <node version="1" id="5289" lat="47.46646236377" lon="19.15017698202">
    <tag k="local_x" v="60596.8395"/>
    <tag k="local_y" v="58661.0209"/>
    <tag k="ele" v="0"/>
  </node>
  <node version="1" id="5290" lat="47.46645996604" lon="19.1501804049">
    <tag k="local_x" v="60597.0911"/>
    <tag k="local_y" v="58660.7483"/>
    <tag k="ele" v="0"/>
  </node>
  <node version="1" id="5291" lat="47.46645760132" lon="19.15018392217">
    <tag k="local_x" v="60597.3499"/>
    <tag k="local_y" v="58660.4792"/>
    <tag k="ele" v="0"/>
  </node>
  <node version="1" id="5292" lat="47.46645528783" lon="19.15018749071">
    <tag k="local_x" v="60597.6127"/>
    <tag k="local_y" v="58660.2157"/>
    <tag k="ele" v="0"/>
  </node>
  <node version="1" id="5293" lat="47.46645303476" lon="19.15019112349">
    <tag k="local_x" v="60597.8805"/>
    <tag k="local_y" v="58659.9588"/>
    <tag k="ele" v="0"/>
  </node>
  <node version="1" id="5294" lat="47.46645082558" lon="19.15019485557">
    <tag k="local_x" v="60598.1559"/>
    <tag k="local_y" v="58659.7066"/>
    <tag k="ele" v="0"/>
  </node>
  <node version="1" id="5295" lat="47.46644866092" lon="19.1501986697">
    <tag k="local_x" v="60598.4376"/>
    <tag k="local_y" v="58659.4592"/>
    <tag k="ele" v="0"/>
  </node>
  <node version="1" id="5296" lat="47.4664465402" lon="19.15020258579">
    <tag k="local_x" v="60598.7271"/>
    <tag k="local_y" v="58659.2165"/>
    <tag k="ele" v="0"/>
  </node>
  <node version="1" id="5297" lat="47.46644446128" lon="19.15020658268">
    <tag k="local_x" v="60599.0228"/>
    <tag k="local_y" v="58658.9783"/>
    <tag k="ele" v="0"/>
  </node>
  <node version="1" id="5298" lat="47.46644244454" lon="19.15021064109">
    <tag k="local_x" v="60599.3233"/>
    <tag k="local_y" v="58658.7469"/>
    <tag k="ele" v="0"/>
  </node>
  <node version="1" id="5299" lat="47.46644048672" lon="19.15021478235">
    <tag k="local_x" v="60599.6302"/>
    <tag k="local_y" v="58658.5219"/>
    <tag k="ele" v="0"/>
  </node>
  <node version="1" id="5300" lat="47.46643858079" lon="19.15021901602">
    <tag k="local_x" v="60599.9442"/>
    <tag k="local_y" v="58658.3025"/>
    <tag k="ele" v="0"/>
  </node>
  <node version="1" id="5301" lat="47.46643673614" lon="19.15022331122">
    <tag k="local_x" v="60600.263"/>
    <tag k="local_y" v="58658.0898"/>
    <tag k="ele" v="0"/>
  </node>
  <node version="1" id="5302" lat="47.46643495941" lon="19.15022768897">
    <tag k="local_x" v="60600.5882"/>
    <tag k="local_y" v="58657.8845"/>
    <tag k="ele" v="0"/>
  </node>
  <node version="1" id="5303" lat="47.46643323392" lon="19.15023217507">
    <tag k="local_x" v="60600.9217"/>
    <tag k="local_y" v="58657.6847"/>
    <tag k="ele" v="0"/>
  </node>
  <node version="1" id="5304" lat="47.46643156434" lon="19.15023672422">
    <tag k="local_x" v="60601.2601"/>
    <tag k="local_y" v="58657.491"/>
    <tag k="ele" v="0"/>
  </node>
  <node version="1" id="5305" lat="47.46642997115" lon="19.15024132377">
    <tag k="local_x" v="60601.6025"/>
    <tag k="local_y" v="58657.3057"/>
    <tag k="ele" v="0"/>
  </node>
  <node version="1" id="5306" lat="47.46642844065" lon="19.15024601534">
    <tag k="local_x" v="60601.952"/>
    <tag k="local_y" v="58657.1272"/>
    <tag k="ele" v="0"/>
  </node>
  <node version="1" id="5307" lat="47.46642696722" lon="19.15025078718">
    <tag k="local_x" v="60602.3077"/>
    <tag k="local_y" v="58656.9549"/>
    <tag k="ele" v="0"/>
  </node>
  <node version="1" id="5308" lat="47.46642556851" lon="19.15025561612">
    <tag k="local_x" v="60602.6679"/>
    <tag k="local_y" v="58656.7908"/>
    <tag k="ele" v="0"/>
  </node>
  <node version="1" id="5309" lat="47.46642423583" lon="19.15026052235">
    <tag k="local_x" v="60603.0341"/>
    <tag k="local_y" v="58656.6339"/>
    <tag k="ele" v="0"/>
  </node>
  <node version="1" id="5310" lat="47.46642297268" lon="19.15026549913">
    <tag k="local_x" v="60603.4058"/>
    <tag k="local_y" v="58656.4846"/>
    <tag k="ele" v="0"/>
  </node>
  <node version="1" id="5311" lat="47.46642178481" lon="19.15027051307">
    <tag k="local_x" v="60603.7805"/>
    <tag k="local_y" v="58656.3436"/>
    <tag k="ele" v="0"/>
  </node>
  <node version="1" id="5312" lat="47.46642069184" lon="19.15027555288">
    <tag k="local_x" v="60604.1574"/>
    <tag k="local_y" v="58656.2131"/>
    <tag k="ele" v="0"/>
  </node>
  <node version="1" id="5313" lat="47.46641967646" lon="19.1502806603">
    <tag k="local_x" v="60604.5396"/>
    <tag k="local_y" v="58656.0911"/>
    <tag k="ele" v="0"/>
  </node>
  <node version="1" id="5314" lat="47.46641874393" lon="19.15028582851">
    <tag k="local_x" v="60604.9266"/>
    <tag k="local_y" v="58655.9782"/>
    <tag k="ele" v="0"/>
  </node>
  <node version="1" id="5315" lat="47.46641788852" lon="19.15029103514">
    <tag k="local_x" v="60605.3167"/>
    <tag k="local_y" v="58655.8738"/>
    <tag k="ele" v="0"/>
  </node>
  <node version="1" id="5316" lat="47.46641711847" lon="19.15029629054">
    <tag k="local_x" v="60605.7107"/>
    <tag k="local_y" v="58655.7788"/>
    <tag k="ele" v="0"/>
  </node>
  <node version="1" id="5317" lat="47.46641642385" lon="19.15030159105">
    <tag k="local_x" v="60606.1083"/>
    <tag k="local_y" v="58655.6921"/>
    <tag k="ele" v="0"/>
  </node>
  <node version="1" id="5318" lat="47.46641581669" lon="19.1503069031">
    <tag k="local_x" v="60606.507"/>
    <tag k="local_y" v="58655.6151"/>
    <tag k="ele" v="0"/>
  </node>
  <node version="1" id="5319" lat="47.46641530353" lon="19.15031224104">
    <tag k="local_x" v="60606.9079"/>
    <tag k="local_y" v="58655.5485"/>
    <tag k="ele" v="0"/>
  </node>
  <node version="1" id="5320" lat="47.4664148802" lon="19.15031762493">
    <tag k="local_x" v="60607.3125"/>
    <tag k="local_y" v="58655.4918"/>
    <tag k="ele" v="0"/>
  </node>
  <node version="1" id="5321" lat="47.46641454877" lon="19.1503230162">
    <tag k="local_x" v="60607.7179"/>
    <tag k="local_y" v="58655.4453"/>
    <tag k="ele" v="0"/>
  </node>
  <node version="1" id="5322" lat="47.46641432188" lon="19.15032841708">
    <tag k="local_x" v="60608.1243"/>
    <tag k="local_y" v="58655.4104"/>
    <tag k="ele" v="0"/>
  </node>
  <node version="1" id="5323" lat="47.4664142007" lon="19.15033384477">
    <tag k="local_x" v="60608.533"/>
    <tag k="local_y" v="58655.3872"/>
    <tag k="ele" v="0"/>
  </node>
  <node version="1" id="5324" lat="47.46641418232" lon="19.1503392861">
    <tag k="local_x" v="60608.943"/>
    <tag k="local_y" v="58655.3754"/>
    <tag k="ele" v="0"/>
  </node>
  <node version="1" id="5325" lat="47.46641427452" lon="19.1503447209">
    <tag k="local_x" v="60609.3528"/>
    <tag k="local_y" v="58655.3759"/>
    <tag k="ele" v="0"/>
  </node>
  <node version="1" id="5326" lat="47.46641447747" lon="19.15035015978">
    <tag k="local_x" v="60609.7632"/>
    <tag k="local_y" v="58655.3887"/>
    <tag k="ele" v="0"/>
  </node>
  <node version="1" id="5327" lat="47.46641479681" lon="19.15035561845">
    <tag k="local_x" v="60610.1754"/>
    <tag k="local_y" v="58655.4144"/>
    <tag k="ele" v="0"/>
  </node>
  <node version="1" id="5328" lat="47.46641522071" lon="19.15036108806">
    <tag k="local_x" v="60610.5887"/>
    <tag k="local_y" v="58655.4517"/>
    <tag k="ele" v="0"/>
  </node>
  <node version="1" id="5329" lat="47.4664157517" lon="19.15036655788">
    <tag k="local_x" v="60611.0023"/>
    <tag k="local_y" v="58655.5009"/>
    <tag k="ele" v="0"/>
  </node>
  <node version="1" id="5330" lat="47.46641638213" lon="19.15037200033">
    <tag k="local_x" v="60611.4141"/>
    <tag k="local_y" v="58655.5612"/>
    <tag k="ele" v="0"/>
  </node>
  <node version="1" id="5331" lat="47.46641711917" lon="19.15037741383">
    <tag k="local_x" v="60611.824"/>
    <tag k="local_y" v="58655.6334"/>
    <tag k="ele" v="0"/>
  </node>
  <node version="1" id="5332" lat="47.46641796032" lon="19.1503828104">
    <tag k="local_x" v="60612.2329"/>
    <tag k="local_y" v="58655.7172"/>
    <tag k="ele" v="0"/>
  </node>
  <node version="1" id="5333" lat="47.46641889048" lon="19.15038814679">
    <tag k="local_x" v="60612.6375"/>
    <tag k="local_y" v="58655.811"/>
    <tag k="ele" v="0"/>
  </node>
  <node version="1" id="5334" lat="47.46641991912" lon="19.15039339613">
    <tag k="local_x" v="60613.0358"/>
    <tag k="local_y" v="58655.9159"/>
    <tag k="ele" v="0"/>
  </node>
  <node version="1" id="5335" lat="47.46642106135" lon="19.15039860299">
    <tag k="local_x" v="60613.4312"/>
    <tag k="local_y" v="58656.0335"/>
    <tag k="ele" v="0"/>
  </node>
  <node version="1" id="5336" lat="47.46642230386" lon="19.15040377847">
    <tag k="local_x" v="60613.8245"/>
    <tag k="local_y" v="58656.1623"/>
    <tag k="ele" v="0"/>
  </node>
  <node version="1" id="5337" lat="47.46642363112" lon="19.15040885277">
    <tag k="local_x" v="60614.2104"/>
    <tag k="local_y" v="58656.3007"/>
    <tag k="ele" v="0"/>
  </node>
  <node version="1" id="5338" lat="47.46642506335" lon="19.15041385174">
    <tag k="local_x" v="60614.5909"/>
    <tag k="local_y" v="58656.4509"/>
    <tag k="ele" v="0"/>
  </node>
  <node version="1" id="5339" lat="47.46642659442" lon="19.15041878619">
    <tag k="local_x" v="60614.9668"/>
    <tag k="local_y" v="58656.6122"/>
    <tag k="ele" v="0"/>
  </node>
  <node version="1" id="5340" lat="47.46642821602" lon="19.15042364316">
    <tag k="local_x" v="60615.3371"/>
    <tag k="local_y" v="58656.7837"/>
    <tag k="ele" v="0"/>
  </node>
  <node version="1" id="5341" lat="47.46642991668" lon="19.15042838058">
    <tag k="local_x" v="60615.6986"/>
    <tag k="local_y" v="58656.9642"/>
    <tag k="ele" v="0"/>
  </node>
  <node version="1" id="5342" lat="47.46643171297" lon="19.15043302175">
    <tag k="local_x" v="60616.0531"/>
    <tag k="local_y" v="58657.1555"/>
    <tag k="ele" v="0"/>
  </node>
  <node version="1" id="5343" lat="47.4664336014" lon="19.15043757343">
    <tag k="local_x" v="60616.4011"/>
    <tag k="local_y" v="58657.3572"/>
    <tag k="ele" v="0"/>
  </node>
  <node version="1" id="5344" lat="47.46643556927" lon="19.15044202944">
    <tag k="local_x" v="60616.7421"/>
    <tag k="local_y" v="58657.5679"/>
    <tag k="ele" v="0"/>
  </node>
  <node version="1" id="5345" lat="47.4664376184" lon="19.15044639103">
    <tag k="local_x" v="60617.0762"/>
    <tag k="local_y" v="58657.7878"/>
    <tag k="ele" v="0"/>
  </node>
  <node version="1" id="5346" lat="47.46643975348" lon="19.15045066999">
    <tag k="local_x" v="60617.4043"/>
    <tag k="local_y" v="58658.0174"/>
    <tag k="ele" v="0"/>
  </node>
  <node version="1" id="5347" lat="47.46644196081" lon="19.15045485352">
    <tag k="local_x" v="60617.7254"/>
    <tag k="local_y" v="58658.2552"/>
    <tag k="ele" v="0"/>
  </node>
  <node version="1" id="5348" lat="47.46644423328" lon="19.15045894719">
    <tag k="local_x" v="60618.0399"/>
    <tag k="local_y" v="58658.5004"/>
    <tag k="ele" v="0"/>
  </node>
  <node version="1" id="5349" lat="47.46644657624" lon="19.15046294815">
    <tag k="local_x" v="60618.3476"/>
    <tag k="local_y" v="58658.7536"/>
    <tag k="ele" v="0"/>
  </node>
  <node version="1" id="5350" lat="47.46644897971" lon="19.15046685143">
    <tag k="local_x" v="60618.6481"/>
    <tag k="local_y" v="58659.0137"/>
    <tag k="ele" v="0"/>
  </node>
  <node version="1" id="5351" lat="47.46645144648" lon="19.15047066227">
    <tag k="local_x" v="60618.9418"/>
    <tag k="local_y" v="58659.281"/>
    <tag k="ele" v="0"/>
  </node>
  <node version="1" id="5352" lat="47.46645396586" lon="19.15047438765">
    <tag k="local_x" v="60619.2292"/>
    <tag k="local_y" v="58659.5543"/>
    <tag k="ele" v="0"/>
  </node>
  <node version="1" id="5353" lat="47.46645654393" lon="19.15047801411">
    <tag k="local_x" v="60619.5093"/>
    <tag k="local_y" v="58659.8343"/>
    <tag k="ele" v="0"/>
  </node>
  <node version="1" id="5354" lat="47.46645918102" lon="19.15048156153">
    <tag k="local_x" v="60619.7836"/>
    <tag k="local_y" v="58660.121"/>
    <tag k="ele" v="0"/>
  </node>
  <node version="1" id="5355" lat="47.46646186807" lon="19.15048502625">
    <tag k="local_x" v="60620.0518"/>
    <tag k="local_y" v="58660.4134"/>
    <tag k="ele" v="0"/>
  </node>
  <node version="1" id="5356" lat="47.46646462177" lon="19.15048843953">
    <tag k="local_x" v="60620.3163"/>
    <tag k="local_y" v="58660.7133"/>
    <tag k="ele" v="0"/>
  </node>
  <node version="1" id="5357" lat="47.46646741753" lon="19.15049178233">
    <tag k="local_x" v="60620.5756"/>
    <tag k="local_y" v="58661.018"/>
    <tag k="ele" v="0"/>
  </node>
  <node version="1" id="5358" lat="47.46647024448" lon="19.15049505106">
    <tag k="local_x" v="60620.8294"/>
    <tag k="local_y" v="58661.3263"/>
    <tag k="ele" v="0"/>
  </node>
  <node version="1" id="5359" lat="47.46647309157" lon="19.15049822884">
    <tag k="local_x" v="60621.0764"/>
    <tag k="local_y" v="58661.637"/>
    <tag k="ele" v="0"/>
  </node>
  <node version="1" id="5360" lat="47.46647595964" lon="19.15050131299">
    <tag k="local_x" v="60621.3164"/>
    <tag k="local_y" v="58661.9502"/>
    <tag k="ele" v="0"/>
  </node>
  <node version="1" id="5361" lat="47.4664788539" lon="19.1505042914">
    <tag k="local_x" v="60621.5485"/>
    <tag k="local_y" v="58662.2665"/>
    <tag k="ele" v="0"/>
  </node>
  <node version="1" id="5362" lat="47.46648177467" lon="19.15050718394">
    <tag k="local_x" v="60621.7742"/>
    <tag k="local_y" v="58662.5859"/>
    <tag k="ele" v="0"/>
  </node>
  <node version="1" id="5363" lat="47.46648473276" lon="19.15050999158">
    <tag k="local_x" v="60621.9936"/>
    <tag k="local_y" v="58662.9096"/>
    <tag k="ele" v="0"/>
  </node>
  <node version="1" id="5364" lat="47.46648774053" lon="19.15051275501">
    <tag k="local_x" v="60622.2098"/>
    <tag k="local_y" v="58663.2389"/>
    <tag k="ele" v="0"/>
  </node>
  <node version="1" id="5365" lat="47.46649078637" lon="19.15051547995">
    <tag k="local_x" v="60622.4232"/>
    <tag k="local_y" v="58663.5725"/>
    <tag k="ele" v="0"/>
  </node>
  <node version="1" id="5366" lat="47.46649379952" lon="19.15051813039">
    <tag k="local_x" v="60622.6309"/>
    <tag k="local_y" v="58663.9026"/>
    <tag k="ele" v="0"/>
  </node>
  <node version="1" id="5367" lat="47.46649684491" lon="19.15052077175">
    <tag k="local_x" v="60622.838"/>
    <tag k="local_y" v="58664.2363"/>
    <tag k="ele" v="0"/>
  </node>
  <node version="1" id="5368" lat="47.46649988915" lon="19.15052339722">
    <tag k="local_x" v="60623.0439"/>
    <tag k="local_y" v="58664.5699"/>
    <tag k="ele" v="0"/>
  </node>
  <node version="1" id="5369" lat="47.46650292925" lon="19.15052598966">
    <tag k="local_x" v="60623.2473"/>
    <tag k="local_y" v="58664.9031"/>
    <tag k="ele" v="0"/>
  </node>
  <node version="1" id="5370" lat="47.46650597373" lon="19.15052857398">
    <tag k="local_x" v="60623.4501"/>
    <tag k="local_y" v="58665.2368"/>
    <tag k="ele" v="0"/>
  </node>
  <node version="1" id="5371" lat="47.46650905906" lon="19.15053118076">
    <tag k="local_x" v="60623.6547"/>
    <tag k="local_y" v="58665.575"/>
    <tag k="ele" v="0"/>
  </node>
  <node version="1" id="5372" lat="47.46651213779" lon="19.15053376919">
    <tag k="local_x" v="60623.8579"/>
    <tag k="local_y" v="58665.9125"/>
    <tag k="ele" v="0"/>
  </node>
  <node version="1" id="5373" lat="47.4665152228" lon="19.15053635607">
    <tag k="local_x" v="60624.061"/>
    <tag k="local_y" v="58666.2507"/>
    <tag k="ele" v="0"/>
  </node>
  <node version="1" id="5374" lat="47.46651829877" lon="19.15053894062">
    <tag k="local_x" v="60624.2639"/>
    <tag k="local_y" v="58666.5879"/>
    <tag k="ele" v="0"/>
  </node>
  <node version="1" id="5375" lat="47.46652136193" lon="19.15054151235">
    <tag k="local_x" v="60624.4658"/>
    <tag k="local_y" v="58666.9237"/>
    <tag k="ele" v="0"/>
  </node>
  <node version="1" id="5376" lat="47.46652443606" lon="19.15054409431">
    <tag k="local_x" v="60624.6685"/>
    <tag k="local_y" v="58667.2607"/>
    <tag k="ele" v="0"/>
  </node>
  <node version="1" id="5377" lat="47.46652753606" lon="19.15054671783">
    <tag k="local_x" v="60624.8744"/>
    <tag k="local_y" v="58667.6005"/>
    <tag k="ele" v="0"/>
  </node>
  <node version="1" id="5378" lat="47.46653061421" lon="19.15054932618">
    <tag k="local_x" v="60625.0791"/>
    <tag k="local_y" v="58667.9379"/>
    <tag k="ele" v="0"/>
  </node>
  <node version="1" id="5379" lat="47.46653369245" lon="19.15055193985">
    <tag k="local_x" v="60625.2842"/>
    <tag k="local_y" v="58668.2753"/>
    <tag k="ele" v="0"/>
  </node>
  <node version="1" id="5380" lat="47.46653676358" lon="19.15055455907">
    <tag k="local_x" v="60625.4897"/>
    <tag k="local_y" v="58668.6119"/>
    <tag k="ele" v="0"/>
  </node>
  <node version="1" id="5381" lat="47.46653981099" lon="19.15055715789">
    <tag k="local_x" v="60625.6936"/>
    <tag k="local_y" v="58668.9459"/>
    <tag k="ele" v="0"/>
  </node>
  <node version="1" id="5382" lat="47.46654281533" lon="19.15055970913">
    <tag k="local_x" v="60625.8938"/>
    <tag k="local_y" v="58669.2752"/>
    <tag k="ele" v="0"/>
  </node>
  <node version="1" id="5383" lat="47.46654582963" lon="19.15056226399">
    <tag k="local_x" v="60626.0943"/>
    <tag k="local_y" v="58669.6056"/>
    <tag k="ele" v="0"/>
  </node>
  <node version="1" id="5384" lat="47.46654884477" lon="19.15056481485">
    <tag k="local_x" v="60626.2945"/>
    <tag k="local_y" v="58669.9361"/>
    <tag k="ele" v="0"/>
  </node>
  <node version="1" id="5385" lat="47.46655186443" lon="19.15056736688">
    <tag k="local_x" v="60626.4948"/>
    <tag k="local_y" v="58670.2671"/>
    <tag k="ele" v="0"/>
  </node>
  <node version="1" id="5386" lat="47.46655487858" lon="19.15056991246">
    <tag k="local_x" v="60626.6946"/>
    <tag k="local_y" v="58670.5975"/>
    <tag k="ele" v="0"/>
  </node>
  <node version="1" id="5387" lat="47.46655789633" lon="19.15057245792">
    <tag k="local_x" v="60626.8944"/>
    <tag k="local_y" v="58670.9283"/>
    <tag k="ele" v="0"/>
  </node>
  <node version="1" id="5388" lat="47.46656091774" lon="19.15057500723">
    <tag k="local_x" v="60627.0945"/>
    <tag k="local_y" v="58671.2595"/>
    <tag k="ele" v="0"/>
  </node>
  <node version="1" id="5389" lat="47.46656393632" lon="19.15057754868">
    <tag k="local_x" v="60627.294"/>
    <tag k="local_y" v="58671.5904"/>
    <tag k="ele" v="0"/>
  </node>
  <node version="1" id="5390" lat="47.46656696197" lon="19.15058008192">
    <tag k="local_x" v="60627.4929"/>
    <tag k="local_y" v="58671.9221"/>
    <tag k="ele" v="0"/>
  </node>
  <node version="1" id="5391" lat="47.46656998043" lon="19.15058261541">
    <tag k="local_x" v="60627.6918"/>
    <tag k="local_y" v="58672.253"/>
    <tag k="ele" v="0"/>
  </node>
  <node version="1" id="5392" lat="47.4665730015" lon="19.1505851435">
    <tag k="local_x" v="60627.8903"/>
    <tag k="local_y" v="58672.5842"/>
    <tag k="ele" v="0"/>
  </node>
  <node version="1" id="5393" lat="47.46657600882" lon="19.15058765615">
    <tag k="local_x" v="60628.0876"/>
    <tag k="local_y" v="58672.9139"/>
    <tag k="ele" v="0"/>
  </node>
  <node version="1" id="5394" lat="47.46657900432" lon="19.15059016125">
    <tag k="local_x" v="60628.2843"/>
    <tag k="local_y" v="58673.2423"/>
    <tag k="ele" v="0"/>
  </node>
  <node version="1" id="5395" lat="47.46658199149" lon="19.15059265205">
    <tag k="local_x" v="60628.4799"/>
    <tag k="local_y" v="58673.5698"/>
    <tag k="ele" v="0"/>
  </node>
  <node version="1" id="5396" lat="47.4665850095" lon="19.15059515769">
    <tag k="local_x" v="60628.6767"/>
    <tag k="local_y" v="58673.9007"/>
    <tag k="ele" v="0"/>
  </node>
  <node version="1" id="5397" lat="47.46658801123" lon="19.1505976586">
    <tag k="local_x" v="60628.8731"/>
    <tag k="local_y" v="58674.2298"/>
    <tag k="ele" v="0"/>
  </node>
  <node version="1" id="5398" lat="47.46659101922" lon="19.15060015663">
    <tag k="local_x" v="60629.0693"/>
    <tag k="local_y" v="58674.5596"/>
    <tag k="ele" v="0"/>
  </node>
  <node version="1" id="5399" lat="47.46659403547" lon="19.15060266499">
    <tag k="local_x" v="60629.2663"/>
    <tag k="local_y" v="58674.8903"/>
    <tag k="ele" v="0"/>
  </node>
  <node version="1" id="5400" lat="47.46659705347" lon="19.15060517063">
    <tag k="local_x" v="60629.4631"/>
    <tag k="local_y" v="58675.2212"/>
    <tag k="ele" v="0"/>
  </node>
  <node version="1" id="5401" lat="47.46660006418" lon="19.15060766989">
    <tag k="local_x" v="60629.6594"/>
    <tag k="local_y" v="58675.5513"/>
    <tag k="ele" v="0"/>
  </node>
  <node version="1" id="5402" lat="47.46660309293" lon="19.1506101725">
    <tag k="local_x" v="60629.856"/>
    <tag k="local_y" v="58675.8834"/>
    <tag k="ele" v="0"/>
  </node>
  <node version="1" id="5403" lat="47.46660614261" lon="19.15061268898">
    <tag k="local_x" v="60630.0537"/>
    <tag k="local_y" v="58676.2178"/>
    <tag k="ele" v="0"/>
  </node>
  <node version="1" id="5404" lat="47.46660920145" lon="19.15061521575">
    <tag k="local_x" v="60630.2522"/>
    <tag k="local_y" v="58676.5532"/>
    <tag k="ele" v="0"/>
  </node>
  <node version="1" id="5405" lat="47.46661224682" lon="19.15061774432">
    <tag k="local_x" v="60630.4508"/>
    <tag k="local_y" v="58676.8871"/>
    <tag k="ele" v="0"/>
  </node>
  <node version="1" id="5406" lat="47.466615293" lon="19.15062026755">
    <tag k="local_x" v="60630.649"/>
    <tag k="local_y" v="58677.2211"/>
    <tag k="ele" v="0"/>
  </node>
  <node version="1" id="5407" lat="47.46661833557" lon="19.15062278959">
    <tag k="local_x" v="60630.8471"/>
    <tag k="local_y" v="58677.5547"/>
    <tag k="ele" v="0"/>
  </node>
  <node version="1" id="5408" lat="47.46662137713" lon="19.15062530502">
    <tag k="local_x" v="60631.0447"/>
    <tag k="local_y" v="58677.8882"/>
    <tag k="ele" v="0"/>
  </node>
  <node version="1" id="5409" lat="47.46662441856" lon="19.1506278125">
    <tag k="local_x" v="60631.2417"/>
    <tag k="local_y" v="58678.2217"/>
    <tag k="ele" v="0"/>
  </node>
  <node version="1" id="5410" lat="47.4666274844" lon="19.15063032708">
    <tag k="local_x" v="60631.4393"/>
    <tag k="local_y" v="58678.5579"/>
    <tag k="ele" v="0"/>
  </node>
  <node version="1" id="5411" lat="47.46663055581" lon="19.15063285209">
    <tag k="local_x" v="60631.6377"/>
    <tag k="local_y" v="58678.8947"/>
    <tag k="ele" v="0"/>
  </node>
  <node version="1" id="5412" lat="47.46663363084" lon="19.15063537829">
    <tag k="local_x" v="60631.8362"/>
    <tag k="local_y" v="58679.2319"/>
    <tag k="ele" v="0"/>
  </node>
  <node version="1" id="5413" lat="47.4666367004" lon="19.1506379007">
    <tag k="local_x" v="60632.0344"/>
    <tag k="local_y" v="58679.5685"/>
    <tag k="ele" v="0"/>
  </node>
  <node version="1" id="5414" lat="47.46663976714" lon="19.15064041526">
    <tag k="local_x" v="60632.232"/>
    <tag k="local_y" v="58679.9048"/>
    <tag k="ele" v="0"/>
  </node>
  <node version="1" id="5415" lat="47.46664283373" lon="19.15064292053">
    <tag k="local_x" v="60632.4289"/>
    <tag k="local_y" v="58680.2411"/>
    <tag k="ele" v="0"/>
  </node>
  <node version="1" id="5416" lat="47.4666459103" lon="19.15064543075">
    <tag k="local_x" v="60632.6262"/>
    <tag k="local_y" v="58680.5785"/>
    <tag k="ele" v="0"/>
  </node>
  <node version="1" id="5417" lat="47.4666489713" lon="19.15064792428">
    <tag k="local_x" v="60632.8222"/>
    <tag k="local_y" v="58680.9142"/>
    <tag k="ele" v="0"/>
  </node>
  <node version="1" id="5418" lat="47.46665205415" lon="19.15065043296">
    <tag k="local_x" v="60633.0194"/>
    <tag k="local_y" v="58681.2523"/>
    <tag k="ele" v="0"/>
  </node>
  <node version="1" id="5419" lat="47.46665513887" lon="19.15065294688">
    <tag k="local_x" v="60633.217"/>
    <tag k="local_y" v="58681.5906"/>
    <tag k="ele" v="0"/>
  </node>
  <node version="1" id="5420" lat="47.46665823169" lon="19.15065546052">
    <tag k="local_x" v="60633.4146"/>
    <tag k="local_y" v="58681.9298"/>
    <tag k="ele" v="0"/>
  </node>
  <node version="1" id="5421" lat="47.46666133548" lon="19.15065798439">
    <tag k="local_x" v="60633.613"/>
    <tag k="local_y" v="58682.2702"/>
    <tag k="ele" v="0"/>
  </node>
  <node version="1" id="5422" lat="47.46666445652" lon="19.15066051827">
    <tag k="local_x" v="60633.8122"/>
    <tag k="local_y" v="58682.6125"/>
    <tag k="ele" v="0"/>
  </node>
  <node version="1" id="5423" lat="47.46666756647" lon="19.15066303396">
    <tag k="local_x" v="60634.01"/>
    <tag k="local_y" v="58682.9536"/>
    <tag k="ele" v="0"/>
  </node>
  <node version="1" id="5424" lat="47.4666706837" lon="19.15066555471">
    <tag k="local_x" v="60634.2082"/>
    <tag k="local_y" v="58683.2955"/>
    <tag k="ele" v="0"/>
  </node>
  <node version="1" id="5425" lat="47.46667380729" lon="19.15066807921">
    <tag k="local_x" v="60634.4067"/>
    <tag k="local_y" v="58683.6381"/>
    <tag k="ele" v="0"/>
  </node>
  <node version="1" id="5426" lat="47.46667692264" lon="19.15067059472">
    <tag k="local_x" v="60634.6045"/>
    <tag k="local_y" v="58683.9798"/>
    <tag k="ele" v="0"/>
  </node>
  <node version="1" id="5427" lat="47.46668005886" lon="19.15067312143">
    <tag k="local_x" v="60634.8032"/>
    <tag k="local_y" v="58684.3238"/>
    <tag k="ele" v="0"/>
  </node>
  <node version="1" id="5428" lat="47.46668320699" lon="19.150675661">
    <tag k="local_x" v="60635.0029"/>
    <tag k="local_y" v="58684.6691"/>
    <tag k="ele" v="0"/>
  </node>
  <node version="1" id="5429" lat="47.46668636067" lon="19.15067820966">
    <tag k="local_x" v="60635.2033"/>
    <tag k="local_y" v="58685.015"/>
    <tag k="ele" v="0"/>
  </node>
  <node version="1" id="5430" lat="47.46668950526" lon="19.15068075334">
    <tag k="local_x" v="60635.4033"/>
    <tag k="local_y" v="58685.3599"/>
    <tag k="ele" v="0"/>
  </node>
  <node version="1" id="5431" lat="47.46669265046" lon="19.15068327841">
    <tag k="local_x" v="60635.6019"/>
    <tag k="local_y" v="58685.7049"/>
    <tag k="ele" v="0"/>
  </node>
  <node version="1" id="5432" lat="47.46669580769" lon="19.1506858243">
    <tag k="local_x" v="60635.8021"/>
    <tag k="local_y" v="58686.0512"/>
    <tag k="ele" v="0"/>
  </node>
  <node version="1" id="5433" lat="47.4666989613" lon="19.15068836898">
    <tag k="local_x" v="60636.0022"/>
    <tag k="local_y" v="58686.3971"/>
    <tag k="ele" v="0"/>
  </node>
  <node version="1" id="5434" lat="47.46670211587" lon="19.15069091762">
    <tag k="local_x" v="60636.2026"/>
    <tag k="local_y" v="58686.7431"/>
    <tag k="ele" v="0"/>
  </node>
  <node version="1" id="5435" lat="47.46670526689" lon="19.15069346903">
    <tag k="local_x" v="60636.4032"/>
    <tag k="local_y" v="58687.0887"/>
    <tag k="ele" v="0"/>
  </node>
  <node version="1" id="5436" lat="47.46670842541" lon="19.15069603875">
    <tag k="local_x" v="60636.6052"/>
    <tag k="local_y" v="58687.4351"/>
    <tag k="ele" v="0"/>
  </node>
  <node version="1" id="5437" lat="47.46671159647" lon="19.15069860539">
    <tag k="local_x" v="60636.807"/>
    <tag k="local_y" v="58687.7829"/>
    <tag k="ele" v="0"/>
  </node>
  <node version="1" id="5438" lat="47.4667147705" lon="19.15070118917">
    <tag k="local_x" v="60637.0101"/>
    <tag k="local_y" v="58688.131"/>
    <tag k="ele" v="0"/>
  </node>
  <node version="1" id="5439" lat="47.46671795159" lon="19.15070376341">
    <tag k="local_x" v="60637.2125"/>
    <tag k="local_y" v="58688.4799"/>
    <tag k="ele" v="0"/>
  </node>
  <node version="1" id="5440" lat="47.46672113646" lon="19.15070634947">
    <tag k="local_x" v="60637.4158"/>
    <tag k="local_y" v="58688.8292"/>
    <tag k="ele" v="0"/>
  </node>
  <node version="1" id="5441" lat="47.46672431942" lon="19.15070892895">
    <tag k="local_x" v="60637.6186"/>
    <tag k="local_y" v="58689.1783"/>
    <tag k="ele" v="0"/>
  </node>
  <node version="1" id="5442" lat="47.46672748627" lon="19.15071151299">
    <tag k="local_x" v="60637.8217"/>
    <tag k="local_y" v="58689.5256"/>
    <tag k="ele" v="0"/>
  </node>
  <node version="1" id="5443" lat="47.46673064193" lon="19.15071407353">
    <tag k="local_x" v="60638.023"/>
    <tag k="local_y" v="58689.8717"/>
    <tag k="ele" v="0"/>
  </node>
  <node version="1" id="5444" lat="47.46673380216" lon="19.15071663789">
    <tag k="local_x" v="60638.2246"/>
    <tag k="local_y" v="58690.2183"/>
    <tag k="ele" v="0"/>
  </node>
  <node version="1" id="5445" lat="47.46673696316" lon="19.15071919426">
    <tag k="local_x" v="60638.4256"/>
    <tag k="local_y" v="58690.565"/>
    <tag k="ele" v="0"/>
  </node>
  <node version="1" id="5446" lat="47.46674012865" lon="19.15072175048">
    <tag k="local_x" v="60638.6266"/>
    <tag k="local_y" v="58690.9122"/>
    <tag k="ele" v="0"/>
  </node>
  <node version="1" id="5447" lat="47.46674330793" lon="19.15072432479">
    <tag k="local_x" v="60638.829"/>
    <tag k="local_y" v="58691.2609"/>
    <tag k="ele" v="0"/>
  </node>
  <node version="1" id="5448" lat="47.46674647158" lon="19.15072687841">
    <tag k="local_x" v="60639.0298"/>
    <tag k="local_y" v="58691.6079"/>
    <tag k="ele" v="0"/>
  </node>
  <node version="1" id="5449" lat="47.46674964138" lon="19.15072942253">
    <tag k="local_x" v="60639.2299"/>
    <tag k="local_y" v="58691.9556"/>
    <tag k="ele" v="0"/>
  </node>
  <node version="1" id="5450" lat="47.46675283114" lon="19.15073197657">
    <tag k="local_x" v="60639.4308"/>
    <tag k="local_y" v="58692.3055"/>
    <tag k="ele" v="0"/>
  </node>
  <node version="1" id="5451" lat="47.46675599817" lon="19.15073451681">
    <tag k="local_x" v="60639.6306"/>
    <tag k="local_y" v="58692.6529"/>
    <tag k="ele" v="0"/>
  </node>
  <node version="1" id="5452" lat="47.46675913354" lon="19.15073699048">
    <tag k="local_x" v="60639.8253"/>
    <tag k="local_y" v="58692.9969"/>
    <tag k="ele" v="0"/>
  </node>
  <node version="1" id="5453" lat="47.46676230229" lon="19.15073946962">
    <tag k="local_x" v="60640.0205"/>
    <tag k="local_y" v="58693.3446"/>
    <tag k="ele" v="0"/>
  </node>
  <node version="1" id="5454" lat="47.46676546078" lon="19.15074192656">
    <tag k="local_x" v="60640.214"/>
    <tag k="local_y" v="58693.6912"/>
    <tag k="ele" v="0"/>
  </node>
  <node version="1" id="5455" lat="47.46676859968" lon="19.15074434039">
    <tag k="local_x" v="60640.4042"/>
    <tag k="local_y" v="58694.0357"/>
    <tag k="ele" v="0"/>
  </node>
  <node version="1" id="5456" lat="47.46677175792" lon="19.15074672568">
    <tag k="local_x" v="60640.5923"/>
    <tag k="local_y" v="58694.3824"/>
    <tag k="ele" v="0"/>
  </node>
  <node version="1" id="5457" lat="47.46677494225" lon="19.15074911138">
    <tag k="local_x" v="60640.7805"/>
    <tag k="local_y" v="58694.732"/>
    <tag k="ele" v="0"/>
  </node>
  <node version="1" id="5458" lat="47.46677812912" lon="19.15075148638">
    <tag k="local_x" v="60640.9679"/>
    <tag k="local_y" v="58695.0819"/>
    <tag k="ele" v="0"/>
  </node>
  <node version="1" id="5459" lat="47.46678135123" lon="19.15075387075">
    <tag k="local_x" v="60641.1561"/>
    <tag k="local_y" v="58695.4357"/>
    <tag k="ele" v="0"/>
  </node>
  <node version="1" id="5460" lat="47.46678457576" lon="19.15075629353">
    <tag k="local_x" v="60641.3472"/>
    <tag k="local_y" v="58695.7897"/>
    <tag k="ele" v="0"/>
  </node>
  <node version="1" id="5461" lat="47.46678776429" lon="19.1507586605">
    <tag k="local_x" v="60641.534"/>
    <tag k="local_y" v="58696.1398"/>
    <tag k="ele" v="0"/>
  </node>
  <node version="1" id="5462" lat="47.46679094144" lon="19.15076099072">
    <tag k="local_x" v="60641.718"/>
    <tag k="local_y" v="58696.4887"/>
    <tag k="ele" v="0"/>
  </node>
  <node version="1" id="5463" lat="47.46679411408" lon="19.15076326537">
    <tag k="local_x" v="60641.8978"/>
    <tag k="local_y" v="58696.8372"/>
    <tag k="ele" v="0"/>
  </node>
  <node version="1" id="5464" lat="47.4667972559" lon="19.15076546943">
    <tag k="local_x" v="60642.0722"/>
    <tag k="local_y" v="58697.1824"/>
    <tag k="ele" v="0"/>
  </node>
  <node version="1" id="5465" lat="47.46680039416" lon="19.15076756481">
    <tag k="local_x" v="60642.2384"/>
    <tag k="local_y" v="58697.5274"/>
    <tag k="ele" v="0"/>
  </node>
  <node version="1" id="5466" lat="47.4668035694" lon="19.15076960979">
    <tag k="local_x" v="60642.4009"/>
    <tag k="local_y" v="58697.8766"/>
    <tag k="ele" v="0"/>
  </node>
  <node version="1" id="5467" lat="47.46680674342" lon="19.15077157918">
    <tag k="local_x" v="60642.5577"/>
    <tag k="local_y" v="58698.2258"/>
    <tag k="ele" v="0"/>
  </node>
  <node version="1" id="5468" lat="47.46680992511" lon="19.15077346602">
    <tag k="local_x" v="60642.7083"/>
    <tag k="local_y" v="58698.576"/>
    <tag k="ele" v="0"/>
  </node>
  <node version="1" id="5469" lat="47.46681311543" lon="19.15077527427">
    <tag k="local_x" v="60642.853"/>
    <tag k="local_y" v="58698.9273"/>
    <tag k="ele" v="0"/>
  </node>
  <node version="1" id="5470" lat="47.46681632969" lon="19.15077700471">
    <tag k="local_x" v="60642.9919"/>
    <tag k="local_y" v="58699.2814"/>
    <tag k="ele" v="0"/>
  </node>
  <node version="1" id="5471" lat="47.4668195717" lon="19.15077867048">
    <tag k="local_x" v="60643.126"/>
    <tag k="local_y" v="58699.6387"/>
    <tag k="ele" v="0"/>
  </node>
  <node version="1" id="5472" lat="47.46682284727" lon="19.15078029659">
    <tag k="local_x" v="60643.2572"/>
    <tag k="local_y" v="58699.9998"/>
    <tag k="ele" v="0"/>
  </node>
  <node version="1" id="5473" lat="47.46682610894" lon="19.15078184224">
    <tag k="local_x" v="60643.3823"/>
    <tag k="local_y" v="58700.3595"/>
    <tag k="ele" v="0"/>
  </node>
  <node version="1" id="5474" lat="47.46682935641" lon="19.15078328886">
    <tag k="local_x" v="60643.4999"/>
    <tag k="local_y" v="58700.7178"/>
    <tag k="ele" v="0"/>
  </node>
  <node version="1" id="5475" lat="47.46683260663" lon="19.15078462657">
    <tag k="local_x" v="60643.6093"/>
    <tag k="local_y" v="58701.0766"/>
    <tag k="ele" v="0"/>
  </node>
  <node version="1" id="5476" lat="47.46683586532" lon="19.1507858764">
    <tag k="local_x" v="60643.7121"/>
    <tag k="local_y" v="58701.4365"/>
    <tag k="ele" v="0"/>
  </node>
  <node version="1" id="5477" lat="47.46683912946" lon="19.15078701723">
    <tag k="local_x" v="60643.8067"/>
    <tag k="local_y" v="58701.7972"/>
    <tag k="ele" v="0"/>
  </node>
  <node version="1" id="5478" lat="47.46684238101" lon="19.15078804703">
    <tag k="local_x" v="60643.8929"/>
    <tag k="local_y" v="58702.1567"/>
    <tag k="ele" v="0"/>
  </node>
  <node version="1" id="5479" lat="47.46684565596" lon="19.15078896587">
    <tag k="local_x" v="60643.9708"/>
    <tag k="local_y" v="58702.519"/>
    <tag k="ele" v="0"/>
  </node>
  <node version="1" id="5480" lat="47.46684892205" lon="19.15078978151">
    <tag k="local_x" v="60644.0409"/>
    <tag k="local_y" v="58702.8805"/>
    <tag k="ele" v="0"/>
  </node>
  <node version="1" id="5481" lat="47.46685218169" lon="19.15079047662">
    <tag k="local_x" v="60644.1019"/>
    <tag k="local_y" v="58703.2415"/>
    <tag k="ele" v="0"/>
  </node>
  <node version="1" id="5482" lat="47.46685539944" lon="19.15079102855">
    <tag k="local_x" v="60644.152"/>
    <tag k="local_y" v="58703.5981"/>
    <tag k="ele" v="0"/>
  </node>
  <node version="1" id="5483" lat="47.46685864463" lon="19.15079144152">
    <tag k="local_x" v="60644.1917"/>
    <tag k="local_y" v="58703.958"/>
    <tag k="ele" v="0"/>
  </node>
  <node version="1" id="5484" lat="47.46686190259" lon="19.15079175318">
    <tag k="local_x" v="60644.2238"/>
    <tag k="local_y" v="58704.3195"/>
    <tag k="ele" v="0"/>
  </node>
  <node version="1" id="5485" lat="47.46686515304" lon="19.15079193374">
    <tag k="local_x" v="60644.246"/>
    <tag k="local_y" v="58704.6804"/>
    <tag k="ele" v="0"/>
  </node>
  <node version="1" id="5486" lat="47.46686831177" lon="19.15079200736">
    <tag k="local_x" v="60644.2599"/>
    <tag k="local_y" v="58705.0313"/>
    <tag k="ele" v="0"/>
  </node>
  <node version="1" id="5487" lat="47.46687145085" lon="19.15079186671">
    <tag k="local_x" v="60644.2576"/>
    <tag k="local_y" v="58705.3804"/>
    <tag k="ele" v="0"/>
  </node>
  <node version="1" id="5488" lat="47.46687465314" lon="19.15079162829">
    <tag k="local_x" v="60644.2481"/>
    <tag k="local_y" v="58705.7367"/>
    <tag k="ele" v="0"/>
  </node>
  <node version="1" id="5489" lat="47.46687781555" lon="19.1507912599">
    <tag k="local_x" v="60644.2287"/>
    <tag k="local_y" v="58706.0888"/>
    <tag k="ele" v="0"/>
  </node>
  <node version="1" id="5490" lat="47.46688096521" lon="19.15079077119">
    <tag k="local_x" v="60644.2002"/>
    <tag k="local_y" v="58706.4397"/>
    <tag k="ele" v="0"/>
  </node>
  <node version="1" id="5508" lat="47.46691391999" lon="19.15077324763">
    <tag k="local_x" v="60642.9668"/>
    <tag k="local_y" v="58710.1334"/>
    <tag k="ele" v="0"/>
  </node>
  <node version="1" id="5509" lat="47.46691446137" lon="19.15077289291">
    <tag k="local_x" v="60642.9415"/>
    <tag k="local_y" v="58710.1942"/>
    <tag k="ele" v="0"/>
  </node>
  <node version="1" id="5510" lat="47.46691499911" lon="19.15077253565">
    <tag k="local_x" v="60642.916"/>
    <tag k="local_y" v="58710.2546"/>
    <tag k="ele" v="0"/>
  </node>
  <node version="1" id="5511" lat="47.46691553501" lon="19.15077217581">
    <tag k="local_x" v="60642.8903"/>
    <tag k="local_y" v="58710.3148"/>
    <tag k="ele" v="0"/>
  </node>
  <node version="1" id="5512" lat="47.46691606815" lon="19.15077181208">
    <tag k="local_x" v="60642.8643"/>
    <tag k="local_y" v="58710.3747"/>
    <tag k="ele" v="0"/>
  </node>
  <node version="1" id="5513" lat="47.46691659857" lon="19.15077144712">
    <tag k="local_x" v="60642.8382"/>
    <tag k="local_y" v="58710.4343"/>
    <tag k="ele" v="0"/>
  </node>
  <node version="1" id="5514" lat="47.466917128" lon="19.15077107689">
    <tag k="local_x" v="60642.8117"/>
    <tag k="local_y" v="58710.4938"/>
    <tag k="ele" v="0"/>
  </node>
  <node version="1" id="5515" lat="47.46691765469" lon="19.1507707041">
    <tag k="local_x" v="60642.785"/>
    <tag k="local_y" v="58710.553"/>
    <tag k="ele" v="0"/>
  </node>
  <node version="1" id="5516" lat="47.4669181804" lon="19.15077032603">
    <tag k="local_x" v="60642.7579"/>
    <tag k="local_y" v="58710.6121"/>
    <tag k="ele" v="0"/>
  </node>
  <node version="1" id="5517" lat="47.46691870516" lon="19.15076994535">
    <tag k="local_x" v="60642.7306"/>
    <tag k="local_y" v="58710.6711"/>
    <tag k="ele" v="0"/>
  </node>
  <node version="1" id="5518" lat="47.46691922895" lon="19.15076955939">
    <tag k="local_x" v="60642.7029"/>
    <tag k="local_y" v="58710.73"/>
    <tag k="ele" v="0"/>
  </node>
  <node version="1" id="5519" lat="47.46691975088" lon="19.15076917084">
    <tag k="local_x" v="60642.675"/>
    <tag k="local_y" v="58710.7887"/>
    <tag k="ele" v="0"/>
  </node>
  <node version="1" id="5520" lat="47.46692027274" lon="19.15076877699">
    <tag k="local_x" v="60642.6467"/>
    <tag k="local_y" v="58710.8474"/>
    <tag k="ele" v="0"/>
  </node>
  <node version="1" id="5521" lat="47.46692079365" lon="19.15076838051">
    <tag k="local_x" v="60642.6182"/>
    <tag k="local_y" v="58710.906"/>
    <tag k="ele" v="0"/>
  </node>
  <node version="1" id="5522" lat="47.4669213127" lon="19.15076798012">
    <tag k="local_x" v="60642.5894"/>
    <tag k="local_y" v="58710.9644"/>
    <tag k="ele" v="0"/>
  </node>
  <node version="1" id="5523" lat="47.46692183078" lon="19.15076757578">
    <tag k="local_x" v="60642.5603"/>
    <tag k="local_y" v="58711.0227"/>
    <tag k="ele" v="0"/>
  </node>
  <node version="1" id="5524" lat="47.46692234883" lon="19.15076716879">
    <tag k="local_x" v="60642.531"/>
    <tag k="local_y" v="58711.081"/>
    <tag k="ele" v="0"/>
  </node>
  <node version="1" id="5525" lat="47.46692286588" lon="19.15076675653">
    <tag k="local_x" v="60642.5013"/>
    <tag k="local_y" v="58711.1392"/>
    <tag k="ele" v="0"/>
  </node>
  <node version="1" id="5526" lat="47.466923382" lon="19.15076634165">
    <tag k="local_x" v="60642.4714"/>
    <tag k="local_y" v="58711.1973"/>
    <tag k="ele" v="0"/>
  </node>
  <node version="1" id="5527" lat="47.46692389805" lon="19.15076592278">
    <tag k="local_x" v="60642.4412"/>
    <tag k="local_y" v="58711.2554"/>
    <tag k="ele" v="0"/>
  </node>
  <node version="1" id="5528" lat="47.46692441136" lon="19.15076550136">
    <tag k="local_x" v="60642.4108"/>
    <tag k="local_y" v="58711.3132"/>
    <tag k="ele" v="0"/>
  </node>
  <node version="1" id="5529" lat="47.46692492463" lon="19.15076507729">
    <tag k="local_x" v="60642.3802"/>
    <tag k="local_y" v="58711.371"/>
    <tag k="ele" v="0"/>
  </node>
  <node version="1" id="5530" lat="47.46692543693" lon="19.15076464927">
    <tag k="local_x" v="60642.3493"/>
    <tag k="local_y" v="58711.4287"/>
    <tag k="ele" v="0"/>
  </node>
  <node version="1" id="5531" lat="47.46692594649" lon="19.15076421869">
    <tag k="local_x" v="60642.3182"/>
    <tag k="local_y" v="58711.4861"/>
    <tag k="ele" v="0"/>
  </node>
  <node version="1" id="5532" lat="47.46692645601" lon="19.15076378546">
    <tag k="local_x" v="60642.2869"/>
    <tag k="local_y" v="58711.5435"/>
    <tag k="ele" v="0"/>
  </node>
  <node version="1" id="5533" lat="47.46692696279" lon="19.15076334967">
    <tag k="local_x" v="60642.2554"/>
    <tag k="local_y" v="58711.6006"/>
    <tag k="ele" v="0"/>
  </node>
  <node version="1" id="5534" lat="47.46692746685" lon="19.15076291265">
    <tag k="local_x" v="60642.2238"/>
    <tag k="local_y" v="58711.6574"/>
    <tag k="ele" v="0"/>
  </node>
  <node version="1" id="5535" lat="47.46692796995" lon="19.15076247168">
    <tag k="local_x" v="60642.1919"/>
    <tag k="local_y" v="58711.7141"/>
    <tag k="ele" v="0"/>
  </node>
  <node version="1" id="5536" lat="47.46692847123" lon="19.15076202945">
    <tag k="local_x" v="60642.1599"/>
    <tag k="local_y" v="58711.7706"/>
    <tag k="ele" v="0"/>
  </node>
  <node version="1" id="5537" lat="47.46692896974" lon="19.15076158334">
    <tag k="local_x" v="60642.1276"/>
    <tag k="local_y" v="58711.8268"/>
    <tag k="ele" v="0"/>
  </node>
  <node version="1" id="5538" lat="47.46692946643" lon="19.15076113596">
    <tag k="local_x" v="60642.0952"/>
    <tag k="local_y" v="58711.8828"/>
    <tag k="ele" v="0"/>
  </node>
  <node version="1" id="5539" lat="47.46692996127" lon="19.15076068466">
    <tag k="local_x" v="60642.0625"/>
    <tag k="local_y" v="58711.9386"/>
    <tag k="ele" v="0"/>
  </node>
  <node version="1" id="5540" lat="47.46693045338" lon="19.15076023214">
    <tag k="local_x" v="60642.0297"/>
    <tag k="local_y" v="58711.9941"/>
    <tag k="ele" v="0"/>
  </node>
  <node version="1" id="5541" lat="47.46693094275" lon="19.15075977706">
    <tag k="local_x" v="60641.9967"/>
    <tag k="local_y" v="58712.0493"/>
    <tag k="ele" v="0"/>
  </node>
  <node version="1" id="5542" lat="47.46693143118" lon="19.15075931935">
    <tag k="local_x" v="60641.9635"/>
    <tag k="local_y" v="58712.1044"/>
    <tag k="ele" v="0"/>
  </node>
  <node version="1" id="5543" lat="47.46693191687" lon="19.15075885909">
    <tag k="local_x" v="60641.9301"/>
    <tag k="local_y" v="58712.1592"/>
    <tag k="ele" v="0"/>
  </node>
  <node version="1" id="5544" lat="47.46693240069" lon="19.15075839491">
    <tag k="local_x" v="60641.8964"/>
    <tag k="local_y" v="58712.2138"/>
    <tag k="ele" v="0"/>
  </node>
  <node version="1" id="5545" lat="47.4669328827" lon="19.15075792947">
    <tag k="local_x" v="60641.8626"/>
    <tag k="local_y" v="58712.2682"/>
    <tag k="ele" v="0"/>
  </node>
  <node version="1" id="5546" lat="47.46693336196" lon="19.15075746147">
    <tag k="local_x" v="60641.8286"/>
    <tag k="local_y" v="58712.3223"/>
    <tag k="ele" v="0"/>
  </node>
  <node version="1" id="5547" lat="47.46693383846" lon="19.15075698959">
    <tag k="local_x" v="60641.7943"/>
    <tag k="local_y" v="58712.3761"/>
    <tag k="ele" v="0"/>
  </node>
  <node version="1" id="5548" lat="47.46693431315" lon="19.15075651644">
    <tag k="local_x" v="60641.7599"/>
    <tag k="local_y" v="58712.4297"/>
    <tag k="ele" v="0"/>
  </node>
  <node version="1" id="5549" lat="47.46693478507" lon="19.15075603941">
    <tag k="local_x" v="60641.7252"/>
    <tag k="local_y" v="58712.483"/>
    <tag k="ele" v="0"/>
  </node>
  <node version="1" id="5550" lat="47.46693525604" lon="19.15075555976">
    <tag k="local_x" v="60641.6903"/>
    <tag k="local_y" v="58712.5362"/>
    <tag k="ele" v="0"/>
  </node>
  <node version="1" id="5551" lat="47.46693572428" lon="19.15075507755">
    <tag k="local_x" v="60641.6552"/>
    <tag k="local_y" v="58712.5891"/>
    <tag k="ele" v="0"/>
  </node>
  <node version="1" id="5552" lat="47.46693619243" lon="19.15075459004">
    <tag k="local_x" v="60641.6197"/>
    <tag k="local_y" v="58712.642"/>
    <tag k="ele" v="0"/>
  </node>
  <node version="1" id="5553" lat="47.46693666052" lon="19.15075409855">
    <tag k="local_x" v="60641.5839"/>
    <tag k="local_y" v="58712.6949"/>
    <tag k="ele" v="0"/>
  </node>
  <node version="1" id="5554" lat="47.46693712852" lon="19.15075360175">
    <tag k="local_x" v="60641.5477"/>
    <tag k="local_y" v="58712.7478"/>
    <tag k="ele" v="0"/>
  </node>
  <node version="1" id="5555" lat="47.46693759646" lon="19.15075310097">
    <tag k="local_x" v="60641.5112"/>
    <tag k="local_y" v="58712.8007"/>
    <tag k="ele" v="0"/>
  </node>
  <node version="1" id="5556" lat="47.46693806699" lon="19.15075259347">
    <tag k="local_x" v="60641.4742"/>
    <tag k="local_y" v="58712.8539"/>
    <tag k="ele" v="0"/>
  </node>
  <node version="1" id="5557" lat="47.46693853745" lon="19.15075208199">
    <tag k="local_x" v="60641.4369"/>
    <tag k="local_y" v="58712.9071"/>
    <tag k="ele" v="0"/>
  </node>
  <node version="1" id="5558" lat="47.46693900963" lon="19.15075156514">
    <tag k="local_x" v="60641.3992"/>
    <tag k="local_y" v="58712.9605"/>
    <tag k="ele" v="0"/>
  </node>
  <node version="1" id="5559" lat="47.46693947646" lon="19.15075105113">
    <tag k="local_x" v="60641.3617"/>
    <tag k="local_y" v="58713.0133"/>
    <tag k="ele" v="0"/>
  </node>
  <node version="1" id="5560" lat="47.46694004398" lon="19.15075042079">
    <tag k="local_x" v="60641.3157"/>
    <tag k="local_y" v="58713.0775"/>
    <tag k="ele" v="0"/>
  </node>
  <node version="1" id="5561" lat="47.46694061323" lon="19.15074978509">
    <tag k="local_x" v="60641.2693"/>
    <tag k="local_y" v="58713.1419"/>
    <tag k="ele" v="0"/>
  </node>
  <node version="1" id="5562" lat="47.46694118067" lon="19.15074914944">
    <tag k="local_x" v="60641.2229"/>
    <tag k="local_y" v="58713.2061"/>
    <tag k="ele" v="0"/>
  </node>
  <node version="1" id="5563" lat="47.4669417454" lon="19.15074851257">
    <tag k="local_x" v="60641.1764"/>
    <tag k="local_y" v="58713.27"/>
    <tag k="ele" v="0"/>
  </node>
  <node version="1" id="5564" lat="47.46694230209" lon="19.15074787996">
    <tag k="local_x" v="60641.1302"/>
    <tag k="local_y" v="58713.333"/>
    <tag k="ele" v="0"/>
  </node>
  <node version="1" id="5565" lat="47.46694275356" lon="19.15074736251">
    <tag k="local_x" v="60641.0924"/>
    <tag k="local_y" v="58713.3841"/>
    <tag k="ele" v="0"/>
  </node>
  <node version="1" id="5566" lat="47.46694320673" lon="19.15074683837">
    <tag k="local_x" v="60641.0541"/>
    <tag k="local_y" v="58713.4354"/>
    <tag k="ele" v="0"/>
  </node>
  <node version="1" id="5567" lat="47.46694365627" lon="19.15074631302">
    <tag k="local_x" v="60641.0157"/>
    <tag k="local_y" v="58713.4863"/>
    <tag k="ele" v="0"/>
  </node>
  <node version="1" id="5568" lat="47.46694410312" lon="19.15074578777">
    <tag k="local_x" v="60640.9773"/>
    <tag k="local_y" v="58713.5369"/>
    <tag k="ele" v="0"/>
  </node>
  <node version="1" id="5569" lat="47.46694454722" lon="19.15074525996">
    <tag k="local_x" v="60640.9387"/>
    <tag k="local_y" v="58713.5872"/>
    <tag k="ele" v="0"/>
  </node>
  <node version="1" id="5570" lat="47.46694499036" lon="19.15074472821">
    <tag k="local_x" v="60640.8998"/>
    <tag k="local_y" v="58713.6374"/>
    <tag k="ele" v="0"/>
  </node>
  <node version="1" id="5571" lat="47.46694543077" lon="19.15074419389">
    <tag k="local_x" v="60640.8607"/>
    <tag k="local_y" v="58713.6873"/>
    <tag k="ele" v="0"/>
  </node>
  <node version="1" id="5572" lat="47.46694587112" lon="19.15074365693">
    <tag k="local_x" v="60640.8214"/>
    <tag k="local_y" v="58713.7372"/>
    <tag k="ele" v="0"/>
  </node>
  <node version="1" id="5573" lat="47.46694630962" lon="19.15074311605">
    <tag k="local_x" v="60640.7818"/>
    <tag k="local_y" v="58713.7869"/>
    <tag k="ele" v="0"/>
  </node>
  <node version="1" id="5574" lat="47.46694674715" lon="19.15074257122">
    <tag k="local_x" v="60640.7419"/>
    <tag k="local_y" v="58713.8365"/>
    <tag k="ele" v="0"/>
  </node>
  <node version="1" id="5575" lat="47.46694718284" lon="19.1507420238">
    <tag k="local_x" v="60640.7018"/>
    <tag k="local_y" v="58713.8859"/>
    <tag k="ele" v="0"/>
  </node>
  <node version="1" id="5576" lat="47.46694761761" lon="19.15074147509">
    <tag k="local_x" v="60640.6616"/>
    <tag k="local_y" v="58713.9352"/>
    <tag k="ele" v="0"/>
  </node>
  <node version="1" id="5577" lat="47.46694805052" lon="19.15074092246">
    <tag k="local_x" v="60640.6211"/>
    <tag k="local_y" v="58713.9843"/>
    <tag k="ele" v="0"/>
  </node>
  <node version="1" id="5578" lat="47.46694848158" lon="19.15074036724">
    <tag k="local_x" v="60640.5804"/>
    <tag k="local_y" v="58714.0332"/>
    <tag k="ele" v="0"/>
  </node>
  <node version="1" id="5579" lat="47.46694891083" lon="19.15073981076">
    <tag k="local_x" v="60640.5396"/>
    <tag k="local_y" v="58714.0819"/>
    <tag k="ele" v="0"/>
  </node>
  <node version="1" id="5580" lat="47.46694933823" lon="19.15073925169">
    <tag k="local_x" v="60640.4986"/>
    <tag k="local_y" v="58714.1304"/>
    <tag k="ele" v="0"/>
  </node>
  <node version="1" id="5581" lat="47.4669497647" lon="19.15073869">
    <tag k="local_x" v="60640.4574"/>
    <tag k="local_y" v="58714.1788"/>
    <tag k="ele" v="0"/>
  </node>
  <node version="1" id="5582" lat="47.46695018842" lon="19.15073812575">
    <tag k="local_x" v="60640.416"/>
    <tag k="local_y" v="58714.2269"/>
    <tag k="ele" v="0"/>
  </node>
  <node version="1" id="5583" lat="47.46695061032" lon="19.15073756024">
    <tag k="local_x" v="60640.3745"/>
    <tag k="local_y" v="58714.2748"/>
    <tag k="ele" v="0"/>
  </node>
  <node version="1" id="5584" lat="47.4669510295" lon="19.15073699349">
    <tag k="local_x" v="60640.3329"/>
    <tag k="local_y" v="58714.3224"/>
    <tag k="ele" v="0"/>
  </node>
  <node version="1" id="5585" lat="47.46695144684" lon="19.15073642416">
    <tag k="local_x" v="60640.2911"/>
    <tag k="local_y" v="58714.3698"/>
    <tag k="ele" v="0"/>
  </node>
  <node version="1" id="5586" lat="47.46695186234" lon="19.15073585224">
    <tag k="local_x" v="60640.2491"/>
    <tag k="local_y" v="58714.417"/>
    <tag k="ele" v="0"/>
  </node>
  <node version="1" id="5587" lat="47.46695227602" lon="19.15073527905">
    <tag k="local_x" v="60640.207"/>
    <tag k="local_y" v="58714.464"/>
    <tag k="ele" v="0"/>
  </node>
  <node version="1" id="5588" lat="47.46695268695" lon="19.15073470331">
    <tag k="local_x" v="60640.1647"/>
    <tag k="local_y" v="58714.5107"/>
    <tag k="ele" v="0"/>
  </node>
  <node version="1" id="5589" lat="47.46695309695" lon="19.15073412494">
    <tag k="local_x" v="60640.1222"/>
    <tag k="local_y" v="58714.5573"/>
    <tag k="ele" v="0"/>
  </node>
  <node version="1" id="5590" lat="47.46695350513" lon="19.15073354532">
    <tag k="local_x" v="60640.0796"/>
    <tag k="local_y" v="58714.6037"/>
    <tag k="ele" v="0"/>
  </node>
  <node version="1" id="5591" lat="47.46695391144" lon="19.15073296177">
    <tag k="local_x" v="60640.0367"/>
    <tag k="local_y" v="58714.6499"/>
    <tag k="ele" v="0"/>
  </node>
  <node version="1" id="5592" lat="47.46695431593" lon="19.15073237697">
    <tag k="local_x" v="60639.9937"/>
    <tag k="local_y" v="58714.6959"/>
    <tag k="ele" v="0"/>
  </node>
  <node version="1" id="5593" lat="47.46695471856" lon="19.15073178824">
    <tag k="local_x" v="60639.9504"/>
    <tag k="local_y" v="58714.7417"/>
    <tag k="ele" v="0"/>
  </node>
  <node version="1" id="5594" lat="47.46695512115" lon="19.15073119687">
    <tag k="local_x" v="60639.9069"/>
    <tag k="local_y" v="58714.7875"/>
    <tag k="ele" v="0"/>
  </node>
  <node version="1" id="5595" lat="47.46695552187" lon="19.15073060158">
    <tag k="local_x" v="60639.8631"/>
    <tag k="local_y" v="58714.8331"/>
    <tag k="ele" v="0"/>
  </node>
  <node version="1" id="5596" lat="47.46695592255" lon="19.15073000363">
    <tag k="local_x" v="60639.8191"/>
    <tag k="local_y" v="58714.8787"/>
    <tag k="ele" v="0"/>
  </node>
  <node version="1" id="5597" lat="47.46695632139" lon="19.1507294031">
    <tag k="local_x" v="60639.7749"/>
    <tag k="local_y" v="58714.9241"/>
    <tag k="ele" v="0"/>
  </node>
  <node version="1" id="5598" lat="47.46695671931" lon="19.15072880127">
    <tag k="local_x" v="60639.7306"/>
    <tag k="local_y" v="58714.9694"/>
    <tag k="ele" v="0"/>
  </node>
  <node version="1" id="5599" lat="47.46695711449" lon="19.15072819689">
    <tag k="local_x" v="60639.6861"/>
    <tag k="local_y" v="58715.0144"/>
    <tag k="ele" v="0"/>
  </node>
  <node version="1" id="5600" lat="47.46695750787" lon="19.15072759257">
    <tag k="local_x" v="60639.6416"/>
    <tag k="local_y" v="58715.0592"/>
    <tag k="ele" v="0"/>
  </node>
  <node version="1" id="5601" lat="47.46695789765" lon="19.15072698837">
    <tag k="local_x" v="60639.5971"/>
    <tag k="local_y" v="58715.1036"/>
    <tag k="ele" v="0"/>
  </node>
  <node version="1" id="5602" lat="47.46695828296" lon="19.15072638566">
    <tag k="local_x" v="60639.5527"/>
    <tag k="local_y" v="58715.1475"/>
    <tag k="ele" v="0"/>
  </node>
  <node version="1" id="5603" lat="47.46695866557" lon="19.15072578304">
    <tag k="local_x" v="60639.5083"/>
    <tag k="local_y" v="58715.1911"/>
    <tag k="ele" v="0"/>
  </node>
  <node version="1" id="5604" lat="47.46695904456" lon="19.15072517923">
    <tag k="local_x" v="60639.4638"/>
    <tag k="local_y" v="58715.2343"/>
    <tag k="ele" v="0"/>
  </node>
  <node version="1" id="5605" lat="47.46695942083" lon="19.15072457418">
    <tag k="local_x" v="60639.4192"/>
    <tag k="local_y" v="58715.2772"/>
    <tag k="ele" v="0"/>
  </node>
  <node version="1" id="5606" lat="47.46695979526" lon="19.15072396654">
    <tag k="local_x" v="60639.3744"/>
    <tag k="local_y" v="58715.3199"/>
    <tag k="ele" v="0"/>
  </node>
  <node version="1" id="5607" lat="47.46696016785" lon="19.15072335631">
    <tag k="local_x" v="60639.3294"/>
    <tag k="local_y" v="58715.3624"/>
    <tag k="ele" v="0"/>
  </node>
  <node version="1" id="5608" lat="47.46696053857" lon="19.15072274217">
    <tag k="local_x" v="60639.2841"/>
    <tag k="local_y" v="58715.4047"/>
    <tag k="ele" v="0"/>
  </node>
  <node version="1" id="5609" lat="47.46696090834" lon="19.15072212408">
    <tag k="local_x" v="60639.2385"/>
    <tag k="local_y" v="58715.4469"/>
    <tag k="ele" v="0"/>
  </node>
  <node version="1" id="5610" lat="47.46696127626" lon="19.1507215034">
    <tag k="local_x" v="60639.1927"/>
    <tag k="local_y" v="58715.4889"/>
    <tag k="ele" v="0"/>
  </node>
  <node version="1" id="5611" lat="47.46696164233" lon="19.15072088013">
    <tag k="local_x" v="60639.1467"/>
    <tag k="local_y" v="58715.5307"/>
    <tag k="ele" v="0"/>
  </node>
  <node version="1" id="5612" lat="47.46696200747" lon="19.15072025424">
    <tag k="local_x" v="60639.1005"/>
    <tag k="local_y" v="58715.5724"/>
    <tag k="ele" v="0"/>
  </node>
  <node version="1" id="5613" lat="47.46696237075" lon="19.15071962443">
    <tag k="local_x" v="60639.054"/>
    <tag k="local_y" v="58715.6139"/>
    <tag k="ele" v="0"/>
  </node>
  <node version="1" id="5614" lat="47.46696273132" lon="19.15071899472">
    <tag k="local_x" v="60639.0075"/>
    <tag k="local_y" v="58715.6551"/>
    <tag k="ele" v="0"/>
  </node>
  <node version="1" id="5615" lat="47.46696309006" lon="19.15071836242">
    <tag k="local_x" v="60638.9608"/>
    <tag k="local_y" v="58715.6961"/>
    <tag k="ele" v="0"/>
  </node>
  <node version="1" id="5616" lat="47.46696344697" lon="19.15071772885">
    <tag k="local_x" v="60638.914"/>
    <tag k="local_y" v="58715.7369"/>
    <tag k="ele" v="0"/>
  </node>
  <node version="1" id="5617" lat="47.46696380116" lon="19.15071709406">
    <tag k="local_x" v="60638.8671"/>
    <tag k="local_y" v="58715.7774"/>
    <tag k="ele" v="0"/>
  </node>
  <node version="1" id="5618" lat="47.46696415262" lon="19.15071645671">
    <tag k="local_x" v="60638.82"/>
    <tag k="local_y" v="58715.8176"/>
    <tag k="ele" v="0"/>
  </node>
  <node version="1" id="5619" lat="47.46696450225" lon="19.15071581809">
    <tag k="local_x" v="60638.7728"/>
    <tag k="local_y" v="58715.8576"/>
    <tag k="ele" v="0"/>
  </node>
  <node version="1" id="5620" lat="47.46696485007" lon="19.15071517821">
    <tag k="local_x" v="60638.7255"/>
    <tag k="local_y" v="58715.8974"/>
    <tag k="ele" v="0"/>
  </node>
  <node version="1" id="5621" lat="47.46696519602" lon="19.15071453441">
    <tag k="local_x" v="60638.6779"/>
    <tag k="local_y" v="58715.937"/>
    <tag k="ele" v="0"/>
  </node>
  <node version="1" id="5622" lat="47.466965541" lon="19.15071388667">
    <tag k="local_x" v="60638.63"/>
    <tag k="local_y" v="58715.9765"/>
    <tag k="ele" v="0"/>
  </node>
  <node version="1" id="5623" lat="47.46696588417" lon="19.15071323766">
    <tag k="local_x" v="60638.582"/>
    <tag k="local_y" v="58716.0158"/>
    <tag k="ele" v="0"/>
  </node>
  <node version="1" id="5624" lat="47.46696622638" lon="19.15071258471">
    <tag k="local_x" v="60638.5337"/>
    <tag k="local_y" v="58716.055"/>
    <tag k="ele" v="0"/>
  </node>
  <node version="1" id="5625" lat="47.46696656586" lon="19.15071193053">
    <tag k="local_x" v="60638.4853"/>
    <tag k="local_y" v="58716.0939"/>
    <tag k="ele" v="0"/>
  </node>
  <node version="1" id="5626" lat="47.46696690442" lon="19.15071127505">
    <tag k="local_x" v="60638.4368"/>
    <tag k="local_y" v="58716.1327"/>
    <tag k="ele" v="0"/>
  </node>
  <node version="1" id="5627" lat="47.46696724115" lon="19.15071061698">
    <tag k="local_x" v="60638.3881"/>
    <tag k="local_y" v="58716.1713"/>
    <tag k="ele" v="0"/>
  </node>
  <node version="1" id="5628" lat="47.46696757513" lon="19.15070995635">
    <tag k="local_x" v="60638.3392"/>
    <tag k="local_y" v="58716.2096"/>
    <tag k="ele" v="0"/>
  </node>
  <node version="1" id="5629" lat="47.46696790821" lon="19.15070929576">
    <tag k="local_x" v="60638.2903"/>
    <tag k="local_y" v="58716.2478"/>
    <tag k="ele" v="0"/>
  </node>
  <node version="1" id="5630" lat="47.46696823855" lon="19.1507086326">
    <tag k="local_x" v="60638.2412"/>
    <tag k="local_y" v="58716.2857"/>
    <tag k="ele" v="0"/>
  </node>
  <node version="1" id="5631" lat="47.46696856617" lon="19.15070796822">
    <tag k="local_x" v="60638.192"/>
    <tag k="local_y" v="58716.3233"/>
    <tag k="ele" v="0"/>
  </node>
  <node version="1" id="5632" lat="47.4669688929" lon="19.15070730387">
    <tag k="local_x" v="60638.1428"/>
    <tag k="local_y" v="58716.3608"/>
    <tag k="ele" v="0"/>
  </node>
  <node version="1" id="5633" lat="47.46696921686" lon="19.15070663563">
    <tag k="local_x" v="60638.0933"/>
    <tag k="local_y" v="58716.398"/>
    <tag k="ele" v="0"/>
  </node>
  <node version="1" id="5634" lat="47.46696953902" lon="19.15070596745">
    <tag k="local_x" v="60638.0438"/>
    <tag k="local_y" v="58716.435"/>
    <tag k="ele" v="0"/>
  </node>
  <node version="1" id="5635" lat="47.46696985846" lon="19.15070529805">
    <tag k="local_x" v="60637.9942"/>
    <tag k="local_y" v="58716.4717"/>
    <tag k="ele" v="0"/>
  </node>
  <node version="1" id="5636" lat="47.46697017606" lon="19.15070462605">
    <tag k="local_x" v="60637.9444"/>
    <tag k="local_y" v="58716.5082"/>
    <tag k="ele" v="0"/>
  </node>
  <node version="1" id="5637" lat="47.46697049182" lon="19.15070395147">
    <tag k="local_x" v="60637.8944"/>
    <tag k="local_y" v="58716.5445"/>
    <tag k="ele" v="0"/>
  </node>
  <node version="1" id="5638" lat="47.46697080486" lon="19.15070327565">
    <tag k="local_x" v="60637.8443"/>
    <tag k="local_y" v="58716.5805"/>
    <tag k="ele" v="0"/>
  </node>
  <node version="1" id="5639" lat="47.46697111696" lon="19.15070259722">
    <tag k="local_x" v="60637.794"/>
    <tag k="local_y" v="58716.6164"/>
    <tag k="ele" v="0"/>
  </node>
  <node version="1" id="5640" lat="47.46697142719" lon="19.15070191486">
    <tag k="local_x" v="60637.7434"/>
    <tag k="local_y" v="58716.6521"/>
    <tag k="ele" v="0"/>
  </node>
  <node version="1" id="5641" lat="47.46697173561" lon="19.15070123125">
    <tag k="local_x" v="60637.6927"/>
    <tag k="local_y" v="58716.6876"/>
    <tag k="ele" v="0"/>
  </node>
  <node version="1" id="5642" lat="47.46697204216" lon="19.15070054372">
    <tag k="local_x" v="60637.6417"/>
    <tag k="local_y" v="58716.7229"/>
    <tag k="ele" v="0"/>
  </node>
  <node version="1" id="5643" lat="47.46697234865" lon="19.15069985221">
    <tag k="local_x" v="60637.5904"/>
    <tag k="local_y" v="58716.7582"/>
    <tag k="ele" v="0"/>
  </node>
  <node version="1" id="5644" lat="47.46697265242" lon="19.15069915946">
    <tag k="local_x" v="60637.539"/>
    <tag k="local_y" v="58716.7932"/>
    <tag k="ele" v="0"/>
  </node>
  <node version="1" id="5645" lat="47.4669729561" lon="19.15069846142">
    <tag k="local_x" v="60637.4872"/>
    <tag k="local_y" v="58716.8282"/>
    <tag k="ele" v="0"/>
  </node>
  <node version="1" id="5646" lat="47.46697325798" lon="19.15069776343">
    <tag k="local_x" v="60637.4354"/>
    <tag k="local_y" v="58716.863"/>
    <tag k="ele" v="0"/>
  </node>
  <node version="1" id="5647" lat="47.46697355711" lon="19.15069706156">
    <tag k="local_x" v="60637.3833"/>
    <tag k="local_y" v="58716.8975"/>
    <tag k="ele" v="0"/>
  </node>
  <node version="1" id="5648" lat="47.46697385533" lon="19.15069635973">
    <tag k="local_x" v="60637.3312"/>
    <tag k="local_y" v="58716.9319"/>
    <tag k="ele" v="0"/>
  </node>
  <node version="1" id="5649" lat="47.46697415083" lon="19.15069565666">
    <tag k="local_x" v="60637.279"/>
    <tag k="local_y" v="58716.966"/>
    <tag k="ele" v="0"/>
  </node>
  <node version="1" id="5650" lat="47.46697444454" lon="19.15069495365">
    <tag k="local_x" v="60637.2268"/>
    <tag k="local_y" v="58716.9999"/>
    <tag k="ele" v="0"/>
  </node>
  <node version="1" id="5651" lat="47.46697473638" lon="19.15069424673">
    <tag k="local_x" v="60637.1743"/>
    <tag k="local_y" v="58717.0336"/>
    <tag k="ele" v="0"/>
  </node>
  <node version="1" id="5652" lat="47.46697502728" lon="19.15069353719">
    <tag k="local_x" v="60637.1216"/>
    <tag k="local_y" v="58717.0672"/>
    <tag k="ele" v="0"/>
  </node>
  <node version="1" id="5653" lat="47.46697531634" lon="19.15069282506">
    <tag k="local_x" v="60637.0687"/>
    <tag k="local_y" v="58717.1006"/>
    <tag k="ele" v="0"/>
  </node>
  <node version="1" id="5654" lat="47.46697560355" lon="19.15069211034">
    <tag k="local_x" v="60637.0156"/>
    <tag k="local_y" v="58717.1338"/>
    <tag k="ele" v="0"/>
  </node>
  <node version="1" id="5655" lat="47.46697588985" lon="19.15069139433">
    <tag k="local_x" v="60636.9624"/>
    <tag k="local_y" v="58717.1669"/>
    <tag k="ele" v="0"/>
  </node>
  <node version="1" id="5656" lat="47.46697617253" lon="19.15069067711">
    <tag k="local_x" v="60636.9091"/>
    <tag k="local_y" v="58717.1996"/>
    <tag k="ele" v="0"/>
  </node>
  <node version="1" id="5657" lat="47.46697645428" lon="19.1506899586">
    <tag k="local_x" v="60636.8557"/>
    <tag k="local_y" v="58717.2322"/>
    <tag k="ele" v="0"/>
  </node>
  <node version="1" id="5658" lat="47.4669767333" lon="19.15068923753">
    <tag k="local_x" v="60636.8021"/>
    <tag k="local_y" v="58717.2645"/>
    <tag k="ele" v="0"/>
  </node>
  <node version="1" id="5659" lat="47.46697701137" lon="19.15068851384">
    <tag k="local_x" v="60636.7483"/>
    <tag k="local_y" v="58717.2967"/>
    <tag k="ele" v="0"/>
  </node>
  <node version="1" id="5660" lat="47.4669772876" lon="19.15068778756">
    <tag k="local_x" v="60636.6943"/>
    <tag k="local_y" v="58717.3287"/>
    <tag k="ele" v="0"/>
  </node>
  <node version="1" id="5661" lat="47.46697756289" lon="19.15068705867">
    <tag k="local_x" v="60636.6401"/>
    <tag k="local_y" v="58717.3606"/>
    <tag k="ele" v="0"/>
  </node>
  <node version="1" id="5662" lat="47.46697783632" lon="19.15068632585">
    <tag k="local_x" v="60636.5856"/>
    <tag k="local_y" v="58717.3923"/>
    <tag k="ele" v="0"/>
  </node>
  <node version="1" id="5663" lat="47.46697810971" lon="19.15068559038">
    <tag k="local_x" v="60636.5309"/>
    <tag k="local_y" v="58717.424"/>
    <tag k="ele" v="0"/>
  </node>
  <node version="1" id="5664" lat="47.46697838035" lon="19.15068485236">
    <tag k="local_x" v="60636.476"/>
    <tag k="local_y" v="58717.4554"/>
    <tag k="ele" v="0"/>
  </node>
  <node version="1" id="5665" lat="47.46697865093" lon="19.15068411035">
    <tag k="local_x" v="60636.4208"/>
    <tag k="local_y" v="58717.4868"/>
    <tag k="ele" v="0"/>
  </node>
  <node version="1" id="5666" lat="47.46697891969" lon="19.15068336709">
    <tag k="local_x" v="60636.3655"/>
    <tag k="local_y" v="58717.518"/>
    <tag k="ele" v="0"/>
  </node>
  <node version="1" id="5667" lat="47.46697918661" lon="19.15068262123">
    <tag k="local_x" v="60636.31"/>
    <tag k="local_y" v="58717.549"/>
    <tag k="ele" v="0"/>
  </node>
  <node version="1" id="5668" lat="47.4669794526" lon="19.15068187408">
    <tag k="local_x" v="60636.2544"/>
    <tag k="local_y" v="58717.5799"/>
    <tag k="ele" v="0"/>
  </node>
  <node version="1" id="5669" lat="47.46697971766" lon="19.15068112431">
    <tag k="local_x" v="60636.1986"/>
    <tag k="local_y" v="58717.6107"/>
    <tag k="ele" v="0"/>
  </node>
  <node version="1" id="5670" lat="47.46697998089" lon="19.15068037327">
    <tag k="local_x" v="60636.1427"/>
    <tag k="local_y" v="58717.6413"/>
    <tag k="ele" v="0"/>
  </node>
  <node version="1" id="5671" lat="47.46698024316" lon="19.15067961829">
    <tag k="local_x" v="60636.0865"/>
    <tag k="local_y" v="58717.6718"/>
    <tag k="ele" v="0"/>
  </node>
  <node version="1" id="5672" lat="47.46698050364" lon="19.15067886337">
    <tag k="local_x" v="60636.0303"/>
    <tag k="local_y" v="58717.7021"/>
    <tag k="ele" v="0"/>
  </node>
  <node version="1" id="5673" lat="47.46698076319" lon="19.15067810715">
    <tag k="local_x" v="60635.974"/>
    <tag k="local_y" v="58717.7323"/>
    <tag k="ele" v="0"/>
  </node>
  <node version="1" id="5674" lat="47.46698102004" lon="19.15067735103">
    <tag k="local_x" v="60635.9177"/>
    <tag k="local_y" v="58717.7622"/>
    <tag k="ele" v="0"/>
  </node>
  <node version="1" id="5675" lat="47.46698127595" lon="19.15067659229">
    <tag k="local_x" v="60635.8612"/>
    <tag k="local_y" v="58717.792"/>
    <tag k="ele" v="0"/>
  </node>
  <node version="1" id="5676" lat="47.46698152919" lon="19.15067583497">
    <tag k="local_x" v="60635.8048"/>
    <tag k="local_y" v="58717.8215"/>
    <tag k="ele" v="0"/>
  </node>
  <node version="1" id="5677" lat="47.4669817806" lon="19.15067507639">
    <tag k="local_x" v="60635.7483"/>
    <tag k="local_y" v="58717.8508"/>
    <tag k="ele" v="0"/>
  </node>
  <node version="1" id="5678" lat="47.46698203022" lon="19.15067431787">
    <tag k="local_x" v="60635.6918"/>
    <tag k="local_y" v="58717.8799"/>
    <tag k="ele" v="0"/>
  </node>
  <node version="1" id="5679" lat="47.46698227802" lon="19.15067355809">
    <tag k="local_x" v="60635.6352"/>
    <tag k="local_y" v="58717.9088"/>
    <tag k="ele" v="0"/>
  </node>
  <node version="1" id="5680" lat="47.46698252399" lon="19.15067279704">
    <tag k="local_x" v="60635.5785"/>
    <tag k="local_y" v="58717.9375"/>
    <tag k="ele" v="0"/>
  </node>
  <node version="1" id="5681" lat="47.46698276815" lon="19.15067203473">
    <tag k="local_x" v="60635.5217"/>
    <tag k="local_y" v="58717.966"/>
    <tag k="ele" v="0"/>
  </node>
  <node version="1" id="5682" lat="47.46698301136" lon="19.1506712698">
    <tag k="local_x" v="60635.4647"/>
    <tag k="local_y" v="58717.9944"/>
    <tag k="ele" v="0"/>
  </node>
  <node version="1" id="5683" lat="47.46698325276" lon="19.15067050361">
    <tag k="local_x" v="60635.4076"/>
    <tag k="local_y" v="58718.0226"/>
    <tag k="ele" v="0"/>
  </node>
  <node version="1" id="5684" lat="47.46698349143" lon="19.15066973618">
    <tag k="local_x" v="60635.3504"/>
    <tag k="local_y" v="58718.0505"/>
    <tag k="ele" v="0"/>
  </node>
  <node version="1" id="5685" lat="47.46698373006" lon="19.15066896611">
    <tag k="local_x" v="60635.293"/>
    <tag k="local_y" v="58718.0784"/>
    <tag k="ele" v="0"/>
  </node>
  <node version="1" id="5686" lat="47.466983966" lon="19.15066819612">
    <tag k="local_x" v="60635.2356"/>
    <tag k="local_y" v="58718.106"/>
    <tag k="ele" v="0"/>
  </node>
  <node version="1" id="5687" lat="47.46698420009" lon="19.15066742355">
    <tag k="local_x" v="60635.178"/>
    <tag k="local_y" v="58718.1334"/>
    <tag k="ele" v="0"/>
  </node>
  <node version="1" id="5688" lat="47.46698443324" lon="19.15066664836">
    <tag k="local_x" v="60635.1202"/>
    <tag k="local_y" v="58718.1607"/>
    <tag k="ele" v="0"/>
  </node>
  <node version="1" id="5689" lat="47.46698466459" lon="19.15066587323">
    <tag k="local_x" v="60635.0624"/>
    <tag k="local_y" v="58718.1878"/>
    <tag k="ele" v="0"/>
  </node>
  <node version="1" id="5690" lat="47.46698489498" lon="19.15066509415">
    <tag k="local_x" v="60635.0043"/>
    <tag k="local_y" v="58718.2148"/>
    <tag k="ele" v="0"/>
  </node>
  <node version="1" id="5691" lat="47.46698512355" lon="19.15066431381">
    <tag k="local_x" v="60634.9461"/>
    <tag k="local_y" v="58718.2416"/>
    <tag k="ele" v="0"/>
  </node>
  <node version="1" id="5692" lat="47.46698535119" lon="19.15066353217">
    <tag k="local_x" v="60634.8878"/>
    <tag k="local_y" v="58718.2683"/>
    <tag k="ele" v="0"/>
  </node>
  <node version="1" id="5693" lat="47.46698557698" lon="19.15066274662">
    <tag k="local_x" v="60634.8292"/>
    <tag k="local_y" v="58718.2948"/>
    <tag k="ele" v="0"/>
  </node>
  <node version="1" id="5694" lat="47.46698580184" lon="19.15066195978">
    <tag k="local_x" v="60634.7705"/>
    <tag k="local_y" v="58718.3212"/>
    <tag k="ele" v="0"/>
  </node>
  <node version="1" id="5695" lat="47.46698602578" lon="19.15066117164">
    <tag k="local_x" v="60634.7117"/>
    <tag k="local_y" v="58718.3475"/>
    <tag k="ele" v="0"/>
  </node>
  <node version="1" id="5696" lat="47.46698624791" lon="19.15066038223">
    <tag k="local_x" v="60634.6528"/>
    <tag k="local_y" v="58718.3736"/>
    <tag k="ele" v="0"/>
  </node>
  <node version="1" id="5697" lat="47.46698646911" lon="19.15065959154">
    <tag k="local_x" v="60634.5938"/>
    <tag k="local_y" v="58718.3996"/>
    <tag k="ele" v="0"/>
  </node>
  <node version="1" id="5698" lat="47.46698668763" lon="19.15065880226">
    <tag k="local_x" v="60634.5349"/>
    <tag k="local_y" v="58718.4253"/>
    <tag k="ele" v="0"/>
  </node>
  <node version="1" id="5699" lat="47.46698690522" lon="19.15065801036">
    <tag k="local_x" v="60634.4758"/>
    <tag k="local_y" v="58718.4509"/>
    <tag k="ele" v="0"/>
  </node>
  <node version="1" id="5700" lat="47.46698712102" lon="19.15065721985">
    <tag k="local_x" v="60634.4168"/>
    <tag k="local_y" v="58718.4763"/>
    <tag k="ele" v="0"/>
  </node>
  <node version="1" id="5701" lat="47.46698733413" lon="19.15065642944">
    <tag k="local_x" v="60634.3578"/>
    <tag k="local_y" v="58718.5014"/>
    <tag k="ele" v="0"/>
  </node>
  <node version="1" id="5702" lat="47.46698754456" lon="19.15065564044">
    <tag k="local_x" v="60634.2989"/>
    <tag k="local_y" v="58718.5262"/>
    <tag k="ele" v="0"/>
  </node>
  <node version="1" id="5703" lat="47.4669877532" lon="19.15065485151">
    <tag k="local_x" v="60634.24"/>
    <tag k="local_y" v="58718.5508"/>
    <tag k="ele" v="0"/>
  </node>
  <node version="1" id="5704" lat="47.46698796001" lon="19.15065406132">
    <tag k="local_x" v="60634.181"/>
    <tag k="local_y" v="58718.5752"/>
    <tag k="ele" v="0"/>
  </node>
  <node version="1" id="5705" lat="47.4669881659" lon="19.15065326983">
    <tag k="local_x" v="60634.1219"/>
    <tag k="local_y" v="58718.5995"/>
    <tag k="ele" v="0"/>
  </node>
  <node version="1" id="5706" lat="47.46698836907" lon="19.15065247711">
    <tag k="local_x" v="60634.0627"/>
    <tag k="local_y" v="58718.6235"/>
    <tag k="ele" v="0"/>
  </node>
  <node version="1" id="5707" lat="47.46698857218" lon="19.15065168041">
    <tag k="local_x" v="60634.0032"/>
    <tag k="local_y" v="58718.6475"/>
    <tag k="ele" v="0"/>
  </node>
  <node version="1" id="5708" lat="47.46698877345" lon="19.15065088112">
    <tag k="local_x" v="60633.9435"/>
    <tag k="local_y" v="58718.6713"/>
    <tag k="ele" v="0"/>
  </node>
  <node version="1" id="5709" lat="47.46698897206" lon="19.15065008458">
    <tag k="local_x" v="60633.884"/>
    <tag k="local_y" v="58718.6948"/>
    <tag k="ele" v="0"/>
  </node>
  <node version="1" id="5710" lat="47.46698916975" lon="19.15064928675">
    <tag k="local_x" v="60633.8244"/>
    <tag k="local_y" v="58718.7182"/>
    <tag k="ele" v="0"/>
  </node>
  <node version="1" id="5711" lat="47.46698936474" lon="19.15064848901">
    <tag k="local_x" v="60633.7648"/>
    <tag k="local_y" v="58718.7413"/>
    <tag k="ele" v="0"/>
  </node>
  <node version="1" id="5712" lat="47.46698955884" lon="19.1506476913">
    <tag k="local_x" v="60633.7052"/>
    <tag k="local_y" v="58718.7643"/>
    <tag k="ele" v="0"/>
  </node>
  <node version="1" id="5713" lat="47.46698975021" lon="19.15064689236">
    <tag k="local_x" v="60633.6455"/>
    <tag k="local_y" v="58718.787"/>
    <tag k="ele" v="0"/>
  </node>
  <node version="1" id="5714" lat="47.46698993974" lon="19.15064609083">
    <tag k="local_x" v="60633.5856"/>
    <tag k="local_y" v="58718.8095"/>
    <tag k="ele" v="0"/>
  </node>
  <node version="1" id="5715" lat="47.46699012838" lon="19.15064528933">
    <tag k="local_x" v="60633.5257"/>
    <tag k="local_y" v="58718.8319"/>
    <tag k="ele" v="0"/>
  </node>
  <node version="1" id="5716" lat="47.46699031517" lon="19.15064448524">
    <tag k="local_x" v="60633.4656"/>
    <tag k="local_y" v="58718.8541"/>
    <tag k="ele" v="0"/>
  </node>
  <node version="1" id="5717" lat="47.466990501" lon="19.15064367721">
    <tag k="local_x" v="60633.4052"/>
    <tag k="local_y" v="58718.8762"/>
    <tag k="ele" v="0"/>
  </node>
  <node version="1" id="5718" lat="47.46699068505" lon="19.15064287056">
    <tag k="local_x" v="60633.3449"/>
    <tag k="local_y" v="58718.8981"/>
    <tag k="ele" v="0"/>
  </node>
  <node version="1" id="5719" lat="47.46699086816" lon="19.15064206129">
    <tag k="local_x" v="60633.2844"/>
    <tag k="local_y" v="58718.9199"/>
    <tag k="ele" v="0"/>
  </node>
  <node version="1" id="5720" lat="47.46699104945" lon="19.15064125076">
    <tag k="local_x" v="60633.2238"/>
    <tag k="local_y" v="58718.9415"/>
    <tag k="ele" v="0"/>
  </node>
  <node version="1" id="5721" lat="47.46699122804" lon="19.15064044033">
    <tag k="local_x" v="60633.1632"/>
    <tag k="local_y" v="58718.9628"/>
    <tag k="ele" v="0"/>
  </node>
  <node version="1" id="5722" lat="47.46699140573" lon="19.15063962992">
    <tag k="local_x" v="60633.1026"/>
    <tag k="local_y" v="58718.984"/>
    <tag k="ele" v="0"/>
  </node>
  <node version="1" id="5723" lat="47.4669915816" lon="19.15063881826">
    <tag k="local_x" v="60633.0419"/>
    <tag k="local_y" v="58719.005"/>
    <tag k="ele" v="0"/>
  </node>
  <node version="1" id="5724" lat="47.46699175565" lon="19.15063800533">
    <tag k="local_x" v="60632.9811"/>
    <tag k="local_y" v="58719.0258"/>
    <tag k="ele" v="0"/>
  </node>
  <node version="1" id="5725" lat="47.46699192788" lon="19.15063719113">
    <tag k="local_x" v="60632.9202"/>
    <tag k="local_y" v="58719.0464"/>
    <tag k="ele" v="0"/>
  </node>
  <node version="1" id="5726" lat="47.46699209921" lon="19.15063637697">
    <tag k="local_x" v="60632.8593"/>
    <tag k="local_y" v="58719.0669"/>
    <tag k="ele" v="0"/>
  </node>
  <node version="1" id="5727" lat="47.46699226783" lon="19.15063556158">
    <tag k="local_x" v="60632.7983"/>
    <tag k="local_y" v="58719.0871"/>
    <tag k="ele" v="0"/>
  </node>
  <node version="1" id="5728" lat="47.46699243464" lon="19.15063474625">
    <tag k="local_x" v="60632.7373"/>
    <tag k="local_y" v="58719.1071"/>
    <tag k="ele" v="0"/>
  </node>
  <node version="1" id="5729" lat="47.46699260056" lon="19.15063393095">
    <tag k="local_x" v="60632.6763"/>
    <tag k="local_y" v="58719.127"/>
    <tag k="ele" v="0"/>
  </node>
  <node version="1" id="5730" lat="47.46699276289" lon="19.1506331171">
    <tag k="local_x" v="60632.6154"/>
    <tag k="local_y" v="58719.1465"/>
    <tag k="ele" v="0"/>
  </node>
  <node version="1" id="5731" lat="47.46699292429" lon="19.15063230063">
    <tag k="local_x" v="60632.5543"/>
    <tag k="local_y" v="58719.1659"/>
    <tag k="ele" v="0"/>
  </node>
  <node version="1" id="5732" lat="47.46699308389" lon="19.15063148423">
    <tag k="local_x" v="60632.4932"/>
    <tag k="local_y" v="58719.1851"/>
    <tag k="ele" v="0"/>
  </node>
  <node version="1" id="5733" lat="47.46699324164" lon="19.15063066524">
    <tag k="local_x" v="60632.4319"/>
    <tag k="local_y" v="58719.2041"/>
    <tag k="ele" v="0"/>
  </node>
  <node version="1" id="5734" lat="47.46699339758" lon="19.15062984498">
    <tag k="local_x" v="60632.3705"/>
    <tag k="local_y" v="58719.2229"/>
    <tag k="ele" v="0"/>
  </node>
  <node version="1" id="5735" lat="47.46699355255" lon="19.15062902078">
    <tag k="local_x" v="60632.3088"/>
    <tag k="local_y" v="58719.2416"/>
    <tag k="ele" v="0"/>
  </node>
  <node version="1" id="5736" lat="47.46699370571" lon="19.15062819531">
    <tag k="local_x" v="60632.247"/>
    <tag k="local_y" v="58719.2601"/>
    <tag k="ele" v="0"/>
  </node>
  <node version="1" id="5737" lat="47.46699385792" lon="19.15062736722">
    <tag k="local_x" v="60632.185"/>
    <tag k="local_y" v="58719.2785"/>
    <tag k="ele" v="0"/>
  </node>
  <node version="1" id="5738" lat="47.46699400829" lon="19.15062653654">
    <tag k="local_x" v="60632.1228"/>
    <tag k="local_y" v="58719.2967"/>
    <tag k="ele" v="0"/>
  </node>
  <node version="1" id="5739" lat="47.46699415686" lon="19.15062570593">
    <tag k="local_x" v="60632.0606"/>
    <tag k="local_y" v="58719.3147"/>
    <tag k="ele" v="0"/>
  </node>
  <node version="1" id="5740" lat="47.46699430451" lon="19.15062487402">
    <tag k="local_x" v="60631.9983"/>
    <tag k="local_y" v="58719.3326"/>
    <tag k="ele" v="0"/>
  </node>
  <node version="1" id="5741" lat="47.46699445036" lon="19.15062404217">
    <tag k="local_x" v="60631.936"/>
    <tag k="local_y" v="58719.3503"/>
    <tag k="ele" v="0"/>
  </node>
  <node version="1" id="5742" lat="47.46699459439" lon="19.15062320907">
    <tag k="local_x" v="60631.8736"/>
    <tag k="local_y" v="58719.3678"/>
    <tag k="ele" v="0"/>
  </node>
  <node version="1" id="5743" lat="47.46699473754" lon="19.15062237731">
    <tag k="local_x" v="60631.8113"/>
    <tag k="local_y" v="58719.3852"/>
    <tag k="ele" v="0"/>
  </node>
  <node version="1" id="5744" lat="47.46699487797" lon="19.15062154433">
    <tag k="local_x" v="60631.7489"/>
    <tag k="local_y" v="58719.4023"/>
    <tag k="ele" v="0"/>
  </node>
  <node version="1" id="5745" lat="47.46699501663" lon="19.15062071274">
    <tag k="local_x" v="60631.6866"/>
    <tag k="local_y" v="58719.4192"/>
    <tag k="ele" v="0"/>
  </node>
  <node version="1" id="5746" lat="47.46699515349" lon="19.15061988121">
    <tag k="local_x" v="60631.6243"/>
    <tag k="local_y" v="58719.4359"/>
    <tag k="ele" v="0"/>
  </node>
  <node version="1" id="5747" lat="47.46699528765" lon="19.15061904977">
    <tag k="local_x" v="60631.562"/>
    <tag k="local_y" v="58719.4523"/>
    <tag k="ele" v="0"/>
  </node>
  <node version="1" id="5748" lat="47.46699542089" lon="19.15061821704">
    <tag k="local_x" v="60631.4996"/>
    <tag k="local_y" v="58719.4686"/>
    <tag k="ele" v="0"/>
  </node>
  <node version="1" id="5749" lat="47.46699555145" lon="19.15061738573">
    <tag k="local_x" v="60631.4373"/>
    <tag k="local_y" v="58719.4846"/>
    <tag k="ele" v="0"/>
  </node>
  <node version="1" id="5750" lat="47.46699568019" lon="19.15061655316">
    <tag k="local_x" v="60631.3749"/>
    <tag k="local_y" v="58719.5004"/>
    <tag k="ele" v="0"/>
  </node>
  <node version="1" id="5751" lat="47.46699580799" lon="19.15061571796">
    <tag k="local_x" v="60631.3123"/>
    <tag k="local_y" v="58719.5161"/>
    <tag k="ele" v="0"/>
  </node>
  <node version="1" id="5752" lat="47.46699593472" lon="19.15061487219">
    <tag k="local_x" v="60631.2489"/>
    <tag k="local_y" v="58719.5317"/>
    <tag k="ele" v="0"/>
  </node>
  <node version="1" id="5753" lat="47.46699606139" lon="19.15061402244">
    <tag k="local_x" v="60631.1852"/>
    <tag k="local_y" v="58719.5473"/>
    <tag k="ele" v="0"/>
  </node>
  <node version="1" id="5754" lat="47.46699618619" lon="19.15061316878">
    <tag k="local_x" v="60631.1212"/>
    <tag k="local_y" v="58719.5627"/>
    <tag k="ele" v="0"/>
  </node>
  <node version="1" id="5755" lat="47.46699631093" lon="19.15061231113">
    <tag k="local_x" v="60631.0569"/>
    <tag k="local_y" v="58719.5781"/>
    <tag k="ele" v="0"/>
  </node>
  <node version="1" id="5756" lat="47.46699643384" lon="19.15061145222">
    <tag k="local_x" v="60630.9925"/>
    <tag k="local_y" v="58719.5933"/>
    <tag k="ele" v="0"/>
  </node>
  <node version="1" id="5757" lat="47.46699655417" lon="19.15061060004">
    <tag k="local_x" v="60630.9286"/>
    <tag k="local_y" v="58719.6082"/>
    <tag k="ele" v="0"/>
  </node>
  <node version="1" id="5758" lat="47.46699667028" lon="19.15060976525">
    <tag k="local_x" v="60630.866"/>
    <tag k="local_y" v="58719.6226"/>
    <tag k="ele" v="0"/>
  </node>
  <node version="1" id="5759" lat="47.46699680943" lon="19.15060874123">
    <tag k="local_x" v="60630.7892"/>
    <tag k="local_y" v="58719.6399"/>
    <tag k="ele" v="0"/>
  </node>
  <node version="1" id="5760" lat="47.4669969458" lon="19.15060771199">
    <tag k="local_x" v="60630.712"/>
    <tag k="local_y" v="58719.6569"/>
    <tag k="ele" v="0"/>
  </node>
  <node version="1" id="5761" lat="47.46699708127" lon="19.15060668278">
    <tag k="local_x" v="60630.6348"/>
    <tag k="local_y" v="58719.6738"/>
    <tag k="ele" v="0"/>
  </node>
  <node version="1" id="5762" lat="47.46699721316" lon="19.15060565503">
    <tag k="local_x" v="60630.5577"/>
    <tag k="local_y" v="58719.6903"/>
    <tag k="ele" v="0"/>
  </node>
  <node version="1" id="5763" lat="47.46699734156" lon="19.15060463403">
    <tag k="local_x" v="60630.4811"/>
    <tag k="local_y" v="58719.7064"/>
    <tag k="ele" v="0"/>
  </node>
  <node version="1" id="5764" lat="47.4669974433" lon="19.15060380108">
    <tag k="local_x" v="60630.4186"/>
    <tag k="local_y" v="58719.7192"/>
    <tag k="ele" v="0"/>
  </node>
  <node version="1" id="5765" lat="47.46699754386" lon="19.15060295092">
    <tag k="local_x" v="60630.3548"/>
    <tag k="local_y" v="58719.7319"/>
    <tag k="ele" v="0"/>
  </node>
  <node version="1" id="5766" lat="47.46699764351" lon="19.15060209946">
    <tag k="local_x" v="60630.2909"/>
    <tag k="local_y" v="58719.7445"/>
    <tag k="ele" v="0"/>
  </node>
  <node version="1" id="5767" lat="47.46699774045" lon="19.1506012481">
    <tag k="local_x" v="60630.227"/>
    <tag k="local_y" v="58719.7568"/>
    <tag k="ele" v="0"/>
  </node>
  <node version="1" id="5768" lat="47.46699783643" lon="19.15060039279">
    <tag k="local_x" v="60630.1628"/>
    <tag k="local_y" v="58719.769"/>
    <tag k="ele" v="0"/>
  </node>
  <node version="1" id="5769" lat="47.46699792881" lon="19.15059953761">
    <tag k="local_x" v="60630.0986"/>
    <tag k="local_y" v="58719.7808"/>
    <tag k="ele" v="0"/>
  </node>
  <node version="1" id="5770" lat="47.46699802113" lon="19.15059867844">
    <tag k="local_x" v="60630.0341"/>
    <tag k="local_y" v="58719.7926"/>
    <tag k="ele" v="0"/>
  </node>
  <node version="1" id="5771" lat="47.46699810986" lon="19.15059781941">
    <tag k="local_x" v="60629.9696"/>
    <tag k="local_y" v="58719.804"/>
    <tag k="ele" v="0"/>
  </node>
  <node version="1" id="5772" lat="47.46699819856" lon="19.15059695905">
    <tag k="local_x" v="60629.905"/>
    <tag k="local_y" v="58719.8154"/>
    <tag k="ele" v="0"/>
  </node>
  <node version="1" id="5773" lat="47.46699828364" lon="19.15059609748">
    <tag k="local_x" v="60629.8403"/>
    <tag k="local_y" v="58719.8264"/>
    <tag k="ele" v="0"/>
  </node>
  <node version="1" id="5774" lat="47.46699836782" lon="19.15059523595">
    <tag k="local_x" v="60629.7756"/>
    <tag k="local_y" v="58719.8373"/>
    <tag k="ele" v="0"/>
  </node>
  <node version="1" id="5775" lat="47.4669984502" lon="19.15059437449">
    <tag k="local_x" v="60629.7109"/>
    <tag k="local_y" v="58719.848"/>
    <tag k="ele" v="0"/>
  </node>
  <node version="1" id="5776" lat="47.46699852987" lon="19.15059351179">
    <tag k="local_x" v="60629.6461"/>
    <tag k="local_y" v="58719.8584"/>
    <tag k="ele" v="0"/>
  </node>
  <node version="1" id="5777" lat="47.46699860774" lon="19.15059264915">
    <tag k="local_x" v="60629.5813"/>
    <tag k="local_y" v="58719.8686"/>
    <tag k="ele" v="0"/>
  </node>
  <node version="1" id="5778" lat="47.46699868382" lon="19.15059178791">
    <tag k="local_x" v="60629.5166"/>
    <tag k="local_y" v="58719.8786"/>
    <tag k="ele" v="0"/>
  </node>
  <node version="1" id="5779" lat="47.46699875724" lon="19.15059092808">
    <tag k="local_x" v="60629.452"/>
    <tag k="local_y" v="58719.8883"/>
    <tag k="ele" v="0"/>
  </node>
  <node version="1" id="5780" lat="47.46699882885" lon="19.15059006832">
    <tag k="local_x" v="60629.3874"/>
    <tag k="local_y" v="58719.8978"/>
    <tag k="ele" v="0"/>
  </node>
  <node version="1" id="5781" lat="47.46699889781" lon="19.1505892113">
    <tag k="local_x" v="60629.323"/>
    <tag k="local_y" v="58719.907"/>
    <tag k="ele" v="0"/>
  </node>
  <node version="1" id="5782" lat="47.46699896494" lon="19.15058835302">
    <tag k="local_x" v="60629.2585"/>
    <tag k="local_y" v="58719.916"/>
    <tag k="ele" v="0"/>
  </node>
  <node version="1" id="5783" lat="47.46699902938" lon="19.15058749484">
    <tag k="local_x" v="60629.194"/>
    <tag k="local_y" v="58719.9247"/>
    <tag k="ele" v="0"/>
  </node>
  <node version="1" id="5784" lat="47.46699909113" lon="19.15058663675">
    <tag k="local_x" v="60629.1295"/>
    <tag k="local_y" v="58719.9331"/>
    <tag k="ele" v="0"/>
  </node>
  <node version="1" id="5785" lat="47.46699915107" lon="19.15058577872">
    <tag k="local_x" v="60629.065"/>
    <tag k="local_y" v="58719.9413"/>
    <tag k="ele" v="0"/>
  </node>
  <node version="1" id="5786" lat="47.46699920827" lon="19.15058491814">
    <tag k="local_x" v="60629.0003"/>
    <tag k="local_y" v="58719.9492"/>
    <tag k="ele" v="0"/>
  </node>
  <node version="1" id="5787" lat="47.46699926368" lon="19.15058405762">
    <tag k="local_x" v="60628.9356"/>
    <tag k="local_y" v="58719.9569"/>
    <tag k="ele" v="0"/>
  </node>
  <node version="1" id="5788" lat="47.46699931634" lon="19.15058319454">
    <tag k="local_x" v="60628.8707"/>
    <tag k="local_y" v="58719.9643"/>
    <tag k="ele" v="0"/>
  </node>
  <node version="1" id="5789" lat="47.46699936716" lon="19.15058232887">
    <tag k="local_x" v="60628.8056"/>
    <tag k="local_y" v="58719.9715"/>
    <tag k="ele" v="0"/>
  </node>
  <node version="1" id="5790" lat="47.46699941616" lon="19.15058146194">
    <tag k="local_x" v="60628.7404"/>
    <tag k="local_y" v="58719.9785"/>
    <tag k="ele" v="0"/>
  </node>
  <node version="1" id="5791" lat="47.46699946247" lon="19.15058059511">
    <tag k="local_x" v="60628.6752"/>
    <tag k="local_y" v="58719.9852"/>
    <tag k="ele" v="0"/>
  </node>
  <node version="1" id="5792" lat="47.46699950785" lon="19.15057972697">
    <tag k="local_x" v="60628.6099"/>
    <tag k="local_y" v="58719.9918"/>
    <tag k="ele" v="0"/>
  </node>
  <node version="1" id="5793" lat="47.46699955053" lon="19.15057885894">
    <tag k="local_x" v="60628.5446"/>
    <tag k="local_y" v="58719.9981"/>
    <tag k="ele" v="0"/>
  </node>
  <node version="1" id="5794" lat="47.4669995914" lon="19.15057798964">
    <tag k="local_x" v="60628.4792"/>
    <tag k="local_y" v="58720.0042"/>
    <tag k="ele" v="0"/>
  </node>
  <node version="1" id="5795" lat="47.46699962956" lon="19.15057712043">
    <tag k="local_x" v="60628.4138"/>
    <tag k="local_y" v="58720.01"/>
    <tag k="ele" v="0"/>
  </node>
  <node version="1" id="5796" lat="47.46699966589" lon="19.15057624864">
    <tag k="local_x" v="60628.3482"/>
    <tag k="local_y" v="58720.0156"/>
    <tag k="ele" v="0"/>
  </node>
  <node version="1" id="5797" lat="47.46699970044" lon="19.15057537823">
    <tag k="local_x" v="60628.2827"/>
    <tag k="local_y" v="58720.021"/>
    <tag k="ele" v="0"/>
  </node>
  <node version="1" id="5798" lat="47.46699973319" lon="19.15057450789">
    <tag k="local_x" v="60628.2172"/>
    <tag k="local_y" v="58720.0262"/>
    <tag k="ele" v="0"/>
  </node>
  <node version="1" id="5799" lat="47.46699976324" lon="19.15057363765">
    <tag k="local_x" v="60628.1517"/>
    <tag k="local_y" v="58720.0311"/>
    <tag k="ele" v="0"/>
  </node>
  <node version="1" id="5800" lat="47.46699979065" lon="19.15057277147">
    <tag k="local_x" v="60628.0865"/>
    <tag k="local_y" v="58720.0357"/>
    <tag k="ele" v="0"/>
  </node>
  <node version="1" id="5801" lat="47.46699981554" lon="19.150571916">
    <tag k="local_x" v="60628.0221"/>
    <tag k="local_y" v="58720.04"/>
    <tag k="ele" v="0"/>
  </node>
  <node version="1" id="5802" lat="47.46699983774" lon="19.15057106063">
    <tag k="local_x" v="60627.9577"/>
    <tag k="local_y" v="58720.044"/>
    <tag k="ele" v="0"/>
  </node>
  <node version="1" id="5803" lat="47.46699985635" lon="19.15057020671">
    <tag k="local_x" v="60627.8934"/>
    <tag k="local_y" v="58720.0476"/>
    <tag k="ele" v="0"/>
  </node>
  <node version="1" id="5804" lat="47.46699987229" lon="19.15056935421">
    <tag k="local_x" v="60627.8292"/>
    <tag k="local_y" v="58720.0509"/>
    <tag k="ele" v="0"/>
  </node>
  <node version="1" id="5805" lat="47.46699988457" lon="19.15056849785">
    <tag k="local_x" v="60627.7647"/>
    <tag k="local_y" v="58720.0538"/>
    <tag k="ele" v="0"/>
  </node>
  <node version="1" id="5806" lat="47.46699989405" lon="19.15056763496">
    <tag k="local_x" v="60627.6997"/>
    <tag k="local_y" v="58720.0564"/>
    <tag k="ele" v="0"/>
  </node>
  <node version="1" id="5807" lat="47.46699990082" lon="19.15056677217">
    <tag k="local_x" v="60627.6347"/>
    <tag k="local_y" v="58720.0587"/>
    <tag k="ele" v="0"/>
  </node>
  <node version="1" id="5808" lat="47.4669999049" lon="19.15056590947">
    <tag k="local_x" v="60627.5697"/>
    <tag k="local_y" v="58720.0607"/>
    <tag k="ele" v="0"/>
  </node>
  <node version="1" id="5809" lat="47.4669999054" lon="19.15056504822">
    <tag k="local_x" v="60627.5048"/>
    <tag k="local_y" v="58720.0623"/>
    <tag k="ele" v="0"/>
  </node>
  <node version="1" id="5810" lat="47.4669999035" lon="19.15056420563">
    <tag k="local_x" v="60627.4413"/>
    <tag k="local_y" v="58720.0636"/>
    <tag k="ele" v="0"/>
  </node>
  <node version="1" id="5811" lat="47.46699989486" lon="19.15056316821">
    <tag k="local_x" v="60627.3631"/>
    <tag k="local_y" v="58720.0645"/>
    <tag k="ele" v="0"/>
  </node>
  <node version="1" id="5812" lat="47.46699988331" lon="19.15056211762">
    <tag k="local_x" v="60627.2839"/>
    <tag k="local_y" v="58720.0651"/>
    <tag k="ele" v="0"/>
  </node>
  <node version="1" id="5813" lat="47.46699986816" lon="19.15056106716">
    <tag k="local_x" v="60627.2047"/>
    <tag k="local_y" v="58720.0653"/>
    <tag k="ele" v="0"/>
  </node>
  <node version="1" id="5814" lat="47.46699985027" lon="19.15056001414">
    <tag k="local_x" v="60627.1253"/>
    <tag k="local_y" v="58720.0652"/>
    <tag k="ele" v="0"/>
  </node>
  <node version="1" id="5815" lat="47.46699982808" lon="19.15055897322">
    <tag k="local_x" v="60627.0468"/>
    <tag k="local_y" v="58720.0646"/>
    <tag k="ele" v="0"/>
  </node>
  <node version="1" id="5816" lat="47.46699980631" lon="19.15055812602">
    <tag k="local_x" v="60626.9829"/>
    <tag k="local_y" v="58720.0637"/>
    <tag k="ele" v="0"/>
  </node>
  <node version="1" id="5817" lat="47.4669997815" lon="19.1505572577">
    <tag k="local_x" v="60626.9174"/>
    <tag k="local_y" v="58720.0625"/>
    <tag k="ele" v="0"/>
  </node>
  <node version="1" id="5818" lat="47.466999754" lon="19.15055638947">
    <tag k="local_x" v="60626.8519"/>
    <tag k="local_y" v="58720.061"/>
    <tag k="ele" v="0"/>
  </node>
  <node version="1" id="5819" lat="47.46699972373" lon="19.15055551736">
    <tag k="local_x" v="60626.7861"/>
    <tag k="local_y" v="58720.0592"/>
    <tag k="ele" v="0"/>
  </node>
  <node version="1" id="5820" lat="47.46699969078" lon="19.15055464667">
    <tag k="local_x" v="60626.7204"/>
    <tag k="local_y" v="58720.0571"/>
    <tag k="ele" v="0"/>
  </node>
  <node version="1" id="5821" lat="47.466999656" lon="19.15055377339">
    <tag k="local_x" v="60626.6545"/>
    <tag k="local_y" v="58720.0548"/>
    <tag k="ele" v="0"/>
  </node>
  <node version="1" id="5822" lat="47.46699961759" lon="19.15055289891">
    <tag k="local_x" v="60626.5885"/>
    <tag k="local_y" v="58720.0521"/>
    <tag k="ele" v="0"/>
  </node>
  <node version="1" id="5823" lat="47.46699957739" lon="19.15055202449">
    <tag k="local_x" v="60626.5225"/>
    <tag k="local_y" v="58720.0492"/>
    <tag k="ele" v="0"/>
  </node>
  <node version="1" id="5824" lat="47.46699953543" lon="19.15055115279">
    <tag k="local_x" v="60626.4567"/>
    <tag k="local_y" v="58720.0461"/>
    <tag k="ele" v="0"/>
  </node>
  <node version="1" id="5825" lat="47.46699948989" lon="19.15055028254">
    <tag k="local_x" v="60626.391"/>
    <tag k="local_y" v="58720.0426"/>
    <tag k="ele" v="0"/>
  </node>
  <node version="1" id="5826" lat="47.4669994426" lon="19.15054941501">
    <tag k="local_x" v="60626.3255"/>
    <tag k="local_y" v="58720.0389"/>
    <tag k="ele" v="0"/>
  </node>
  <node version="1" id="5827" lat="47.46699939353" lon="19.15054854886">
    <tag k="local_x" v="60626.2601"/>
    <tag k="local_y" v="58720.035"/>
    <tag k="ele" v="0"/>
  </node>
  <node version="1" id="5828" lat="47.46699934093" lon="19.15054768682">
    <tag k="local_x" v="60626.195"/>
    <tag k="local_y" v="58720.0307"/>
    <tag k="ele" v="0"/>
  </node>
  <node version="1" id="5829" lat="47.46699928563" lon="19.15054682488">
    <tag k="local_x" v="60626.1299"/>
    <tag k="local_y" v="58720.0261"/>
    <tag k="ele" v="0"/>
  </node>
  <node version="1" id="5830" lat="47.46699922767" lon="19.15054596568">
    <tag k="local_x" v="60626.065"/>
    <tag k="local_y" v="58720.0212"/>
    <tag k="ele" v="0"/>
  </node>
  <node version="1" id="5831" lat="47.46699916702" lon="19.15054510658">
    <tag k="local_x" v="60626.0001"/>
    <tag k="local_y" v="58720.016"/>
    <tag k="ele" v="0"/>
  </node>
  <node version="1" id="5832" lat="47.46699910365" lon="19.15054424625">
    <tag k="local_x" v="60625.9351"/>
    <tag k="local_y" v="58720.0105"/>
    <tag k="ele" v="0"/>
  </node>
  <node version="1" id="5833" lat="47.46699903755" lon="19.15054338468">
    <tag k="local_x" v="60625.87"/>
    <tag k="local_y" v="58720.0047"/>
    <tag k="ele" v="0"/>
  </node>
  <node version="1" id="5834" lat="47.46699896872" lon="19.15054252056">
    <tag k="local_x" v="60625.8047"/>
    <tag k="local_y" v="58719.9986"/>
    <tag k="ele" v="0"/>
  </node>
  <node version="1" id="5835" lat="47.46699889715" lon="19.15054165388">
    <tag k="local_x" v="60625.7392"/>
    <tag k="local_y" v="58719.9922"/>
    <tag k="ele" v="0"/>
  </node>
  <node version="1" id="5836" lat="47.46699882288" lon="19.15054078729">
    <tag k="local_x" v="60625.6737"/>
    <tag k="local_y" v="58719.9855"/>
    <tag k="ele" v="0"/>
  </node>
  <node version="1" id="5837" lat="47.46699874681" lon="19.15053992077">
    <tag k="local_x" v="60625.6082"/>
    <tag k="local_y" v="58719.9786"/>
    <tag k="ele" v="0"/>
  </node>
  <node version="1" id="5838" lat="47.46699866812" lon="19.15053905964">
    <tag k="local_x" v="60625.5431"/>
    <tag k="local_y" v="58719.9714"/>
    <tag k="ele" v="0"/>
  </node>
  <node version="1" id="5839" lat="47.46699858768" lon="19.15053820123">
    <tag k="local_x" v="60625.4782"/>
    <tag k="local_y" v="58719.964"/>
    <tag k="ele" v="0"/>
  </node>
  <node version="1" id="5840" lat="47.46699850463" lon="19.15053734823">
    <tag k="local_x" v="60625.4137"/>
    <tag k="local_y" v="58719.9563"/>
    <tag k="ele" v="0"/>
  </node>
  <node version="1" id="5841" lat="47.46699841893" lon="19.15053649796">
    <tag k="local_x" v="60625.3494"/>
    <tag k="local_y" v="58719.9483"/>
    <tag k="ele" v="0"/>
  </node>
  <node version="1" id="5842" lat="47.46699833151" lon="19.15053565307">
    <tag k="local_x" v="60625.2855"/>
    <tag k="local_y" v="58719.9401"/>
    <tag k="ele" v="0"/>
  </node>
  <node version="1" id="5843" lat="47.46699824051" lon="19.15053480963">
    <tag k="local_x" v="60625.2217"/>
    <tag k="local_y" v="58719.9315"/>
    <tag k="ele" v="0"/>
  </node>
  <node version="1" id="5844" lat="47.46699814686" lon="19.15053396894">
    <tag k="local_x" v="60625.1581"/>
    <tag k="local_y" v="58719.9226"/>
    <tag k="ele" v="0"/>
  </node>
  <node version="1" id="5845" lat="47.46699804963" lon="19.1505331297">
    <tag k="local_x" v="60625.0946"/>
    <tag k="local_y" v="58719.9133"/>
    <tag k="ele" v="0"/>
  </node>
  <node version="1" id="5846" lat="47.46699795065" lon="19.15053229317">
    <tag k="local_x" v="60625.0313"/>
    <tag k="local_y" v="58719.9038"/>
    <tag k="ele" v="0"/>
  </node>
  <node version="1" id="5847" lat="47.46699784715" lon="19.15053145548">
    <tag k="local_x" v="60624.9679"/>
    <tag k="local_y" v="58719.8938"/>
    <tag k="ele" v="0"/>
  </node>
  <node version="1" id="5848" lat="47.46699761444" lon="19.15052924621">
    <tag k="local_x" v="60624.8008"/>
    <tag k="local_y" v="58719.8719"/>
    <tag k="ele" v="0"/>
  </node>
  <node version="1" id="5849" lat="47.46699737187" lon="19.15052380468">
    <tag k="local_x" v="60624.3901"/>
    <tag k="local_y" v="58719.8547"/>
    <tag k="ele" v="0"/>
  </node>
  <node version="1" id="5850" lat="47.46699698074" lon="19.15051807908">
    <tag k="local_x" v="60623.9576"/>
    <tag k="local_y" v="58719.8215"/>
    <tag k="ele" v="0"/>
  </node>
  <node version="1" id="5851" lat="47.46699639146" lon="19.15051161731">
    <tag k="local_x" v="60623.4691"/>
    <tag k="local_y" v="58719.7676"/>
    <tag k="ele" v="0"/>
  </node>
  <node version="1" id="5852" lat="47.46699559172" lon="19.15050443704">
    <tag k="local_x" v="60622.9259"/>
    <tag k="local_y" v="58719.6916"/>
    <tag k="ele" v="0"/>
  </node>
  <node version="1" id="5853" lat="47.46699467994" lon="19.15049728327">
    <tag k="local_x" v="60622.3844"/>
    <tag k="local_y" v="58719.6031"/>
    <tag k="ele" v="0"/>
  </node>
  <node version="1" id="5854" lat="47.46699388587" lon="19.15049469294">
    <tag k="local_x" v="60622.1871"/>
    <tag k="local_y" v="58719.5195"/>
    <tag k="ele" v="0"/>
  </node>
  <node version="1" id="5855" lat="47.46699270337" lon="19.15049072686">
    <tag k="local_x" v="60621.8851"/>
    <tag k="local_y" v="58719.3952"/>
    <tag k="ele" v="0"/>
  </node>
  <node version="1" id="5856" lat="47.46699145133" lon="19.15048680038">
    <tag k="local_x" v="60621.5859"/>
    <tag k="local_y" v="58719.2631"/>
    <tag k="ele" v="0"/>
  </node>
  <node version="1" id="5857" lat="47.4669901363" lon="19.15048293051">
    <tag k="local_x" v="60621.2908"/>
    <tag k="local_y" v="58719.1239"/>
    <tag k="ele" v="0"/>
  </node>
  <node version="1" id="5858" lat="47.46698876222" lon="19.15047913703">
    <tag k="local_x" v="60621.0013"/>
    <tag k="local_y" v="58718.978"/>
    <tag k="ele" v="0"/>
  </node>
  <node version="1" id="5859" lat="47.46698732611" lon="19.15047540279">
    <tag k="local_x" v="60620.7161"/>
    <tag k="local_y" v="58718.8251"/>
    <tag k="ele" v="0"/>
  </node>
  <node version="1" id="5860" lat="47.46698582621" lon="19.1504717305">
    <tag k="local_x" v="60620.4354"/>
    <tag k="local_y" v="58718.665"/>
    <tag k="ele" v="0"/>
  </node>
  <node version="1" id="5861" lat="47.46698425967" lon="19.15046811098">
    <tag k="local_x" v="60620.1585"/>
    <tag k="local_y" v="58718.4974"/>
    <tag k="ele" v="0"/>
  </node>
  <node version="1" id="5862" lat="47.46698262902" lon="19.15046453351">
    <tag k="local_x" v="60619.8846"/>
    <tag k="local_y" v="58718.3226"/>
    <tag k="ele" v="0"/>
  </node>
  <node version="1" id="5863" lat="47.46698093872" lon="19.1504609953">
    <tag k="local_x" v="60619.6135"/>
    <tag k="local_y" v="58718.1411"/>
    <tag k="ele" v="0"/>
  </node>
  <node version="1" id="5864" lat="47.46697919792" lon="19.15045750663">
    <tag k="local_x" v="60619.346"/>
    <tag k="local_y" v="58717.9539"/>
    <tag k="ele" v="0"/>
  </node>
  <node version="1" id="5865" lat="47.46697739933" lon="19.15045406113">
    <tag k="local_x" v="60619.0816"/>
    <tag k="local_y" v="58717.7602"/>
    <tag k="ele" v="0"/>
  </node>
  <node version="1" id="5866" lat="47.46697556108" lon="19.15045066745">
    <tag k="local_x" v="60618.821"/>
    <tag k="local_y" v="58717.562"/>
    <tag k="ele" v="0"/>
  </node>
  <node version="1" id="5867" lat="47.46697368262" lon="19.15044734683">
    <tag k="local_x" v="60618.5658"/>
    <tag k="local_y" v="58717.3592"/>
    <tag k="ele" v="0"/>
  </node>
  <node version="1" id="5868" lat="47.46697174078" lon="19.15044405764">
    <tag k="local_x" v="60618.3128"/>
    <tag k="local_y" v="58717.1493"/>
    <tag k="ele" v="0"/>
  </node>
  <node version="1" id="5869" lat="47.46696976555" lon="19.15044081871">
    <tag k="local_x" v="60618.0635"/>
    <tag k="local_y" v="58716.9356"/>
    <tag k="ele" v="0"/>
  </node>
  <node version="1" id="5870" lat="47.46696775174" lon="19.15043764219">
    <tag k="local_x" v="60617.8188"/>
    <tag k="local_y" v="58716.7175"/>
    <tag k="ele" v="0"/>
  </node>
  <node version="1" id="5871" lat="47.46696569459" lon="19.1504345123">
    <tag k="local_x" v="60617.5775"/>
    <tag k="local_y" v="58716.4945"/>
    <tag k="ele" v="0"/>
  </node>
  <node version="1" id="5872" lat="47.46696358949" lon="19.15043142258">
    <tag k="local_x" v="60617.3391"/>
    <tag k="local_y" v="58716.2661"/>
    <tag k="ele" v="0"/>
  </node>
  <node version="1" id="5873" lat="47.46696146838" lon="19.15042839977">
    <tag k="local_x" v="60617.1057"/>
    <tag k="local_y" v="58716.0358"/>
    <tag k="ele" v="0"/>
  </node>
  <node version="1" id="5874" lat="47.46695930628" lon="19.15042545802">
    <tag k="local_x" v="60616.8783"/>
    <tag k="local_y" v="58715.8008"/>
    <tag k="ele" v="0"/>
  </node>
  <node version="1" id="5875" lat="47.466957109" lon="19.1504225666">
    <tag k="local_x" v="60616.6546"/>
    <tag k="local_y" v="58715.5618"/>
    <tag k="ele" v="0"/>
  </node>
  <node version="1" id="5876" lat="47.46695486341" lon="19.15041974854">
    <tag k="local_x" v="60616.4363"/>
    <tag k="local_y" v="58715.3173"/>
    <tag k="ele" v="0"/>
  </node>
  <node version="1" id="5877" lat="47.46695258095" lon="19.15041698751">
    <tag k="local_x" v="60616.2222"/>
    <tag k="local_y" v="58715.0686"/>
    <tag k="ele" v="0"/>
  </node>
  <node version="1" id="5878" lat="47.46695025464" lon="19.15041429702">
    <tag k="local_x" v="60616.0133"/>
    <tag k="local_y" v="58714.8149"/>
    <tag k="ele" v="0"/>
  </node>
  <node version="1" id="5879" lat="47.46694788396" lon="19.15041164524">
    <tag k="local_x" v="60615.8072"/>
    <tag k="local_y" v="58714.5562"/>
    <tag k="ele" v="0"/>
  </node>
  <node version="1" id="5880" lat="47.46694547203" lon="19.15040905861">
    <tag k="local_x" v="60615.6059"/>
    <tag k="local_y" v="58714.2928"/>
    <tag k="ele" v="0"/>
  </node>
  <node version="1" id="5881" lat="47.46694302741" lon="19.15040650895">
    <tag k="local_x" v="60615.4073"/>
    <tag k="local_y" v="58714.0257"/>
    <tag k="ele" v="0"/>
  </node>
  <node version="1" id="5882" lat="47.46694055307" lon="19.15040401342">
    <tag k="local_x" v="60615.2127"/>
    <tag k="local_y" v="58713.7552"/>
    <tag k="ele" v="0"/>
  </node>
  <node version="1" id="5883" lat="47.46693804436" lon="19.15040156289">
    <tag k="local_x" v="60615.0214"/>
    <tag k="local_y" v="58713.4808"/>
    <tag k="ele" v="0"/>
  </node>
  <node version="1" id="5884" lat="47.46693550482" lon="19.15039915325">
    <tag k="local_x" v="60614.8331"/>
    <tag k="local_y" v="58713.2029"/>
    <tag k="ele" v="0"/>
  </node>
  <node version="1" id="5885" lat="47.46693293071" lon="19.15039677667">
    <tag k="local_x" v="60614.6472"/>
    <tag k="local_y" v="58712.9211"/>
    <tag k="ele" v="0"/>
  </node>
  <node version="1" id="5886" lat="47.46693033294" lon="19.1503944394">
    <tag k="local_x" v="60614.4642"/>
    <tag k="local_y" v="58712.6366"/>
    <tag k="ele" v="0"/>
  </node>
  <node version="1" id="5887" lat="47.46692770246" lon="19.15039213779">
    <tag k="local_x" v="60614.2838"/>
    <tag k="local_y" v="58712.3484"/>
    <tag k="ele" v="0"/>
  </node>
  <node version="1" id="5888" lat="47.46692504722" lon="19.15038986358">
    <tag k="local_x" v="60614.1054"/>
    <tag k="local_y" v="58712.0574"/>
    <tag k="ele" v="0"/>
  </node>
  <node version="1" id="5889" lat="47.46692236354" lon="19.1503876116">
    <tag k="local_x" v="60613.9286"/>
    <tag k="local_y" v="58711.7632"/>
    <tag k="ele" v="0"/>
  </node>
  <node version="1" id="5890" lat="47.46691965766" lon="19.15038537766">
    <tag k="local_x" v="60613.7531"/>
    <tag k="local_y" v="58711.4665"/>
    <tag k="ele" v="0"/>
  </node>
  <node version="1" id="5891" lat="47.46691694136" lon="19.15038316664">
    <tag k="local_x" v="60613.5793"/>
    <tag k="local_y" v="58711.1686"/>
    <tag k="ele" v="0"/>
  </node>
  <node version="1" id="5892" lat="47.4669141964" lon="19.15038096459">
    <tag k="local_x" v="60613.4061"/>
    <tag k="local_y" v="58710.8675"/>
    <tag k="ele" v="0"/>
  </node>
  <node version="1" id="5893" lat="47.46691143063" lon="19.1503787553">
    <tag k="local_x" v="60613.2323"/>
    <tag k="local_y" v="58710.5641"/>
    <tag k="ele" v="0"/>
  </node>
  <node version="1" id="5894" lat="47.46690864685" lon="19.15037654532">
    <tag k="local_x" v="60613.0584"/>
    <tag k="local_y" v="58710.2587"/>
    <tag k="ele" v="0"/>
  </node>
  <node version="1" id="5895" lat="47.46690586658" lon="19.15037432991">
    <tag k="local_x" v="60612.8841"/>
    <tag k="local_y" v="58709.9537"/>
    <tag k="ele" v="0"/>
  </node>
  <node version="1" id="5896" lat="47.46690307293" lon="19.15037212161">
    <tag k="local_x" v="60612.7103"/>
    <tag k="local_y" v="58709.6472"/>
    <tag k="ele" v="0"/>
  </node>
  <node version="1" id="5897" lat="47.46690027818" lon="19.1503699014">
    <tag k="local_x" v="60612.5356"/>
    <tag k="local_y" v="58709.3406"/>
    <tag k="ele" v="0"/>
  </node>
  <node version="1" id="5898" lat="47.46689748526" lon="19.15036768246">
    <tag k="local_x" v="60612.361"/>
    <tag k="local_y" v="58709.0342"/>
    <tag k="ele" v="0"/>
  </node>
  <node version="1" id="5899" lat="47.46689470865" lon="19.1503654709">
    <tag k="local_x" v="60612.187"/>
    <tag k="local_y" v="58708.7296"/>
    <tag k="ele" v="0"/>
  </node>
  <node version="1" id="5900" lat="47.46689192958" lon="19.15036327403">
    <tag k="local_x" v="60612.0141"/>
    <tag k="local_y" v="58708.4247"/>
    <tag k="ele" v="0"/>
  </node>
  <node version="1" id="5901" lat="47.46688913769" lon="19.15036106301">
    <tag k="local_x" v="60611.8401"/>
    <tag k="local_y" v="58708.1184"/>
    <tag k="ele" v="0"/>
  </node>
  <node version="1" id="5902" lat="47.46688634468" lon="19.15035883876">
    <tag k="local_x" v="60611.6651"/>
    <tag k="local_y" v="58707.812"/>
    <tag k="ele" v="0"/>
  </node>
  <node version="1" id="5903" lat="47.46688359321" lon="19.15035662367">
    <tag k="local_x" v="60611.4909"/>
    <tag k="local_y" v="58707.5102"/>
    <tag k="ele" v="0"/>
  </node>
  <node version="1" id="5904" lat="47.46688085634" lon="19.15035442133">
    <tag k="local_x" v="60611.3177"/>
    <tag k="local_y" v="58707.21"/>
    <tag k="ele" v="0"/>
  </node>
  <node version="1" id="5905" lat="47.46687812558" lon="19.15035220684">
    <tag k="local_x" v="60611.1436"/>
    <tag k="local_y" v="58706.9105"/>
    <tag k="ele" v="0"/>
  </node>
  <node version="1" id="5906" lat="47.46687543197" lon="19.1503500083">
    <tag k="local_x" v="60610.9708"/>
    <tag k="local_y" v="58706.6151"/>
    <tag k="ele" v="0"/>
  </node>
  <node version="1" id="5907" lat="47.46687277024" lon="19.15034783385">
    <tag k="local_x" v="60610.7999"/>
    <tag k="local_y" v="58706.3232"/>
    <tag k="ele" v="0"/>
  </node>
  <node version="1" id="5908" lat="47.46687008414" lon="19.15034565495">
    <tag k="local_x" v="60610.6286"/>
    <tag k="local_y" v="58706.0286"/>
    <tag k="ele" v="0"/>
  </node>
  <node version="1" id="5909" lat="47.46686741773" lon="19.15034346872">
    <tag k="local_x" v="60610.4568"/>
    <tag k="local_y" v="58705.7362"/>
    <tag k="ele" v="0"/>
  </node>
  <node version="1" id="5910" lat="47.46686478146" lon="19.15034131063">
    <tag k="local_x" v="60610.2872"/>
    <tag k="local_y" v="58705.4471"/>
    <tag k="ele" v="0"/>
  </node>
  <node version="1" id="5911" lat="47.46686214787" lon="19.15033915112">
    <tag k="local_x" v="60610.1175"/>
    <tag k="local_y" v="58705.1583"/>
    <tag k="ele" v="0"/>
  </node>
  <node version="1" id="5912" lat="47.46685953894" lon="19.15033701463">
    <tag k="local_x" v="60609.9496"/>
    <tag k="local_y" v="58704.8722"/>
    <tag k="ele" v="0"/>
  </node>
  <node version="1" id="5913" lat="47.46685693655" lon="19.15033489251">
    <tag k="local_x" v="60609.7828"/>
    <tag k="local_y" v="58704.5868"/>
    <tag k="ele" v="0"/>
  </node>
  <node version="1" id="5914" lat="47.46685433785" lon="19.15033277689">
    <tag k="local_x" v="60609.6165"/>
    <tag k="local_y" v="58704.3018"/>
    <tag k="ele" v="0"/>
  </node>
  <node version="1" id="5915" lat="47.46685174454" lon="19.15033065976">
    <tag k="local_x" v="60609.4501"/>
    <tag k="local_y" v="58704.0174"/>
    <tag k="ele" v="0"/>
  </node>
  <node version="1" id="5916" lat="47.46684916679" lon="19.15032855933">
    <tag k="local_x" v="60609.285"/>
    <tag k="local_y" v="58703.7347"/>
    <tag k="ele" v="0"/>
  </node>
  <node version="1" id="5917" lat="47.46684659716" lon="19.15032645995">
    <tag k="local_x" v="60609.12"/>
    <tag k="local_y" v="58703.4529"/>
    <tag k="ele" v="0"/>
  </node>
  <node version="1" id="5918" lat="47.46684405388" lon="19.15032437689">
    <tag k="local_x" v="60608.9563"/>
    <tag k="local_y" v="58703.174"/>
    <tag k="ele" v="0"/>
  </node>
  <node version="1" id="5919" lat="47.46684152532" lon="19.15032231322">
    <tag k="local_x" v="60608.7941"/>
    <tag k="local_y" v="58702.8967"/>
    <tag k="ele" v="0"/>
  </node>
  <node version="1" id="5920" lat="47.46683900682" lon="19.15032025981">
    <tag k="local_x" v="60608.6327"/>
    <tag k="local_y" v="58702.6205"/>
    <tag k="ele" v="0"/>
  </node>
  <node version="1" id="5921" lat="47.46683650474" lon="19.15031822043">
    <tag k="local_x" v="60608.4724"/>
    <tag k="local_y" v="58702.3461"/>
    <tag k="ele" v="0"/>
  </node>
  <node version="1" id="5922" lat="47.46683401373" lon="19.15031619791">
    <tag k="local_x" v="60608.3134"/>
    <tag k="local_y" v="58702.0729"/>
    <tag k="ele" v="0"/>
  </node>
  <node version="1" id="5923" lat="47.46683151735" lon="19.1503141769">
    <tag k="local_x" v="60608.1545"/>
    <tag k="local_y" v="58701.7991"/>
    <tag k="ele" v="0"/>
  </node>
  <node version="1" id="5977" lat="47.46683769827" lon="19.15028891006">
    <tag k="local_x" v="60606.2668"/>
    <tag k="local_y" v="58702.5313"/>
    <tag k="ele" v="0"/>
  </node>
  <node version="1" id="5978" lat="47.46684018013" lon="19.15029092361">
    <tag k="local_x" v="60606.4251"/>
    <tag k="local_y" v="58702.8035"/>
    <tag k="ele" v="0"/>
  </node>
  <node version="1" id="5979" lat="47.46684267923" lon="19.15029294585">
    <tag k="local_x" v="60606.5841"/>
    <tag k="local_y" v="58703.0776"/>
    <tag k="ele" v="0"/>
  </node>
  <node version="1" id="5980" lat="47.46684519576" lon="19.15029498871">
    <tag k="local_x" v="60606.7447"/>
    <tag k="local_y" v="58703.3536"/>
    <tag k="ele" v="0"/>
  </node>
  <node version="1" id="5981" lat="47.46684771242" lon="19.15029703953">
    <tag k="local_x" v="60606.9059"/>
    <tag k="local_y" v="58703.6296"/>
    <tag k="ele" v="0"/>
  </node>
  <node version="1" id="5982" lat="47.46685023459" lon="19.15029909678">
    <tag k="local_x" v="60607.0676"/>
    <tag k="local_y" v="58703.9062"/>
    <tag k="ele" v="0"/>
  </node>
  <node version="1" id="5983" lat="47.46685277591" lon="19.15030117062">
    <tag k="local_x" v="60607.2306"/>
    <tag k="local_y" v="58704.1849"/>
    <tag k="ele" v="0"/>
  </node>
  <node version="1" id="5984" lat="47.46685532465" lon="19.15030325747">
    <tag k="local_x" v="60607.3946"/>
    <tag k="local_y" v="58704.4644"/>
    <tag k="ele" v="0"/>
  </node>
  <node version="1" id="5985" lat="47.4668578788" lon="19.15030534545">
    <tag k="local_x" v="60607.5587"/>
    <tag k="local_y" v="58704.7445"/>
    <tag k="ele" v="0"/>
  </node>
  <node version="1" id="5986" lat="47.46686045199" lon="19.15030744206">
    <tag k="local_x" v="60607.7235"/>
    <tag k="local_y" v="58705.0267"/>
    <tag k="ele" v="0"/>
  </node>
  <node version="1" id="5987" lat="47.46686304164" lon="19.15030955534">
    <tag k="local_x" v="60607.8896"/>
    <tag k="local_y" v="58705.3107"/>
    <tag k="ele" v="0"/>
  </node>
  <node version="1" id="5988" lat="47.46686563761" lon="19.15031166972">
    <tag k="local_x" v="60608.0558"/>
    <tag k="local_y" v="58705.5954"/>
    <tag k="ele" v="0"/>
  </node>
  <node version="1" id="5989" lat="47.46686826007" lon="19.15031380839">
    <tag k="local_x" v="60608.2239"/>
    <tag k="local_y" v="58705.883"/>
    <tag k="ele" v="0"/>
  </node>
  <node version="1" id="5990" lat="47.46687088632" lon="19.15031595887">
    <tag k="local_x" v="60608.3929"/>
    <tag k="local_y" v="58706.171"/>
    <tag k="ele" v="0"/>
  </node>
  <node version="1" id="5991" lat="47.46687351625" lon="19.15031811453">
    <tag k="local_x" v="60608.5623"/>
    <tag k="local_y" v="58706.4594"/>
    <tag k="ele" v="0"/>
  </node>
  <node version="1" id="5992" lat="47.46687615342" lon="19.15032027258">
    <tag k="local_x" v="60608.7319"/>
    <tag k="local_y" v="58706.7486"/>
    <tag k="ele" v="0"/>
  </node>
  <node version="1" id="5993" lat="47.4668787934" lon="19.15032243718">
    <tag k="local_x" v="60608.902"/>
    <tag k="local_y" v="58707.0381"/>
    <tag k="ele" v="0"/>
  </node>
  <node version="1" id="5994" lat="47.46688146585" lon="19.15032460727">
    <tag k="local_x" v="60609.0726"/>
    <tag k="local_y" v="58707.3312"/>
    <tag k="ele" v="0"/>
  </node>
  <node version="1" id="5995" lat="47.4668841467" lon="19.15032679564">
    <tag k="local_x" v="60609.2446"/>
    <tag k="local_y" v="58707.6252"/>
    <tag k="ele" v="0"/>
  </node>
  <node version="1" id="5996" lat="47.46688681661" lon="19.15032897511">
    <tag k="local_x" v="60609.4159"/>
    <tag k="local_y" v="58707.918"/>
    <tag k="ele" v="0"/>
  </node>
  <node version="1" id="5997" lat="47.46688949997" lon="19.15033115145">
    <tag k="local_x" v="60609.587"/>
    <tag k="local_y" v="58708.2123"/>
    <tag k="ele" v="0"/>
  </node>
  <node version="1" id="5998" lat="47.46689221313" lon="19.15033333471">
    <tag k="local_x" v="60609.7587"/>
    <tag k="local_y" v="58708.5099"/>
    <tag k="ele" v="0"/>
  </node>
  <node version="1" id="5999" lat="47.46689492905" lon="19.15033552186">
    <tag k="local_x" v="60609.9307"/>
    <tag k="local_y" v="58708.8078"/>
    <tag k="ele" v="0"/>
  </node>
  <node version="1" id="6000" lat="47.46689766643" lon="19.15033770028">
    <tag k="local_x" v="60610.1021"/>
    <tag k="local_y" v="58709.1081"/>
    <tag k="ele" v="0"/>
  </node>
  <node version="1" id="6001" lat="47.46690043645" lon="19.15033989349">
    <tag k="local_x" v="60610.2747"/>
    <tag k="local_y" v="58709.412"/>
    <tag k="ele" v="0"/>
  </node>
  <node version="1" id="6002" lat="47.46690323286" lon="19.15034210568">
    <tag k="local_x" v="60610.4488"/>
    <tag k="local_y" v="58709.7188"/>
    <tag k="ele" v="0"/>
  </node>
  <node version="1" id="6003" lat="47.46690602585" lon="19.1503443286">
    <tag k="local_x" v="60610.6237"/>
    <tag k="local_y" v="58710.0252"/>
    <tag k="ele" v="0"/>
  </node>
  <node version="1" id="6004" lat="47.46690881241" lon="19.15034654379">
    <tag k="local_x" v="60610.798"/>
    <tag k="local_y" v="58710.3309"/>
    <tag k="ele" v="0"/>
  </node>
  <node version="1" id="6005" lat="47.46691159165" lon="19.15034875127">
    <tag k="local_x" v="60610.9717"/>
    <tag k="local_y" v="58710.6358"/>
    <tag k="ele" v="0"/>
  </node>
  <node version="1" id="6006" lat="47.46691439171" lon="19.15035096599">
    <tag k="local_x" v="60611.146"/>
    <tag k="local_y" v="58710.943"/>
    <tag k="ele" v="0"/>
  </node>
  <node version="1" id="6007" lat="47.46691718562" lon="19.15035319021">
    <tag k="local_x" v="60611.321"/>
    <tag k="local_y" v="58711.2495"/>
    <tag k="ele" v="0"/>
  </node>
  <node version="1" id="6008" lat="47.46691998034" lon="19.15035540909">
    <tag k="local_x" v="60611.4956"/>
    <tag k="local_y" v="58711.5561"/>
    <tag k="ele" v="0"/>
  </node>
  <node version="1" id="6009" lat="47.46692278076" lon="19.15035764635">
    <tag k="local_x" v="60611.6716"/>
    <tag k="local_y" v="58711.8633"/>
    <tag k="ele" v="0"/>
  </node>
  <node version="1" id="6010" lat="47.46692558773" lon="19.1503598993">
    <tag k="local_x" v="60611.8488"/>
    <tag k="local_y" v="58712.1712"/>
    <tag k="ele" v="0"/>
  </node>
  <node version="1" id="6011" lat="47.46692839977" lon="19.15036218791">
    <tag k="local_x" v="60612.0287"/>
    <tag k="local_y" v="58712.4796"/>
    <tag k="ele" v="0"/>
  </node>
  <node version="1" id="6012" lat="47.46693120689" lon="19.15036450589">
    <tag k="local_x" v="60612.2108"/>
    <tag k="local_y" v="58712.7874"/>
    <tag k="ele" v="0"/>
  </node>
  <node version="1" id="6013" lat="47.46693401371" lon="19.15036686103">
    <tag k="local_x" v="60612.3957"/>
    <tag k="local_y" v="58713.0951"/>
    <tag k="ele" v="0"/>
  </node>
  <node version="1" id="6014" lat="47.46693681038" lon="19.15036925634">
    <tag k="local_x" v="60612.5836"/>
    <tag k="local_y" v="58713.4016"/>
    <tag k="ele" v="0"/>
  </node>
  <node version="1" id="6015" lat="47.4669396088" lon="19.15037170466">
    <tag k="local_x" v="60612.7755"/>
    <tag k="local_y" v="58713.7082"/>
    <tag k="ele" v="0"/>
  </node>
  <node version="1" id="6016" lat="47.4669423901" lon="19.15037420667">
    <tag k="local_x" v="60612.9714"/>
    <tag k="local_y" v="58714.0128"/>
    <tag k="ele" v="0"/>
  </node>
  <node version="1" id="6017" lat="47.46694514597" lon="19.15037675071">
    <tag k="local_x" v="60613.1704"/>
    <tag k="local_y" v="58714.3145"/>
    <tag k="ele" v="0"/>
  </node>
  <node version="1" id="6018" lat="47.46694788108" lon="19.1503793459">
    <tag k="local_x" v="60613.3732"/>
    <tag k="local_y" v="58714.6138"/>
    <tag k="ele" v="0"/>
  </node>
  <node version="1" id="6019" lat="47.466950601" lon="19.150382004">
    <tag k="local_x" v="60613.5807"/>
    <tag k="local_y" v="58714.9113"/>
    <tag k="ele" v="0"/>
  </node>
  <node version="1" id="6020" lat="47.46695330037" lon="19.15038472652">
    <tag k="local_x" v="60613.793"/>
    <tag k="local_y" v="58715.2064"/>
    <tag k="ele" v="0"/>
  </node>
  <node version="1" id="6021" lat="47.46695595824" lon="19.15038749826">
    <tag k="local_x" v="60614.0089"/>
    <tag k="local_y" v="58715.4968"/>
    <tag k="ele" v="0"/>
  </node>
  <node version="1" id="6022" lat="47.46695861283" lon="19.15039034576">
    <tag k="local_x" v="60614.2305"/>
    <tag k="local_y" v="58715.7867"/>
    <tag k="ele" v="0"/>
  </node>
  <node version="1" id="6023" lat="47.46696124104" lon="19.15039328707">
    <tag k="local_x" v="60614.4591"/>
    <tag k="local_y" v="58716.0735"/>
    <tag k="ele" v="0"/>
  </node>
  <node version="1" id="6024" lat="47.46696383876" lon="19.1503962905">
    <tag k="local_x" v="60614.6923"/>
    <tag k="local_y" v="58716.3568"/>
    <tag k="ele" v="0"/>
  </node>
  <node version="1" id="6025" lat="47.46696640022" lon="19.15039938942">
    <tag k="local_x" v="60614.9326"/>
    <tag k="local_y" v="58716.6359"/>
    <tag k="ele" v="0"/>
  </node>
  <node version="1" id="6026" lat="47.46696892871" lon="19.15040256381">
    <tag k="local_x" v="60615.1785"/>
    <tag k="local_y" v="58716.9112"/>
    <tag k="ele" v="0"/>
  </node>
  <node version="1" id="6027" lat="47.46697139442" lon="19.15040580675">
    <tag k="local_x" v="60615.4294"/>
    <tag k="local_y" v="58717.1794"/>
    <tag k="ele" v="0"/>
  </node>
  <node version="1" id="6028" lat="47.46697382057" lon="19.15040910815">
    <tag k="local_x" v="60615.6846"/>
    <tag k="local_y" v="58717.4431"/>
    <tag k="ele" v="0"/>
  </node>
  <node version="1" id="6029" lat="47.46697618666" lon="19.15041247932">
    <tag k="local_x" v="60615.9449"/>
    <tag k="local_y" v="58717.7"/>
    <tag k="ele" v="0"/>
  </node>
  <node version="1" id="6030" lat="47.46697850008" lon="19.15041587624">
    <tag k="local_x" v="60616.207"/>
    <tag k="local_y" v="58717.951"/>
    <tag k="ele" v="0"/>
  </node>
  <node version="1" id="6031" lat="47.46698078232" lon="19.15041934856">
    <tag k="local_x" v="60616.4747"/>
    <tag k="local_y" v="58718.1984"/>
    <tag k="ele" v="0"/>
  </node>
  <node version="1" id="6032" lat="47.46698302604" lon="19.15042288725">
    <tag k="local_x" v="60616.7473"/>
    <tag k="local_y" v="58718.4414"/>
    <tag k="ele" v="0"/>
  </node>
  <node version="1" id="6033" lat="47.46698521385" lon="19.15042647436">
    <tag k="local_x" v="60617.0234"/>
    <tag k="local_y" v="58718.6781"/>
    <tag k="ele" v="0"/>
  </node>
  <node version="1" id="6034" lat="47.46698737677" lon="19.15043013665">
    <tag k="local_x" v="60617.3051"/>
    <tag k="local_y" v="58718.9119"/>
    <tag k="ele" v="0"/>
  </node>
  <node version="1" id="6035" lat="47.46698949889" lon="19.15043389061">
    <tag k="local_x" v="60617.5936"/>
    <tag k="local_y" v="58719.141"/>
    <tag k="ele" v="0"/>
  </node>
  <node version="1" id="6036" lat="47.46699155601" lon="19.15043768798">
    <tag k="local_x" v="60617.8852"/>
    <tag k="local_y" v="58719.3628"/>
    <tag k="ele" v="0"/>
  </node>
  <node version="1" id="6037" lat="47.46699357187" lon="19.15044154918">
    <tag k="local_x" v="60618.1815"/>
    <tag k="local_y" v="58719.5799"/>
    <tag k="ele" v="0"/>
  </node>
  <node version="1" id="6038" lat="47.46699553955" lon="19.15044549168">
    <tag k="local_x" v="60618.4838"/>
    <tag k="local_y" v="58719.7915"/>
    <tag k="ele" v="0"/>
  </node>
  <node version="1" id="6039" lat="47.4669974506" lon="19.15044949324">
    <tag k="local_x" v="60618.7904"/>
    <tag k="local_y" v="58719.9967"/>
    <tag k="ele" v="0"/>
  </node>
  <node version="1" id="6040" lat="47.46699931072" lon="19.15045357355">
    <tag k="local_x" v="60619.1028"/>
    <tag k="local_y" v="58720.1961"/>
    <tag k="ele" v="0"/>
  </node>
  <node version="1" id="6041" lat="47.46700111659" lon="19.15045774866">
    <tag k="local_x" v="60619.4222"/>
    <tag k="local_y" v="58720.3893"/>
    <tag k="ele" v="0"/>
  </node>
  <node version="1" id="6042" lat="47.46700285725" lon="19.15046200965">
    <tag k="local_x" v="60619.7479"/>
    <tag k="local_y" v="58720.5751"/>
    <tag k="ele" v="0"/>
  </node>
  <node version="1" id="6043" lat="47.46700452252" lon="19.15046633832">
    <tag k="local_x" v="60620.0785"/>
    <tag k="local_y" v="58720.7524"/>
    <tag k="ele" v="0"/>
  </node>
  <node version="1" id="6044" lat="47.46700611511" lon="19.15047073588">
    <tag k="local_x" v="60620.4141"/>
    <tag k="local_y" v="58720.9215"/>
    <tag k="ele" v="0"/>
  </node>
  <node version="1" id="6045" lat="47.46700763607" lon="19.1504752116">
    <tag k="local_x" v="60620.7554"/>
    <tag k="local_y" v="58721.0825"/>
    <tag k="ele" v="0"/>
  </node>
  <node version="1" id="6046" lat="47.46700908053" lon="19.15047974176">
    <tag k="local_x" v="60621.1006"/>
    <tag k="local_y" v="58721.2349"/>
    <tag k="ele" v="0"/>
  </node>
  <node version="1" id="6047" lat="47.46701045141" lon="19.15048434085">
    <tag k="local_x" v="60621.4508"/>
    <tag k="local_y" v="58721.379"/>
    <tag k="ele" v="0"/>
  </node>
  <node version="1" id="6048" lat="47.46701206244" lon="19.150490439">
    <tag k="local_x" v="60621.9146"/>
    <tag k="local_y" v="58721.5471"/>
    <tag k="ele" v="0"/>
  </node>
  <node version="1" id="6049" lat="47.46701330165" lon="19.15049976024">
    <tag k="local_x" v="60622.6203"/>
    <tag k="local_y" v="58721.6681"/>
    <tag k="ele" v="0"/>
  </node>
  <node version="1" id="6050" lat="47.46701418442" lon="19.15050768072">
    <tag k="local_x" v="60623.2195"/>
    <tag k="local_y" v="58721.752"/>
    <tag k="ele" v="0"/>
  </node>
  <node version="1" id="6051" lat="47.46701484711" lon="19.15051495603">
    <tag k="local_x" v="60623.7695"/>
    <tag k="local_y" v="58721.8126"/>
    <tag k="ele" v="0"/>
  </node>
  <node version="1" id="6052" lat="47.46701530031" lon="19.15052157254">
    <tag k="local_x" v="60624.2693"/>
    <tag k="local_y" v="58721.8511"/>
    <tag k="ele" v="0"/>
  </node>
  <node version="1" id="6053" lat="47.46701554436" lon="19.15052704984">
    <tag k="local_x" v="60624.6827"/>
    <tag k="local_y" v="58721.8684"/>
    <tag k="ele" v="0"/>
  </node>
  <node version="1" id="6054" lat="47.46701554156" lon="19.15052665316">
    <tag k="local_x" v="60624.6528"/>
    <tag k="local_y" v="58721.8688"/>
    <tag k="ele" v="0"/>
  </node>
  <node version="1" id="6055" lat="47.46701566173" lon="19.15052763226">
    <tag k="local_x" v="60624.7269"/>
    <tag k="local_y" v="58721.8804"/>
    <tag k="ele" v="0"/>
  </node>
  <node version="1" id="6056" lat="47.46701577924" lon="19.15052861278">
    <tag k="local_x" v="60624.8011"/>
    <tag k="local_y" v="58721.8917"/>
    <tag k="ele" v="0"/>
  </node>
  <node version="1" id="6057" lat="47.46701589227" lon="19.15052959479">
    <tag k="local_x" v="60624.8754"/>
    <tag k="local_y" v="58721.9025"/>
    <tag k="ele" v="0"/>
  </node>
  <node version="1" id="6058" lat="47.4670160017" lon="19.15053057692">
    <tag k="local_x" v="60624.9497"/>
    <tag k="local_y" v="58721.9129"/>
    <tag k="ele" v="0"/>
  </node>
  <node version="1" id="6059" lat="47.46701610755" lon="19.1505315605">
    <tag k="local_x" v="60625.0241"/>
    <tag k="local_y" v="58721.9229"/>
    <tag k="ele" v="0"/>
  </node>
  <node version="1" id="6060" lat="47.46701620979" lon="19.15053254288">
    <tag k="local_x" v="60625.0984"/>
    <tag k="local_y" v="58721.9325"/>
    <tag k="ele" v="0"/>
  </node>
  <node version="1" id="6061" lat="47.46701630838" lon="19.15053352274">
    <tag k="local_x" v="60625.1725"/>
    <tag k="local_y" v="58721.9417"/>
    <tag k="ele" v="0"/>
  </node>
  <node version="1" id="6062" lat="47.46701640334" lon="19.15053450007">
    <tag k="local_x" v="60625.2464"/>
    <tag k="local_y" v="58721.9505"/>
    <tag k="ele" v="0"/>
  </node>
  <node version="1" id="6063" lat="47.46701649465" lon="19.15053547487">
    <tag k="local_x" v="60625.3201"/>
    <tag k="local_y" v="58721.9589"/>
    <tag k="ele" v="0"/>
  </node>
  <node version="1" id="6064" lat="47.46701658325" lon="19.15053644844">
    <tag k="local_x" v="60625.3937"/>
    <tag k="local_y" v="58721.967"/>
    <tag k="ele" v="0"/>
  </node>
  <node version="1" id="6065" lat="47.46701666818" lon="19.15053741816">
    <tag k="local_x" v="60625.467"/>
    <tag k="local_y" v="58721.9747"/>
    <tag k="ele" v="0"/>
  </node>
  <node version="1" id="6066" lat="47.46701675132" lon="19.15053838795">
    <tag k="local_x" v="60625.5403"/>
    <tag k="local_y" v="58721.9822"/>
    <tag k="ele" v="0"/>
  </node>
  <node version="1" id="6067" lat="47.4670168318" lon="19.15053936048">
    <tag k="local_x" v="60625.6138"/>
    <tag k="local_y" v="58721.9894"/>
    <tag k="ele" v="0"/>
  </node>
  <node version="1" id="6068" lat="47.46701690962" lon="19.15054033575">
    <tag k="local_x" v="60625.6875"/>
    <tag k="local_y" v="58721.9963"/>
    <tag k="ele" v="0"/>
  </node>
  <node version="1" id="6069" lat="47.46701698481" lon="19.1505413151">
    <tag k="local_x" v="60625.7615"/>
    <tag k="local_y" v="58722.0029"/>
    <tag k="ele" v="0"/>
  </node>
  <node version="1" id="6070" lat="47.46701705737" lon="19.15054229853">
    <tag k="local_x" v="60625.8358"/>
    <tag k="local_y" v="58722.0092"/>
    <tag k="ele" v="0"/>
  </node>
  <node version="1" id="6071" lat="47.46701712727" lon="19.1505432847">
    <tag k="local_x" v="60625.9103"/>
    <tag k="local_y" v="58722.0152"/>
    <tag k="ele" v="0"/>
  </node>
  <node version="1" id="6072" lat="47.46701719358" lon="19.150544271">
    <tag k="local_x" v="60625.9848"/>
    <tag k="local_y" v="58722.0208"/>
    <tag k="ele" v="0"/>
  </node>
  <node version="1" id="6073" lat="47.46701725629" lon="19.15054525742">
    <tag k="local_x" v="60626.0593"/>
    <tag k="local_y" v="58722.026"/>
    <tag k="ele" v="0"/>
  </node>
  <node version="1" id="6074" lat="47.4670173163" lon="19.15054624394">
    <tag k="local_x" v="60626.1338"/>
    <tag k="local_y" v="58722.0309"/>
    <tag k="ele" v="0"/>
  </node>
  <node version="1" id="6075" lat="47.46701737359" lon="19.15054722922">
    <tag k="local_x" v="60626.2082"/>
    <tag k="local_y" v="58722.0355"/>
    <tag k="ele" v="0"/>
  </node>
  <node version="1" id="6076" lat="47.46701742726" lon="19.15054821331">
    <tag k="local_x" v="60626.2825"/>
    <tag k="local_y" v="58722.0397"/>
    <tag k="ele" v="0"/>
  </node>
  <node version="1" id="6077" lat="47.46701747729" lon="19.15054919487">
    <tag k="local_x" v="60626.3566"/>
    <tag k="local_y" v="58722.0435"/>
    <tag k="ele" v="0"/>
  </node>
  <node version="1" id="6078" lat="47.46701752552" lon="19.1505501765">
    <tag k="local_x" v="60626.4307"/>
    <tag k="local_y" v="58722.0471"/>
    <tag k="ele" v="0"/>
  </node>
  <node version="1" id="6079" lat="47.46701757014" lon="19.15055115692">
    <tag k="local_x" v="60626.5047"/>
    <tag k="local_y" v="58722.0503"/>
    <tag k="ele" v="0"/>
  </node>
  <node version="1" id="6080" lat="47.46701761295" lon="19.15055213741">
    <tag k="local_x" v="60626.5787"/>
    <tag k="local_y" v="58722.0533"/>
    <tag k="ele" v="0"/>
  </node>
  <node version="1" id="6081" lat="47.46701765309" lon="19.15055311931">
    <tag k="local_x" v="60626.6528"/>
    <tag k="local_y" v="58722.056"/>
    <tag k="ele" v="0"/>
  </node>
  <node version="1" id="6082" lat="47.46701768965" lon="19.15055410267">
    <tag k="local_x" v="60626.727"/>
    <tag k="local_y" v="58722.0583"/>
    <tag k="ele" v="0"/>
  </node>
  <node version="1" id="6083" lat="47.46701772446" lon="19.15055508875">
    <tag k="local_x" v="60626.8014"/>
    <tag k="local_y" v="58722.0604"/>
    <tag k="ele" v="0"/>
  </node>
  <node version="1" id="6084" lat="47.46701775569" lon="19.15055607628">
    <tag k="local_x" v="60626.8759"/>
    <tag k="local_y" v="58722.0621"/>
    <tag k="ele" v="0"/>
  </node>
  <node version="1" id="6085" lat="47.46701778337" lon="19.15055706658">
    <tag k="local_x" v="60626.9506"/>
    <tag k="local_y" v="58722.0634"/>
    <tag k="ele" v="0"/>
  </node>
  <node version="1" id="6086" lat="47.46701780954" lon="19.15055807552">
    <tag k="local_x" v="60627.0267"/>
    <tag k="local_y" v="58722.0645"/>
    <tag k="ele" v="0"/>
  </node>
  <node version="1" id="6087" lat="47.46701783413" lon="19.15055926499">
    <tag k="local_x" v="60627.1164"/>
    <tag k="local_y" v="58722.0651"/>
    <tag k="ele" v="0"/>
  </node>
  <node version="1" id="6088" lat="47.46701785494" lon="19.15056044265">
    <tag k="local_x" v="60627.2052"/>
    <tag k="local_y" v="58722.0653"/>
    <tag k="ele" v="0"/>
  </node>
  <node version="1" id="6089" lat="47.46701787216" lon="19.15056162176">
    <tag k="local_x" v="60627.2941"/>
    <tag k="local_y" v="58722.0651"/>
    <tag k="ele" v="0"/>
  </node>
  <node version="1" id="6090" lat="47.46701788491" lon="19.15056280235">
    <tag k="local_x" v="60627.3831"/>
    <tag k="local_y" v="58722.0644"/>
    <tag k="ele" v="0"/>
  </node>
  <node version="1" id="6091" lat="47.46701789426" lon="19.15056399501">
    <tag k="local_x" v="60627.473"/>
    <tag k="local_y" v="58722.0633"/>
    <tag k="ele" v="0"/>
  </node>
  <node version="1" id="6092" lat="47.46701789718" lon="19.15056501272">
    <tag k="local_x" v="60627.5497"/>
    <tag k="local_y" v="58722.0618"/>
    <tag k="ele" v="0"/>
  </node>
  <node version="1" id="6093" lat="47.46701789616" lon="19.15056600934">
    <tag k="local_x" v="60627.6248"/>
    <tag k="local_y" v="58722.0599"/>
    <tag k="ele" v="0"/>
  </node>
  <node version="1" id="6094" lat="47.46701789155" lon="19.15056700609">
    <tag k="local_x" v="60627.6999"/>
    <tag k="local_y" v="58722.0576"/>
    <tag k="ele" v="0"/>
  </node>
  <node version="1" id="6095" lat="47.46701788421" lon="19.15056800161">
    <tag k="local_x" v="60627.7749"/>
    <tag k="local_y" v="58722.055"/>
    <tag k="ele" v="0"/>
  </node>
  <node version="1" id="6096" lat="47.46701787328" lon="19.15056899725">
    <tag k="local_x" v="60627.8499"/>
    <tag k="local_y" v="58722.052"/>
    <tag k="ele" v="0"/>
  </node>
  <node version="1" id="6097" lat="47.46701785884" lon="19.15056999833">
    <tag k="local_x" v="60627.9253"/>
    <tag k="local_y" v="58722.0486"/>
    <tag k="ele" v="0"/>
  </node>
  <node version="1" id="6098" lat="47.4670178399" lon="19.15057099956">
    <tag k="local_x" v="60628.0007"/>
    <tag k="local_y" v="58722.0447"/>
    <tag k="ele" v="0"/>
  </node>
  <node version="1" id="6099" lat="47.46701781818" lon="19.15057199558">
    <tag k="local_x" v="60628.0757"/>
    <tag k="local_y" v="58722.0405"/>
    <tag k="ele" v="0"/>
  </node>
  <node version="1" id="6100" lat="47.46701779277" lon="19.15057298642">
    <tag k="local_x" v="60628.1503"/>
    <tag k="local_y" v="58722.0359"/>
    <tag k="ele" v="0"/>
  </node>
  <node version="1" id="6101" lat="47.46701776368" lon="19.15057397209">
    <tag k="local_x" v="60628.2245"/>
    <tag k="local_y" v="58722.0309"/>
    <tag k="ele" v="0"/>
  </node>
  <node version="1" id="6102" lat="47.46701773258" lon="19.15057494455">
    <tag k="local_x" v="60628.2977"/>
    <tag k="local_y" v="58722.0257"/>
    <tag k="ele" v="0"/>
  </node>
  <node version="1" id="6103" lat="47.46701769868" lon="19.15057591048">
    <tag k="local_x" v="60628.3704"/>
    <tag k="local_y" v="58722.0202"/>
    <tag k="ele" v="0"/>
  </node>
  <node version="1" id="6104" lat="47.46701766297" lon="19.15057687647">
    <tag k="local_x" v="60628.4431"/>
    <tag k="local_y" v="58722.0145"/>
    <tag k="ele" v="0"/>
  </node>
  <node version="1" id="6105" lat="47.46701762542" lon="19.15057783987">
    <tag k="local_x" v="60628.5156"/>
    <tag k="local_y" v="58722.0086"/>
    <tag k="ele" v="0"/>
  </node>
  <node version="1" id="6106" lat="47.46701758428" lon="19.1505788034">
    <tag k="local_x" v="60628.5881"/>
    <tag k="local_y" v="58722.0023"/>
    <tag k="ele" v="0"/>
  </node>
  <node version="1" id="6107" lat="47.46701754221" lon="19.15057976563">
    <tag k="local_x" v="60628.6605"/>
    <tag k="local_y" v="58721.9959"/>
    <tag k="ele" v="0"/>
  </node>
  <node version="1" id="6108" lat="47.46701749655" lon="19.15058072799">
    <tag k="local_x" v="60628.7329"/>
    <tag k="local_y" v="58721.9891"/>
    <tag k="ele" v="0"/>
  </node>
  <node version="1" id="6109" lat="47.46701744999" lon="19.15058169038">
    <tag k="local_x" v="60628.8053"/>
    <tag k="local_y" v="58721.9822"/>
    <tag k="ele" v="0"/>
  </node>
  <node version="1" id="6110" lat="47.46701739983" lon="19.1505826529">
    <tag k="local_x" v="60628.8777"/>
    <tag k="local_y" v="58721.9749"/>
    <tag k="ele" v="0"/>
  </node>
  <node version="1" id="6111" lat="47.46701734875" lon="19.15058361412">
    <tag k="local_x" v="60628.95"/>
    <tag k="local_y" v="58721.9675"/>
    <tag k="ele" v="0"/>
  </node>
  <node version="1" id="6112" lat="47.46701729408" lon="19.15058457547">
    <tag k="local_x" v="60629.0223"/>
    <tag k="local_y" v="58721.9597"/>
    <tag k="ele" v="0"/>
  </node>
  <node version="1" id="6113" lat="47.4670172376" lon="19.15058553688">
    <tag k="local_x" v="60629.0946"/>
    <tag k="local_y" v="58721.9517"/>
    <tag k="ele" v="0"/>
  </node>
  <node version="1" id="6114" lat="47.46701717847" lon="19.15058650104">
    <tag k="local_x" v="60629.1671"/>
    <tag k="local_y" v="58721.9434"/>
    <tag k="ele" v="0"/>
  </node>
  <node version="1" id="6115" lat="47.46701711664" lon="19.15058746529">
    <tag k="local_x" v="60629.2396"/>
    <tag k="local_y" v="58721.9348"/>
    <tag k="ele" v="0"/>
  </node>
  <node version="1" id="6116" lat="47.46701705211" lon="19.15058842964">
    <tag k="local_x" v="60629.3121"/>
    <tag k="local_y" v="58721.9259"/>
    <tag k="ele" v="0"/>
  </node>
  <node version="1" id="6117" lat="47.46701698579" lon="19.15058939405">
    <tag k="local_x" v="60629.3846"/>
    <tag k="local_y" v="58721.9168"/>
    <tag k="ele" v="0"/>
  </node>
  <node version="1" id="6118" lat="47.46701691587" lon="19.15059035859">
    <tag k="local_x" v="60629.4571"/>
    <tag k="local_y" v="58721.9073"/>
    <tag k="ele" v="0"/>
  </node>
  <node version="1" id="6119" lat="47.46701684322" lon="19.15059132189">
    <tag k="local_x" v="60629.5295"/>
    <tag k="local_y" v="58721.8975"/>
    <tag k="ele" v="0"/>
  </node>
  <node version="1" id="6120" lat="47.46701676878" lon="19.15059228526">
    <tag k="local_x" v="60629.6019"/>
    <tag k="local_y" v="58721.8875"/>
    <tag k="ele" v="0"/>
  </node>
  <node version="1" id="6121" lat="47.4670166916" lon="19.15059324607">
    <tag k="local_x" v="60629.6741"/>
    <tag k="local_y" v="58721.8772"/>
    <tag k="ele" v="0"/>
  </node>
  <node version="1" id="6122" lat="47.46701661168" lon="19.15059420433">
    <tag k="local_x" v="60629.7461"/>
    <tag k="local_y" v="58721.8666"/>
    <tag k="ele" v="0"/>
  </node>
  <node version="1" id="6123" lat="47.46701652992" lon="19.15059515999">
    <tag k="local_x" v="60629.8179"/>
    <tag k="local_y" v="58721.8558"/>
    <tag k="ele" v="0"/>
  </node>
  <node version="1" id="6124" lat="47.46701644543" lon="19.15059611442">
    <tag k="local_x" v="60629.8896"/>
    <tag k="local_y" v="58721.8447"/>
    <tag k="ele" v="0"/>
  </node>
  <node version="1" id="6125" lat="47.46701635911" lon="19.15059706627">
    <tag k="local_x" v="60629.9611"/>
    <tag k="local_y" v="58721.8334"/>
    <tag k="ele" v="0"/>
  </node>
  <node version="1" id="6126" lat="47.46701627096" lon="19.15059801685">
    <tag k="local_x" v="60630.0325"/>
    <tag k="local_y" v="58721.8219"/>
    <tag k="ele" v="0"/>
  </node>
  <node version="1" id="6127" lat="47.467016181" lon="19.15059896616">
    <tag k="local_x" v="60630.1038"/>
    <tag k="local_y" v="58721.8102"/>
    <tag k="ele" v="0"/>
  </node>
  <node version="1" id="6128" lat="47.46701608831" lon="19.15059991425">
    <tag k="local_x" v="60630.175"/>
    <tag k="local_y" v="58721.7982"/>
    <tag k="ele" v="0"/>
  </node>
  <node version="1" id="6129" lat="47.46701599383" lon="19.15060086239">
    <tag k="local_x" v="60630.2462"/>
    <tag k="local_y" v="58721.786"/>
    <tag k="ele" v="0"/>
  </node>
  <node version="1" id="6130" lat="47.46701589753" lon="19.15060180928">
    <tag k="local_x" v="60630.3173"/>
    <tag k="local_y" v="58721.7736"/>
    <tag k="ele" v="0"/>
  </node>
  <node version="1" id="6131" lat="47.46701579853" lon="19.15060275626">
    <tag k="local_x" v="60630.3884"/>
    <tag k="local_y" v="58721.7609"/>
    <tag k="ele" v="0"/>
  </node>
  <node version="1" id="6132" lat="47.46701569773" lon="19.1506037033">
    <tag k="local_x" v="60630.4595"/>
    <tag k="local_y" v="58721.748"/>
    <tag k="ele" v="0"/>
  </node>
  <node version="1" id="6133" lat="47.46701559423" lon="19.15060465044">
    <tag k="local_x" v="60630.5306"/>
    <tag k="local_y" v="58721.7348"/>
    <tag k="ele" v="0"/>
  </node>
  <node version="1" id="6134" lat="47.46701548806" lon="19.150605599">
    <tag k="local_x" v="60630.6018"/>
    <tag k="local_y" v="58721.7213"/>
    <tag k="ele" v="0"/>
  </node>
  <node version="1" id="6135" lat="47.46701538008" lon="19.15060654762">
    <tag k="local_x" v="60630.673"/>
    <tag k="local_y" v="58721.7076"/>
    <tag k="ele" v="0"/>
  </node>
  <node version="1" id="6136" lat="47.46701526941" lon="19.15060749633">
    <tag k="local_x" v="60630.7442"/>
    <tag k="local_y" v="58721.6936"/>
    <tag k="ele" v="0"/>
  </node>
  <node version="1" id="6137" lat="47.46701515694" lon="19.15060844511">
    <tag k="local_x" v="60630.8154"/>
    <tag k="local_y" v="58721.6794"/>
    <tag k="ele" v="0"/>
  </node>
  <node version="1" id="6138" lat="47.46701503933" lon="19.15060941">
    <tag k="local_x" v="60630.8878"/>
    <tag k="local_y" v="58721.6646"/>
    <tag k="ele" v="0"/>
  </node>
  <node version="1" id="6139" lat="47.46701489652" lon="19.15061054164">
    <tag k="local_x" v="60630.9727"/>
    <tag k="local_y" v="58721.6467"/>
    <tag k="ele" v="0"/>
  </node>
  <node version="1" id="6140" lat="47.46701475266" lon="19.15061166403">
    <tag k="local_x" v="60631.0569"/>
    <tag k="local_y" v="58721.6287"/>
    <tag k="ele" v="0"/>
  </node>
  <node version="1" id="6141" lat="47.46701460605" lon="19.15061278387">
    <tag k="local_x" v="60631.1409"/>
    <tag k="local_y" v="58721.6104"/>
    <tag k="ele" v="0"/>
  </node>
  <node version="1" id="6142" lat="47.46701445673" lon="19.15061390247">
    <tag k="local_x" v="60631.2248"/>
    <tag k="local_y" v="58721.5918"/>
    <tag k="ele" v="0"/>
  </node>
  <node version="1" id="6143" lat="47.46701430477" lon="19.15061502515">
    <tag k="local_x" v="60631.309"/>
    <tag k="local_y" v="58721.5729"/>
    <tag k="ele" v="0"/>
  </node>
  <node version="1" id="6144" lat="47.46701417252" lon="19.15061597462">
    <tag k="local_x" v="60631.3802"/>
    <tag k="local_y" v="58721.5565"/>
    <tag k="ele" v="0"/>
  </node>
  <node version="1" id="6145" lat="47.46701404086" lon="19.15061690549">
    <tag k="local_x" v="60631.45"/>
    <tag k="local_y" v="58721.5402"/>
    <tag k="ele" v="0"/>
  </node>
  <node version="1" id="6146" lat="47.46701390908" lon="19.15061782841">
    <tag k="local_x" v="60631.5192"/>
    <tag k="local_y" v="58721.5239"/>
    <tag k="ele" v="0"/>
  </node>
  <node version="1" id="6147" lat="47.46701377541" lon="19.15061874609">
    <tag k="local_x" v="60631.588"/>
    <tag k="local_y" v="58721.5074"/>
    <tag k="ele" v="0"/>
  </node>
  <node version="1" id="6148" lat="47.46701364082" lon="19.15061966247">
    <tag k="local_x" v="60631.6567"/>
    <tag k="local_y" v="58721.4908"/>
    <tag k="ele" v="0"/>
  </node>
  <node version="1" id="6149" lat="47.46701350533" lon="19.15062057888">
    <tag k="local_x" v="60631.7254"/>
    <tag k="local_y" v="58721.4741"/>
    <tag k="ele" v="0"/>
  </node>
  <node version="1" id="6150" lat="47.467013368" lon="19.1506214927">
    <tag k="local_x" v="60631.7939"/>
    <tag k="local_y" v="58721.4572"/>
    <tag k="ele" v="0"/>
  </node>
  <node version="1" id="6151" lat="47.46701322808" lon="19.15062241325">
    <tag k="local_x" v="60631.8629"/>
    <tag k="local_y" v="58721.44"/>
    <tag k="ele" v="0"/>
  </node>
  <node version="1" id="6152" lat="47.46701308549" lon="19.15062333522">
    <tag k="local_x" v="60631.932"/>
    <tag k="local_y" v="58721.4225"/>
    <tag k="ele" v="0"/>
  </node>
  <node version="1" id="6153" lat="47.46701294017" lon="19.15062425595">
    <tag k="local_x" v="60632.001"/>
    <tag k="local_y" v="58721.4047"/>
    <tag k="ele" v="0"/>
  </node>
  <node version="1" id="6154" lat="47.46701279391" lon="19.15062517407">
    <tag k="local_x" v="60632.0698"/>
    <tag k="local_y" v="58721.3868"/>
    <tag k="ele" v="0"/>
  </node>
  <node version="1" id="6155" lat="47.46701264493" lon="19.15062609095">
    <tag k="local_x" v="60632.1385"/>
    <tag k="local_y" v="58721.3686"/>
    <tag k="ele" v="0"/>
  </node>
  <node version="1" id="6156" lat="47.46701249414" lon="19.15062700658">
    <tag k="local_x" v="60632.2071"/>
    <tag k="local_y" v="58721.3502"/>
    <tag k="ele" v="0"/>
  </node>
  <node version="1" id="6157" lat="47.46701234239" lon="19.15062791958">
    <tag k="local_x" v="60632.2755"/>
    <tag k="local_y" v="58721.3317"/>
    <tag k="ele" v="0"/>
  </node>
  <node version="1" id="6158" lat="47.46701218881" lon="19.15062882999">
    <tag k="local_x" v="60632.3437"/>
    <tag k="local_y" v="58721.313"/>
    <tag k="ele" v="0"/>
  </node>
  <node version="1" id="6159" lat="47.46701203251" lon="19.15062973917">
    <tag k="local_x" v="60632.4118"/>
    <tag k="local_y" v="58721.294"/>
    <tag k="ele" v="0"/>
  </node>
  <node version="1" id="6160" lat="47.46701187617" lon="19.15063064569">
    <tag k="local_x" v="60632.4797"/>
    <tag k="local_y" v="58721.275"/>
    <tag k="ele" v="0"/>
  </node>
  <node version="1" id="6161" lat="47.4670117171" lon="19.15063155099">
    <tag k="local_x" v="60632.5475"/>
    <tag k="local_y" v="58721.2557"/>
    <tag k="ele" v="0"/>
  </node>
  <node version="1" id="6162" lat="47.46701155712" lon="19.15063245499">
    <tag k="local_x" v="60632.6152"/>
    <tag k="local_y" v="58721.2363"/>
    <tag k="ele" v="0"/>
  </node>
  <node version="1" id="6163" lat="47.46701139442" lon="19.15063335776">
    <tag k="local_x" v="60632.6828"/>
    <tag k="local_y" v="58721.2166"/>
    <tag k="ele" v="0"/>
  </node>
  <node version="1" id="6164" lat="47.46701123081" lon="19.15063426056">
    <tag k="local_x" v="60632.7504"/>
    <tag k="local_y" v="58721.1968"/>
    <tag k="ele" v="0"/>
  </node>
  <node version="1" id="6165" lat="47.46701106539" lon="19.1506351621">
    <tag k="local_x" v="60632.8179"/>
    <tag k="local_y" v="58721.1768"/>
    <tag k="ele" v="0"/>
  </node>
  <node version="1" id="6166" lat="47.46701089819" lon="19.15063606503">
    <tag k="local_x" v="60632.8855"/>
    <tag k="local_y" v="58721.1566"/>
    <tag k="ele" v="0"/>
  </node>
  <node version="1" id="6167" lat="47.46701072831" lon="19.15063696937">
    <tag k="local_x" v="60632.9532"/>
    <tag k="local_y" v="58721.1361"/>
    <tag k="ele" v="0"/>
  </node>
  <node version="1" id="6168" lat="47.46701055662" lon="19.15063787246">
    <tag k="local_x" v="60633.0208"/>
    <tag k="local_y" v="58721.1154"/>
    <tag k="ele" v="0"/>
  </node>
  <node version="1" id="6169" lat="47.46701038224" lon="19.15063877696">
    <tag k="local_x" v="60633.0885"/>
    <tag k="local_y" v="58721.0944"/>
    <tag k="ele" v="0"/>
  </node>
  <node version="1" id="6170" lat="47.46701020605" lon="19.15063968021">
    <tag k="local_x" v="60633.1561"/>
    <tag k="local_y" v="58721.0732"/>
    <tag k="ele" v="0"/>
  </node>
  <node version="1" id="6171" lat="47.46701002716" lon="19.15064058354">
    <tag k="local_x" v="60633.2237"/>
    <tag k="local_y" v="58721.0517"/>
    <tag k="ele" v="0"/>
  </node>
  <node version="1" id="6172" lat="47.46700984735" lon="19.15064148559">
    <tag k="local_x" v="60633.2912"/>
    <tag k="local_y" v="58721.0301"/>
    <tag k="ele" v="0"/>
  </node>
  <node version="1" id="6173" lat="47.46700966477" lon="19.15064238374">
    <tag k="local_x" v="60633.3584"/>
    <tag k="local_y" v="58721.0082"/>
    <tag k="ele" v="0"/>
  </node>
  <node version="1" id="6174" lat="47.46700948128" lon="19.15064328061">
    <tag k="local_x" v="60633.4255"/>
    <tag k="local_y" v="58720.9862"/>
    <tag k="ele" v="0"/>
  </node>
  <node version="1" id="6175" lat="47.46700929594" lon="19.15064417488">
    <tag k="local_x" v="60633.4924"/>
    <tag k="local_y" v="58720.964"/>
    <tag k="ele" v="0"/>
  </node>
  <node version="1" id="6176" lat="47.46700910878" lon="19.15064506789">
    <tag k="local_x" v="60633.5592"/>
    <tag k="local_y" v="58720.9416"/>
    <tag k="ele" v="0"/>
  </node>
  <node version="1" id="6177" lat="47.4670089198" lon="19.15064595964">
    <tag k="local_x" v="60633.6259"/>
    <tag k="local_y" v="58720.919"/>
    <tag k="ele" v="0"/>
  </node>
  <node version="1" id="6178" lat="47.46700872901" lon="19.15064685013">
    <tag k="local_x" v="60633.6925"/>
    <tag k="local_y" v="58720.8962"/>
    <tag k="ele" v="0"/>
  </node>
  <node version="1" id="6179" lat="47.46700853551" lon="19.1506477407">
    <tag k="local_x" v="60633.7591"/>
    <tag k="local_y" v="58720.8731"/>
    <tag k="ele" v="0"/>
  </node>
  <node version="1" id="6180" lat="47.46700834108" lon="19.15064862866">
    <tag k="local_x" v="60633.8255"/>
    <tag k="local_y" v="58720.8499"/>
    <tag k="ele" v="0"/>
  </node>
  <node version="1" id="6181" lat="47.46700814572" lon="19.15064951533">
    <tag k="local_x" v="60633.8918"/>
    <tag k="local_y" v="58720.8266"/>
    <tag k="ele" v="0"/>
  </node>
  <node version="1" id="6182" lat="47.46700794764" lon="19.15065040076">
    <tag k="local_x" v="60633.958"/>
    <tag k="local_y" v="58720.803"/>
    <tag k="ele" v="0"/>
  </node>
  <node version="1" id="6183" lat="47.46700774774" lon="19.15065128493">
    <tag k="local_x" v="60634.0241"/>
    <tag k="local_y" v="58720.7792"/>
    <tag k="ele" v="0"/>
  </node>
  <node version="1" id="6184" lat="47.46700754695" lon="19.15065216913">
    <tag k="local_x" v="60634.0902"/>
    <tag k="local_y" v="58720.7553"/>
    <tag k="ele" v="0"/>
  </node>
  <node version="1" id="6185" lat="47.46700734341" lon="19.15065305077">
    <tag k="local_x" v="60634.1561"/>
    <tag k="local_y" v="58720.7311"/>
    <tag k="ele" v="0"/>
  </node>
  <node version="1" id="6186" lat="47.46700713809" lon="19.1506539338">
    <tag k="local_x" v="60634.2221"/>
    <tag k="local_y" v="58720.7067"/>
    <tag k="ele" v="0"/>
  </node>
  <node version="1" id="6187" lat="47.46700693098" lon="19.1506548169">
    <tag k="local_x" v="60634.2881"/>
    <tag k="local_y" v="58720.6821"/>
    <tag k="ele" v="0"/>
  </node>
  <node version="1" id="6188" lat="47.46700672205" lon="19.15065569873">
    <tag k="local_x" v="60634.354"/>
    <tag k="local_y" v="58720.6573"/>
    <tag k="ele" v="0"/>
  </node>
  <node version="1" id="6189" lat="47.46700651042" lon="19.15065658066">
    <tag k="local_x" v="60634.4199"/>
    <tag k="local_y" v="58720.6322"/>
    <tag k="ele" v="0"/>
  </node>
  <node version="1" id="6190" lat="47.46700629694" lon="19.15065745999">
    <tag k="local_x" v="60634.4856"/>
    <tag k="local_y" v="58720.6069"/>
    <tag k="ele" v="0"/>
  </node>
  <node version="1" id="6191" lat="47.46700608167" lon="19.15065833939">
    <tag k="local_x" v="60634.5513"/>
    <tag k="local_y" v="58720.5814"/>
    <tag k="ele" v="0"/>
  </node>
  <node version="1" id="6192" lat="47.46700586456" lon="19.15065921621">
    <tag k="local_x" v="60634.6168"/>
    <tag k="local_y" v="58720.5557"/>
    <tag k="ele" v="0"/>
  </node>
  <node version="1" id="6193" lat="47.4670056465" lon="19.15066009039">
    <tag k="local_x" v="60634.6821"/>
    <tag k="local_y" v="58720.5299"/>
    <tag k="ele" v="0"/>
  </node>
  <node version="1" id="6194" lat="47.46700542661" lon="19.150660962">
    <tag k="local_x" v="60634.7472"/>
    <tag k="local_y" v="58720.5039"/>
    <tag k="ele" v="0"/>
  </node>
  <node version="1" id="6195" lat="47.46700520489" lon="19.15066183233">
    <tag k="local_x" v="60634.8122"/>
    <tag k="local_y" v="58720.4777"/>
    <tag k="ele" v="0"/>
  </node>
  <node version="1" id="6196" lat="47.46700498142" lon="19.15066270539">
    <tag k="local_x" v="60634.8774"/>
    <tag k="local_y" v="58720.4513"/>
    <tag k="ele" v="0"/>
  </node>
  <node version="1" id="6197" lat="47.46700475437" lon="19.15066357989">
    <tag k="local_x" v="60634.9427"/>
    <tag k="local_y" v="58720.4245"/>
    <tag k="ele" v="0"/>
  </node>
  <node version="1" id="6198" lat="47.4670045255" lon="19.15066445313">
    <tag k="local_x" v="60635.0079"/>
    <tag k="local_y" v="58720.3975"/>
    <tag k="ele" v="0"/>
  </node>
  <node version="1" id="6199" lat="47.46700429395" lon="19.1506653278">
    <tag k="local_x" v="60635.0732"/>
    <tag k="local_y" v="58720.3702"/>
    <tag k="ele" v="0"/>
  </node>
  <node version="1" id="6200" lat="47.46700406059" lon="19.1506662012">
    <tag k="local_x" v="60635.1384"/>
    <tag k="local_y" v="58720.3427"/>
    <tag k="ele" v="0"/>
  </node>
  <node version="1" id="6201" lat="47.46700382626" lon="19.15066707065">
    <tag k="local_x" v="60635.2033"/>
    <tag k="local_y" v="58720.3151"/>
    <tag k="ele" v="0"/>
  </node>
  <node version="1" id="6202" lat="47.46700359097" lon="19.15066793615">
    <tag k="local_x" v="60635.2679"/>
    <tag k="local_y" v="58720.2874"/>
    <tag k="ele" v="0"/>
  </node>
  <node version="1" id="6203" lat="47.46700335293" lon="19.1506687991">
    <tag k="local_x" v="60635.3323"/>
    <tag k="local_y" v="58720.2594"/>
    <tag k="ele" v="0"/>
  </node>
  <node version="1" id="6204" lat="47.467003114" lon="19.15066966208">
    <tag k="local_x" v="60635.3967"/>
    <tag k="local_y" v="58720.2313"/>
    <tag k="ele" v="0"/>
  </node>
  <node version="1" id="6205" lat="47.4670028741" lon="19.15067052111">
    <tag k="local_x" v="60635.4608"/>
    <tag k="local_y" v="58720.2031"/>
    <tag k="ele" v="0"/>
  </node>
  <node version="1" id="6206" lat="47.46700263329" lon="19.15067137885">
    <tag k="local_x" v="60635.5248"/>
    <tag k="local_y" v="58720.1748"/>
    <tag k="ele" v="0"/>
  </node>
  <node version="1" id="6207" lat="47.46700238977" lon="19.15067223668">
    <tag k="local_x" v="60635.5888"/>
    <tag k="local_y" v="58720.1462"/>
    <tag k="ele" v="0"/>
  </node>
  <node version="1" id="6208" lat="47.46700214442" lon="19.15067309193">
    <tag k="local_x" v="60635.6526"/>
    <tag k="local_y" v="58720.1174"/>
    <tag k="ele" v="0"/>
  </node>
  <node version="1" id="6209" lat="47.46700189818" lon="19.15067394853">
    <tag k="local_x" v="60635.7165"/>
    <tag k="local_y" v="58720.0885"/>
    <tag k="ele" v="0"/>
  </node>
  <node version="1" id="6210" lat="47.46700164925" lon="19.15067480522">
    <tag k="local_x" v="60635.7804"/>
    <tag k="local_y" v="58720.0593"/>
    <tag k="ele" v="0"/>
  </node>
  <node version="1" id="6211" lat="47.4670013976" lon="19.15067566068">
    <tag k="local_x" v="60635.8442"/>
    <tag k="local_y" v="58720.0298"/>
    <tag k="ele" v="0"/>
  </node>
  <node version="1" id="6212" lat="47.46700114505" lon="19.15067651618">
    <tag k="local_x" v="60635.908"/>
    <tag k="local_y" v="58720.0002"/>
    <tag k="ele" v="0"/>
  </node>
  <node version="1" id="6213" lat="47.4670008898" lon="19.15067737177">
    <tag k="local_x" v="60635.9718"/>
    <tag k="local_y" v="58719.9703"/>
    <tag k="ele" v="0"/>
  </node>
  <node version="1" id="6214" lat="47.46700063273" lon="19.1506782261">
    <tag k="local_x" v="60636.0355"/>
    <tag k="local_y" v="58719.9402"/>
    <tag k="ele" v="0"/>
  </node>
  <node version="1" id="6215" lat="47.46700037384" lon="19.15067907916">
    <tag k="local_x" v="60636.0991"/>
    <tag k="local_y" v="58719.9099"/>
    <tag k="ele" v="0"/>
  </node>
  <node version="1" id="6216" lat="47.46700011313" lon="19.15067993096">
    <tag k="local_x" v="60636.1626"/>
    <tag k="local_y" v="58719.8794"/>
    <tag k="ele" v="0"/>
  </node>
  <node version="1" id="6217" lat="47.4669998497" lon="19.15068078153">
    <tag k="local_x" v="60636.226"/>
    <tag k="local_y" v="58719.8486"/>
    <tag k="ele" v="0"/>
  </node>
  <node version="1" id="6218" lat="47.46699958535" lon="19.1506816308">
    <tag k="local_x" v="60636.2893"/>
    <tag k="local_y" v="58719.8177"/>
    <tag k="ele" v="0"/>
  </node>
  <node version="1" id="6219" lat="47.46699931828" lon="19.15068247884">
    <tag k="local_x" v="60636.3525"/>
    <tag k="local_y" v="58719.7865"/>
    <tag k="ele" v="0"/>
  </node>
  <node version="1" id="6220" lat="47.46699904939" lon="19.15068332562">
    <tag k="local_x" v="60636.4156"/>
    <tag k="local_y" v="58719.7551"/>
    <tag k="ele" v="0"/>
  </node>
  <node version="1" id="6221" lat="47.46699877869" lon="19.15068417114">
    <tag k="local_x" v="60636.4786"/>
    <tag k="local_y" v="58719.7235"/>
    <tag k="ele" v="0"/>
  </node>
  <node version="1" id="6222" lat="47.46699850616" lon="19.15068501539">
    <tag k="local_x" v="60636.5415"/>
    <tag k="local_y" v="58719.6917"/>
    <tag k="ele" v="0"/>
  </node>
  <node version="1" id="6223" lat="47.46699823091" lon="19.15068585841">
    <tag k="local_x" v="60636.6043"/>
    <tag k="local_y" v="58719.6596"/>
    <tag k="ele" v="0"/>
  </node>
  <node version="1" id="6224" lat="47.4669979547" lon="19.15068669749">
    <tag k="local_x" v="60636.6668"/>
    <tag k="local_y" v="58719.6274"/>
    <tag k="ele" v="0"/>
  </node>
  <node version="1" id="6225" lat="47.46699767669" lon="19.15068753662">
    <tag k="local_x" v="60636.7293"/>
    <tag k="local_y" v="58719.595"/>
    <tag k="ele" v="0"/>
  </node>
  <node version="1" id="6226" lat="47.46699739681" lon="19.15068837184">
    <tag k="local_x" v="60636.7915"/>
    <tag k="local_y" v="58719.5624"/>
    <tag k="ele" v="0"/>
  </node>
  <node version="1" id="6227" lat="47.466997116" lon="19.15068920444">
    <tag k="local_x" v="60636.8535"/>
    <tag k="local_y" v="58719.5297"/>
    <tag k="ele" v="0"/>
  </node>
  <node version="1" id="6228" lat="47.46699683336" lon="19.15069003578">
    <tag k="local_x" v="60636.9154"/>
    <tag k="local_y" v="58719.4968"/>
    <tag k="ele" v="0"/>
  </node>
  <node version="1" id="6229" lat="47.46699654978" lon="19.1506908645">
    <tag k="local_x" v="60636.9771"/>
    <tag k="local_y" v="58719.4638"/>
    <tag k="ele" v="0"/>
  </node>
  <node version="1" id="6230" lat="47.46699626436" lon="19.15069169062">
    <tag k="local_x" v="60637.0386"/>
    <tag k="local_y" v="58719.4306"/>
    <tag k="ele" v="0"/>
  </node>
  <node version="1" id="6231" lat="47.46699597715" lon="19.15069251681">
    <tag k="local_x" v="60637.1001"/>
    <tag k="local_y" v="58719.3972"/>
    <tag k="ele" v="0"/>
  </node>
  <node version="1" id="6232" lat="47.46699568811" lon="19.15069334174">
    <tag k="local_x" v="60637.1615"/>
    <tag k="local_y" v="58719.3636"/>
    <tag k="ele" v="0"/>
  </node>
  <node version="1" id="6233" lat="47.46699539725" lon="19.1506941654">
    <tag k="local_x" v="60637.2228"/>
    <tag k="local_y" v="58719.3298"/>
    <tag k="ele" v="0"/>
  </node>
  <node version="1" id="6234" lat="47.46699510457" lon="19.15069498781">
    <tag k="local_x" v="60637.284"/>
    <tag k="local_y" v="58719.2958"/>
    <tag k="ele" v="0"/>
  </node>
  <node version="1" id="6235" lat="47.4669948092" lon="19.1506958103">
    <tag k="local_x" v="60637.3452"/>
    <tag k="local_y" v="58719.2615"/>
    <tag k="ele" v="0"/>
  </node>
  <node version="1" id="6236" lat="47.4669945129" lon="19.1506966315">
    <tag k="local_x" v="60637.4063"/>
    <tag k="local_y" v="58719.2271"/>
    <tag k="ele" v="0"/>
  </node>
  <node version="1" id="6237" lat="47.46699421388" lon="19.15069745147">
    <tag k="local_x" v="60637.4673"/>
    <tag k="local_y" v="58719.1924"/>
    <tag k="ele" v="0"/>
  </node>
  <node version="1" id="6238" lat="47.46699391307" lon="19.1506982715">
    <tag k="local_x" v="60637.5283"/>
    <tag k="local_y" v="58719.1575"/>
    <tag k="ele" v="0"/>
  </node>
  <node version="1" id="6239" lat="47.46699360953" lon="19.1506990903">
    <tag k="local_x" v="60637.5892"/>
    <tag k="local_y" v="58719.1223"/>
    <tag k="ele" v="0"/>
  </node>
  <node version="1" id="6240" lat="47.46699330328" lon="19.15069990787">
    <tag k="local_x" v="60637.65"/>
    <tag k="local_y" v="58719.0868"/>
    <tag k="ele" v="0"/>
  </node>
  <node version="1" id="6241" lat="47.46699299525" lon="19.15070072683">
    <tag k="local_x" v="60637.7109"/>
    <tag k="local_y" v="58719.0511"/>
    <tag k="ele" v="0"/>
  </node>
  <node version="1" id="6242" lat="47.46699268448" lon="19.15070154323">
    <tag k="local_x" v="60637.7716"/>
    <tag k="local_y" v="58719.0151"/>
    <tag k="ele" v="0"/>
  </node>
  <node version="1" id="6243" lat="47.46699237101" lon="19.15070235972">
    <tag k="local_x" v="60637.8323"/>
    <tag k="local_y" v="58718.9788"/>
    <tag k="ele" v="0"/>
  </node>
  <node version="1" id="6244" lat="47.46699205482" lon="19.15070317499">
    <tag k="local_x" v="60637.8929"/>
    <tag k="local_y" v="58718.9422"/>
    <tag k="ele" v="0"/>
  </node>
  <node version="1" id="6245" lat="47.46699173591" lon="19.15070398902">
    <tag k="local_x" v="60637.9534"/>
    <tag k="local_y" v="58718.9053"/>
    <tag k="ele" v="0"/>
  </node>
  <node version="1" id="6246" lat="47.46699141516" lon="19.15070480046">
    <tag k="local_x" v="60638.0137"/>
    <tag k="local_y" v="58718.8682"/>
    <tag k="ele" v="0"/>
  </node>
  <node version="1" id="6247" lat="47.46699109342" lon="19.15070560663">
    <tag k="local_x" v="60638.0736"/>
    <tag k="local_y" v="58718.831"/>
    <tag k="ele" v="0"/>
  </node>
  <node version="1" id="6248" lat="47.46699077075" lon="19.15070641018">
    <tag k="local_x" v="60638.1333"/>
    <tag k="local_y" v="58718.7937"/>
    <tag k="ele" v="0"/>
  </node>
  <node version="1" id="6249" lat="47.46699044533" lon="19.15070721117">
    <tag k="local_x" v="60638.1928"/>
    <tag k="local_y" v="58718.7561"/>
    <tag k="ele" v="0"/>
  </node>
  <node version="1" id="6250" lat="47.46699011895" lon="19.15070800821">
    <tag k="local_x" v="60638.252"/>
    <tag k="local_y" v="58718.7184"/>
    <tag k="ele" v="0"/>
  </node>
  <node version="1" id="6251" lat="47.46698978984" lon="19.15070880402">
    <tag k="local_x" v="60638.3111"/>
    <tag k="local_y" v="58718.6804"/>
    <tag k="ele" v="0"/>
  </node>
  <node version="1" id="6252" lat="47.46698945892" lon="19.15070959857">
    <tag k="local_x" v="60638.3701"/>
    <tag k="local_y" v="58718.6422"/>
    <tag k="ele" v="0"/>
  </node>
  <node version="1" id="6253" lat="47.46698912526" lon="19.15071039056">
    <tag k="local_x" v="60638.4289"/>
    <tag k="local_y" v="58718.6037"/>
    <tag k="ele" v="0"/>
  </node>
  <node version="1" id="6254" lat="47.46698879154" lon="19.15071117857">
    <tag k="local_x" v="60638.4874"/>
    <tag k="local_y" v="58718.5652"/>
    <tag k="ele" v="0"/>
  </node>
  <node version="1" id="6255" lat="47.46698845419" lon="19.15071196538">
    <tag k="local_x" v="60638.5458"/>
    <tag k="local_y" v="58718.5263"/>
    <tag k="ele" v="0"/>
  </node>
  <node version="1" id="6256" lat="47.4669881168" lon="19.15071274954">
    <tag k="local_x" v="60638.604"/>
    <tag k="local_y" v="58718.4874"/>
    <tag k="ele" v="0"/>
  </node>
  <node version="1" id="6257" lat="47.46698777578" lon="19.15071353117">
    <tag k="local_x" v="60638.662"/>
    <tag k="local_y" v="58718.4481"/>
    <tag k="ele" v="0"/>
  </node>
  <node version="1" id="6258" lat="47.46698743295" lon="19.15071431287">
    <tag k="local_x" v="60638.72"/>
    <tag k="local_y" v="58718.4086"/>
    <tag k="ele" v="0"/>
  </node>
  <node version="1" id="6259" lat="47.4669870874" lon="19.15071509333">
    <tag k="local_x" v="60638.7779"/>
    <tag k="local_y" v="58718.3688"/>
    <tag k="ele" v="0"/>
  </node>
  <node version="1" id="6260" lat="47.46698673916" lon="19.15071587389">
    <tag k="local_x" v="60638.8358"/>
    <tag k="local_y" v="58718.3287"/>
    <tag k="ele" v="0"/>
  </node>
  <node version="1" id="6261" lat="47.4669863873" lon="19.15071665325">
    <tag k="local_x" v="60638.8936"/>
    <tag k="local_y" v="58718.2882"/>
    <tag k="ele" v="0"/>
  </node>
  <node version="1" id="6262" lat="47.46698603449" lon="19.15071742998">
    <tag k="local_x" v="60638.9512"/>
    <tag k="local_y" v="58718.2476"/>
    <tag k="ele" v="0"/>
  </node>
  <node version="1" id="6263" lat="47.46698567805" lon="19.15071820419">
    <tag k="local_x" v="60639.0086"/>
    <tag k="local_y" v="58718.2066"/>
    <tag k="ele" v="0"/>
  </node>
  <node version="1" id="6264" lat="47.46698531978" lon="19.15071897714">
    <tag k="local_x" v="60639.0659"/>
    <tag k="local_y" v="58718.1654"/>
    <tag k="ele" v="0"/>
  </node>
  <node version="1" id="6265" lat="47.46698495878" lon="19.15071974753">
    <tag k="local_x" v="60639.123"/>
    <tag k="local_y" v="58718.1239"/>
    <tag k="ele" v="0"/>
  </node>
  <node version="1" id="6266" lat="47.46698459593" lon="19.15072051533">
    <tag k="local_x" v="60639.1799"/>
    <tag k="local_y" v="58718.0822"/>
    <tag k="ele" v="0"/>
  </node>
  <node version="1" id="6267" lat="47.46698423124" lon="19.15072128054">
    <tag k="local_x" v="60639.2366"/>
    <tag k="local_y" v="58718.0403"/>
    <tag k="ele" v="0"/>
  </node>
  <node version="1" id="6268" lat="47.46698386469" lon="19.15072204184">
    <tag k="local_x" v="60639.293"/>
    <tag k="local_y" v="58717.9982"/>
    <tag k="ele" v="0"/>
  </node>
  <node version="1" id="6269" lat="47.4669834963" lon="19.15072280054">
    <tag k="local_x" v="60639.3492"/>
    <tag k="local_y" v="58717.9559"/>
    <tag k="ele" v="0"/>
  </node>
  <node version="1" id="6270" lat="47.46698312694" lon="19.1507235553">
    <tag k="local_x" v="60639.4051"/>
    <tag k="local_y" v="58717.9135"/>
    <tag k="ele" v="0"/>
  </node>
  <node version="1" id="6271" lat="47.46698275484" lon="19.1507243075">
    <tag k="local_x" v="60639.4608"/>
    <tag k="local_y" v="58717.8708"/>
    <tag k="ele" v="0"/>
  </node>
  <node version="1" id="6272" lat="47.46698238091" lon="19.15072505712">
    <tag k="local_x" v="60639.5163"/>
    <tag k="local_y" v="58717.8279"/>
    <tag k="ele" v="0"/>
  </node>
  <node version="1" id="6273" lat="47.46698200513" lon="19.15072580414">
    <tag k="local_x" v="60639.5716"/>
    <tag k="local_y" v="58717.7848"/>
    <tag k="ele" v="0"/>
  </node>
  <node version="1" id="6274" lat="47.4669816275" lon="19.15072654857">
    <tag k="local_x" v="60639.6267"/>
    <tag k="local_y" v="58717.7415"/>
    <tag k="ele" v="0"/>
  </node>
  <node version="1" id="6275" lat="47.46698124804" lon="19.15072729041">
    <tag k="local_x" v="60639.6816"/>
    <tag k="local_y" v="58717.698"/>
    <tag k="ele" v="0"/>
  </node>
  <node version="1" id="6276" lat="47.46698086674" lon="19.15072802967">
    <tag k="local_x" v="60639.7363"/>
    <tag k="local_y" v="58717.6543"/>
    <tag k="ele" v="0"/>
  </node>
  <node version="1" id="6277" lat="47.46698048273" lon="19.15072876902">
    <tag k="local_x" v="60639.791"/>
    <tag k="local_y" v="58717.6103"/>
    <tag k="ele" v="0"/>
  </node>
  <node version="1" id="6278" lat="47.46698009777" lon="19.15072950442">
    <tag k="local_x" v="60639.8454"/>
    <tag k="local_y" v="58717.5662"/>
    <tag k="ele" v="0"/>
  </node>
  <node version="1" id="6279" lat="47.4669797083" lon="19.15073023998">
    <tag k="local_x" v="60639.8998"/>
    <tag k="local_y" v="58717.5216"/>
    <tag k="ele" v="0"/>
  </node>
  <node version="1" id="6280" lat="47.46697931702" lon="19.15073097427">
    <tag k="local_x" v="60639.9541"/>
    <tag k="local_y" v="58717.4768"/>
    <tag k="ele" v="0"/>
  </node>
  <node version="1" id="6281" lat="47.46697892304" lon="19.15073170866">
    <tag k="local_x" v="60640.0084"/>
    <tag k="local_y" v="58717.4317"/>
    <tag k="ele" v="0"/>
  </node>
  <node version="1" id="6282" lat="47.46697852542" lon="19.15073244053">
    <tag k="local_x" v="60640.0625"/>
    <tag k="local_y" v="58717.3862"/>
    <tag k="ele" v="0"/>
  </node>
  <node version="1" id="6283" lat="47.46697812508" lon="19.15073317116">
    <tag k="local_x" v="60640.1165"/>
    <tag k="local_y" v="58717.3404"/>
    <tag k="ele" v="0"/>
  </node>
  <node version="1" id="6284" lat="47.4669777229" lon="19.1507338992">
    <tag k="local_x" v="60640.1703"/>
    <tag k="local_y" v="58717.2944"/>
    <tag k="ele" v="0"/>
  </node>
  <node version="1" id="6285" lat="47.46697731887" lon="19.15073462466">
    <tag k="local_x" v="60640.2239"/>
    <tag k="local_y" v="58717.2482"/>
    <tag k="ele" v="0"/>
  </node>
  <node version="1" id="6286" lat="47.46697691211" lon="19.15073534755">
    <tag k="local_x" v="60640.2773"/>
    <tag k="local_y" v="58717.2017"/>
    <tag k="ele" v="0"/>
  </node>
  <node version="1" id="6287" lat="47.4669765035" lon="19.15073606786">
    <tag k="local_x" v="60640.3305"/>
    <tag k="local_y" v="58717.155"/>
    <tag k="ele" v="0"/>
  </node>
  <node version="1" id="6288" lat="47.46697609304" lon="19.15073678425">
    <tag k="local_x" v="60640.3834"/>
    <tag k="local_y" v="58717.1081"/>
    <tag k="ele" v="0"/>
  </node>
  <node version="1" id="6289" lat="47.46697567985" lon="19.15073749941">
    <tag k="local_x" v="60640.4362"/>
    <tag k="local_y" v="58717.0609"/>
    <tag k="ele" v="0"/>
  </node>
  <node version="1" id="6290" lat="47.46697526394" lon="19.15073821334">
    <tag k="local_x" v="60640.4889"/>
    <tag k="local_y" v="58717.0134"/>
    <tag k="ele" v="0"/>
  </node>
  <node version="1" id="6291" lat="47.46697484619" lon="19.15073892467">
    <tag k="local_x" v="60640.5414"/>
    <tag k="local_y" v="58716.9657"/>
    <tag k="ele" v="0"/>
  </node>
  <node version="1" id="6292" lat="47.46697442482" lon="19.15073963481">
    <tag k="local_x" v="60640.5938"/>
    <tag k="local_y" v="58716.9176"/>
    <tag k="ele" v="0"/>
  </node>
  <node version="1" id="6293" lat="47.46697400074" lon="19.15074034372">
    <tag k="local_x" v="60640.6461"/>
    <tag k="local_y" v="58716.8692"/>
    <tag k="ele" v="0"/>
  </node>
  <node version="1" id="6294" lat="47.46697357393" lon="19.15074105139">
    <tag k="local_x" v="60640.6983"/>
    <tag k="local_y" v="58716.8205"/>
    <tag k="ele" v="0"/>
  </node>
  <node version="1" id="6295" lat="47.46697314349" lon="19.15074175654">
    <tag k="local_x" v="60640.7503"/>
    <tag k="local_y" v="58716.7714"/>
    <tag k="ele" v="0"/>
  </node>
  <node version="1" id="6296" lat="47.46697270942" lon="19.15074246049">
    <tag k="local_x" v="60640.8022"/>
    <tag k="local_y" v="58716.7219"/>
    <tag k="ele" v="0"/>
  </node>
  <node version="1" id="6297" lat="47.46697227351" lon="19.15074316185">
    <tag k="local_x" v="60640.8539"/>
    <tag k="local_y" v="58716.6722"/>
    <tag k="ele" v="0"/>
  </node>
  <node version="1" id="6298" lat="47.46697183574" lon="19.15074385929">
    <tag k="local_x" v="60640.9053"/>
    <tag k="local_y" v="58716.6223"/>
    <tag k="ele" v="0"/>
  </node>
  <node version="1" id="6299" lat="47.46697139699" lon="19.15074455146">
    <tag k="local_x" v="60640.9563"/>
    <tag k="local_y" v="58716.5723"/>
    <tag k="ele" v="0"/>
  </node>
  <node version="1" id="6300" lat="47.46697095725" lon="19.15074523836">
    <tag k="local_x" v="60641.0069"/>
    <tag k="local_y" v="58716.5222"/>
    <tag k="ele" v="0"/>
  </node>
  <node version="1" id="6301" lat="47.46697051743" lon="19.15074591995">
    <tag k="local_x" v="60641.0571"/>
    <tag k="local_y" v="58716.4721"/>
    <tag k="ele" v="0"/>
  </node>
  <node version="1" id="6302" lat="47.46697007752" lon="19.15074659624">
    <tag k="local_x" v="60641.1069"/>
    <tag k="local_y" v="58716.422"/>
    <tag k="ele" v="0"/>
  </node>
  <node version="1" id="6303" lat="47.46696963576" lon="19.15074726993">
    <tag k="local_x" v="60641.1565"/>
    <tag k="local_y" v="58716.3717"/>
    <tag k="ele" v="0"/>
  </node>
  <node version="1" id="6304" lat="47.46696919307" lon="19.15074794101">
    <tag k="local_x" v="60641.2059"/>
    <tag k="local_y" v="58716.3213"/>
    <tag k="ele" v="0"/>
  </node>
  <node version="1" id="6305" lat="47.46696874855" lon="19.15074861082">
    <tag k="local_x" v="60641.2552"/>
    <tag k="local_y" v="58716.2707"/>
    <tag k="ele" v="0"/>
  </node>
  <node version="1" id="6306" lat="47.4669683013" lon="19.15074927808">
    <tag k="local_x" v="60641.3043"/>
    <tag k="local_y" v="58716.2198"/>
    <tag k="ele" v="0"/>
  </node>
  <node version="1" id="6307" lat="47.46696785135" lon="19.15074994543">
    <tag k="local_x" v="60641.3534"/>
    <tag k="local_y" v="58716.1686"/>
    <tag k="ele" v="0"/>
  </node>
  <node version="1" id="6308" lat="47.46696739865" lon="19.15075061022">
    <tag k="local_x" v="60641.4023"/>
    <tag k="local_y" v="58716.1171"/>
    <tag k="ele" v="0"/>
  </node>
  <node version="1" id="6309" lat="47.46696694326" lon="19.1507512751">
    <tag k="local_x" v="60641.4512"/>
    <tag k="local_y" v="58716.0653"/>
    <tag k="ele" v="0"/>
  </node>
  <node version="1" id="6310" lat="47.46696648515" lon="19.15075193876">
    <tag k="local_x" v="60641.5"/>
    <tag k="local_y" v="58716.0132"/>
    <tag k="ele" v="0"/>
  </node>
  <node version="1" id="6311" lat="47.46696602518" lon="19.1507525985">
    <tag k="local_x" v="60641.5485"/>
    <tag k="local_y" v="58715.9609"/>
    <tag k="ele" v="0"/>
  </node>
  <node version="1" id="6312" lat="47.46696556248" lon="19.15075325701">
    <tag k="local_x" v="60641.5969"/>
    <tag k="local_y" v="58715.9083"/>
    <tag k="ele" v="0"/>
  </node>
  <node version="1" id="6313" lat="47.46696509707" lon="19.15075391428">
    <tag k="local_x" v="60641.6452"/>
    <tag k="local_y" v="58715.8554"/>
    <tag k="ele" v="0"/>
  </node>
  <node version="1" id="6314" lat="47.46696463067" lon="19.15075456628">
    <tag k="local_x" v="60641.6931"/>
    <tag k="local_y" v="58715.8024"/>
    <tag k="ele" v="0"/>
  </node>
  <node version="1" id="6315" lat="47.46696416068" lon="19.15075521841">
    <tag k="local_x" v="60641.741"/>
    <tag k="local_y" v="58715.749"/>
    <tag k="ele" v="0"/>
  </node>
  <node version="1" id="6316" lat="47.46696368972" lon="19.15075586659">
    <tag k="local_x" v="60641.7886"/>
    <tag k="local_y" v="58715.6955"/>
    <tag k="ele" v="0"/>
  </node>
  <node version="1" id="6317" lat="47.46696321602" lon="19.15075651222">
    <tag k="local_x" v="60641.836"/>
    <tag k="local_y" v="58715.6417"/>
    <tag k="ele" v="0"/>
  </node>
  <node version="1" id="6318" lat="47.46696274136" lon="19.15075715389">
    <tag k="local_x" v="60641.8831"/>
    <tag k="local_y" v="58715.5878"/>
    <tag k="ele" v="0"/>
  </node>
  <node version="1" id="6319" lat="47.46696226395" lon="19.15075779301">
    <tag k="local_x" v="60641.93"/>
    <tag k="local_y" v="58715.5336"/>
    <tag k="ele" v="0"/>
  </node>
  <node version="1" id="6320" lat="47.46696178561" lon="19.15075842951">
    <tag k="local_x" v="60641.9767"/>
    <tag k="local_y" v="58715.4793"/>
    <tag k="ele" v="0"/>
  </node>
  <node version="1" id="6321" lat="47.46696130542" lon="19.15075906342">
    <tag k="local_x" v="60642.0232"/>
    <tag k="local_y" v="58715.4248"/>
    <tag k="ele" v="0"/>
  </node>
  <node version="1" id="6322" lat="47.46696082249" lon="19.15075969477">
    <tag k="local_x" v="60642.0695"/>
    <tag k="local_y" v="58715.37"/>
    <tag k="ele" v="0"/>
  </node>
  <node version="1" id="6323" lat="47.46696033772" lon="19.15076032353">
    <tag k="local_x" v="60642.1156"/>
    <tag k="local_y" v="58715.315"/>
    <tag k="ele" v="0"/>
  </node>
  <node version="1" id="6324" lat="47.46695985113" lon="19.15076095102">
    <tag k="local_x" v="60642.1616"/>
    <tag k="local_y" v="58715.2598"/>
    <tag k="ele" v="0"/>
  </node>
  <node version="1" id="6325" lat="47.46695936178" lon="19.15076157464">
    <tag k="local_x" v="60642.2073"/>
    <tag k="local_y" v="58715.2043"/>
    <tag k="ele" v="0"/>
  </node>
  <node version="1" id="6326" lat="47.46695887059" lon="19.15076219566">
    <tag k="local_x" v="60642.2528"/>
    <tag k="local_y" v="58715.1486"/>
    <tag k="ele" v="0"/>
  </node>
  <node version="1" id="6327" lat="47.46695837667" lon="19.15076281545">
    <tag k="local_x" v="60642.2982"/>
    <tag k="local_y" v="58715.0926"/>
    <tag k="ele" v="0"/>
  </node>
  <node version="1" id="6328" lat="47.46695788092" lon="19.15076343266">
    <tag k="local_x" v="60642.3434"/>
    <tag k="local_y" v="58715.0364"/>
    <tag k="ele" v="0"/>
  </node>
  <node version="1" id="6329" lat="47.46695738243" lon="19.1507640473">
    <tag k="local_x" v="60642.3884"/>
    <tag k="local_y" v="58714.9799"/>
    <tag k="ele" v="0"/>
  </node>
  <node version="1" id="6330" lat="47.46695688121" lon="19.15076466071">
    <tag k="local_x" v="60642.4333"/>
    <tag k="local_y" v="58714.9231"/>
    <tag k="ele" v="0"/>
  </node>
  <node version="1" id="6331" lat="47.46695637636" lon="19.1507652716">
    <tag k="local_x" v="60642.478"/>
    <tag k="local_y" v="58714.8659"/>
    <tag k="ele" v="0"/>
  </node>
  <node version="1" id="6332" lat="47.46695586964" lon="19.15076587857">
    <tag k="local_x" v="60642.5224"/>
    <tag k="local_y" v="58714.8085"/>
    <tag k="ele" v="0"/>
  </node>
  <node version="1" id="6333" lat="47.4669553602" lon="19.15076648431">
    <tag k="local_x" v="60642.5667"/>
    <tag k="local_y" v="58714.7508"/>
    <tag k="ele" v="0"/>
  </node>
  <node version="1" id="6334" lat="47.4669548498" lon="19.1507670861">
    <tag k="local_x" v="60642.6107"/>
    <tag k="local_y" v="58714.693"/>
    <tag k="ele" v="0"/>
  </node>
  <node version="1" id="6335" lat="47.46695433842" lon="19.15076768262">
    <tag k="local_x" v="60642.6543"/>
    <tag k="local_y" v="58714.6351"/>
    <tag k="ele" v="0"/>
  </node>
  <node version="1" id="6336" lat="47.46695382695" lon="19.15076827384">
    <tag k="local_x" v="60642.6975"/>
    <tag k="local_y" v="58714.5772"/>
    <tag k="ele" v="0"/>
  </node>
  <node version="1" id="6337" lat="47.4669533092" lon="19.1507688666">
    <tag k="local_x" v="60642.7408"/>
    <tag k="local_y" v="58714.5186"/>
    <tag k="ele" v="0"/>
  </node>
  <node version="1" id="6338" lat="47.46695269949" lon="19.15076955946">
    <tag k="local_x" v="60642.7914"/>
    <tag k="local_y" v="58714.4496"/>
    <tag k="ele" v="0"/>
  </node>
  <node version="1" id="6339" lat="47.46695209412" lon="19.15077024288">
    <tag k="local_x" v="60642.8413"/>
    <tag k="local_y" v="58714.3811"/>
    <tag k="ele" v="0"/>
  </node>
  <node version="1" id="6340" lat="47.46695148779" lon="19.15077092235">
    <tag k="local_x" v="60642.8909"/>
    <tag k="local_y" v="58714.3125"/>
    <tag k="ele" v="0"/>
  </node>
  <node version="1" id="6341" lat="47.46695088142" lon="19.15077159916">
    <tag k="local_x" v="60642.9403"/>
    <tag k="local_y" v="58714.2439"/>
    <tag k="ele" v="0"/>
  </node>
  <node version="1" id="6342" lat="47.46695027057" lon="19.15077227747">
    <tag k="local_x" v="60642.9898"/>
    <tag k="local_y" v="58714.1748"/>
    <tag k="ele" v="0"/>
  </node>
  <node version="1" id="6343" lat="47.46694975246" lon="19.15077284768">
    <tag k="local_x" v="60643.0314"/>
    <tag k="local_y" v="58714.1162"/>
    <tag k="ele" v="0"/>
  </node>
  <node version="1" id="6344" lat="47.46694923607" lon="19.15077341253">
    <tag k="local_x" v="60643.0726"/>
    <tag k="local_y" v="58714.0578"/>
    <tag k="ele" v="0"/>
  </node>
  <node version="1" id="6345" lat="47.46694871697" lon="19.15077397747">
    <tag k="local_x" v="60643.1138"/>
    <tag k="local_y" v="58713.9991"/>
    <tag k="ele" v="0"/>
  </node>
  <node version="1" id="6346" lat="47.46694819428" lon="19.15077454254">
    <tag k="local_x" v="60643.155"/>
    <tag k="local_y" v="58713.94"/>
    <tag k="ele" v="0"/>
  </node>
  <node version="1" id="6347" lat="47.46694766707" lon="19.15077510643">
    <tag k="local_x" v="60643.1961"/>
    <tag k="local_y" v="58713.8804"/>
    <tag k="ele" v="0"/>
  </node>
  <node version="1" id="6348" lat="47.46694713537" lon="19.15077567049">
    <tag k="local_x" v="60643.2372"/>
    <tag k="local_y" v="58713.8203"/>
    <tag k="ele" v="0"/>
  </node>
  <node version="1" id="6349" lat="47.46694660092" lon="19.15077623199">
    <tag k="local_x" v="60643.2781"/>
    <tag k="local_y" v="58713.7599"/>
    <tag k="ele" v="0"/>
  </node>
  <node version="1" id="6350" lat="47.46694606376" lon="19.15077679226">
    <tag k="local_x" v="60643.3189"/>
    <tag k="local_y" v="58713.6992"/>
    <tag k="ele" v="0"/>
  </node>
  <node version="1" id="6351" lat="47.46694552203" lon="19.1507773487">
    <tag k="local_x" v="60643.3594"/>
    <tag k="local_y" v="58713.638"/>
    <tag k="ele" v="0"/>
  </node>
  <node version="1" id="6352" lat="47.46694497846" lon="19.15077790256">
    <tag k="local_x" v="60643.3997"/>
    <tag k="local_y" v="58713.5766"/>
    <tag k="ele" v="0"/>
  </node>
  <node version="1" id="6353" lat="47.46694443303" lon="19.1507784525">
    <tag k="local_x" v="60643.4397"/>
    <tag k="local_y" v="58713.515"/>
    <tag k="ele" v="0"/>
  </node>
  <node version="1" id="6354" lat="47.46694388576" lon="19.15077899985">
    <tag k="local_x" v="60643.4795"/>
    <tag k="local_y" v="58713.4532"/>
    <tag k="ele" v="0"/>
  </node>
  <node version="1" id="6355" lat="47.4669433375" lon="19.15077954193">
    <tag k="local_x" v="60643.5189"/>
    <tag k="local_y" v="58713.3913"/>
    <tag k="ele" v="0"/>
  </node>
  <node version="1" id="6356" lat="47.46694278648" lon="19.15078008012">
    <tag k="local_x" v="60643.558"/>
    <tag k="local_y" v="58713.3291"/>
    <tag k="ele" v="0"/>
  </node>
  <node version="1" id="6357" lat="47.46694223448" lon="19.15078061304">
    <tag k="local_x" v="60643.5967"/>
    <tag k="local_y" v="58713.2668"/>
    <tag k="ele" v="0"/>
  </node>
  <node version="1" id="6358" lat="47.46694168153" lon="19.15078114334">
    <tag k="local_x" v="60643.6352"/>
    <tag k="local_y" v="58713.2044"/>
    <tag k="ele" v="0"/>
  </node>
  <node version="1" id="6359" lat="47.46694112582" lon="19.15078166976">
    <tag k="local_x" v="60643.6734"/>
    <tag k="local_y" v="58713.1417"/>
    <tag k="ele" v="0"/>
  </node>
  <node version="1" id="6360" lat="47.46694056827" lon="19.15078219358">
    <tag k="local_x" v="60643.7114"/>
    <tag k="local_y" v="58713.0788"/>
    <tag k="ele" v="0"/>
  </node>
  <node version="1" id="6361" lat="47.46694000886" lon="19.15078271349">
    <tag k="local_x" v="60643.7491"/>
    <tag k="local_y" v="58713.0157"/>
    <tag k="ele" v="0"/>
  </node>
  <node version="1" id="6362" lat="47.46693944848" lon="19.15078322946">
    <tag k="local_x" v="60643.7865"/>
    <tag k="local_y" v="58712.9525"/>
    <tag k="ele" v="0"/>
  </node>
  <node version="1" id="6363" lat="47.46693888624" lon="19.1507837415">
    <tag k="local_x" v="60643.8236"/>
    <tag k="local_y" v="58712.8891"/>
    <tag k="ele" v="0"/>
  </node>
  <node version="1" id="6364" lat="47.46693832304" lon="19.1507842496">
    <tag k="local_x" v="60643.8604"/>
    <tag k="local_y" v="58712.8256"/>
    <tag k="ele" v="0"/>
  </node>
  <node version="1" id="6365" lat="47.46693775708" lon="19.15078475382">
    <tag k="local_x" v="60643.8969"/>
    <tag k="local_y" v="58712.7618"/>
    <tag k="ele" v="0"/>
  </node>
  <node version="1" id="6366" lat="47.46693719017" lon="19.15078525541">
    <tag k="local_x" v="60643.9332"/>
    <tag k="local_y" v="58712.6979"/>
    <tag k="ele" v="0"/>
  </node>
  <node version="1" id="6367" lat="47.46693662317" lon="19.1507857517">
    <tag k="local_x" v="60643.9691"/>
    <tag k="local_y" v="58712.634"/>
    <tag k="ele" v="0"/>
  </node>
  <node version="1" id="6368" lat="47.46693605346" lon="19.15078624676">
    <tag k="local_x" v="60644.0049"/>
    <tag k="local_y" v="58712.5698"/>
    <tag k="ele" v="0"/>
  </node>
  <node version="1" id="6369" lat="47.46693548277" lon="19.15078673655">
    <tag k="local_x" v="60644.0403"/>
    <tag k="local_y" v="58712.5055"/>
    <tag k="ele" v="0"/>
  </node>
  <node version="1" id="6370" lat="47.46693491113" lon="19.15078722371">
    <tag k="local_x" v="60644.0755"/>
    <tag k="local_y" v="58712.4411"/>
    <tag k="ele" v="0"/>
  </node>
  <node version="1" id="6371" lat="47.46693433852" lon="19.15078770693">
    <tag k="local_x" v="60644.1104"/>
    <tag k="local_y" v="58712.3766"/>
    <tag k="ele" v="0"/>
  </node>
  <node version="1" id="6372" lat="47.46693376318" lon="19.15078818759">
    <tag k="local_x" v="60644.1451"/>
    <tag k="local_y" v="58712.3118"/>
    <tag k="ele" v="0"/>
  </node>
  <node version="1" id="6373" lat="47.46693318687" lon="19.1507886643">
    <tag k="local_x" v="60644.1795"/>
    <tag k="local_y" v="58712.2469"/>
    <tag k="ele" v="0"/>
  </node>
  <node version="1" id="6374" lat="47.46693260785" lon="19.15078913978">
    <tag k="local_x" v="60644.2138"/>
    <tag k="local_y" v="58712.1817"/>
    <tag k="ele" v="0"/>
  </node>
  <node version="1" id="6375" lat="47.46693202783" lon="19.15078960998">
    <tag k="local_x" v="60644.2477"/>
    <tag k="local_y" v="58712.1164"/>
    <tag k="ele" v="0"/>
  </node>
  <node version="1" id="6376" lat="47.4669314451" lon="19.15079007896">
    <tag k="local_x" v="60644.2815"/>
    <tag k="local_y" v="58712.0508"/>
    <tag k="ele" v="0"/>
  </node>
  <node version="1" id="6377" lat="47.46693085961" lon="19.15079054405">
    <tag k="local_x" v="60644.315"/>
    <tag k="local_y" v="58711.9849"/>
    <tag k="ele" v="0"/>
  </node>
  <node version="1" id="6378" lat="47.46693027228" lon="19.15079100655">
    <tag k="local_x" v="60644.3483"/>
    <tag k="local_y" v="58711.9188"/>
    <tag k="ele" v="0"/>
  </node>
  <node version="1" id="6379" lat="47.4669296822" lon="19.15079146649">
    <tag k="local_x" v="60644.3814"/>
    <tag k="local_y" v="58711.8524"/>
    <tag k="ele" v="0"/>
  </node>
  <node version="1" id="6380" lat="47.46692909028" lon="19.15079192385">
    <tag k="local_x" v="60644.4143"/>
    <tag k="local_y" v="58711.7858"/>
    <tag k="ele" v="0"/>
  </node>
  <node version="1" id="6381" lat="47.46692849558" lon="19.15079237599">
    <tag k="local_x" v="60644.4468"/>
    <tag k="local_y" v="58711.7189"/>
    <tag k="ele" v="0"/>
  </node>
  <node version="1" id="6382" lat="47.46692789906" lon="19.15079282687">
    <tag k="local_x" v="60644.4792"/>
    <tag k="local_y" v="58711.6518"/>
    <tag k="ele" v="0"/>
  </node>
  <node version="1" id="6383" lat="47.46692729976" lon="19.15079327254">
    <tag k="local_x" v="60644.5112"/>
    <tag k="local_y" v="58711.5844"/>
    <tag k="ele" v="0"/>
  </node>
  <node version="1" id="6384" lat="47.46692669772" lon="19.15079371565">
    <tag k="local_x" v="60644.543"/>
    <tag k="local_y" v="58711.5167"/>
    <tag k="ele" v="0"/>
  </node>
  <node version="1" id="6385" lat="47.46692609379" lon="19.15079415352">
    <tag k="local_x" v="60644.5744"/>
    <tag k="local_y" v="58711.4488"/>
    <tag k="ele" v="0"/>
  </node>
  <node version="1" id="6386" lat="47.46692548714" lon="19.15079459016">
    <tag k="local_x" v="60644.6057"/>
    <tag k="local_y" v="58711.3806"/>
    <tag k="ele" v="0"/>
  </node>
  <node version="1" id="6387" lat="47.46692487771" lon="19.15079502159">
    <tag k="local_x" v="60644.6366"/>
    <tag k="local_y" v="58711.3121"/>
    <tag k="ele" v="0"/>
  </node>
  <node version="1" id="6388" lat="47.46692426641" lon="19.1507954491">
    <tag k="local_x" v="60644.6672"/>
    <tag k="local_y" v="58711.2434"/>
    <tag k="ele" v="0"/>
  </node>
  <node version="1" id="6389" lat="47.46692365323" lon="19.15079587137">
    <tag k="local_x" v="60644.6974"/>
    <tag k="local_y" v="58711.1745"/>
    <tag k="ele" v="0"/>
  </node>
  <node version="1" id="6390" lat="47.46692303909" lon="19.15079628969">
    <tag k="local_x" v="60644.7273"/>
    <tag k="local_y" v="58711.1055"/>
    <tag k="ele" v="0"/>
  </node>
  <node version="1" id="6391" lat="47.46692242398" lon="19.15079670407">
    <tag k="local_x" v="60644.7569"/>
    <tag k="local_y" v="58711.0364"/>
    <tag k="ele" v="0"/>
  </node>
  <node version="1" id="6392" lat="47.46692180879" lon="19.15079711314">
    <tag k="local_x" v="60644.7861"/>
    <tag k="local_y" v="58710.9673"/>
    <tag k="ele" v="0"/>
  </node>
  <node version="1" id="6393" lat="47.46692119172" lon="19.15079751697">
    <tag k="local_x" v="60644.8149"/>
    <tag k="local_y" v="58710.898"/>
    <tag k="ele" v="0"/>
  </node>
  <node version="1" id="6411" lat="47.46688309007" lon="19.15081711872">
    <tag k="local_x" v="60646.1913"/>
    <tag k="local_y" v="58706.6286"/>
    <tag k="ele" v="0"/>
  </node>
  <node version="1" id="6412" lat="47.46687946468" lon="19.15081768117">
    <tag k="local_x" v="60646.2241"/>
    <tag k="local_y" v="58706.2247"/>
    <tag k="ele" v="0"/>
  </node>
  <node version="1" id="6413" lat="47.46687581638" lon="19.15081810642">
    <tag k="local_x" v="60646.2465"/>
    <tag k="local_y" v="58705.8185"/>
    <tag k="ele" v="0"/>
  </node>
  <node version="1" id="6414" lat="47.46687217281" lon="19.1508183789">
    <tag k="local_x" v="60646.2574"/>
    <tag k="local_y" v="58705.4131"/>
    <tag k="ele" v="0"/>
  </node>
  <node version="1" id="6415" lat="47.46686844105" lon="19.15081853902">
    <tag k="local_x" v="60646.2596"/>
    <tag k="local_y" v="58704.9981"/>
    <tag k="ele" v="0"/>
  </node>
  <node version="1" id="6416" lat="47.46686467749" lon="19.15081845741">
    <tag k="local_x" v="60646.2435"/>
    <tag k="local_y" v="58704.58"/>
    <tag k="ele" v="0"/>
  </node>
  <node version="1" id="6417" lat="47.46686098121" lon="19.15081825136">
    <tag k="local_x" v="60646.2182"/>
    <tag k="local_y" v="58704.1696"/>
    <tag k="ele" v="0"/>
  </node>
  <node version="1" id="6418" lat="47.46685728796" lon="19.15081789791">
    <tag k="local_x" v="60646.1818"/>
    <tag k="local_y" v="58703.7598"/>
    <tag k="ele" v="0"/>
  </node>
  <node version="1" id="6419" lat="47.4668535847" lon="19.1508174267">
    <tag k="local_x" v="60646.1365"/>
    <tag k="local_y" v="58703.3491"/>
    <tag k="ele" v="0"/>
  </node>
  <node version="1" id="6420" lat="47.4668498535" lon="19.15081678529">
    <tag k="local_x" v="60646.0783"/>
    <tag k="local_y" v="58702.9356"/>
    <tag k="ele" v="0"/>
  </node>
  <node version="1" id="6421" lat="47.46684613428" lon="19.15081599351">
    <tag k="local_x" v="60646.0088"/>
    <tag k="local_y" v="58702.5237"/>
    <tag k="ele" v="0"/>
  </node>
  <node version="1" id="6422" lat="47.46684247156" lon="19.15081507898">
    <tag k="local_x" v="60645.9302"/>
    <tag k="local_y" v="58702.1183"/>
    <tag k="ele" v="0"/>
  </node>
  <node version="1" id="6423" lat="47.46683881063" lon="19.1508140516">
    <tag k="local_x" v="60645.8431"/>
    <tag k="local_y" v="58701.7133"/>
    <tag k="ele" v="0"/>
  </node>
  <node version="1" id="6424" lat="47.46683516475" lon="19.15081289763">
    <tag k="local_x" v="60645.7465"/>
    <tag k="local_y" v="58701.3102"/>
    <tag k="ele" v="0"/>
  </node>
  <node version="1" id="6425" lat="47.46683152595" lon="19.1508116253">
    <tag k="local_x" v="60645.641"/>
    <tag k="local_y" v="58700.9081"/>
    <tag k="ele" v="0"/>
  </node>
  <node version="1" id="6426" lat="47.466827925" lon="19.15081024416">
    <tag k="local_x" v="60645.5274"/>
    <tag k="local_y" v="58700.5104"/>
    <tag k="ele" v="0"/>
  </node>
  <node version="1" id="6427" lat="47.46682433691" lon="19.15080876835">
    <tag k="local_x" v="60645.4067"/>
    <tag k="local_y" v="58700.1143"/>
    <tag k="ele" v="0"/>
  </node>
  <node version="1" id="6428" lat="47.46682075682" lon="19.15080717415">
    <tag k="local_x" v="60645.2771"/>
    <tag k="local_y" v="58699.7193"/>
    <tag k="ele" v="0"/>
  </node>
  <node version="1" id="6429" lat="47.46681722404" lon="19.15080550133">
    <tag k="local_x" v="60645.1417"/>
    <tag k="local_y" v="58699.3297"/>
    <tag k="ele" v="0"/>
  </node>
  <node version="1" id="6430" lat="47.46681374163" lon="19.15080377101">
    <tag k="local_x" v="60645.0021"/>
    <tag k="local_y" v="58698.9458"/>
    <tag k="ele" v="0"/>
  </node>
  <node version="1" id="6431" lat="47.46681028458" lon="19.15080199468">
    <tag k="local_x" v="60644.8591"/>
    <tag k="local_y" v="58698.5648"/>
    <tag k="ele" v="0"/>
  </node>
  <node version="1" id="6432" lat="47.46680680343" lon="19.15080011967">
    <tag k="local_x" v="60644.7086"/>
    <tag k="local_y" v="58698.1813"/>
    <tag k="ele" v="0"/>
  </node>
  <node version="1" id="6433" lat="47.4668033425" lon="19.15079815902">
    <tag k="local_x" v="60644.5517"/>
    <tag k="local_y" v="58697.8002"/>
    <tag k="ele" v="0"/>
  </node>
  <node version="1" id="6434" lat="47.46679989643" lon="19.15079611558">
    <tag k="local_x" v="60644.3886"/>
    <tag k="local_y" v="58697.4209"/>
    <tag k="ele" v="0"/>
  </node>
  <node version="1" id="6435" lat="47.4667964788" lon="19.15079399417">
    <tag k="local_x" v="60644.2197"/>
    <tag k="local_y" v="58697.0449"/>
    <tag k="ele" v="0"/>
  </node>
  <node version="1" id="6436" lat="47.46679308442" lon="19.15079180825">
    <tag k="local_x" v="60644.046"/>
    <tag k="local_y" v="58696.6716"/>
    <tag k="ele" v="0"/>
  </node>
  <node version="1" id="6437" lat="47.46678968056" lon="19.15078953641">
    <tag k="local_x" v="60643.8658"/>
    <tag k="local_y" v="58696.2974"/>
    <tag k="ele" v="0"/>
  </node>
  <node version="1" id="6438" lat="47.46678631576" lon="19.15078717561">
    <tag k="local_x" v="60643.679"/>
    <tag k="local_y" v="58695.9277"/>
    <tag k="ele" v="0"/>
  </node>
  <node version="1" id="6439" lat="47.46678300292" lon="19.15078480105">
    <tag k="local_x" v="60643.4913"/>
    <tag k="local_y" v="58695.5638"/>
    <tag k="ele" v="0"/>
  </node>
  <node version="1" id="6440" lat="47.46677971287" lon="19.15078238854">
    <tag k="local_x" v="60643.3008"/>
    <tag k="local_y" v="58695.2025"/>
    <tag k="ele" v="0"/>
  </node>
  <node version="1" id="6441" lat="47.46677644691" lon="19.15077996324">
    <tag k="local_x" v="60643.1094"/>
    <tag k="local_y" v="58694.8439"/>
    <tag k="ele" v="0"/>
  </node>
  <node version="1" id="6442" lat="47.46677323332" lon="19.15077754937">
    <tag k="local_x" v="60642.919"/>
    <tag k="local_y" v="58694.4911"/>
    <tag k="ele" v="0"/>
  </node>
  <node version="1" id="6443" lat="47.46677003671" lon="19.150775184">
    <tag k="local_x" v="60642.7323"/>
    <tag k="local_y" v="58694.1401"/>
    <tag k="ele" v="0"/>
  </node>
  <node version="1" id="6444" lat="47.46676680977" lon="19.15077277856">
    <tag k="local_x" v="60642.5425"/>
    <tag k="local_y" v="58693.7858"/>
    <tag k="ele" v="0"/>
  </node>
  <node version="1" id="6445" lat="47.4667635826" lon="19.15077035986">
    <tag k="local_x" v="60642.3517"/>
    <tag k="local_y" v="58693.4315"/>
    <tag k="ele" v="0"/>
  </node>
  <node version="1" id="6446" lat="47.46676034058" lon="19.15076791249">
    <tag k="local_x" v="60642.1587"/>
    <tag k="local_y" v="58693.0756"/>
    <tag k="ele" v="0"/>
  </node>
  <node version="1" id="6447" lat="47.46675710511" lon="19.15076542507">
    <tag k="local_x" v="60641.9627"/>
    <tag k="local_y" v="58692.7205"/>
    <tag k="ele" v="0"/>
  </node>
  <node version="1" id="6448" lat="47.46675388829" lon="19.15076292241">
    <tag k="local_x" v="60641.7656"/>
    <tag k="local_y" v="58692.3675"/>
    <tag k="ele" v="0"/>
  </node>
  <node version="1" id="6449" lat="47.46675067306" lon="19.15076040642">
    <tag k="local_x" v="60641.5675"/>
    <tag k="local_y" v="58692.0147"/>
    <tag k="ele" v="0"/>
  </node>
  <node version="1" id="6450" lat="47.46674745564" lon="19.15075786662">
    <tag k="local_x" v="60641.3676"/>
    <tag k="local_y" v="58691.6617"/>
    <tag k="ele" v="0"/>
  </node>
  <node version="1" id="6451" lat="47.46674424032" lon="19.15075528959">
    <tag k="local_x" v="60641.1649"/>
    <tag k="local_y" v="58691.309"/>
    <tag k="ele" v="0"/>
  </node>
  <node version="1" id="6452" lat="47.46674104962" lon="19.15075273293">
    <tag k="local_x" v="60640.9638"/>
    <tag k="local_y" v="58690.959"/>
    <tag k="ele" v="0"/>
  </node>
  <node version="1" id="6453" lat="47.4667378525" lon="19.15075016853">
    <tag k="local_x" v="60640.7621"/>
    <tag k="local_y" v="58690.6083"/>
    <tag k="ele" v="0"/>
  </node>
  <node version="1" id="6454" lat="47.46673465964" lon="19.15074758939">
    <tag k="local_x" v="60640.5593"/>
    <tag k="local_y" v="58690.2581"/>
    <tag k="ele" v="0"/>
  </node>
  <node version="1" id="6455" lat="47.46673147858" lon="19.15074501647">
    <tag k="local_x" v="60640.357"/>
    <tag k="local_y" v="58689.9092"/>
    <tag k="ele" v="0"/>
  </node>
  <node version="1" id="6456" lat="47.46672831763" lon="19.15074246275">
    <tag k="local_x" v="60640.1562"/>
    <tag k="local_y" v="58689.5625"/>
    <tag k="ele" v="0"/>
  </node>
  <node version="1" id="6457" lat="47.46672513933" lon="19.15073989371">
    <tag k="local_x" v="60639.9542"/>
    <tag k="local_y" v="58689.2139"/>
    <tag k="ele" v="0"/>
  </node>
  <node version="1" id="6458" lat="47.46672196722" lon="19.15073731782">
    <tag k="local_x" v="60639.7517"/>
    <tag k="local_y" v="58688.866"/>
    <tag k="ele" v="0"/>
  </node>
  <node version="1" id="6459" lat="47.46671879516" lon="19.15073474459">
    <tag k="local_x" v="60639.5494"/>
    <tag k="local_y" v="58688.5181"/>
    <tag k="ele" v="0"/>
  </node>
  <node version="1" id="6460" lat="47.46671563198" lon="19.15073216441">
    <tag k="local_x" v="60639.3466"/>
    <tag k="local_y" v="58688.1712"/>
    <tag k="ele" v="0"/>
  </node>
  <node version="1" id="6461" lat="47.46671246449" lon="19.15072959632">
    <tag k="local_x" v="60639.1447"/>
    <tag k="local_y" v="58687.8238"/>
    <tag k="ele" v="0"/>
  </node>
  <node version="1" id="6462" lat="47.4667092851" lon="19.15072701538">
    <tag k="local_x" v="60638.9418"/>
    <tag k="local_y" v="58687.4751"/>
    <tag k="ele" v="0"/>
  </node>
  <node version="1" id="6463" lat="47.46670609582" lon="19.15072443478">
    <tag k="local_x" v="60638.7389"/>
    <tag k="local_y" v="58687.1253"/>
    <tag k="ele" v="0"/>
  </node>
  <node version="1" id="6464" lat="47.46670292086" lon="19.15072184971">
    <tag k="local_x" v="60638.5357"/>
    <tag k="local_y" v="58686.7771"/>
    <tag k="ele" v="0"/>
  </node>
  <node version="1" id="6465" lat="47.46669975162" lon="19.15071928434">
    <tag k="local_x" v="60638.334"/>
    <tag k="local_y" v="58686.4295"/>
    <tag k="ele" v="0"/>
  </node>
  <node version="1" id="6466" lat="47.46669659129" lon="19.15071671335">
    <tag k="local_x" v="60638.1319"/>
    <tag k="local_y" v="58686.0829"/>
    <tag k="ele" v="0"/>
  </node>
  <node version="1" id="6467" lat="47.46669346305" lon="19.15071417971">
    <tag k="local_x" v="60637.9327"/>
    <tag k="local_y" v="58685.7398"/>
    <tag k="ele" v="0"/>
  </node>
  <node version="1" id="6468" lat="47.46669032124" lon="19.15071164125">
    <tag k="local_x" v="60637.7331"/>
    <tag k="local_y" v="58685.3952"/>
    <tag k="ele" v="0"/>
  </node>
  <node version="1" id="6469" lat="47.46668717403" lon="19.15070910297">
    <tag k="local_x" v="60637.5335"/>
    <tag k="local_y" v="58685.05"/>
    <tag k="ele" v="0"/>
  </node>
  <node version="1" id="6470" lat="47.46668403321" lon="19.15070656978">
    <tag k="local_x" v="60637.3343"/>
    <tag k="local_y" v="58684.7055"/>
    <tag k="ele" v="0"/>
  </node>
  <node version="1" id="6471" lat="47.46668087799" lon="19.15070403709">
    <tag k="local_x" v="60637.1351"/>
    <tag k="local_y" v="58684.3594"/>
    <tag k="ele" v="0"/>
  </node>
  <node version="1" id="6472" lat="47.46667771059" lon="19.15070147431">
    <tag k="local_x" v="60636.9336"/>
    <tag k="local_y" v="58684.012"/>
    <tag k="ele" v="0"/>
  </node>
  <node version="1" id="6473" lat="47.46667456512" lon="19.150698932">
    <tag k="local_x" v="60636.7337"/>
    <tag k="local_y" v="58683.667"/>
    <tag k="ele" v="0"/>
  </node>
  <node version="1" id="6474" lat="47.46667142975" lon="19.1506964026">
    <tag k="local_x" v="60636.5348"/>
    <tag k="local_y" v="58683.3231"/>
    <tag k="ele" v="0"/>
  </node>
  <node version="1" id="6475" lat="47.46666829081" lon="19.15069387465">
    <tag k="local_x" v="60636.336"/>
    <tag k="local_y" v="58682.9788"/>
    <tag k="ele" v="0"/>
  </node>
  <node version="1" id="6476" lat="47.4666651627" lon="19.15069134898">
    <tag k="local_x" v="60636.1374"/>
    <tag k="local_y" v="58682.6357"/>
    <tag k="ele" v="0"/>
  </node>
  <node version="1" id="6477" lat="47.46666203545" lon="19.15068882062">
    <tag k="local_x" v="60635.9386"/>
    <tag k="local_y" v="58682.2927"/>
    <tag k="ele" v="0"/>
  </node>
  <node version="1" id="6478" lat="47.4666589155" lon="19.15068629864">
    <tag k="local_x" v="60635.7403"/>
    <tag k="local_y" v="58681.9505"/>
    <tag k="ele" v="0"/>
  </node>
  <node version="1" id="6479" lat="47.46665579094" lon="19.15068377019">
    <tag k="local_x" v="60635.5415"/>
    <tag k="local_y" v="58681.6078"/>
    <tag k="ele" v="0"/>
  </node>
  <node version="1" id="6480" lat="47.46665265258" lon="19.15068122232">
    <tag k="local_x" v="60635.3412"/>
    <tag k="local_y" v="58681.2636"/>
    <tag k="ele" v="0"/>
  </node>
  <node version="1" id="6481" lat="47.46664954606" lon="19.15067869589">
    <tag k="local_x" v="60635.1426"/>
    <tag k="local_y" v="58680.9229"/>
    <tag k="ele" v="0"/>
  </node>
  <node version="1" id="6482" lat="47.46664644685" lon="19.15067617716">
    <tag k="local_x" v="60634.9446"/>
    <tag k="local_y" v="58680.583"/>
    <tag k="ele" v="0"/>
  </node>
  <node version="1" id="6483" lat="47.46664335577" lon="19.15067365948">
    <tag k="local_x" v="60634.7467"/>
    <tag k="local_y" v="58680.244"/>
    <tag k="ele" v="0"/>
  </node>
  <node version="1" id="6484" lat="47.46664027562" lon="19.1506711507">
    <tag k="local_x" v="60634.5495"/>
    <tag k="local_y" v="58679.9062"/>
    <tag k="ele" v="0"/>
  </node>
  <node version="1" id="6485" lat="47.46663720644" lon="19.15066865216">
    <tag k="local_x" v="60634.3531"/>
    <tag k="local_y" v="58679.5696"/>
    <tag k="ele" v="0"/>
  </node>
  <node version="1" id="6486" lat="47.46663411893" lon="19.15066613303">
    <tag k="local_x" v="60634.1551"/>
    <tag k="local_y" v="58679.231"/>
    <tag k="ele" v="0"/>
  </node>
  <node version="1" id="6487" lat="47.46663103592" lon="19.15066361374">
    <tag k="local_x" v="60633.9571"/>
    <tag k="local_y" v="58678.8929"/>
    <tag k="ele" v="0"/>
  </node>
  <node version="1" id="6488" lat="47.46662795002" lon="19.1506610826">
    <tag k="local_x" v="60633.7582"/>
    <tag k="local_y" v="58678.5545"/>
    <tag k="ele" v="0"/>
  </node>
  <node version="1" id="6489" lat="47.46662487409" lon="19.15065855643">
    <tag k="local_x" v="60633.5597"/>
    <tag k="local_y" v="58678.2172"/>
    <tag k="ele" v="0"/>
  </node>
  <node version="1" id="6490" lat="47.46662179814" lon="19.15065602893">
    <tag k="local_x" v="60633.3611"/>
    <tag k="local_y" v="58677.8799"/>
    <tag k="ele" v="0"/>
  </node>
  <node version="1" id="6491" lat="47.46661873312" lon="19.15065350901">
    <tag k="local_x" v="60633.1631"/>
    <tag k="local_y" v="58677.5438"/>
    <tag k="ele" v="0"/>
  </node>
  <node version="1" id="6492" lat="47.46661565633" lon="19.15065098552">
    <tag k="local_x" v="60632.9648"/>
    <tag k="local_y" v="58677.2064"/>
    <tag k="ele" v="0"/>
  </node>
  <node version="1" id="6493" lat="47.46661258756" lon="19.15064845644">
    <tag k="local_x" v="60632.7661"/>
    <tag k="local_y" v="58676.8699"/>
    <tag k="ele" v="0"/>
  </node>
  <node version="1" id="6494" lat="47.46660952866" lon="19.15064592569">
    <tag k="local_x" v="60632.5673"/>
    <tag k="local_y" v="58676.5345"/>
    <tag k="ele" v="0"/>
  </node>
  <node version="1" id="6495" lat="47.46660647973" lon="19.1506433999">
    <tag k="local_x" v="60632.3689"/>
    <tag k="local_y" v="58676.2002"/>
    <tag k="ele" v="0"/>
  </node>
  <node version="1" id="6496" lat="47.46660342624" lon="19.15064087029">
    <tag k="local_x" v="60632.1702"/>
    <tag k="local_y" v="58675.8654"/>
    <tag k="ele" v="0"/>
  </node>
  <node version="1" id="6497" lat="47.46660039179" lon="19.15063834929">
    <tag k="local_x" v="60631.9722"/>
    <tag k="local_y" v="58675.5327"/>
    <tag k="ele" v="0"/>
  </node>
  <node version="1" id="6498" lat="47.46659735396" lon="19.15063584169">
    <tag k="local_x" v="60631.7752"/>
    <tag k="local_y" v="58675.1996"/>
    <tag k="ele" v="0"/>
  </node>
  <node version="1" id="6499" lat="47.46659430337" lon="19.15063332392">
    <tag k="local_x" v="60631.5774"/>
    <tag k="local_y" v="58674.8651"/>
    <tag k="ele" v="0"/>
  </node>
  <node version="1" id="6500" lat="47.46659125455" lon="19.15063080476">
    <tag k="local_x" v="60631.3795"/>
    <tag k="local_y" v="58674.5308"/>
    <tag k="ele" v="0"/>
  </node>
  <node version="1" id="6501" lat="47.4665882256" lon="19.15062829021">
    <tag k="local_x" v="60631.182"/>
    <tag k="local_y" v="58674.1987"/>
    <tag k="ele" v="0"/>
  </node>
  <node version="1" id="6502" lat="47.46658520211" lon="19.15062577945">
    <tag k="local_x" v="60630.9848"/>
    <tag k="local_y" v="58673.8672"/>
    <tag k="ele" v="0"/>
  </node>
  <node version="1" id="6503" lat="47.46658218768" lon="19.15062327236">
    <tag k="local_x" v="60630.7879"/>
    <tag k="local_y" v="58673.5367"/>
    <tag k="ele" v="0"/>
  </node>
  <node version="1" id="6504" lat="47.46657917332" lon="19.15062076924">
    <tag k="local_x" v="60630.5913"/>
    <tag k="local_y" v="58673.2062"/>
    <tag k="ele" v="0"/>
  </node>
  <node version="1" id="6505" lat="47.46657617159" lon="19.15061826834">
    <tag k="local_x" v="60630.3949"/>
    <tag k="local_y" v="58672.8771"/>
    <tag k="ele" v="0"/>
  </node>
  <node version="1" id="6506" lat="47.46657314994" lon="19.15061576017">
    <tag k="local_x" v="60630.1979"/>
    <tag k="local_y" v="58672.5458"/>
    <tag k="ele" v="0"/>
  </node>
  <node version="1" id="6507" lat="47.46657013904" lon="19.15061324897">
    <tag k="local_x" v="60630.0007"/>
    <tag k="local_y" v="58672.2157"/>
    <tag k="ele" v="0"/>
  </node>
  <node version="1" id="6508" lat="47.46656713626" lon="19.15061073881">
    <tag k="local_x" v="60629.8036"/>
    <tag k="local_y" v="58671.8865"/>
    <tag k="ele" v="0"/>
  </node>
  <node version="1" id="6509" lat="47.46656412618" lon="19.15060822227">
    <tag k="local_x" v="60629.606"/>
    <tag k="local_y" v="58671.5565"/>
    <tag k="ele" v="0"/>
  </node>
  <node version="1" id="6510" lat="47.46656109053" lon="19.15060568275">
    <tag k="local_x" v="60629.4066"/>
    <tag k="local_y" v="58671.2237"/>
    <tag k="ele" v="0"/>
  </node>
  <node version="1" id="6511" lat="47.46655807023" lon="19.15060314667">
    <tag k="local_x" v="60629.2075"/>
    <tag k="local_y" v="58670.8926"/>
    <tag k="ele" v="0"/>
  </node>
  <node version="1" id="6512" lat="47.46655503638" lon="19.15060060708">
    <tag k="local_x" v="60629.0081"/>
    <tag k="local_y" v="58670.56"/>
    <tag k="ele" v="0"/>
  </node>
  <node version="1" id="6513" lat="47.46655199045" lon="19.15059804403">
    <tag k="local_x" v="60628.8069"/>
    <tag k="local_y" v="58670.2261"/>
    <tag k="ele" v="0"/>
  </node>
  <node version="1" id="6514" lat="47.46654896172" lon="19.15059548702">
    <tag k="local_x" v="60628.6062"/>
    <tag k="local_y" v="58669.8941"/>
    <tag k="ele" v="0"/>
  </node>
  <node version="1" id="6515" lat="47.46654594215" lon="19.1505929403">
    <tag k="local_x" v="60628.4063"/>
    <tag k="local_y" v="58669.5631"/>
    <tag k="ele" v="0"/>
  </node>
  <node version="1" id="6516" lat="47.46654292162" lon="19.15059038963">
    <tag k="local_x" v="60628.2061"/>
    <tag k="local_y" v="58669.232"/>
    <tag k="ele" v="0"/>
  </node>
  <node version="1" id="6517" lat="47.46653989558" lon="19.15058783252">
    <tag k="local_x" v="60628.0054"/>
    <tag k="local_y" v="58668.9003"/>
    <tag k="ele" v="0"/>
  </node>
  <node version="1" id="6518" lat="47.46653686951" lon="19.15058527275">
    <tag k="local_x" v="60627.8045"/>
    <tag k="local_y" v="58668.5686"/>
    <tag k="ele" v="0"/>
  </node>
  <node version="1" id="6519" lat="47.46653384332" lon="19.15058270636">
    <tag k="local_x" v="60627.6031"/>
    <tag k="local_y" v="58668.2369"/>
    <tag k="ele" v="0"/>
  </node>
  <node version="1" id="6520" lat="47.46653081801" lon="19.15058013861">
    <tag k="local_x" v="60627.4016"/>
    <tag k="local_y" v="58667.9053"/>
    <tag k="ele" v="0"/>
  </node>
  <node version="1" id="6521" lat="47.4665277569" lon="19.150577527">
    <tag k="local_x" v="60627.1967"/>
    <tag k="local_y" v="58667.5698"/>
    <tag k="ele" v="0"/>
  </node>
  <node version="1" id="6522" lat="47.4665247013" lon="19.15057492183">
    <tag k="local_x" v="60626.9923"/>
    <tag k="local_y" v="58667.2349"/>
    <tag k="ele" v="0"/>
  </node>
  <node version="1" id="6523" lat="47.46652164222" lon="19.15057232474">
    <tag k="local_x" v="60626.7885"/>
    <tag k="local_y" v="58666.8996"/>
    <tag k="ele" v="0"/>
  </node>
  <node version="1" id="6524" lat="47.46651857591" lon="19.15056972525">
    <tag k="local_x" v="60626.5845"/>
    <tag k="local_y" v="58666.5635"/>
    <tag k="ele" v="0"/>
  </node>
  <node version="1" id="6525" lat="47.46651550694" lon="19.15056712851">
    <tag k="local_x" v="60626.3807"/>
    <tag k="local_y" v="58666.2271"/>
    <tag k="ele" v="0"/>
  </node>
  <node version="1" id="6526" lat="47.46651245926" lon="19.15056456819">
    <tag k="local_x" v="60626.1797"/>
    <tag k="local_y" v="58665.893"/>
    <tag k="ele" v="0"/>
  </node>
  <node version="1" id="6527" lat="47.46650939519" lon="19.15056199649">
    <tag k="local_x" v="60625.9778"/>
    <tag k="local_y" v="58665.5571"/>
    <tag k="ele" v="0"/>
  </node>
  <node version="1" id="6528" lat="47.46650632196" lon="19.1505594145">
    <tag k="local_x" v="60625.7751"/>
    <tag k="local_y" v="58665.2202"/>
    <tag k="ele" v="0"/>
  </node>
  <node version="1" id="6529" lat="47.46650323604" lon="19.15055682632">
    <tag k="local_x" v="60625.5719"/>
    <tag k="local_y" v="58664.8819"/>
    <tag k="ele" v="0"/>
  </node>
  <node version="1" id="6530" lat="47.46650013268" lon="19.15055421752">
    <tag k="local_x" v="60625.3671"/>
    <tag k="local_y" v="58664.5417"/>
    <tag k="ele" v="0"/>
  </node>
  <node version="1" id="6531" lat="47.46649701358" lon="19.1505515814">
    <tag k="local_x" v="60625.1602"/>
    <tag k="local_y" v="58664.1998"/>
    <tag k="ele" v="0"/>
  </node>
  <node version="1" id="6532" lat="47.46649393811" lon="19.15054897162">
    <tag k="local_x" v="60624.9554"/>
    <tag k="local_y" v="58663.8627"/>
    <tag k="ele" v="0"/>
  </node>
  <node version="1" id="6533" lat="47.46649084507" lon="19.15054633327">
    <tag k="local_x" v="60624.7484"/>
    <tag k="local_y" v="58663.5237"/>
    <tag k="ele" v="0"/>
  </node>
  <node version="1" id="6534" lat="47.46648774426" lon="19.15054365936">
    <tag k="local_x" v="60624.5387"/>
    <tag k="local_y" v="58663.1839"/>
    <tag k="ele" v="0"/>
  </node>
  <node version="1" id="6535" lat="47.46648463043" lon="19.15054095936">
    <tag k="local_x" v="60624.327"/>
    <tag k="local_y" v="58662.8427"/>
    <tag k="ele" v="0"/>
  </node>
  <node version="1" id="6536" lat="47.46648151046" lon="19.15053821314">
    <tag k="local_x" v="60624.1118"/>
    <tag k="local_y" v="58662.5009"/>
    <tag k="ele" v="0"/>
  </node>
  <node version="1" id="6537" lat="47.46647831765" lon="19.150535358">
    <tag k="local_x" v="60623.8882"/>
    <tag k="local_y" v="58662.1512"/>
    <tag k="ele" v="0"/>
  </node>
  <node version="1" id="6538" lat="47.46647510526" lon="19.15053240536">
    <tag k="local_x" v="60623.6572"/>
    <tag k="local_y" v="58661.7995"/>
    <tag k="ele" v="0"/>
  </node>
  <node version="1" id="6539" lat="47.46647189035" lon="19.15052935195">
    <tag k="local_x" v="60623.4186"/>
    <tag k="local_y" v="58661.4477"/>
    <tag k="ele" v="0"/>
  </node>
  <node version="1" id="6540" lat="47.46646868978" lon="19.15052618391">
    <tag k="local_x" v="60623.1714"/>
    <tag k="local_y" v="58661.0977"/>
    <tag k="ele" v="0"/>
  </node>
  <node version="1" id="6541" lat="47.46646551093" lon="19.15052291161">
    <tag k="local_x" v="60622.9164"/>
    <tag k="local_y" v="58660.7503"/>
    <tag k="ele" v="0"/>
  </node>
  <node version="1" id="6542" lat="47.46646236175" lon="19.1505195268">
    <tag k="local_x" v="60622.653"/>
    <tag k="local_y" v="58660.4064"/>
    <tag k="ele" v="0"/>
  </node>
  <node version="1" id="6543" lat="47.46645926449" lon="19.15051606851">
    <tag k="local_x" v="60622.3842"/>
    <tag k="local_y" v="58660.0684"/>
    <tag k="ele" v="0"/>
  </node>
  <node version="1" id="6544" lat="47.46645620191" lon="19.15051252939">
    <tag k="local_x" v="60622.1094"/>
    <tag k="local_y" v="58659.7344"/>
    <tag k="ele" v="0"/>
  </node>
  <node version="1" id="6545" lat="47.46645316667" lon="19.1505089004">
    <tag k="local_x" v="60621.8279"/>
    <tag k="local_y" v="58659.4036"/>
    <tag k="ele" v="0"/>
  </node>
  <node version="1" id="6546" lat="47.46645015859" lon="19.1505051696">
    <tag k="local_x" v="60621.5388"/>
    <tag k="local_y" v="58659.076"/>
    <tag k="ele" v="0"/>
  </node>
  <node version="1" id="6547" lat="47.46644719496" lon="19.15050134966">
    <tag k="local_x" v="60621.2431"/>
    <tag k="local_y" v="58658.7535"/>
    <tag k="ele" v="0"/>
  </node>
  <node version="1" id="6548" lat="47.46644427087" lon="19.15049741421">
    <tag k="local_x" v="60620.9388"/>
    <tag k="local_y" v="58658.4356"/>
    <tag k="ele" v="0"/>
  </node>
  <node version="1" id="6549" lat="47.46644138711" lon="19.15049335792">
    <tag k="local_x" v="60620.6255"/>
    <tag k="local_y" v="58658.1224"/>
    <tag k="ele" v="0"/>
  </node>
  <node version="1" id="6550" lat="47.46643856907" lon="19.15048919183">
    <tag k="local_x" v="60620.3041"/>
    <tag k="local_y" v="58657.8167"/>
    <tag k="ele" v="0"/>
  </node>
  <node version="1" id="6551" lat="47.46643581158" lon="19.15048493073">
    <tag k="local_x" v="60619.9757"/>
    <tag k="local_y" v="58657.5179"/>
    <tag k="ele" v="0"/>
  </node>
  <node version="1" id="6552" lat="47.46643310686" lon="19.15048053774">
    <tag k="local_x" v="60619.6375"/>
    <tag k="local_y" v="58657.2252"/>
    <tag k="ele" v="0"/>
  </node>
  <node version="1" id="6553" lat="47.46643046317" lon="19.15047602317">
    <tag k="local_x" v="60619.2903"/>
    <tag k="local_y" v="58656.9395"/>
    <tag k="ele" v="0"/>
  </node>
  <node version="1" id="6554" lat="47.46642789879" lon="19.15047140497">
    <tag k="local_x" v="60618.9355"/>
    <tag k="local_y" v="58656.6628"/>
    <tag k="ele" v="0"/>
  </node>
  <node version="1" id="6555" lat="47.46642540554" lon="19.15046667811">
    <tag k="local_x" v="60618.5727"/>
    <tag k="local_y" v="58656.3942"/>
    <tag k="ele" v="0"/>
  </node>
  <node version="1" id="6556" lat="47.46642297659" lon="19.15046180967">
    <tag k="local_x" v="60618.1994"/>
    <tag k="local_y" v="58656.133"/>
    <tag k="ele" v="0"/>
  </node>
  <node version="1" id="6557" lat="47.46642063486" lon="19.15045682536">
    <tag k="local_x" v="60617.8176"/>
    <tag k="local_y" v="58655.8817"/>
    <tag k="ele" v="0"/>
  </node>
  <node version="1" id="6558" lat="47.46641838684" lon="19.15045173692">
    <tag k="local_x" v="60617.4282"/>
    <tag k="local_y" v="58655.641"/>
    <tag k="ele" v="0"/>
  </node>
  <node version="1" id="6559" lat="47.46641622401" lon="19.15044651943">
    <tag k="local_x" v="60617.0293"/>
    <tag k="local_y" v="58655.41"/>
    <tag k="ele" v="0"/>
  </node>
  <node version="1" id="6560" lat="47.46641415166" lon="19.15044116473">
    <tag k="local_x" v="60616.6203"/>
    <tag k="local_y" v="58655.1893"/>
    <tag k="ele" v="0"/>
  </node>
  <node version="1" id="6561" lat="47.46641219378" lon="19.15043571047">
    <tag k="local_x" v="60616.2041"/>
    <tag k="local_y" v="58654.9815"/>
    <tag k="ele" v="0"/>
  </node>
  <node version="1" id="6562" lat="47.46641034155" lon="19.15043016758">
    <tag k="local_x" v="60615.7815"/>
    <tag k="local_y" v="58654.7856"/>
    <tag k="ele" v="0"/>
  </node>
  <node version="1" id="6563" lat="47.46640859402" lon="19.15042453343">
    <tag k="local_x" v="60615.3523"/>
    <tag k="local_y" v="58654.6015"/>
    <tag k="ele" v="0"/>
  </node>
  <node version="1" id="6564" lat="47.46640695003" lon="19.15041879082">
    <tag k="local_x" v="60614.9152"/>
    <tag k="local_y" v="58654.4291"/>
    <tag k="ele" v="0"/>
  </node>
  <node version="1" id="6565" lat="47.46640542914" lon="19.15041298152">
    <tag k="local_x" v="60614.4734"/>
    <tag k="local_y" v="58654.2705"/>
    <tag k="ele" v="0"/>
  </node>
  <node version="1" id="6566" lat="47.46640402069" lon="19.15040711386">
    <tag k="local_x" v="60614.0275"/>
    <tag k="local_y" v="58654.1245"/>
    <tag k="ele" v="0"/>
  </node>
  <node version="1" id="6567" lat="47.46640271528" lon="19.15040116297">
    <tag k="local_x" v="60613.5756"/>
    <tag k="local_y" v="58653.9901"/>
    <tag k="ele" v="0"/>
  </node>
  <node version="1" id="6568" lat="47.46640153367" lon="19.15039513343">
    <tag k="local_x" v="60613.1181"/>
    <tag k="local_y" v="58653.8696"/>
    <tag k="ele" v="0"/>
  </node>
  <node version="1" id="6569" lat="47.46640047864" lon="19.15038908484">
    <tag k="local_x" v="60612.6595"/>
    <tag k="local_y" v="58653.7632"/>
    <tag k="ele" v="0"/>
  </node>
  <node version="1" id="6570" lat="47.46639953003" lon="19.15038299537">
    <tag k="local_x" v="60612.1981"/>
    <tag k="local_y" v="58653.6687"/>
    <tag k="ele" v="0"/>
  </node>
  <node version="1" id="6571" lat="47.46639869293" lon="19.15037684625">
    <tag k="local_x" v="60611.7325"/>
    <tag k="local_y" v="58653.5867"/>
    <tag k="ele" v="0"/>
  </node>
  <node version="1" id="6572" lat="47.46639797782" lon="19.15037067294">
    <tag k="local_x" v="60611.2654"/>
    <tag k="local_y" v="58653.5183"/>
    <tag k="ele" v="0"/>
  </node>
  <node version="1" id="6573" lat="47.46639737571" lon="19.15036447576">
    <tag k="local_x" v="60610.7968"/>
    <tag k="local_y" v="58653.4625"/>
    <tag k="ele" v="0"/>
  </node>
  <node version="1" id="6574" lat="47.46639689486" lon="19.15035826504">
    <tag k="local_x" v="60610.3275"/>
    <tag k="local_y" v="58653.4202"/>
    <tag k="ele" v="0"/>
  </node>
  <node version="1" id="6575" lat="47.46639653062" lon="19.15035203165">
    <tag k="local_x" v="60609.8568"/>
    <tag k="local_y" v="58653.3909"/>
    <tag k="ele" v="0"/>
  </node>
  <node version="1" id="6576" lat="47.46639629661" lon="19.15034578308">
    <tag k="local_x" v="60609.3853"/>
    <tag k="local_y" v="58653.3761"/>
    <tag k="ele" v="0"/>
  </node>
  <node version="1" id="6577" lat="47.46639619157" lon="19.15033955253">
    <tag k="local_x" v="60608.9155"/>
    <tag k="local_y" v="58653.3756"/>
    <tag k="ele" v="0"/>
  </node>
  <node version="1" id="6578" lat="47.46639621197" lon="19.15033334413">
    <tag k="local_x" v="60608.4477"/>
    <tag k="local_y" v="58653.389"/>
    <tag k="ele" v="0"/>
  </node>
  <node version="1" id="6579" lat="47.46639634973" lon="19.15032715947">
    <tag k="local_x" v="60607.982"/>
    <tag k="local_y" v="58653.4154"/>
    <tag k="ele" v="0"/>
  </node>
  <node version="1" id="6580" lat="47.46639660934" lon="19.1503209984">
    <tag k="local_x" v="60607.5184"/>
    <tag k="local_y" v="58653.4553"/>
    <tag k="ele" v="0"/>
  </node>
  <node version="1" id="6581" lat="47.46639698334" lon="19.15031489967">
    <tag k="local_x" v="60607.0598"/>
    <tag k="local_y" v="58653.5078"/>
    <tag k="ele" v="0"/>
  </node>
  <node version="1" id="6582" lat="47.46639745981" lon="19.15030884909">
    <tag k="local_x" v="60606.6051"/>
    <tag k="local_y" v="58653.5716"/>
    <tag k="ele" v="0"/>
  </node>
  <node version="1" id="6583" lat="47.46639803768" lon="19.15030283742">
    <tag k="local_x" v="60606.1536"/>
    <tag k="local_y" v="58653.6466"/>
    <tag k="ele" v="0"/>
  </node>
  <node version="1" id="6584" lat="47.46639871976" lon="19.1502968712">
    <tag k="local_x" v="60605.7058"/>
    <tag k="local_y" v="58653.7331"/>
    <tag k="ele" v="0"/>
  </node>
  <node version="1" id="6585" lat="47.46639949204" lon="19.15029097346">
    <tag k="local_x" v="60605.2634"/>
    <tag k="local_y" v="58653.8295"/>
    <tag k="ele" v="0"/>
  </node>
  <node version="1" id="6586" lat="47.46640035123" lon="19.1502851085">
    <tag k="local_x" v="60604.8237"/>
    <tag k="local_y" v="58653.9355"/>
    <tag k="ele" v="0"/>
  </node>
  <node version="1" id="6587" lat="47.46640130746" lon="19.15027929057">
    <tag k="local_x" v="60604.3878"/>
    <tag k="local_y" v="58654.0522"/>
    <tag k="ele" v="0"/>
  </node>
  <node version="1" id="6588" lat="47.46640234902" lon="19.15027351873">
    <tag k="local_x" v="60603.9556"/>
    <tag k="local_y" v="58654.1783"/>
    <tag k="ele" v="0"/>
  </node>
  <node version="1" id="6589" lat="47.46640348921" lon="19.1502677806">
    <tag k="local_x" v="60603.5262"/>
    <tag k="local_y" v="58654.3153"/>
    <tag k="ele" v="0"/>
  </node>
  <node version="1" id="6590" lat="47.46640472294" lon="19.15026209623">
    <tag k="local_x" v="60603.1011"/>
    <tag k="local_y" v="58654.4626"/>
    <tag k="ele" v="0"/>
  </node>
  <node version="1" id="6591" lat="47.46640605396" lon="19.15025647348">
    <tag k="local_x" v="60602.6809"/>
    <tag k="local_y" v="58654.6206"/>
    <tag k="ele" v="0"/>
  </node>
  <node version="1" id="6592" lat="47.46640745928" lon="19.15025093836">
    <tag k="local_x" v="60602.2675"/>
    <tag k="local_y" v="58654.7867"/>
    <tag k="ele" v="0"/>
  </node>
  <node version="1" id="6593" lat="47.46640894399" lon="19.1502454721">
    <tag k="local_x" v="60601.8595"/>
    <tag k="local_y" v="58654.9615"/>
    <tag k="ele" v="0"/>
  </node>
  <node version="1" id="6594" lat="47.46641050636" lon="19.15024007876">
    <tag k="local_x" v="60601.4572"/>
    <tag k="local_y" v="58655.1448"/>
    <tag k="ele" v="0"/>
  </node>
  <node version="1" id="6595" lat="47.46641214565" lon="19.15023476765">
    <tag k="local_x" v="60601.0613"/>
    <tag k="local_y" v="58655.3365"/>
    <tag k="ele" v="0"/>
  </node>
  <node version="1" id="6596" lat="47.46641385194" lon="19.15022953779">
    <tag k="local_x" v="60600.6717"/>
    <tag k="local_y" v="58655.5355"/>
    <tag k="ele" v="0"/>
  </node>
  <node version="1" id="6597" lat="47.46641564116" lon="19.15022437269">
    <tag k="local_x" v="60600.2872"/>
    <tag k="local_y" v="58655.7436"/>
    <tag k="ele" v="0"/>
  </node>
  <node version="1" id="6598" lat="47.46641749779" lon="19.15021931404">
    <tag k="local_x" v="60599.9109"/>
    <tag k="local_y" v="58655.959"/>
    <tag k="ele" v="0"/>
  </node>
  <node version="1" id="6599" lat="47.46641941413" lon="19.15021433159">
    <tag k="local_x" v="60599.5405"/>
    <tag k="local_y" v="58656.1809"/>
    <tag k="ele" v="0"/>
  </node>
  <node version="1" id="6600" lat="47.46642141412" lon="19.15020940194">
    <tag k="local_x" v="60599.1743"/>
    <tag k="local_y" v="58656.412"/>
    <tag k="ele" v="0"/>
  </node>
  <node version="1" id="6601" lat="47.46642348425" lon="19.15020458129">
    <tag k="local_x" v="60598.8165"/>
    <tag k="local_y" v="58656.6507"/>
    <tag k="ele" v="0"/>
  </node>
  <node version="1" id="6602" lat="47.46642561172" lon="19.15019985682">
    <tag k="local_x" v="60598.4661"/>
    <tag k="local_y" v="58656.8956"/>
    <tag k="ele" v="0"/>
  </node>
  <node version="1" id="6603" lat="47.46642780794" lon="19.15019521089">
    <tag k="local_x" v="60598.1218"/>
    <tag k="local_y" v="58657.148"/>
    <tag k="ele" v="0"/>
  </node>
  <node version="1" id="6604" lat="47.4664300661" lon="19.15019066629">
    <tag k="local_x" v="60597.7853"/>
    <tag k="local_y" v="58657.4071"/>
    <tag k="ele" v="0"/>
  </node>
  <node version="1" id="6605" lat="47.46643237283" lon="19.15018623278">
    <tag k="local_x" v="60597.4573"/>
    <tag k="local_y" v="58657.6714"/>
    <tag k="ele" v="0"/>
  </node>
  <node version="1" id="6606" lat="47.46643473121" lon="19.15018187708">
    <tag k="local_x" v="60597.1353"/>
    <tag k="local_y" v="58657.9413"/>
    <tag k="ele" v="0"/>
  </node>
  <node version="1" id="6607" lat="47.46643714872" lon="19.15017761618">
    <tag k="local_x" v="60596.8206"/>
    <tag k="local_y" v="58658.2176"/>
    <tag k="ele" v="0"/>
  </node>
  <node version="1" id="6608" lat="47.46643961896" lon="19.15017344498">
    <tag k="local_x" v="60596.5128"/>
    <tag k="local_y" v="58658.4996"/>
    <tag k="ele" v="0"/>
  </node>
  <node version="1" id="6609" lat="47.46644214564" lon="19.15016937">
    <tag k="local_x" v="60596.2124"/>
    <tag k="local_y" v="58658.7877"/>
    <tag k="ele" v="0"/>
  </node>
  <node version="1" id="6610" lat="47.46644471022" lon="19.15016541312">
    <tag k="local_x" v="60595.921"/>
    <tag k="local_y" v="58659.0798"/>
    <tag k="ele" v="0"/>
  </node>
  <node version="1" id="6611" lat="47.46644732101" lon="19.15016153159">
    <tag k="local_x" v="60595.6354"/>
    <tag k="local_y" v="58659.3769"/>
    <tag k="ele" v="0"/>
  </node>
  <node version="1" id="6612" lat="47.46644998174" lon="19.15015773323">
    <tag k="local_x" v="60595.3562"/>
    <tag k="local_y" v="58659.6794"/>
    <tag k="ele" v="0"/>
  </node>
  <node version="1" id="6613" lat="47.46645267916" lon="19.15015403443">
    <tag k="local_x" v="60595.0846"/>
    <tag k="local_y" v="58659.9858"/>
    <tag k="ele" v="0"/>
  </node>
  <node version="1" id="6614" lat="47.46645540875" lon="19.1501504327">
    <tag k="local_x" v="60594.8204"/>
    <tag k="local_y" v="58660.2956"/>
    <tag k="ele" v="0"/>
  </node>
  <node version="1" id="6615" lat="47.466458196" lon="19.15014689132">
    <tag k="local_x" v="60594.5609"/>
    <tag k="local_y" v="58660.6117"/>
    <tag k="ele" v="0"/>
  </node>
  <node version="1" id="6616" lat="47.4664610437" lon="19.15014347122">
    <tag k="local_x" v="60594.3107"/>
    <tag k="local_y" v="58660.9343"/>
    <tag k="ele" v="0"/>
  </node>
  <node version="1" id="6617" lat="47.46646392304" lon="19.1501401721">
    <tag k="local_x" v="60594.0697"/>
    <tag k="local_y" v="58661.2602"/>
    <tag k="ele" v="0"/>
  </node>
  <node version="1" id="6618" lat="47.46646684388" lon="19.15013699095">
    <tag k="local_x" v="60593.8377"/>
    <tag k="local_y" v="58661.5905"/>
    <tag k="ele" v="0"/>
  </node>
  <node version="1" id="6619" lat="47.46646979275" lon="19.15013392957">
    <tag k="local_x" v="60593.6148"/>
    <tag k="local_y" v="58661.9237"/>
    <tag k="ele" v="0"/>
  </node>
  <node version="1" id="6620" lat="47.46647275458" lon="19.15013100177">
    <tag k="local_x" v="60593.402"/>
    <tag k="local_y" v="58662.2581"/>
    <tag k="ele" v="0"/>
  </node>
  <node version="1" id="6621" lat="47.46647570741" lon="19.15012818575">
    <tag k="local_x" v="60593.1976"/>
    <tag k="local_y" v="58662.5913"/>
    <tag k="ele" v="0"/>
  </node>
  <node version="1" id="6622" lat="47.46647870115" lon="19.15012545189">
    <tag k="local_x" v="60592.9995"/>
    <tag k="local_y" v="58662.9289"/>
    <tag k="ele" v="0"/>
  </node>
  <node version="1" id="6623" lat="47.46648173415" lon="19.15012280822">
    <tag k="local_x" v="60592.8083"/>
    <tag k="local_y" v="58663.2707"/>
    <tag k="ele" v="0"/>
  </node>
  <node version="1" id="6624" lat="47.46648480126" lon="19.15012027084">
    <tag k="local_x" v="60592.6252"/>
    <tag k="local_y" v="58663.6161"/>
    <tag k="ele" v="0"/>
  </node>
  <node version="1" id="6625" lat="47.46648790344" lon="19.15011784369">
    <tag k="local_x" v="60592.4505"/>
    <tag k="local_y" v="58663.9652"/>
    <tag k="ele" v="0"/>
  </node>
  <node version="1" id="6626" lat="47.46649105859" lon="19.15011552085">
    <tag k="local_x" v="60592.2838"/>
    <tag k="local_y" v="58664.32"/>
    <tag k="ele" v="0"/>
  </node>
  <node version="1" id="6627" lat="47.46649423567" lon="19.15011332993">
    <tag k="local_x" v="60592.1271"/>
    <tag k="local_y" v="58664.677"/>
    <tag k="ele" v="0"/>
  </node>
  <node version="1" id="6628" lat="47.46649743093" lon="19.15011126179">
    <tag k="local_x" v="60591.9797"/>
    <tag k="local_y" v="58665.0358"/>
    <tag k="ele" v="0"/>
  </node>
  <node version="1" id="6629" lat="47.46650065332" lon="19.15010931345">
    <tag k="local_x" v="60591.8414"/>
    <tag k="local_y" v="58665.3974"/>
    <tag k="ele" v="0"/>
  </node>
  <node version="1" id="6630" lat="47.46650390099" lon="19.15010748233">
    <tag k="local_x" v="60591.712"/>
    <tag k="local_y" v="58665.7616"/>
    <tag k="ele" v="0"/>
  </node>
  <node version="1" id="6631" lat="47.46650721254" lon="19.15010576176">
    <tag k="local_x" v="60591.5911"/>
    <tag k="local_y" v="58666.1327"/>
    <tag k="ele" v="0"/>
  </node>
  <node version="1" id="6632" lat="47.46651055751" lon="19.15010421651">
    <tag k="local_x" v="60591.4835"/>
    <tag k="local_y" v="58666.5072"/>
    <tag k="ele" v="0"/>
  </node>
  <node version="1" id="6633" lat="47.46651387077" lon="19.15010282497">
    <tag k="local_x" v="60591.3874"/>
    <tag k="local_y" v="58666.8779"/>
    <tag k="ele" v="0"/>
  </node>
  <node version="1" id="6634" lat="47.46651719857" lon="19.15010155369">
    <tag k="local_x" v="60591.3004"/>
    <tag k="local_y" v="58667.25"/>
    <tag k="ele" v="0"/>
  </node>
  <node version="1" id="6635" lat="47.46652055182" lon="19.15010041022">
    <tag k="local_x" v="60591.2231"/>
    <tag k="local_y" v="58667.6247"/>
    <tag k="ele" v="0"/>
  </node>
  <node version="1" id="6636" lat="47.46652387052" lon="19.15009941129">
    <tag k="local_x" v="60591.1566"/>
    <tag k="local_y" v="58667.9953"/>
    <tag k="ele" v="0"/>
  </node>
  <node version="1" id="6637" lat="47.4665271869" lon="19.15009849206">
    <tag k="local_x" v="60591.0961"/>
    <tag k="local_y" v="58668.3655"/>
    <tag k="ele" v="0"/>
  </node>
  <node version="1" id="6638" lat="47.46653054307" lon="19.15009769617">
    <tag k="local_x" v="60591.045"/>
    <tag k="local_y" v="58668.7399"/>
    <tag k="ele" v="0"/>
  </node>
  <node version="1" id="6639" lat="47.46653389957" lon="19.15009703296">
    <tag k="local_x" v="60591.0039"/>
    <tag k="local_y" v="58669.1141"/>
    <tag k="ele" v="0"/>
  </node>
  <node version="1" id="6640" lat="47.46653726886" lon="19.15009649272">
    <tag k="local_x" v="60590.9721"/>
    <tag k="local_y" v="58669.4895"/>
    <tag k="ele" v="0"/>
  </node>
  <node version="1" id="6641" lat="47.46654059811" lon="19.15009609189">
    <tag k="local_x" v="60590.9507"/>
    <tag k="local_y" v="58669.8602"/>
    <tag k="ele" v="0"/>
  </node>
  <node version="1" id="6642" lat="47.46654391273" lon="19.15009578845">
    <tag k="local_x" v="60590.9366"/>
    <tag k="local_y" v="58670.2291"/>
    <tag k="ele" v="0"/>
  </node>
  <node version="1" id="6643" lat="47.4665472465" lon="19.15009561173">
    <tag k="local_x" v="60590.9321"/>
    <tag k="local_y" v="58670.5999"/>
    <tag k="ele" v="0"/>
  </node>
  <node version="1" id="6644" lat="47.46655057411" lon="19.15009555598">
    <tag k="local_x" v="60590.9367"/>
    <tag k="local_y" v="58670.9698"/>
    <tag k="ele" v="0"/>
  </node>
  <node version="1" id="6645" lat="47.46655388394" lon="19.15009562426">
    <tag k="local_x" v="60590.9506"/>
    <tag k="local_y" v="58671.3375"/>
    <tag k="ele" v="0"/>
  </node>
  <node version="1" id="6646" lat="47.46655722545" lon="19.15009581617">
    <tag k="local_x" v="60590.9739"/>
    <tag k="local_y" v="58671.7085"/>
    <tag k="ele" v="0"/>
  </node>
  <node version="1" id="6647" lat="47.46656057504" lon="19.15009617368">
    <tag k="local_x" v="60591.0097"/>
    <tag k="local_y" v="58672.0801"/>
    <tag k="ele" v="0"/>
  </node>
  <node version="1" id="6648" lat="47.46656389169" lon="19.15009666503">
    <tag k="local_x" v="60591.0555"/>
    <tag k="local_y" v="58672.4478"/>
    <tag k="ele" v="0"/>
  </node>
  <node version="1" id="6649" lat="47.46656718628" lon="19.15009729518">
    <tag k="local_x" v="60591.1117"/>
    <tag k="local_y" v="58672.8128"/>
    <tag k="ele" v="0"/>
  </node>
  <node version="1" id="6650" lat="47.46657047317" lon="19.15009806094">
    <tag k="local_x" v="60591.1781"/>
    <tag k="local_y" v="58673.1767"/>
    <tag k="ele" v="0"/>
  </node>
  <node version="1" id="6651" lat="47.46657370033" lon="19.15009897345">
    <tag k="local_x" v="60591.2554"/>
    <tag k="local_y" v="58673.5337"/>
    <tag k="ele" v="0"/>
  </node>
  <node version="1" id="6652" lat="47.46657684945" lon="19.15009995637">
    <tag k="local_x" v="60591.3378"/>
    <tag k="local_y" v="58673.8819"/>
    <tag k="ele" v="0"/>
  </node>
  <node version="1" id="6653" lat="47.46657997115" lon="19.15010102518">
    <tag k="local_x" v="60591.4266"/>
    <tag k="local_y" v="58674.2269"/>
    <tag k="ele" v="0"/>
  </node>
  <node version="1" id="6654" lat="47.46658307984" lon="19.15010217938">
    <tag k="local_x" v="60591.5218"/>
    <tag k="local_y" v="58674.5703"/>
    <tag k="ele" v="0"/>
  </node>
  <node version="1" id="6655" lat="47.46658615392" lon="19.15010341972">
    <tag k="local_x" v="60591.6234"/>
    <tag k="local_y" v="58674.9097"/>
    <tag k="ele" v="0"/>
  </node>
  <node version="1" id="6656" lat="47.46658922291" lon="19.15010473455">
    <tag k="local_x" v="60591.7306"/>
    <tag k="local_y" v="58675.2484"/>
    <tag k="ele" v="0"/>
  </node>
  <node version="1" id="6657" lat="47.46659227316" lon="19.15010617079">
    <tag k="local_x" v="60591.8469"/>
    <tag k="local_y" v="58675.5848"/>
    <tag k="ele" v="0"/>
  </node>
  <node version="1" id="6658" lat="47.46659527602" lon="19.15010768169">
    <tag k="local_x" v="60591.9687"/>
    <tag k="local_y" v="58675.9158"/>
    <tag k="ele" v="0"/>
  </node>
  <node version="1" id="6659" lat="47.46659826942" lon="19.15010927519">
    <tag k="local_x" v="60592.0967"/>
    <tag k="local_y" v="58676.2456"/>
    <tag k="ele" v="0"/>
  </node>
  <node version="1" id="6660" lat="47.46660121892" lon="19.15011093658">
    <tag k="local_x" v="60592.2297"/>
    <tag k="local_y" v="58676.5704"/>
    <tag k="ele" v="0"/>
  </node>
  <node version="1" id="6661" lat="47.46660414024" lon="19.15011263612">
    <tag k="local_x" v="60592.3655"/>
    <tag k="local_y" v="58676.892"/>
    <tag k="ele" v="0"/>
  </node>
  <node version="1" id="6662" lat="47.46660706544" lon="19.1501144085">
    <tag k="local_x" v="60592.5068"/>
    <tag k="local_y" v="58677.2139"/>
    <tag k="ele" v="0"/>
  </node>
  <node version="1" id="6663" lat="47.466609981" lon="19.15011625289">
    <tag k="local_x" v="60592.6535"/>
    <tag k="local_y" v="58677.5346"/>
    <tag k="ele" v="0"/>
  </node>
  <node version="1" id="6664" lat="47.46661285866" lon="19.15011814637">
    <tag k="local_x" v="60592.8038"/>
    <tag k="local_y" v="58677.851"/>
    <tag k="ele" v="0"/>
  </node>
  <node version="1" id="6665" lat="47.46661572904" lon="19.15012009054">
    <tag k="local_x" v="60592.9579"/>
    <tag k="local_y" v="58678.1665"/>
    <tag k="ele" v="0"/>
  </node>
  <node version="1" id="6666" lat="47.46661856343" lon="19.15012209038">
    <tag k="local_x" v="60593.1161"/>
    <tag k="local_y" v="58678.4779"/>
    <tag k="ele" v="0"/>
  </node>
  <node version="1" id="6667" lat="47.46662138434" lon="19.15012409201">
    <tag k="local_x" v="60593.2744"/>
    <tag k="local_y" v="58678.7878"/>
    <tag k="ele" v="0"/>
  </node>
  <node version="1" id="6668" lat="47.46662421975" lon="19.15012615551">
    <tag k="local_x" v="60593.4374"/>
    <tag k="local_y" v="58679.0992"/>
    <tag k="ele" v="0"/>
  </node>
  <node version="1" id="6669" lat="47.46662703677" lon="19.15012825018">
    <tag k="local_x" v="60593.6027"/>
    <tag k="local_y" v="58679.4085"/>
    <tag k="ele" v="0"/>
  </node>
  <node version="1" id="6670" lat="47.46662983782" lon="19.15013035867">
    <tag k="local_x" v="60593.769"/>
    <tag k="local_y" v="58679.716"/>
    <tag k="ele" v="0"/>
  </node>
  <node version="1" id="6671" lat="47.46663266479" lon="19.1501325127">
    <tag k="local_x" v="60593.9388"/>
    <tag k="local_y" v="58680.0263"/>
    <tag k="ele" v="0"/>
  </node>
  <node version="1" id="6672" lat="47.46663545459" lon="19.1501347052">
    <tag k="local_x" v="60594.1114"/>
    <tag k="local_y" v="58680.3324"/>
    <tag k="ele" v="0"/>
  </node>
  <node version="1" id="6673" lat="47.46663822148" lon="19.15013687195">
    <tag k="local_x" v="60594.282"/>
    <tag k="local_y" v="58680.636"/>
    <tag k="ele" v="0"/>
  </node>
  <node version="1" id="6674" lat="47.46664100058" lon="19.15013907013">
    <tag k="local_x" v="60594.455"/>
    <tag k="local_y" v="58680.9409"/>
    <tag k="ele" v="0"/>
  </node>
  <node version="1" id="6675" lat="47.46664376717" lon="19.15014127405">
    <tag k="local_x" v="60594.6284"/>
    <tag k="local_y" v="58681.2444"/>
    <tag k="ele" v="0"/>
  </node>
  <node version="1" id="6676" lat="47.46664651562" lon="19.15014346932">
    <tag k="local_x" v="60594.8011"/>
    <tag k="local_y" v="58681.5459"/>
    <tag k="ele" v="0"/>
  </node>
  <node version="1" id="6677" lat="47.46664928202" lon="19.15014566131">
    <tag k="local_x" v="60594.9736"/>
    <tag k="local_y" v="58681.8494"/>
    <tag k="ele" v="0"/>
  </node>
  <node version="1" id="6678" lat="47.46665206702" lon="19.15014789113">
    <tag k="local_x" v="60595.149"/>
    <tag k="local_y" v="58682.1549"/>
    <tag k="ele" v="0"/>
  </node>
  <node version="1" id="6679" lat="47.46665483939" lon="19.15015011874">
    <tag k="local_x" v="60595.3242"/>
    <tag k="local_y" v="58682.459"/>
    <tag k="ele" v="0"/>
  </node>
  <node version="1" id="6680" lat="47.46665760543" lon="19.15015234391">
    <tag k="local_x" v="60595.4992"/>
    <tag k="local_y" v="58682.7624"/>
    <tag k="ele" v="0"/>
  </node>
  <node version="1" id="6681" lat="47.46666038955" lon="19.15015457509">
    <tag k="local_x" v="60595.6747"/>
    <tag k="local_y" v="58683.0678"/>
    <tag k="ele" v="0"/>
  </node>
  <node version="1" id="6682" lat="47.46666317762" lon="19.15015682736">
    <tag k="local_x" v="60595.8518"/>
    <tag k="local_y" v="58683.3736"/>
    <tag k="ele" v="0"/>
  </node>
  <node version="1" id="6683" lat="47.4666659492" lon="19.15015906163">
    <tag k="local_x" v="60596.0275"/>
    <tag k="local_y" v="58683.6776"/>
    <tag k="ele" v="0"/>
  </node>
  <node version="1" id="6684" lat="47.46666872979" lon="19.15016129691">
    <tag k="local_x" v="60596.2033"/>
    <tag k="local_y" v="58683.9826"/>
    <tag k="ele" v="0"/>
  </node>
  <node version="1" id="6685" lat="47.46667152687" lon="19.1501635502">
    <tag k="local_x" v="60596.3805"/>
    <tag k="local_y" v="58684.2894"/>
    <tag k="ele" v="0"/>
  </node>
  <node version="1" id="6686" lat="47.46667431678" lon="19.15016580506">
    <tag k="local_x" v="60596.5578"/>
    <tag k="local_y" v="58684.5954"/>
    <tag k="ele" v="0"/>
  </node>
  <node version="1" id="6687" lat="47.46667709761" lon="19.15016805493">
    <tag k="local_x" v="60596.7347"/>
    <tag k="local_y" v="58684.9004"/>
    <tag k="ele" v="0"/>
  </node>
  <node version="1" id="6688" lat="47.46667988925" lon="19.15017030575">
    <tag k="local_x" v="60596.9117"/>
    <tag k="local_y" v="58685.2066"/>
    <tag k="ele" v="0"/>
  </node>
  <node version="1" id="6689" lat="47.4666826964" lon="19.15017256929">
    <tag k="local_x" v="60597.0897"/>
    <tag k="local_y" v="58685.5145"/>
    <tag k="ele" v="0"/>
  </node>
  <node version="1" id="6690" lat="47.46668550178" lon="19.15017483555">
    <tag k="local_x" v="60597.2679"/>
    <tag k="local_y" v="58685.8222"/>
    <tag k="ele" v="0"/>
  </node>
  <node version="1" id="6691" lat="47.46668830801" lon="19.15017709781">
    <tag k="local_x" v="60597.4458"/>
    <tag k="local_y" v="58686.13"/>
    <tag k="ele" v="0"/>
  </node>
  <node version="1" id="6692" lat="47.46669112873" lon="19.15017936618">
    <tag k="local_x" v="60597.6242"/>
    <tag k="local_y" v="58686.4394"/>
    <tag k="ele" v="0"/>
  </node>
  <node version="1" id="6693" lat="47.46669395148" lon="19.15018164909">
    <tag k="local_x" v="60597.8037"/>
    <tag k="local_y" v="58686.749"/>
    <tag k="ele" v="0"/>
  </node>
  <node version="1" id="6694" lat="47.46669710996" lon="19.15018421613">
    <tag k="local_x" v="60598.0055"/>
    <tag k="local_y" v="58687.0954"/>
    <tag k="ele" v="0"/>
  </node>
  <node version="1" id="6695" lat="47.46670187462" lon="19.15018873191">
    <tag k="local_x" v="60598.3584"/>
    <tag k="local_y" v="58687.6168"/>
    <tag k="ele" v="0"/>
  </node>
  <node version="1" id="6696" lat="47.46670602722" lon="19.15019273571">
    <tag k="local_x" v="60598.6711"/>
    <tag k="local_y" v="58688.0711"/>
    <tag k="ele" v="0"/>
  </node>
  <node version="1" id="6697" lat="47.46670974782" lon="19.15019640036">
    <tag k="local_x" v="60598.9571"/>
    <tag k="local_y" v="58688.478"/>
    <tag k="ele" v="0"/>
  </node>
  <node version="1" id="6698" lat="47.46671303353" lon="19.15019971403">
    <tag k="local_x" v="60599.2155"/>
    <tag k="local_y" v="58688.8372"/>
    <tag k="ele" v="0"/>
  </node>
  <node version="1" id="6699" lat="47.46671569416" lon="19.15020248963">
    <tag k="local_x" v="60599.4317"/>
    <tag k="local_y" v="58689.1279"/>
    <tag k="ele" v="0"/>
  </node>
  <node version="1" id="6700" lat="47.46671551522" lon="19.1502022743">
    <tag k="local_x" v="60599.415"/>
    <tag k="local_y" v="58689.1084"/>
    <tag k="ele" v="0"/>
  </node>
  <node version="1" id="6701" lat="47.46671609044" lon="19.15020273449">
    <tag k="local_x" v="60599.4512"/>
    <tag k="local_y" v="58689.1715"/>
    <tag k="ele" v="0"/>
  </node>
  <node version="1" id="6702" lat="47.46671666571" lon="19.15020319733">
    <tag k="local_x" v="60599.4876"/>
    <tag k="local_y" v="58689.2346"/>
    <tag k="ele" v="0"/>
  </node>
  <node version="1" id="6703" lat="47.46671724098" lon="19.15020366017">
    <tag k="local_x" v="60599.524"/>
    <tag k="local_y" v="58689.2977"/>
    <tag k="ele" v="0"/>
  </node>
  <node version="1" id="6704" lat="47.46671781715" lon="19.15020412298">
    <tag k="local_x" v="60599.5604"/>
    <tag k="local_y" v="58689.3609"/>
    <tag k="ele" v="0"/>
  </node>
  <node version="1" id="6705" lat="47.46671839242" lon="19.15020458582">
    <tag k="local_x" v="60599.5968"/>
    <tag k="local_y" v="58689.424"/>
    <tag k="ele" v="0"/>
  </node>
  <node version="1" id="6706" lat="47.46671896769" lon="19.15020504866">
    <tag k="local_x" v="60599.6332"/>
    <tag k="local_y" v="58689.4871"/>
    <tag k="ele" v="0"/>
  </node>
  <node version="1" id="6707" lat="47.46671954296" lon="19.1502055115">
    <tag k="local_x" v="60599.6696"/>
    <tag k="local_y" v="58689.5502"/>
    <tag k="ele" v="0"/>
  </node>
  <node version="1" id="6708" lat="47.46672011823" lon="19.15020597434">
    <tag k="local_x" v="60599.706"/>
    <tag k="local_y" v="58689.6133"/>
    <tag k="ele" v="0"/>
  </node>
  <node version="1" id="6709" lat="47.4667206926" lon="19.15020643721">
    <tag k="local_x" v="60599.7424"/>
    <tag k="local_y" v="58689.6763"/>
    <tag k="ele" v="0"/>
  </node>
  <node version="1" id="6710" lat="47.46672126787" lon="19.15020690005">
    <tag k="local_x" v="60599.7788"/>
    <tag k="local_y" v="58689.7394"/>
    <tag k="ele" v="0"/>
  </node>
  <node version="1" id="6711" lat="47.46672184222" lon="19.1502073616">
    <tag k="local_x" v="60599.8151"/>
    <tag k="local_y" v="58689.8024"/>
    <tag k="ele" v="0"/>
  </node>
  <node version="1" id="6712" lat="47.46672241749" lon="19.15020782444">
    <tag k="local_x" v="60599.8515"/>
    <tag k="local_y" v="58689.8655"/>
    <tag k="ele" v="0"/>
  </node>
  <node version="1" id="6713" lat="47.46672299186" lon="19.15020828731">
    <tag k="local_x" v="60599.8879"/>
    <tag k="local_y" v="58689.9285"/>
    <tag k="ele" v="0"/>
  </node>
  <node version="1" id="6714" lat="47.46672356621" lon="19.15020874885">
    <tag k="local_x" v="60599.9242"/>
    <tag k="local_y" v="58689.9915"/>
    <tag k="ele" v="0"/>
  </node>
  <node version="1" id="6715" lat="47.46672414056" lon="19.1502092104">
    <tag k="local_x" v="60599.9605"/>
    <tag k="local_y" v="58690.0545"/>
    <tag k="ele" v="0"/>
  </node>
  <node version="1" id="6716" lat="47.46672471491" lon="19.15020967194">
    <tag k="local_x" v="60599.9968"/>
    <tag k="local_y" v="58690.1175"/>
    <tag k="ele" v="0"/>
  </node>
  <node version="1" id="6717" lat="47.46672528836" lon="19.15021013352">
    <tag k="local_x" v="60600.0331"/>
    <tag k="local_y" v="58690.1804"/>
    <tag k="ele" v="0"/>
  </node>
  <node version="1" id="6718" lat="47.46672586179" lon="19.15021059377">
    <tag k="local_x" v="60600.0693"/>
    <tag k="local_y" v="58690.2433"/>
    <tag k="ele" v="0"/>
  </node>
  <node version="1" id="6719" lat="47.46672643432" lon="19.15021105405">
    <tag k="local_x" v="60600.1055"/>
    <tag k="local_y" v="58690.3061"/>
    <tag k="ele" v="0"/>
  </node>
  <node version="1" id="6720" lat="47.46672700685" lon="19.15021151434">
    <tag k="local_x" v="60600.1417"/>
    <tag k="local_y" v="58690.3689"/>
    <tag k="ele" v="0"/>
  </node>
  <node version="1" id="6721" lat="47.46672757845" lon="19.15021197332">
    <tag k="local_x" v="60600.1778"/>
    <tag k="local_y" v="58690.4316"/>
    <tag k="ele" v="0"/>
  </node>
  <node version="1" id="6722" lat="47.46672814914" lon="19.15021243102">
    <tag k="local_x" v="60600.2138"/>
    <tag k="local_y" v="58690.4942"/>
    <tag k="ele" v="0"/>
  </node>
  <node version="1" id="6723" lat="47.46672871803" lon="19.15021288877">
    <tag k="local_x" v="60600.2498"/>
    <tag k="local_y" v="58690.5566"/>
    <tag k="ele" v="0"/>
  </node>
  <node version="1" id="6724" lat="47.46672928508" lon="19.15021334394">
    <tag k="local_x" v="60600.2856"/>
    <tag k="local_y" v="58690.6188"/>
    <tag k="ele" v="0"/>
  </node>
  <node version="1" id="6725" lat="47.46672985123" lon="19.15021379914">
    <tag k="local_x" v="60600.3214"/>
    <tag k="local_y" v="58690.6809"/>
    <tag k="ele" v="0"/>
  </node>
  <node version="1" id="6726" lat="47.46673041553" lon="19.15021425175">
    <tag k="local_x" v="60600.357"/>
    <tag k="local_y" v="58690.7428"/>
    <tag k="ele" v="0"/>
  </node>
  <node version="1" id="6727" lat="47.46673097802" lon="19.15021470309">
    <tag k="local_x" v="60600.3925"/>
    <tag k="local_y" v="58690.8045"/>
    <tag k="ele" v="0"/>
  </node>
  <node version="1" id="6728" lat="47.46673153869" lon="19.15021515318">
    <tag k="local_x" v="60600.4279"/>
    <tag k="local_y" v="58690.866"/>
    <tag k="ele" v="0"/>
  </node>
  <node version="1" id="6729" lat="47.46673209843" lon="19.15021560196">
    <tag k="local_x" v="60600.4632"/>
    <tag k="local_y" v="58690.9274"/>
    <tag k="ele" v="0"/>
  </node>
  <node version="1" id="6730" lat="47.46673265636" lon="19.15021604949">
    <tag k="local_x" v="60600.4984"/>
    <tag k="local_y" v="58690.9886"/>
    <tag k="ele" v="0"/>
  </node>
  <node version="1" id="6731" lat="47.46673321336" lon="19.15021649572">
    <tag k="local_x" v="60600.5335"/>
    <tag k="local_y" v="58691.0497"/>
    <tag k="ele" v="0"/>
  </node>
  <node version="1" id="6732" lat="47.46673376945" lon="19.15021694065">
    <tag k="local_x" v="60600.5685"/>
    <tag k="local_y" v="58691.1107"/>
    <tag k="ele" v="0"/>
  </node>
  <node version="1" id="6733" lat="47.46673432461" lon="19.1502173843">
    <tag k="local_x" v="60600.6034"/>
    <tag k="local_y" v="58691.1716"/>
    <tag k="ele" v="0"/>
  </node>
  <node version="1" id="6734" lat="47.46673487887" lon="19.15021782797">
    <tag k="local_x" v="60600.6383"/>
    <tag k="local_y" v="58691.2324"/>
    <tag k="ele" v="0"/>
  </node>
  <node version="1" id="6735" lat="47.46673543132" lon="19.15021827038">
    <tag k="local_x" v="60600.6731"/>
    <tag k="local_y" v="58691.293"/>
    <tag k="ele" v="0"/>
  </node>
  <node version="1" id="6736" lat="47.46673598376" lon="19.15021871279">
    <tag k="local_x" v="60600.7079"/>
    <tag k="local_y" v="58691.3536"/>
    <tag k="ele" v="0"/>
  </node>
  <node version="1" id="6737" lat="47.46673653439" lon="19.15021915393">
    <tag k="local_x" v="60600.7426"/>
    <tag k="local_y" v="58691.414"/>
    <tag k="ele" v="0"/>
  </node>
  <node version="1" id="6738" lat="47.46673708409" lon="19.15021959378">
    <tag k="local_x" v="60600.7772"/>
    <tag k="local_y" v="58691.4743"/>
    <tag k="ele" v="0"/>
  </node>
  <node version="1" id="6739" lat="47.46673763199" lon="19.1502200337">
    <tag k="local_x" v="60600.8118"/>
    <tag k="local_y" v="58691.5344"/>
    <tag k="ele" v="0"/>
  </node>
  <node version="1" id="6740" lat="47.46673817716" lon="19.15022047106">
    <tag k="local_x" v="60600.8462"/>
    <tag k="local_y" v="58691.5942"/>
    <tag k="ele" v="0"/>
  </node>
  <node version="1" id="6741" lat="47.4667387214" lon="19.15022090712">
    <tag k="local_x" v="60600.8805"/>
    <tag k="local_y" v="58691.6539"/>
    <tag k="ele" v="0"/>
  </node>
  <node version="1" id="6742" lat="47.46673926293" lon="19.15022134195">
    <tag k="local_x" v="60600.9147"/>
    <tag k="local_y" v="58691.7133"/>
    <tag k="ele" v="0"/>
  </node>
  <node version="1" id="6743" lat="47.46673980263" lon="19.15022177552">
    <tag k="local_x" v="60600.9488"/>
    <tag k="local_y" v="58691.7725"/>
    <tag k="ele" v="0"/>
  </node>
  <node version="1" id="6744" lat="47.46674034231" lon="19.15022220776">
    <tag k="local_x" v="60600.9828"/>
    <tag k="local_y" v="58691.8317"/>
    <tag k="ele" v="0"/>
  </node>
  <node version="1" id="6745" lat="47.46674088019" lon="19.15022264006">
    <tag k="local_x" v="60601.0168"/>
    <tag k="local_y" v="58691.8907"/>
    <tag k="ele" v="0"/>
  </node>
  <node version="1" id="6746" lat="47.46674141626" lon="19.1502230711">
    <tag k="local_x" v="60601.0507"/>
    <tag k="local_y" v="58691.9495"/>
    <tag k="ele" v="0"/>
  </node>
  <node version="1" id="6747" lat="47.4667419505" lon="19.15022350088">
    <tag k="local_x" v="60601.0845"/>
    <tag k="local_y" v="58692.0081"/>
    <tag k="ele" v="0"/>
  </node>
  <node version="1" id="6748" lat="47.46674248382" lon="19.15022392936">
    <tag k="local_x" v="60601.1182"/>
    <tag k="local_y" v="58692.0666"/>
    <tag k="ele" v="0"/>
  </node>
  <node version="1" id="6749" lat="47.46674301441" lon="19.15022435529">
    <tag k="local_x" v="60601.1517"/>
    <tag k="local_y" v="58692.1248"/>
    <tag k="ele" v="0"/>
  </node>
  <node version="1" id="6750" lat="47.46674354317" lon="19.15022477995">
    <tag k="local_x" v="60601.1851"/>
    <tag k="local_y" v="58692.1828"/>
    <tag k="ele" v="0"/>
  </node>
  <node version="1" id="6751" lat="47.46674406921" lon="19.15022520338">
    <tag k="local_x" v="60601.2184"/>
    <tag k="local_y" v="58692.2405"/>
    <tag k="ele" v="0"/>
  </node>
  <node version="1" id="6752" lat="47.46674459251" lon="19.15022562426">
    <tag k="local_x" v="60601.2515"/>
    <tag k="local_y" v="58692.2979"/>
    <tag k="ele" v="0"/>
  </node>
  <node version="1" id="6753" lat="47.46674511399" lon="19.15022604387">
    <tag k="local_x" v="60601.2845"/>
    <tag k="local_y" v="58692.3551"/>
    <tag k="ele" v="0"/>
  </node>
  <node version="1" id="6754" lat="47.46674563273" lon="19.15022646092">
    <tag k="local_x" v="60601.3173"/>
    <tag k="local_y" v="58692.412"/>
    <tag k="ele" v="0"/>
  </node>
  <node version="1" id="6755" lat="47.46674614873" lon="19.15022687541">
    <tag k="local_x" v="60601.3499"/>
    <tag k="local_y" v="58692.4686"/>
    <tag k="ele" v="0"/>
  </node>
  <node version="1" id="6756" lat="47.46674666289" lon="19.15022728732">
    <tag k="local_x" v="60601.3823"/>
    <tag k="local_y" v="58692.525"/>
    <tag k="ele" v="0"/>
  </node>
  <node version="1" id="6757" lat="47.46674717433" lon="19.15022769799">
    <tag k="local_x" v="60601.4146"/>
    <tag k="local_y" v="58692.5811"/>
    <tag k="ele" v="0"/>
  </node>
  <node version="1" id="6758" lat="47.46674768303" lon="19.15022810611">
    <tag k="local_x" v="60601.4467"/>
    <tag k="local_y" v="58692.6369"/>
    <tag k="ele" v="0"/>
  </node>
  <node version="1" id="6759" lat="47.46674819081" lon="19.15022851293">
    <tag k="local_x" v="60601.4787"/>
    <tag k="local_y" v="58692.6926"/>
    <tag k="ele" v="0"/>
  </node>
  <node version="1" id="6760" lat="47.46674869674" lon="19.15022891716">
    <tag k="local_x" v="60601.5105"/>
    <tag k="local_y" v="58692.7481"/>
    <tag k="ele" v="0"/>
  </node>
  <node version="1" id="6761" lat="47.46674919996" lon="19.15022932016">
    <tag k="local_x" v="60601.5422"/>
    <tag k="local_y" v="58692.8033"/>
    <tag k="ele" v="0"/>
  </node>
  <node version="1" id="6762" lat="47.46674970136" lon="19.1502297219">
    <tag k="local_x" v="60601.5738"/>
    <tag k="local_y" v="58692.8583"/>
    <tag k="ele" v="0"/>
  </node>
  <node version="1" id="6763" lat="47.46675020091" lon="19.15023012105">
    <tag k="local_x" v="60601.6052"/>
    <tag k="local_y" v="58692.9131"/>
    <tag k="ele" v="0"/>
  </node>
  <node version="1" id="6764" lat="47.46675069867" lon="19.15023052026">
    <tag k="local_x" v="60601.6366"/>
    <tag k="local_y" v="58692.9677"/>
    <tag k="ele" v="0"/>
  </node>
  <node version="1" id="6765" lat="47.46675119456" lon="19.15023091555">
    <tag k="local_x" v="60601.6677"/>
    <tag k="local_y" v="58693.0221"/>
    <tag k="ele" v="0"/>
  </node>
  <node version="1" id="6766" lat="47.46675168866" lon="19.15023131091">
    <tag k="local_x" v="60601.6988"/>
    <tag k="local_y" v="58693.0763"/>
    <tag k="ele" v="0"/>
  </node>
  <node version="1" id="6767" lat="47.46675218091" lon="19.15023170368">
    <tag k="local_x" v="60601.7297"/>
    <tag k="local_y" v="58693.1303"/>
    <tag k="ele" v="0"/>
  </node>
  <node version="1" id="6768" lat="47.46675267046" lon="19.15023209654">
    <tag k="local_x" v="60601.7606"/>
    <tag k="local_y" v="58693.184"/>
    <tag k="ele" v="0"/>
  </node>
  <node version="1" id="6769" lat="47.46675315818" lon="19.15023248682">
    <tag k="local_x" v="60601.7913"/>
    <tag k="local_y" v="58693.2375"/>
    <tag k="ele" v="0"/>
  </node>
  <node version="1" id="6770" lat="47.46675364405" lon="19.1502328745">
    <tag k="local_x" v="60601.8218"/>
    <tag k="local_y" v="58693.2908"/>
    <tag k="ele" v="0"/>
  </node>
  <node version="1" id="6771" lat="47.46675412812" lon="19.15023326225">
    <tag k="local_x" v="60601.8523"/>
    <tag k="local_y" v="58693.3439"/>
    <tag k="ele" v="0"/>
  </node>
  <node version="1" id="6772" lat="47.46675460946" lon="19.15023364744">
    <tag k="local_x" v="60601.8826"/>
    <tag k="local_y" v="58693.3967"/>
    <tag k="ele" v="0"/>
  </node>
  <node version="1" id="6773" lat="47.46675508807" lon="19.1502340314">
    <tag k="local_x" v="60601.9128"/>
    <tag k="local_y" v="58693.4492"/>
    <tag k="ele" v="0"/>
  </node>
  <node version="1" id="6774" lat="47.46675556394" lon="19.1502344128">
    <tag k="local_x" v="60601.9428"/>
    <tag k="local_y" v="58693.5014"/>
    <tag k="ele" v="0"/>
  </node>
  <node version="1" id="6775" lat="47.46675603618" lon="19.15023479167">
    <tag k="local_x" v="60601.9726"/>
    <tag k="local_y" v="58693.5532"/>
    <tag k="ele" v="0"/>
  </node>
  <node version="1" id="6776" lat="47.46675650657" lon="19.15023516796">
    <tag k="local_x" v="60602.0022"/>
    <tag k="local_y" v="58693.6048"/>
    <tag k="ele" v="0"/>
  </node>
  <node version="1" id="6777" lat="47.46675697332" lon="19.15023554172">
    <tag k="local_x" v="60602.0316"/>
    <tag k="local_y" v="58693.656"/>
    <tag k="ele" v="0"/>
  </node>
  <node version="1" id="6778" lat="47.46675743735" lon="19.15023591424">
    <tag k="local_x" v="60602.0609"/>
    <tag k="local_y" v="58693.7069"/>
    <tag k="ele" v="0"/>
  </node>
  <node version="1" id="6779" lat="47.46675789952" lon="19.15023628285">
    <tag k="local_x" v="60602.0899"/>
    <tag k="local_y" v="58693.7576"/>
    <tag k="ele" v="0"/>
  </node>
  <node version="1" id="6780" lat="47.46675835899" lon="19.15023665156">
    <tag k="local_x" v="60602.1189"/>
    <tag k="local_y" v="58693.808"/>
    <tag k="ele" v="0"/>
  </node>
  <node version="1" id="6781" lat="47.46675881662" lon="19.15023701768">
    <tag k="local_x" v="60602.1477"/>
    <tag k="local_y" v="58693.8582"/>
    <tag k="ele" v="0"/>
  </node>
  <node version="1" id="6782" lat="47.46675927153" lon="19.15023738256">
    <tag k="local_x" v="60602.1764"/>
    <tag k="local_y" v="58693.9081"/>
    <tag k="ele" v="0"/>
  </node>
  <node version="1" id="6783" lat="47.4667597246" lon="19.15023774486">
    <tag k="local_x" v="60602.2049"/>
    <tag k="local_y" v="58693.9578"/>
    <tag k="ele" v="0"/>
  </node>
  <node version="1" id="6784" lat="47.46676017492" lon="19.1502381046">
    <tag k="local_x" v="60602.2332"/>
    <tag k="local_y" v="58694.0072"/>
    <tag k="ele" v="0"/>
  </node>
  <node version="1" id="6785" lat="47.46676062161" lon="19.15023846181">
    <tag k="local_x" v="60602.2613"/>
    <tag k="local_y" v="58694.0562"/>
    <tag k="ele" v="0"/>
  </node>
  <node version="1" id="6786" lat="47.46676106558" lon="19.15023881779">
    <tag k="local_x" v="60602.2893"/>
    <tag k="local_y" v="58694.1049"/>
    <tag k="ele" v="0"/>
  </node>
  <node version="1" id="6787" lat="47.46676150678" lon="19.15023916989">
    <tag k="local_x" v="60602.317"/>
    <tag k="local_y" v="58694.1533"/>
    <tag k="ele" v="0"/>
  </node>
  <node version="1" id="6788" lat="47.46676194527" lon="19.15023952075">
    <tag k="local_x" v="60602.3446"/>
    <tag k="local_y" v="58694.2014"/>
    <tag k="ele" v="0"/>
  </node>
  <node version="1" id="6789" lat="47.46676238099" lon="19.15023986773">
    <tag k="local_x" v="60602.3719"/>
    <tag k="local_y" v="58694.2492"/>
    <tag k="ele" v="0"/>
  </node>
  <node version="1" id="6790" lat="47.46676281402" lon="19.15024021481">
    <tag k="local_x" v="60602.3992"/>
    <tag k="local_y" v="58694.2967"/>
    <tag k="ele" v="0"/>
  </node>
  <node version="1" id="6791" lat="47.46676324608" lon="19.15024055794">
    <tag k="local_x" v="60602.4262"/>
    <tag k="local_y" v="58694.3441"/>
    <tag k="ele" v="0"/>
  </node>
  <node version="1" id="6792" lat="47.46676367545" lon="19.15024090116">
    <tag k="local_x" v="60602.4532"/>
    <tag k="local_y" v="58694.3912"/>
    <tag k="ele" v="0"/>
  </node>
  <node version="1" id="6793" lat="47.46676410389" lon="19.15024124309">
    <tag k="local_x" v="60602.4801"/>
    <tag k="local_y" v="58694.4382"/>
    <tag k="ele" v="0"/>
  </node>
  <node version="1" id="6794" lat="47.46676461529" lon="19.15024165111">
    <tag k="local_x" v="60602.5122"/>
    <tag k="local_y" v="58694.4943"/>
    <tag k="ele" v="0"/>
  </node>
  <node version="1" id="6795" lat="47.46676512394" lon="19.15024205657">
    <tag k="local_x" v="60602.5441"/>
    <tag k="local_y" v="58694.5501"/>
    <tag k="ele" v="0"/>
  </node>
  <node version="1" id="6796" lat="47.46676562898" lon="19.15024246083">
    <tag k="local_x" v="60602.5759"/>
    <tag k="local_y" v="58694.6055"/>
    <tag k="ele" v="0"/>
  </node>
  <node version="1" id="6797" lat="47.46676613038" lon="19.15024286257">
    <tag k="local_x" v="60602.6075"/>
    <tag k="local_y" v="58694.6605"/>
    <tag k="ele" v="0"/>
  </node>
  <node version="1" id="6798" lat="47.46676662903" lon="19.15024326175">
    <tag k="local_x" v="60602.6389"/>
    <tag k="local_y" v="58694.7152"/>
    <tag k="ele" v="0"/>
  </node>
  <node version="1" id="6799" lat="47.46676704017" lon="19.15024359102">
    <tag k="local_x" v="60602.6648"/>
    <tag k="local_y" v="58694.7603"/>
    <tag k="ele" v="0"/>
  </node>
  <node version="1" id="6800" lat="47.46676744678" lon="19.15024391779">
    <tag k="local_x" v="60602.6905"/>
    <tag k="local_y" v="58694.8049"/>
    <tag k="ele" v="0"/>
  </node>
  <node version="1" id="6801" lat="47.46676785064" lon="19.150244242">
    <tag k="local_x" v="60602.716"/>
    <tag k="local_y" v="58694.8492"/>
    <tag k="ele" v="0"/>
  </node>
  <node version="1" id="6802" lat="47.46676825176" lon="19.15024456365">
    <tag k="local_x" v="60602.7413"/>
    <tag k="local_y" v="58694.8932"/>
    <tag k="ele" v="0"/>
  </node>
  <node version="1" id="6803" lat="47.46676864922" lon="19.15024488146">
    <tag k="local_x" v="60602.7663"/>
    <tag k="local_y" v="58694.9368"/>
    <tag k="ele" v="0"/>
  </node>
  <node version="1" id="6804" lat="47.46676904396" lon="19.15024519803">
    <tag k="local_x" v="60602.7912"/>
    <tag k="local_y" v="58694.9801"/>
    <tag k="ele" v="0"/>
  </node>
  <node version="1" id="6805" lat="47.46676943506" lon="19.15024551207">
    <tag k="local_x" v="60602.8159"/>
    <tag k="local_y" v="58695.023"/>
    <tag k="ele" v="0"/>
  </node>
  <node version="1" id="6806" lat="47.4667698243" lon="19.1502458222">
    <tag k="local_x" v="60602.8403"/>
    <tag k="local_y" v="58695.0657"/>
    <tag k="ele" v="0"/>
  </node>
  <node version="1" id="6807" lat="47.46677021082" lon="19.1502461311">
    <tag k="local_x" v="60602.8646"/>
    <tag k="local_y" v="58695.1081"/>
    <tag k="ele" v="0"/>
  </node>
  <node version="1" id="6808" lat="47.4667705946" lon="19.15024643744">
    <tag k="local_x" v="60602.8887"/>
    <tag k="local_y" v="58695.1502"/>
    <tag k="ele" v="0"/>
  </node>
  <node version="1" id="6809" lat="47.46677097655" lon="19.15024674252">
    <tag k="local_x" v="60602.9127"/>
    <tag k="local_y" v="58695.1921"/>
    <tag k="ele" v="0"/>
  </node>
  <node version="1" id="6810" lat="47.46677135577" lon="19.15024704503">
    <tag k="local_x" v="60602.9365"/>
    <tag k="local_y" v="58695.2337"/>
    <tag k="ele" v="0"/>
  </node>
  <node version="1" id="6811" lat="47.46677173406" lon="19.15024734626">
    <tag k="local_x" v="60602.9602"/>
    <tag k="local_y" v="58695.2752"/>
    <tag k="ele" v="0"/>
  </node>
  <node version="1" id="6812" lat="47.46677211052" lon="19.15024764489">
    <tag k="local_x" v="60602.9837"/>
    <tag k="local_y" v="58695.3165"/>
    <tag k="ele" v="0"/>
  </node>
  <node version="1" id="6813" lat="47.46677248427" lon="19.15024794362">
    <tag k="local_x" v="60603.0072"/>
    <tag k="local_y" v="58695.3575"/>
    <tag k="ele" v="0"/>
  </node>
  <node version="1" id="6814" lat="47.46677285709" lon="19.15024823973">
    <tag k="local_x" v="60603.0305"/>
    <tag k="local_y" v="58695.3984"/>
    <tag k="ele" v="0"/>
  </node>
  <node version="1" id="6815" lat="47.4667732281" lon="19.1502485359">
    <tag k="local_x" v="60603.0538"/>
    <tag k="local_y" v="58695.4391"/>
    <tag k="ele" v="0"/>
  </node>
  <node version="1" id="6816" lat="47.46677359638" lon="19.15024882952">
    <tag k="local_x" v="60603.0769"/>
    <tag k="local_y" v="58695.4795"/>
    <tag k="ele" v="0"/>
  </node>
  <node version="1" id="6817" lat="47.46677396283" lon="19.15024912187">
    <tag k="local_x" v="60603.0999"/>
    <tag k="local_y" v="58695.5197"/>
    <tag k="ele" v="0"/>
  </node>
  <node version="1" id="6818" lat="47.46677432745" lon="19.15024941163">
    <tag k="local_x" v="60603.1227"/>
    <tag k="local_y" v="58695.5597"/>
    <tag k="ele" v="0"/>
  </node>
  <node version="1" id="6819" lat="47.46677468936" lon="19.15024970148">
    <tag k="local_x" v="60603.1455"/>
    <tag k="local_y" v="58695.5994"/>
    <tag k="ele" v="0"/>
  </node>
  <node version="1" id="6820" lat="47.46677504854" lon="19.15024998878">
    <tag k="local_x" v="60603.1681"/>
    <tag k="local_y" v="58695.6388"/>
    <tag k="ele" v="0"/>
  </node>
  <node version="1" id="6821" lat="47.46677540497" lon="19.15025027352">
    <tag k="local_x" v="60603.1905"/>
    <tag k="local_y" v="58695.6779"/>
    <tag k="ele" v="0"/>
  </node>
  <node version="1" id="6822" lat="47.46677575958" lon="19.150250557">
    <tag k="local_x" v="60603.2128"/>
    <tag k="local_y" v="58695.7168"/>
    <tag k="ele" v="0"/>
  </node>
  <node version="1" id="6823" lat="47.46677611056" lon="19.15025083795">
    <tag k="local_x" v="60603.2349"/>
    <tag k="local_y" v="58695.7553"/>
    <tag k="ele" v="0"/>
  </node>
  <node version="1" id="6824" lat="47.46677645881" lon="19.15025111767">
    <tag k="local_x" v="60603.2569"/>
    <tag k="local_y" v="58695.7935"/>
    <tag k="ele" v="0"/>
  </node>
  <node version="1" id="6825" lat="47.4667768034" lon="19.15025139354">
    <tag k="local_x" v="60603.2786"/>
    <tag k="local_y" v="58695.8313"/>
    <tag k="ele" v="0"/>
  </node>
  <node version="1" id="6826" lat="47.46677714527" lon="19.15025166817">
    <tag k="local_x" v="60603.3002"/>
    <tag k="local_y" v="58695.8688"/>
    <tag k="ele" v="0"/>
  </node>
  <node version="1" id="6827" lat="47.46677748439" lon="19.15025193892">
    <tag k="local_x" v="60603.3215"/>
    <tag k="local_y" v="58695.906"/>
    <tag k="ele" v="0"/>
  </node>
  <node version="1" id="6828" lat="47.46677782078" lon="19.15025220844">
    <tag k="local_x" v="60603.3427"/>
    <tag k="local_y" v="58695.9429"/>
    <tag k="ele" v="0"/>
  </node>
  <node version="1" id="6829" lat="47.46677815353" lon="19.15025247544">
    <tag k="local_x" v="60603.3637"/>
    <tag k="local_y" v="58695.9794"/>
    <tag k="ele" v="0"/>
  </node>
  <node version="1" id="6830" lat="47.46677848444" lon="19.15025273984">
    <tag k="local_x" v="60603.3845"/>
    <tag k="local_y" v="58696.0157"/>
    <tag k="ele" v="0"/>
  </node>
  <node version="1" id="6831" lat="47.46677881351" lon="19.15025300165">
    <tag k="local_x" v="60603.4051"/>
    <tag k="local_y" v="58696.0518"/>
    <tag k="ele" v="0"/>
  </node>
  <node version="1" id="6832" lat="47.46677913893" lon="19.15025326094">
    <tag k="local_x" v="60603.4255"/>
    <tag k="local_y" v="58696.0875"/>
    <tag k="ele" v="0"/>
  </node>
  <node version="1" id="6833" lat="47.46677952725" lon="19.15025356978">
    <tag k="local_x" v="60603.4498"/>
    <tag k="local_y" v="58696.1301"/>
    <tag k="ele" v="0"/>
  </node>
  <node version="1" id="6834" lat="47.46677991375" lon="19.15025387735">
    <tag k="local_x" v="60603.474"/>
    <tag k="local_y" v="58696.1725"/>
    <tag k="ele" v="0"/>
  </node>
  <node version="1" id="6835" lat="47.46678029842" lon="19.15025418366">
    <tag k="local_x" v="60603.4981"/>
    <tag k="local_y" v="58696.2147"/>
    <tag k="ele" v="0"/>
  </node>
  <node version="1" id="6836" lat="47.46678068126" lon="19.15025448738">
    <tag k="local_x" v="60603.522"/>
    <tag k="local_y" v="58696.2567"/>
    <tag k="ele" v="0"/>
  </node>
  <node version="1" id="6837" lat="47.46678106227" lon="19.15025478983">
    <tag k="local_x" v="60603.5458"/>
    <tag k="local_y" v="58696.2985"/>
    <tag k="ele" v="0"/>
  </node>
  <node version="1" id="6838" lat="47.46678137676" lon="19.15025504021">
    <tag k="local_x" v="60603.5655"/>
    <tag k="local_y" v="58696.333"/>
    <tag k="ele" v="0"/>
  </node>
  <node version="1" id="6839" lat="47.4667816894" lon="19.15025528801">
    <tag k="local_x" v="60603.585"/>
    <tag k="local_y" v="58696.3673"/>
    <tag k="ele" v="0"/>
  </node>
  <node version="1" id="6840" lat="47.46678199933" lon="19.15025553457">
    <tag k="local_x" v="60603.6044"/>
    <tag k="local_y" v="58696.4013"/>
    <tag k="ele" v="0"/>
  </node>
  <node version="1" id="6841" lat="47.46678230833" lon="19.15025577984">
    <tag k="local_x" v="60603.6237"/>
    <tag k="local_y" v="58696.4352"/>
    <tag k="ele" v="0"/>
  </node>
  <node version="1" id="6842" lat="47.46678261462" lon="19.15025602387">
    <tag k="local_x" v="60603.6429"/>
    <tag k="local_y" v="58696.4688"/>
    <tag k="ele" v="0"/>
  </node>
  <node version="1" id="6843" lat="47.46678291908" lon="19.15025626665">
    <tag k="local_x" v="60603.662"/>
    <tag k="local_y" v="58696.5022"/>
    <tag k="ele" v="0"/>
  </node>
  <node version="1" id="6844" lat="47.46678322083" lon="19.15025650819">
    <tag k="local_x" v="60603.681"/>
    <tag k="local_y" v="58696.5353"/>
    <tag k="ele" v="0"/>
  </node>
  <node version="1" id="6845" lat="47.46678351891" lon="19.15025674588">
    <tag k="local_x" v="60603.6997"/>
    <tag k="local_y" v="58696.568"/>
    <tag k="ele" v="0"/>
  </node>
  <node version="1" id="6846" lat="47.46678381246" lon="19.15025698107">
    <tag k="local_x" v="60603.7182"/>
    <tag k="local_y" v="58696.6002"/>
    <tag k="ele" v="0"/>
  </node>
  <node version="1" id="6847" lat="47.46678410234" lon="19.15025721241">
    <tag k="local_x" v="60603.7364"/>
    <tag k="local_y" v="58696.632"/>
    <tag k="ele" v="0"/>
  </node>
  <node version="1" id="6848" lat="47.46678438859" lon="19.15025744123">
    <tag k="local_x" v="60603.7544"/>
    <tag k="local_y" v="58696.6634"/>
    <tag k="ele" v="0"/>
  </node>
  <node version="1" id="6849" lat="47.46678467119" lon="19.15025766752">
    <tag k="local_x" v="60603.7722"/>
    <tag k="local_y" v="58696.6944"/>
    <tag k="ele" v="0"/>
  </node>
  <node version="1" id="6850" lat="47.46678495103" lon="19.15025788992">
    <tag k="local_x" v="60603.7897"/>
    <tag k="local_y" v="58696.7251"/>
    <tag k="ele" v="0"/>
  </node>
  <node version="1" id="6851" lat="47.46678522725" lon="19.15025811113">
    <tag k="local_x" v="60603.8071"/>
    <tag k="local_y" v="58696.7554"/>
    <tag k="ele" v="0"/>
  </node>
  <node version="1" id="6852" lat="47.46678550073" lon="19.15025832978">
    <tag k="local_x" v="60603.8243"/>
    <tag k="local_y" v="58696.7854"/>
    <tag k="ele" v="0"/>
  </node>
  <node version="1" id="6853" lat="47.46678577147" lon="19.15025854587">
    <tag k="local_x" v="60603.8413"/>
    <tag k="local_y" v="58696.8151"/>
    <tag k="ele" v="0"/>
  </node>
  <node version="1" id="6854" lat="47.46678603947" lon="19.1502587594">
    <tag k="local_x" v="60603.8581"/>
    <tag k="local_y" v="58696.8445"/>
    <tag k="ele" v="0"/>
  </node>
  <node version="1" id="6855" lat="47.46678630565" lon="19.15025897167">
    <tag k="local_x" v="60603.8748"/>
    <tag k="local_y" v="58696.8737"/>
    <tag k="ele" v="0"/>
  </node>
  <node version="1" id="6856" lat="47.46678656999" lon="19.15025918134">
    <tag k="local_x" v="60603.8913"/>
    <tag k="local_y" v="58696.9027"/>
    <tag k="ele" v="0"/>
  </node>
  <node version="1" id="6857" lat="47.46678683251" lon="19.15025938976">
    <tag k="local_x" v="60603.9077"/>
    <tag k="local_y" v="58696.9315"/>
    <tag k="ele" v="0"/>
  </node>
  <node version="1" id="6858" lat="47.46678709231" lon="19.15025959694">
    <tag k="local_x" v="60603.924"/>
    <tag k="local_y" v="58696.96"/>
    <tag k="ele" v="0"/>
  </node>
  <node version="1" id="6859" lat="47.46678734939" lon="19.1502598029">
    <tag k="local_x" v="60603.9402"/>
    <tag k="local_y" v="58696.9882"/>
    <tag k="ele" v="0"/>
  </node>
  <node version="1" id="6860" lat="47.46678760372" lon="19.15026000629">
    <tag k="local_x" v="60603.9562"/>
    <tag k="local_y" v="58697.0161"/>
    <tag k="ele" v="0"/>
  </node>
  <node version="1" id="6861" lat="47.4667878553" lon="19.1502602058">
    <tag k="local_x" v="60603.9719"/>
    <tag k="local_y" v="58697.0437"/>
    <tag k="ele" v="0"/>
  </node>
  <node version="1" id="6862" lat="47.46678810328" lon="19.15026040544">
    <tag k="local_x" v="60603.9876"/>
    <tag k="local_y" v="58697.0709"/>
    <tag k="ele" v="0"/>
  </node>
  <node version="1" id="6863" lat="47.4667883485" lon="19.15026060119">
    <tag k="local_x" v="60604.003"/>
    <tag k="local_y" v="58697.0978"/>
    <tag k="ele" v="0"/>
  </node>
  <node version="1" id="6864" lat="47.46678859007" lon="19.15026079442">
    <tag k="local_x" v="60604.0182"/>
    <tag k="local_y" v="58697.1243"/>
    <tag k="ele" v="0"/>
  </node>
  <node version="1" id="6865" lat="47.46678882801" lon="19.15026098512">
    <tag k="local_x" v="60604.0332"/>
    <tag k="local_y" v="58697.1504"/>
    <tag k="ele" v="0"/>
  </node>
  <node version="1" id="6866" lat="47.46678906228" lon="19.15026117197">
    <tag k="local_x" v="60604.0479"/>
    <tag k="local_y" v="58697.1761"/>
    <tag k="ele" v="0"/>
  </node>
  <node version="1" id="6867" lat="47.46678929294" lon="19.15026135762">
    <tag k="local_x" v="60604.0625"/>
    <tag k="local_y" v="58697.2014"/>
    <tag k="ele" v="0"/>
  </node>
  <node version="1" id="6868" lat="47.46678951993" lon="19.15026153941">
    <tag k="local_x" v="60604.0768"/>
    <tag k="local_y" v="58697.2263"/>
    <tag k="ele" v="0"/>
  </node>
  <node version="1" id="6869" lat="47.46678974419" lon="19.15026171865">
    <tag k="local_x" v="60604.0909"/>
    <tag k="local_y" v="58697.2509"/>
    <tag k="ele" v="0"/>
  </node>
  <node version="1" id="6870" lat="47.46678996478" lon="19.15026189404">
    <tag k="local_x" v="60604.1047"/>
    <tag k="local_y" v="58697.2751"/>
    <tag k="ele" v="0"/>
  </node>
  <node version="1" id="6871" lat="47.46679018175" lon="19.15026206822">
    <tag k="local_x" v="60604.1184"/>
    <tag k="local_y" v="58697.2989"/>
    <tag k="ele" v="0"/>
  </node>
  <node version="1" id="6872" lat="47.46679039506" lon="19.15026223855">
    <tag k="local_x" v="60604.1318"/>
    <tag k="local_y" v="58697.3223"/>
    <tag k="ele" v="0"/>
  </node>
  <node version="1" id="6873" lat="47.46679060656" lon="19.15026240762">
    <tag k="local_x" v="60604.1451"/>
    <tag k="local_y" v="58697.3455"/>
    <tag k="ele" v="0"/>
  </node>
  <node version="1" id="6874" lat="47.46679081349" lon="19.15026257287">
    <tag k="local_x" v="60604.1581"/>
    <tag k="local_y" v="58697.3682"/>
    <tag k="ele" v="0"/>
  </node>
  <node version="1" id="6875" lat="47.4667910186" lon="19.15026273686">
    <tag k="local_x" v="60604.171"/>
    <tag k="local_y" v="58697.3907"/>
    <tag k="ele" v="0"/>
  </node>
  <node version="1" id="6876" lat="47.46679122097" lon="19.15026289829">
    <tag k="local_x" v="60604.1837"/>
    <tag k="local_y" v="58697.4129"/>
    <tag k="ele" v="0"/>
  </node>
  <node version="1" id="6877" lat="47.4667914206" lon="19.15026305716">
    <tag k="local_x" v="60604.1962"/>
    <tag k="local_y" v="58697.4348"/>
    <tag k="ele" v="0"/>
  </node>
  <node version="1" id="6878" lat="47.46679161841" lon="19.15026321476">
    <tag k="local_x" v="60604.2086"/>
    <tag k="local_y" v="58697.4565"/>
    <tag k="ele" v="0"/>
  </node>
  <node version="1" id="6879" lat="47.4667918144" lon="19.15026337111">
    <tag k="local_x" v="60604.2209"/>
    <tag k="local_y" v="58697.478"/>
    <tag k="ele" v="0"/>
  </node>
  <node version="1" id="6880" lat="47.46679204411" lon="19.15026355413">
    <tag k="local_x" v="60604.2353"/>
    <tag k="local_y" v="58697.5032"/>
    <tag k="ele" v="0"/>
  </node>
  <node version="1" id="6881" lat="47.46679227018" lon="19.15026373463">
    <tag k="local_x" v="60604.2495"/>
    <tag k="local_y" v="58697.528"/>
    <tag k="ele" v="0"/>
  </node>
  <node version="1" id="6882" lat="47.46679249352" lon="19.15026391258">
    <tag k="local_x" v="60604.2635"/>
    <tag k="local_y" v="58697.5525"/>
    <tag k="ele" v="0"/>
  </node>
  <node version="1" id="6883" lat="47.46679271323" lon="19.15026408932">
    <tag k="local_x" v="60604.2774"/>
    <tag k="local_y" v="58697.5766"/>
    <tag k="ele" v="0"/>
  </node>
  <node version="1" id="6884" lat="47.4667929311" lon="19.15026426347">
    <tag k="local_x" v="60604.2911"/>
    <tag k="local_y" v="58697.6005"/>
    <tag k="ele" v="0"/>
  </node>
  <node version="1" id="6885" lat="47.46679310797" lon="19.15026440589">
    <tag k="local_x" v="60604.3023"/>
    <tag k="local_y" v="58697.6199"/>
    <tag k="ele" v="0"/>
  </node>
  <node version="1" id="6886" lat="47.46679328118" lon="19.15026454446">
    <tag k="local_x" v="60604.3132"/>
    <tag k="local_y" v="58697.6389"/>
    <tag k="ele" v="0"/>
  </node>
  <node version="1" id="6887" lat="47.46679345074" lon="19.15026468049">
    <tag k="local_x" v="60604.3239"/>
    <tag k="local_y" v="58697.6575"/>
    <tag k="ele" v="0"/>
  </node>
  <node version="1" id="6888" lat="47.46679361667" lon="19.15026481401">
    <tag k="local_x" v="60604.3344"/>
    <tag k="local_y" v="58697.6757"/>
    <tag k="ele" v="0"/>
  </node>
  <node version="1" id="6889" lat="47.46679377895" lon="19.15026494499">
    <tag k="local_x" v="60604.3447"/>
    <tag k="local_y" v="58697.6935"/>
    <tag k="ele" v="0"/>
  </node>
  <node version="1" id="6890" lat="47.46679393758" lon="19.15026507213">
    <tag k="local_x" v="60604.3547"/>
    <tag k="local_y" v="58697.7109"/>
    <tag k="ele" v="0"/>
  </node>
  <node version="1" id="6891" lat="47.46679409166" lon="19.15026519677">
    <tag k="local_x" v="60604.3645"/>
    <tag k="local_y" v="58697.7278"/>
    <tag k="ele" v="0"/>
  </node>
  <node version="1" id="6892" lat="47.46679424211" lon="19.15026531888">
    <tag k="local_x" v="60604.3741"/>
    <tag k="local_y" v="58697.7443"/>
    <tag k="ele" v="0"/>
  </node>
  <node version="1" id="6893" lat="47.46679438889" lon="19.15026543714">
    <tag k="local_x" v="60604.3834"/>
    <tag k="local_y" v="58697.7604"/>
    <tag k="ele" v="0"/>
  </node>
  <node version="1" id="6894" lat="47.46679453201" lon="19.15026555155">
    <tag k="local_x" v="60604.3924"/>
    <tag k="local_y" v="58697.7761"/>
    <tag k="ele" v="0"/>
  </node>
  <node version="1" id="6895" lat="47.46679467241" lon="19.15026566472">
    <tag k="local_x" v="60604.4013"/>
    <tag k="local_y" v="58697.7915"/>
    <tag k="ele" v="0"/>
  </node>
  <node version="1" id="6896" lat="47.46679481008" lon="19.15026577534">
    <tag k="local_x" v="60604.41"/>
    <tag k="local_y" v="58697.8066"/>
    <tag k="ele" v="0"/>
  </node>
  <node version="1" id="6897" lat="47.46679494592" lon="19.1502658847">
    <tag k="local_x" v="60604.4186"/>
    <tag k="local_y" v="58697.8215"/>
    <tag k="ele" v="0"/>
  </node>
  <node version="1" id="6898" lat="47.466795079" lon="19.15026599017">
    <tag k="local_x" v="60604.4269"/>
    <tag k="local_y" v="58697.8361"/>
    <tag k="ele" v="0"/>
  </node>
  <node version="1" id="6899" lat="47.46679520938" lon="19.15026609573">
    <tag k="local_x" v="60604.4352"/>
    <tag k="local_y" v="58697.8504"/>
    <tag k="ele" v="0"/>
  </node>
  <node version="1" id="6900" lat="47.46679533702" lon="19.15026619874">
    <tag k="local_x" v="60604.4433"/>
    <tag k="local_y" v="58697.8644"/>
    <tag k="ele" v="0"/>
  </node>
  <node version="1" id="6901" lat="47.46679546282" lon="19.15026629916">
    <tag k="local_x" v="60604.4512"/>
    <tag k="local_y" v="58697.8782"/>
    <tag k="ele" v="0"/>
  </node>
  <node version="1" id="6902" lat="47.4667955868" lon="19.15026639832">
    <tag k="local_x" v="60604.459"/>
    <tag k="local_y" v="58697.8918"/>
    <tag k="ele" v="0"/>
  </node>
  <node version="1" id="6903" lat="47.46679570805" lon="19.15026649624">
    <tag k="local_x" v="60604.4667"/>
    <tag k="local_y" v="58697.9051"/>
    <tag k="ele" v="0"/>
  </node>
  <node version="1" id="6904" lat="47.46679582655" lon="19.15026659028">
    <tag k="local_x" v="60604.4741"/>
    <tag k="local_y" v="58697.9181"/>
    <tag k="ele" v="0"/>
  </node>
  <node version="1" id="6905" lat="47.46679594233" lon="19.15026668309">
    <tag k="local_x" v="60604.4814"/>
    <tag k="local_y" v="58697.9308"/>
    <tag k="ele" v="0"/>
  </node>
  <node version="1" id="6906" lat="47.46679605357" lon="19.1502667734">
    <tag k="local_x" v="60604.4885"/>
    <tag k="local_y" v="58697.943"/>
    <tag k="ele" v="0"/>
  </node>
  <node version="1" id="6907" lat="47.46679616114" lon="19.15026685986">
    <tag k="local_x" v="60604.4953"/>
    <tag k="local_y" v="58697.9548"/>
    <tag k="ele" v="0"/>
  </node>
  <node version="1" id="6908" lat="47.46679626416" lon="19.1502669425">
    <tag k="local_x" v="60604.5018"/>
    <tag k="local_y" v="58697.9661"/>
    <tag k="ele" v="0"/>
  </node>
  <node version="1" id="6909" lat="47.46679636443" lon="19.15026702258">
    <tag k="local_x" v="60604.5081"/>
    <tag k="local_y" v="58697.9771"/>
    <tag k="ele" v="0"/>
  </node>
  <node version="1" id="6910" lat="47.46679646107" lon="19.15026710014">
    <tag k="local_x" v="60604.5142"/>
    <tag k="local_y" v="58697.9877"/>
    <tag k="ele" v="0"/>
  </node>
  <node version="1" id="6911" lat="47.46679655588" lon="19.15026717643">
    <tag k="local_x" v="60604.5202"/>
    <tag k="local_y" v="58697.9981"/>
    <tag k="ele" v="0"/>
  </node>
  <node version="1" id="6912" lat="47.46679664888" lon="19.15026725146">
    <tag k="local_x" v="60604.5261"/>
    <tag k="local_y" v="58698.0083"/>
    <tag k="ele" v="0"/>
  </node>
  <node version="1" id="6913" lat="47.46679673913" lon="19.15026732394">
    <tag k="local_x" v="60604.5318"/>
    <tag k="local_y" v="58698.0182"/>
    <tag k="ele" v="0"/>
  </node>
  <node version="1" id="6914" lat="47.46679682844" lon="19.15026739379">
    <tag k="local_x" v="60604.5373"/>
    <tag k="local_y" v="58698.028"/>
    <tag k="ele" v="0"/>
  </node>
  <node version="1" id="6915" lat="47.46679691598" lon="19.15026746503">
    <tag k="local_x" v="60604.5429"/>
    <tag k="local_y" v="58698.0376"/>
    <tag k="ele" v="0"/>
  </node>
  <node version="1" id="6916" lat="47.46679699621" lon="19.15026752989">
    <tag k="local_x" v="60604.548"/>
    <tag k="local_y" v="58698.0464"/>
    <tag k="ele" v="0"/>
  </node>
  <way version="1" id="6917">
    <nd ref="4985"/>
    <nd ref="4986"/>
    <nd ref="4987"/>
    <nd ref="4988"/>
    <nd ref="4989"/>
    <nd ref="4990"/>
    <nd ref="4991"/>
    <nd ref="4992"/>
    <nd ref="4993"/>
    <nd ref="4994"/>
    <nd ref="4995"/>
    <nd ref="4996"/>
    <nd ref="4997"/>
    <nd ref="4998"/>
    <nd ref="4999"/>
    <nd ref="5000"/>
    <nd ref="5001"/>
    <nd ref="5002"/>
    <nd ref="5003"/>
    <nd ref="5004"/>
    <nd ref="5005"/>
    <nd ref="5006"/>
    <nd ref="5007"/>
    <nd ref="5008"/>
    <nd ref="5009"/>
    <nd ref="5010"/>
    <nd ref="5011"/>
    <nd ref="5012"/>
    <nd ref="5013"/>
    <nd ref="5014"/>
    <nd ref="5015"/>
    <nd ref="5016"/>
    <nd ref="5017"/>
    <nd ref="5018"/>
    <nd ref="5019"/>
    <nd ref="5020"/>
    <nd ref="5021"/>
    <nd ref="5022"/>
    <nd ref="5023"/>
    <nd ref="5024"/>
    <nd ref="5025"/>
    <nd ref="5026"/>
    <nd ref="5027"/>
    <nd ref="5028"/>
    <nd ref="5029"/>
    <nd ref="5030"/>
    <nd ref="5031"/>
    <nd ref="5032"/>
    <nd ref="5033"/>
    <nd ref="5034"/>
    <nd ref="5035"/>
    <nd ref="5036"/>
    <nd ref="5037"/>
    <nd ref="5038"/>
    <nd ref="5039"/>
    <nd ref="5040"/>
    <nd ref="5041"/>
    <nd ref="5042"/>
    <nd ref="5043"/>
    <nd ref="5044"/>
    <nd ref="5045"/>
    <nd ref="5046"/>
    <nd ref="5047"/>
    <nd ref="5048"/>
    <nd ref="5049"/>
    <nd ref="5050"/>
    <nd ref="5051"/>
    <nd ref="5052"/>
    <nd ref="5053"/>
    <nd ref="5054"/>
    <nd ref="5055"/>
    <nd ref="5056"/>
    <nd ref="5057"/>
    <nd ref="5058"/>
    <nd ref="5059"/>
    <nd ref="5060"/>
    <nd ref="5061"/>
    <nd ref="5062"/>
    <nd ref="5063"/>
    <nd ref="5064"/>
    <nd ref="5065"/>
    <nd ref="5066"/>
    <nd ref="5067"/>
    <nd ref="5068"/>
    <nd ref="5069"/>
    <nd ref="5070"/>
    <nd ref="5071"/>
    <nd ref="5072"/>
    <nd ref="5073"/>
    <nd ref="5074"/>
    <nd ref="5075"/>
    <nd ref="5076"/>
    <nd ref="5077"/>
    <nd ref="5078"/>
    <nd ref="5079"/>
    <nd ref="5080"/>
    <nd ref="5081"/>
    <nd ref="5082"/>
    <nd ref="5083"/>
    <nd ref="5084"/>
    <nd ref="5085"/>
    <nd ref="5086"/>
    <nd ref="5087"/>
    <nd ref="5088"/>
    <nd ref="5089"/>
    <nd ref="5090"/>
    <nd ref="5091"/>
    <nd ref="5092"/>
    <nd ref="5093"/>
    <nd ref="5094"/>
    <nd ref="5095"/>
    <nd ref="5096"/>
    <nd ref="5097"/>
    <nd ref="5098"/>
    <nd ref="5099"/>
    <nd ref="5100"/>
    <nd ref="5101"/>
    <nd ref="5102"/>
    <nd ref="5103"/>
    <nd ref="5104"/>
    <nd ref="5105"/>
    <nd ref="5106"/>
    <nd ref="5107"/>
    <nd ref="5108"/>
    <nd ref="5109"/>
    <nd ref="5110"/>
    <nd ref="5111"/>
    <nd ref="5112"/>
    <nd ref="5113"/>
    <nd ref="5114"/>
    <nd ref="5115"/>
    <nd ref="5116"/>
    <nd ref="5117"/>
    <nd ref="5118"/>
    <nd ref="5119"/>
    <nd ref="5120"/>
    <nd ref="5121"/>
    <nd ref="5122"/>
    <nd ref="5123"/>
    <nd ref="5124"/>
    <nd ref="5125"/>
    <nd ref="5126"/>
    <nd ref="5127"/>
    <nd ref="5128"/>
    <nd ref="5129"/>
    <nd ref="5130"/>
    <nd ref="5131"/>
    <nd ref="5132"/>
    <nd ref="5133"/>
    <nd ref="5134"/>
    <nd ref="5135"/>
    <nd ref="5136"/>
    <nd ref="5137"/>
    <nd ref="5138"/>
    <nd ref="5139"/>
    <nd ref="5140"/>
    <nd ref="5141"/>
    <nd ref="5142"/>
    <nd ref="5143"/>
    <nd ref="5144"/>
    <nd ref="5145"/>
    <nd ref="5146"/>
    <nd ref="5147"/>
    <nd ref="5148"/>
    <nd ref="5149"/>
    <nd ref="5150"/>
    <nd ref="5151"/>
    <nd ref="5152"/>
    <nd ref="5153"/>
    <nd ref="5154"/>
    <nd ref="5155"/>
    <nd ref="5156"/>
    <nd ref="5157"/>
    <nd ref="5158"/>
    <nd ref="5159"/>
    <nd ref="5160"/>
    <nd ref="5161"/>
    <nd ref="5162"/>
    <nd ref="5163"/>
    <nd ref="5164"/>
    <nd ref="5165"/>
    <nd ref="5166"/>
    <nd ref="5167"/>
    <nd ref="5168"/>
    <nd ref="5169"/>
    <nd ref="5170"/>
    <nd ref="5171"/>
    <nd ref="5172"/>
    <nd ref="5173"/>
    <nd ref="5174"/>
    <nd ref="5175"/>
    <nd ref="5176"/>
    <nd ref="5177"/>
    <nd ref="5178"/>
    <nd ref="5179"/>
    <nd ref="5180"/>
    <nd ref="5181"/>
    <nd ref="5182"/>
    <nd ref="5183"/>
    <nd ref="5184"/>
    <nd ref="5185"/>
    <nd ref="5186"/>
    <nd ref="5187"/>
    <nd ref="5188"/>
    <nd ref="5189"/>
    <nd ref="5190"/>
    <nd ref="5191"/>
    <nd ref="5192"/>
    <nd ref="5193"/>
    <nd ref="5194"/>
    <nd ref="5195"/>
    <nd ref="5196"/>
    <nd ref="5197"/>
    <nd ref="5198"/>
    <nd ref="5199"/>
    <nd ref="5200"/>
    <nd ref="5201"/>
    <nd ref="5202"/>
    <nd ref="5203"/>
    <nd ref="5204"/>
    <nd ref="5205"/>
    <nd ref="5206"/>
    <nd ref="5207"/>
    <nd ref="5208"/>
    <nd ref="5209"/>
    <nd ref="5210"/>
    <nd ref="5211"/>
    <nd ref="5212"/>
    <nd ref="5213"/>
    <nd ref="5214"/>
    <nd ref="5215"/>
    <nd ref="5216"/>
    <nd ref="5217"/>
    <nd ref="5218"/>
    <nd ref="5219"/>
    <nd ref="5220"/>
    <nd ref="5221"/>
    <nd ref="5222"/>
    <nd ref="5223"/>
    <nd ref="5224"/>
    <nd ref="5225"/>
    <nd ref="5226"/>
    <nd ref="5227"/>
    <nd ref="5228"/>
    <nd ref="5229"/>
    <nd ref="5230"/>
    <nd ref="5231"/>
    <nd ref="5232"/>
    <nd ref="5233"/>
    <nd ref="5234"/>
    <nd ref="5235"/>
    <nd ref="5236"/>
    <nd ref="5237"/>
    <nd ref="5238"/>
    <nd ref="5239"/>
    <nd ref="5240"/>
    <nd ref="5241"/>
    <nd ref="5242"/>
    <nd ref="5243"/>
    <nd ref="5244"/>
    <nd ref="5245"/>
    <nd ref="5246"/>
    <nd ref="5247"/>
    <nd ref="5248"/>
    <nd ref="5249"/>
    <nd ref="5250"/>
    <nd ref="5251"/>
    <nd ref="5252"/>
    <nd ref="5253"/>
    <nd ref="5254"/>
    <nd ref="5255"/>
    <nd ref="5256"/>
    <nd ref="5257"/>
    <nd ref="5258"/>
    <nd ref="5259"/>
    <nd ref="5260"/>
    <nd ref="5261"/>
    <nd ref="5262"/>
    <nd ref="5263"/>
    <nd ref="5264"/>
    <nd ref="5265"/>
    <nd ref="5266"/>
    <nd ref="5267"/>
    <nd ref="5268"/>
    <nd ref="5269"/>
    <nd ref="5270"/>
    <nd ref="5271"/>
    <nd ref="5272"/>
    <nd ref="5273"/>
    <nd ref="5274"/>
    <nd ref="5275"/>
    <nd ref="5276"/>
    <nd ref="5277"/>
    <nd ref="5278"/>
    <nd ref="5279"/>
    <nd ref="5280"/>
    <nd ref="5281"/>
    <nd ref="5282"/>
    <nd ref="5283"/>
    <nd ref="5284"/>
    <nd ref="5285"/>
    <nd ref="5286"/>
    <nd ref="5287"/>
    <nd ref="5288"/>
    <nd ref="5289"/>
    <nd ref="5290"/>
    <nd ref="5291"/>
    <nd ref="5292"/>
    <nd ref="5293"/>
    <nd ref="5294"/>
    <nd ref="5295"/>
    <nd ref="5296"/>
    <nd ref="5297"/>
    <nd ref="5298"/>
    <nd ref="5299"/>
    <nd ref="5300"/>
    <nd ref="5301"/>
    <nd ref="5302"/>
    <nd ref="5303"/>
    <nd ref="5304"/>
    <nd ref="5305"/>
    <nd ref="5306"/>
    <nd ref="5307"/>
    <nd ref="5308"/>
    <nd ref="5309"/>
    <nd ref="5310"/>
    <nd ref="5311"/>
    <nd ref="5312"/>
    <nd ref="5313"/>
    <nd ref="5314"/>
    <nd ref="5315"/>
    <nd ref="5316"/>
    <nd ref="5317"/>
    <nd ref="5318"/>
    <nd ref="5319"/>
    <nd ref="5320"/>
    <nd ref="5321"/>
    <nd ref="5322"/>
    <nd ref="5323"/>
    <nd ref="5324"/>
    <nd ref="5325"/>
    <nd ref="5326"/>
    <nd ref="5327"/>
    <nd ref="5328"/>
    <nd ref="5329"/>
    <nd ref="5330"/>
    <nd ref="5331"/>
    <nd ref="5332"/>
    <nd ref="5333"/>
    <nd ref="5334"/>
    <nd ref="5335"/>
    <nd ref="5336"/>
    <nd ref="5337"/>
    <nd ref="5338"/>
    <nd ref="5339"/>
    <nd ref="5340"/>
    <nd ref="5341"/>
    <nd ref="5342"/>
    <nd ref="5343"/>
    <nd ref="5344"/>
    <nd ref="5345"/>
    <nd ref="5346"/>
    <nd ref="5347"/>
    <nd ref="5348"/>
    <nd ref="5349"/>
    <nd ref="5350"/>
    <nd ref="5351"/>
    <nd ref="5352"/>
    <nd ref="5353"/>
    <nd ref="5354"/>
    <nd ref="5355"/>
    <nd ref="5356"/>
    <nd ref="5357"/>
    <nd ref="5358"/>
    <nd ref="5359"/>
    <nd ref="5360"/>
    <nd ref="5361"/>
    <nd ref="5362"/>
    <nd ref="5363"/>
    <nd ref="5364"/>
    <nd ref="5365"/>
    <nd ref="5366"/>
    <nd ref="5367"/>
    <nd ref="5368"/>
    <nd ref="5369"/>
    <nd ref="5370"/>
    <nd ref="5371"/>
    <nd ref="5372"/>
    <nd ref="5373"/>
    <nd ref="5374"/>
    <nd ref="5375"/>
    <nd ref="5376"/>
    <nd ref="5377"/>
    <nd ref="5378"/>
    <nd ref="5379"/>
    <nd ref="5380"/>
    <nd ref="5381"/>
    <nd ref="5382"/>
    <nd ref="5383"/>
    <nd ref="5384"/>
    <nd ref="5385"/>
    <nd ref="5386"/>
    <nd ref="5387"/>
    <nd ref="5388"/>
    <nd ref="5389"/>
    <nd ref="5390"/>
    <nd ref="5391"/>
    <nd ref="5392"/>
    <nd ref="5393"/>
    <nd ref="5394"/>
    <nd ref="5395"/>
    <nd ref="5396"/>
    <nd ref="5397"/>
    <nd ref="5398"/>
    <nd ref="5399"/>
    <nd ref="5400"/>
    <nd ref="5401"/>
    <nd ref="5402"/>
    <nd ref="5403"/>
    <nd ref="5404"/>
    <nd ref="5405"/>
    <nd ref="5406"/>
    <nd ref="5407"/>
    <nd ref="5408"/>
    <nd ref="5409"/>
    <nd ref="5410"/>
    <nd ref="5411"/>
    <nd ref="5412"/>
    <nd ref="5413"/>
    <nd ref="5414"/>
    <nd ref="5415"/>
    <nd ref="5416"/>
    <nd ref="5417"/>
    <nd ref="5418"/>
    <nd ref="5419"/>
    <nd ref="5420"/>
    <nd ref="5421"/>
    <nd ref="5422"/>
    <nd ref="5423"/>
    <nd ref="5424"/>
    <nd ref="5425"/>
    <nd ref="5426"/>
    <nd ref="5427"/>
    <nd ref="5428"/>
    <nd ref="5429"/>
    <nd ref="5430"/>
    <nd ref="5431"/>
    <nd ref="5432"/>
    <nd ref="5433"/>
    <nd ref="5434"/>
    <nd ref="5435"/>
    <nd ref="5436"/>
    <nd ref="5437"/>
    <nd ref="5438"/>
    <nd ref="5439"/>
    <nd ref="5440"/>
    <nd ref="5441"/>
    <nd ref="5442"/>
    <nd ref="5443"/>
    <nd ref="5444"/>
    <nd ref="5445"/>
    <nd ref="5446"/>
    <nd ref="5447"/>
    <nd ref="5448"/>
    <nd ref="5449"/>
    <nd ref="5450"/>
    <nd ref="5451"/>
    <nd ref="5452"/>
    <nd ref="5453"/>
    <nd ref="5454"/>
    <nd ref="5455"/>
    <nd ref="5456"/>
    <nd ref="5457"/>
    <nd ref="5458"/>
    <nd ref="5459"/>
    <nd ref="5460"/>
    <nd ref="5461"/>
    <nd ref="5462"/>
    <nd ref="5463"/>
    <nd ref="5464"/>
    <nd ref="5465"/>
    <nd ref="5466"/>
    <nd ref="5467"/>
    <nd ref="5468"/>
    <nd ref="5469"/>
    <nd ref="5470"/>
    <nd ref="5471"/>
    <nd ref="5472"/>
    <nd ref="5473"/>
    <nd ref="5474"/>
    <nd ref="5475"/>
    <nd ref="5476"/>
    <nd ref="5477"/>
    <nd ref="5478"/>
    <nd ref="5479"/>
    <nd ref="5480"/>
    <nd ref="5481"/>
    <nd ref="5482"/>
    <nd ref="5483"/>
    <nd ref="5484"/>
    <nd ref="5485"/>
    <nd ref="5486"/>
    <nd ref="5487"/>
    <nd ref="5488"/>
    <nd ref="5489"/>
    <nd ref="5490"/>
    <nd ref="5508"/>
    <nd ref="5509"/>
    <nd ref="5510"/>
    <nd ref="5511"/>
    <nd ref="5512"/>
    <nd ref="5513"/>
    <nd ref="5514"/>
    <nd ref="5515"/>
    <nd ref="5516"/>
    <nd ref="5517"/>
    <nd ref="5518"/>
    <nd ref="5519"/>
    <nd ref="5520"/>
    <nd ref="5521"/>
    <nd ref="5522"/>
    <nd ref="5523"/>
    <nd ref="5524"/>
    <nd ref="5525"/>
    <nd ref="5526"/>
    <nd ref="5527"/>
    <nd ref="5528"/>
    <nd ref="5529"/>
    <nd ref="5530"/>
    <nd ref="5531"/>
    <nd ref="5532"/>
    <nd ref="5533"/>
    <nd ref="5534"/>
    <nd ref="5535"/>
    <nd ref="5536"/>
    <nd ref="5537"/>
    <nd ref="5538"/>
    <nd ref="5539"/>
    <nd ref="5540"/>
    <nd ref="5541"/>
    <nd ref="5542"/>
    <nd ref="5543"/>
    <nd ref="5544"/>
    <nd ref="5545"/>
    <nd ref="5546"/>
    <nd ref="5547"/>
    <nd ref="5548"/>
    <nd ref="5549"/>
    <nd ref="5550"/>
    <nd ref="5551"/>
    <nd ref="5552"/>
    <nd ref="5553"/>
    <nd ref="5554"/>
    <nd ref="5555"/>
    <nd ref="5556"/>
    <nd ref="5557"/>
    <nd ref="5558"/>
    <nd ref="5559"/>
    <nd ref="5560"/>
    <nd ref="5561"/>
    <nd ref="5562"/>
    <nd ref="5563"/>
    <nd ref="5564"/>
    <nd ref="5565"/>
    <nd ref="5566"/>
    <nd ref="5567"/>
    <nd ref="5568"/>
    <nd ref="5569"/>
    <nd ref="5570"/>
    <nd ref="5571"/>
    <nd ref="5572"/>
    <nd ref="5573"/>
    <nd ref="5574"/>
    <nd ref="5575"/>
    <nd ref="5576"/>
    <nd ref="5577"/>
    <nd ref="5578"/>
    <nd ref="5579"/>
    <nd ref="5580"/>
    <nd ref="5581"/>
    <nd ref="5582"/>
    <nd ref="5583"/>
    <nd ref="5584"/>
    <nd ref="5585"/>
    <nd ref="5586"/>
    <nd ref="5587"/>
    <nd ref="5588"/>
    <nd ref="5589"/>
    <nd ref="5590"/>
    <nd ref="5591"/>
    <nd ref="5592"/>
    <nd ref="5593"/>
    <nd ref="5594"/>
    <nd ref="5595"/>
    <nd ref="5596"/>
    <nd ref="5597"/>
    <nd ref="5598"/>
    <nd ref="5599"/>
    <nd ref="5600"/>
    <nd ref="5601"/>
    <nd ref="5602"/>
    <nd ref="5603"/>
    <nd ref="5604"/>
    <nd ref="5605"/>
    <nd ref="5606"/>
    <nd ref="5607"/>
    <nd ref="5608"/>
    <nd ref="5609"/>
    <nd ref="5610"/>
    <nd ref="5611"/>
    <nd ref="5612"/>
    <nd ref="5613"/>
    <nd ref="5614"/>
    <nd ref="5615"/>
    <nd ref="5616"/>
    <nd ref="5617"/>
    <nd ref="5618"/>
    <nd ref="5619"/>
    <nd ref="5620"/>
    <nd ref="5621"/>
    <nd ref="5622"/>
    <nd ref="5623"/>
    <nd ref="5624"/>
    <nd ref="5625"/>
    <nd ref="5626"/>
    <nd ref="5627"/>
    <nd ref="5628"/>
    <nd ref="5629"/>
    <nd ref="5630"/>
    <nd ref="5631"/>
    <nd ref="5632"/>
    <nd ref="5633"/>
    <nd ref="5634"/>
    <nd ref="5635"/>
    <nd ref="5636"/>
    <nd ref="5637"/>
    <nd ref="5638"/>
    <nd ref="5639"/>
    <nd ref="5640"/>
    <nd ref="5641"/>
    <nd ref="5642"/>
    <nd ref="5643"/>
    <nd ref="5644"/>
    <nd ref="5645"/>
    <nd ref="5646"/>
    <nd ref="5647"/>
    <nd ref="5648"/>
    <nd ref="5649"/>
    <nd ref="5650"/>
    <nd ref="5651"/>
    <nd ref="5652"/>
    <nd ref="5653"/>
    <nd ref="5654"/>
    <nd ref="5655"/>
    <nd ref="5656"/>
    <nd ref="5657"/>
    <nd ref="5658"/>
    <nd ref="5659"/>
    <nd ref="5660"/>
    <nd ref="5661"/>
    <nd ref="5662"/>
    <nd ref="5663"/>
    <nd ref="5664"/>
    <nd ref="5665"/>
    <nd ref="5666"/>
    <nd ref="5667"/>
    <nd ref="5668"/>
    <nd ref="5669"/>
    <nd ref="5670"/>
    <nd ref="5671"/>
    <nd ref="5672"/>
    <nd ref="5673"/>
    <nd ref="5674"/>
    <nd ref="5675"/>
    <nd ref="5676"/>
    <nd ref="5677"/>
    <nd ref="5678"/>
    <nd ref="5679"/>
    <nd ref="5680"/>
    <nd ref="5681"/>
    <nd ref="5682"/>
    <nd ref="5683"/>
    <nd ref="5684"/>
    <nd ref="5685"/>
    <nd ref="5686"/>
    <nd ref="5687"/>
    <nd ref="5688"/>
    <nd ref="5689"/>
    <nd ref="5690"/>
    <nd ref="5691"/>
    <nd ref="5692"/>
    <nd ref="5693"/>
    <nd ref="5694"/>
    <nd ref="5695"/>
    <nd ref="5696"/>
    <nd ref="5697"/>
    <nd ref="5698"/>
    <nd ref="5699"/>
    <nd ref="5700"/>
    <nd ref="5701"/>
    <nd ref="5702"/>
    <nd ref="5703"/>
    <nd ref="5704"/>
    <nd ref="5705"/>
    <nd ref="5706"/>
    <nd ref="5707"/>
    <nd ref="5708"/>
    <nd ref="5709"/>
    <nd ref="5710"/>
    <nd ref="5711"/>
    <nd ref="5712"/>
    <nd ref="5713"/>
    <nd ref="5714"/>
    <nd ref="5715"/>
    <nd ref="5716"/>
    <nd ref="5717"/>
    <nd ref="5718"/>
    <nd ref="5719"/>
    <nd ref="5720"/>
    <nd ref="5721"/>
    <nd ref="5722"/>
    <nd ref="5723"/>
    <nd ref="5724"/>
    <nd ref="5725"/>
    <nd ref="5726"/>
    <nd ref="5727"/>
    <nd ref="5728"/>
    <nd ref="5729"/>
    <nd ref="5730"/>
    <nd ref="5731"/>
    <nd ref="5732"/>
    <nd ref="5733"/>
    <nd ref="5734"/>
    <nd ref="5735"/>
    <nd ref="5736"/>
    <nd ref="5737"/>
    <nd ref="5738"/>
    <nd ref="5739"/>
    <nd ref="5740"/>
    <nd ref="5741"/>
    <nd ref="5742"/>
    <nd ref="5743"/>
    <nd ref="5744"/>
    <nd ref="5745"/>
    <nd ref="5746"/>
    <nd ref="5747"/>
    <nd ref="5748"/>
    <nd ref="5749"/>
    <nd ref="5750"/>
    <nd ref="5751"/>
    <nd ref="5752"/>
    <nd ref="5753"/>
    <nd ref="5754"/>
    <nd ref="5755"/>
    <nd ref="5756"/>
    <nd ref="5757"/>
    <nd ref="5758"/>
    <nd ref="5759"/>
    <nd ref="5760"/>
    <nd ref="5761"/>
    <nd ref="5762"/>
    <nd ref="5763"/>
    <nd ref="5764"/>
    <nd ref="5765"/>
    <nd ref="5766"/>
    <nd ref="5767"/>
    <nd ref="5768"/>
    <nd ref="5769"/>
    <nd ref="5770"/>
    <nd ref="5771"/>
    <nd ref="5772"/>
    <nd ref="5773"/>
    <nd ref="5774"/>
    <nd ref="5775"/>
    <nd ref="5776"/>
    <nd ref="5777"/>
    <nd ref="5778"/>
    <nd ref="5779"/>
    <nd ref="5780"/>
    <nd ref="5781"/>
    <nd ref="5782"/>
    <nd ref="5783"/>
    <nd ref="5784"/>
    <nd ref="5785"/>
    <nd ref="5786"/>
    <nd ref="5787"/>
    <nd ref="5788"/>
    <nd ref="5789"/>
    <nd ref="5790"/>
    <nd ref="5791"/>
    <nd ref="5792"/>
    <nd ref="5793"/>
    <nd ref="5794"/>
    <nd ref="5795"/>
    <nd ref="5796"/>
    <nd ref="5797"/>
    <nd ref="5798"/>
    <nd ref="5799"/>
    <nd ref="5800"/>
    <nd ref="5801"/>
    <nd ref="5802"/>
    <nd ref="5803"/>
    <nd ref="5804"/>
    <nd ref="5805"/>
    <nd ref="5806"/>
    <nd ref="5807"/>
    <nd ref="5808"/>
    <nd ref="5809"/>
    <nd ref="5810"/>
    <nd ref="5811"/>
    <nd ref="5812"/>
    <nd ref="5813"/>
    <nd ref="5814"/>
    <nd ref="5815"/>
    <nd ref="5816"/>
    <nd ref="5817"/>
    <nd ref="5818"/>
    <nd ref="5819"/>
    <nd ref="5820"/>
    <nd ref="5821"/>
    <nd ref="5822"/>
    <nd ref="5823"/>
    <nd ref="5824"/>
    <nd ref="5825"/>
    <nd ref="5826"/>
    <nd ref="5827"/>
    <nd ref="5828"/>
    <nd ref="5829"/>
    <nd ref="5830"/>
    <nd ref="5831"/>
    <nd ref="5832"/>
    <nd ref="5833"/>
    <nd ref="5834"/>
    <nd ref="5835"/>
    <nd ref="5836"/>
    <nd ref="5837"/>
    <nd ref="5838"/>
    <nd ref="5839"/>
    <nd ref="5840"/>
    <nd ref="5841"/>
    <nd ref="5842"/>
    <nd ref="5843"/>
    <nd ref="5844"/>
    <nd ref="5845"/>
    <nd ref="5846"/>
    <nd ref="5847"/>
    <nd ref="5848"/>
    <nd ref="5849"/>
    <nd ref="5850"/>
    <nd ref="5851"/>
    <nd ref="5852"/>
    <nd ref="5853"/>
    <nd ref="5854"/>
    <nd ref="5855"/>
    <nd ref="5856"/>
    <nd ref="5857"/>
    <nd ref="5858"/>
    <nd ref="5859"/>
    <nd ref="5860"/>
    <nd ref="5861"/>
    <nd ref="5862"/>
    <nd ref="5863"/>
    <nd ref="5864"/>
    <nd ref="5865"/>
    <nd ref="5866"/>
    <nd ref="5867"/>
    <nd ref="5868"/>
    <nd ref="5869"/>
    <nd ref="5870"/>
    <nd ref="5871"/>
    <nd ref="5872"/>
    <nd ref="5873"/>
    <nd ref="5874"/>
    <nd ref="5875"/>
    <nd ref="5876"/>
    <nd ref="5877"/>
    <nd ref="5878"/>
    <nd ref="5879"/>
    <nd ref="5880"/>
    <nd ref="5881"/>
    <nd ref="5882"/>
    <nd ref="5883"/>
    <nd ref="5884"/>
    <nd ref="5885"/>
    <nd ref="5886"/>
    <nd ref="5887"/>
    <nd ref="5888"/>
    <nd ref="5889"/>
    <nd ref="5890"/>
    <nd ref="5891"/>
    <nd ref="5892"/>
    <nd ref="5893"/>
    <nd ref="5894"/>
    <nd ref="5895"/>
    <nd ref="5896"/>
    <nd ref="5897"/>
    <nd ref="5898"/>
    <nd ref="5899"/>
    <nd ref="5900"/>
    <nd ref="5901"/>
    <nd ref="5902"/>
    <nd ref="5903"/>
    <nd ref="5904"/>
    <nd ref="5905"/>
    <nd ref="5906"/>
    <nd ref="5907"/>
    <nd ref="5908"/>
    <nd ref="5909"/>
    <nd ref="5910"/>
    <nd ref="5911"/>
    <nd ref="5912"/>
    <nd ref="5913"/>
    <nd ref="5914"/>
    <nd ref="5915"/>
    <nd ref="5916"/>
    <nd ref="5917"/>
    <nd ref="5918"/>
    <nd ref="5919"/>
    <nd ref="5920"/>
    <nd ref="5921"/>
    <nd ref="5922"/>
    <nd ref="5923"/>
  </way>
  <way version="1" id="6918">
    <nd ref="5977"/>
    <nd ref="5978"/>
    <nd ref="5979"/>
    <nd ref="5980"/>
    <nd ref="5981"/>
    <nd ref="5982"/>
    <nd ref="5983"/>
    <nd ref="5984"/>
    <nd ref="5985"/>
    <nd ref="5986"/>
    <nd ref="5987"/>
    <nd ref="5988"/>
    <nd ref="5989"/>
    <nd ref="5990"/>
    <nd ref="5991"/>
    <nd ref="5992"/>
    <nd ref="5993"/>
    <nd ref="5994"/>
    <nd ref="5995"/>
    <nd ref="5996"/>
    <nd ref="5997"/>
    <nd ref="5998"/>
    <nd ref="5999"/>
    <nd ref="6000"/>
    <nd ref="6001"/>
    <nd ref="6002"/>
    <nd ref="6003"/>
    <nd ref="6004"/>
    <nd ref="6005"/>
    <nd ref="6006"/>
    <nd ref="6007"/>
    <nd ref="6008"/>
    <nd ref="6009"/>
    <nd ref="6010"/>
    <nd ref="6011"/>
    <nd ref="6012"/>
    <nd ref="6013"/>
    <nd ref="6014"/>
    <nd ref="6015"/>
    <nd ref="6016"/>
    <nd ref="6017"/>
    <nd ref="6018"/>
    <nd ref="6019"/>
    <nd ref="6020"/>
    <nd ref="6021"/>
    <nd ref="6022"/>
    <nd ref="6023"/>
    <nd ref="6024"/>
    <nd ref="6025"/>
    <nd ref="6026"/>
    <nd ref="6027"/>
    <nd ref="6028"/>
    <nd ref="6029"/>
    <nd ref="6030"/>
    <nd ref="6031"/>
    <nd ref="6032"/>
    <nd ref="6033"/>
    <nd ref="6034"/>
    <nd ref="6035"/>
    <nd ref="6036"/>
    <nd ref="6037"/>
    <nd ref="6038"/>
    <nd ref="6039"/>
    <nd ref="6040"/>
    <nd ref="6041"/>
    <nd ref="6042"/>
    <nd ref="6043"/>
    <nd ref="6044"/>
    <nd ref="6045"/>
    <nd ref="6046"/>
    <nd ref="6047"/>
    <nd ref="6048"/>
    <nd ref="6049"/>
    <nd ref="6050"/>
    <nd ref="6051"/>
    <nd ref="6052"/>
    <nd ref="6053"/>
    <nd ref="6054"/>
    <nd ref="6055"/>
    <nd ref="6056"/>
    <nd ref="6057"/>
    <nd ref="6058"/>
    <nd ref="6059"/>
    <nd ref="6060"/>
    <nd ref="6061"/>
    <nd ref="6062"/>
    <nd ref="6063"/>
    <nd ref="6064"/>
    <nd ref="6065"/>
    <nd ref="6066"/>
    <nd ref="6067"/>
    <nd ref="6068"/>
    <nd ref="6069"/>
    <nd ref="6070"/>
    <nd ref="6071"/>
    <nd ref="6072"/>
    <nd ref="6073"/>
    <nd ref="6074"/>
    <nd ref="6075"/>
    <nd ref="6076"/>
    <nd ref="6077"/>
    <nd ref="6078"/>
    <nd ref="6079"/>
    <nd ref="6080"/>
    <nd ref="6081"/>
    <nd ref="6082"/>
    <nd ref="6083"/>
    <nd ref="6084"/>
    <nd ref="6085"/>
    <nd ref="6086"/>
    <nd ref="6087"/>
    <nd ref="6088"/>
    <nd ref="6089"/>
    <nd ref="6090"/>
    <nd ref="6091"/>
    <nd ref="6092"/>
    <nd ref="6093"/>
    <nd ref="6094"/>
    <nd ref="6095"/>
    <nd ref="6096"/>
    <nd ref="6097"/>
    <nd ref="6098"/>
    <nd ref="6099"/>
    <nd ref="6100"/>
    <nd ref="6101"/>
    <nd ref="6102"/>
    <nd ref="6103"/>
    <nd ref="6104"/>
    <nd ref="6105"/>
    <nd ref="6106"/>
    <nd ref="6107"/>
    <nd ref="6108"/>
    <nd ref="6109"/>
    <nd ref="6110"/>
    <nd ref="6111"/>
    <nd ref="6112"/>
    <nd ref="6113"/>
    <nd ref="6114"/>
    <nd ref="6115"/>
    <nd ref="6116"/>
    <nd ref="6117"/>
    <nd ref="6118"/>
    <nd ref="6119"/>
    <nd ref="6120"/>
    <nd ref="6121"/>
    <nd ref="6122"/>
    <nd ref="6123"/>
    <nd ref="6124"/>
    <nd ref="6125"/>
    <nd ref="6126"/>
    <nd ref="6127"/>
    <nd ref="6128"/>
    <nd ref="6129"/>
    <nd ref="6130"/>
    <nd ref="6131"/>
    <nd ref="6132"/>
    <nd ref="6133"/>
    <nd ref="6134"/>
    <nd ref="6135"/>
    <nd ref="6136"/>
    <nd ref="6137"/>
    <nd ref="6138"/>
    <nd ref="6139"/>
    <nd ref="6140"/>
    <nd ref="6141"/>
    <nd ref="6142"/>
    <nd ref="6143"/>
    <nd ref="6144"/>
    <nd ref="6145"/>
    <nd ref="6146"/>
    <nd ref="6147"/>
    <nd ref="6148"/>
    <nd ref="6149"/>
    <nd ref="6150"/>
    <nd ref="6151"/>
    <nd ref="6152"/>
    <nd ref="6153"/>
    <nd ref="6154"/>
    <nd ref="6155"/>
    <nd ref="6156"/>
    <nd ref="6157"/>
    <nd ref="6158"/>
    <nd ref="6159"/>
    <nd ref="6160"/>
    <nd ref="6161"/>
    <nd ref="6162"/>
    <nd ref="6163"/>
    <nd ref="6164"/>
    <nd ref="6165"/>
    <nd ref="6166"/>
    <nd ref="6167"/>
    <nd ref="6168"/>
    <nd ref="6169"/>
    <nd ref="6170"/>
    <nd ref="6171"/>
    <nd ref="6172"/>
    <nd ref="6173"/>
    <nd ref="6174"/>
    <nd ref="6175"/>
    <nd ref="6176"/>
    <nd ref="6177"/>
    <nd ref="6178"/>
    <nd ref="6179"/>
    <nd ref="6180"/>
    <nd ref="6181"/>
    <nd ref="6182"/>
    <nd ref="6183"/>
    <nd ref="6184"/>
    <nd ref="6185"/>
    <nd ref="6186"/>
    <nd ref="6187"/>
    <nd ref="6188"/>
    <nd ref="6189"/>
    <nd ref="6190"/>
    <nd ref="6191"/>
    <nd ref="6192"/>
    <nd ref="6193"/>
    <nd ref="6194"/>
    <nd ref="6195"/>
    <nd ref="6196"/>
    <nd ref="6197"/>
    <nd ref="6198"/>
    <nd ref="6199"/>
    <nd ref="6200"/>
    <nd ref="6201"/>
    <nd ref="6202"/>
    <nd ref="6203"/>
    <nd ref="6204"/>
    <nd ref="6205"/>
    <nd ref="6206"/>
    <nd ref="6207"/>
    <nd ref="6208"/>
    <nd ref="6209"/>
    <nd ref="6210"/>
    <nd ref="6211"/>
    <nd ref="6212"/>
    <nd ref="6213"/>
    <nd ref="6214"/>
    <nd ref="6215"/>
    <nd ref="6216"/>
    <nd ref="6217"/>
    <nd ref="6218"/>
    <nd ref="6219"/>
    <nd ref="6220"/>
    <nd ref="6221"/>
    <nd ref="6222"/>
    <nd ref="6223"/>
    <nd ref="6224"/>
    <nd ref="6225"/>
    <nd ref="6226"/>
    <nd ref="6227"/>
    <nd ref="6228"/>
    <nd ref="6229"/>
    <nd ref="6230"/>
    <nd ref="6231"/>
    <nd ref="6232"/>
    <nd ref="6233"/>
    <nd ref="6234"/>
    <nd ref="6235"/>
    <nd ref="6236"/>
    <nd ref="6237"/>
    <nd ref="6238"/>
    <nd ref="6239"/>
    <nd ref="6240"/>
    <nd ref="6241"/>
    <nd ref="6242"/>
    <nd ref="6243"/>
    <nd ref="6244"/>
    <nd ref="6245"/>
    <nd ref="6246"/>
    <nd ref="6247"/>
    <nd ref="6248"/>
    <nd ref="6249"/>
    <nd ref="6250"/>
    <nd ref="6251"/>
    <nd ref="6252"/>
    <nd ref="6253"/>
    <nd ref="6254"/>
    <nd ref="6255"/>
    <nd ref="6256"/>
    <nd ref="6257"/>
    <nd ref="6258"/>
    <nd ref="6259"/>
    <nd ref="6260"/>
    <nd ref="6261"/>
    <nd ref="6262"/>
    <nd ref="6263"/>
    <nd ref="6264"/>
    <nd ref="6265"/>
    <nd ref="6266"/>
    <nd ref="6267"/>
    <nd ref="6268"/>
    <nd ref="6269"/>
    <nd ref="6270"/>
    <nd ref="6271"/>
    <nd ref="6272"/>
    <nd ref="6273"/>
    <nd ref="6274"/>
    <nd ref="6275"/>
    <nd ref="6276"/>
    <nd ref="6277"/>
    <nd ref="6278"/>
    <nd ref="6279"/>
    <nd ref="6280"/>
    <nd ref="6281"/>
    <nd ref="6282"/>
    <nd ref="6283"/>
    <nd ref="6284"/>
    <nd ref="6285"/>
    <nd ref="6286"/>
    <nd ref="6287"/>
    <nd ref="6288"/>
    <nd ref="6289"/>
    <nd ref="6290"/>
    <nd ref="6291"/>
    <nd ref="6292"/>
    <nd ref="6293"/>
    <nd ref="6294"/>
    <nd ref="6295"/>
    <nd ref="6296"/>
    <nd ref="6297"/>
    <nd ref="6298"/>
    <nd ref="6299"/>
    <nd ref="6300"/>
    <nd ref="6301"/>
    <nd ref="6302"/>
    <nd ref="6303"/>
    <nd ref="6304"/>
    <nd ref="6305"/>
    <nd ref="6306"/>
    <nd ref="6307"/>
    <nd ref="6308"/>
    <nd ref="6309"/>
    <nd ref="6310"/>
    <nd ref="6311"/>
    <nd ref="6312"/>
    <nd ref="6313"/>
    <nd ref="6314"/>
    <nd ref="6315"/>
    <nd ref="6316"/>
    <nd ref="6317"/>
    <nd ref="6318"/>
    <nd ref="6319"/>
    <nd ref="6320"/>
    <nd ref="6321"/>
    <nd ref="6322"/>
    <nd ref="6323"/>
    <nd ref="6324"/>
    <nd ref="6325"/>
    <nd ref="6326"/>
    <nd ref="6327"/>
    <nd ref="6328"/>
    <nd ref="6329"/>
    <nd ref="6330"/>
    <nd ref="6331"/>
    <nd ref="6332"/>
    <nd ref="6333"/>
    <nd ref="6334"/>
    <nd ref="6335"/>
    <nd ref="6336"/>
    <nd ref="6337"/>
    <nd ref="6338"/>
    <nd ref="6339"/>
    <nd ref="6340"/>
    <nd ref="6341"/>
    <nd ref="6342"/>
    <nd ref="6343"/>
    <nd ref="6344"/>
    <nd ref="6345"/>
    <nd ref="6346"/>
    <nd ref="6347"/>
    <nd ref="6348"/>
    <nd ref="6349"/>
    <nd ref="6350"/>
    <nd ref="6351"/>
    <nd ref="6352"/>
    <nd ref="6353"/>
    <nd ref="6354"/>
    <nd ref="6355"/>
    <nd ref="6356"/>
    <nd ref="6357"/>
    <nd ref="6358"/>
    <nd ref="6359"/>
    <nd ref="6360"/>
    <nd ref="6361"/>
    <nd ref="6362"/>
    <nd ref="6363"/>
    <nd ref="6364"/>
    <nd ref="6365"/>
    <nd ref="6366"/>
    <nd ref="6367"/>
    <nd ref="6368"/>
    <nd ref="6369"/>
    <nd ref="6370"/>
    <nd ref="6371"/>
    <nd ref="6372"/>
    <nd ref="6373"/>
    <nd ref="6374"/>
    <nd ref="6375"/>
    <nd ref="6376"/>
    <nd ref="6377"/>
    <nd ref="6378"/>
    <nd ref="6379"/>
    <nd ref="6380"/>
    <nd ref="6381"/>
    <nd ref="6382"/>
    <nd ref="6383"/>
    <nd ref="6384"/>
    <nd ref="6385"/>
    <nd ref="6386"/>
    <nd ref="6387"/>
    <nd ref="6388"/>
    <nd ref="6389"/>
    <nd ref="6390"/>
    <nd ref="6391"/>
    <nd ref="6392"/>
    <nd ref="6393"/>
    <nd ref="6411"/>
    <nd ref="6412"/>
    <nd ref="6413"/>
    <nd ref="6414"/>
    <nd ref="6415"/>
    <nd ref="6416"/>
    <nd ref="6417"/>
    <nd ref="6418"/>
    <nd ref="6419"/>
    <nd ref="6420"/>
    <nd ref="6421"/>
    <nd ref="6422"/>
    <nd ref="6423"/>
    <nd ref="6424"/>
    <nd ref="6425"/>
    <nd ref="6426"/>
    <nd ref="6427"/>
    <nd ref="6428"/>
    <nd ref="6429"/>
    <nd ref="6430"/>
    <nd ref="6431"/>
    <nd ref="6432"/>
    <nd ref="6433"/>
    <nd ref="6434"/>
    <nd ref="6435"/>
    <nd ref="6436"/>
    <nd ref="6437"/>
    <nd ref="6438"/>
    <nd ref="6439"/>
    <nd ref="6440"/>
    <nd ref="6441"/>
    <nd ref="6442"/>
    <nd ref="6443"/>
    <nd ref="6444"/>
    <nd ref="6445"/>
    <nd ref="6446"/>
    <nd ref="6447"/>
    <nd ref="6448"/>
    <nd ref="6449"/>
    <nd ref="6450"/>
    <nd ref="6451"/>
    <nd ref="6452"/>
    <nd ref="6453"/>
    <nd ref="6454"/>
    <nd ref="6455"/>
    <nd ref="6456"/>
    <nd ref="6457"/>
    <nd ref="6458"/>
    <nd ref="6459"/>
    <nd ref="6460"/>
    <nd ref="6461"/>
    <nd ref="6462"/>
    <nd ref="6463"/>
    <nd ref="6464"/>
    <nd ref="6465"/>
    <nd ref="6466"/>
    <nd ref="6467"/>
    <nd ref="6468"/>
    <nd ref="6469"/>
    <nd ref="6470"/>
    <nd ref="6471"/>
    <nd ref="6472"/>
    <nd ref="6473"/>
    <nd ref="6474"/>
    <nd ref="6475"/>
    <nd ref="6476"/>
    <nd ref="6477"/>
    <nd ref="6478"/>
    <nd ref="6479"/>
    <nd ref="6480"/>
    <nd ref="6481"/>
    <nd ref="6482"/>
    <nd ref="6483"/>
    <nd ref="6484"/>
    <nd ref="6485"/>
    <nd ref="6486"/>
    <nd ref="6487"/>
    <nd ref="6488"/>
    <nd ref="6489"/>
    <nd ref="6490"/>
    <nd ref="6491"/>
    <nd ref="6492"/>
    <nd ref="6493"/>
    <nd ref="6494"/>
    <nd ref="6495"/>
    <nd ref="6496"/>
    <nd ref="6497"/>
    <nd ref="6498"/>
    <nd ref="6499"/>
    <nd ref="6500"/>
    <nd ref="6501"/>
    <nd ref="6502"/>
    <nd ref="6503"/>
    <nd ref="6504"/>
    <nd ref="6505"/>
    <nd ref="6506"/>
    <nd ref="6507"/>
    <nd ref="6508"/>
    <nd ref="6509"/>
    <nd ref="6510"/>
    <nd ref="6511"/>
    <nd ref="6512"/>
    <nd ref="6513"/>
    <nd ref="6514"/>
    <nd ref="6515"/>
    <nd ref="6516"/>
    <nd ref="6517"/>
    <nd ref="6518"/>
    <nd ref="6519"/>
    <nd ref="6520"/>
    <nd ref="6521"/>
    <nd ref="6522"/>
    <nd ref="6523"/>
    <nd ref="6524"/>
    <nd ref="6525"/>
    <nd ref="6526"/>
    <nd ref="6527"/>
    <nd ref="6528"/>
    <nd ref="6529"/>
    <nd ref="6530"/>
    <nd ref="6531"/>
    <nd ref="6532"/>
    <nd ref="6533"/>
    <nd ref="6534"/>
    <nd ref="6535"/>
    <nd ref="6536"/>
    <nd ref="6537"/>
    <nd ref="6538"/>
    <nd ref="6539"/>
    <nd ref="6540"/>
    <nd ref="6541"/>
    <nd ref="6542"/>
    <nd ref="6543"/>
    <nd ref="6544"/>
    <nd ref="6545"/>
    <nd ref="6546"/>
    <nd ref="6547"/>
    <nd ref="6548"/>
    <nd ref="6549"/>
    <nd ref="6550"/>
    <nd ref="6551"/>
    <nd ref="6552"/>
    <nd ref="6553"/>
    <nd ref="6554"/>
    <nd ref="6555"/>
    <nd ref="6556"/>
    <nd ref="6557"/>
    <nd ref="6558"/>
    <nd ref="6559"/>
    <nd ref="6560"/>
    <nd ref="6561"/>
    <nd ref="6562"/>
    <nd ref="6563"/>
    <nd ref="6564"/>
    <nd ref="6565"/>
    <nd ref="6566"/>
    <nd ref="6567"/>
    <nd ref="6568"/>
    <nd ref="6569"/>
    <nd ref="6570"/>
    <nd ref="6571"/>
    <nd ref="6572"/>
    <nd ref="6573"/>
    <nd ref="6574"/>
    <nd ref="6575"/>
    <nd ref="6576"/>
    <nd ref="6577"/>
    <nd ref="6578"/>
    <nd ref="6579"/>
    <nd ref="6580"/>
    <nd ref="6581"/>
    <nd ref="6582"/>
    <nd ref="6583"/>
    <nd ref="6584"/>
    <nd ref="6585"/>
    <nd ref="6586"/>
    <nd ref="6587"/>
    <nd ref="6588"/>
    <nd ref="6589"/>
    <nd ref="6590"/>
    <nd ref="6591"/>
    <nd ref="6592"/>
    <nd ref="6593"/>
    <nd ref="6594"/>
    <nd ref="6595"/>
    <nd ref="6596"/>
    <nd ref="6597"/>
    <nd ref="6598"/>
    <nd ref="6599"/>
    <nd ref="6600"/>
    <nd ref="6601"/>
    <nd ref="6602"/>
    <nd ref="6603"/>
    <nd ref="6604"/>
    <nd ref="6605"/>
    <nd ref="6606"/>
    <nd ref="6607"/>
    <nd ref="6608"/>
    <nd ref="6609"/>
    <nd ref="6610"/>
    <nd ref="6611"/>
    <nd ref="6612"/>
    <nd ref="6613"/>
    <nd ref="6614"/>
    <nd ref="6615"/>
    <nd ref="6616"/>
    <nd ref="6617"/>
    <nd ref="6618"/>
    <nd ref="6619"/>
    <nd ref="6620"/>
    <nd ref="6621"/>
    <nd ref="6622"/>
    <nd ref="6623"/>
    <nd ref="6624"/>
    <nd ref="6625"/>
    <nd ref="6626"/>
    <nd ref="6627"/>
    <nd ref="6628"/>
    <nd ref="6629"/>
    <nd ref="6630"/>
    <nd ref="6631"/>
    <nd ref="6632"/>
    <nd ref="6633"/>
    <nd ref="6634"/>
    <nd ref="6635"/>
    <nd ref="6636"/>
    <nd ref="6637"/>
    <nd ref="6638"/>
    <nd ref="6639"/>
    <nd ref="6640"/>
    <nd ref="6641"/>
    <nd ref="6642"/>
    <nd ref="6643"/>
    <nd ref="6644"/>
    <nd ref="6645"/>
    <nd ref="6646"/>
    <nd ref="6647"/>
    <nd ref="6648"/>
    <nd ref="6649"/>
    <nd ref="6650"/>
    <nd ref="6651"/>
    <nd ref="6652"/>
    <nd ref="6653"/>
    <nd ref="6654"/>
    <nd ref="6655"/>
    <nd ref="6656"/>
    <nd ref="6657"/>
    <nd ref="6658"/>
    <nd ref="6659"/>
    <nd ref="6660"/>
    <nd ref="6661"/>
    <nd ref="6662"/>
    <nd ref="6663"/>
    <nd ref="6664"/>
    <nd ref="6665"/>
    <nd ref="6666"/>
    <nd ref="6667"/>
    <nd ref="6668"/>
    <nd ref="6669"/>
    <nd ref="6670"/>
    <nd ref="6671"/>
    <nd ref="6672"/>
    <nd ref="6673"/>
    <nd ref="6674"/>
    <nd ref="6675"/>
    <nd ref="6676"/>
    <nd ref="6677"/>
    <nd ref="6678"/>
    <nd ref="6679"/>
    <nd ref="6680"/>
    <nd ref="6681"/>
    <nd ref="6682"/>
    <nd ref="6683"/>
    <nd ref="6684"/>
    <nd ref="6685"/>
    <nd ref="6686"/>
    <nd ref="6687"/>
    <nd ref="6688"/>
    <nd ref="6689"/>
    <nd ref="6690"/>
    <nd ref="6691"/>
    <nd ref="6692"/>
    <nd ref="6693"/>
    <nd ref="6694"/>
    <nd ref="6695"/>
    <nd ref="6696"/>
    <nd ref="6697"/>
    <nd ref="6698"/>
    <nd ref="6699"/>
    <nd ref="6700"/>
    <nd ref="6701"/>
    <nd ref="6702"/>
    <nd ref="6703"/>
    <nd ref="6704"/>
    <nd ref="6705"/>
    <nd ref="6706"/>
    <nd ref="6707"/>
    <nd ref="6708"/>
    <nd ref="6709"/>
    <nd ref="6710"/>
    <nd ref="6711"/>
    <nd ref="6712"/>
    <nd ref="6713"/>
    <nd ref="6714"/>
    <nd ref="6715"/>
    <nd ref="6716"/>
    <nd ref="6717"/>
    <nd ref="6718"/>
    <nd ref="6719"/>
    <nd ref="6720"/>
    <nd ref="6721"/>
    <nd ref="6722"/>
    <nd ref="6723"/>
    <nd ref="6724"/>
    <nd ref="6725"/>
    <nd ref="6726"/>
    <nd ref="6727"/>
    <nd ref="6728"/>
    <nd ref="6729"/>
    <nd ref="6730"/>
    <nd ref="6731"/>
    <nd ref="6732"/>
    <nd ref="6733"/>
    <nd ref="6734"/>
    <nd ref="6735"/>
    <nd ref="6736"/>
    <nd ref="6737"/>
    <nd ref="6738"/>
    <nd ref="6739"/>
    <nd ref="6740"/>
    <nd ref="6741"/>
    <nd ref="6742"/>
    <nd ref="6743"/>
    <nd ref="6744"/>
    <nd ref="6745"/>
    <nd ref="6746"/>
    <nd ref="6747"/>
    <nd ref="6748"/>
    <nd ref="6749"/>
    <nd ref="6750"/>
    <nd ref="6751"/>
    <nd ref="6752"/>
    <nd ref="6753"/>
    <nd ref="6754"/>
    <nd ref="6755"/>
    <nd ref="6756"/>
    <nd ref="6757"/>
    <nd ref="6758"/>
    <nd ref="6759"/>
    <nd ref="6760"/>
    <nd ref="6761"/>
    <nd ref="6762"/>
    <nd ref="6763"/>
    <nd ref="6764"/>
    <nd ref="6765"/>
    <nd ref="6766"/>
    <nd ref="6767"/>
    <nd ref="6768"/>
    <nd ref="6769"/>
    <nd ref="6770"/>
    <nd ref="6771"/>
    <nd ref="6772"/>
    <nd ref="6773"/>
    <nd ref="6774"/>
    <nd ref="6775"/>
    <nd ref="6776"/>
    <nd ref="6777"/>
    <nd ref="6778"/>
    <nd ref="6779"/>
    <nd ref="6780"/>
    <nd ref="6781"/>
    <nd ref="6782"/>
    <nd ref="6783"/>
    <nd ref="6784"/>
    <nd ref="6785"/>
    <nd ref="6786"/>
    <nd ref="6787"/>
    <nd ref="6788"/>
    <nd ref="6789"/>
    <nd ref="6790"/>
    <nd ref="6791"/>
    <nd ref="6792"/>
    <nd ref="6793"/>
    <nd ref="6794"/>
    <nd ref="6795"/>
    <nd ref="6796"/>
    <nd ref="6797"/>
    <nd ref="6798"/>
    <nd ref="6799"/>
    <nd ref="6800"/>
    <nd ref="6801"/>
    <nd ref="6802"/>
    <nd ref="6803"/>
    <nd ref="6804"/>
    <nd ref="6805"/>
    <nd ref="6806"/>
    <nd ref="6807"/>
    <nd ref="6808"/>
    <nd ref="6809"/>
    <nd ref="6810"/>
    <nd ref="6811"/>
    <nd ref="6812"/>
    <nd ref="6813"/>
    <nd ref="6814"/>
    <nd ref="6815"/>
    <nd ref="6816"/>
    <nd ref="6817"/>
    <nd ref="6818"/>
    <nd ref="6819"/>
    <nd ref="6820"/>
    <nd ref="6821"/>
    <nd ref="6822"/>
    <nd ref="6823"/>
    <nd ref="6824"/>
    <nd ref="6825"/>
    <nd ref="6826"/>
    <nd ref="6827"/>
    <nd ref="6828"/>
    <nd ref="6829"/>
    <nd ref="6830"/>
    <nd ref="6831"/>
    <nd ref="6832"/>
    <nd ref="6833"/>
    <nd ref="6834"/>
    <nd ref="6835"/>
    <nd ref="6836"/>
    <nd ref="6837"/>
    <nd ref="6838"/>
    <nd ref="6839"/>
    <nd ref="6840"/>
    <nd ref="6841"/>
    <nd ref="6842"/>
    <nd ref="6843"/>
    <nd ref="6844"/>
    <nd ref="6845"/>
    <nd ref="6846"/>
    <nd ref="6847"/>
    <nd ref="6848"/>
    <nd ref="6849"/>
    <nd ref="6850"/>
    <nd ref="6851"/>
    <nd ref="6852"/>
    <nd ref="6853"/>
    <nd ref="6854"/>
    <nd ref="6855"/>
    <nd ref="6856"/>
    <nd ref="6857"/>
    <nd ref="6858"/>
    <nd ref="6859"/>
    <nd ref="6860"/>
    <nd ref="6861"/>
    <nd ref="6862"/>
    <nd ref="6863"/>
    <nd ref="6864"/>
    <nd ref="6865"/>
    <nd ref="6866"/>
    <nd ref="6867"/>
    <nd ref="6868"/>
    <nd ref="6869"/>
    <nd ref="6870"/>
    <nd ref="6871"/>
    <nd ref="6872"/>
    <nd ref="6873"/>
    <nd ref="6874"/>
    <nd ref="6875"/>
    <nd ref="6876"/>
    <nd ref="6877"/>
    <nd ref="6878"/>
    <nd ref="6879"/>
    <nd ref="6880"/>
    <nd ref="6881"/>
    <nd ref="6882"/>
    <nd ref="6883"/>
    <nd ref="6884"/>
    <nd ref="6885"/>
    <nd ref="6886"/>
    <nd ref="6887"/>
    <nd ref="6888"/>
    <nd ref="6889"/>
    <nd ref="6890"/>
    <nd ref="6891"/>
    <nd ref="6892"/>
    <nd ref="6893"/>
    <nd ref="6894"/>
    <nd ref="6895"/>
    <nd ref="6896"/>
    <nd ref="6897"/>
    <nd ref="6898"/>
    <nd ref="6899"/>
    <nd ref="6900"/>
    <nd ref="6901"/>
    <nd ref="6902"/>
    <nd ref="6903"/>
    <nd ref="6904"/>
    <nd ref="6905"/>
    <nd ref="6906"/>
    <nd ref="6907"/>
    <nd ref="6908"/>
    <nd ref="6909"/>
    <nd ref="6910"/>
    <nd ref="6911"/>
    <nd ref="6912"/>
    <nd ref="6913"/>
    <nd ref="6914"/>
    <nd ref="6915"/>
    <nd ref="6916"/>
  </way>
  <relation version="1" id="6919">
    <member type="way" role="left" ref="6917"/>
    <member type="way" role="right" ref="6918"/>
    <tag k="type" v="lanelet"/>
    <tag k="subtype" v="road"/>
    <tag k="speed_limit" v="10"/>
    <tag k="location" v="urban"/>
    <tag k="one_way" v="yes"/>
  </relation>
</osm>
