<?xml version="1.0"?>
<osm version="0.6" upload="false" generator="lanelet2">
  <node id="6196" visible="true" version="1" lat="47.46686563868" lon="19.15038199778" />
  <node id="6197" visible="true" version="1" lat="47.46686483148" lon="19.15038140886" />
  <node id="6198" visible="true" version="1" lat="47.46686404023" lon="19.15038076609" />
  <node id="6199" visible="true" version="1" lat="47.46686603746" lon="19.15038212079" />
  <node id="6200" visible="true" version="1" lat="47.46686520079" lon="19.15038163137" />
  <node id="6201" visible="true" version="1" lat="47.46686439314" lon="19.15038104375" />
  <node id="6202" visible="true" version="1" lat="47.46686359913" lon="19.15038040993" />
  <node id="6203" visible="true" version="1" lat="47.46686280855" lon="19.15037976451" />
  <node id="6204" visible="true" version="1" lat="47.46686201548" lon="19.15037912754" />
  <node id="6205" visible="true" version="1" lat="47.46686121741" lon="19.15037850746" />
  <node id="6206" visible="true" version="1" lat="47.46686041442" lon="19.15037790407" />
  <node id="6207" visible="true" version="1" lat="47.46685960826" lon="19.1503773114" />
  <node id="6208" visible="true" version="1" lat="47.46685880153" lon="19.15037672065" />
  <node id="6209" visible="true" version="1" lat="47.4668579968" lon="19.15037612313" />
  <node id="6210" visible="true" version="1" lat="47.46685719574" lon="19.15037551319" />
  <node id="6211" visible="true" version="1" lat="47.46685639826" lon="19.15037489111" />
  <node id="6212" visible="true" version="1" lat="47.46685560167" lon="19.15037426607" />
  <node id="6213" visible="true" version="1" lat="47.46685479975" lon="19.15037365903" />
  <node id="6214" visible="true" version="1" lat="47.46685659424" lon="19.15037505137" />
  <node id="6215" visible="true" version="1" lat="47.46685579705" lon="19.15037443406" />
  <node id="6216" visible="true" version="1" lat="47.4668550007" lon="19.15037381412" />
  <node id="6217" visible="true" version="1" lat="47.46685420171" lon="19.15037320241" />
  <node id="6218" visible="true" version="1" lat="47.4668533993" lon="19.15037260141" />
  <node id="6219" visible="true" version="1" lat="47.46685259456" lon="19.15037200769" />
  <node id="6220" visible="true" version="1" lat="47.46685178963" lon="19.15037141456" />
  <node id="6221" visible="true" version="1" lat="47.46685098688" lon="19.1503708146" />
  <node id="6222" visible="true" version="1" lat="47.4668501881" lon="19.15037020225" />
  <node id="6223" visible="true" version="1" lat="47.46684939365" lon="19.15036957635" />
  <node id="6224" visible="true" version="1" lat="47.46684860167" lon="19.15036894274" />
  <node id="6225" visible="true" version="1" lat="47.46684780723" lon="19.15036831681" />
  <node id="6226" visible="true" version="1" lat="47.46684879647" lon="19.15036903109" />
  <node id="6227" visible="true" version="1" lat="47.4668479883" lon="19.15036844805" />
  <node id="6228" visible="true" version="1" lat="47.46684718131" lon="19.15036786156" />
  <node id="6229" visible="true" version="1" lat="47.46684637543" lon="19.15036727188" />
  <node id="6230" visible="true" version="1" lat="47.46684557075" lon="19.15036667871" />
  <node id="6231" visible="true" version="1" lat="47.46684476753" lon="19.15036608131" />
  <node id="6232" visible="true" version="1" lat="47.46684396616" lon="19.15036547852" />
  <node id="6233" visible="true" version="1" lat="47.46684316715" lon="19.15036486891" />
  <node id="6234" visible="true" version="1" lat="47.46684237106" lon="19.15036425084" />
  <node id="6235" visible="true" version="1" lat="47.4668415785" lon="19.15036362254" />
  <node id="6236" visible="true" version="1" lat="47.46684079007" lon="19.15036298224" />
  <node id="6237" visible="true" version="1" lat="47.46684000637" lon="19.15036232822" />
  <node id="6238" visible="true" version="1" lat="47.46684042355" lon="19.1503626795" />
  <node id="6239" visible="true" version="1" lat="47.46683963486" lon="19.15036203997" />
  <node id="6240" visible="true" version="1" lat="47.46683882836" lon="19.15036145208" />
  <node id="6241" visible="true" version="1" lat="47.46683801952" lon="19.15036087097" />
  <node id="6242" visible="true" version="1" lat="47.46683721596" lon="19.15036027455" />
  <node id="6243" visible="true" version="1" lat="47.46683641946" lon="19.15035965766" />
  <node id="6244" visible="true" version="1" lat="47.46683562796" lon="19.15035902627" />
  <node id="6245" visible="true" version="1" lat="47.4668348376" lon="19.15035839158" />
  <node id="6246" visible="true" version="1" lat="47.46683404472" lon="19.1503577642" />
  <node id="6247" visible="true" version="1" lat="47.46683324787" lon="19.15035714832" />
  <node id="6248" visible="true" version="1" lat="47.46683227428" lon="19.15035647674" />
  <node id="6249" visible="true" version="1" lat="47.46683147439" lon="19.15035586489" />
  <node id="6250" visible="true" version="1" lat="47.46683068025" lon="19.15035523407" />
  <node id="6251" visible="true" version="1" lat="47.46682988711" lon="19.15035459997" />
  <node id="6252" visible="true" version="1" lat="47.46682909232" lon="19.1503539713" />
  <node id="6253" visible="true" version="1" lat="47.46682829488" lon="19.15035335139" />
  <node id="6254" visible="true" version="1" lat="47.4668274949" lon="19.15035273981" />
  <node id="6255" visible="true" version="1" lat="47.46682669319" lon="19.15035213397" />
  <node id="6256" visible="true" version="1" lat="47.4668258907" lon="19.15035153066" />
  <node id="6257" visible="true" version="1" lat="47.4668250881" lon="19.15035092776" />
  <node id="6258" visible="true" version="1" lat="47.46682428523" lon="19.15035032571" />
  <node id="6259" visible="true" version="1" lat="47.46682348068" lon="19.15034972922" />
  <node id="6260" visible="true" version="1" lat="47.4668228271" lon="19.1503492693" />
  <node id="6261" visible="true" version="1" lat="47.46682202435" lon="19.15034867043" />
  <node id="6262" visible="true" version="1" lat="47.46682122661" lon="19.15034805725" />
  <node id="6263" visible="true" version="1" lat="47.46682043024" lon="19.1503474402" />
  <node id="6264" visible="true" version="1" lat="47.46681963347" lon="19.15034682426" />
  <node id="6265" visible="true" version="1" lat="47.46681883595" lon="19.15034621047" />
  <node id="6266" visible="true" version="1" lat="47.46681803816" lon="19.15034559744" />
  <node id="6267" visible="true" version="1" lat="47.46681724092" lon="19.15034498286" />
  <node id="6268" visible="true" version="1" lat="47.46681644482" lon="19.15034436501" />
  <node id="6269" visible="true" version="1" lat="47.46681564972" lon="19.1503437443" />
  <node id="6270" visible="true" version="1" lat="47.46681485423" lon="19.15034312474" />
  <node id="6271" visible="true" version="1" lat="47.46681447368" lon="19.1503427606" />
  <node id="6272" visible="true" version="1" lat="47.46681369928" lon="19.15034208089" />
  <node id="6273" visible="true" version="1" lat="47.46681291106" lon="19.15034144057" />
  <node id="6274" visible="true" version="1" lat="47.46681211536" lon="19.15034082157" />
  <node id="6275" visible="true" version="1" lat="47.46681131592" lon="19.15034021327" />
  <node id="6276" visible="true" version="1" lat="47.46681051447" lon="19.15033961068" />
  <node id="6277" visible="true" version="1" lat="47.46680971145" lon="19.15033901258" />
  <node id="6278" visible="true" version="1" lat="47.46680890659" lon="19.15033841973" />
  <node id="6279" visible="true" version="1" lat="47.46680809959" lon="19.15033783296" />
  <node id="6280" visible="true" version="1" lat="47.46680729078" lon="19.15033725138" />
  <node id="6281" visible="true" version="1" lat="47.4668064817" lon="19.15033667054" />
  <node id="6282" visible="true" version="1" lat="47.46680567583" lon="19.15033608058" />
  <node id="6283" visible="true" version="1" lat="47.46680487916" lon="19.15033546435" />
  <node id="6284" visible="true" version="1" lat="47.46680452633" lon="19.15033517147" />
  <node id="6285" visible="true" version="1" lat="47.4668037401" lon="19.15033452548" />
  <node id="6286" visible="true" version="1" lat="47.46680295054" lon="19.15033388899" />
  <node id="6287" visible="true" version="1" lat="47.46680215732" lon="19.15033326291" />
  <node id="6288" visible="true" version="1" lat="47.46680136077" lon="19.15033264637" />
  <node id="6289" visible="true" version="1" lat="47.46680056165" lon="19.15033203713" />
  <node id="6290" visible="true" version="1" lat="47.46679976105" lon="19.15033143213" />
  <node id="6291" visible="true" version="1" lat="47.46679896015" lon="19.15033082799" />
  <node id="6292" visible="true" version="1" lat="47.46679816007" lon="19.1503302215" />
  <node id="6293" visible="true" version="1" lat="47.4667973617" lon="19.15032961012" />
  <node id="6294" visible="true" version="1" lat="47.46679656553" lon="19.15032899248" />
  <node id="6295" visible="true" version="1" lat="47.46679577144" lon="19.1503283689" />
  <node id="6296" visible="true" version="1" lat="47.46679497857" lon="19.15032774186" />
  <node id="6297" visible="true" version="1" lat="47.46679418509" lon="19.15032711653" />
  <node id="6298" visible="true" version="1" lat="47.46679338809" lon="19.15032650124" />
  <node id="6299" visible="true" version="1" lat="47.46679258336" lon="19.15032590803" />
  <node id="6300" visible="true" version="1" lat="47.46679204521" lon="19.15032551245" />
  <node id="6301" visible="true" version="1" lat="47.46679124335" lon="19.15032490995" />
  <node id="6302" visible="true" version="1" lat="47.46679044468" lon="19.15032429753" />
  <node id="6303" visible="true" version="1" lat="47.46678964825" lon="19.15032367819" />
  <node id="6304" visible="true" version="1" lat="47.46678885315" lon="19.15032305469" />
  <node id="6305" visible="true" version="1" lat="47.46678805859" lon="19.15032242952" />
  <node id="6306" visible="true" version="1" lat="47.46678726388" lon="19.15032180482" />
  <node id="6307" visible="true" version="1" lat="47.46678646848" lon="19.15032118225" />
  <node id="6308" visible="true" version="1" lat="47.46678567202" lon="19.15032056299" />
  <node id="6309" visible="true" version="1" lat="47.46678487431" lon="19.15031994758" />
  <node id="6310" visible="true" version="1" lat="47.46678407541" lon="19.1503193359" />
  <node id="6311" visible="true" version="1" lat="47.4667832756" lon="19.15031872704" />
  <node id="6312" visible="true" version="1" lat="47.46678247544" lon="19.15031811927" />
  <node id="6313" visible="true" version="1" lat="47.46678167578" lon="19.15031750993" />
  <node id="6314" visible="true" version="1" lat="47.46678087781" lon="19.15031689537" />
  <node id="6315" visible="true" version="1" lat="47.46678133146" lon="19.15031725515" />
  <node id="6316" visible="true" version="1" lat="47.46678053805" lon="19.15031662641" />
  <node id="6317" visible="true" version="1" lat="47.46677974408" lon="19.15031599939" />
  <node id="6318" visible="true" version="1" lat="47.46677894963" lon="19.15031537387" />
  <node id="6319" visible="true" version="1" lat="47.46677815478" lon="19.1503147496" />
  <node id="6320" visible="true" version="1" lat="47.46677735958" lon="19.1503141264" />
  <node id="6321" visible="true" version="1" lat="47.4667765641" lon="19.15031350408" />
  <node id="6322" visible="true" version="1" lat="47.46677576839" lon="19.15031288248" />
  <node id="6323" visible="true" version="1" lat="47.4667749725" lon="19.15031226145" />
  <node id="6324" visible="true" version="1" lat="47.46677417646" lon="19.15031164086" />
  <node id="6325" visible="true" version="1" lat="47.46677338032" lon="19.1503110206" />
  <node id="6326" visible="true" version="1" lat="47.4667725841" lon="19.15031040057" />
  <node id="6327" visible="true" version="1" lat="47.46677178784" lon="19.15030978067" />
  <node id="6328" visible="true" version="1" lat="47.46677099156" lon="19.15030916084" />
  <node id="6329" visible="true" version="1" lat="47.46677019527" lon="19.15030854103" />
  <node id="6330" visible="true" version="1" lat="47.466769399" lon="19.15030792117" />
  <node id="6331" visible="true" version="1" lat="47.46676860276" lon="19.15030730123" />
  <node id="6332" visible="true" version="1" lat="47.46676780654" lon="19.15030668119" />
  <node id="6333" visible="true" version="1" lat="47.46676701037" lon="19.15030606103" />
  <node id="6334" visible="true" version="1" lat="47.46676621424" lon="19.15030544074" />
  <node id="6335" visible="true" version="1" lat="47.46676541815" lon="19.15030482031" />
  <node id="6336" visible="true" version="1" lat="47.4667646221" lon="19.15030419974" />
  <node id="6337" visible="true" version="1" lat="47.4667638261" lon="19.15030357906" />
  <node id="6338" visible="true" version="1" lat="47.46676303012" lon="19.15030295828" />
  <node id="6339" visible="true" version="1" lat="47.46676223418" lon="19.15030233741" />
  <node id="6340" visible="true" version="1" lat="47.46676143825" lon="19.15030171647" />
  <node id="6341" visible="true" version="1" lat="47.46676064234" lon="19.15030109551" />
  <node id="6342" visible="true" version="1" lat="47.46675984642" lon="19.15030047454" />
  <node id="6343" visible="true" version="1" lat="47.4667590505" lon="19.15029985359" />
  <node id="6344" visible="true" version="1" lat="47.46675825456" lon="19.1502992327" />
  <node id="6345" visible="true" version="1" lat="47.4667574586" lon="19.15029861189" />
  <node id="6346" visible="true" version="1" lat="47.4667566626" lon="19.15029799119" />
  <node id="6347" visible="true" version="1" lat="47.46675586655" lon="19.15029737063" />
  <node id="6348" visible="true" version="1" lat="47.46675507045" lon="19.15029675023" />
  <node id="6349" visible="true" version="1" lat="47.4667542743" lon="19.15029613001" />
  <node id="6350" visible="true" version="1" lat="47.46675347808" lon="19.15029550998" />
  <node id="6351" visible="true" version="1" lat="47.46675268179" lon="19.15029489016" />
  <node id="6352" visible="true" version="1" lat="47.46675188544" lon="19.15029427055" />
  <node id="6353" visible="true" version="1" lat="47.46675108902" lon="19.15029365115" />
  <node id="6354" visible="true" version="1" lat="47.46675029254" lon="19.15029303194" />
  <node id="6355" visible="true" version="1" lat="47.46674949601" lon="19.15029241291" />
  <node id="6356" visible="true" version="1" lat="47.46674869942" lon="19.15029179402" />
  <node id="6357" visible="true" version="1" lat="47.4667479028" lon="19.15029117525" />
  <node id="6358" visible="true" version="1" lat="47.46674710616" lon="19.15029055653" />
  <node id="6359" visible="true" version="1" lat="47.46674630953" lon="19.15028993781" />
  <node id="6360" visible="true" version="1" lat="47.46674551291" lon="19.15028931901" />
  <node id="6361" visible="true" version="1" lat="47.46674471635" lon="19.15028870004" />
  <node id="6362" visible="true" version="1" lat="47.46674391988" lon="19.15028808082" />
  <node id="6363" visible="true" version="1" lat="47.46674312353" lon="19.15028746121" />
  <node id="6364" visible="true" version="1" lat="47.46674232734" lon="19.15028684108" />
  <node id="6365" visible="true" version="1" lat="47.46674153137" lon="19.15028622029" />
  <node id="6366" visible="true" version="1" lat="47.46674073566" lon="19.15028559868" />
  <node id="6367" visible="true" version="1" lat="47.46673994028" lon="19.15028497605" />
  <node id="6368" visible="true" version="1" lat="47.46673914529" lon="19.1502843522" />
  <node id="6369" visible="true" version="1" lat="47.46673835077" lon="19.15028372691" />
  <node id="6370" visible="true" version="1" lat="47.46673755679" lon="19.15028309994" />
  <node id="6371" visible="true" version="1" lat="47.46673676343" lon="19.15028247102" />
  <node id="6372" visible="true" version="1" lat="47.4667359708" lon="19.15028183986" />
  <node id="6373" visible="true" version="1" lat="47.46673517898" lon="19.15028120616" />
  <node id="6374" visible="true" version="1" lat="47.46673438809" lon="19.15028056958" />
  <node id="6375" visible="true" version="1" lat="47.46673359825" lon="19.15027992976" />
  <node id="6376" visible="true" version="1" lat="47.46673358627" lon="19.15027992086" />
  <node id="6377" visible="true" version="1" lat="47.46673278435" lon="19.15027931869" />
  <node id="6378" visible="true" version="1" lat="47.46673198506" lon="19.15027870938" />
  <node id="6379" visible="true" version="1" lat="47.46673118741" lon="19.15027809561" />
  <node id="6380" visible="true" version="1" lat="47.46673039073" lon="19.15027747921" />
  <node id="6381" visible="true" version="1" lat="47.46672959459" lon="19.15027686133" />
  <node id="6382" visible="true" version="1" lat="47.46672879876" lon="19.15027624258" />
  <node id="6383" visible="true" version="1" lat="47.4667280032" lon="19.15027562313" />
  <node id="6384" visible="true" version="1" lat="47.46672720794" lon="19.15027500285" />
  <node id="6385" visible="true" version="1" lat="47.4667264131" lon="19.15027438146" />
  <node id="6386" visible="true" version="1" lat="47.46672561878" lon="19.15027375863" />
  <node id="6387" visible="true" version="1" lat="47.46672482508" lon="19.15027313412" />
  <node id="6388" visible="true" version="1" lat="47.46672403199" lon="19.15027250793" />
  <node id="6389" visible="true" version="1" lat="47.46672323939" lon="19.15027188043" />
  <node id="6390" visible="true" version="1" lat="47.46672244698" lon="19.15027125243" />
  <node id="6391" visible="true" version="1" lat="47.4667216542" lon="19.1502706254" />
  <node id="6392" visible="true" version="1" lat="47.46672086026" lon="19.15027000155" />
  <node id="6393" visible="true" version="1" lat="47.46672006402" lon="19.15026938395" />
  <node id="6394" visible="true" version="1" lat="47.46671926397" lon="19.15026877669" />
  <node id="6395" visible="true" version="1" lat="47.46671851498" lon="19.15026820247" />
  <node id="6396" visible="true" version="1" lat="47.46671771798" lon="19.15026758692" />
  <node id="6397" visible="true" version="1" lat="47.46671692215" lon="19.1502669682" />
  <node id="6398" visible="true" version="1" lat="47.46671612732" lon="19.15026634674" />
  <node id="6399" visible="true" version="1" lat="47.46671533336" lon="19.15026572294" />
  <node id="6400" visible="true" version="1" lat="47.46671454012" lon="19.15026509719" />
  <node id="6401" visible="true" version="1" lat="47.46671374747" lon="19.15026446981" />
  <node id="6402" visible="true" version="1" lat="47.4667129553" lon="19.15026384113" />
  <node id="6403" visible="true" version="1" lat="47.46671216351" lon="19.15026321143" />
  <node id="6404" visible="true" version="1" lat="47.466711372" lon="19.15026258096" />
  <node id="6405" visible="true" version="1" lat="47.46671058069" lon="19.15026194995" />
  <node id="6406" visible="true" version="1" lat="47.46670978951" lon="19.15026131861" />
  <node id="6407" visible="true" version="1" lat="47.46670899838" lon="19.15026068711" />
  <node id="6408" visible="true" version="1" lat="47.46670820725" lon="19.15026005561" />
  <node id="6409" visible="true" version="1" lat="47.46670741607" lon="19.15025942425" />
  <node id="6410" visible="true" version="1" lat="47.4667066248" lon="19.15025879313" />
  <node id="6411" visible="true" version="1" lat="47.4667058334" lon="19.15025816236" />
  <node id="6412" visible="true" version="1" lat="47.46670504185" lon="19.150257532" />
  <node id="6413" visible="true" version="1" lat="47.46670425012" lon="19.15025690211" />
  <node id="6414" visible="true" version="1" lat="47.46670345821" lon="19.15025627275" />
  <node id="6415" visible="true" version="1" lat="47.46670266609" lon="19.15025564393" />
  <node id="6416" visible="true" version="1" lat="47.46670187377" lon="19.15025501566" />
  <node id="6417" visible="true" version="1" lat="47.46670108125" lon="19.15025438796" />
  <node id="6418" visible="true" version="1" lat="47.46670028852" lon="19.15025376081" />
  <node id="6419" visible="true" version="1" lat="47.4666994956" lon="19.15025313418" />
  <node id="6420" visible="true" version="1" lat="47.46669870249" lon="19.15025250805" />
  <node id="6421" visible="true" version="1" lat="47.46669790922" lon="19.15025188239" />
  <node id="6422" visible="true" version="1" lat="47.46669711579" lon="19.15025125714" />
  <node id="6423" visible="true" version="1" lat="47.46669632222" lon="19.15025063226" />
  <node id="6424" visible="true" version="1" lat="47.46669552854" lon="19.15025000769" />
  <node id="6425" visible="true" version="1" lat="47.46669473477" lon="19.15024938338" />
  <node id="6426" visible="true" version="1" lat="47.46669394092" lon="19.15024875926" />
  <node id="6427" visible="true" version="1" lat="47.46669314702" lon="19.15024813529" />
  <node id="6428" visible="true" version="1" lat="47.4666923531" lon="19.15024751139" />
  <node id="6429" visible="true" version="1" lat="47.46669155917" lon="19.15024688751" />
  <node id="6430" visible="true" version="1" lat="47.46669076525" lon="19.1502462636" />
  <node id="6431" visible="true" version="1" lat="47.46668997136" lon="19.15024563959" />
  <node id="6432" visible="true" version="1" lat="47.46668917752" lon="19.15024501546" />
  <node id="6433" visible="true" version="1" lat="47.46668838375" lon="19.15024439115" />
  <node id="6434" visible="true" version="1" lat="47.46668759005" lon="19.15024376663" />
  <node id="6435" visible="true" version="1" lat="47.46668679644" lon="19.15024314188" />
  <node id="6436" visible="true" version="1" lat="47.46668600291" lon="19.15024251688" />
  <node id="6437" visible="true" version="1" lat="47.46668520948" lon="19.15024189163" />
  <node id="6438" visible="true" version="1" lat="47.46668441614" lon="19.15024126614" />
  <node id="6439" visible="true" version="1" lat="47.46668362289" lon="19.15024064043" />
  <node id="6440" visible="true" version="1" lat="47.4666828297" lon="19.15024001453" />
  <node id="6441" visible="true" version="1" lat="47.46668203655" lon="19.1502393885" />
  <node id="6442" visible="true" version="1" lat="47.46668124344" lon="19.1502387624" />
  <node id="6443" visible="true" version="1" lat="47.46668045031" lon="19.15023813632" />
  <node id="6444" visible="true" version="1" lat="47.46667965715" lon="19.15023751037" />
  <node id="6445" visible="true" version="1" lat="47.46667886388" lon="19.15023688466" />
  <node id="6446" visible="true" version="1" lat="47.46667807048" lon="19.15023625935" />
  <node id="6447" visible="true" version="1" lat="47.46667727686" lon="19.15023563461" />
  <node id="6448" visible="true" version="1" lat="47.46667648297" lon="19.15023501062" />
  <node id="6449" visible="true" version="1" lat="47.46667568871" lon="19.15023438762" />
  <node id="6450" visible="true" version="1" lat="47.46667489401" lon="19.15023376583" />
  <node id="6451" visible="true" version="1" lat="47.46667409876" lon="19.15023314553" />
  <node id="6452" visible="true" version="1" lat="47.46667330285" lon="19.15023252703" />
  <node id="6453" visible="true" version="1" lat="47.46667250616" lon="19.15023191064" />
  <node id="6454" visible="true" version="1" lat="47.46667170856" lon="19.15023129674" />
  <node id="6455" visible="true" version="1" lat="47.4666709099" lon="19.1502306857" />
  <node id="6456" visible="true" version="1" lat="47.46667011003" lon="19.15023007797" />
  <node id="6457" visible="true" version="1" lat="47.46666930878" lon="19.15022947399" />
  <node id="6458" visible="true" version="1" lat="47.46666928099" lon="19.15022945198" />
  <node id="6459" visible="true" version="1" lat="47.4666684864" lon="19.15022882454" />
  <node id="6460" visible="true" version="1" lat="47.46666769089" lon="19.15022820003" />
  <node id="6461" visible="true" version="1" lat="47.46666689454" lon="19.15022757825" />
  <node id="6462" visible="true" version="1" lat="47.46666609741" lon="19.15022695898" />
  <node id="6463" visible="true" version="1" lat="47.46666529954" lon="19.15022634207" />
  <node id="6464" visible="true" version="1" lat="47.466664501" lon="19.15022572732" />
  <node id="6465" visible="true" version="1" lat="47.46666370184" lon="19.15022511461" />
  <node id="6466" visible="true" version="1" lat="47.46666290208" lon="19.15022450378" />
  <node id="6467" visible="true" version="1" lat="47.46666210179" lon="19.15022389471" />
  <node id="6468" visible="true" version="1" lat="47.46666130098" lon="19.15022328729" />
  <node id="6469" visible="true" version="1" lat="47.46666049968" lon="19.15022268141" />
  <node id="6470" visible="true" version="1" lat="47.46665969794" lon="19.150222077" />
  <node id="6471" visible="true" version="1" lat="47.46665889576" lon="19.15022147397" />
  <node id="6472" visible="true" version="1" lat="47.46665809318" lon="19.15022087227" />
  <node id="6473" visible="true" version="1" lat="47.4666572902" lon="19.15022027184" />
  <node id="6474" visible="true" version="1" lat="47.46665648683" lon="19.15021967264" />
  <node id="6475" visible="true" version="1" lat="47.4666556831" lon="19.15021907464" />
  <node id="6476" visible="true" version="1" lat="47.466654879" lon="19.15021847781" />
  <node id="6477" visible="true" version="1" lat="47.46665407453" lon="19.15021788216" />
  <node id="6478" visible="true" version="1" lat="47.46665326971" lon="19.15021728768" />
  <node id="6479" visible="true" version="1" lat="47.46665246451" lon="19.15021669437" />
  <node id="6480" visible="true" version="1" lat="47.46665165895" lon="19.15021610226" />
  <node id="6481" visible="true" version="1" lat="47.46665085301" lon="19.15021551138" />
  <node id="6482" visible="true" version="1" lat="47.46665004667" lon="19.15021492175" />
  <node id="6483" visible="true" version="1" lat="47.46664923994" lon="19.15021433342" />
  <node id="6484" visible="true" version="1" lat="47.46664843278" lon="19.15021374644" />
  <node id="6485" visible="true" version="1" lat="47.46664762519" lon="19.15021316086" />
  <node id="6486" visible="true" version="1" lat="47.46664681714" lon="19.15021257676" />
  <node id="6487" visible="true" version="1" lat="47.46664600861" lon="19.1502119942" />
  <node id="6488" visible="true" version="1" lat="47.46664519958" lon="19.15021141326" />
  <node id="6489" visible="true" version="1" lat="47.46664439002" lon="19.15021083401" />
  <node id="6490" visible="true" version="1" lat="47.46664357991" lon="19.15021025656" />
  <node id="6491" visible="true" version="1" lat="47.46664276921" lon="19.15020968098" />
  <node id="6492" visible="true" version="1" lat="47.4666419579" lon="19.15020910738" />
  <node id="6493" visible="true" version="1" lat="47.46664114594" lon="19.15020853587" />
  <node id="6494" visible="true" version="1" lat="47.46664033331" lon="19.15020796654" />
  <node id="6495" visible="true" version="1" lat="47.46663951996" lon="19.15020739951" />
  <node id="6496" visible="true" version="1" lat="47.46663870586" lon="19.15020683489" />
  <node id="6497" visible="true" version="1" lat="47.46663789098" lon="19.15020627279" />
  <node id="6498" visible="true" version="1" lat="47.46663707528" lon="19.15020571334" />
  <node id="6499" visible="true" version="1" lat="47.46663625872" lon="19.15020515665" />
  <node id="6500" visible="true" version="1" lat="47.46663544126" lon="19.15020460285" />
  <node id="6501" visible="true" version="1" lat="47.46663462287" lon="19.15020405207" />
  <node id="6502" visible="true" version="1" lat="47.4666338035" lon="19.15020350442" />
  <node id="6503" visible="true" version="1" lat="47.46663298312" lon="19.15020296004" />
  <node id="6504" visible="true" version="1" lat="47.46663216169" lon="19.15020241905" />
  <node id="6505" visible="true" version="1" lat="47.46663133916" lon="19.15020188158" />
  <node id="6506" visible="true" version="1" lat="47.4666305155" lon="19.15020134776" />
  <node id="6507" visible="true" version="1" lat="47.46662969067" lon="19.15020081772" />
  <node id="6508" visible="true" version="1" lat="47.46662886463" lon="19.15020029157" />
  <node id="6509" visible="true" version="1" lat="47.46662803734" lon="19.15019976946" />
  <node id="6510" visible="true" version="1" lat="47.46662720876" lon="19.15019925149" />
  <node id="6511" visible="true" version="1" lat="47.46662637886" lon="19.15019873779" />
  <node id="6512" visible="true" version="1" lat="47.46662671314" lon="19.15019895127" />
  <node id="6513" visible="true" version="1" lat="47.46662587898" lon="19.15019841882" />
  <node id="6514" visible="true" version="1" lat="47.4666250446" lon="19.15019788759" />
  <node id="6515" visible="true" version="1" lat="47.46662420986" lon="19.1501973583" />
  <node id="6516" visible="true" version="1" lat="47.46662337464" lon="19.1501968316" />
  <node id="6517" visible="true" version="1" lat="47.46662253884" lon="19.15019630807" />
  <node id="6518" visible="true" version="1" lat="47.46662170236" lon="19.15019578822" />
  <node id="6519" visible="true" version="1" lat="47.46662086513" lon="19.15019527249" />
  <node id="6520" visible="true" version="1" lat="47.46662002706" lon="19.15019476128" />
  <node id="6521" visible="true" version="1" lat="47.4666191881" lon="19.1501942549" />
  <node id="6522" visible="true" version="1" lat="47.46661834821" lon="19.15019375364" />
  <node id="6523" visible="true" version="1" lat="47.46661750733" lon="19.15019325772" />
  <node id="6524" visible="true" version="1" lat="47.46661666544" lon="19.15019276732" />
  <node id="6525" visible="true" version="1" lat="47.4666158225" lon="19.15019228257" />
  <node id="6526" visible="true" version="1" lat="47.46661497851" lon="19.15019180356" />
  <node id="6527" visible="true" version="1" lat="47.46661413346" lon="19.15019133036" />
  <node id="6528" visible="true" version="1" lat="47.46661328733" lon="19.15019086298" />
  <node id="6529" visible="true" version="1" lat="47.46661244013" lon="19.15019040143" />
  <node id="6530" visible="true" version="1" lat="47.46661159187" lon="19.15018994566" />
  <node id="6531" visible="true" version="1" lat="47.46661074255" lon="19.15018949563" />
  <node id="6532" visible="true" version="1" lat="47.46660989218" lon="19.15018905127" />
  <node id="6533" visible="true" version="1" lat="47.4666090408" lon="19.15018861248" />
  <node id="6534" visible="true" version="1" lat="47.46660818841" lon="19.15018817915" />
  <node id="6535" visible="true" version="1" lat="47.46660733503" lon="19.15018775119" />
  <node id="6536" visible="true" version="1" lat="47.46660648069" lon="19.15018732847" />
  <node id="6537" visible="true" version="1" lat="47.4666056254" lon="19.15018691087" />
  <node id="6538" visible="true" version="1" lat="47.4666047692" lon="19.15018649828" />
  <node id="6539" visible="true" version="1" lat="47.46660391209" lon="19.15018609057" />
  <node id="6540" visible="true" version="1" lat="47.46660305411" lon="19.15018568766" />
  <node id="6541" visible="true" version="1" lat="47.46660219526" lon="19.15018528943" />
  <node id="6542" visible="true" version="1" lat="47.46660133557" lon="19.15018489582" />
  <node id="6543" visible="true" version="1" lat="47.46660047503" lon="19.15018450675" />
  <node id="6544" visible="true" version="1" lat="47.46659961367" lon="19.1501841222" />
  <node id="6545" visible="true" version="1" lat="47.46659875148" lon="19.15018374215" />
  <node id="6546" visible="true" version="1" lat="47.46659788846" lon="19.15018336662" />
  <node id="6547" visible="true" version="1" lat="47.4665970246" lon="19.15018299564" />
  <node id="6548" visible="true" version="1" lat="47.46659615989" lon="19.15018262931" />
  <node id="6549" visible="true" version="1" lat="47.4665952943" lon="19.15018226774" />
  <node id="6550" visible="true" version="1" lat="47.4665944278" lon="19.1501819111" />
  <node id="6551" visible="true" version="1" lat="47.46659356036" lon="19.15018155961" />
  <node id="6552" visible="true" version="1" lat="47.46659269192" lon="19.1501812135" />
  <node id="6553" visible="true" version="1" lat="47.46659182244" lon="19.15018087311" />
  <node id="6554" visible="true" version="1" lat="47.46659095184" lon="19.1501805388" />
  <node id="6555" visible="true" version="1" lat="47.46659008004" lon="19.15018021099" />
  <node id="6556" visible="true" version="1" lat="47.46658920695" lon="19.15017989017" />
  <node id="6557" visible="true" version="1" lat="47.46658833248" lon="19.15017957691" />
  <node id="6558" visible="true" version="1" lat="47.4665874565" lon="19.15017927182" />
  <node id="6559" visible="true" version="1" lat="47.46658657889" lon="19.15017897561" />
  <node id="6560" visible="true" version="1" lat="47.4665856995" lon="19.15017868906" />
  <node id="6561" visible="true" version="1" lat="47.46658481818" lon="19.15017841301" />
  <node id="6562" visible="true" version="1" lat="47.46658393475" lon="19.15017814842" />
  <node id="6563" visible="true" version="1" lat="47.46658304903" lon="19.15017789631" />
  <node id="6564" visible="true" version="1" lat="47.46658216081" lon="19.15017765779" />
  <node id="6565" visible="true" version="1" lat="47.46658126986" lon="19.15017743408" />
  <node id="6566" visible="true" version="1" lat="47.46658210253" lon="19.15017769955" />
  <node id="6567" visible="true" version="1" lat="47.46658121218" lon="19.15017741647" />
  <node id="6568" visible="true" version="1" lat="47.46658032101" lon="19.1501771554" />
  <node id="6569" visible="true" version="1" lat="47.46657942917" lon="19.15017691222" />
  <node id="6570" visible="true" version="1" lat="47.46657853678" lon="19.15017668346" />
  <node id="6571" visible="true" version="1" lat="47.46657764396" lon="19.15017646633" />
  <node id="6572" visible="true" version="1" lat="47.46657675079" lon="19.1501762586" />
  <node id="6573" visible="true" version="1" lat="47.46657585733" lon="19.15017605858" />
  <node id="6574" visible="true" version="1" lat="47.46657496362" lon="19.15017586507" />
  <node id="6575" visible="true" version="1" lat="47.4665740697" lon="19.15017567729" />
  <node id="6576" visible="true" version="1" lat="47.46657317558" lon="19.15017549483" />
  <node id="6577" visible="true" version="1" lat="47.46657228127" lon="19.15017531762" />
  <node id="6578" visible="true" version="1" lat="47.46657138674" lon="19.15017514584" />
  <node id="6579" visible="true" version="1" lat="47.46657049201" lon="19.15017497991" />
  <node id="6580" visible="true" version="1" lat="47.46656959702" lon="19.1501748204" />
  <node id="6581" visible="true" version="1" lat="47.46656870178" lon="19.15017466801" />
  <node id="6582" visible="true" version="1" lat="47.46656780623" lon="19.15017452347" />
  <node id="6583" visible="true" version="1" lat="47.46656691037" lon="19.15017438756" />
  <node id="6584" visible="true" version="1" lat="47.46656601415" lon="19.15017426097" />
  <node id="6585" visible="true" version="1" lat="47.46656511757" lon="19.15017414434" />
  <node id="6586" visible="true" version="1" lat="47.46656422059" lon="19.15017403813" />
  <node id="6587" visible="true" version="1" lat="47.46656332321" lon="19.1501739426" />
  <node id="6588" visible="true" version="1" lat="47.46656242542" lon="19.15017385776" />
  <node id="6589" visible="true" version="1" lat="47.46656152725" lon="19.15017378332" />
  <node id="6590" visible="true" version="1" lat="47.46656062872" lon="19.15017371863" />
  <node id="6591" visible="true" version="1" lat="47.46655972986" lon="19.15017366262" />
  <node id="6592" visible="true" version="1" lat="47.46655883073" lon="19.15017361376" />
  <node id="6593" visible="true" version="1" lat="47.4665579314" lon="19.15017356999" />
  <node id="6594" visible="true" version="1" lat="47.46655703199" lon="19.15017352871" />
  <node id="6595" visible="true" version="1" lat="47.4665561326" lon="19.15017348667" />
  <node id="6596" visible="true" version="1" lat="47.46655523339" lon="19.15017343995" />
  <node id="6597" visible="true" version="1" lat="47.46655577079" lon="19.15017347199" />
  <node id="6598" visible="true" version="1" lat="47.46655486651" lon="19.15017342272" />
  <node id="6599" visible="true" version="1" lat="47.46655396321" lon="19.15017339369" />
  <node id="6600" visible="true" version="1" lat="47.46655306064" lon="19.15017337983" />
  <node id="6601" visible="true" version="1" lat="47.46655215863" lon="19.1501733773" />
  <node id="6602" visible="true" version="1" lat="47.46655125704" lon="19.15017338332" />
  <node id="6603" visible="true" version="1" lat="47.46655035577" lon="19.15017339607" />
  <node id="6604" visible="true" version="1" lat="47.46654945477" lon="19.15017341445" />
  <node id="6605" visible="true" version="1" lat="47.46654855403" lon="19.15017343806" />
  <node id="6606" visible="true" version="1" lat="47.46654765354" lon="19.15017346696" />
  <node id="6607" visible="true" version="1" lat="47.46654675333" lon="19.15017350155" />
  <node id="6608" visible="true" version="1" lat="47.46654585342" lon="19.15017354246" />
  <node id="6609" visible="true" version="1" lat="47.46654495386" lon="19.15017359036" />
  <node id="6610" visible="true" version="1" lat="47.46654405466" lon="19.15017364585" />
  <node id="6611" visible="true" version="1" lat="47.46654315585" lon="19.15017370927" />
  <node id="6612" visible="true" version="1" lat="47.46654225743" lon="19.15017378062" />
  <node id="6613" visible="true" version="1" lat="47.46654135936" lon="19.15017385936" />
  <node id="6614" visible="true" version="1" lat="47.46654046159" lon="19.15017394429" />
  <node id="6615" visible="true" version="1" lat="47.46653956403" lon="19.1501740334" />
  <node id="6616" visible="true" version="1" lat="47.46653866652" lon="19.15017412374" />
  <node id="6617" visible="true" version="1" lat="47.46653776888" lon="19.15017421123" />
  <node id="6618" visible="true" version="1" lat="47.46653833793" lon="19.15017415298" />
  <node id="6619" visible="true" version="1" lat="47.46653743955" lon="19.15017425566" />
  <node id="6620" visible="true" version="1" lat="47.46653654458" lon="19.15017439545" />
  <node id="6621" visible="true" version="1" lat="47.46653565012" lon="19.15017454077" />
  <node id="6622" visible="true" version="1" lat="47.46653475504" lon="19.15017467929" />
  <node id="6623" visible="true" version="1" lat="47.4665338594" lon="19.1501748118" />
  <node id="6624" visible="true" version="1" lat="47.46653296392" lon="19.15017494606" />
  <node id="6625" visible="true" version="1" lat="47.4665320694" lon="19.15017509072" />
  <node id="6626" visible="true" version="1" lat="47.46653117615" lon="19.15017524914" />
  <node id="6627" visible="true" version="1" lat="47.46653028342" lon="19.15017541329" />
  <node id="6628" visible="true" version="1" lat="47.46652938887" lon="19.15017555764" />
  <node id="6629" visible="true" version="1" lat="47.4665290864" lon="19.15017560496" />
  <node id="6630" visible="true" version="1" lat="47.46652818865" lon="19.15017577718" />
  <node id="6631" visible="true" version="1" lat="47.46652729591" lon="19.1501759794" />
  <node id="6632" visible="true" version="1" lat="47.46652640556" lon="19.15017619585" />
  <node id="6633" visible="true" version="1" lat="47.46652551587" lon="19.15017641626" />
  <node id="6634" visible="true" version="1" lat="47.46652462591" lon="19.15017663506" />
  <node id="6635" visible="true" version="1" lat="47.46652373539" lon="19.15017685047" />
  <node id="6636" visible="true" version="1" lat="47.46652284449" lon="19.15017706367" />
  <node id="6637" visible="true" version="1" lat="47.46652195377" lon="19.15017727791" />
  <node id="6638" visible="true" version="1" lat="47.46652106397" lon="19.15017749768" />
  <node id="6639" visible="true" version="1" lat="47.46652017591" lon="19.15017772786" />
  <node id="6640" visible="true" version="1" lat="47.46651929033" lon="19.15017797281" />
  <node id="6641" visible="true" version="1" lat="47.46651840772" lon="19.15017823555" />
  <node id="6642" visible="true" version="1" lat="47.46651752823" lon="19.15017851689" />
  <node id="6643" visible="true" version="1" lat="47.46651665147" lon="19.15017881456" />
  <node id="6644" visible="true" version="1" lat="47.4665157764" lon="19.15017912238" />
  <node id="6645" visible="true" version="1" lat="47.46651490119" lon="19.15017942935" />
  <node id="6646" visible="true" version="1" lat="47.46651402306" lon="19.15017971884" />
  <node id="6647" visible="true" version="1" lat="47.46651438141" lon="19.15017958621" />
  <node id="6648" visible="true" version="1" lat="47.4665135068" lon="19.15017990703" />
  <node id="6649" visible="true" version="1" lat="47.46651263002" lon="19.15018021769" />
  <node id="6650" visible="true" version="1" lat="47.46651175138" lon="19.15018051968" />
  <node id="6651" visible="true" version="1" lat="47.46651087209" lon="19.15018081856" />
  <node id="6652" visible="true" version="1" lat="47.4665099938" lon="19.15018112215" />
  <node id="6653" visible="true" version="1" lat="47.46650911826" lon="19.15018143865" />
  <node id="6654" visible="true" version="1" lat="47.46650824691" lon="19.15018177478" />
  <node id="6655" visible="true" version="1" lat="47.46650738048" lon="19.15018213392" />
  <node id="6656" visible="true" version="1" lat="47.46650651856" lon="19.15018251428" />
  <node id="6657" visible="true" version="1" lat="47.46650565929" lon="19.15018290699" />
  <node id="6658" visible="true" version="1" lat="47.4664965758" lon="19.15018699038" />
  <node id="6659" visible="true" version="1" lat="47.46649711873" lon="19.15018674433" />
  <node id="6660" visible="true" version="1" lat="47.46649439821" lon="19.15018812841" />
  <node id="6661" visible="true" version="1" lat="47.46649195466" lon="19.15018950666" />
  <node id="6662" visible="true" version="1" lat="47.46648954382" lon="19.15019088422" />
  <node id="6663" visible="true" version="1" lat="47.46648708523" lon="19.15019226279" />
  <node id="6664" visible="true" version="1" lat="47.466480024" lon="19.15019702591" />
  <node id="6665" visible="true" version="1" lat="47.46648085685" lon="19.15019650495" />
  <node id="6666" visible="true" version="1" lat="47.46648167128" lon="19.15019589458" />
  <node id="6667" visible="true" version="1" lat="47.46648248754" lon="19.15019529306" />
  <node id="6668" visible="true" version="1" lat="47.46648331225" lon="19.15019473261" />
  <node id="6669" visible="true" version="1" lat="47.46648414336" lon="19.15019420318" />
  <node id="6670" visible="true" version="1" lat="47.46648497497" lon="19.15019367614" />
  <node id="6671" visible="true" version="1" lat="47.46648580221" lon="19.15019312795" />
  <node id="6672" visible="true" version="1" lat="47.46648662618" lon="19.15019256389" />
  <node id="6673" visible="true" version="1" lat="47.4664874588" lon="19.15019204175" />
  <node id="6674" visible="true" version="1" lat="47.46647989987" lon="19.15019703296" />
  <node id="6675" visible="true" version="1" lat="47.46647908929" lon="19.15019762015" />
  <node id="6676" visible="true" version="1" lat="47.4664782741" lon="19.15019819615" />
  <node id="6677" visible="true" version="1" lat="47.46647745768" lon="19.15019876915" />
  <node id="6678" visible="true" version="1" lat="47.46647664346" lon="19.15019934748" />
  <node id="6679" visible="true" version="1" lat="47.46647583423" lon="19.15019993798" />
  <node id="6680" visible="true" version="1" lat="47.46647503151" lon="19.15020054432" />
  <node id="6681" visible="true" version="1" lat="47.46647423486" lon="19.15020116541" />
  <node id="6682" visible="true" version="1" lat="47.46647344119" lon="19.15020179377" />
  <node id="6683" visible="true" version="1" lat="47.46647264413" lon="19.15020241385" />
  <node id="6684" visible="true" version="1" lat="47.46646522955" lon="19.15020871232" />
  <node id="6685" visible="true" version="1" lat="47.46646598375" lon="19.15020796666" />
  <node id="6686" visible="true" version="1" lat="47.46646675975" lon="19.15020728683" />
  <node id="6687" visible="true" version="1" lat="47.46646754029" lon="19.1502066207" />
  <node id="6688" visible="true" version="1" lat="47.46646831891" lon="19.15020594878" />
  <node id="6689" visible="true" version="1" lat="47.46646909638" lon="19.15020527337" />
  <node id="6690" visible="true" version="1" lat="47.466469877" lon="19.1502046075" />
  <node id="6691" visible="true" version="1" lat="47.46647066503" lon="19.15020396399" />
  <node id="6692" visible="true" version="1" lat="47.46647146103" lon="19.15020334455" />
  <node id="6693" visible="true" version="1" lat="47.46647225821" lon="19.1502027287" />
  <node id="6694" visible="true" version="1" lat="47.46647303887" lon="19.15020206292" />
  <node id="6695" visible="true" version="1" lat="47.46646503812" lon="19.15020889231" />
  <node id="6696" visible="true" version="1" lat="47.46646428613" lon="19.15020962066" />
  <node id="6697" visible="true" version="1" lat="47.46646353051" lon="19.15021034114" />
  <node id="6698" visible="true" version="1" lat="47.46646277432" lon="19.15021106038" />
  <node id="6699" visible="true" version="1" lat="47.46646202085" lon="19.15021178552" />
  <node id="6700" visible="true" version="1" lat="47.46646127312" lon="19.15021252314" />
  <node id="6701" visible="true" version="1" lat="47.46646053344" lon="19.15021327828" />
  <node id="6702" visible="true" version="1" lat="47.46645980292" lon="19.15021405335" />
  <node id="6703" visible="true" version="1" lat="47.46645908103" lon="19.15021484716" />
  <node id="6704" visible="true" version="1" lat="47.46645836507" lon="19.15021565389" />
  <node id="6705" visible="true" version="1" lat="47.46645764976" lon="19.15021646203" />
  <node id="6706" visible="true" version="1" lat="47.46645980307" lon="19.15021338664" />
  <node id="6707" visible="true" version="1" lat="47.46645928647" lon="19.15021452302" />
  <node id="6708" visible="true" version="1" lat="47.4664586229" lon="19.15021541881" />
  <node id="6709" visible="true" version="1" lat="47.46645789477" lon="19.15021620892" />
  <node id="6710" visible="true" version="1" lat="47.4664571532" lon="19.15021697703" />
  <node id="6711" visible="true" version="1" lat="47.46645642442" lon="19.15021776608" />
  <node id="6712" visible="true" version="1" lat="47.46645571617" lon="19.15021858872" />
  <node id="6713" visible="true" version="1" lat="47.46645502406" lon="19.1502194378" />
  <node id="6714" visible="true" version="1" lat="47.46645433806" lon="19.15022029686" />
  <node id="6715" visible="true" version="1" lat="47.46645364878" lon="19.15022115057" />
  <node id="6716" visible="true" version="1" lat="47.46645295396" lon="19.15022199522" />
  <node id="6717" visible="true" version="1" lat="47.46645226485" lon="19.1502228492" />
  <node id="6718" visible="true" version="1" lat="47.46645018138" lon="19.15022545709" />
  <node id="6719" visible="true" version="1" lat="47.46644658842" lon="19.1502306676" />
  <node id="6720" visible="true" version="1" lat="47.46644597504" lon="19.15023163861" />
  <node id="6721" visible="true" version="1" lat="47.46644534621" lon="19.15023258947" />
  <node id="6722" visible="true" version="1" lat="47.4664447066" lon="19.15023352625" />
  <node id="6723" visible="true" version="1" lat="47.4664440639" lon="19.15023445901" />
  <node id="6724" visible="true" version="1" lat="47.46644342705" lon="19.1502353994" />
  <node id="6725" visible="true" version="1" lat="47.46644280433" lon="19.15023635823" />
  <node id="6726" visible="true" version="1" lat="47.4664422015" lon="19.150237343" />
  <node id="6727" visible="true" version="1" lat="47.46644161991" lon="19.1502383555" />
  <node id="6728" visible="true" version="1" lat="47.46644105468" lon="19.15023938935" />
  <node id="6729" visible="true" version="1" lat="47.46644049282" lon="19.15024042758" />
  <node id="6730" visible="true" version="1" lat="47.46644113432" lon="19.15023907146" />
  <node id="6731" visible="true" version="1" lat="47.46644062794" lon="19.1502401683" />
  <node id="6732" visible="true" version="1" lat="47.46644006156" lon="19.15024120762" />
  <node id="6733" visible="true" version="1" lat="47.46643946887" lon="19.1502422217" />
  <node id="6734" visible="true" version="1" lat="47.46643887259" lon="19.15024323235" />
  <node id="6735" visible="true" version="1" lat="47.46643828627" lon="19.15024425254" />
  <node id="6736" visible="true" version="1" lat="47.46643771602" lon="19.15024528815" />
  <node id="6737" visible="true" version="1" lat="47.46643716235" lon="19.15024633964" />
  <node id="6738" visible="true" version="1" lat="47.46643662188" lon="19.1502474038" />
  <node id="6739" visible="true" version="1" lat="47.46643608916" lon="19.15024847539" />
  <node id="6740" visible="true" version="1" lat="47.46643555842" lon="19.15024954888" />
  <node id="6741" visible="true" version="1" lat="47.46643502535" lon="19.15025062013" />
  <node id="6742" visible="true" version="1" lat="47.46643448888" lon="19.15025168813" />
  <node id="6743" visible="true" version="1" lat="47.46643395295" lon="19.15025275664" />
  <node id="6744" visible="true" version="1" lat="47.46643342829" lon="19.15025383595" />
  <node id="6745" visible="true" version="1" lat="47.46643293417" lon="19.15025494456" />
  <node id="6746" visible="true" version="1" lat="47.46643250021" lon="19.15025611084" />
  <node id="6747" visible="true" version="1" lat="47.46643378846" lon="19.15025333795" />
  <node id="6748" visible="true" version="1" lat="47.46643323254" lon="19.15025450256" />
  <node id="6749" visible="true" version="1" lat="47.46643269543" lon="19.15025567399" />
  <node id="6750" visible="true" version="1" lat="47.46643217505" lon="19.15025685148" />
  <node id="6751" visible="true" version="1" lat="47.46643166961" lon="19.15025803438" />
  <node id="6752" visible="true" version="1" lat="47.46643117754" lon="19.15025922213" />
  <node id="6753" visible="true" version="1" lat="47.4664306975" lon="19.15026041424" />
  <node id="6754" visible="true" version="1" lat="47.46643022834" lon="19.1502616103" />
  <node id="6755" visible="true" version="1" lat="47.46642976913" lon="19.15026280996" />
  <node id="6756" visible="true" version="1" lat="47.4664293191" lon="19.15026401295" />
  <node id="6757" visible="true" version="1" lat="47.46642887765" lon="19.15026521905" />
  <node id="6758" visible="true" version="1" lat="47.46642844433" lon="19.15026642809" />
  <node id="6759" visible="true" version="1" lat="47.46642801884" lon="19.15026763997" />
  <node id="6760" visible="true" version="1" lat="47.46642760098" lon="19.15026885462" />
  <node id="6761" visible="true" version="1" lat="47.46642719067" lon="19.15027007201" />
  <node id="6762" visible="true" version="1" lat="47.46642678791" lon="19.15027129213" />
  <node id="6763" visible="true" version="1" lat="47.4664263928" lon="19.15027251502" />
  <node id="6764" visible="true" version="1" lat="47.46642600549" lon="19.15027374075" />
  <node id="6765" visible="true" version="1" lat="47.46642562618" lon="19.15027496937" />
  <node id="6766" visible="true" version="1" lat="47.4664252551" lon="19.15027620097" />
  <node id="6767" visible="true" version="1" lat="47.46642489252" lon="19.15027743565" />
  <node id="6768" visible="true" version="1" lat="47.46642453869" lon="19.15027867351" />
  <node id="6769" visible="true" version="1" lat="47.46642419388" lon="19.15027991464" />
  <node id="6770" visible="true" version="1" lat="47.46642385831" lon="19.15028115911" />
  <node id="6771" visible="true" version="1" lat="47.46642353219" lon="19.15028240701" />
  <node id="6772" visible="true" version="1" lat="47.46642321565" lon="19.15028365839" />
  <node id="6773" visible="true" version="1" lat="47.46642290879" lon="19.15028491327" />
  <node id="6774" visible="true" version="1" lat="47.46642261159" lon="19.15028617165" />
  <node id="6775" visible="true" version="1" lat="47.46642232396" lon="19.1502874335" />
  <node id="6776" visible="true" version="1" lat="47.4664220457" lon="19.15028869875" />
  <node id="6777" visible="true" version="1" lat="47.46642177648" lon="19.15028996727" />
  <node id="6778" visible="true" version="1" lat="47.46642151584" lon="19.15029123891" />
  <node id="6779" visible="true" version="1" lat="47.46642126316" lon="19.15029251342" />
  <node id="6780" visible="true" version="1" lat="47.46642101765" lon="19.15029379054" />
  <node id="6781" visible="true" version="1" lat="47.46642077835" lon="19.15029506991" />
  <node id="6782" visible="true" version="1" lat="47.46642054411" lon="19.15029635111" />
  <node id="6783" visible="true" version="1" lat="47.46642031354" lon="19.15029763365" />
  <node id="6784" visible="true" version="1" lat="47.46642008506" lon="19.15029891694" />
  <node id="6785" visible="true" version="1" lat="47.46641985683" lon="19.15030020032" />
  <node id="6786" visible="true" version="1" lat="47.46641962677" lon="19.15030148304" />
  <node id="6787" visible="true" version="1" lat="47.46642003079" lon="19.15029880395" />
  <node id="6788" visible="true" version="1" lat="47.46641982782" lon="19.15030013057" />
  <node id="6789" visible="true" version="1" lat="47.46641963056" lon="19.15030145719" />
  <node id="6790" visible="true" version="1" lat="47.46641943942" lon="19.15030278381" />
  <node id="6791" visible="true" version="1" lat="47.46641925478" lon="19.15030411044" />
  <node id="6792" visible="true" version="1" lat="47.46641907698" lon="19.15030543706" />
  <node id="6793" visible="true" version="1" lat="47.46641890629" lon="19.15030676368" />
  <node id="6794" visible="true" version="1" lat="47.46641874297" lon="19.1503080903" />
  <node id="6795" visible="true" version="1" lat="47.46641858724" lon="19.15030941692" />
  <node id="6796" visible="true" version="1" lat="47.46641843926" lon="19.15031074355" />
  <node id="6797" visible="true" version="1" lat="47.4664182992" lon="19.15031207017" />
  <node id="6798" visible="true" version="1" lat="47.46641816717" lon="19.15031339679" />
  <node id="6799" visible="true" version="1" lat="47.46641804327" lon="19.15031472341" />
  <node id="6800" visible="true" version="1" lat="47.46641792757" lon="19.15031605003" />
  <node id="6801" visible="true" version="1" lat="47.46641782014" lon="19.15031737665" />
  <node id="6802" visible="true" version="1" lat="47.46641772101" lon="19.15031870328" />
  <node id="6803" visible="true" version="1" lat="47.46641763021" lon="19.1503200299" />
  <node id="6804" visible="true" version="1" lat="47.46641754777" lon="19.15032135652" />
  <node id="6805" visible="true" version="1" lat="47.46641747369" lon="19.15032268314" />
  <node id="6806" visible="true" version="1" lat="47.46641740799" lon="19.15032400976" />
  <node id="6807" visible="true" version="1" lat="47.46641735066" lon="19.15032533638" />
  <node id="6808" visible="true" version="1" lat="47.46641730171" lon="19.150326663" />
  <node id="6809" visible="true" version="1" lat="47.46641726117" lon="19.15032798963" />
  <node id="6810" visible="true" version="1" lat="47.46641722905" lon="19.15032931625" />
  <node id="6811" visible="true" version="1" lat="47.46641720538" lon="19.15033064287" />
  <node id="6812" visible="true" version="1" lat="47.4664171902" lon="19.15033196949" />
  <node id="6813" visible="true" version="1" lat="47.46641718358" lon="19.15033329611" />
  <node id="6814" visible="true" version="1" lat="47.46641718559" lon="19.15033462273" />
  <node id="6815" visible="true" version="1" lat="47.46641719635" lon="19.15033594936" />
  <node id="6816" visible="true" version="1" lat="47.46641721596" lon="19.15033727598" />
  <node id="6817" visible="true" version="1" lat="47.4664172446" lon="19.1503386026" />
  <node id="6818" visible="true" version="1" lat="47.46641728244" lon="19.15033992922" />
  <node id="6819" visible="true" version="1" lat="47.46641732971" lon="19.15034125584" />
  <node id="6820" visible="true" version="1" lat="47.46641738666" lon="19.15034258246" />
  <node id="6821" visible="true" version="1" lat="47.46641745358" lon="19.15034390909" />
  <node id="6822" visible="true" version="1" lat="47.46641753082" lon="19.15034523571" />
  <node id="6823" visible="true" version="1" lat="47.46641761876" lon="19.15034656233" />
  <node id="6824" visible="true" version="1" lat="47.46641771783" lon="19.15034788895" />
  <node id="6825" visible="true" version="1" lat="47.46641782851" lon="19.15034921557" />
  <node id="6826" visible="true" version="1" lat="47.46641795134" lon="19.15035054219" />
  <node id="6827" visible="true" version="1" lat="47.46641808692" lon="19.15035186882" />
  <node id="6828" visible="true" version="1" lat="47.4664182359" lon="19.15035319544" />
  <node id="6829" visible="true" version="1" lat="47.4664177472" lon="19.15034816833" />
  <node id="6830" visible="true" version="1" lat="47.46641786059" lon="19.15034949333" />
  <node id="6831" visible="true" version="1" lat="47.46641798492" lon="19.15035081437" />
  <node id="6832" visible="true" version="1" lat="47.46641811961" lon="19.15035213166" />
  <node id="6833" visible="true" version="1" lat="47.46641826418" lon="19.15035344536" />
  <node id="6834" visible="true" version="1" lat="47.4664184182" lon="19.15035475564" />
  <node id="6835" visible="true" version="1" lat="47.46641858138" lon="19.1503560626" />
  <node id="6836" visible="true" version="1" lat="47.46641875344" lon="19.15035736634" />
  <node id="6837" visible="true" version="1" lat="47.46641893422" lon="19.15035866692" />
  <node id="6838" visible="true" version="1" lat="47.46641912359" lon="19.15035996439" />
  <node id="6839" visible="true" version="1" lat="47.46641932148" lon="19.15036125876" />
  <node id="6840" visible="true" version="1" lat="47.46641952788" lon="19.15036255006" />
  <node id="6841" visible="true" version="1" lat="47.46641974282" lon="19.15036383825" />
  <node id="6842" visible="true" version="1" lat="47.46641996637" lon="19.15036512333" />
  <node id="6843" visible="true" version="1" lat="47.46642019862" lon="19.15036640525" />
  <node id="6844" visible="true" version="1" lat="47.46642043971" lon="19.15036768397" />
  <node id="6845" visible="true" version="1" lat="47.46642068979" lon="19.15036895944" />
  <node id="6846" visible="true" version="1" lat="47.46642094902" lon="19.15037023158" />
  <node id="6847" visible="true" version="1" lat="47.46642121758" lon="19.15037150035" />
  <node id="6848" visible="true" version="1" lat="47.46642149564" lon="19.15037276566" />
  <node id="6849" visible="true" version="1" lat="47.46642178339" lon="19.15037402747" />
  <node id="6850" visible="true" version="1" lat="47.46642208099" lon="19.15037528571" />
  <node id="6851" visible="true" version="1" lat="47.4664223886" lon="19.15037654032" />
  <node id="6852" visible="true" version="1" lat="47.46642270637" lon="19.15037779125" />
  <node id="6853" visible="true" version="1" lat="47.46642303439" lon="19.15037903845" />
  <node id="6854" visible="true" version="1" lat="47.46642337277" lon="19.15038028191" />
  <node id="6855" visible="true" version="1" lat="47.46642372154" lon="19.1503815216" />
  <node id="6856" visible="true" version="1" lat="47.46642408071" lon="19.15038275753" />
  <node id="6857" visible="true" version="1" lat="47.46642445023" lon="19.15038398969" />
  <node id="6858" visible="true" version="1" lat="47.46642483002" lon="19.15038521814" />
  <node id="6859" visible="true" version="1" lat="47.46642521991" lon="19.15038644293" />
  <node id="6860" visible="true" version="1" lat="47.46642561968" lon="19.15038766413" />
  <node id="6861" visible="true" version="1" lat="47.46642602905" lon="19.15038888186" />
  <node id="6862" visible="true" version="1" lat="47.46642644765" lon="19.15039009624" />
  <node id="6863" visible="true" version="1" lat="47.46642687502" lon="19.15039130744" />
  <node id="6864" visible="true" version="1" lat="47.46642731063" lon="19.15039251566" />
  <node id="6865" visible="true" version="1" lat="47.46642775385" lon="19.15039372111" />
  <node id="6866" visible="true" version="1" lat="47.46642820394" lon="19.15039492408" />
  <node id="6867" visible="true" version="1" lat="47.46642866007" lon="19.15039612486" />
  <node id="6868" visible="true" version="1" lat="47.46642812853" lon="19.15039477468" />
  <node id="6869" visible="true" version="1" lat="47.46642858257" lon="19.1503959297" />
  <node id="6870" visible="true" version="1" lat="47.46642904219" lon="19.15039707862" />
  <node id="6871" visible="true" version="1" lat="47.46642950747" lon="19.15039822135" />
  <node id="6872" visible="true" version="1" lat="47.4664299785" lon="19.15039935781" />
  <node id="6873" visible="true" version="1" lat="47.46643045533" lon="19.15040048791" />
  <node id="6874" visible="true" version="1" lat="47.46643093805" lon="19.15040161158" />
  <node id="6875" visible="true" version="1" lat="47.46643142672" lon="19.15040272874" />
  <node id="6876" visible="true" version="1" lat="47.46643192142" lon="19.15040383932" />
  <node id="6877" visible="true" version="1" lat="47.46643242221" lon="19.15040494324" />
  <node id="6878" visible="true" version="1" lat="47.46643292913" lon="19.15040604045" />
  <node id="6879" visible="true" version="1" lat="47.46643344225" lon="19.15040713088" />
  <node id="6880" visible="true" version="1" lat="47.46643396161" lon="19.1504082145" />
  <node id="6881" visible="true" version="1" lat="47.46643448725" lon="19.15040929126" />
  <node id="6882" visible="true" version="1" lat="47.46643501919" lon="19.15041036112" />
  <node id="6883" visible="true" version="1" lat="47.46643555746" lon="19.15041142407" />
  <node id="6884" visible="true" version="1" lat="47.46643610206" lon="19.15041248008" />
  <node id="6885" visible="true" version="1" lat="47.46643665301" lon="19.15041352917" />
  <node id="6886" visible="true" version="1" lat="47.46643721028" lon="19.15041457134" />
  <node id="6887" visible="true" version="1" lat="47.46643777386" lon="19.15041560662" />
  <node id="6888" visible="true" version="1" lat="47.46643834372" lon="19.15041663504" />
  <node id="6889" visible="true" version="1" lat="47.46643891979" lon="19.15041765665" />
  <node id="6890" visible="true" version="1" lat="47.46643950203" lon="19.15041867153" />
  <node id="6891" visible="true" version="1" lat="47.46644009036" lon="19.15041967976" />
  <node id="6892" visible="true" version="1" lat="47.46644068467" lon="19.15042068144" />
  <node id="6893" visible="true" version="1" lat="47.46644128488" lon="19.15042167668" />
  <node id="6894" visible="true" version="1" lat="47.46644189084" lon="19.15042266563" />
  <node id="6895" visible="true" version="1" lat="47.46644250241" lon="19.15042364844" />
  <node id="6896" visible="true" version="1" lat="47.46644311944" lon="19.15042462529" />
  <node id="6897" visible="true" version="1" lat="47.46644374174" lon="19.15042559638" />
  <node id="6898" visible="true" version="1" lat="47.46644436911" lon="19.15042656193" />
  <node id="6899" visible="true" version="1" lat="47.46644500132" lon="19.15042752218" />
  <node id="6900" visible="true" version="1" lat="47.46644563814" lon="19.15042847739" />
  <node id="6901" visible="true" version="1" lat="47.46644627929" lon="19.15042942787" />
  <node id="6902" visible="true" version="1" lat="47.46644692449" lon="19.15043037392" />
  <node id="6903" visible="true" version="1" lat="47.46644757343" lon="19.1504313159" />
  <node id="6904" visible="true" version="1" lat="47.46644822575" lon="19.15043225416" />
  <node id="6905" visible="true" version="1" lat="47.46644888111" lon="19.1504331891" />
  <node id="6906" visible="true" version="1" lat="47.46644953912" lon="19.15043412116" />
  <node id="6907" visible="true" version="1" lat="47.46645019935" lon="19.15043505079" />
  <node id="6908" visible="true" version="1" lat="47.46645086136" lon="19.15043597846" />
  <node id="6909" visible="true" version="1" lat="47.46645152468" lon="19.15043690471" />
  <node id="6910" visible="true" version="1" lat="47.46645218881" lon="19.15043783007" />
  <node id="6911" visible="true" version="1" lat="47.46645285321" lon="19.15043875513" />
  <node id="6912" visible="true" version="1" lat="47.46645351733" lon="19.1504396805" />
  <node id="6913" visible="true" version="1" lat="47.46645418057" lon="19.15044060683" />
  <node id="6914" visible="true" version="1" lat="47.46645132709" lon="19.15043667078" />
  <node id="6915" visible="true" version="1" lat="47.46645197282" lon="19.15043759564" />
  <node id="6916" visible="true" version="1" lat="47.46645262614" lon="19.15043850813" />
  <node id="6917" visible="true" version="1" lat="47.46645328598" lon="19.15043940999" />
  <node id="6918" visible="true" version="1" lat="47.4664539514" lon="19.15044030273" />
  <node id="6919" visible="true" version="1" lat="47.46645462158" lon="19.15044118773" />
  <node id="6920" visible="true" version="1" lat="47.46645529578" lon="19.15044206615" />
  <node id="6921" visible="true" version="1" lat="47.46645597339" lon="19.15044293902" />
  <node id="6922" visible="true" version="1" lat="47.46645665386" lon="19.15044380723" />
  <node id="6923" visible="true" version="1" lat="47.46645733674" lon="19.1504446715" />
  <node id="6924" visible="true" version="1" lat="47.46645802166" lon="19.15044553243" />
  <node id="6925" visible="true" version="1" lat="47.46645870834" lon="19.15044639052" />
  <node id="6926" visible="true" version="1" lat="47.46645939654" lon="19.15044724612" />
  <node id="6927" visible="true" version="1" lat="47.46646008609" lon="19.1504480995" />
  <node id="6928" visible="true" version="1" lat="47.46646077691" lon="19.15044895083" />
  <node id="6929" visible="true" version="1" lat="47.46646146892" lon="19.15044980021" />
  <node id="6930" visible="true" version="1" lat="47.46646216212" lon="19.15045064764" />
  <node id="6931" visible="true" version="1" lat="47.46646285655" lon="19.15045149308" />
  <node id="6932" visible="true" version="1" lat="47.46646355227" lon="19.15045233641" />
  <node id="6933" visible="true" version="1" lat="47.46646424938" lon="19.15045317747" />
  <node id="6934" visible="true" version="1" lat="47.46646494799" lon="19.15045401609" />
  <node id="6935" visible="true" version="1" lat="47.46646564823" lon="19.15045485204" />
  <node id="6936" visible="true" version="1" lat="47.46646635026" lon="19.15045568508" />
  <node id="6937" visible="true" version="1" lat="47.46646705423" lon="19.15045651497" />
  <node id="6938" visible="true" version="1" lat="47.46646776027" lon="19.15045734145" />
  <node id="6939" visible="true" version="1" lat="47.46646846855" lon="19.15045816431" />
  <node id="6940" visible="true" version="1" lat="47.46646917918" lon="19.15045898331" />
  <node id="6941" visible="true" version="1" lat="47.46646989229" lon="19.15045979827" />
  <node id="6942" visible="true" version="1" lat="47.46647060797" lon="19.15046060905" />
  <node id="6943" visible="true" version="1" lat="47.46647132628" lon="19.15046141555" />
  <node id="6944" visible="true" version="1" lat="47.46647204723" lon="19.15046221771" />
  <node id="6945" visible="true" version="1" lat="47.46647277083" lon="19.15046301557" />
  <node id="6946" visible="true" version="1" lat="47.46647349701" lon="19.15046380922" />
  <node id="6947" visible="true" version="1" lat="47.46647422566" lon="19.15046459885" />
  <node id="6948" visible="true" version="1" lat="47.4664749566" lon="19.15046538473" />
  <node id="6949" visible="true" version="1" lat="47.4664756896" lon="19.15046616726" />
  <node id="6950" visible="true" version="1" lat="47.46647642435" lon="19.15046694692" />
  <node id="6951" visible="true" version="1" lat="47.46647716048" lon="19.15046772435" />
  <node id="6952" visible="true" version="1" lat="47.46647789751" lon="19.15046850028" />
  <node id="6953" visible="true" version="1" lat="47.46647863491" lon="19.15046927563" />
  <node id="6954" visible="true" version="1" lat="47.46647937204" lon="19.15047005143" />
  <node id="6955" visible="true" version="1" lat="47.46648010814" lon="19.1504708289" />
  <node id="6956" visible="true" version="1" lat="47.46648084237" lon="19.15047160941" />
  <node id="6957" visible="true" version="1" lat="47.46648111048" lon="19.15047187571" />
  <node id="6958" visible="true" version="1" lat="47.46648185617" lon="19.15047261778" />
  <node id="6959" visible="true" version="1" lat="47.46648260152" lon="19.15047336057" />
  <node id="6960" visible="true" version="1" lat="47.4664833469" lon="19.15047410333" />
  <node id="6961" visible="true" version="1" lat="47.46648409259" lon="19.15047484538" />
  <node id="6962" visible="true" version="1" lat="47.46648483888" lon="19.15047558615" />
  <node id="6963" visible="true" version="1" lat="47.466485586" lon="19.15047632512" />
  <node id="6964" visible="true" version="1" lat="47.46648633412" lon="19.15047706189" />
  <node id="6965" visible="true" version="1" lat="47.46648708342" lon="19.1504777961" />
  <node id="6966" visible="true" version="1" lat="47.46648783403" lon="19.15047852748" />
  <node id="6967" visible="true" version="1" lat="47.46648858604" lon="19.1504792558" />
  <node id="6968" visible="true" version="1" lat="47.46648933953" lon="19.15047998091" />
  <node id="6969" visible="true" version="1" lat="47.46649009455" lon="19.15048070269" />
  <node id="6970" visible="true" version="1" lat="47.46649085113" lon="19.15048142107" />
  <node id="6971" visible="true" version="1" lat="47.46649160928" lon="19.15048213604" />
  <node id="6972" visible="true" version="1" lat="47.46649236899" lon="19.15048284761" />
  <node id="6973" visible="true" version="1" lat="47.46649313025" lon="19.15048355582" />
  <node id="6974" visible="true" version="1" lat="47.46649389303" lon="19.15048426073" />
  <node id="6975" visible="true" version="1" lat="47.46649465728" lon="19.15048496243" />
  <node id="6976" visible="true" version="1" lat="47.46649542296" lon="19.15048566102" />
  <node id="6977" visible="true" version="1" lat="47.46649619002" lon="19.15048635662" />
  <node id="6978" visible="true" version="1" lat="47.46649695841" lon="19.15048704933" />
  <node id="6979" visible="true" version="1" lat="47.46649772807" lon="19.15048773926" />
  <node id="6980" visible="true" version="1" lat="47.46649849897" lon="19.15048842651" />
  <node id="6981" visible="true" version="1" lat="47.46649927105" lon="19.15048911119" />
  <node id="6982" visible="true" version="1" lat="47.46650004428" lon="19.15048979335" />
  <node id="6983" visible="true" version="1" lat="47.46650081865" lon="19.15049047306" />
  <node id="6984" visible="true" version="1" lat="47.46650159414" lon="19.15049115032" />
  <node id="6985" visible="true" version="1" lat="47.46650237075" lon="19.15049182513" />
  <node id="6986" visible="true" version="1" lat="47.46650314852" lon="19.15049249744" />
  <node id="6987" visible="true" version="1" lat="47.46650392748" lon="19.15049316715" />
  <node id="6988" visible="true" version="1" lat="47.46650470771" lon="19.15049383411" />
  <node id="6989" visible="true" version="1" lat="47.46650548929" lon="19.15049449812" />
  <node id="6990" visible="true" version="1" lat="47.46650627235" lon="19.15049515892" />
  <node id="6991" visible="true" version="1" lat="47.46650705703" lon="19.15049581619" />
  <node id="6992" visible="true" version="1" lat="47.46650784353" lon="19.15049646951" />
  <node id="6993" visible="true" version="1" lat="47.46650863206" lon="19.15049711842" />
  <node id="6994" visible="true" version="1" lat="47.46650942287" lon="19.15049776236" />
  <node id="6995" visible="true" version="1" lat="47.46651021626" lon="19.15049840069" />
  <node id="6996" visible="true" version="1" lat="47.46651101258" lon="19.15049903266" />
  <node id="6997" visible="true" version="1" lat="47.4665118122" lon="19.15049965745" />
  <node id="6998" visible="true" version="1" lat="47.4665095926" lon="19.15049780009" />
  <node id="6999" visible="true" version="1" lat="47.46651037762" lon="19.15049845662" />
  <node id="7000" visible="true" version="1" lat="47.46651116244" lon="19.1504991136" />
  <node id="7001" visible="true" version="1" lat="47.4665119473" lon="19.15049977048" />
  <node id="7002" visible="true" version="1" lat="47.46651273243" lon="19.15050042677" />
  <node id="7003" visible="true" version="1" lat="47.46651351803" lon="19.15050108206" />
  <node id="7004" visible="true" version="1" lat="47.46651430424" lon="19.15050173601" />
  <node id="7005" visible="true" version="1" lat="47.4665150912" lon="19.15050238832" />
  <node id="7006" visible="true" version="1" lat="47.46651587901" lon="19.15050303878" />
  <node id="7007" visible="true" version="1" lat="47.46651666776" lon="19.1505036872" />
  <node id="7008" visible="true" version="1" lat="47.4665174575" lon="19.15050433348" />
  <node id="7009" visible="true" version="1" lat="47.46651824826" lon="19.15050497754" />
  <node id="7010" visible="true" version="1" lat="47.46651904005" lon="19.15050561934" />
  <node id="7011" visible="true" version="1" lat="47.46651983287" lon="19.15050625891" />
  <node id="7012" visible="true" version="1" lat="47.46652062671" lon="19.15050689628" />
  <node id="7013" visible="true" version="1" lat="47.46652142151" lon="19.15050753153" />
  <node id="7014" visible="true" version="1" lat="47.46652221724" lon="19.15050816478" />
  <node id="7015" visible="true" version="1" lat="47.46652301383" lon="19.15050879615" />
  <node id="7016" visible="true" version="1" lat="47.46652381121" lon="19.15050942581" />
  <node id="7017" visible="true" version="1" lat="47.4665246093" lon="19.15051005391" />
  <node id="7018" visible="true" version="1" lat="47.46652540802" lon="19.15051068066" />
  <node id="7019" visible="true" version="1" lat="47.46652620728" lon="19.15051130623" />
  <node id="7020" visible="true" version="1" lat="47.46652700698" lon="19.15051193085" />
  <node id="7021" visible="true" version="1" lat="47.46652780702" lon="19.1505125547" />
  <node id="7022" visible="true" version="1" lat="47.46652860733" lon="19.150513178" />
  <node id="7023" visible="true" version="1" lat="47.46652940779" lon="19.15051380095" />
  <node id="7024" visible="true" version="1" lat="47.46653020833" lon="19.15051442372" />
  <node id="7025" visible="true" version="1" lat="47.46653100887" lon="19.15051504652" />
  <node id="7026" visible="true" version="1" lat="47.46653180933" lon="19.15051566948" />
  <node id="7027" visible="true" version="1" lat="47.46653260963" lon="19.15051629277" />
  <node id="7028" visible="true" version="1" lat="47.46653340974" lon="19.15051691649" />
  <node id="7029" visible="true" version="1" lat="47.4665342096" lon="19.15051754075" />
  <node id="7030" visible="true" version="1" lat="47.4665350092" lon="19.1505181656" />
  <node id="7031" visible="true" version="1" lat="47.4665358085" lon="19.15051879107" />
  <node id="7032" visible="true" version="1" lat="47.46653660753" lon="19.15051941714" />
  <node id="7033" visible="true" version="1" lat="47.4665374063" lon="19.15052004377" />
  <node id="7034" visible="true" version="1" lat="47.46653820486" lon="19.15052067086" />
  <node id="7035" visible="true" version="1" lat="47.46653900328" lon="19.15052129826" />
  <node id="7036" visible="true" version="1" lat="47.46653980165" lon="19.15052192577" />
  <node id="7037" visible="true" version="1" lat="47.46654060008" lon="19.15052255312" />
  <node id="7038" visible="true" version="1" lat="47.46654139874" lon="19.15052318" />
  <node id="7039" visible="true" version="1" lat="47.46654219779" lon="19.15052380603" />
  <node id="7040" visible="true" version="1" lat="47.46654299743" lon="19.15052443076" />
  <node id="7041" visible="true" version="1" lat="47.46654379792" lon="19.15052505366" />
  <node id="7042" visible="true" version="1" lat="47.46654459952" lon="19.15052567413" />
  <node id="7043" visible="true" version="1" lat="47.46654203749" lon="19.1505238374" />
  <node id="7044" visible="true" version="1" lat="47.46654286151" lon="19.15052440912" />
  <node id="7045" visible="true" version="1" lat="47.46654367894" lon="19.15052499518" />
  <node id="7046" visible="true" version="1" lat="47.46654449091" lon="19.1505255931" />
  <node id="7047" visible="true" version="1" lat="47.46654529844" lon="19.15052620068" />
  <node id="7048" visible="true" version="1" lat="47.46654610244" lon="19.15052681593" />
  <node id="7049" visible="true" version="1" lat="47.46654690373" lon="19.15052743709" />
  <node id="7050" visible="true" version="1" lat="47.466547703" lon="19.15052806263" />
  <node id="7051" visible="true" version="1" lat="47.46654850088" lon="19.1505286912" />
  <node id="7052" visible="true" version="1" lat="47.4665492979" lon="19.15052932163" />
  <node id="7053" visible="true" version="1" lat="47.46655009451" lon="19.15052995297" />
  <node id="7054" visible="true" version="1" lat="47.46655089108" lon="19.15053058439" />
  <node id="7055" visible="true" version="1" lat="47.46655168791" lon="19.15053121524" />
  <node id="7056" visible="true" version="1" lat="47.46655248523" lon="19.15053184502" />
  <node id="7057" visible="true" version="1" lat="47.46655328323" lon="19.15053247334" />
  <node id="7058" visible="true" version="1" lat="47.466554082" lon="19.15053309996" />
  <node id="7059" visible="true" version="1" lat="47.46655488163" lon="19.15053372473" />
  <node id="7060" visible="true" version="1" lat="47.46655568213" lon="19.1505343476" />
  <node id="7061" visible="true" version="1" lat="47.46655648348" lon="19.15053496863" />
  <node id="7062" visible="true" version="1" lat="47.46655728562" lon="19.15053558792" />
  <node id="7063" visible="true" version="1" lat="47.46655808848" lon="19.15053620567" />
  <node id="7064" visible="true" version="1" lat="47.46655889193" lon="19.15053682212" />
  <node id="7065" visible="true" version="1" lat="47.46655969586" lon="19.15053743754" />
  <node id="7066" visible="true" version="1" lat="47.4665605001" lon="19.15053805226" />
  <node id="7067" visible="true" version="1" lat="47.46656130452" lon="19.15053866661" />
  <node id="7068" visible="true" version="1" lat="47.46656210896" lon="19.15053928093" />
  <node id="7069" visible="true" version="1" lat="47.46656291324" lon="19.15053989556" />
  <node id="7070" visible="true" version="1" lat="47.46656371724" lon="19.15054051083" />
  <node id="7071" visible="true" version="1" lat="47.4665645208" lon="19.15054112705" />
  <node id="7072" visible="true" version="1" lat="47.4665653238" lon="19.15054174448" />
  <node id="7073" visible="true" version="1" lat="47.46656612614" lon="19.15054236335" />
  <node id="7074" visible="true" version="1" lat="47.46656692775" lon="19.1505429838" />
  <node id="7075" visible="true" version="1" lat="47.46656772859" lon="19.15054360593" />
  <node id="7076" visible="true" version="1" lat="47.46656852865" lon="19.15054422976" />
  <node id="7077" visible="true" version="1" lat="47.46656932797" lon="19.1505448552" />
  <node id="7078" visible="true" version="1" lat="47.46657012664" lon="19.15054548206" />
  <node id="7079" visible="true" version="1" lat="47.46657092479" lon="19.15054611003" />
  <node id="7080" visible="true" version="1" lat="47.46657172262" lon="19.1505467387" />
  <node id="7081" visible="true" version="1" lat="47.4665725204" lon="19.1505473675" />
  <node id="7082" visible="true" version="1" lat="47.46657331845" lon="19.1505479957" />
  <node id="7083" visible="true" version="1" lat="47.46657411717" lon="19.15054862244" />
  <node id="7084" visible="true" version="1" lat="47.46657491705" lon="19.15054924666" />
  <node id="7085" visible="true" version="1" lat="47.46657571865" lon="19.15054986714" />
  <node id="7086" visible="true" version="1" lat="47.46657652262" lon="19.15055048245" />
  <node id="7087" visible="true" version="1" lat="47.46657732972" lon="19.15055109097" />
  <node id="7088" visible="true" version="1" lat="47.4665781408" lon="19.15055169084" />
  <node id="7089" visible="true" version="1" lat="47.46657623963" lon="19.15055031237" />
  <node id="7090" visible="true" version="1" lat="47.46657705132" lon="19.15055089208" />
  <node id="7091" visible="true" version="1" lat="47.46657785895" lon="19.15055148219" />
  <node id="7092" visible="true" version="1" lat="47.46657866325" lon="19.15055208084" />
  <node id="7093" visible="true" version="1" lat="47.46657946488" lon="19.15055268635" />
  <node id="7094" visible="true" version="1" lat="47.4665802644" lon="19.15055329724" />
  <node id="7095" visible="true" version="1" lat="47.46658106234" lon="19.15055391218" />
  <node id="7096" visible="true" version="1" lat="47.46658185915" lon="19.15055453003" />
  <node id="7097" visible="true" version="1" lat="47.46658265522" lon="19.15055514979" />
  <node id="7098" visible="true" version="1" lat="47.46658345087" lon="19.1505557706" />
  <node id="7099" visible="true" version="1" lat="47.46658424639" lon="19.15055639176" />
  <node id="7100" visible="true" version="1" lat="47.466585042" lon="19.15055701268" />
  <node id="7101" visible="true" version="1" lat="47.46658583788" lon="19.1505576329" />
  <node id="7102" visible="true" version="1" lat="47.46658663418" lon="19.15055825206" />
  <node id="7103" visible="true" version="1" lat="47.46658743098" lon="19.15055886993" />
  <node id="7104" visible="true" version="1" lat="47.46658822835" lon="19.15055948634" />
  <node id="7105" visible="true" version="1" lat="47.46658902632" lon="19.15056010123" />
  <node id="7106" visible="true" version="1" lat="47.46658982487" lon="19.15056071459" />
  <node id="7107" visible="true" version="1" lat="47.466590624" lon="19.15056132651" />
  <node id="7108" visible="true" version="1" lat="47.46659142363" lon="19.15056193712" />
  <node id="7109" visible="true" version="1" lat="47.46659222371" lon="19.15056254658" />
  <node id="7110" visible="true" version="1" lat="47.46659302415" lon="19.15056315513" />
  <node id="7111" visible="true" version="1" lat="47.46659382485" lon="19.15056376303" />
  <node id="7112" visible="true" version="1" lat="47.46659462569" lon="19.15056437053" />
  <node id="7113" visible="true" version="1" lat="47.46659542657" lon="19.15056497794" />
  <node id="7114" visible="true" version="1" lat="47.46659622738" lon="19.15056558556" />
  <node id="7115" visible="true" version="1" lat="47.46659702799" lon="19.15056619366" />
  <node id="7116" visible="true" version="1" lat="47.4665978283" lon="19.15056680254" />
  <node id="7117" visible="true" version="1" lat="47.46659862821" lon="19.15056741245" />
  <node id="7118" visible="true" version="1" lat="47.46659942762" lon="19.15056802361" />
  <node id="7119" visible="true" version="1" lat="47.46660022648" lon="19.15056863623" />
  <node id="7120" visible="true" version="1" lat="47.46660102471" lon="19.15056925043" />
  <node id="7121" visible="true" version="1" lat="47.46660182229" lon="19.1505698663" />
  <node id="7122" visible="true" version="1" lat="47.46660261921" lon="19.15057048387" />
  <node id="7123" visible="true" version="1" lat="47.46660341549" lon="19.15057110308" />
  <node id="7124" visible="true" version="1" lat="47.46660421118" lon="19.15057172378" />
  <node id="7125" visible="true" version="1" lat="47.46660500638" lon="19.15057234576" />
  <node id="7126" visible="true" version="1" lat="47.46660580121" lon="19.15057296867" />
  <node id="7127" visible="true" version="1" lat="47.46660659585" lon="19.15057359208" />
  <node id="7128" visible="true" version="1" lat="47.46660739052" lon="19.15057421542" />
  <node id="7129" visible="true" version="1" lat="47.46660818547" lon="19.15057483802" />
  <node id="7130" visible="true" version="1" lat="47.46660898105" lon="19.15057545904" />
  <node id="7131" visible="true" version="1" lat="47.46660977761" lon="19.15057607752" />
  <node id="7132" visible="true" version="1" lat="47.4666105756" lon="19.15057669234" />
  <node id="7133" visible="true" version="1" lat="47.46661137552" lon="19.15057730222" />
  <node id="7134" visible="true" version="1" lat="47.46661217794" lon="19.15057790568" />
  <node id="7135" visible="true" version="1" lat="47.46660923751" lon="19.15057571777" />
  <node id="7136" visible="true" version="1" lat="47.46661004448" lon="19.15057630957" />
  <node id="7137" visible="true" version="1" lat="47.46661084931" lon="19.15057690689" />
  <node id="7138" visible="true" version="1" lat="47.46661165231" lon="19.15057750886" />
  <node id="7139" visible="true" version="1" lat="47.4666124538" lon="19.15057811472" />
  <node id="7140" visible="true" version="1" lat="47.46661325403" lon="19.15057872378" />
  <node id="7141" visible="true" version="1" lat="47.46661405326" lon="19.15057933544" />
  <node id="7142" visible="true" version="1" lat="47.46661485169" lon="19.15057994914" />
  <node id="7143" visible="true" version="1" lat="47.4666156495" lon="19.15058056442" />
  <node id="7144" visible="true" version="1" lat="47.46661644685" lon="19.15058118087" />
  <node id="7145" visible="true" version="1" lat="47.46661724389" lon="19.15058179814" />
  <node id="7146" visible="true" version="1" lat="47.46661804072" lon="19.15058241595" />
  <node id="7147" visible="true" version="1" lat="47.46661883743" lon="19.15058303404" />
  <node id="7148" visible="true" version="1" lat="47.4666196341" lon="19.15058365224" />
  <node id="7149" visible="true" version="1" lat="47.46662043079" lon="19.1505842704" />
  <node id="7150" visible="true" version="1" lat="47.46662122753" lon="19.15058488842" />
  <node id="7151" visible="true" version="1" lat="47.46662202436" lon="19.15058550623" />
  <node id="7152" visible="true" version="1" lat="47.46662282128" lon="19.1505861238" />
  <node id="7153" visible="true" version="1" lat="47.46662361829" lon="19.15058674113" />
  <node id="7154" visible="true" version="1" lat="47.46662441538" lon="19.15058735824" />
  <node id="7155" visible="true" version="1" lat="47.46662521254" lon="19.15058797519" />
  <node id="7156" visible="true" version="1" lat="47.46662600975" lon="19.15058859203" />
  <node id="7157" visible="true" version="1" lat="47.46662680696" lon="19.15058920885" />
  <node id="7158" visible="true" version="1" lat="47.46662760415" lon="19.15058982573" />
  <node id="7159" visible="true" version="1" lat="47.46662840127" lon="19.15059044277" />
  <node id="7160" visible="true" version="1" lat="47.4666291983" lon="19.15059106007" />
  <node id="7161" visible="true" version="1" lat="47.46662999518" lon="19.15059167772" />
  <node id="7162" visible="true" version="1" lat="47.46663079189" lon="19.15059229582" />
  <node id="7163" visible="true" version="1" lat="47.46663158839" lon="19.15059291445" />
  <node id="7164" visible="true" version="1" lat="47.46663238466" lon="19.15059353369" />
  <node id="7165" visible="true" version="1" lat="47.46663318067" lon="19.15059415359" />
  <node id="7166" visible="true" version="1" lat="47.46663397641" lon="19.15059477418" />
  <node id="7167" visible="true" version="1" lat="47.46663477187" lon="19.15059539548" />
  <node id="7168" visible="true" version="1" lat="47.46663556707" lon="19.15059601747" />
  <node id="7169" visible="true" version="1" lat="47.46663636202" lon="19.15059664009" />
  <node id="7170" visible="true" version="1" lat="47.46663715675" lon="19.15059726326" />
  <node id="7171" visible="true" version="1" lat="47.46663795131" lon="19.15059788686" />
  <node id="7172" visible="true" version="1" lat="47.46663874577" lon="19.15059851073" />
  <node id="7173" visible="true" version="1" lat="47.46663954022" lon="19.15059913463" />
  <node id="7174" visible="true" version="1" lat="47.46664033475" lon="19.15059975832" />
  <node id="7175" visible="true" version="1" lat="47.46664112949" lon="19.15060038146" />
  <node id="7176" visible="true" version="1" lat="47.4666419246" lon="19.15060100368" />
  <node id="7177" visible="true" version="1" lat="47.46664272024" lon="19.15060162453" />
  <node id="7178" visible="true" version="1" lat="47.4666435166" lon="19.15060224351" />
  <node id="7179" visible="true" version="1" lat="47.46664431393" lon="19.15060286003" />
  <node id="7180" visible="true" version="1" lat="47.46664511247" lon="19.15060347344" />
  <node id="7181" visible="true" version="1" lat="47.46664535914" lon="19.15060366232" />
  <node id="7182" visible="true" version="1" lat="47.46664615739" lon="19.15060427646" />
  <node id="7183" visible="true" version="1" lat="47.4666469545" lon="19.15060489354" />
  <node id="7184" visible="true" version="1" lat="47.46664775069" lon="19.15060551299" />
  <node id="7185" visible="true" version="1" lat="47.46664854614" lon="19.15060613433" />
  <node id="7186" visible="true" version="1" lat="47.46664934102" lon="19.15060675711" />
  <node id="7187" visible="true" version="1" lat="47.46665013549" lon="19.15060738095" />
  <node id="7188" visible="true" version="1" lat="47.46665092968" lon="19.15060800551" />
  <node id="7189" visible="true" version="1" lat="47.4666517237" lon="19.15060863051" />
  <node id="7190" visible="true" version="1" lat="47.46665251764" lon="19.1506092557" />
  <node id="7191" visible="true" version="1" lat="47.46665331159" lon="19.1506098809" />
  <node id="7192" visible="true" version="1" lat="47.46665410559" lon="19.15061050594" />
  <node id="7193" visible="true" version="1" lat="47.4666548997" lon="19.1506111307" />
  <node id="7194" visible="true" version="1" lat="47.46665569396" lon="19.15061175509" />
  <node id="7195" visible="true" version="1" lat="47.46665648838" lon="19.15061237905" />
  <node id="7196" visible="true" version="1" lat="47.46665728298" lon="19.15061300256" />
  <node id="7197" visible="true" version="1" lat="47.46665807777" lon="19.1506136256" />
  <node id="7198" visible="true" version="1" lat="47.46665887272" lon="19.1506142482" />
  <node id="7199" visible="true" version="1" lat="47.46665966783" lon="19.1506148704" />
  <node id="7200" visible="true" version="1" lat="47.46666046309" lon="19.15061549224" />
  <node id="7201" visible="true" version="1" lat="47.46666125845" lon="19.15061611378" />
  <node id="7202" visible="true" version="1" lat="47.4666620539" lon="19.15061673511" />
  <node id="7203" visible="true" version="1" lat="47.46666284941" lon="19.15061735631" />
  <node id="7204" visible="true" version="1" lat="47.46666364493" lon="19.15061797747" />
  <node id="7205" visible="true" version="1" lat="47.46666444043" lon="19.15061859866" />
  <node id="7206" visible="true" version="1" lat="47.46666523588" lon="19.15061921999" />
  <node id="7207" visible="true" version="1" lat="47.46666603125" lon="19.15061984152" />
  <node id="7208" visible="true" version="1" lat="47.46666682651" lon="19.15062046335" />
  <node id="7209" visible="true" version="1" lat="47.46666762163" lon="19.15062108553" />
  <node id="7210" visible="true" version="1" lat="47.46666841659" lon="19.15062170811" />
  <node id="7211" visible="true" version="1" lat="47.46666921138" lon="19.15062233114" />
  <node id="7212" visible="true" version="1" lat="47.46667000599" lon="19.15062295462" />
  <node id="7213" visible="true" version="1" lat="47.46667080043" lon="19.15062357856" />
  <node id="7214" visible="true" version="1" lat="47.46667159469" lon="19.15062420291" />
  <node id="7215" visible="true" version="1" lat="47.46667238882" lon="19.15062482763" />
  <node id="7216" visible="true" version="1" lat="47.46667318284" lon="19.15062545263" />
  <node id="7217" visible="true" version="1" lat="47.4666739768" lon="19.15062607778" />
  <node id="7218" visible="true" version="1" lat="47.46667477076" lon="19.15062670293" />
  <node id="7219" visible="true" version="1" lat="47.4666755648" lon="19.15062732788" />
  <node id="7220" visible="true" version="1" lat="47.46667635902" lon="19.15062795238" />
  <node id="7221" visible="true" version="1" lat="47.46667715352" lon="19.15062857615" />
  <node id="7222" visible="true" version="1" lat="47.46667794843" lon="19.15062919885" />
  <node id="7223" visible="true" version="1" lat="47.46667874391" lon="19.15062982011" />
  <node id="7224" visible="true" version="1" lat="47.46667954013" lon="19.15063043947" />
  <node id="7225" visible="true" version="1" lat="47.46668033728" lon="19.15063105645" />
  <node id="7226" visible="true" version="1" lat="47.46668113557" lon="19.15063167049" />
  <node id="7227" visible="true" version="1" lat="47.46668193526" lon="19.15063228097" />
  <node id="7228" visible="true" version="1" lat="47.46668151486" lon="19.15063193863" />
  <node id="7229" visible="true" version="1" lat="47.46668230289" lon="19.15063257899" />
  <node id="7230" visible="true" version="1" lat="47.46668309249" lon="19.15063321532" />
  <node id="7231" visible="true" version="1" lat="47.46668388337" lon="19.15063384835" />
  <node id="7232" visible="true" version="1" lat="47.46668467529" lon="19.15063447872" />
  <node id="7233" visible="true" version="1" lat="47.46668546803" lon="19.15063510701" />
  <node id="7234" visible="true" version="1" lat="47.46668626138" lon="19.15063573373" />
  <node id="7235" visible="true" version="1" lat="47.46668705517" lon="19.15063635931" />
  <node id="7236" visible="true" version="1" lat="47.46668784926" lon="19.15063698411" />
  <node id="7237" visible="true" version="1" lat="47.46668864353" lon="19.15063760847" />
  <node id="7238" visible="true" version="1" lat="47.46668943788" lon="19.15063823265" />
  <node id="7239" visible="true" version="1" lat="47.46669023221" lon="19.15063885684" />
  <node id="7240" visible="true" version="1" lat="47.46669102647" lon="19.15063948122" />
  <node id="7241" visible="true" version="1" lat="47.46669182061" lon="19.15064010591" />
  <node id="7242" visible="true" version="1" lat="47.4666926146" lon="19.15064073099" />
  <node id="7243" visible="true" version="1" lat="47.46669340841" lon="19.15064135651" />
  <node id="7244" visible="true" version="1" lat="47.46669420205" lon="19.15064198248" />
  <node id="7245" visible="true" version="1" lat="47.46669499552" lon="19.15064260888" />
  <node id="7246" visible="true" version="1" lat="47.46669578884" lon="19.15064323569" />
  <node id="7247" visible="true" version="1" lat="47.46669658202" lon="19.15064386283" />
  <node id="7248" visible="true" version="1" lat="47.4666973751" lon="19.15064449025" />
  <node id="7249" visible="true" version="1" lat="47.4666981681" lon="19.15064511784" />
  <node id="7250" visible="true" version="1" lat="47.46669896108" lon="19.15064574552" />
  <node id="7251" visible="true" version="1" lat="47.46669975406" lon="19.15064637319" />
  <node id="7252" visible="true" version="1" lat="47.46670054708" lon="19.15064700074" />
  <node id="7253" visible="true" version="1" lat="47.46670134019" lon="19.15064762807" />
  <node id="7254" visible="true" version="1" lat="47.46670213341" lon="19.1506482551" />
  <node id="7255" visible="true" version="1" lat="47.46670292679" lon="19.15064888174" />
  <node id="7256" visible="true" version="1" lat="47.46670372035" lon="19.15064950792" />
  <node id="7257" visible="true" version="1" lat="47.46670451411" lon="19.1506501336" />
  <node id="7258" visible="true" version="1" lat="47.46670530807" lon="19.15065075874" />
  <node id="7259" visible="true" version="1" lat="47.46670610224" lon="19.15065138335" />
  <node id="7260" visible="true" version="1" lat="47.46670689661" lon="19.15065200745" />
  <node id="7261" visible="true" version="1" lat="47.46670769116" lon="19.1506526311" />
  <node id="7262" visible="true" version="1" lat="47.46670848584" lon="19.1506532544" />
  <node id="7263" visible="true" version="1" lat="47.4667092806" lon="19.15065387749" />
  <node id="7264" visible="true" version="1" lat="47.46671007538" lon="19.15065450055" />
  <node id="7265" visible="true" version="1" lat="47.46671087007" lon="19.15065512382" />
  <node id="7266" visible="true" version="1" lat="47.46671166458" lon="19.15065574757" />
  <node id="7267" visible="true" version="1" lat="47.46671245876" lon="19.15065637215" />
  <node id="7268" visible="true" version="1" lat="47.46671325247" lon="19.15065699796" />
  <node id="7269" visible="true" version="1" lat="47.46671404551" lon="19.15065762546" />
  <node id="7270" visible="true" version="1" lat="47.46671483768" lon="19.15065825519" />
  <node id="7271" visible="true" version="1" lat="47.46671562875" lon="19.15065888775" />
  <node id="7272" visible="true" version="1" lat="47.46671641845" lon="19.15065952382" />
  <node id="7273" visible="true" version="1" lat="47.46671720649" lon="19.15066016415" />
  <node id="7274" visible="true" version="1" lat="47.46671576231" lon="19.15065907041" />
  <node id="7275" visible="true" version="1" lat="47.46671656599" lon="19.15065967775" />
  <node id="7276" visible="true" version="1" lat="47.4667173686" lon="19.15066028759" />
  <node id="7277" visible="true" version="1" lat="47.4667181702" lon="19.15066089982" />
  <node id="7278" visible="true" version="1" lat="47.46671897082" lon="19.1506615143" />
  <node id="7279" visible="true" version="1" lat="47.46671977055" lon="19.15066213092" />
  <node id="7280" visible="true" version="1" lat="47.46672056942" lon="19.15066274954" />
  <node id="7281" visible="true" version="1" lat="47.4667213675" lon="19.15066337001" />
  <node id="7282" visible="true" version="1" lat="47.46672216484" lon="19.1506639922" />
  <node id="7283" visible="true" version="1" lat="47.46672296152" lon="19.15066461595" />
  <node id="7284" visible="true" version="1" lat="47.46672375759" lon="19.15066524114" />
  <node id="7285" visible="true" version="1" lat="47.46672455312" lon="19.15066586759" />
  <node id="7286" visible="true" version="1" lat="47.46672534817" lon="19.15066649518" />
  <node id="7287" visible="true" version="1" lat="47.46672614279" lon="19.15066712375" />
  <node id="7288" visible="true" version="1" lat="47.46672693707" lon="19.15066775315" />
  <node id="7289" visible="true" version="1" lat="47.46672773105" lon="19.15066838324" />
  <node id="7290" visible="true" version="1" lat="47.4667285248" lon="19.15066901387" />
  <node id="7291" visible="true" version="1" lat="47.46672931837" lon="19.1506696449" />
  <node id="7292" visible="true" version="1" lat="47.46673011184" lon="19.1506702762" />
  <node id="7293" visible="true" version="1" lat="47.46673090524" lon="19.15067090763" />
  <node id="7294" visible="true" version="1" lat="47.46673169865" lon="19.15067153906" />
  <node id="7295" visible="true" version="1" lat="47.46673249211" lon="19.15067217036" />
  <node id="7296" visible="true" version="1" lat="47.46673328568" lon="19.15067280143" />
  <node id="7297" visible="true" version="1" lat="47.46673407939" lon="19.15067343214" />
  <node id="7298" visible="true" version="1" lat="47.4667348733" lon="19.1506740624" />
  <node id="7299" visible="true" version="1" lat="47.46673566744" lon="19.1506746921" />
  <node id="7300" visible="true" version="1" lat="47.46673646186" lon="19.15067532116" />
  <node id="7301" visible="true" version="1" lat="47.46673725658" lon="19.1506759495" />
  <node id="7302" visible="true" version="1" lat="47.46673805165" lon="19.15067657705" />
  <node id="7303" visible="true" version="1" lat="47.46673884707" lon="19.15067720376" />
  <node id="7304" visible="true" version="1" lat="47.46673964287" lon="19.15067782957" />
  <node id="7305" visible="true" version="1" lat="47.46674043907" lon="19.15067845445" />
  <node id="7306" visible="true" version="1" lat="47.46674123568" lon="19.15067907837" />
  <node id="7307" visible="true" version="1" lat="47.4667420327" lon="19.15067970133" />
  <node id="7308" visible="true" version="1" lat="47.46674283012" lon="19.15068032333" />
  <node id="7309" visible="true" version="1" lat="47.46674362795" lon="19.15068094439" />
  <node id="7310" visible="true" version="1" lat="47.46674442617" lon="19.15068156453" />
  <node id="7311" visible="true" version="1" lat="47.46674522476" lon="19.15068218382" />
  <node id="7312" visible="true" version="1" lat="47.46674602368" lon="19.15068280231" />
  <node id="7313" visible="true" version="1" lat="47.46674682291" lon="19.15068342008" />
  <node id="7314" visible="true" version="1" lat="47.4667476224" lon="19.15068403723" />
  <node id="7315" visible="true" version="1" lat="47.46674842211" lon="19.15068465389" />
  <node id="7316" visible="true" version="1" lat="47.46674922197" lon="19.15068527019" />
  <node id="7317" visible="true" version="1" lat="47.46675002191" lon="19.15068588628" />
  <node id="7318" visible="true" version="1" lat="47.46675082187" lon="19.15068650234" />
  <node id="7319" visible="true" version="1" lat="47.46675162176" lon="19.15068711856" />
  <node id="7320" visible="true" version="1" lat="47.46675242149" lon="19.15068773517" />
  <node id="7321" visible="true" version="1" lat="47.46675171093" lon="19.15068715766" />
  <node id="7322" visible="true" version="1" lat="47.46675250015" lon="19.15068779861" />
  <node id="7323" visible="true" version="1" lat="47.46675329232" lon="19.1506884326" />
  <node id="7324" visible="true" version="1" lat="47.46675408692" lon="19.15068906087" />
  <node id="7325" visible="true" version="1" lat="47.46675488349" lon="19.1506896845" />
  <node id="7326" visible="true" version="1" lat="47.46675568162" lon="19.15069030444" />
  <node id="7327" visible="true" version="1" lat="47.46675648098" lon="19.15069092149" />
  <node id="7328" visible="true" version="1" lat="47.46675728128" lon="19.15069153632" />
  <node id="7329" visible="true" version="1" lat="47.46675808229" lon="19.15069214949" />
  <node id="7330" visible="true" version="1" lat="47.46675888381" lon="19.15069276145" />
  <node id="7331" visible="true" version="1" lat="47.4667596857" lon="19.15069337253" />
  <node id="7332" visible="true" version="1" lat="47.46676048786" lon="19.15069398297" />
  <node id="7333" visible="true" version="1" lat="47.46676129023" lon="19.15069459293" />
  <node id="7334" visible="true" version="1" lat="47.46676209278" lon="19.15069520247" />
  <node id="7335" visible="true" version="1" lat="47.4667628955" lon="19.15069581159" />
  <node id="7336" visible="true" version="1" lat="47.46676369843" lon="19.15069642022" />
  <node id="7337" visible="true" version="1" lat="47.46676450162" lon="19.15069702823" />
  <node id="7338" visible="true" version="1" lat="47.46676530515" lon="19.15069763546" />
  <node id="7339" visible="true" version="1" lat="47.46676610911" lon="19.15069824167" />
  <node id="7340" visible="true" version="1" lat="47.4667669136" lon="19.15069884662" />
  <node id="7341" visible="true" version="1" lat="47.46676771875" lon="19.15069945003" />
  <node id="7342" visible="true" version="1" lat="47.46676852467" lon="19.1507000516" />
  <node id="7343" visible="true" version="1" lat="47.46676933151" lon="19.15070065102" />
  <node id="7344" visible="true" version="1" lat="47.4667701394" lon="19.15070124797" />
  <node id="7345" visible="true" version="1" lat="47.46677094845" lon="19.15070184217" />
  <node id="7346" visible="true" version="1" lat="47.46677175881" lon="19.1507024333" />
  <node id="7347" visible="true" version="1" lat="47.46677257057" lon="19.1507030211" />
  <node id="7348" visible="true" version="1" lat="47.46677338386" lon="19.15070360533" />
  <node id="7349" visible="true" version="1" lat="47.46677419874" lon="19.15070418578" />
  <node id="7350" visible="true" version="1" lat="47.46677501531" lon="19.15070476228" />
  <node id="7351" visible="true" version="1" lat="47.46677583359" lon="19.15070533473" />
  <node id="7352" visible="true" version="1" lat="47.46677665361" lon="19.15070590308" />
  <node id="7353" visible="true" version="1" lat="47.46677747536" lon="19.15070646734" />
  <node id="7354" visible="true" version="1" lat="47.46677829881" lon="19.15070702761" />
  <node id="7355" visible="true" version="1" lat="47.46677912387" lon="19.15070758407" />
  <node id="7356" visible="true" version="1" lat="47.46677995044" lon="19.15070813698" />
  <node id="7357" visible="true" version="1" lat="47.46678077835" lon="19.15070868672" />
  <node id="7358" visible="true" version="1" lat="47.46678160741" lon="19.15070923376" />
  <node id="7359" visible="true" version="1" lat="47.46678243737" lon="19.15070977869" />
  <node id="7360" visible="true" version="1" lat="47.46678326791" lon="19.15071032223" />
  <node id="7361" visible="true" version="1" lat="47.46678409869" lon="19.15071086522" />
  <node id="7362" visible="true" version="1" lat="47.46678492928" lon="19.15071140865" />
  <node id="7363" visible="true" version="1" lat="47.4667857592" lon="19.15071195365" />
  <node id="7364" visible="true" version="1" lat="47.46678658792" lon="19.15071250151" />
  <node id="7365" visible="true" version="1" lat="47.46678741481" lon="19.15071305366" />
  <node id="7366" visible="true" version="1" lat="47.46678823919" lon="19.15071361174" />
  <node id="7367" visible="true" version="1" lat="47.46678468793" lon="19.15071124365" />
  <node id="7368" visible="true" version="1" lat="47.46678550004" lon="19.1507118255" />
  <node id="7369" visible="true" version="1" lat="47.46678631828" lon="19.15071238383" />
  <node id="7370" visible="true" version="1" lat="47.46678714164" lon="19.15071292248" />
  <node id="7371" visible="true" version="1" lat="47.46678796925" lon="19.15071344485" />
  <node id="7372" visible="true" version="1" lat="47.46678880031" lon="19.15071395395" />
  <node id="7373" visible="true" version="1" lat="47.46678963415" lon="19.15071445243" />
  <node id="7374" visible="true" version="1" lat="47.46679047015" lon="19.15071494255" />
  <node id="7375" visible="true" version="1" lat="47.46679130783" lon="19.15071542629" />
  <node id="7376" visible="true" version="1" lat="47.46679214674" lon="19.15071590526" />
  <node id="7377" visible="true" version="1" lat="47.46679298654" lon="19.15071638082" />
  <node id="7378" visible="true" version="1" lat="47.46679382695" lon="19.15071685404" />
  <node id="7379" visible="true" version="1" lat="47.46679466776" lon="19.15071732574" />
  <node id="7380" visible="true" version="1" lat="47.46679550881" lon="19.1507177965" />
  <node id="7381" visible="true" version="1" lat="47.46679635" lon="19.15071826672" />
  <node id="7382" visible="true" version="1" lat="47.46679719129" lon="19.15071873657" />
  <node id="7383" visible="true" version="1" lat="47.46679803267" lon="19.15071920609" />
  <node id="7384" visible="true" version="1" lat="47.46679887417" lon="19.15071967513" />
  <node id="7385" visible="true" version="1" lat="47.46679971586" lon="19.15072014345" />
  <node id="7386" visible="true" version="1" lat="47.46680055783" lon="19.15072061067" />
  <node id="7387" visible="true" version="1" lat="47.46680140021" lon="19.15072107635" />
  <node id="7388" visible="true" version="1" lat="47.46680224312" lon="19.15072153997" />
  <node id="7389" visible="true" version="1" lat="47.46680308672" lon="19.15072200096" />
  <node id="7390" visible="true" version="1" lat="47.46680393115" lon="19.15072245873" />
  <node id="7391" visible="true" version="1" lat="47.46680477658" lon="19.15072291269" />
  <node id="7392" visible="true" version="1" lat="47.46680562316" lon="19.15072336225" />
  <node id="7393" visible="true" version="1" lat="47.46680647102" lon="19.15072380688" />
  <node id="7394" visible="true" version="1" lat="47.46680732029" lon="19.15072424607" />
  <node id="7395" visible="true" version="1" lat="47.46680817109" lon="19.15072467942" />
  <node id="7396" visible="true" version="1" lat="47.46680902349" lon="19.15072510662" />
  <node id="7397" visible="true" version="1" lat="47.46680987755" lon="19.15072552746" />
  <node id="7398" visible="true" version="1" lat="47.46681073328" lon="19.1507259419" />
  <node id="7399" visible="true" version="1" lat="47.46681159064" lon="19.15072635003" />
  <node id="7400" visible="true" version="1" lat="47.46681244958" lon="19.15072675213" />
  <node id="7401" visible="true" version="1" lat="47.46681330997" lon="19.15072714868" />
  <node id="7402" visible="true" version="1" lat="47.46681417162" lon="19.15072754038" />
  <node id="7403" visible="true" version="1" lat="47.46681503428" lon="19.15072792818" />
  <node id="7404" visible="true" version="1" lat="47.46681589765" lon="19.15072831328" />
  <node id="7405" visible="true" version="1" lat="47.46681676134" lon="19.15072869717" />
  <node id="7406" visible="true" version="1" lat="47.46681762487" lon="19.15072908162" />
  <node id="7407" visible="true" version="1" lat="47.46681848771" lon="19.15072946876" />
  <node id="7408" visible="true" version="1" lat="47.46681934921" lon="19.15072986105" />
  <node id="7409" visible="true" version="1" lat="47.46682020863" lon="19.15073026129" />
  <node id="7410" visible="true" version="1" lat="47.46682106515" lon="19.15073067269" />
  <node id="7411" visible="true" version="1" lat="47.46681897926" lon="19.150729839" />
  <node id="7412" visible="true" version="1" lat="47.46681984699" lon="19.15073018897" />
  <node id="7413" visible="true" version="1" lat="47.46682071549" lon="19.15073053474" />
  <node id="7414" visible="true" version="1" lat="47.46682158475" lon="19.15073087638" />
  <node id="7415" visible="true" version="1" lat="47.46682245477" lon="19.15073121393" />
  <node id="7416" visible="true" version="1" lat="47.46682332555" lon="19.15073154741" />
  <node id="7417" visible="true" version="1" lat="47.46682419708" lon="19.15073187682" />
  <node id="7418" visible="true" version="1" lat="47.46682506937" lon="19.15073220214" />
  <node id="7419" visible="true" version="1" lat="47.46682594243" lon="19.15073252332" />
  <node id="7420" visible="true" version="1" lat="47.46682681627" lon="19.15073284031" />
  <node id="7421" visible="true" version="1" lat="47.46682769089" lon="19.15073315304" />
  <node id="7422" visible="true" version="1" lat="47.46682856632" lon="19.15073346144" />
  <node id="7423" visible="true" version="1" lat="47.46682944256" lon="19.15073376542" />
  <node id="7424" visible="true" version="1" lat="47.46683031965" lon="19.15073406489" />
  <node id="7425" visible="true" version="1" lat="47.46683119758" lon="19.15073435975" />
  <node id="7426" visible="true" version="1" lat="47.46683207639" lon="19.15073464991" />
  <node id="7427" visible="true" version="1" lat="47.46683295609" lon="19.15073493526" />
  <node id="7428" visible="true" version="1" lat="47.4668338367" lon="19.15073521571" />
  <node id="7429" visible="true" version="1" lat="47.46683471823" lon="19.15073549116" />
  <node id="7430" visible="true" version="1" lat="47.4668356007" lon="19.15073576154" />
  <node id="7431" visible="true" version="1" lat="47.46683648413" lon="19.15073602676" />
  <node id="7432" visible="true" version="1" lat="47.46683736853" lon="19.15073628675" />
  <node id="7433" visible="true" version="1" lat="47.46683825391" lon="19.15073654147" />
  <node id="7434" visible="true" version="1" lat="47.46683914027" lon="19.15073679086" />
  <node id="7435" visible="true" version="1" lat="47.46684002763" lon="19.1507370349" />
  <node id="7436" visible="true" version="1" lat="47.46684091598" lon="19.15073727359" />
  <node id="7437" visible="true" version="1" lat="47.46684180531" lon="19.15073750695" />
  <node id="7438" visible="true" version="1" lat="47.46684269563" lon="19.15073773501" />
  <node id="7439" visible="true" version="1" lat="47.46684358692" lon="19.15073795783" />
  <node id="7440" visible="true" version="1" lat="47.46684447916" lon="19.15073817551" />
  <node id="7441" visible="true" version="1" lat="47.46684537233" lon="19.15073838817" />
  <node id="7442" visible="true" version="1" lat="47.46684626641" lon="19.15073859595" />
  <node id="7443" visible="true" version="1" lat="47.46684716136" lon="19.15073879904" />
  <node id="7444" visible="true" version="1" lat="47.46684805713" lon="19.15073899767" />
  <node id="7445" visible="true" version="1" lat="47.46684895369" lon="19.15073919208" />
  <node id="7446" visible="true" version="1" lat="47.46684985097" lon="19.15073938257" />
  <node id="7447" visible="true" version="1" lat="47.46685074891" lon="19.15073956948" />
  <node id="7448" visible="true" version="1" lat="47.46685164745" lon="19.1507397532" />
  <node id="7449" visible="true" version="1" lat="47.4668525465" lon="19.15073993416" />
  <node id="7450" visible="true" version="1" lat="47.46685344597" lon="19.15074011282" />
  <node id="7451" visible="true" version="1" lat="47.46685434577" lon="19.15074028971" />
  <node id="7452" visible="true" version="1" lat="47.46685277021" lon="19.15074004392" />
  <node id="7453" visible="true" version="1" lat="47.46685366463" lon="19.15074018798" />
  <node id="7454" visible="true" version="1" lat="47.46685455974" lon="19.15074032077" />
  <node id="7455" visible="true" version="1" lat="47.4668554552" lon="19.15074044803" />
  <node id="7456" visible="true" version="1" lat="47.46685635077" lon="19.15074057333" />
  <node id="7457" visible="true" version="1" lat="47.46685724636" lon="19.15074069842" />
  <node id="7458" visible="true" version="1" lat="47.46685814194" lon="19.15074082359" />
  <node id="7459" visible="true" version="1" lat="47.46685903757" lon="19.15074094798" />
  <node id="7460" visible="true" version="1" lat="47.46685993334" lon="19.15074106997" />
  <node id="7461" visible="true" version="1" lat="47.4668608294" lon="19.15074118748" />
  <node id="7462" visible="true" version="1" lat="47.46686172586" lon="19.15074129838" />
  <node id="7463" visible="true" version="1" lat="47.46686262284" lon="19.15074140076" />
  <node id="7464" visible="true" version="1" lat="47.46686352043" lon="19.15074149337" />
  <node id="7465" visible="true" version="1" lat="47.46686441864" lon="19.15074157588" />
  <node id="7466" visible="true" version="1" lat="47.46686531741" lon="19.15074164927" />
  <node id="7467" visible="true" version="1" lat="47.46686621658" lon="19.15074171618" />
  <node id="7468" visible="true" version="1" lat="47.46686711586" lon="19.15074178126" />
  <node id="7469" visible="true" version="1" lat="47.46686801483" lon="19.15074185147" />
  <node id="7470" visible="true" version="1" lat="47.46686747109" lon="19.1507418213" />
  <node id="7471" visible="true" version="1" lat="47.46686837068" lon="19.15074186896" />
  <node id="7472" visible="true" version="1" lat="47.46686927027" lon="19.15074190686" />
  <node id="7473" visible="true" version="1" lat="47.46687016986" lon="19.1507419375" />
  <node id="7474" visible="true" version="1" lat="47.46687106945" lon="19.15074196197" />
  <node id="7475" visible="true" version="1" lat="47.46687196903" lon="19.15074198025" />
  <node id="7476" visible="true" version="1" lat="47.46687286862" lon="19.15074199161" />
  <node id="7477" visible="true" version="1" lat="47.46687376821" lon="19.15074199491" />
  <node id="7478" visible="true" version="1" lat="47.4668746678" lon="19.15074198901" />
  <node id="7479" visible="true" version="1" lat="47.46687556738" lon="19.15074197309" />
  <node id="7480" visible="true" version="1" lat="47.46687646697" lon="19.15074194702" />
  <node id="7481" visible="true" version="1" lat="47.46687736656" lon="19.15074191168" />
  <node id="7482" visible="true" version="1" lat="47.46687826615" lon="19.15074186937" />
  <node id="7483" visible="true" version="1" lat="47.46687916574" lon="19.15074182411" />
  <node id="7484" visible="true" version="1" lat="47.46688006532" lon="19.15074178202" />
  <node id="7485" visible="true" version="1" lat="47.46688096491" lon="19.15074175168" />
  <node id="7486" visible="true" version="1" lat="47.4668818645" lon="19.15074174446" />
  <node id="7487" visible="true" version="1" lat="47.4668802519" lon="19.15074187572" />
  <node id="7488" visible="true" version="1" lat="47.46688115149" lon="19.15074179332" />
  <node id="7489" visible="true" version="1" lat="47.46688205107" lon="19.15074173214" />
  <node id="7490" visible="true" version="1" lat="47.46688295066" lon="19.15074166761" />
  <node id="7491" visible="true" version="1" lat="47.46688385025" lon="19.15074158545" />
  <node id="7492" visible="true" version="1" lat="47.46688474984" lon="19.1507414798" />
  <node id="7493" visible="true" version="1" lat="47.46688564943" lon="19.15074135123" />
  <node id="7494" visible="true" version="1" lat="47.46688654901" lon="19.1507412049" />
  <node id="7495" visible="true" version="1" lat="47.4668874486" lon="19.15074104855" />
  <node id="7496" visible="true" version="1" lat="47.46688175682" lon="19.15033855643" />
  <node id="7497" visible="true" version="1" lat="47.46688095744" lon="19.1503379436" />
  <node id="7498" visible="true" version="1" lat="47.46688015603" lon="19.15033733739" />
  <node id="7499" visible="true" version="1" lat="47.46687935371" lon="19.15033673416" />
  <node id="7500" visible="true" version="1" lat="47.46688124751" lon="19.15033818659" />
  <node id="7501" visible="true" version="1" lat="47.4668804435" lon="19.15033759137" />
  <node id="7502" visible="true" version="1" lat="47.46687964883" lon="19.15033696808" />
  <node id="7503" visible="true" version="1" lat="47.46687885566" lon="19.15033634029" />
  <node id="7504" visible="true" version="1" lat="47.46687806062" lon="19.15033571812" />
  <node id="7505" visible="true" version="1" lat="47.46687726341" lon="19.15033510247" />
  <node id="7506" visible="true" version="1" lat="47.46687646545" lon="19.15033448907" />
  <node id="7507" visible="true" version="1" lat="47.46687566849" lon="19.15033387267" />
  <node id="7508" visible="true" version="1" lat="47.46687487324" lon="19.15033325116" />
  <node id="7509" visible="true" version="1" lat="47.46687407796" lon="19.15033262971" />
  <node id="7510" visible="true" version="1" lat="47.46687327714" lon="19.15033202491" />
  <node id="7511" visible="true" version="1" lat="47.46687474918" lon="19.15033318136" />
  <node id="7512" visible="true" version="1" lat="47.46687395303" lon="19.15033256227" />
  <node id="7513" visible="true" version="1" lat="47.4668731606" lon="19.15033193198" />
  <node id="7514" visible="true" version="1" lat="47.46687236811" lon="19.15033130185" />
  <node id="7515" visible="true" version="1" lat="47.46687157374" lon="19.15033067741" />
  <node id="7516" visible="true" version="1" lat="47.46687077713" lon="19.15033005972" />
  <node id="7517" visible="true" version="1" lat="47.46686997895" lon="19.1503294468" />
  <node id="7518" visible="true" version="1" lat="47.46686918042" lon="19.15032883496" />
  <node id="7519" visible="true" version="1" lat="47.46686838283" lon="19.15032822026" />
  <node id="7520" visible="true" version="1" lat="47.46686758712" lon="19.15032759984" />
  <node id="7521" visible="true" version="1" lat="47.46686679343" lon="19.15032697336" />
  <node id="7522" visible="true" version="1" lat="47.46686600057" lon="19.15032634434" />
  <node id="7523" visible="true" version="1" lat="47.46686520563" lon="19.15032572162" />
  <node id="7524" visible="true" version="1" lat="47.46686440349" lon="19.15032512068" />
  <node id="7525" visible="true" version="1" lat="47.46686358637" lon="19.15032456506" />
  <node id="7526" visible="true" version="1" lat="47.46686483916" lon="19.15032561187" />
  <node id="7527" visible="true" version="1" lat="47.46686405874" lon="19.15032494836" />
  <node id="7528" visible="true" version="1" lat="47.46686326849" lon="19.15032431334" />
  <node id="7529" visible="true" version="1" lat="47.46686247126" lon="19.15032369858" />
  <node id="7530" visible="true" version="1" lat="47.46686167007" lon="19.15032309527" />
  <node id="7531" visible="true" version="1" lat="47.46686086794" lon="19.15032249472" />
  <node id="7532" visible="true" version="1" lat="47.46686006757" lon="19.15032188904" />
  <node id="7533" visible="true" version="1" lat="47.46685927118" lon="19.15032127185" />
  <node id="7534" visible="true" version="1" lat="47.46685848019" lon="19.15032063898" />
  <node id="7535" visible="true" version="1" lat="47.46685769505" lon="19.15031998915" />
  <node id="7536" visible="true" version="1" lat="47.46685691495" lon="19.15031932468" />
  <node id="7537" visible="true" version="1" lat="47.46685613762" lon="19.15031865222" />
  <node id="7538" visible="true" version="1" lat="47.46685571339" lon="19.15031834358" />
  <node id="7539" visible="true" version="1" lat="47.46685490547" lon="19.1503177598" />
  <node id="7540" visible="true" version="1" lat="47.46685409836" lon="19.15031717369" />
  <node id="7541" visible="true" version="1" lat="47.46685329414" lon="19.15031657917" />
  <node id="7542" visible="true" version="1" lat="47.46685249415" lon="19.15031597242" />
  <node id="7543" visible="true" version="1" lat="47.46685169876" lon="19.15031535231" />
  <node id="7544" visible="true" version="1" lat="47.46685090728" lon="19.15031472085" />
  <node id="7545" visible="true" version="1" lat="47.4668501178" lon="19.1503140836" />
  <node id="7546" visible="true" version="1" lat="47.46684932703" lon="19.15031345009" />
  <node id="7547" visible="true" version="1" lat="47.46684853017" lon="19.15031283426" />
  <node id="7548" visible="true" version="1" lat="47.46684772073" lon="19.15031225489" />
  <node id="7549" visible="true" version="1" lat="47.46684748871" lon="19.15031208889" />
  <node id="7550" visible="true" version="1" lat="47.46684038222" lon="19.15030671907" />
  <node id="7551" visible="true" version="1" lat="47.4668390151" lon="19.15030563863" />
  <node id="7552" visible="true" version="1" lat="47.46683821882" lon="19.15030502112" />
  <node id="7553" visible="true" version="1" lat="47.46683742158" lon="19.15030440637" />
  <node id="7554" visible="true" version="1" lat="47.46683662404" lon="19.15030379249" />
  <node id="7555" visible="true" version="1" lat="47.46683582654" lon="19.15030317849" />
  <node id="7556" visible="true" version="1" lat="47.46683502922" lon="19.15030256398" />
  <node id="7557" visible="true" version="1" lat="47.46683423208" lon="19.15030194895" />
  <node id="7558" visible="true" version="1" lat="47.46683343509" lon="19.15030133349" />
  <node id="7559" visible="true" version="1" lat="47.46683263826" lon="19.15030071757" />
  <node id="7560" visible="true" version="1" lat="47.46683184174" lon="19.15030010073" />
  <node id="7561" visible="true" version="1" lat="47.46683104592" lon="19.15029948187" />
  <node id="7562" visible="true" version="1" lat="47.46683025148" lon="19.150298859" />
  <node id="7563" visible="true" version="1" lat="47.46683077438" lon="19.15029928308" />
  <node id="7564" visible="true" version="1" lat="47.46682997687" lon="19.15029865357" />
  <node id="7565" visible="true" version="1" lat="47.46682916439" lon="19.15029807827" />
  <node id="7566" visible="true" version="1" lat="47.4668283503" lon="19.15029750885" />
  <node id="7567" visible="true" version="1" lat="47.46682754154" lon="19.15029692005" />
  <node id="7568" visible="true" version="1" lat="47.46682674019" lon="19.15029630445" />
  <node id="7569" visible="true" version="1" lat="47.46682594485" lon="19.15029566705" />
  <node id="7570" visible="true" version="1" lat="47.46682515216" lon="19.15029502002" />
  <node id="7571" visible="true" version="1" lat="47.46682435828" lon="19.15029437734" />
  <node id="7572" visible="true" version="1" lat="47.46682356031" lon="19.15029374945" />
  <node id="7573" visible="true" version="1" lat="47.46682275782" lon="19.15029313798" />
  <node id="7574" visible="true" version="1" lat="47.46682195426" lon="19.15029253037" />
  <node id="7575" visible="true" version="1" lat="47.46682115847" lon="19.1502918946" />
  <node id="7576" visible="true" version="1" lat="47.46682070983" lon="19.15029155481" />
  <node id="7577" visible="true" version="1" lat="47.46681991022" lon="19.1502909463" />
  <node id="7578" visible="true" version="1" lat="47.46681911026" lon="19.15029033884" />
  <node id="7579" visible="true" version="1" lat="47.46681830943" lon="19.15028973401" />
  <node id="7580" visible="true" version="1" lat="47.46681750809" lon="19.15028913071" />
  <node id="7581" visible="true" version="1" lat="47.46681670714" lon="19.15028852625" />
  <node id="7582" visible="true" version="1" lat="47.46681590768" lon="19.15028791729" />
  <node id="7583" visible="true" version="1" lat="47.46681511069" lon="19.15028730088" />
  <node id="7584" visible="true" version="1" lat="47.46681431669" lon="19.15028667544" />
  <node id="7585" visible="true" version="1" lat="47.46681352542" lon="19.15028604177" />
  <node id="7586" visible="true" version="1" lat="47.46681273548" lon="19.15028540407" />
  <node id="7587" visible="true" version="1" lat="47.46681194404" lon="19.15028477091" />
  <node id="7588" visible="true" version="1" lat="47.46681187783" lon="19.15028473614" />
  <node id="7589" visible="true" version="1" lat="47.46681078537" lon="19.15028403448" />
  <node id="7590" visible="true" version="1" lat="47.4668096565" lon="19.15028316189" />
  <node id="7591" visible="true" version="1" lat="47.46680851429" lon="19.15028222673" />
  <node id="7592" visible="true" version="1" lat="47.46680737282" lon="19.15028129505" />
  <node id="7593" visible="true" version="1" lat="47.46680623886" lon="19.15028039861" />
  <node id="7594" visible="true" version="1" lat="47.46680511361" lon="19.15027954306" />
  <node id="7595" visible="true" version="1" lat="47.46680399444" lon="19.15027871601" />
  <node id="7596" visible="true" version="1" lat="47.46680287658" lon="19.15027789514" />
  <node id="7597" visible="true" version="1" lat="47.46680175491" lon="19.15027705636" />
  <node id="7598" visible="true" version="1" lat="47.46680062562" lon="19.15027618182" />
  <node id="7599" visible="true" version="1" lat="47.46679948798" lon="19.15027526813" />
  <node id="7600" visible="true" version="1" lat="47.46679834607" lon="19.15027433438" />
  <node id="7601" visible="true" version="1" lat="47.46679721049" lon="19.1502734303" />
  <node id="7602" visible="true" version="1" lat="47.46679660435" lon="19.15027296985" />
  <node id="7603" visible="true" version="1" lat="47.46679580523" lon="19.15027236057" />
  <node id="7604" visible="true" version="1" lat="47.46679500674" lon="19.15027174944" />
  <node id="7605" visible="true" version="1" lat="47.46679420882" lon="19.15027113666" />
  <node id="7606" visible="true" version="1" lat="47.46679341142" lon="19.15027052237" />
  <node id="7607" visible="true" version="1" lat="47.46679261448" lon="19.15026990675" />
  <node id="7608" visible="true" version="1" lat="47.46679181796" lon="19.15026928993" />
  <node id="7609" visible="true" version="1" lat="47.46679102179" lon="19.15026867207" />
  <node id="7610" visible="true" version="1" lat="47.46679022594" lon="19.15026805328" />
  <node id="7611" visible="true" version="1" lat="47.46678943037" lon="19.15026743371" />
  <node id="7612" visible="true" version="1" lat="47.46678863503" lon="19.15026681345" />
  <node id="7613" visible="true" version="1" lat="47.46678783988" lon="19.15026619262" />
  <node id="7614" visible="true" version="1" lat="47.4667870449" lon="19.15026557132" />
  <node id="7615" visible="true" version="1" lat="47.46678625005" lon="19.15026494963" />
  <node id="7616" visible="true" version="1" lat="47.46678545531" lon="19.15026432765" />
  <node id="7617" visible="true" version="1" lat="47.46678466064" lon="19.15026370545" />
  <node id="7618" visible="true" version="1" lat="47.46678386602" lon="19.15026308311" />
  <node id="7619" visible="true" version="1" lat="47.46678307143" lon="19.15026246067" />
  <node id="7620" visible="true" version="1" lat="47.46678227684" lon="19.15026183821" />
  <node id="7621" visible="true" version="1" lat="47.46678148226" lon="19.15026121578" />
  <node id="7622" visible="true" version="1" lat="47.46678068764" lon="19.1502605934" />
  <node id="7623" visible="true" version="1" lat="47.466779893" lon="19.15025997113" />
  <node id="7624" visible="true" version="1" lat="47.4667790983" lon="19.150259349" />
  <node id="7625" visible="true" version="1" lat="47.46677830355" lon="19.15025872703" />
  <node id="7626" visible="true" version="1" lat="47.46677750874" lon="19.15025810524" />
  <node id="7627" visible="true" version="1" lat="47.46677671386" lon="19.15025748364" />
  <node id="7628" visible="true" version="1" lat="47.46677591891" lon="19.15025686225" />
  <node id="7629" visible="true" version="1" lat="47.46677512389" lon="19.15025624108" />
  <node id="7630" visible="true" version="1" lat="47.46677432879" lon="19.15025562011" />
  <node id="7631" visible="true" version="1" lat="47.46677353362" lon="19.15025499935" />
  <node id="7632" visible="true" version="1" lat="47.46677273839" lon="19.15025437879" />
  <node id="7633" visible="true" version="1" lat="47.46677194309" lon="19.15025375841" />
  <node id="7634" visible="true" version="1" lat="47.46677114774" lon="19.15025313819" />
  <node id="7635" visible="true" version="1" lat="47.46677035233" lon="19.15025251812" />
  <node id="7636" visible="true" version="1" lat="47.46676955689" lon="19.15025189817" />
  <node id="7637" visible="true" version="1" lat="47.46676876141" lon="19.1502512783" />
  <node id="7638" visible="true" version="1" lat="47.46676796592" lon="19.15025065849" />
  <node id="7639" visible="true" version="1" lat="47.46676717042" lon="19.1502500387" />
  <node id="7640" visible="true" version="1" lat="47.46676637492" lon="19.15024941889" />
  <node id="7641" visible="true" version="1" lat="47.46676557945" lon="19.15024879901" />
  <node id="7642" visible="true" version="1" lat="47.46676478401" lon="19.15024817903" />
  <node id="7643" visible="true" version="1" lat="47.46676398863" lon="19.1502475589" />
  <node id="7644" visible="true" version="1" lat="47.46676319331" lon="19.15024693857" />
  <node id="7645" visible="true" version="1" lat="47.46676239809" lon="19.15024631798" />
  <node id="7646" visible="true" version="1" lat="47.46676160297" lon="19.15024569708" />
  <node id="7647" visible="true" version="1" lat="47.46676080797" lon="19.15024507582" />
  <node id="7648" visible="true" version="1" lat="47.46676001312" lon="19.15024445414" />
  <node id="7649" visible="true" version="1" lat="47.46675921844" lon="19.15024383198" />
  <node id="7650" visible="true" version="1" lat="47.46675842394" lon="19.15024320928" />
  <node id="7651" visible="true" version="1" lat="47.46675762965" lon="19.15024258598" />
  <node id="7652" visible="true" version="1" lat="47.46675683558" lon="19.15024196202" />
  <node id="7653" visible="true" version="1" lat="47.46675604177" lon="19.15024133734" />
  <node id="7654" visible="true" version="1" lat="47.46675524822" lon="19.15024071187" />
  <node id="7655" visible="true" version="1" lat="47.46675445497" lon="19.15024008555" />
  <node id="7656" visible="true" version="1" lat="47.46675366204" lon="19.15023945832" />
  <node id="7657" visible="true" version="1" lat="47.46675286944" lon="19.15023883011" />
  <node id="7658" visible="true" version="1" lat="47.4667520772" lon="19.15023820087" />
  <node id="7659" visible="true" version="1" lat="47.46675128534" lon="19.15023757051" />
  <node id="7660" visible="true" version="1" lat="47.46675049388" lon="19.150236939" />
  <node id="7661" visible="true" version="1" lat="47.46674970284" lon="19.15023630626" />
  <node id="7662" visible="true" version="1" lat="47.46674891225" lon="19.15023567223" />
  <node id="7663" visible="true" version="1" lat="47.46674850362" lon="19.15023536785" />
  <node id="7664" visible="true" version="1" lat="47.46674770165" lon="19.15023476582" />
  <node id="7665" visible="true" version="1" lat="47.46674690142" lon="19.15023415906" />
  <node id="7666" visible="true" version="1" lat="47.46674610285" lon="19.15023354779" />
  <node id="7667" visible="true" version="1" lat="47.46674530582" lon="19.15023293234" />
  <node id="7668" visible="true" version="1" lat="47.46674451018" lon="19.1502323131" />
  <node id="7669" visible="true" version="1" lat="47.46674371576" lon="19.15023169055" />
  <node id="7670" visible="true" version="1" lat="47.46674292237" lon="19.15023106518" />
  <node id="7671" visible="true" version="1" lat="47.46674212982" lon="19.15023043756" />
  <node id="7672" visible="true" version="1" lat="47.46674133789" lon="19.15022980823" />
  <node id="7673" visible="true" version="1" lat="47.46674054638" lon="19.15022917775" />
  <node id="7674" visible="true" version="1" lat="47.46673975509" lon="19.15022854669" />
  <node id="7675" visible="true" version="1" lat="47.46673896383" lon="19.15022791554" />
  <node id="7676" visible="true" version="1" lat="47.46673817243" lon="19.15022728478" />
  <node id="7677" visible="true" version="1" lat="47.46673738074" lon="19.15022665481" />
  <node id="7678" visible="true" version="1" lat="47.46673658863" lon="19.15022602598" />
  <node id="7679" visible="true" version="1" lat="47.46673579601" lon="19.15022539851" />
  <node id="7680" visible="true" version="1" lat="47.46673500285" lon="19.15022477254" />
  <node id="7681" visible="true" version="1" lat="47.46673420913" lon="19.15022414806" />
  <node id="7682" visible="true" version="1" lat="47.46673381373" lon="19.15022384203" />
  <node id="7683" visible="true" version="1" lat="47.4667330176" lon="19.15022322415" />
  <node id="7684" visible="true" version="1" lat="47.46673222204" lon="19.15022260469" />
  <node id="7685" visible="true" version="1" lat="47.46673142699" lon="19.15022198384" />
  <node id="7686" visible="true" version="1" lat="47.46673063238" lon="19.15022136179" />
  <node id="7687" visible="true" version="1" lat="47.46672983816" lon="19.15022073869" />
  <node id="7688" visible="true" version="1" lat="47.46672904427" lon="19.15022011469" />
  <node id="7689" visible="true" version="1" lat="47.46672825066" lon="19.15021948994" />
  <node id="7690" visible="true" version="1" lat="47.46672745728" lon="19.15021886455" />
  <node id="7691" visible="true" version="1" lat="47.4667266641" lon="19.15021823865" />
  <node id="7692" visible="true" version="1" lat="47.46672587106" lon="19.15021761234" />
  <node id="7693" visible="true" version="1" lat="47.46672507814" lon="19.1502169857" />
  <node id="7694" visible="true" version="1" lat="47.4667242853" lon="19.15021635884" />
  <node id="7695" visible="true" version="1" lat="47.46672349253" lon="19.15021573181" />
  <node id="7696" visible="true" version="1" lat="47.46672269978" lon="19.15021510469" />
  <node id="7697" visible="true" version="1" lat="47.46672190706" lon="19.15021447754" />
  <node id="7698" visible="true" version="1" lat="47.46672111433" lon="19.15021385039" />
  <node id="7699" visible="true" version="1" lat="47.46672032158" lon="19.15021322329" />
  <node id="7700" visible="true" version="1" lat="47.4667195288" lon="19.15021259628" />
  <node id="7701" visible="true" version="1" lat="47.46671873598" lon="19.15021196938" />
  <node id="7702" visible="true" version="1" lat="47.4667179431" lon="19.15021134261" />
  <node id="7703" visible="true" version="1" lat="47.46671715018" lon="19.15021071599" />
  <node id="7704" visible="true" version="1" lat="47.4667163572" lon="19.15021008953" />
  <node id="7705" visible="true" version="1" lat="47.46671556415" lon="19.15020946324" />
  <node id="7706" visible="true" version="1" lat="47.46671477105" lon="19.15020883711" />
  <node id="7707" visible="true" version="1" lat="47.46671397788" lon="19.15020821115" />
  <node id="7708" visible="true" version="1" lat="47.46671318466" lon="19.15020758534" />
  <node id="7709" visible="true" version="1" lat="47.46671239138" lon="19.15020695968" />
  <node id="7710" visible="true" version="1" lat="47.46671159805" lon="19.15020633416" />
  <node id="7711" visible="true" version="1" lat="47.46671080467" lon="19.15020570876" />
  <node id="7712" visible="true" version="1" lat="47.46671001126" lon="19.15020508347" />
  <node id="7713" visible="true" version="1" lat="47.46670921781" lon="19.15020445829" />
  <node id="7714" visible="true" version="1" lat="47.46670842433" lon="19.15020383318" />
  <node id="7715" visible="true" version="1" lat="47.46670763082" lon="19.15020320813" />
  <node id="7716" visible="true" version="1" lat="47.4667068373" lon="19.15020258314" />
  <node id="7717" visible="true" version="1" lat="47.46670604376" lon="19.15020195819" />
  <node id="7718" visible="true" version="1" lat="47.46670525021" lon="19.15020133326" />
  <node id="7719" visible="true" version="1" lat="47.46670445666" lon="19.15020070834" />
  <node id="7720" visible="true" version="1" lat="47.46670366311" lon="19.15020008343" />
  <node id="7721" visible="true" version="1" lat="47.46670286955" lon="19.15019945852" />
  <node id="7722" visible="true" version="1" lat="47.466702076" lon="19.15019883362" />
  <node id="7723" visible="true" version="1" lat="47.46670128244" lon="19.15019820871" />
  <node id="7724" visible="true" version="1" lat="47.46670048888" lon="19.15019758382" />
  <node id="7725" visible="true" version="1" lat="47.46669969532" lon="19.15019695894" />
  <node id="7726" visible="true" version="1" lat="47.46669890174" lon="19.15019633411" />
  <node id="7727" visible="true" version="1" lat="47.46669810813" lon="19.15019570933" />
  <node id="7728" visible="true" version="1" lat="47.46669731449" lon="19.15019508465" />
  <node id="7729" visible="true" version="1" lat="47.46669652081" lon="19.1501944601" />
  <node id="7730" visible="true" version="1" lat="47.46669572706" lon="19.15019383571" />
  <node id="7731" visible="true" version="1" lat="47.46669493324" lon="19.15019321154" />
  <node id="7732" visible="true" version="1" lat="47.46669413931" lon="19.15019258766" />
  <node id="7733" visible="true" version="1" lat="47.46669334525" lon="19.15019196412" />
  <node id="7734" visible="true" version="1" lat="47.46669255103" lon="19.15019134101" />
  <node id="7735" visible="true" version="1" lat="47.46669175663" lon="19.15019071841" />
  <node id="7736" visible="true" version="1" lat="47.466690962" lon="19.15019009641" />
  <node id="7737" visible="true" version="1" lat="47.46669016711" lon="19.15018947514" />
  <node id="7738" visible="true" version="1" lat="47.46668937192" lon="19.15018885469" />
  <node id="7739" visible="true" version="1" lat="47.46668857636" lon="19.15018823521" />
  <node id="7740" visible="true" version="1" lat="47.46668778041" lon="19.15018761684" />
  <node id="7741" visible="true" version="1" lat="47.46668698398" lon="19.15018699973" />
  <node id="7742" visible="true" version="1" lat="47.46668618704" lon="19.15018638404" />
  <node id="7743" visible="true" version="1" lat="47.4666853895" lon="19.15018576997" />
  <node id="7744" visible="true" version="1" lat="47.46668459129" lon="19.15018515769" />
  <node id="7745" visible="true" version="1" lat="47.46668420661" lon="19.15018486368" />
  <node id="7746" visible="true" version="1" lat="47.46668340664" lon="19.15018425316" />
  <node id="7747" visible="true" version="1" lat="47.46668260639" lon="19.15018364354" />
  <node id="7748" visible="true" version="1" lat="47.46668180591" lon="19.15018303469" />
  <node id="7749" visible="true" version="1" lat="47.46668100521" lon="19.15018242652" />
  <node id="7750" visible="true" version="1" lat="47.46668020433" lon="19.15018181896" />
  <node id="7751" visible="true" version="1" lat="47.46667940328" lon="19.15018121195" />
  <node id="7752" visible="true" version="1" lat="47.46667860207" lon="19.15018060544" />
  <node id="7753" visible="true" version="1" lat="47.46667780072" lon="19.15017999939" />
  <node id="7754" visible="true" version="1" lat="47.46667699923" lon="19.15017939381" />
  <node id="7755" visible="true" version="1" lat="47.4666761976" lon="19.15017878868" />
  <node id="7756" visible="true" version="1" lat="47.46667539582" lon="19.15017818401" />
  <node id="7757" visible="true" version="1" lat="47.4666745939" lon="19.15017757984" />
  <node id="7758" visible="true" version="1" lat="47.46667379181" lon="19.15017697618" />
  <node id="7759" visible="true" version="1" lat="47.46667298955" lon="19.15017637309" />
  <node id="7760" visible="true" version="1" lat="47.4666721871" lon="19.15017577062" />
  <node id="7761" visible="true" version="1" lat="47.46667138443" lon="19.15017516883" />
  <node id="7762" visible="true" version="1" lat="47.46667058154" lon="19.1501745678" />
  <node id="7763" visible="true" version="1" lat="47.46666977839" lon="19.15017396758" />
  <node id="7764" visible="true" version="1" lat="47.46666897496" lon="19.15017336828" />
  <node id="7765" visible="true" version="1" lat="47.46666817123" lon="19.15017276998" />
  <node id="7766" visible="true" version="1" lat="47.46666736715" lon="19.15017217277" />
  <node id="7767" visible="true" version="1" lat="47.46666656271" lon="19.15017157674" />
  <node id="7768" visible="true" version="1" lat="47.46666575788" lon="19.150170982" />
  <node id="7769" visible="true" version="1" lat="47.46666495261" lon="19.15017038865" />
  <node id="7770" visible="true" version="1" lat="47.46666414688" lon="19.1501697968" />
  <node id="7771" visible="true" version="1" lat="47.46666334067" lon="19.15016920654" />
  <node id="7772" visible="true" version="1" lat="47.46666253392" lon="19.15016861798" />
  <node id="7773" visible="true" version="1" lat="47.46666172663" lon="19.15016803122" />
  <node id="7774" visible="true" version="1" lat="47.46666091874" lon="19.15016744636" />
  <node id="7775" visible="true" version="1" lat="47.46666011024" lon="19.15016686351" />
  <node id="7776" visible="true" version="1" lat="47.46665930109" lon="19.15016628275" />
  <node id="7777" visible="true" version="1" lat="47.46665849127" lon="19.15016570418" />
  <node id="7778" visible="true" version="1" lat="47.46665768075" lon="19.15016512787" />
  <node id="7779" visible="true" version="1" lat="47.4666568695" lon="19.15016455392" />
  <node id="7780" visible="true" version="1" lat="47.4666560575" lon="19.15016398239" />
  <node id="7781" visible="true" version="1" lat="47.46665524474" lon="19.15016341335" />
  <node id="7782" visible="true" version="1" lat="47.46665443119" lon="19.15016284686" />
  <node id="7783" visible="true" version="1" lat="47.46665361685" lon="19.15016228296" />
  <node id="7784" visible="true" version="1" lat="47.46665280169" lon="19.15016172169" />
  <node id="7785" visible="true" version="1" lat="47.46665198571" lon="19.15016116308" />
  <node id="7786" visible="true" version="1" lat="47.4666511689" lon="19.15016060715" />
  <node id="7787" visible="true" version="1" lat="47.46665035127" lon="19.1501600539" />
  <node id="7788" visible="true" version="1" lat="47.46664953282" lon="19.15015950332" />
  <node id="7789" visible="true" version="1" lat="47.46664871354" lon="19.15015895538" />
  <node id="7790" visible="true" version="1" lat="47.46664789347" lon="19.15015841006" />
  <node id="7791" visible="true" version="1" lat="47.4666470726" lon="19.15015786729" />
  <node id="7792" visible="true" version="1" lat="47.46664625097" lon="19.15015732701" />
  <node id="7793" visible="true" version="1" lat="47.4666454286" lon="19.15015678913" />
  <node id="7794" visible="true" version="1" lat="47.46664460552" lon="19.15015625355" />
  <node id="7795" visible="true" version="1" lat="47.46664378177" lon="19.15015572014" />
  <node id="7796" visible="true" version="1" lat="47.46664295739" lon="19.15015518876" />
  <node id="7797" visible="true" version="1" lat="47.46664213244" lon="19.15015465924" />
  <node id="7798" visible="true" version="1" lat="47.46664130696" lon="19.15015413141" />
  <node id="7799" visible="true" version="1" lat="47.46664048104" lon="19.15015360506" />
  <node id="7800" visible="true" version="1" lat="47.46663965472" lon="19.15015307996" />
  <node id="7801" visible="true" version="1" lat="47.4666388281" lon="19.15015255585" />
  <node id="7802" visible="true" version="1" lat="47.46663800126" lon="19.15015203247" />
  <node id="7803" visible="true" version="1" lat="47.46663717429" lon="19.1501515095" />
  <node id="7804" visible="true" version="1" lat="47.46663634729" lon="19.15015098663" />
  <node id="7805" visible="true" version="1" lat="47.46663552037" lon="19.15015046349" />
  <node id="7806" visible="true" version="1" lat="47.46663469365" lon="19.15014993971" />
  <node id="7807" visible="true" version="1" lat="47.46663386725" lon="19.15014941488" />
  <node id="7808" visible="true" version="1" lat="47.46663302439" lon="19.15014888186" />
  <node id="7809" visible="true" version="1" lat="47.46663218688" lon="19.15014836765" />
  <node id="7810" visible="true" version="1" lat="47.46663134717" lon="19.15014786536" />
  <node id="7811" visible="true" version="1" lat="47.46663050557" lon="19.15014737335" />
  <node id="7812" visible="true" version="1" lat="47.46662966235" lon="19.15014689015" />
  <node id="7813" visible="true" version="1" lat="47.46662881775" lon="19.15014641449" />
  <node id="7814" visible="true" version="1" lat="47.46662797197" lon="19.15014594522" />
  <node id="7815" visible="true" version="1" lat="47.46662712519" lon="19.15014548139" />
  <node id="7816" visible="true" version="1" lat="47.46662627756" lon="19.15014502217" />
  <node id="7817" visible="true" version="1" lat="47.46662542921" lon="19.15014456686" />
  <node id="7818" visible="true" version="1" lat="47.46662458024" lon="19.15014411491" />
  <node id="7819" visible="true" version="1" lat="47.46662373074" lon="19.15014366588" />
  <node id="7820" visible="true" version="1" lat="47.46662288076" lon="19.15014321945" />
  <node id="7821" visible="true" version="1" lat="47.46662203035" lon="19.15014277538" />
  <node id="7822" visible="true" version="1" lat="47.46662117952" lon="19.15014233355" />
  <node id="7823" visible="true" version="1" lat="47.46662032829" lon="19.15014189393" />
  <node id="7824" visible="true" version="1" lat="47.46661947664" lon="19.15014145654" />
  <node id="7825" visible="true" version="1" lat="47.46661862456" lon="19.1501410215" />
  <node id="7826" visible="true" version="1" lat="47.46661777203" lon="19.15014058897" />
  <node id="7827" visible="true" version="1" lat="47.46661691898" lon="19.15014015919" />
  <node id="7828" visible="true" version="1" lat="47.46661606539" lon="19.15013973241" />
  <node id="7829" visible="true" version="1" lat="47.46661521118" lon="19.15013930894" />
  <node id="7830" visible="true" version="1" lat="47.46661435631" lon="19.15013888911" />
  <node id="7831" visible="true" version="1" lat="47.4666135007" lon="19.15013847327" />
  <node id="7832" visible="true" version="1" lat="47.46661264429" lon="19.15013806179" />
  <node id="7833" visible="true" version="1" lat="47.46661178702" lon="19.15013765502" />
  <node id="7834" visible="true" version="1" lat="47.4666109288" lon="19.15013725334" />
  <node id="7835" visible="true" version="1" lat="47.4666100696" lon="19.15013685707" />
  <node id="7836" visible="true" version="1" lat="47.46660920933" lon="19.15013646655" />
  <node id="7837" visible="true" version="1" lat="47.46660834796" lon="19.15013608207" />
  <node id="7838" visible="true" version="1" lat="47.46660748542" lon="19.15013570388" />
  <node id="7839" visible="true" version="1" lat="47.4666066217" lon="19.15013533218" />
  <node id="7840" visible="true" version="1" lat="47.46660575675" lon="19.15013496711" />
  <node id="7841" visible="true" version="1" lat="47.46660489057" lon="19.15013460877" />
  <node id="7842" visible="true" version="1" lat="47.46660402315" lon="19.15013425717" />
  <node id="7843" visible="true" version="1" lat="47.4666031545" lon="19.15013391222" />
  <node id="7844" visible="true" version="1" lat="47.46660228466" lon="19.15013357376" />
  <node id="7845" visible="true" version="1" lat="47.46660141367" lon="19.15013324155" />
  <node id="7846" visible="true" version="1" lat="47.4666005416" lon="19.1501329152" />
  <node id="7847" visible="true" version="1" lat="47.46659966854" lon="19.15013259424" />
  <node id="7848" visible="true" version="1" lat="47.4665987946" lon="19.15013227806" />
  <node id="7849" visible="true" version="1" lat="47.46659791992" lon="19.15013196593" />
  <node id="7850" visible="true" version="1" lat="47.46659704466" lon="19.15013165695" />
  <node id="7851" visible="true" version="1" lat="47.466596169" lon="19.15013135011" />
  <node id="7852" visible="true" version="1" lat="47.46659529317" lon="19.15013104422" />
  <node id="7853" visible="true" version="1" lat="47.46659441742" lon="19.15013073793" />
  <node id="7854" visible="true" version="1" lat="47.46659354201" lon="19.15013042971" />
  <node id="7855" visible="true" version="1" lat="47.46659266728" lon="19.15013011786" />
  <node id="7856" visible="true" version="1" lat="47.4665937891" lon="19.15013047034" />
  <node id="7857" visible="true" version="1" lat="47.46659290706" lon="19.15013019001" />
  <node id="7858" visible="true" version="1" lat="47.46659202319" lon="19.15012992952" />
  <node id="7859" visible="true" version="1" lat="47.46659113848" lon="19.15012967819" />
  <node id="7860" visible="true" version="1" lat="47.46659025359" lon="19.15012942884" />
  <node id="7861" visible="true" version="1" lat="47.46658936889" lon="19.15012917732" />
  <node id="7862" visible="true" version="1" lat="47.46658848455" lon="19.15012892201" />
  <node id="7863" visible="true" version="1" lat="47.46658760052" lon="19.15012866334" />
  <node id="7864" visible="true" version="1" lat="47.46658671661" lon="19.15012840327" />
  <node id="7865" visible="true" version="1" lat="47.46658583255" lon="19.15012814485" />
  <node id="7866" visible="true" version="1" lat="47.46658494801" lon="19.15012789169" />
  <node id="7867" visible="true" version="1" lat="47.46658406265" lon="19.15012764747" />
  <node id="7868" visible="true" version="1" lat="47.46658317616" lon="19.15012741547" />
  <node id="7869" visible="true" version="1" lat="47.46658228833" lon="19.15012719806" />
  <node id="7870" visible="true" version="1" lat="47.46658139907" lon="19.15012699624" />
  <node id="7871" visible="true" version="1" lat="47.46658050845" lon="19.15012680911" />
  <node id="7872" visible="true" version="1" lat="47.46657979216" lon="19.15012664519" />
  <node id="7873" visible="true" version="1" lat="47.46657890017" lon="19.15012645187" />
  <node id="7874" visible="true" version="1" lat="47.46657800762" lon="19.15012626908" />
  <node id="7875" visible="true" version="1" lat="47.46657711456" lon="19.15012609565" />
  <node id="7876" visible="true" version="1" lat="47.46657622104" lon="19.15012593066" />
  <node id="7877" visible="true" version="1" lat="47.4665753271" lon="19.15012577336" />
  <node id="7878" visible="true" version="1" lat="47.46657443278" lon="19.1501256232" />
  <node id="7879" visible="true" version="1" lat="47.46657353809" lon="19.15012547978" />
  <node id="7880" visible="true" version="1" lat="47.46657264306" lon="19.15012534283" />
  <node id="7881" visible="true" version="1" lat="47.46657174768" lon="19.15012521217" />
  <node id="7882" visible="true" version="1" lat="47.46657085197" lon="19.15012508771" />
  <node id="7883" visible="true" version="1" lat="47.46656995592" lon="19.15012496943" />
  <node id="7884" visible="true" version="1" lat="47.46656905954" lon="19.15012485731" />
  <node id="7885" visible="true" version="1" lat="47.46656816283" lon="19.15012475134" />
  <node id="7886" visible="true" version="1" lat="47.46656726578" lon="19.1501246515" />
  <node id="7887" visible="true" version="1" lat="47.46656636841" lon="19.15012455772" />
  <node id="7888" visible="true" version="1" lat="47.46656547072" lon="19.15012446985" />
  <node id="7889" visible="true" version="1" lat="47.46656457272" lon="19.15012438765" />
  <node id="7890" visible="true" version="1" lat="47.46656367443" lon="19.15012431077" />
  <node id="7891" visible="true" version="1" lat="47.46656277588" lon="19.15012423868" />
  <node id="7892" visible="true" version="1" lat="47.46656187711" lon="19.15012417072" />
  <node id="7893" visible="true" version="1" lat="47.46656097816" lon="19.15012410601" />
  <node id="7894" visible="true" version="1" lat="47.4665600791" lon="19.15012404345" />
  <node id="7895" visible="true" version="1" lat="47.46655918" lon="19.1501239817" />
  <node id="7896" visible="true" version="1" lat="47.46655828093" lon="19.15012391914" />
  <node id="7897" visible="true" version="1" lat="47.46655738202" lon="19.15012385386" />
  <node id="7898" visible="true" version="1" lat="47.46655648337" lon="19.15012378363" />
  <node id="7899" visible="true" version="1" lat="47.46655577195" lon="19.150123756" />
  <node id="7900" visible="true" version="1" lat="47.46655487036" lon="19.15012372723" />
  <node id="7901" visible="true" version="1" lat="47.46655396902" lon="19.15012370581" />
  <node id="7902" visible="true" version="1" lat="47.46655306792" lon="19.15012369202" />
  <node id="7903" visible="true" version="1" lat="47.46655216708" lon="19.150123686" />
  <node id="7904" visible="true" version="1" lat="47.4665512665" lon="19.15012368781" />
  <node id="7905" visible="true" version="1" lat="47.46655036617" lon="19.15012369737" />
  <node id="7906" visible="true" version="1" lat="47.46654946609" lon="19.15012371455" />
  <node id="7907" visible="true" version="1" lat="47.46654856625" lon="19.15012373911" />
  <node id="7908" visible="true" version="1" lat="47.46654766665" lon="19.15012377075" />
  <node id="7909" visible="true" version="1" lat="47.46654676727" lon="19.1501238091" />
  <node id="7910" visible="true" version="1" lat="47.46654586809" lon="19.15012385374" />
  <node id="7911" visible="true" version="1" lat="47.46654496911" lon="19.15012390419" />
  <node id="7912" visible="true" version="1" lat="47.4665440703" lon="19.15012395995" />
  <node id="7913" visible="true" version="1" lat="47.46654317164" lon="19.15012402049" />
  <node id="7914" visible="true" version="1" lat="47.46654227313" lon="19.15012408526" />
  <node id="7915" visible="true" version="1" lat="47.46654137473" lon="19.15012415369" />
  <node id="7916" visible="true" version="1" lat="47.46654047644" lon="19.15012422523" />
  <node id="7917" visible="true" version="1" lat="47.46653957823" lon="19.15012429932" />
  <node id="7918" visible="true" version="1" lat="47.46653868009" lon="19.15012437543" />
  <node id="7919" visible="true" version="1" lat="47.46653778199" lon="19.15012445304" />
  <node id="7920" visible="true" version="1" lat="47.46653688393" lon="19.1501245317" />
  <node id="7921" visible="true" version="1" lat="47.4665359859" lon="19.15012461096" />
  <node id="7922" visible="true" version="1" lat="47.46653508786" lon="19.15012469047" />
  <node id="7923" visible="true" version="1" lat="47.46653505872" lon="19.15012469531" />
  <node id="7924" visible="true" version="1" lat="47.46653416432" lon="19.15012484125" />
  <node id="7925" visible="true" version="1" lat="47.4665332696" lon="19.15012498375" />
  <node id="7926" visible="true" version="1" lat="47.4665323747" lon="19.15012512429" />
  <node id="7927" visible="true" version="1" lat="47.46653147966" lon="19.15012526328" />
  <node id="7928" visible="true" version="1" lat="47.46653058446" lon="19.15012540053" />
  <node id="7929" visible="true" version="1" lat="47.46652968907" lon="19.1501255357" />
  <node id="7930" visible="true" version="1" lat="47.46652879349" lon="19.15012566882" />
  <node id="7931" visible="true" version="1" lat="47.4665278978" lon="19.15012580075" />
  <node id="7932" visible="true" version="1" lat="47.46652700219" lon="19.1501259336" />
  <node id="7933" visible="true" version="1" lat="47.46652610703" lon="19.15012607128" />
  <node id="7934" visible="true" version="1" lat="47.46652521288" lon="19.15012621991" />
  <node id="7935" visible="true" version="1" lat="47.46652432054" lon="19.15012638833" />
  <node id="7936" visible="true" version="1" lat="47.46652360459" lon="19.15012655745" />
  <node id="7937" visible="true" version="1" lat="47.46652271659" lon="19.15012677808" />
  <node id="7938" visible="true" version="1" lat="47.46652182915" lon="19.15012700257" />
  <node id="7939" visible="true" version="1" lat="47.46652094152" lon="19.15012722571" />
  <node id="7940" visible="true" version="1" lat="47.46652005332" lon="19.15012744503" />
  <node id="7941" visible="true" version="1" lat="47.46651916454" lon="19.15012766033" />
  <node id="7942" visible="true" version="1" lat="47.4665182754" lon="19.15012787314" />
  <node id="7943" visible="true" version="1" lat="47.46651738629" lon="19.15012808622" />
  <node id="7944" visible="true" version="1" lat="47.46651649774" lon="19.1501283031" />
  <node id="7945" visible="true" version="1" lat="47.46651561029" lon="19.15012852751" />
  <node id="7946" visible="true" version="1" lat="47.46651472445" lon="19.15012876292" />
  <node id="7947" visible="true" version="1" lat="47.46651384061" lon="19.15012901201" />
  <node id="7948" visible="true" version="1" lat="47.46651295898" lon="19.1501292762" />
  <node id="7949" visible="true" version="1" lat="47.46651207949" lon="19.1501295551" />
  <node id="7950" visible="true" version="1" lat="47.46651120177" lon="19.15012984603" />
  <node id="7951" visible="true" version="1" lat="47.466510325" lon="19.15013014351" />
  <node id="7952" visible="true" version="1" lat="47.46651200107" lon="19.15012953788" />
  <node id="7953" visible="true" version="1" lat="47.46651113211" lon="19.15012988117" />
  <node id="7954" visible="true" version="1" lat="47.46651025234" lon="19.15013016562" />
  <node id="7955" visible="true" version="1" lat="47.46650936806" lon="19.15013042559" />
  <node id="7956" visible="true" version="1" lat="47.46650848343" lon="19.15013068362" />
  <node id="7957" visible="true" version="1" lat="47.46650760078" lon="19.15013095243" />
  <node id="7958" visible="true" version="1" lat="47.46650672102" lon="19.15013123694" />
  <node id="7959" visible="true" version="1" lat="47.46650584398" lon="19.15013153629" />
  <node id="7960" visible="true" version="1" lat="47.46650496883" lon="19.15013184588" />
  <node id="7961" visible="true" version="1" lat="47.46650409439" lon="19.15013215934" />
  <node id="7962" visible="true" version="1" lat="47.46650321954" lon="19.15013247055" />
  <node id="7963" visible="true" version="1" lat="47.46650234358" lon="19.15013277572" />
  <node id="7964" visible="true" version="1" lat="47.46650146659" lon="19.15013307532" />
  <node id="7965" visible="true" version="1" lat="47.46650058983" lon="19.15013337614" />
  <node id="7966" visible="true" version="1" lat="47.46649971607" lon="19.15013369332" />
  <node id="7967" visible="true" version="1" lat="47.46649945437" lon="19.15013379137" />
  <node id="7968" visible="true" version="1" lat="47.46649858745" lon="19.15013414617" />
  <node id="7969" visible="true" version="1" lat="47.46649772423" lon="19.15013451957" />
  <node id="7970" visible="true" version="1" lat="47.46649686092" lon="19.15013489248" />
  <node id="7971" visible="true" version="1" lat="47.46649599613" lon="19.15013525803" />
  <node id="7972" visible="true" version="1" lat="47.46649513024" lon="19.15013561801" />
  <node id="7973" visible="true" version="1" lat="47.46649426461" lon="19.1501359793" />
  <node id="7974" visible="true" version="1" lat="47.46649340092" lon="19.15013635032" />
  <node id="7975" visible="true" version="1" lat="47.46649254043" lon="19.15013673742" />
  <node id="7976" visible="true" version="1" lat="47.4664916833" lon="19.1501371414" />
  <node id="7977" visible="true" version="1" lat="47.46649082786" lon="19.15013755384" />
  <node id="7978" visible="true" version="1" lat="47.46648996989" lon="19.15013795361" />
  <node id="7979" visible="true" version="1" lat="47.46649006039" lon="19.15013791203" />
  <node id="7980" visible="true" version="1" lat="47.46648919234" lon="19.15013831207" />
  <node id="7981" visible="true" version="1" lat="47.46648832583" lon="19.15013871681" />
  <node id="7982" visible="true" version="1" lat="47.46648746178" lon="19.15013912905" />
  <node id="7983" visible="true" version="1" lat="47.46648660069" lon="19.15013955033" />
  <node id="7984" visible="true" version="1" lat="47.46648574276" lon="19.15013998124" />
  <node id="7985" visible="true" version="1" lat="47.46648488791" lon="19.15014042155" />
  <node id="7986" visible="true" version="1" lat="47.46648403587" lon="19.15014087043" />
  <node id="7987" visible="true" version="1" lat="47.46648318625" lon="19.1501413267" />
  <node id="7988" visible="true" version="1" lat="47.46648233861" lon="19.15014178902" />
  <node id="7989" visible="true" version="1" lat="47.46648149252" lon="19.15014225607" />
  <node id="7990" visible="true" version="1" lat="47.46648064765" lon="19.15014272681" />
  <node id="7991" visible="true" version="1" lat="47.46647980379" lon="19.15014320066" />
  <node id="7992" visible="true" version="1" lat="47.46647896099" lon="19.15014367772" />
  <node id="7993" visible="true" version="1" lat="47.4664793541" lon="19.15014344388" />
  <node id="7994" visible="true" version="1" lat="47.46647851833" lon="19.15014393798" />
  <node id="7995" visible="true" version="1" lat="47.46647768091" lon="19.15014442672" />
  <node id="7996" visible="true" version="1" lat="47.46647684374" lon="19.15014491625" />
  <node id="7997" visible="true" version="1" lat="47.4664760077" lon="19.15014540948" />
  <node id="7998" visible="true" version="1" lat="47.46647517297" lon="19.15014590699" />
  <node id="7999" visible="true" version="1" lat="47.46647433931" lon="19.15014640799" />
  <node id="8000" visible="true" version="1" lat="47.46647350634" lon="19.15014691126" />
  <node id="8001" visible="true" version="1" lat="47.46647267385" lon="19.15014741606" />
  <node id="8002" visible="true" version="1" lat="47.46647184205" lon="19.15014792313" />
  <node id="8003" visible="true" version="1" lat="47.46647101189" lon="19.15014843554" />
  <node id="8004" visible="true" version="1" lat="47.46647018533" lon="19.15014895971" />
  <node id="8005" visible="true" version="1" lat="47.46646936564" lon="19.15014950627" />
  <node id="8006" visible="true" version="1" lat="47.46646949532" lon="19.15014940883" />
  <node id="8007" visible="true" version="1" lat="47.46646868797" lon="19.15014999441" />
  <node id="8008" visible="true" version="1" lat="47.46646787167" lon="19.15015055427" />
  <node id="8009" visible="true" version="1" lat="47.4664670524" lon="19.15015110556" />
  <node id="8010" visible="true" version="1" lat="47.46646623364" lon="19.15015165831" />
  <node id="8011" visible="true" version="1" lat="47.46646541701" lon="19.1501522172" />
  <node id="8012" visible="true" version="1" lat="47.46646460288" lon="19.15015278328" />
  <node id="8013" visible="true" version="1" lat="47.46646379096" lon="19.15015335571" />
  <node id="8014" visible="true" version="1" lat="47.46646298091" lon="19.15015393353" />
  <node id="8015" visible="true" version="1" lat="47.46646217296" lon="19.15015451738" />
  <node id="8016" visible="true" version="1" lat="47.46646136851" lon="19.15015511128" />
  <node id="8017" visible="true" version="1" lat="47.46646057071" lon="19.15015572432" />
  <node id="8018" visible="true" version="1" lat="47.46645949509" lon="19.15015651425" />
  <node id="8019" visible="true" version="1" lat="47.46645869329" lon="19.15015711929" />
  <node id="8020" visible="true" version="1" lat="47.46645789516" lon="19.15015773376" />
  <node id="8021" visible="true" version="1" lat="47.46645710041" lon="19.15015835689" />
  <node id="8022" visible="true" version="1" lat="47.46645630883" lon="19.15015898812" />
  <node id="8023" visible="true" version="1" lat="47.46645552019" lon="19.15015962693" />
  <node id="8024" visible="true" version="1" lat="47.46645473423" lon="19.15016027256" />
  <node id="8025" visible="true" version="1" lat="47.4664539505" lon="19.15016092391" />
  <node id="8026" visible="true" version="1" lat="47.46645316833" lon="19.15016157928" />
  <node id="8027" visible="true" version="1" lat="47.46645238676" lon="19.15016223617" />
  <node id="8028" visible="true" version="1" lat="47.46645160443" lon="19.15016289112" />
  <node id="8029" visible="true" version="1" lat="47.46645081953" lon="19.15016353949" />
  <node id="8030" visible="true" version="1" lat="47.4664500297" lon="19.15016417523" />
  <node id="8031" visible="true" version="1" lat="47.46645069725" lon="19.15016357247" />
  <node id="8032" visible="true" version="1" lat="47.46644992875" lon="19.15016426492" />
  <node id="8033" visible="true" version="1" lat="47.46644915615" lon="19.15016494846" />
  <node id="8034" visible="true" version="1" lat="47.46644838584" lon="19.15016563698" />
  <node id="8035" visible="true" version="1" lat="47.46644762097" lon="19.15016633734" />
  <node id="8036" visible="true" version="1" lat="47.4664468622" lon="19.15016705097" />
  <node id="8037" visible="true" version="1" lat="47.46644610848" lon="19.15016777557" />
  <node id="8038" visible="true" version="1" lat="47.46644535777" lon="19.15016850672" />
  <node id="8039" visible="true" version="1" lat="47.46644460784" lon="19.15016923957" />
  <node id="8040" visible="true" version="1" lat="47.46644385701" lon="19.15016997046" />
  <node id="8041" visible="true" version="1" lat="47.46644310493" lon="19.15017069862" />
  <node id="8042" visible="true" version="1" lat="47.46644235331" lon="19.15017142779" />
  <node id="8043" visible="true" version="1" lat="47.4664416067" lon="19.15017216786" />
  <node id="8044" visible="true" version="1" lat="47.46644087326" lon="19.15017293657" />
  <node id="8045" visible="true" version="1" lat="47.4664401655" lon="19.15017376114" />
  <node id="8046" visible="true" version="1" lat="47.46644110305" lon="19.15017271411" />
  <node id="8047" visible="true" version="1" lat="47.46644038712" lon="19.1501735208" />
  <node id="8048" visible="true" version="1" lat="47.4664396578" lon="19.15017430445" />
  <node id="8049" visible="true" version="1" lat="47.46643892658" lon="19.15017508481" />
  <node id="8050" visible="true" version="1" lat="47.46643820037" lon="19.1501758738" />
  <node id="8051" visible="true" version="1" lat="47.46643748236" lon="19.15017667692" />
  <node id="8052" visible="true" version="1" lat="47.46643677291" lon="19.15017749476" />
  <node id="8053" visible="true" version="1" lat="47.46643607029" lon="19.15017832437" />
  <node id="8054" visible="true" version="1" lat="47.46643537161" lon="19.15017916077" />
  <node id="8055" visible="true" version="1" lat="47.46643467363" lon="19.15017999835" />
  <node id="8056" visible="true" version="1" lat="47.46643397356" lon="19.15018083235" />
  <node id="8057" visible="true" version="1" lat="47.46643326996" lon="19.15018166027" />
  <node id="8058" visible="true" version="1" lat="47.46643256356" lon="19.15018248336" />
  <node id="8059" visible="true" version="1" lat="47.46643185806" lon="19.15018330802" />
  <node id="8060" visible="true" version="1" lat="47.46643116104" lon="19.15018414727" />
  <node id="8061" visible="true" version="1" lat="47.46643048474" lon="19.15018502219" />
  <node id="8062" visible="true" version="1" lat="47.46643068805" lon="19.15018476159" />
  <node id="8063" visible="true" version="1" lat="47.46643001035" lon="19.15018564261" />
  <node id="8064" visible="true" version="1" lat="47.46642934095" lon="19.15018653516" />
  <node id="8065" visible="true" version="1" lat="47.46642867371" lon="19.15018743072" />
  <node id="8066" visible="true" version="1" lat="47.46642800566" lon="19.15018832515" />
  <node id="8067" visible="true" version="1" lat="47.46642733625" lon="19.15018921769" />
  <node id="8068" visible="true" version="1" lat="47.46642666666" lon="19.15019010998" />
  <node id="8069" visible="true" version="1" lat="47.4664259991" lon="19.1501910051" />
  <node id="8070" visible="true" version="1" lat="47.46642533612" lon="19.15019190658" />
  <node id="8071" visible="true" version="1" lat="47.46642467988" lon="19.15019281742" />
  <node id="8072" visible="true" version="1" lat="47.46642403144" lon="19.15019373913" />
  <node id="8073" visible="true" version="1" lat="47.46642339011" lon="19.15019467072" />
  <node id="8074" visible="true" version="1" lat="47.46642275269" lon="19.15019560773" />
  <node id="8075" visible="true" version="1" lat="47.46642211278" lon="19.15019654129" />
  <node id="8076" visible="true" version="1" lat="47.46642233048" lon="19.15019621608" />
  <node id="8077" visible="true" version="1" lat="47.46642169805" lon="19.15019716223" />
  <node id="8078" visible="true" version="1" lat="47.46642106783" lon="19.15019811127" />
  <node id="8079" visible="true" version="1" lat="47.46642044054" lon="19.15019906414" />
  <node id="8080" visible="true" version="1" lat="47.46641981633" lon="19.15020002102" />
  <node id="8081" visible="true" version="1" lat="47.46641919499" lon="19.15020098165" />
  <node id="8082" visible="true" version="1" lat="47.46641857622" lon="19.15020194562" />
  <node id="8083" visible="true" version="1" lat="47.46641795985" lon="19.15020291274" />
  <node id="8084" visible="true" version="1" lat="47.46641734612" lon="19.15020388329" />
  <node id="8085" visible="true" version="1" lat="47.46641673589" lon="19.15020485842" />
  <node id="8086" visible="true" version="1" lat="47.46641613093" lon="19.15020584041" />
  <node id="8087" visible="true" version="1" lat="47.4664155341" lon="19.15020683302" />
  <node id="8088" visible="true" version="1" lat="47.46641494966" lon="19.1502078418" />
  <node id="8089" visible="true" version="1" lat="47.46641438349" lon="19.15020887442" />
  <node id="8090" visible="true" version="1" lat="47.46641384332" lon="19.15020994096" />
  <node id="8091" visible="true" version="1" lat="47.466413339" lon="19.15021105428" />
  <node id="8092" visible="true" version="1" lat="47.46641483814" lon="19.15020838191" />
  <node id="8093" visible="true" version="1" lat="47.46641423462" lon="19.15020944814" />
  <node id="8094" visible="true" version="1" lat="47.46641363645" lon="19.15021051766" />
  <node id="8095" visible="true" version="1" lat="47.46641304358" lon="19.15021159043" />
  <node id="8096" visible="true" version="1" lat="47.46641245599" lon="19.15021266646" />
  <node id="8097" visible="true" version="1" lat="47.46641187367" lon="19.15021374572" />
  <node id="8098" visible="true" version="1" lat="47.46641129663" lon="19.15021482823" />
  <node id="8099" visible="true" version="1" lat="47.46641072489" lon="19.150215914" />
  <node id="8100" visible="true" version="1" lat="47.46641015848" lon="19.15021700305" />
  <node id="8101" visible="true" version="1" lat="47.46640959744" lon="19.1502180954" />
  <node id="8102" visible="true" version="1" lat="47.46640904184" lon="19.15021919109" />
  <node id="8103" visible="true" version="1" lat="47.46640849173" lon="19.15022029016" />
  <node id="8104" visible="true" version="1" lat="47.46640794717" lon="19.15022139265" />
  <node id="8105" visible="true" version="1" lat="47.46640740826" lon="19.1502224986" />
  <node id="8106" visible="true" version="1" lat="47.46640687507" lon="19.15022360807" />
  <node id="8107" visible="true" version="1" lat="47.46640634768" lon="19.15022472112" />
  <node id="8108" visible="true" version="1" lat="47.46640582619" lon="19.15022583778" />
  <node id="8109" visible="true" version="1" lat="47.4664053107" lon="19.15022695814" />
  <node id="8110" visible="true" version="1" lat="47.46640480128" lon="19.15022808223" />
  <node id="8111" visible="true" version="1" lat="47.46640429805" lon="19.15022921012" />
  <node id="8112" visible="true" version="1" lat="47.46640380108" lon="19.15023034186" />
  <node id="8113" visible="true" version="1" lat="47.46640331047" lon="19.15023147752" />
  <node id="8114" visible="true" version="1" lat="47.46640282631" lon="19.15023261714" />
  <node id="8115" visible="true" version="1" lat="47.46640234867" lon="19.15023376077" />
  <node id="8116" visible="true" version="1" lat="47.46640187764" lon="19.15023490846" />
  <node id="8117" visible="true" version="1" lat="47.46640141329" lon="19.15023606026" />
  <node id="8118" visible="true" version="1" lat="47.46640095567" lon="19.1502372162" />
  <node id="8119" visible="true" version="1" lat="47.46640050484" lon="19.15023837631" />
  <node id="8120" visible="true" version="1" lat="47.46640006084" lon="19.15023954063" />
  <node id="8121" visible="true" version="1" lat="47.46639962371" lon="19.15024070916" />
  <node id="8122" visible="true" version="1" lat="47.46639919347" lon="19.15024188193" />
  <node id="8123" visible="true" version="1" lat="47.46639877011" lon="19.15024305894" />
  <node id="8124" visible="true" version="1" lat="47.46639835364" lon="19.15024424018" />
  <node id="8125" visible="true" version="1" lat="47.46639794402" lon="19.15024542563" />
  <node id="8126" visible="true" version="1" lat="47.46639754122" lon="19.15024661528" />
  <node id="8127" visible="true" version="1" lat="47.46639714519" lon="19.15024780909" />
  <node id="8128" visible="true" version="1" lat="47.46639675583" lon="19.150249007" />
  <node id="8129" visible="true" version="1" lat="47.46639637306" lon="19.15025020896" />
  <node id="8130" visible="true" version="1" lat="47.46639599675" lon="19.15025141489" />
  <node id="8131" visible="true" version="1" lat="47.46639562677" lon="19.15025262472" />
  <node id="8132" visible="true" version="1" lat="47.46639526294" lon="19.15025383833" />
  <node id="8133" visible="true" version="1" lat="47.46639490509" lon="19.15025505561" />
  <node id="8134" visible="true" version="1" lat="47.466394553" lon="19.15025627643" />
  <node id="8135" visible="true" version="1" lat="47.46639420641" lon="19.15025750065" />
  <node id="8136" visible="true" version="1" lat="47.46639386508" lon="19.15025872808" />
  <node id="8137" visible="true" version="1" lat="47.46639352869" lon="19.15025995856" />
  <node id="8138" visible="true" version="1" lat="47.46639319692" lon="19.15026119188" />
  <node id="8139" visible="true" version="1" lat="47.4663928694" lon="19.15026242782" />
  <node id="8140" visible="true" version="1" lat="47.46639254576" lon="19.15026366613" />
  <node id="8141" visible="true" version="1" lat="47.46639222555" lon="19.15026490656" />
  <node id="8142" visible="true" version="1" lat="47.46639190832" lon="19.15026614883" />
  <node id="8143" visible="true" version="1" lat="47.46639159358" lon="19.15026739262" />
  <node id="8144" visible="true" version="1" lat="47.4663912808" lon="19.15026863761" />
  <node id="8145" visible="true" version="1" lat="47.46639096939" lon="19.15026988345" />
  <node id="8146" visible="true" version="1" lat="47.46639065876" lon="19.15027112977" />
  <node id="8147" visible="true" version="1" lat="47.46639034825" lon="19.15027237616" />
  <node id="8148" visible="true" version="1" lat="47.46639132682" lon="19.15026842823" />
  <node id="8149" visible="true" version="1" lat="47.46639105331" lon="19.15026969519" />
  <node id="8150" visible="true" version="1" lat="47.46639073331" lon="19.15027094531" />
  <node id="8151" visible="true" version="1" lat="47.46639039822" lon="19.15027218996" />
  <node id="8152" visible="true" version="1" lat="47.46639006942" lon="19.15027343689" />
  <node id="8153" visible="true" version="1" lat="47.46638975971" lon="19.15027469074" />
  <node id="8154" visible="true" version="1" lat="47.46638947483" lon="19.15027595358" />
  <node id="8155" visible="true" version="1" lat="47.46638921485" lon="19.15027722545" />
  <node id="8156" visible="true" version="1" lat="47.46638897573" lon="19.15027850489" />
  <node id="8157" visible="true" version="1" lat="47.4663887507" lon="19.15027978943" />
  <node id="8158" visible="true" version="1" lat="47.46638853178" lon="19.15028107618" />
  <node id="8159" visible="true" version="1" lat="47.46638831121" lon="19.15028236234" />
  <node id="8160" visible="true" version="1" lat="47.46638808297" lon="19.15028364571" />
  <node id="8161" visible="true" version="1" lat="47.46638784417" lon="19.15028492526" />
  <node id="8162" visible="true" version="1" lat="47.4663875966" lon="19.15028620163" />
  <node id="8163" visible="true" version="1" lat="47.46638734811" lon="19.15028747767" />
  <node id="8164" visible="true" version="1" lat="47.46638711415" lon="19.15028875897" />
  <node id="8165" visible="true" version="1" lat="47.4663869192" lon="19.15029005442" />
  <node id="8166" visible="true" version="1" lat="47.46638679824" lon="19.15029137668" />
  <node id="8167" visible="true" version="1" lat="47.46638679823" lon="19.15029274277" />
  <node id="8168" visible="true" version="1" lat="47.46638740929" lon="19.15028886726" />
  <node id="8169" visible="true" version="1" lat="47.46638719532" lon="19.15029019388" />
  <node id="8170" visible="true" version="1" lat="47.46638698628" lon="19.1502915205" />
  <node id="8171" visible="true" version="1" lat="47.46638678238" lon="19.15029284712" />
  <node id="8172" visible="true" version="1" lat="47.46638658382" lon="19.15029417374" />
  <node id="8173" visible="true" version="1" lat="47.46638639078" lon="19.15029550036" />
  <node id="8174" visible="true" version="1" lat="47.46638620343" lon="19.15029682698" />
  <node id="8175" visible="true" version="1" lat="47.46638602193" lon="19.1502981536" />
  <node id="8176" visible="true" version="1" lat="47.46638584642" lon="19.15029948022" />
  <node id="8177" visible="true" version="1" lat="47.46638567702" lon="19.15030080684" />
  <node id="8178" visible="true" version="1" lat="47.46638551385" lon="19.15030213346" />
  <node id="8179" visible="true" version="1" lat="47.46638535702" lon="19.15030346009" />
  <node id="8180" visible="true" version="1" lat="47.46638520661" lon="19.15030478671" />
  <node id="8181" visible="true" version="1" lat="47.4663850627" lon="19.15030611333" />
  <node id="8182" visible="true" version="1" lat="47.46638492537" lon="19.15030743995" />
  <node id="8183" visible="true" version="1" lat="47.46638479467" lon="19.15030876657" />
  <node id="8184" visible="true" version="1" lat="47.46638467066" lon="19.15031009319" />
  <node id="8185" visible="true" version="1" lat="47.46638455339" lon="19.15031141981" />
  <node id="8186" visible="true" version="1" lat="47.46638444288" lon="19.15031274643" />
  <node id="8187" visible="true" version="1" lat="47.46638433918" lon="19.15031407305" />
  <node id="8188" visible="true" version="1" lat="47.46638424231" lon="19.15031539967" />
  <node id="8189" visible="true" version="1" lat="47.46638415228" lon="19.15031672629" />
  <node id="8190" visible="true" version="1" lat="47.46638406911" lon="19.15031805291" />
  <node id="8191" visible="true" version="1" lat="47.46638399281" lon="19.15031937954" />
  <node id="8192" visible="true" version="1" lat="47.46638392338" lon="19.15032070616" />
  <node id="8193" visible="true" version="1" lat="47.46638386084" lon="19.15032203278" />
  <node id="8194" visible="true" version="1" lat="47.46638380517" lon="19.1503233594" />
  <node id="8195" visible="true" version="1" lat="47.46638375639" lon="19.15032468602" />
  <node id="8196" visible="true" version="1" lat="47.46638371449" lon="19.15032601264" />
  <node id="8197" visible="true" version="1" lat="47.46638367946" lon="19.15032733926" />
  <node id="8198" visible="true" version="1" lat="47.46638365131" lon="19.15032866588" />
  <node id="8199" visible="true" version="1" lat="47.46638363005" lon="19.1503299925" />
  <node id="8200" visible="true" version="1" lat="47.46638361566" lon="19.15033131912" />
  <node id="8201" visible="true" version="1" lat="47.46638360816" lon="19.15033264574" />
  <node id="8202" visible="true" version="1" lat="47.46638360755" lon="19.15033397236" />
  <node id="8203" visible="true" version="1" lat="47.46638361384" lon="19.15033529898" />
  <node id="8204" visible="true" version="1" lat="47.46638362705" lon="19.15033662561" />
  <node id="8205" visible="true" version="1" lat="47.4663836472" lon="19.15033795223" />
  <node id="8206" visible="true" version="1" lat="47.46638367432" lon="19.15033927885" />
  <node id="8207" visible="true" version="1" lat="47.46638370843" lon="19.15034060547" />
  <node id="8208" visible="true" version="1" lat="47.46638374957" lon="19.15034193209" />
  <node id="8209" visible="true" version="1" lat="47.4663837978" lon="19.15034325871" />
  <node id="8210" visible="true" version="1" lat="47.46638385317" lon="19.15034458533" />
  <node id="8211" visible="true" version="1" lat="47.46638391574" lon="19.15034591195" />
  <node id="8212" visible="true" version="1" lat="47.46638398558" lon="19.15034723857" />
  <node id="8213" visible="true" version="1" lat="47.46638406277" lon="19.15034856519" />
  <node id="8214" visible="true" version="1" lat="47.46638414742" lon="19.15034989181" />
  <node id="8215" visible="true" version="1" lat="47.46638423963" lon="19.15035121843" />
  <node id="8216" visible="true" version="1" lat="47.46638433951" lon="19.15035254505" />
  <node id="8217" visible="true" version="1" lat="47.46638444719" lon="19.15035387168" />
  <node id="8218" visible="true" version="1" lat="47.46638456282" lon="19.1503551983" />
  <node id="8219" visible="true" version="1" lat="47.46638468656" lon="19.15035652492" />
  <node id="8220" visible="true" version="1" lat="47.46638481858" lon="19.15035785154" />
  <node id="8221" visible="true" version="1" lat="47.46638495906" lon="19.15035917816" />
  <node id="8222" visible="true" version="1" lat="47.46638459276" lon="19.15035470796" />
  <node id="8223" visible="true" version="1" lat="47.46638469516" lon="19.15035603695" />
  <node id="8224" visible="true" version="1" lat="47.46638480261" lon="19.15035736411" />
  <node id="8225" visible="true" version="1" lat="47.46638491573" lon="19.15035868921" />
  <node id="8226" visible="true" version="1" lat="47.46638503506" lon="19.15036001206" />
  <node id="8227" visible="true" version="1" lat="47.46638516109" lon="19.15036133248" />
  <node id="8228" visible="true" version="1" lat="47.46638529422" lon="19.15036265033" />
  <node id="8229" visible="true" version="1" lat="47.46638543481" lon="19.15036396548" />
  <node id="8230" visible="true" version="1" lat="47.46638558315" lon="19.15036527781" />
  <node id="8231" visible="true" version="1" lat="47.46638573947" lon="19.15036658726" />
  <node id="8232" visible="true" version="1" lat="47.46638590398" lon="19.15036789374" />
  <node id="8233" visible="true" version="1" lat="47.46638607679" lon="19.1503691972" />
  <node id="8234" visible="true" version="1" lat="47.46638625802" lon="19.15037049762" />
  <node id="8235" visible="true" version="1" lat="47.4663864477" lon="19.15037179497" />
  <node id="8236" visible="true" version="1" lat="47.46638664586" lon="19.15037308925" />
  <node id="8237" visible="true" version="1" lat="47.46638685247" lon="19.15037438046" />
  <node id="8238" visible="true" version="1" lat="47.46638706747" lon="19.15037566864" />
  <node id="8239" visible="true" version="1" lat="47.46638729079" lon="19.1503769538" />
  <node id="8240" visible="true" version="1" lat="47.46638752229" lon="19.15037823599" />
  <node id="8241" visible="true" version="1" lat="47.46638776186" lon="19.15037951527" />
  <node id="8242" visible="true" version="1" lat="47.46638800933" lon="19.15038079167" />
  <node id="8243" visible="true" version="1" lat="47.46638826453" lon="19.15038206527" />
  <node id="8244" visible="true" version="1" lat="47.46638852728" lon="19.15038333614" />
  <node id="8245" visible="true" version="1" lat="47.46638879738" lon="19.15038460435" />
  <node id="8246" visible="true" version="1" lat="47.46638907462" lon="19.15038586996" />
  <node id="8247" visible="true" version="1" lat="47.4663893588" lon="19.15038713307" />
  <node id="8248" visible="true" version="1" lat="47.4663896497" lon="19.15038839373" />
  <node id="8249" visible="true" version="1" lat="47.46638994711" lon="19.15038965204" />
  <node id="8250" visible="true" version="1" lat="47.46639025083" lon="19.15039090806" />
  <node id="8251" visible="true" version="1" lat="47.46639056066" lon="19.15039216186" />
  <node id="8252" visible="true" version="1" lat="47.46639087642" lon="19.15039341351" />
  <node id="8253" visible="true" version="1" lat="47.46639119794" lon="19.15039466308" />
  <node id="8254" visible="true" version="1" lat="47.46639152506" lon="19.15039591062" />
  <node id="8255" visible="true" version="1" lat="47.46639185765" lon="19.15039715617" />
  <node id="8256" visible="true" version="1" lat="47.4663921956" lon="19.15039839978" />
  <node id="8257" visible="true" version="1" lat="47.46639253884" lon="19.15039964148" />
  <node id="8258" visible="true" version="1" lat="47.4663928873" lon="19.15040088128" />
  <node id="8259" visible="true" version="1" lat="47.46639324096" lon="19.1504021192" />
  <node id="8260" visible="true" version="1" lat="47.46639359986" lon="19.15040335522" />
  <node id="8261" visible="true" version="1" lat="47.46639396403" lon="19.15040458932" />
  <node id="8262" visible="true" version="1" lat="47.46639433359" lon="19.15040582148" />
  <node id="8263" visible="true" version="1" lat="47.46639470867" lon="19.15040705163" />
  <node id="8264" visible="true" version="1" lat="47.46639508947" lon="19.15040827971" />
  <node id="8265" visible="true" version="1" lat="47.46639547623" lon="19.15040950563" />
  <node id="8266" visible="true" version="1" lat="47.46639586926" lon="19.15041072928" />
  <node id="8267" visible="true" version="1" lat="47.46639626891" lon="19.15041195053" />
  <node id="8268" visible="true" version="1" lat="47.46639667561" lon="19.15041316922" />
  <node id="8269" visible="true" version="1" lat="47.46639708983" lon="19.15041438519" />
  <node id="8270" visible="true" version="1" lat="47.46639751214" lon="19.15041559823" />
  <node id="8271" visible="true" version="1" lat="47.46639794314" lon="19.15041680811" />
  <node id="8272" visible="true" version="1" lat="47.46639838355" lon="19.15041801458" />
  <node id="8273" visible="true" version="1" lat="47.46639883413" lon="19.15041921737" />
  <node id="8274" visible="true" version="1" lat="47.46639929574" lon="19.15042041616" />
  <node id="8275" visible="true" version="1" lat="47.46639976932" lon="19.15042161062" />
  <node id="8276" visible="true" version="1" lat="47.46639969009" lon="19.15042142302" />
  <node id="8277" visible="true" version="1" lat="47.46640016648" lon="19.1504225513" />
  <node id="8278" visible="true" version="1" lat="47.46640064319" lon="19.15042367924" />
  <node id="8279" visible="true" version="1" lat="47.46640112103" lon="19.15042480599" />
  <node id="8280" visible="true" version="1" lat="47.46640160074" lon="19.15042593079" />
  <node id="8281" visible="true" version="1" lat="47.46640208295" lon="19.15042705297" />
  <node id="8282" visible="true" version="1" lat="47.46640256823" lon="19.15042817191" />
  <node id="8283" visible="true" version="1" lat="47.4664030571" lon="19.1504292871" />
  <node id="8284" visible="true" version="1" lat="47.46640354999" lon="19.15043039808" />
  <node id="8285" visible="true" version="1" lat="47.46640404725" lon="19.15043150446" />
  <node id="8286" visible="true" version="1" lat="47.4664045492" lon="19.15043260593" />
  <node id="8287" visible="true" version="1" lat="47.46640505608" lon="19.15043370222" />
  <node id="8288" visible="true" version="1" lat="47.4664055681" lon="19.15043479313" />
  <node id="8289" visible="true" version="1" lat="47.46640608539" lon="19.15043587851" />
  <node id="8290" visible="true" version="1" lat="47.46640660805" lon="19.15043695825" />
  <node id="8291" visible="true" version="1" lat="47.46640713614" lon="19.1504380323" />
  <node id="8292" visible="true" version="1" lat="47.46640766968" lon="19.15043910064" />
  <node id="8293" visible="true" version="1" lat="47.46640820864" lon="19.15044016329" />
  <node id="8294" visible="true" version="1" lat="47.46640875297" lon="19.1504412203" />
  <node id="8295" visible="true" version="1" lat="47.46640930259" lon="19.15044227176" />
  <node id="8296" visible="true" version="1" lat="47.4664098574" lon="19.15044331778" />
  <node id="8297" visible="true" version="1" lat="47.46641041727" lon="19.1504443585" />
  <node id="8298" visible="true" version="1" lat="47.46641098205" lon="19.15044539406" />
  <node id="8299" visible="true" version="1" lat="47.46641155159" lon="19.15044642463" />
  <node id="8300" visible="true" version="1" lat="47.46641212572" lon="19.15044745039" />
  <node id="8301" visible="true" version="1" lat="47.46641270426" lon="19.15044847152" />
  <node id="8302" visible="true" version="1" lat="47.46641328704" lon="19.15044948821" />
  <node id="8303" visible="true" version="1" lat="47.46641387387" lon="19.15045050065" />
  <node id="8304" visible="true" version="1" lat="47.46641446458" lon="19.15045150901" />
  <node id="8305" visible="true" version="1" lat="47.46641505901" lon="19.15045251347" />
  <node id="8306" visible="true" version="1" lat="47.46641565701" lon="19.1504535142" />
  <node id="8307" visible="true" version="1" lat="47.46641625842" lon="19.15045451134" />
  <node id="8308" visible="true" version="1" lat="47.46641686314" lon="19.15045550501" />
  <node id="8309" visible="true" version="1" lat="47.46641747106" lon="19.15045649533" />
  <node id="8310" visible="true" version="1" lat="47.46641808211" lon="19.15045748236" />
  <node id="8311" visible="true" version="1" lat="47.46641869625" lon="19.15045846615" />
  <node id="8312" visible="true" version="1" lat="47.46641931347" lon="19.15045944672" />
  <node id="8313" visible="true" version="1" lat="47.46641993379" lon="19.15046042402" />
  <node id="8314" visible="true" version="1" lat="47.46642055728" lon="19.150461398" />
  <node id="8315" visible="true" version="1" lat="47.46642118405" lon="19.15046236854" />
  <node id="8316" visible="true" version="1" lat="47.46642181427" lon="19.15046333547" />
  <node id="8317" visible="true" version="1" lat="47.46642244814" lon="19.15046429856" />
  <node id="8318" visible="true" version="1" lat="47.46642308593" lon="19.15046525755" />
  <node id="8319" visible="true" version="1" lat="47.46642372796" lon="19.15046621208" />
  <node id="8320" visible="true" version="1" lat="47.46642437462" lon="19.15046716177" />
  <node id="8321" visible="true" version="1" lat="47.46642502636" lon="19.15046810612" />
  <node id="8322" visible="true" version="1" lat="47.4664256837" lon="19.1504690446" />
  <node id="8323" visible="true" version="1" lat="47.46642634724" lon="19.15046997658" />
  <node id="8324" visible="true" version="1" lat="47.46642701764" lon="19.15047090135" />
  <node id="8325" visible="true" version="1" lat="47.46642769566" lon="19.15047181814" />
  <node id="8326" visible="true" version="1" lat="47.46642838214" lon="19.15047272605" />
  <node id="8327" visible="true" version="1" lat="47.46642907799" lon="19.15047362414" />
  <node id="8328" visible="true" version="1" lat="47.46642978423" lon="19.15047451132" />
  <node id="8329" visible="true" version="1" lat="47.46643050198" lon="19.15047538644" />
  <node id="8330" visible="true" version="1" lat="47.46642902621" lon="19.15047308145" />
  <node id="8331" visible="true" version="1" lat="47.46642963978" lon="19.15047405877" />
  <node id="8332" visible="true" version="1" lat="47.46643026205" lon="19.15047502191" />
  <node id="8333" visible="true" version="1" lat="47.46643089232" lon="19.15047597199" />
  <node id="8334" visible="true" version="1" lat="47.46643152994" lon="19.15047691008" />
  <node id="8335" visible="true" version="1" lat="47.46643217431" lon="19.15047783717" />
  <node id="8336" visible="true" version="1" lat="47.46643282486" lon="19.15047875417" />
  <node id="8337" visible="true" version="1" lat="47.46643348108" lon="19.15047966192" />
  <node id="8338" visible="true" version="1" lat="47.4664341425" lon="19.15048056121" />
  <node id="8339" visible="true" version="1" lat="47.46643480866" lon="19.15048145274" />
  <node id="8340" visible="true" version="1" lat="47.46643547919" lon="19.15048233716" />
  <node id="8341" visible="true" version="1" lat="47.4664361537" lon="19.15048321508" />
  <node id="8342" visible="true" version="1" lat="47.46643683188" lon="19.15048408703" />
  <node id="8343" visible="true" version="1" lat="47.46643751341" lon="19.15048495349" />
  <node id="8344" visible="true" version="1" lat="47.46643819805" lon="19.1504858149" />
  <node id="8345" visible="true" version="1" lat="47.46643888554" lon="19.15048667165" />
  <node id="8346" visible="true" version="1" lat="47.46643957568" lon="19.15048752409" />
  <node id="8347" visible="true" version="1" lat="47.46644026828" lon="19.15048837251" />
  <node id="8348" visible="true" version="1" lat="47.46644096317" lon="19.15048921718" />
  <node id="8349" visible="true" version="1" lat="47.46644166022" lon="19.15049005834" />
  <node id="8350" visible="true" version="1" lat="47.46644235931" lon="19.15049089618" />
  <node id="8351" visible="true" version="1" lat="47.46644306033" lon="19.15049173086" />
  <node id="8352" visible="true" version="1" lat="47.4664437632" lon="19.15049256254" />
  <node id="8353" visible="true" version="1" lat="47.46644446784" lon="19.15049339132" />
  <node id="8354" visible="true" version="1" lat="47.4664451742" lon="19.15049421729" />
  <node id="8355" visible="true" version="1" lat="47.46644588222" lon="19.15049504055" />
  <node id="8356" visible="true" version="1" lat="47.46644659188" lon="19.15049586115" />
  <node id="8357" visible="true" version="1" lat="47.46644730313" lon="19.15049667914" />
  <node id="8358" visible="true" version="1" lat="47.46644801597" lon="19.15049749456" />
  <node id="8359" visible="true" version="1" lat="47.46644873035" lon="19.15049830745" />
  <node id="8360" visible="true" version="1" lat="47.46644944627" lon="19.15049911782" />
  <node id="8361" visible="true" version="1" lat="47.46645016372" lon="19.15049992572" />
  <node id="8362" visible="true" version="1" lat="47.46645088266" lon="19.15050073118" />
  <node id="8363" visible="true" version="1" lat="47.46645160308" lon="19.15050153421" />
  <node id="8364" visible="true" version="1" lat="47.46645232496" lon="19.15050233488" />
  <node id="8365" visible="true" version="1" lat="47.46645304826" lon="19.15050313323" />
  <node id="8366" visible="true" version="1" lat="47.46645377293" lon="19.15050392933" />
  <node id="8367" visible="true" version="1" lat="47.46645449894" lon="19.15050472326" />
  <node id="8368" visible="true" version="1" lat="47.46645522622" lon="19.15050551512" />
  <node id="8369" visible="true" version="1" lat="47.46645595468" lon="19.15050630504" />
  <node id="8370" visible="true" version="1" lat="47.46645668425" lon="19.15050709316" />
  <node id="8371" visible="true" version="1" lat="47.46645741481" lon="19.15050787966" />
  <node id="8372" visible="true" version="1" lat="47.46645814624" lon="19.15050866475" />
  <node id="8373" visible="true" version="1" lat="47.46645887839" lon="19.15050944867" />
  <node id="8374" visible="true" version="1" lat="47.46645961109" lon="19.15051023169" />
  <node id="8375" visible="true" version="1" lat="47.46646034414" lon="19.15051101412" />
  <node id="8376" visible="true" version="1" lat="47.46646107734" lon="19.15051179633" />
  <node id="8377" visible="true" version="1" lat="47.46646181042" lon="19.15051257871" />
  <node id="8378" visible="true" version="1" lat="47.4664626259" lon="19.1505133448" />
  <node id="8379" visible="true" version="1" lat="47.46646337965" lon="19.15051406934" />
  <node id="8380" visible="true" version="1" lat="47.46646412953" lon="19.15051480229" />
  <node id="8381" visible="true" version="1" lat="47.46646487663" lon="19.15051554131" />
  <node id="8382" visible="true" version="1" lat="47.46646562188" lon="19.15051628432" />
  <node id="8383" visible="true" version="1" lat="47.46646636613" lon="19.15051702951" />
  <node id="8384" visible="true" version="1" lat="47.46646711011" lon="19.15051777531" />
  <node id="8385" visible="true" version="1" lat="47.46646785442" lon="19.15051852037" />
  <node id="8386" visible="true" version="1" lat="47.46646859961" lon="19.15051926354" />
  <node id="8387" visible="true" version="1" lat="47.46646934609" lon="19.15052000388" />
  <node id="8388" visible="true" version="1" lat="47.46647009422" lon="19.15052074064" />
  <node id="8389" visible="true" version="1" lat="47.46647084428" lon="19.15052147322" />
  <node id="8390" visible="true" version="1" lat="47.46647159644" lon="19.1505222012" />
  <node id="8391" visible="true" version="1" lat="47.46647235086" lon="19.15052292429" />
  <node id="8392" visible="true" version="1" lat="47.4664731076" lon="19.15052364233" />
  <node id="8393" visible="true" version="1" lat="47.46647386667" lon="19.15052435529" />
  <node id="8394" visible="true" version="1" lat="47.46647462805" lon="19.15052506323" />
  <node id="8395" visible="true" version="1" lat="47.46647539167" lon="19.15052576631" />
  <node id="8396" visible="true" version="1" lat="47.46647615743" lon="19.15052646474" />
  <node id="8397" visible="true" version="1" lat="47.46647692518" lon="19.15052715883" />
  <node id="8398" visible="true" version="1" lat="47.46647769477" lon="19.15052784892" />
  <node id="8399" visible="true" version="1" lat="47.46647846603" lon="19.15052853537" />
  <node id="8400" visible="true" version="1" lat="47.46647923878" lon="19.1505292186" />
  <node id="8401" visible="true" version="1" lat="47.46648001283" lon="19.15052989899" />
  <node id="8402" visible="true" version="1" lat="47.46648078799" lon="19.15053057696" />
  <node id="8403" visible="true" version="1" lat="47.4664815641" lon="19.15053125289" />
  <node id="8404" visible="true" version="1" lat="47.46648234098" lon="19.15053192712" />
  <node id="8405" visible="true" version="1" lat="47.46648311851" lon="19.15053259995" />
  <node id="8406" visible="true" version="1" lat="47.46648389656" lon="19.15053327163" />
  <node id="8407" visible="true" version="1" lat="47.46648467507" lon="19.15053394234" />
  <node id="8408" visible="true" version="1" lat="47.46648545398" lon="19.15053461214" />
  <node id="8409" visible="true" version="1" lat="47.46648623332" lon="19.15053528103" />
  <node id="8410" visible="true" version="1" lat="47.46648701314" lon="19.15053594887" />
  <node id="8411" visible="true" version="1" lat="47.46648779356" lon="19.15053661541" />
  <node id="8412" visible="true" version="1" lat="47.46648857477" lon="19.15053728024" />
  <node id="8413" visible="true" version="1" lat="47.46648935701" lon="19.15053794282" />
  <node id="8414" visible="true" version="1" lat="47.46649014063" lon="19.15053860241" />
  <node id="8415" visible="true" version="1" lat="47.46649092602" lon="19.15053925812" />
  <node id="8416" visible="true" version="1" lat="47.46649171372" lon="19.15053990885" />
  <node id="8417" visible="true" version="1" lat="47.4664925043" lon="19.15054055328" />
  <node id="8418" visible="true" version="1" lat="47.46649329848" lon="19.15054118989" />
  <node id="8419" visible="true" version="1" lat="47.46649409707" lon="19.15054181692" />
  <node id="8420" visible="true" version="1" lat="47.466494901" lon="19.15054243234" />
  <node id="8421" visible="true" version="1" lat="47.46649571131" lon="19.15054303388" />
  <node id="8422" visible="true" version="1" lat="47.46649433201" lon="19.15054177936" />
  <node id="8423" visible="true" version="1" lat="47.46649509631" lon="19.15054247927" />
  <node id="8424" visible="true" version="1" lat="47.46649586412" lon="19.15054317056" />
  <node id="8425" visible="true" version="1" lat="47.46649663525" lon="19.15054385376" />
  <node id="8426" visible="true" version="1" lat="47.46649740946" lon="19.1505445294" />
  <node id="8427" visible="true" version="1" lat="47.46649818654" lon="19.15054519802" />
  <node id="8428" visible="true" version="1" lat="47.46649896628" lon="19.15054586014" />
  <node id="8429" visible="true" version="1" lat="47.46649974846" lon="19.15054651629" />
  <node id="8430" visible="true" version="1" lat="47.46650053286" lon="19.15054716699" />
  <node id="8431" visible="true" version="1" lat="47.46650131928" lon="19.15054781276" />
  <node id="8432" visible="true" version="1" lat="47.46650210751" lon="19.1505484541" />
  <node id="8433" visible="true" version="1" lat="47.46650289734" lon="19.15054909151" />
  <node id="8434" visible="true" version="1" lat="47.46650368859" lon="19.15054972548" />
  <node id="8435" visible="true" version="1" lat="47.46650448105" lon="19.15055035645" />
  <node id="8436" visible="true" version="1" lat="47.46650527456" lon="19.15055098489" />
  <node id="8437" visible="true" version="1" lat="47.46650606892" lon="19.15055161121" />
  <node id="8438" visible="true" version="1" lat="47.46650686398" lon="19.15055223584" />
  <node id="8439" visible="true" version="1" lat="47.46650765958" lon="19.15055285915" />
  <node id="8440" visible="true" version="1" lat="47.46650845557" lon="19.15055348149" />
  <node id="8441" visible="true" version="1" lat="47.46650925182" lon="19.15055410321" />
  <node id="8442" visible="true" version="1" lat="47.46651004821" lon="19.15055472459" />
  <node id="8443" visible="true" version="1" lat="47.46651084461" lon="19.15055534592" />
  <node id="8444" visible="true" version="1" lat="47.46651164095" lon="19.15055596742" />
  <node id="8445" visible="true" version="1" lat="47.46651243714" lon="19.15055658929" />
  <node id="8446" visible="true" version="1" lat="47.4665132331" lon="19.1505572117" />
  <node id="8447" visible="true" version="1" lat="47.4665140288" lon="19.15055783476" />
  <node id="8448" visible="true" version="1" lat="47.4665148242" lon="19.15055845857" />
  <node id="8449" visible="true" version="1" lat="47.46651561928" lon="19.15055908315" />
  <node id="8450" visible="true" version="1" lat="47.46651641404" lon="19.15055970849" />
  <node id="8451" visible="true" version="1" lat="47.46651720852" lon="19.15056033454" />
  <node id="8452" visible="true" version="1" lat="47.46651800275" lon="19.15056096119" />
  <node id="8453" visible="true" version="1" lat="47.46651879681" lon="19.15056158828" />
  <node id="8454" visible="true" version="1" lat="47.46651959077" lon="19.15056221559" />
  <node id="8455" visible="true" version="1" lat="47.46652038475" lon="19.15056284286" />
  <node id="8456" visible="true" version="1" lat="47.46652117888" lon="19.15056346976" />
  <node id="8457" visible="true" version="1" lat="47.46652197332" lon="19.1505640959" />
  <node id="8458" visible="true" version="1" lat="47.46652276825" lon="19.15056472083" />
  <node id="8459" visible="true" version="1" lat="47.46652356389" lon="19.15056534404" />
  <node id="8460" visible="true" version="1" lat="47.46652436047" lon="19.15056596495" />
  <node id="8461" visible="true" version="1" lat="47.46652515826" lon="19.1505665829" />
  <node id="8462" visible="true" version="1" lat="47.46652595755" lon="19.15056719718" />
  <node id="8463" visible="true" version="1" lat="47.46652675866" lon="19.150567807" />
  <node id="8464" visible="true" version="1" lat="47.46652756195" lon="19.15056841149" />
  <node id="8465" visible="true" version="1" lat="47.4665283678" lon="19.1505690097" />
  <node id="8466" visible="true" version="1" lat="47.46652917663" lon="19.15056960063" />
  <node id="8467" visible="true" version="1" lat="47.46652998889" lon="19.15057018317" />
  <node id="8468" visible="true" version="1" lat="47.4665268175" lon="19.15056775961" />
  <node id="8469" visible="true" version="1" lat="47.46652762285" lon="19.15056835905" />
  <node id="8470" visible="true" version="1" lat="47.46652842438" lon="19.15056896785" />
  <node id="8471" visible="true" version="1" lat="47.4665292228" lon="19.15056958424" />
  <node id="8472" visible="true" version="1" lat="47.46653001877" lon="19.15057020665" />
  <node id="8473" visible="true" version="1" lat="47.46653081285" lon="19.15057083366" />
  <node id="8474" visible="true" version="1" lat="47.46653160556" lon="19.15057146405" />
  <node id="8475" visible="true" version="1" lat="47.46653239734" lon="19.15057209671" />
  <node id="8476" visible="true" version="1" lat="47.46653318857" lon="19.15057273071" />
  <node id="8477" visible="true" version="1" lat="47.46653397958" lon="19.15057336524" />
  <node id="8478" visible="true" version="1" lat="47.46653477064" lon="19.15057399964" />
  <node id="8479" visible="true" version="1" lat="47.46653556199" lon="19.15057463334" />
  <node id="8480" visible="true" version="1" lat="47.46653635381" lon="19.15057526592" />
  <node id="8481" visible="true" version="1" lat="47.46653714621" lon="19.15057589703" />
  <node id="8482" visible="true" version="1" lat="47.46653793932" lon="19.15057652644" />
  <node id="8483" visible="true" version="1" lat="47.46653873318" lon="19.150577154" />
  <node id="8484" visible="true" version="1" lat="47.46653952783" lon="19.15057777964" />
  <node id="8485" visible="true" version="1" lat="47.46654032326" lon="19.15057840336" />
  <node id="8486" visible="true" version="1" lat="47.46654111945" lon="19.15057902521" />
  <node id="8487" visible="true" version="1" lat="47.46654191635" lon="19.15057964532" />
  <node id="8488" visible="true" version="1" lat="47.46654271391" lon="19.15058026385" />
  <node id="8489" visible="true" version="1" lat="47.46654351202" lon="19.150580881" />
  <node id="8490" visible="true" version="1" lat="47.46654431061" lon="19.15058149698" />
  <node id="8491" visible="true" version="1" lat="47.46654510957" lon="19.15058211206" />
  <node id="8492" visible="true" version="1" lat="47.4665459088" lon="19.15058272649" />
  <node id="8493" visible="true" version="1" lat="47.46654670819" lon="19.15058334054" />
  <node id="8494" visible="true" version="1" lat="47.46654750762" lon="19.15058395445" />
  <node id="8495" visible="true" version="1" lat="47.46654830701" lon="19.15058456849" />
  <node id="8496" visible="true" version="1" lat="47.46654910626" lon="19.15058518286" />
  <node id="8497" visible="true" version="1" lat="47.46654990529" lon="19.15058579777" />
  <node id="8498" visible="true" version="1" lat="47.46655070404" lon="19.15058641336" />
  <node id="8499" visible="true" version="1" lat="47.46655150247" lon="19.15058702974" />
  <node id="8500" visible="true" version="1" lat="47.46655230056" lon="19.15058764697" />
  <node id="8501" visible="true" version="1" lat="47.4665530983" lon="19.15058826503" />
  <node id="8502" visible="true" version="1" lat="47.46655389574" lon="19.15058888384" />
  <node id="8503" visible="true" version="1" lat="47.46655469294" lon="19.15058950322" />
  <node id="8504" visible="true" version="1" lat="47.46655549001" lon="19.15059012293" />
  <node id="8505" visible="true" version="1" lat="47.46655628709" lon="19.15059074261" />
  <node id="8506" visible="true" version="1" lat="47.46655708437" lon="19.15059136181" />
  <node id="8507" visible="true" version="1" lat="47.46655788208" lon="19.15059197994" />
  <node id="8508" visible="true" version="1" lat="47.46655868052" lon="19.15059259631" />
  <node id="8509" visible="true" version="1" lat="47.46655948" lon="19.1505932101" />
  <node id="8510" visible="true" version="1" lat="47.46656028095" lon="19.15059382034" />
  <node id="8511" visible="true" version="1" lat="47.4665610838" lon="19.1505944259" />
  <node id="8512" visible="true" version="1" lat="47.46656188907" lon="19.15059502552" />
  <node id="8513" visible="true" version="1" lat="47.46656269737" lon="19.15059561776" />
  <node id="8514" visible="true" version="1" lat="47.46656350934" lon="19.15059620101" />
  <node id="8515" visible="true" version="1" lat="47.46656104814" lon="19.15059419653" />
  <node id="8516" visible="true" version="1" lat="47.46656183508" lon="19.15059484888" />
  <node id="8517" visible="true" version="1" lat="47.4665626259" lon="19.1505954928" />
  <node id="8518" visible="true" version="1" lat="47.46656341991" lon="19.15059612978" />
  <node id="8519" visible="true" version="1" lat="47.4665642165" lon="19.15059676116" />
  <node id="8520" visible="true" version="1" lat="47.46656501512" lon="19.15059738812" />
  <node id="8521" visible="true" version="1" lat="47.46656581529" lon="19.1505980117" />
  <node id="8522" visible="true" version="1" lat="47.4665666166" lon="19.15059863281" />
  <node id="8523" visible="true" version="1" lat="47.46656741869" lon="19.15059925224" />
  <node id="8524" visible="true" version="1" lat="47.46656822124" lon="19.15059987064" />
  <node id="8525" visible="true" version="1" lat="47.46656902402" lon="19.15060048856" />
  <node id="8526" visible="true" version="1" lat="47.4665698268" lon="19.15060110646" />
  <node id="8527" visible="true" version="1" lat="47.46657062944" lon="19.15060172468" />
  <node id="8528" visible="true" version="1" lat="47.46657143181" lon="19.15060234349" />
  <node id="8529" visible="true" version="1" lat="47.46657223383" lon="19.15060296305" />
  <node id="8530" visible="true" version="1" lat="47.46657303546" lon="19.15060358347" />
  <node id="8531" visible="true" version="1" lat="47.46657383667" lon="19.15060420479" />
  <node id="8532" visible="true" version="1" lat="47.46657463748" lon="19.15060482698" />
  <node id="8533" visible="true" version="1" lat="47.46657543793" lon="19.15060544997" />
  <node id="8534" visible="true" version="1" lat="47.46657623807" lon="19.15060607363" />
  <node id="8535" visible="true" version="1" lat="47.46657703797" lon="19.15060669781" />
  <node id="8536" visible="true" version="1" lat="47.46657783772" lon="19.15060732231" />
  <node id="8537" visible="true" version="1" lat="47.46657863742" lon="19.15060794692" />
  <node id="8538" visible="true" version="1" lat="47.46657943717" lon="19.15060857142" />
  <node id="8539" visible="true" version="1" lat="47.46658023708" lon="19.15060919557" />
  <node id="8540" visible="true" version="1" lat="47.46658103726" lon="19.15060981913" />
  <node id="8541" visible="true" version="1" lat="47.46658183782" lon="19.15061044187" />
  <node id="8542" visible="true" version="1" lat="47.46658263885" lon="19.15061106359" />
  <node id="8543" visible="true" version="1" lat="47.46658344045" lon="19.15061168408" />
  <node id="8544" visible="true" version="1" lat="47.46658424268" lon="19.15061230319" />
  <node id="8545" visible="true" version="1" lat="47.4665850456" lon="19.15061292078" />
  <node id="8546" visible="true" version="1" lat="47.46658584926" lon="19.15061353678" />
  <node id="8547" visible="true" version="1" lat="47.46658665367" lon="19.15061415116" />
  <node id="8548" visible="true" version="1" lat="47.46658745881" lon="19.15061476395" />
  <node id="8549" visible="true" version="1" lat="47.46658826463" lon="19.15061537523" />
  <node id="8550" visible="true" version="1" lat="47.46658907108" lon="19.15061598518" />
  <node id="8551" visible="true" version="1" lat="47.46658987801" lon="19.15061659405" />
  <node id="8552" visible="true" version="1" lat="47.46659068529" lon="19.15061720218" />
  <node id="8553" visible="true" version="1" lat="47.46659149271" lon="19.15061781001" />
  <node id="8554" visible="true" version="1" lat="47.46659230002" lon="19.15061841807" />
  <node id="8555" visible="true" version="1" lat="47.46659310693" lon="19.15061902701" />
  <node id="8556" visible="true" version="1" lat="47.46659391307" lon="19.15061963761" />
  <node id="8557" visible="true" version="1" lat="47.46659471804" lon="19.15062025075" />
  <node id="8558" visible="true" version="1" lat="47.46659552137" lon="19.15062086747" />
  <node id="8559" visible="true" version="1" lat="47.46659467342" lon="19.15062025904" />
  <node id="8560" visible="true" version="1" lat="47.4665954908" lon="19.1506208452" />
  <node id="8561" visible="true" version="1" lat="47.46659630248" lon="19.15062144377" />
  <node id="8562" visible="true" version="1" lat="47.46659710944" lon="19.15062205259" />
  <node id="8563" visible="true" version="1" lat="47.46659791257" lon="19.15062266973" />
  <node id="8564" visible="true" version="1" lat="47.46659871268" lon="19.15062329346" />
  <node id="8565" visible="true" version="1" lat="47.46659951047" lon="19.15062392221" />
  <node id="8566" visible="true" version="1" lat="47.46660030658" lon="19.15062455463" />
  <node id="8567" visible="true" version="1" lat="47.46660110155" lon="19.15062518953" />
  <node id="8568" visible="true" version="1" lat="47.46660189586" lon="19.15062582587" />
  <node id="8569" visible="true" version="1" lat="47.4666026899" lon="19.15062646278" />
  <node id="8570" visible="true" version="1" lat="47.46660348402" lon="19.15062709953" />
  <node id="8571" visible="true" version="1" lat="47.46660427849" lon="19.15062773552" />
  <node id="8572" visible="true" version="1" lat="47.46660507352" lon="19.15062837028" />
  <node id="8573" visible="true" version="1" lat="47.46660586929" lon="19.15062900345" />
  <node id="8574" visible="true" version="1" lat="47.4666066659" lon="19.15062963478" />
  <node id="8575" visible="true" version="1" lat="47.46660746342" lon="19.15063026414" />
  <node id="8576" visible="true" version="1" lat="47.46660826188" lon="19.15063089144" />
  <node id="8577" visible="true" version="1" lat="47.46660906128" lon="19.15063151671" />
  <node id="8578" visible="true" version="1" lat="47.46660986157" lon="19.15063214003" />
  <node id="8579" visible="true" version="1" lat="47.46661066269" lon="19.15063276156" />
  <node id="8580" visible="true" version="1" lat="47.46661146455" lon="19.15063338147" />
  <node id="8581" visible="true" version="1" lat="47.46661226703" lon="19.15063400002" />
  <node id="8582" visible="true" version="1" lat="47.46661307003" lon="19.15063461747" />
  <node id="8583" visible="true" version="1" lat="47.46661387339" lon="19.15063523411" />
  <node id="8584" visible="true" version="1" lat="47.46661467699" lon="19.15063585025" />
  <node id="8585" visible="true" version="1" lat="47.46661548067" lon="19.1506364662" />
  <node id="8586" visible="true" version="1" lat="47.46661628431" lon="19.15063708225" />
  <node id="8587" visible="true" version="1" lat="47.46661708776" lon="19.1506376987" />
  <node id="8588" visible="true" version="1" lat="47.46661789091" lon="19.15063831581" />
  <node id="8589" visible="true" version="1" lat="47.46661869365" lon="19.15063893381" />
  <node id="8590" visible="true" version="1" lat="47.46661949589" lon="19.15063955289" />
  <node id="8591" visible="true" version="1" lat="47.46662029758" lon="19.15064017318" />
  <node id="8592" visible="true" version="1" lat="47.46662109868" lon="19.15064079475" />
  <node id="8593" visible="true" version="1" lat="47.46662189918" lon="19.15064141761" />
  <node id="8594" visible="true" version="1" lat="47.46662269914" lon="19.15064204167" />
  <node id="8595" visible="true" version="1" lat="47.46662349861" lon="19.15064266677" />
  <node id="8596" visible="true" version="1" lat="47.46662429773" lon="19.15064329264" />
  <node id="8597" visible="true" version="1" lat="47.46662509667" lon="19.15064391891" />
  <node id="8598" visible="true" version="1" lat="47.46662589566" lon="19.15064454506" />
  <node id="8599" visible="true" version="1" lat="47.46662669499" lon="19.15064517049" />
  <node id="8600" visible="true" version="1" lat="47.46662749499" lon="19.15064579444" />
  <node id="8601" visible="true" version="1" lat="47.4666282961" lon="19.15064641599" />
  <node id="8602" visible="true" version="1" lat="47.46662909879" lon="19.1506470341" />
  <node id="8603" visible="true" version="1" lat="47.46662990363" lon="19.15064764752" />
  <node id="8604" visible="true" version="1" lat="47.46663071127" lon="19.15064825487" />
  <node id="8605" visible="true" version="1" lat="47.46663152243" lon="19.15064885456" />
  <node id="8606" visible="true" version="1" lat="47.46662870854" lon="19.15064658161" />
  <node id="8607" visible="true" version="1" lat="47.4666294974" lon="19.15064722141" />
  <node id="8608" visible="true" version="1" lat="47.4666302869" lon="19.15064785965" />
  <node id="8609" visible="true" version="1" lat="47.466631077" lon="19.1506484964" />
  <node id="8610" visible="true" version="1" lat="47.46663186768" lon="19.15064913176" />
  <node id="8611" visible="true" version="1" lat="47.46663265888" lon="19.15064976582" />
  <node id="8612" visible="true" version="1" lat="47.46663345059" lon="19.15065039865" />
  <node id="8613" visible="true" version="1" lat="47.46663424276" lon="19.15065103035" />
  <node id="8614" visible="true" version="1" lat="47.46663503536" lon="19.15065166101" />
  <node id="8615" visible="true" version="1" lat="47.46663582834" lon="19.15065229071" />
  <node id="8616" visible="true" version="1" lat="47.46663662169" lon="19.15065291954" />
  <node id="8617" visible="true" version="1" lat="47.46663741535" lon="19.15065354759" />
  <node id="8618" visible="true" version="1" lat="47.46663820929" lon="19.15065417494" />
  <node id="8619" visible="true" version="1" lat="47.46663900349" lon="19.15065480167" />
  <node id="8620" visible="true" version="1" lat="47.46663979791" lon="19.15065542787" />
  <node id="8621" visible="true" version="1" lat="47.46664059252" lon="19.15065605361" />
  <node id="8622" visible="true" version="1" lat="47.46664138728" lon="19.15065667896" />
  <node id="8623" visible="true" version="1" lat="47.46664218217" lon="19.150657304" />
  <node id="8624" visible="true" version="1" lat="47.46664297717" lon="19.15065792879" />
  <node id="8625" visible="true" version="1" lat="47.46664377224" lon="19.15065855339" />
  <node id="8626" visible="true" version="1" lat="47.46664456736" lon="19.15065917787" />
  <node id="8627" visible="true" version="1" lat="47.46664536251" lon="19.15065980227" />
  <node id="8628" visible="true" version="1" lat="47.46664615767" lon="19.15066042665" />
  <node id="8629" visible="true" version="1" lat="47.46664695283" lon="19.15066105104" />
  <node id="8630" visible="true" version="1" lat="47.46664774797" lon="19.15066167548" />
  <node id="8631" visible="true" version="1" lat="47.46664854307" lon="19.15066229999" />
  <node id="8632" visible="true" version="1" lat="47.46664933813" lon="19.15066292461" />
  <node id="8633" visible="true" version="1" lat="47.46665013315" lon="19.15066354934" />
  <node id="8634" visible="true" version="1" lat="47.46665092812" lon="19.1506641742" />
  <node id="8635" visible="true" version="1" lat="47.46665172304" lon="19.15066479917" />
  <node id="8636" visible="true" version="1" lat="47.46665251791" lon="19.15066542425" />
  <node id="8637" visible="true" version="1" lat="47.46665331275" lon="19.15066604942" />
  <node id="8638" visible="true" version="1" lat="47.46665410756" lon="19.15066667466" />
  <node id="8639" visible="true" version="1" lat="47.46665490236" lon="19.15066729992" />
  <node id="8640" visible="true" version="1" lat="47.46665569717" lon="19.15066792515" />
  <node id="8641" visible="true" version="1" lat="47.46665649202" lon="19.15066855031" />
  <node id="8642" visible="true" version="1" lat="47.46665728692" lon="19.15066917531" />
  <node id="8643" visible="true" version="1" lat="47.46665808192" lon="19.15066980009" />
  <node id="8644" visible="true" version="1" lat="47.46665887706" lon="19.15067042454" />
  <node id="8645" visible="true" version="1" lat="47.46665967236" lon="19.15067104856" />
  <node id="8646" visible="true" version="1" lat="47.46666046789" lon="19.15067167204" />
  <node id="8647" visible="true" version="1" lat="47.4666612637" lon="19.15067229485" />
  <node id="8648" visible="true" version="1" lat="47.46666205983" lon="19.15067291684" />
  <node id="8649" visible="true" version="1" lat="47.46666285637" lon="19.15067353786" />
  <node id="8650" visible="true" version="1" lat="47.46666365336" lon="19.15067415775" />
  <node id="8651" visible="true" version="1" lat="47.4666644509" lon="19.15067477631" />
  <node id="8652" visible="true" version="1" lat="47.46666524907" lon="19.15067539334" />
  <node id="8653" visible="true" version="1" lat="47.46666604794" lon="19.15067600864" />
  <node id="8654" visible="true" version="1" lat="47.46666684761" lon="19.15067662198" />
  <node id="8655" visible="true" version="1" lat="47.46666588487" lon="19.15067583957" />
  <node id="8656" visible="true" version="1" lat="47.46666667331" lon="19.1506764804" />
  <node id="8657" visible="true" version="1" lat="47.466667462" lon="19.15067712062" />
  <node id="8658" visible="true" version="1" lat="47.46666825108" lon="19.15067775988" />
  <node id="8659" visible="true" version="1" lat="47.46666904068" lon="19.15067839786" />
  <node id="8660" visible="true" version="1" lat="47.4666698309" lon="19.15067903433" />
  <node id="8661" visible="true" version="1" lat="47.46667062181" lon="19.15067966913" />
  <node id="8662" visible="true" version="1" lat="47.46667141345" lon="19.15068030212" />
  <node id="8663" visible="true" version="1" lat="47.46667220585" lon="19.15068093325" />
  <node id="8664" visible="true" version="1" lat="47.46667299902" lon="19.1506815625" />
  <node id="8665" visible="true" version="1" lat="47.46667379295" lon="19.1506821899" />
  <node id="8666" visible="true" version="1" lat="47.4666745876" lon="19.15068281553" />
  <node id="8667" visible="true" version="1" lat="47.46667538294" lon="19.15068343947" />
  <node id="8668" visible="true" version="1" lat="47.4666761789" lon="19.15068406188" />
  <node id="8669" visible="true" version="1" lat="47.46667697543" lon="19.15068468291" />
  <node id="8670" visible="true" version="1" lat="47.46667777245" lon="19.15068530276" />
  <node id="8671" visible="true" version="1" lat="47.46667856987" lon="19.15068592162" />
  <node id="8672" visible="true" version="1" lat="47.4666793676" lon="19.15068653971" />
  <node id="8673" visible="true" version="1" lat="47.46668016554" lon="19.15068715727" />
  <node id="8674" visible="true" version="1" lat="47.46668096362" lon="19.15068777452" />
  <node id="8675" visible="true" version="1" lat="47.46668176171" lon="19.15068839172" />
  <node id="8676" visible="true" version="1" lat="47.46668255974" lon="19.15068900908" />
  <node id="8677" visible="true" version="1" lat="47.46668335761" lon="19.15068962683" />
  <node id="8678" visible="true" version="1" lat="47.46668415523" lon="19.1506902452" />
  <node id="8679" visible="true" version="1" lat="47.46668495252" lon="19.15069086438" />
  <node id="8680" visible="true" version="1" lat="47.4666857494" lon="19.15069148454" />
  <node id="8681" visible="true" version="1" lat="47.46668654582" lon="19.15069210585" />
  <node id="8682" visible="true" version="1" lat="47.46668734172" lon="19.15069272843" />
  <node id="8683" visible="true" version="1" lat="47.46668813706" lon="19.15069335237" />
  <node id="8684" visible="true" version="1" lat="47.46668893182" lon="19.15069397772" />
  <node id="8685" visible="true" version="1" lat="47.466689726" lon="19.15069460451" />
  <node id="8686" visible="true" version="1" lat="47.4666905196" lon="19.1506952327" />
  <node id="8687" visible="true" version="1" lat="47.46669131267" lon="19.15069586221" />
  <node id="8688" visible="true" version="1" lat="47.46669210525" lon="19.15069649291" />
  <node id="8689" visible="true" version="1" lat="47.46669289742" lon="19.15069712459" />
  <node id="8690" visible="true" version="1" lat="47.4666936893" lon="19.150697757" />
  <node id="8691" visible="true" version="1" lat="47.46669448101" lon="19.15069838982" />
  <node id="8692" visible="true" version="1" lat="47.46669527272" lon="19.15069902266" />
  <node id="8693" visible="true" version="1" lat="47.46669606462" lon="19.15069965502" />
  <node id="8694" visible="true" version="1" lat="47.46669685693" lon="19.15070028638" />
  <node id="8695" visible="true" version="1" lat="47.46669764991" lon="19.15070091608" />
  <node id="8696" visible="true" version="1" lat="47.46669844387" lon="19.15070154341" />
  <node id="8697" visible="true" version="1" lat="47.46669923913" lon="19.15070216754" />
  <node id="8698" visible="true" version="1" lat="47.46670003608" lon="19.15070278756" />
  <node id="8699" visible="true" version="1" lat="47.46670083512" lon="19.15070340245" />
  <node id="8700" visible="true" version="1" lat="47.46670163671" lon="19.15070401108" />
  <node id="8701" visible="true" version="1" lat="47.46670244137" lon="19.15070461223" />
  <node id="8702" visible="true" version="1" lat="47.46670051844" lon="19.15070305745" />
  <node id="8703" visible="true" version="1" lat="47.46670130761" lon="19.1507036965" />
  <node id="8704" visible="true" version="1" lat="47.46670209719" lon="19.15070433454" />
  <node id="8705" visible="true" version="1" lat="47.46670288719" lon="19.15070497154" />
  <node id="8706" visible="true" version="1" lat="47.46670367762" lon="19.1507056075" />
  <node id="8707" visible="true" version="1" lat="47.46670446847" lon="19.15070624242" />
  <node id="8708" visible="true" version="1" lat="47.46670525975" lon="19.1507068763" />
  <node id="8709" visible="true" version="1" lat="47.46670605144" lon="19.15070750917" />
  <node id="8710" visible="true" version="1" lat="47.46670684354" lon="19.15070814105" />
  <node id="8711" visible="true" version="1" lat="47.46670763602" lon="19.15070877199" />
  <node id="8712" visible="true" version="1" lat="47.46670842888" lon="19.15070940201" />
  <node id="8713" visible="true" version="1" lat="47.46670922209" lon="19.15071003116" />
  <node id="8714" visible="true" version="1" lat="47.46671001563" lon="19.15071065949" />
  <node id="8715" visible="true" version="1" lat="47.46671080949" lon="19.15071128706" />
  <node id="8716" visible="true" version="1" lat="47.46671160364" lon="19.15071191393" />
  <node id="8717" visible="true" version="1" lat="47.46671239805" lon="19.15071254015" />
  <node id="8718" visible="true" version="1" lat="47.4667131927" lon="19.15071316577" />
  <node id="8719" visible="true" version="1" lat="47.46671398757" lon="19.15071379087" />
  <node id="8720" visible="true" version="1" lat="47.46671478262" lon="19.15071441551" />
  <node id="8721" visible="true" version="1" lat="47.46671557785" lon="19.15071503973" />
  <node id="8722" visible="true" version="1" lat="47.46671637322" lon="19.1507156636" />
  <node id="8723" visible="true" version="1" lat="47.46671716871" lon="19.15071628717" />
  <node id="8724" visible="true" version="1" lat="47.46671796431" lon="19.15071691049" />
  <node id="8725" visible="true" version="1" lat="47.46671875998" lon="19.15071753361" />
  <node id="8726" visible="true" version="1" lat="47.46671955572" lon="19.15071815657" />
  <node id="8727" visible="true" version="1" lat="47.46672035152" lon="19.1507187794" />
  <node id="8728" visible="true" version="1" lat="47.46672114736" lon="19.15071940213" />
  <node id="8729" visible="true" version="1" lat="47.46672194323" lon="19.15072002477" />
  <node id="8730" visible="true" version="1" lat="47.46672273912" lon="19.15072064735" />
  <node id="8731" visible="true" version="1" lat="47.46672353505" lon="19.15072126986" />
  <node id="8732" visible="true" version="1" lat="47.46672433101" lon="19.15072189229" />
  <node id="8733" visible="true" version="1" lat="47.466725127" lon="19.15072251463" />
  <node id="8734" visible="true" version="1" lat="47.46672592305" lon="19.15072313683" />
  <node id="8735" visible="true" version="1" lat="47.46672671917" lon="19.15072375887" />
  <node id="8736" visible="true" version="1" lat="47.46672751538" lon="19.15072438068" />
  <node id="8737" visible="true" version="1" lat="47.46672831172" lon="19.15072500219" />
  <node id="8738" visible="true" version="1" lat="47.46672910821" lon="19.1507256233" />
  <node id="8739" visible="true" version="1" lat="47.46672990491" lon="19.15072624393" />
  <node id="8740" visible="true" version="1" lat="47.46673070185" lon="19.15072686395" />
  <node id="8741" visible="true" version="1" lat="47.4667314991" lon="19.15072748322" />
  <node id="8742" visible="true" version="1" lat="47.46673229672" lon="19.15072810159" />
  <node id="8743" visible="true" version="1" lat="47.46673309478" lon="19.15072871888" />
  <node id="8744" visible="true" version="1" lat="47.46673389336" lon="19.1507293349" />
  <node id="8745" visible="true" version="1" lat="47.46673469254" lon="19.15072994943" />
  <node id="8746" visible="true" version="1" lat="47.46673549244" lon="19.15073056223" />
  <node id="8747" visible="true" version="1" lat="47.46673629314" lon="19.15073117305" />
  <node id="8748" visible="true" version="1" lat="47.46673709477" lon="19.1507317816" />
  <node id="8749" visible="true" version="1" lat="47.4667359928" lon="19.15073092021" />
  <node id="8750" visible="true" version="1" lat="47.46673678895" lon="19.15073154219" />
  <node id="8751" visible="true" version="1" lat="47.46673758456" lon="19.15073216546" />
  <node id="8752" visible="true" version="1" lat="47.46673837986" lon="19.1507327895" />
  <node id="8753" visible="true" version="1" lat="47.46673917505" lon="19.15073341382" />
  <node id="8754" visible="true" version="1" lat="47.4667399703" lon="19.15073403799" />
  <node id="8755" visible="true" version="1" lat="47.46674076576" lon="19.15073466163" />
  <node id="8756" visible="true" version="1" lat="47.46674156158" lon="19.1507352844" />
  <node id="8757" visible="true" version="1" lat="47.46674235787" lon="19.15073590602" />
  <node id="8758" visible="true" version="1" lat="47.46674315474" lon="19.15073652622" />
  <node id="8759" visible="true" version="1" lat="47.46674395227" lon="19.1507371448" />
  <node id="8760" visible="true" version="1" lat="47.46674475053" lon="19.15073776158" />
  <node id="8761" visible="true" version="1" lat="47.4667455496" lon="19.15073837642" />
  <node id="8762" visible="true" version="1" lat="47.4667463495" lon="19.1507389892" />
  <node id="8763" visible="true" version="1" lat="47.46674715028" lon="19.15073959983" />
  <node id="8764" visible="true" version="1" lat="47.46674795196" lon="19.15074020826" />
  <node id="8765" visible="true" version="1" lat="47.46674875455" lon="19.15074081444" />
  <node id="8766" visible="true" version="1" lat="47.46674955808" lon="19.15074141837" />
  <node id="8767" visible="true" version="1" lat="47.46675036252" lon="19.15074202003" />
  <node id="8768" visible="true" version="1" lat="47.46675116788" lon="19.15074261944" />
  <node id="8769" visible="true" version="1" lat="47.46675197416" lon="19.15074321664" />
  <node id="8770" visible="true" version="1" lat="47.46675278132" lon="19.15074381164" />
  <node id="8771" visible="true" version="1" lat="47.46675358936" lon="19.15074440451" />
  <node id="8772" visible="true" version="1" lat="47.46675439826" lon="19.15074499527" />
  <node id="8773" visible="true" version="1" lat="47.46675520799" lon="19.15074558399" />
  <node id="8774" visible="true" version="1" lat="47.46675601855" lon="19.1507461707" />
  <node id="8775" visible="true" version="1" lat="47.4667568299" lon="19.15074675546" />
  <node id="8776" visible="true" version="1" lat="47.46675764204" lon="19.1507473383" />
  <node id="8777" visible="true" version="1" lat="47.46675845495" lon="19.15074791924" />
  <node id="8778" visible="true" version="1" lat="47.46675926863" lon="19.15074849831" />
  <node id="8779" visible="true" version="1" lat="47.46676008307" lon="19.15074907551" />
  <node id="8780" visible="true" version="1" lat="47.46676089828" lon="19.15074965082" />
  <node id="8781" visible="true" version="1" lat="47.46676171428" lon="19.15075022421" />
  <node id="8782" visible="true" version="1" lat="47.46676253109" lon="19.15075079562" />
  <node id="8783" visible="true" version="1" lat="47.46676334874" lon="19.15075136497" />
  <node id="8784" visible="true" version="1" lat="47.46676416727" lon="19.15075193216" />
  <node id="8785" visible="true" version="1" lat="47.46676498674" lon="19.15075249705" />
  <node id="8786" visible="true" version="1" lat="47.46676580722" lon="19.15075305947" />
  <node id="8787" visible="true" version="1" lat="47.4667666288" lon="19.15075361921" />
  <node id="8788" visible="true" version="1" lat="47.46676745157" lon="19.15075417603" />
  <node id="8789" visible="true" version="1" lat="47.46676827565" lon="19.15075472965" />
  <node id="8790" visible="true" version="1" lat="47.46676910117" lon="19.15075527974" />
  <node id="8791" visible="true" version="1" lat="47.46676992828" lon="19.15075582593" />
  <node id="8792" visible="true" version="1" lat="47.46677075716" lon="19.15075636779" />
  <node id="8793" visible="true" version="1" lat="47.466771588" lon="19.15075690487" />
  <node id="8794" visible="true" version="1" lat="47.46677242102" lon="19.15075743662" />
  <node id="8795" visible="true" version="1" lat="47.46677325644" lon="19.15075796247" />
  <node id="8796" visible="true" version="1" lat="47.46677079982" lon="19.15075635377" />
  <node id="8797" visible="true" version="1" lat="47.46677162027" lon="19.15075689853" />
  <node id="8798" visible="true" version="1" lat="47.46677244259" lon="19.15075743678" />
  <node id="8799" visible="true" version="1" lat="47.46677326665" lon="19.15075796903" />
  <node id="8800" visible="true" version="1" lat="47.46677409231" lon="19.15075849576" />
  <node id="8801" visible="true" version="1" lat="47.46677491943" lon="19.1507590174" />
  <node id="8802" visible="true" version="1" lat="47.46677574793" lon="19.15075953431" />
  <node id="8803" visible="true" version="1" lat="47.4667765777" lon="19.15076004681" />
  <node id="8804" visible="true" version="1" lat="47.46677740865" lon="19.1507605552" />
  <node id="8805" visible="true" version="1" lat="47.46677824073" lon="19.15076105971" />
  <node id="8806" visible="true" version="1" lat="47.46677907388" lon="19.15076156055" />
  <node id="8807" visible="true" version="1" lat="47.46677990803" lon="19.15076205787" />
  <node id="8808" visible="true" version="1" lat="47.46678074317" lon="19.1507625518" />
  <node id="8809" visible="true" version="1" lat="47.46678157926" lon="19.15076304246" />
  <node id="8810" visible="true" version="1" lat="47.46678241627" lon="19.1507635299" />
  <node id="8811" visible="true" version="1" lat="47.4667832542" lon="19.15076401418" />
  <node id="8812" visible="true" version="1" lat="47.46678409304" lon="19.15076449531" />
  <node id="8813" visible="true" version="1" lat="47.46678493279" lon="19.15076497329" />
  <node id="8814" visible="true" version="1" lat="47.46678577345" lon="19.15076544812" />
  <node id="8815" visible="true" version="1" lat="47.46678661504" lon="19.15076591974" />
  <node id="8816" visible="true" version="1" lat="47.46678745756" lon="19.15076638812" />
  <node id="8817" visible="true" version="1" lat="47.46678830104" lon="19.1507668532" />
  <node id="8818" visible="true" version="1" lat="47.4667891455" lon="19.1507673149" />
  <node id="8819" visible="true" version="1" lat="47.46678999095" lon="19.15076777316" />
  <node id="8820" visible="true" version="1" lat="47.46679083742" lon="19.15076822791" />
  <node id="8821" visible="true" version="1" lat="47.46679168493" lon="19.15076867906" />
  <node id="8822" visible="true" version="1" lat="47.46679253349" lon="19.15076912654" />
  <node id="8823" visible="true" version="1" lat="47.46679338314" lon="19.15076957028" />
  <node id="8824" visible="true" version="1" lat="47.46679423389" lon="19.15077001022" />
  <node id="8825" visible="true" version="1" lat="47.46679508575" lon="19.1507704463" />
  <node id="8826" visible="true" version="1" lat="47.46679593874" lon="19.15077087849" />
  <node id="8827" visible="true" version="1" lat="47.46679679287" lon="19.15077130675" />
  <node id="8828" visible="true" version="1" lat="47.46679764813" lon="19.15077173108" />
  <node id="8829" visible="true" version="1" lat="47.46679850453" lon="19.15077215148" />
  <node id="8830" visible="true" version="1" lat="47.46679936205" lon="19.150772568" />
  <node id="8831" visible="true" version="1" lat="47.46680022068" lon="19.15077298068" />
  <node id="8832" visible="true" version="1" lat="47.46680108039" lon="19.15077338961" />
  <node id="8833" visible="true" version="1" lat="47.46680194115" lon="19.15077379491" />
  <node id="8834" visible="true" version="1" lat="47.46680280292" lon="19.15077419673" />
  <node id="8835" visible="true" version="1" lat="47.46680366565" lon="19.15077459524" />
  <node id="8836" visible="true" version="1" lat="47.46680452927" lon="19.15077499066" />
  <node id="8837" visible="true" version="1" lat="47.4668053937" lon="19.15077538326" />
  <node id="8838" visible="true" version="1" lat="47.46680625887" lon="19.15077577333" />
  <node id="8839" visible="true" version="1" lat="47.46680712466" lon="19.15077616124" />
  <node id="8840" visible="true" version="1" lat="47.46680799097" lon="19.15077654736" />
  <node id="8841" visible="true" version="1" lat="47.46680885766" lon="19.15077693215" />
  <node id="8842" visible="true" version="1" lat="47.4668097246" lon="19.15077731611" />
  <node id="8843" visible="true" version="1" lat="47.46681059161" lon="19.15077769978" />
  <node id="8844" visible="true" version="1" lat="47.46681145853" lon="19.15077808379" />
  <node id="8845" visible="true" version="1" lat="47.46681035565" lon="19.15077765772" />
  <node id="8846" visible="true" version="1" lat="47.46681122594" lon="19.15077799409" />
  <node id="8847" visible="true" version="1" lat="47.46681209641" lon="19.15077832938" />
  <node id="8848" visible="true" version="1" lat="47.46681296708" lon="19.1507786635" />
  <node id="8849" visible="true" version="1" lat="47.46681383795" lon="19.15077899635" />
  <node id="8850" visible="true" version="1" lat="47.46681470907" lon="19.15077932777" />
  <node id="8851" visible="true" version="1" lat="47.46681558045" lon="19.15077965763" />
  <node id="8852" visible="true" version="1" lat="47.46681645212" lon="19.15077998574" />
  <node id="8853" visible="true" version="1" lat="47.46681732411" lon="19.15078031194" />
  <node id="8854" visible="true" version="1" lat="47.46681819646" lon="19.15078063602" />
  <node id="8855" visible="true" version="1" lat="47.46681906919" lon="19.15078095778" />
  <node id="8856" visible="true" version="1" lat="47.46681994234" lon="19.15078127701" />
  <node id="8857" visible="true" version="1" lat="47.46682081596" lon="19.15078159348" />
  <node id="8858" visible="true" version="1" lat="47.46682169007" lon="19.15078190698" />
  <node id="8859" visible="true" version="1" lat="47.46682256472" lon="19.15078221727" />
  <node id="8860" visible="true" version="1" lat="47.46682343995" lon="19.15078252412" />
  <node id="8861" visible="true" version="1" lat="47.46682431579" lon="19.15078282729" />
  <node id="8862" visible="true" version="1" lat="47.46682519228" lon="19.15078312657" />
  <node id="8863" visible="true" version="1" lat="47.46682606947" lon="19.15078342171" />
  <node id="8864" visible="true" version="1" lat="47.46682694738" lon="19.1507837125" />
  <node id="8865" visible="true" version="1" lat="47.46682782605" lon="19.15078399872" />
  <node id="8866" visible="true" version="1" lat="47.46682870553" lon="19.15078428016" />
  <node id="8867" visible="true" version="1" lat="47.46682958583" lon="19.15078455663" />
  <node id="8868" visible="true" version="1" lat="47.466830467" lon="19.15078482793" />
  <node id="8869" visible="true" version="1" lat="47.46683134906" lon="19.1507850939" />
  <node id="8870" visible="true" version="1" lat="47.46683223204" lon="19.15078535437" />
  <node id="8871" visible="true" version="1" lat="47.46683311597" lon="19.15078560921" />
  <node id="8872" visible="true" version="1" lat="47.46683400085" lon="19.15078585828" />
  <node id="8873" visible="true" version="1" lat="47.46683488672" lon="19.15078610149" />
  <node id="8874" visible="true" version="1" lat="47.46683577358" lon="19.15078633875" />
  <node id="8875" visible="true" version="1" lat="47.46683666145" lon="19.15078657" />
  <node id="8876" visible="true" version="1" lat="47.46683755032" lon="19.15078679522" />
  <node id="8877" visible="true" version="1" lat="47.46683844021" lon="19.15078701439" />
  <node id="8878" visible="true" version="1" lat="47.4668393311" lon="19.15078722753" />
  <node id="8879" visible="true" version="1" lat="47.46684022299" lon="19.15078743471" />
  <node id="8880" visible="true" version="1" lat="47.46684111587" lon="19.15078763599" />
  <node id="8881" visible="true" version="1" lat="47.46684200971" lon="19.1507878315" />
  <node id="8882" visible="true" version="1" lat="47.4668429045" lon="19.15078802139" />
  <node id="8883" visible="true" version="1" lat="47.46684380019" lon="19.15078820585" />
  <node id="8884" visible="true" version="1" lat="47.46684469675" lon="19.15078838511" />
  <node id="8885" visible="true" version="1" lat="47.46684559413" lon="19.15078855943" />
  <node id="8886" visible="true" version="1" lat="47.46684649229" lon="19.15078872913" />
  <node id="8887" visible="true" version="1" lat="47.46684739116" lon="19.15078889455" />
  <node id="8888" visible="true" version="1" lat="47.46684829068" lon="19.15078905611" />
  <node id="8889" visible="true" version="1" lat="47.46684919077" lon="19.15078921425" />
  <node id="8890" visible="true" version="1" lat="47.46685009136" lon="19.15078936945" />
  <node id="8891" visible="true" version="1" lat="47.46685099234" lon="19.15078952227" />
  <node id="8892" visible="true" version="1" lat="47.46684955527" lon="19.15078927584" />
  <node id="8893" visible="true" version="1" lat="47.46685044911" lon="19.15078942803" />
  <node id="8894" visible="true" version="1" lat="47.46685134277" lon="19.15078958306" />
  <node id="8895" visible="true" version="1" lat="47.46685223655" lon="19.1507897361" />
  <node id="8896" visible="true" version="1" lat="47.46685313067" lon="19.15078988389" />
  <node id="8897" visible="true" version="1" lat="47.46685402526" lon="19.15079002452" />
  <node id="8898" visible="true" version="1" lat="47.46685492035" lon="19.1507901572" />
  <node id="8899" visible="true" version="1" lat="47.46685581594" lon="19.15079028204" />
  <node id="8900" visible="true" version="1" lat="47.46685671199" lon="19.15079039983" />
  <node id="8901" visible="true" version="1" lat="47.46685760842" lon="19.15079051182" />
  <node id="8902" visible="true" version="1" lat="47.46685850512" lon="19.15079061946" />
  <node id="8903" visible="true" version="1" lat="47.466859402" lon="19.15079072424" />
  <node id="8904" visible="true" version="1" lat="47.46686029899" lon="19.15079082739" />
  <node id="8905" visible="true" version="1" lat="47.46686119603" lon="19.15079092973" />
  <node id="8906" visible="true" version="1" lat="47.46686209312" lon="19.15079103138" />
  <node id="8907" visible="true" version="1" lat="47.4668629903" lon="19.15079113158" />
  <node id="8908" visible="true" version="1" lat="47.46686388769" lon="19.15079122845" />
  <node id="8909" visible="true" version="1" lat="47.46686478551" lon="19.15079131877" />
  <node id="8910" visible="true" version="1" lat="47.46686568405" lon="19.15079139774" />
  <node id="8911" visible="true" version="1" lat="47.46686658375" lon="19.15079145877" />
  <node id="8912" visible="true" version="1" lat="47.4668650519" lon="19.15079114077" />
  <node id="8913" visible="true" version="1" lat="47.46686595149" lon="19.15079137554" />
  <node id="8914" visible="true" version="1" lat="47.46686685107" lon="19.15079148233" />
  <node id="8915" visible="true" version="1" lat="47.46686775066" lon="19.15079153604" />
  <node id="8916" visible="true" version="1" lat="47.46686865025" lon="19.15079157683" />
  <node id="8917" visible="true" version="1" lat="47.46686954984" lon="19.15079161902" />
  <node id="8918" visible="true" version="1" lat="47.46687044943" lon="19.15079165995" />
  <node id="8919" visible="true" version="1" lat="47.46687134901" lon="19.1507916889" />
  <node id="8920" visible="true" version="1" lat="47.4668722486" lon="19.15079169596" />
  <node id="8921" visible="true" version="1" lat="47.46687314819" lon="19.15079168092" />
  <node id="8922" visible="true" version="1" lat="47.46687404778" lon="19.15079166216" />
  <node id="8923" visible="true" version="1" lat="47.46687494737" lon="19.15079168554" />
  <node id="8924" visible="true" version="1" lat="47.46687547109" lon="19.15079169705" />
  <node id="8925" visible="true" version="1" lat="47.46687637068" lon="19.15079167122" />
  <node id="8926" visible="true" version="1" lat="47.46687727027" lon="19.15079161766" />
  <node id="8927" visible="true" version="1" lat="47.46687816986" lon="19.15079155968" />
  <node id="8928" visible="true" version="1" lat="47.46687906944" lon="19.15079150976" />
  <node id="8929" visible="true" version="1" lat="47.46687996903" lon="19.1507914716" />
  <node id="8930" visible="true" version="1" lat="47.46688086862" lon="19.15079144227" />
  <node id="8931" visible="true" version="1" lat="47.46688176821" lon="19.15079141429" />
  <node id="8932" visible="true" version="1" lat="47.4668826678" lon="19.15079137768" />
  <node id="8933" visible="true" version="1" lat="47.46688356738" lon="19.15079132211" />
  <node id="8934" visible="true" version="1" lat="47.46688446697" lon="19.15079123897" />
  <node id="8935" visible="true" version="1" lat="47.46688536656" lon="19.15079112345" />
  <node id="8936" visible="true" version="1" lat="47.46688387092" lon="19.15079127482" />
  <node id="8937" visible="true" version="1" lat="47.46688476827" lon="19.15079118126" />
  <node id="8938" visible="true" version="1" lat="47.46688566597" lon="19.15079109473" />
  <node id="8939" visible="true" version="1" lat="47.46688656355" lon="19.15079100565" />
  <node id="8940" visible="true" version="1" lat="47.46688746064" lon="19.15079090694" />
  <node id="8941" visible="true" version="1" lat="47.46688835703" lon="19.15079079402" />
  <node id="8942" visible="true" version="1" lat="47.46688925261" lon="19.150790665" />
  <node id="8943" visible="true" version="1" lat="47.46689014742" lon="19.15079052069" />
  <node id="8944" visible="true" version="1" lat="47.46689104166" lon="19.15079036473" />
  <node id="8945" visible="true" version="1" lat="47.46689193564" lon="19.15079020371" />
  <node id="8946" visible="true" version="1" lat="47.46689282984" lon="19.15079004722" />
  <node id="8947" visible="true" version="1" lat="47.46689372491" lon="19.15078990795" />
  <node id="8948" visible="true" version="1" lat="47.46689462164" lon="19.15078980183" />
  <node id="8949" visible="true" version="1" lat="47.46689276986" lon="19.15078996758" />
  <node id="8950" visible="true" version="1" lat="47.46689367619" lon="19.15078991457" />
  <node id="8951" visible="true" version="1" lat="47.46689457639" lon="19.15078980831" />
  <node id="8952" visible="true" version="1" lat="47.46689547228" lon="19.15078966445" />
  <node id="8953" visible="true" version="1" lat="47.46689636553" lon="19.15078949771" />
  <node id="8954" visible="true" version="1" lat="47.46689725761" lon="19.15078932071" />
  <node id="8955" visible="true" version="1" lat="47.46689814959" lon="19.15078914286" />
  <node id="8956" visible="true" version="1" lat="47.46689904205" lon="19.15078896925" />
  <node id="8957" visible="true" version="1" lat="47.46689993496" lon="19.15078879946" />
  <node id="8958" visible="true" version="1" lat="47.4669008275" lon="19.15078862649" />
  <node id="8959" visible="true" version="1" lat="47.46690171797" lon="19.15078843557" />
  <node id="8960" visible="true" version="1" lat="47.46690260367" lon="19.15078820308" />
  <node id="8961" visible="true" version="1" lat="47.46690329011" lon="19.15078802685" />
  <node id="8962" visible="true" version="1" lat="47.46690417791" lon="19.15078781272" />
  <node id="8963" visible="true" version="1" lat="47.46690506472" lon="19.15078758989" />
  <node id="8964" visible="true" version="1" lat="47.466905949" lon="19.15078734506" />
  <node id="8965" visible="true" version="1" lat="47.46690683041" lon="19.1507870753" />
  <node id="8966" visible="true" version="1" lat="47.46690770947" lon="19.15078678507" />
  <node id="8967" visible="true" version="1" lat="47.46690858721" lon="19.15078648336" />
  <node id="8968" visible="true" version="1" lat="47.46690946484" lon="19.15078618069" />
  <node id="8969" visible="true" version="1" lat="47.46691034341" lon="19.15078588622" />
  <node id="8970" visible="true" version="1" lat="47.46691122349" lon="19.1507856048" />
  <node id="8971" visible="true" version="1" lat="47.46691210478" lon="19.15078533404" />
  <node id="8972" visible="true" version="1" lat="47.46691298586" lon="19.15078506138" />
  <node id="8973" visible="true" version="1" lat="47.46691386377" lon="19.15078476113" />
  <node id="8974" visible="true" version="1" lat="47.46690938233" lon="19.15078574693" />
  <node id="8975" visible="true" version="1" lat="47.46691032141" lon="19.15078583017" />
  <node id="8976" visible="true" version="1" lat="47.46691122458" lon="19.15078569416" />
  <node id="8977" visible="true" version="1" lat="47.46691210709" lon="19.15078543195" />
  <node id="8978" visible="true" version="1" lat="47.46691297963" lon="19.15078510888" />
  <node id="8979" visible="true" version="1" lat="47.46691384908" lon="19.15078476691" />
  <node id="8980" visible="true" version="1" lat="47.46691471919" lon="19.15078442897" />
  <node id="8981" visible="true" version="1" lat="47.46691559131" lon="19.15078410329" />
  <node id="8982" visible="true" version="1" lat="47.46691646509" lon="19.15078378778" />
  <node id="8983" visible="true" version="1" lat="47.4669173392" lon="19.15078347432" />
  <node id="8984" visible="true" version="1" lat="47.46691821206" lon="19.15078315315" />
  <node id="8985" visible="true" version="1" lat="47.46691908249" lon="19.15078281719" />
  <way id="8986" visible="true" version="1">
    <nd ref="6196" />
    <nd ref="6197" />
    <nd ref="6198" />
    <nd ref="6199" />
    <nd ref="6200" />
    <nd ref="6201" />
    <nd ref="6202" />
    <nd ref="6203" />
    <nd ref="6204" />
    <nd ref="6205" />
    <nd ref="6206" />
    <nd ref="6207" />
    <nd ref="6208" />
    <nd ref="6209" />
    <nd ref="6210" />
    <nd ref="6211" />
    <nd ref="6212" />
    <nd ref="6213" />
    <nd ref="6214" />
    <nd ref="6215" />
    <nd ref="6216" />
    <nd ref="6217" />
    <nd ref="6218" />
    <nd ref="6219" />
    <nd ref="6220" />
    <nd ref="6221" />
    <nd ref="6222" />
    <nd ref="6223" />
    <nd ref="6224" />
    <nd ref="6225" />
    <nd ref="6226" />
    <nd ref="6227" />
    <nd ref="6228" />
    <nd ref="6229" />
    <nd ref="6230" />
    <nd ref="6231" />
    <nd ref="6232" />
    <nd ref="6233" />
    <nd ref="6234" />
    <nd ref="6235" />
    <nd ref="6236" />
    <nd ref="6237" />
    <nd ref="6238" />
    <nd ref="6239" />
    <nd ref="6240" />
    <nd ref="6241" />
    <nd ref="6242" />
    <nd ref="6243" />
    <nd ref="6244" />
    <nd ref="6245" />
    <nd ref="6246" />
    <nd ref="6247" />
    <nd ref="6248" />
    <nd ref="6249" />
    <nd ref="6250" />
    <nd ref="6251" />
    <nd ref="6252" />
    <nd ref="6253" />
    <nd ref="6254" />
    <nd ref="6255" />
    <nd ref="6256" />
    <nd ref="6257" />
    <nd ref="6258" />
    <nd ref="6259" />
    <nd ref="6260" />
    <nd ref="6261" />
    <nd ref="6262" />
    <nd ref="6263" />
    <nd ref="6264" />
    <nd ref="6265" />
    <nd ref="6266" />
    <nd ref="6267" />
    <nd ref="6268" />
    <nd ref="6269" />
    <nd ref="6270" />
    <nd ref="6271" />
    <nd ref="6272" />
    <nd ref="6273" />
    <nd ref="6274" />
    <nd ref="6275" />
    <nd ref="6276" />
    <nd ref="6277" />
    <nd ref="6278" />
    <nd ref="6279" />
    <nd ref="6280" />
    <nd ref="6281" />
    <nd ref="6282" />
    <nd ref="6283" />
    <nd ref="6284" />
    <nd ref="6285" />
    <nd ref="6286" />
    <nd ref="6287" />
    <nd ref="6288" />
    <nd ref="6289" />
    <nd ref="6290" />
    <nd ref="6291" />
    <nd ref="6292" />
    <nd ref="6293" />
    <nd ref="6294" />
    <nd ref="6295" />
    <nd ref="6296" />
    <nd ref="6297" />
    <nd ref="6298" />
    <nd ref="6299" />
    <nd ref="6300" />
    <nd ref="6301" />
    <nd ref="6302" />
    <nd ref="6303" />
    <nd ref="6304" />
    <nd ref="6305" />
    <nd ref="6306" />
    <nd ref="6307" />
    <nd ref="6308" />
    <nd ref="6309" />
    <nd ref="6310" />
    <nd ref="6311" />
    <nd ref="6312" />
    <nd ref="6313" />
    <nd ref="6314" />
    <nd ref="6315" />
    <nd ref="6316" />
    <nd ref="6317" />
    <nd ref="6318" />
    <nd ref="6319" />
    <nd ref="6320" />
    <nd ref="6321" />
    <nd ref="6322" />
    <nd ref="6323" />
    <nd ref="6324" />
    <nd ref="6325" />
    <nd ref="6326" />
    <nd ref="6327" />
    <nd ref="6328" />
    <nd ref="6329" />
    <nd ref="6330" />
    <nd ref="6331" />
    <nd ref="6332" />
    <nd ref="6333" />
    <nd ref="6334" />
    <nd ref="6335" />
    <nd ref="6336" />
    <nd ref="6337" />
    <nd ref="6338" />
    <nd ref="6339" />
    <nd ref="6340" />
    <nd ref="6341" />
    <nd ref="6342" />
    <nd ref="6343" />
    <nd ref="6344" />
    <nd ref="6345" />
    <nd ref="6346" />
    <nd ref="6347" />
    <nd ref="6348" />
    <nd ref="6349" />
    <nd ref="6350" />
    <nd ref="6351" />
    <nd ref="6352" />
    <nd ref="6353" />
    <nd ref="6354" />
    <nd ref="6355" />
    <nd ref="6356" />
    <nd ref="6357" />
    <nd ref="6358" />
    <nd ref="6359" />
    <nd ref="6360" />
    <nd ref="6361" />
    <nd ref="6362" />
    <nd ref="6363" />
    <nd ref="6364" />
    <nd ref="6365" />
    <nd ref="6366" />
    <nd ref="6367" />
    <nd ref="6368" />
    <nd ref="6369" />
    <nd ref="6370" />
    <nd ref="6371" />
    <nd ref="6372" />
    <nd ref="6373" />
    <nd ref="6374" />
    <nd ref="6375" />
    <nd ref="6376" />
    <nd ref="6377" />
    <nd ref="6378" />
    <nd ref="6379" />
    <nd ref="6380" />
    <nd ref="6381" />
    <nd ref="6382" />
    <nd ref="6383" />
    <nd ref="6384" />
    <nd ref="6385" />
    <nd ref="6386" />
    <nd ref="6387" />
    <nd ref="6388" />
    <nd ref="6389" />
    <nd ref="6390" />
    <nd ref="6391" />
    <nd ref="6392" />
    <nd ref="6393" />
    <nd ref="6394" />
    <nd ref="6395" />
    <nd ref="6396" />
    <nd ref="6397" />
    <nd ref="6398" />
    <nd ref="6399" />
    <nd ref="6400" />
    <nd ref="6401" />
    <nd ref="6402" />
    <nd ref="6403" />
    <nd ref="6404" />
    <nd ref="6405" />
    <nd ref="6406" />
    <nd ref="6407" />
    <nd ref="6408" />
    <nd ref="6409" />
    <nd ref="6410" />
    <nd ref="6411" />
    <nd ref="6412" />
    <nd ref="6413" />
    <nd ref="6414" />
    <nd ref="6415" />
    <nd ref="6416" />
    <nd ref="6417" />
    <nd ref="6418" />
    <nd ref="6419" />
    <nd ref="6420" />
    <nd ref="6421" />
    <nd ref="6422" />
    <nd ref="6423" />
    <nd ref="6424" />
    <nd ref="6425" />
    <nd ref="6426" />
    <nd ref="6427" />
    <nd ref="6428" />
    <nd ref="6429" />
    <nd ref="6430" />
    <nd ref="6431" />
    <nd ref="6432" />
    <nd ref="6433" />
    <nd ref="6434" />
    <nd ref="6435" />
    <nd ref="6436" />
    <nd ref="6437" />
    <nd ref="6438" />
    <nd ref="6439" />
    <nd ref="6440" />
    <nd ref="6441" />
    <nd ref="6442" />
    <nd ref="6443" />
    <nd ref="6444" />
    <nd ref="6445" />
    <nd ref="6446" />
    <nd ref="6447" />
    <nd ref="6448" />
    <nd ref="6449" />
    <nd ref="6450" />
    <nd ref="6451" />
    <nd ref="6452" />
    <nd ref="6453" />
    <nd ref="6454" />
    <nd ref="6455" />
    <nd ref="6456" />
    <nd ref="6457" />
    <nd ref="6458" />
    <nd ref="6459" />
    <nd ref="6460" />
    <nd ref="6461" />
    <nd ref="6462" />
    <nd ref="6463" />
    <nd ref="6464" />
    <nd ref="6465" />
    <nd ref="6466" />
    <nd ref="6467" />
    <nd ref="6468" />
    <nd ref="6469" />
    <nd ref="6470" />
    <nd ref="6471" />
    <nd ref="6472" />
    <nd ref="6473" />
    <nd ref="6474" />
    <nd ref="6475" />
    <nd ref="6476" />
    <nd ref="6477" />
    <nd ref="6478" />
    <nd ref="6479" />
    <nd ref="6480" />
    <nd ref="6481" />
    <nd ref="6482" />
    <nd ref="6483" />
    <nd ref="6484" />
    <nd ref="6485" />
    <nd ref="6486" />
    <nd ref="6487" />
    <nd ref="6488" />
    <nd ref="6489" />
    <nd ref="6490" />
    <nd ref="6491" />
    <nd ref="6492" />
    <nd ref="6493" />
    <nd ref="6494" />
    <nd ref="6495" />
    <nd ref="6496" />
    <nd ref="6497" />
    <nd ref="6498" />
    <nd ref="6499" />
    <nd ref="6500" />
    <nd ref="6501" />
    <nd ref="6502" />
    <nd ref="6503" />
    <nd ref="6504" />
    <nd ref="6505" />
    <nd ref="6506" />
    <nd ref="6507" />
    <nd ref="6508" />
    <nd ref="6509" />
    <nd ref="6510" />
    <nd ref="6511" />
    <nd ref="6512" />
    <nd ref="6513" />
    <nd ref="6514" />
    <nd ref="6515" />
    <nd ref="6516" />
    <nd ref="6517" />
    <nd ref="6518" />
    <nd ref="6519" />
    <nd ref="6520" />
    <nd ref="6521" />
    <nd ref="6522" />
    <nd ref="6523" />
    <nd ref="6524" />
    <nd ref="6525" />
    <nd ref="6526" />
    <nd ref="6527" />
    <nd ref="6528" />
    <nd ref="6529" />
    <nd ref="6530" />
    <nd ref="6531" />
    <nd ref="6532" />
    <nd ref="6533" />
    <nd ref="6534" />
    <nd ref="6535" />
    <nd ref="6536" />
    <nd ref="6537" />
    <nd ref="6538" />
    <nd ref="6539" />
    <nd ref="6540" />
    <nd ref="6541" />
    <nd ref="6542" />
    <nd ref="6543" />
    <nd ref="6544" />
    <nd ref="6545" />
    <nd ref="6546" />
    <nd ref="6547" />
    <nd ref="6548" />
    <nd ref="6549" />
    <nd ref="6550" />
    <nd ref="6551" />
    <nd ref="6552" />
    <nd ref="6553" />
    <nd ref="6554" />
    <nd ref="6555" />
    <nd ref="6556" />
    <nd ref="6557" />
    <nd ref="6558" />
    <nd ref="6559" />
    <nd ref="6560" />
    <nd ref="6561" />
    <nd ref="6562" />
    <nd ref="6563" />
    <nd ref="6564" />
    <nd ref="6565" />
    <nd ref="6566" />
    <nd ref="6567" />
    <nd ref="6568" />
    <nd ref="6569" />
    <nd ref="6570" />
    <nd ref="6571" />
    <nd ref="6572" />
    <nd ref="6573" />
    <nd ref="6574" />
    <nd ref="6575" />
    <nd ref="6576" />
    <nd ref="6577" />
    <nd ref="6578" />
    <nd ref="6579" />
    <nd ref="6580" />
    <nd ref="6581" />
    <nd ref="6582" />
    <nd ref="6583" />
    <nd ref="6584" />
    <nd ref="6585" />
    <nd ref="6586" />
    <nd ref="6587" />
    <nd ref="6588" />
    <nd ref="6589" />
    <nd ref="6590" />
    <nd ref="6591" />
    <nd ref="6592" />
    <nd ref="6593" />
    <nd ref="6594" />
    <nd ref="6595" />
    <nd ref="6596" />
    <nd ref="6597" />
    <nd ref="6598" />
    <nd ref="6599" />
    <nd ref="6600" />
    <nd ref="6601" />
    <nd ref="6602" />
    <nd ref="6603" />
    <nd ref="6604" />
    <nd ref="6605" />
    <nd ref="6606" />
    <nd ref="6607" />
    <nd ref="6608" />
    <nd ref="6609" />
    <nd ref="6610" />
    <nd ref="6611" />
    <nd ref="6612" />
    <nd ref="6613" />
    <nd ref="6614" />
    <nd ref="6615" />
    <nd ref="6616" />
    <nd ref="6617" />
    <nd ref="6618" />
    <nd ref="6619" />
    <nd ref="6620" />
    <nd ref="6621" />
    <nd ref="6622" />
    <nd ref="6623" />
    <nd ref="6624" />
    <nd ref="6625" />
    <nd ref="6626" />
    <nd ref="6627" />
    <nd ref="6628" />
    <nd ref="6629" />
    <nd ref="6630" />
    <nd ref="6631" />
    <nd ref="6632" />
    <nd ref="6633" />
    <nd ref="6634" />
    <nd ref="6635" />
    <nd ref="6636" />
    <nd ref="6637" />
    <nd ref="6638" />
    <nd ref="6639" />
    <nd ref="6640" />
    <nd ref="6641" />
    <nd ref="6642" />
    <nd ref="6643" />
    <nd ref="6644" />
    <nd ref="6645" />
    <nd ref="6646" />
    <nd ref="6647" />
    <nd ref="6648" />
    <nd ref="6649" />
    <nd ref="6650" />
    <nd ref="6651" />
    <nd ref="6652" />
    <nd ref="6653" />
    <nd ref="6654" />
    <nd ref="6655" />
    <nd ref="6656" />
    <nd ref="6657" />
    <nd ref="6658" />
    <nd ref="6659" />
    <nd ref="6660" />
    <nd ref="6661" />
    <nd ref="6662" />
    <nd ref="6663" />
    <nd ref="6664" />
    <nd ref="6665" />
    <nd ref="6666" />
    <nd ref="6667" />
    <nd ref="6668" />
    <nd ref="6669" />
    <nd ref="6670" />
    <nd ref="6671" />
    <nd ref="6672" />
    <nd ref="6673" />
    <nd ref="6674" />
    <nd ref="6675" />
    <nd ref="6676" />
    <nd ref="6677" />
    <nd ref="6678" />
    <nd ref="6679" />
    <nd ref="6680" />
    <nd ref="6681" />
    <nd ref="6682" />
    <nd ref="6683" />
    <nd ref="6684" />
    <nd ref="6685" />
    <nd ref="6686" />
    <nd ref="6687" />
    <nd ref="6688" />
    <nd ref="6689" />
    <nd ref="6690" />
    <nd ref="6691" />
    <nd ref="6692" />
    <nd ref="6693" />
    <nd ref="6694" />
    <nd ref="6695" />
    <nd ref="6696" />
    <nd ref="6697" />
    <nd ref="6698" />
    <nd ref="6699" />
    <nd ref="6700" />
    <nd ref="6701" />
    <nd ref="6702" />
    <nd ref="6703" />
    <nd ref="6704" />
    <nd ref="6705" />
    <nd ref="6706" />
    <nd ref="6707" />
    <nd ref="6708" />
    <nd ref="6709" />
    <nd ref="6710" />
    <nd ref="6711" />
    <nd ref="6712" />
    <nd ref="6713" />
    <nd ref="6714" />
    <nd ref="6715" />
    <nd ref="6716" />
    <nd ref="6717" />
    <nd ref="6718" />
    <nd ref="6719" />
    <nd ref="6720" />
    <nd ref="6721" />
    <nd ref="6722" />
    <nd ref="6723" />
    <nd ref="6724" />
    <nd ref="6725" />
    <nd ref="6726" />
    <nd ref="6727" />
    <nd ref="6728" />
    <nd ref="6729" />
    <nd ref="6730" />
    <nd ref="6731" />
    <nd ref="6732" />
    <nd ref="6733" />
    <nd ref="6734" />
    <nd ref="6735" />
    <nd ref="6736" />
    <nd ref="6737" />
    <nd ref="6738" />
    <nd ref="6739" />
    <nd ref="6740" />
    <nd ref="6741" />
    <nd ref="6742" />
    <nd ref="6743" />
    <nd ref="6744" />
    <nd ref="6745" />
    <nd ref="6746" />
    <nd ref="6747" />
    <nd ref="6748" />
    <nd ref="6749" />
    <nd ref="6750" />
    <nd ref="6751" />
    <nd ref="6752" />
    <nd ref="6753" />
    <nd ref="6754" />
    <nd ref="6755" />
    <nd ref="6756" />
    <nd ref="6757" />
    <nd ref="6758" />
    <nd ref="6759" />
    <nd ref="6760" />
    <nd ref="6761" />
    <nd ref="6762" />
    <nd ref="6763" />
    <nd ref="6764" />
    <nd ref="6765" />
    <nd ref="6766" />
    <nd ref="6767" />
    <nd ref="6768" />
    <nd ref="6769" />
    <nd ref="6770" />
    <nd ref="6771" />
    <nd ref="6772" />
    <nd ref="6773" />
    <nd ref="6774" />
    <nd ref="6775" />
    <nd ref="6776" />
    <nd ref="6777" />
    <nd ref="6778" />
    <nd ref="6779" />
    <nd ref="6780" />
    <nd ref="6781" />
    <nd ref="6782" />
    <nd ref="6783" />
    <nd ref="6784" />
    <nd ref="6785" />
    <nd ref="6786" />
    <nd ref="6787" />
    <nd ref="6788" />
    <nd ref="6789" />
    <nd ref="6790" />
    <nd ref="6791" />
    <nd ref="6792" />
    <nd ref="6793" />
    <nd ref="6794" />
    <nd ref="6795" />
    <nd ref="6796" />
    <nd ref="6797" />
    <nd ref="6798" />
    <nd ref="6799" />
    <nd ref="6800" />
    <nd ref="6801" />
    <nd ref="6802" />
    <nd ref="6803" />
    <nd ref="6804" />
    <nd ref="6805" />
    <nd ref="6806" />
    <nd ref="6807" />
    <nd ref="6808" />
    <nd ref="6809" />
    <nd ref="6810" />
    <nd ref="6811" />
    <nd ref="6812" />
    <nd ref="6813" />
    <nd ref="6814" />
    <nd ref="6815" />
    <nd ref="6816" />
    <nd ref="6817" />
    <nd ref="6818" />
    <nd ref="6819" />
    <nd ref="6820" />
    <nd ref="6821" />
    <nd ref="6822" />
    <nd ref="6823" />
    <nd ref="6824" />
    <nd ref="6825" />
    <nd ref="6826" />
    <nd ref="6827" />
    <nd ref="6828" />
    <nd ref="6829" />
    <nd ref="6830" />
    <nd ref="6831" />
    <nd ref="6832" />
    <nd ref="6833" />
    <nd ref="6834" />
    <nd ref="6835" />
    <nd ref="6836" />
    <nd ref="6837" />
    <nd ref="6838" />
    <nd ref="6839" />
    <nd ref="6840" />
    <nd ref="6841" />
    <nd ref="6842" />
    <nd ref="6843" />
    <nd ref="6844" />
    <nd ref="6845" />
    <nd ref="6846" />
    <nd ref="6847" />
    <nd ref="6848" />
    <nd ref="6849" />
    <nd ref="6850" />
    <nd ref="6851" />
    <nd ref="6852" />
    <nd ref="6853" />
    <nd ref="6854" />
    <nd ref="6855" />
    <nd ref="6856" />
    <nd ref="6857" />
    <nd ref="6858" />
    <nd ref="6859" />
    <nd ref="6860" />
    <nd ref="6861" />
    <nd ref="6862" />
    <nd ref="6863" />
    <nd ref="6864" />
    <nd ref="6865" />
    <nd ref="6866" />
    <nd ref="6867" />
    <nd ref="6868" />
    <nd ref="6869" />
    <nd ref="6870" />
    <nd ref="6871" />
    <nd ref="6872" />
    <nd ref="6873" />
    <nd ref="6874" />
    <nd ref="6875" />
    <nd ref="6876" />
    <nd ref="6877" />
    <nd ref="6878" />
    <nd ref="6879" />
    <nd ref="6880" />
    <nd ref="6881" />
    <nd ref="6882" />
    <nd ref="6883" />
    <nd ref="6884" />
    <nd ref="6885" />
    <nd ref="6886" />
    <nd ref="6887" />
    <nd ref="6888" />
    <nd ref="6889" />
    <nd ref="6890" />
    <nd ref="6891" />
    <nd ref="6892" />
    <nd ref="6893" />
    <nd ref="6894" />
    <nd ref="6895" />
    <nd ref="6896" />
    <nd ref="6897" />
    <nd ref="6898" />
    <nd ref="6899" />
    <nd ref="6900" />
    <nd ref="6901" />
    <nd ref="6902" />
    <nd ref="6903" />
    <nd ref="6904" />
    <nd ref="6905" />
    <nd ref="6906" />
    <nd ref="6907" />
    <nd ref="6908" />
    <nd ref="6909" />
    <nd ref="6910" />
    <nd ref="6911" />
    <nd ref="6912" />
    <nd ref="6913" />
    <nd ref="6914" />
    <nd ref="6915" />
    <nd ref="6916" />
    <nd ref="6917" />
    <nd ref="6918" />
    <nd ref="6919" />
    <nd ref="6920" />
    <nd ref="6921" />
    <nd ref="6922" />
    <nd ref="6923" />
    <nd ref="6924" />
    <nd ref="6925" />
    <nd ref="6926" />
    <nd ref="6927" />
    <nd ref="6928" />
    <nd ref="6929" />
    <nd ref="6930" />
    <nd ref="6931" />
    <nd ref="6932" />
    <nd ref="6933" />
    <nd ref="6934" />
    <nd ref="6935" />
    <nd ref="6936" />
    <nd ref="6937" />
    <nd ref="6938" />
    <nd ref="6939" />
    <nd ref="6940" />
    <nd ref="6941" />
    <nd ref="6942" />
    <nd ref="6943" />
    <nd ref="6944" />
    <nd ref="6945" />
    <nd ref="6946" />
    <nd ref="6947" />
    <nd ref="6948" />
    <nd ref="6949" />
    <nd ref="6950" />
    <nd ref="6951" />
    <nd ref="6952" />
    <nd ref="6953" />
    <nd ref="6954" />
    <nd ref="6955" />
    <nd ref="6956" />
    <nd ref="6957" />
    <nd ref="6958" />
    <nd ref="6959" />
    <nd ref="6960" />
    <nd ref="6961" />
    <nd ref="6962" />
    <nd ref="6963" />
    <nd ref="6964" />
    <nd ref="6965" />
    <nd ref="6966" />
    <nd ref="6967" />
    <nd ref="6968" />
    <nd ref="6969" />
    <nd ref="6970" />
    <nd ref="6971" />
    <nd ref="6972" />
    <nd ref="6973" />
    <nd ref="6974" />
    <nd ref="6975" />
    <nd ref="6976" />
    <nd ref="6977" />
    <nd ref="6978" />
    <nd ref="6979" />
    <nd ref="6980" />
    <nd ref="6981" />
    <nd ref="6982" />
    <nd ref="6983" />
    <nd ref="6984" />
    <nd ref="6985" />
    <nd ref="6986" />
    <nd ref="6987" />
    <nd ref="6988" />
    <nd ref="6989" />
    <nd ref="6990" />
    <nd ref="6991" />
    <nd ref="6992" />
    <nd ref="6993" />
    <nd ref="6994" />
    <nd ref="6995" />
    <nd ref="6996" />
    <nd ref="6997" />
    <nd ref="6998" />
    <nd ref="6999" />
    <nd ref="7000" />
    <nd ref="7001" />
    <nd ref="7002" />
    <nd ref="7003" />
    <nd ref="7004" />
    <nd ref="7005" />
    <nd ref="7006" />
    <nd ref="7007" />
    <nd ref="7008" />
    <nd ref="7009" />
    <nd ref="7010" />
    <nd ref="7011" />
    <nd ref="7012" />
    <nd ref="7013" />
    <nd ref="7014" />
    <nd ref="7015" />
    <nd ref="7016" />
    <nd ref="7017" />
    <nd ref="7018" />
    <nd ref="7019" />
    <nd ref="7020" />
    <nd ref="7021" />
    <nd ref="7022" />
    <nd ref="7023" />
    <nd ref="7024" />
    <nd ref="7025" />
    <nd ref="7026" />
    <nd ref="7027" />
    <nd ref="7028" />
    <nd ref="7029" />
    <nd ref="7030" />
    <nd ref="7031" />
    <nd ref="7032" />
    <nd ref="7033" />
    <nd ref="7034" />
    <nd ref="7035" />
    <nd ref="7036" />
    <nd ref="7037" />
    <nd ref="7038" />
    <nd ref="7039" />
    <nd ref="7040" />
    <nd ref="7041" />
    <nd ref="7042" />
    <nd ref="7043" />
    <nd ref="7044" />
    <nd ref="7045" />
    <nd ref="7046" />
    <nd ref="7047" />
    <nd ref="7048" />
    <nd ref="7049" />
    <nd ref="7050" />
    <nd ref="7051" />
    <nd ref="7052" />
    <nd ref="7053" />
    <nd ref="7054" />
    <nd ref="7055" />
    <nd ref="7056" />
    <nd ref="7057" />
    <nd ref="7058" />
    <nd ref="7059" />
    <nd ref="7060" />
    <nd ref="7061" />
    <nd ref="7062" />
    <nd ref="7063" />
    <nd ref="7064" />
    <nd ref="7065" />
    <nd ref="7066" />
    <nd ref="7067" />
    <nd ref="7068" />
    <nd ref="7069" />
    <nd ref="7070" />
    <nd ref="7071" />
    <nd ref="7072" />
    <nd ref="7073" />
    <nd ref="7074" />
    <nd ref="7075" />
    <nd ref="7076" />
    <nd ref="7077" />
    <nd ref="7078" />
    <nd ref="7079" />
    <nd ref="7080" />
    <nd ref="7081" />
    <nd ref="7082" />
    <nd ref="7083" />
    <nd ref="7084" />
    <nd ref="7085" />
    <nd ref="7086" />
    <nd ref="7087" />
    <nd ref="7088" />
    <nd ref="7089" />
    <nd ref="7090" />
    <nd ref="7091" />
    <nd ref="7092" />
    <nd ref="7093" />
    <nd ref="7094" />
    <nd ref="7095" />
    <nd ref="7096" />
    <nd ref="7097" />
    <nd ref="7098" />
    <nd ref="7099" />
    <nd ref="7100" />
    <nd ref="7101" />
    <nd ref="7102" />
    <nd ref="7103" />
    <nd ref="7104" />
    <nd ref="7105" />
    <nd ref="7106" />
    <nd ref="7107" />
    <nd ref="7108" />
    <nd ref="7109" />
    <nd ref="7110" />
    <nd ref="7111" />
    <nd ref="7112" />
    <nd ref="7113" />
    <nd ref="7114" />
    <nd ref="7115" />
    <nd ref="7116" />
    <nd ref="7117" />
    <nd ref="7118" />
    <nd ref="7119" />
    <nd ref="7120" />
    <nd ref="7121" />
    <nd ref="7122" />
    <nd ref="7123" />
    <nd ref="7124" />
    <nd ref="7125" />
    <nd ref="7126" />
    <nd ref="7127" />
    <nd ref="7128" />
    <nd ref="7129" />
    <nd ref="7130" />
    <nd ref="7131" />
    <nd ref="7132" />
    <nd ref="7133" />
    <nd ref="7134" />
    <nd ref="7135" />
    <nd ref="7136" />
    <nd ref="7137" />
    <nd ref="7138" />
    <nd ref="7139" />
    <nd ref="7140" />
    <nd ref="7141" />
    <nd ref="7142" />
    <nd ref="7143" />
    <nd ref="7144" />
    <nd ref="7145" />
    <nd ref="7146" />
    <nd ref="7147" />
    <nd ref="7148" />
    <nd ref="7149" />
    <nd ref="7150" />
    <nd ref="7151" />
    <nd ref="7152" />
    <nd ref="7153" />
    <nd ref="7154" />
    <nd ref="7155" />
    <nd ref="7156" />
    <nd ref="7157" />
    <nd ref="7158" />
    <nd ref="7159" />
    <nd ref="7160" />
    <nd ref="7161" />
    <nd ref="7162" />
    <nd ref="7163" />
    <nd ref="7164" />
    <nd ref="7165" />
    <nd ref="7166" />
    <nd ref="7167" />
    <nd ref="7168" />
    <nd ref="7169" />
    <nd ref="7170" />
    <nd ref="7171" />
    <nd ref="7172" />
    <nd ref="7173" />
    <nd ref="7174" />
    <nd ref="7175" />
    <nd ref="7176" />
    <nd ref="7177" />
    <nd ref="7178" />
    <nd ref="7179" />
    <nd ref="7180" />
    <nd ref="7181" />
    <nd ref="7182" />
    <nd ref="7183" />
    <nd ref="7184" />
    <nd ref="7185" />
    <nd ref="7186" />
    <nd ref="7187" />
    <nd ref="7188" />
    <nd ref="7189" />
    <nd ref="7190" />
    <nd ref="7191" />
    <nd ref="7192" />
    <nd ref="7193" />
    <nd ref="7194" />
    <nd ref="7195" />
    <nd ref="7196" />
    <nd ref="7197" />
    <nd ref="7198" />
    <nd ref="7199" />
    <nd ref="7200" />
    <nd ref="7201" />
    <nd ref="7202" />
    <nd ref="7203" />
    <nd ref="7204" />
    <nd ref="7205" />
    <nd ref="7206" />
    <nd ref="7207" />
    <nd ref="7208" />
    <nd ref="7209" />
    <nd ref="7210" />
    <nd ref="7211" />
    <nd ref="7212" />
    <nd ref="7213" />
    <nd ref="7214" />
    <nd ref="7215" />
    <nd ref="7216" />
    <nd ref="7217" />
    <nd ref="7218" />
    <nd ref="7219" />
    <nd ref="7220" />
    <nd ref="7221" />
    <nd ref="7222" />
    <nd ref="7223" />
    <nd ref="7224" />
    <nd ref="7225" />
    <nd ref="7226" />
    <nd ref="7227" />
    <nd ref="7228" />
    <nd ref="7229" />
    <nd ref="7230" />
    <nd ref="7231" />
    <nd ref="7232" />
    <nd ref="7233" />
    <nd ref="7234" />
    <nd ref="7235" />
    <nd ref="7236" />
    <nd ref="7237" />
    <nd ref="7238" />
    <nd ref="7239" />
    <nd ref="7240" />
    <nd ref="7241" />
    <nd ref="7242" />
    <nd ref="7243" />
    <nd ref="7244" />
    <nd ref="7245" />
    <nd ref="7246" />
    <nd ref="7247" />
    <nd ref="7248" />
    <nd ref="7249" />
    <nd ref="7250" />
    <nd ref="7251" />
    <nd ref="7252" />
    <nd ref="7253" />
    <nd ref="7254" />
    <nd ref="7255" />
    <nd ref="7256" />
    <nd ref="7257" />
    <nd ref="7258" />
    <nd ref="7259" />
    <nd ref="7260" />
    <nd ref="7261" />
    <nd ref="7262" />
    <nd ref="7263" />
    <nd ref="7264" />
    <nd ref="7265" />
    <nd ref="7266" />
    <nd ref="7267" />
    <nd ref="7268" />
    <nd ref="7269" />
    <nd ref="7270" />
    <nd ref="7271" />
    <nd ref="7272" />
    <nd ref="7273" />
    <nd ref="7274" />
    <nd ref="7275" />
    <nd ref="7276" />
    <nd ref="7277" />
    <nd ref="7278" />
    <nd ref="7279" />
    <nd ref="7280" />
    <nd ref="7281" />
    <nd ref="7282" />
    <nd ref="7283" />
    <nd ref="7284" />
    <nd ref="7285" />
    <nd ref="7286" />
    <nd ref="7287" />
    <nd ref="7288" />
    <nd ref="7289" />
    <nd ref="7290" />
    <nd ref="7291" />
    <nd ref="7292" />
    <nd ref="7293" />
    <nd ref="7294" />
    <nd ref="7295" />
    <nd ref="7296" />
    <nd ref="7297" />
    <nd ref="7298" />
    <nd ref="7299" />
    <nd ref="7300" />
    <nd ref="7301" />
    <nd ref="7302" />
    <nd ref="7303" />
    <nd ref="7304" />
    <nd ref="7305" />
    <nd ref="7306" />
    <nd ref="7307" />
    <nd ref="7308" />
    <nd ref="7309" />
    <nd ref="7310" />
    <nd ref="7311" />
    <nd ref="7312" />
    <nd ref="7313" />
    <nd ref="7314" />
    <nd ref="7315" />
    <nd ref="7316" />
    <nd ref="7317" />
    <nd ref="7318" />
    <nd ref="7319" />
    <nd ref="7320" />
    <nd ref="7321" />
    <nd ref="7322" />
    <nd ref="7323" />
    <nd ref="7324" />
    <nd ref="7325" />
    <nd ref="7326" />
    <nd ref="7327" />
    <nd ref="7328" />
    <nd ref="7329" />
    <nd ref="7330" />
    <nd ref="7331" />
    <nd ref="7332" />
    <nd ref="7333" />
    <nd ref="7334" />
    <nd ref="7335" />
    <nd ref="7336" />
    <nd ref="7337" />
    <nd ref="7338" />
    <nd ref="7339" />
    <nd ref="7340" />
    <nd ref="7341" />
    <nd ref="7342" />
    <nd ref="7343" />
    <nd ref="7344" />
    <nd ref="7345" />
    <nd ref="7346" />
    <nd ref="7347" />
    <nd ref="7348" />
    <nd ref="7349" />
    <nd ref="7350" />
    <nd ref="7351" />
    <nd ref="7352" />
    <nd ref="7353" />
    <nd ref="7354" />
    <nd ref="7355" />
    <nd ref="7356" />
    <nd ref="7357" />
    <nd ref="7358" />
    <nd ref="7359" />
    <nd ref="7360" />
    <nd ref="7361" />
    <nd ref="7362" />
    <nd ref="7363" />
    <nd ref="7364" />
    <nd ref="7365" />
    <nd ref="7366" />
    <nd ref="7367" />
    <nd ref="7368" />
    <nd ref="7369" />
    <nd ref="7370" />
    <nd ref="7371" />
    <nd ref="7372" />
    <nd ref="7373" />
    <nd ref="7374" />
    <nd ref="7375" />
    <nd ref="7376" />
    <nd ref="7377" />
    <nd ref="7378" />
    <nd ref="7379" />
    <nd ref="7380" />
    <nd ref="7381" />
    <nd ref="7382" />
    <nd ref="7383" />
    <nd ref="7384" />
    <nd ref="7385" />
    <nd ref="7386" />
    <nd ref="7387" />
    <nd ref="7388" />
    <nd ref="7389" />
    <nd ref="7390" />
    <nd ref="7391" />
    <nd ref="7392" />
    <nd ref="7393" />
    <nd ref="7394" />
    <nd ref="7395" />
    <nd ref="7396" />
    <nd ref="7397" />
    <nd ref="7398" />
    <nd ref="7399" />
    <nd ref="7400" />
    <nd ref="7401" />
    <nd ref="7402" />
    <nd ref="7403" />
    <nd ref="7404" />
    <nd ref="7405" />
    <nd ref="7406" />
    <nd ref="7407" />
    <nd ref="7408" />
    <nd ref="7409" />
    <nd ref="7410" />
    <nd ref="7411" />
    <nd ref="7412" />
    <nd ref="7413" />
    <nd ref="7414" />
    <nd ref="7415" />
    <nd ref="7416" />
    <nd ref="7417" />
    <nd ref="7418" />
    <nd ref="7419" />
    <nd ref="7420" />
    <nd ref="7421" />
    <nd ref="7422" />
    <nd ref="7423" />
    <nd ref="7424" />
    <nd ref="7425" />
    <nd ref="7426" />
    <nd ref="7427" />
    <nd ref="7428" />
    <nd ref="7429" />
    <nd ref="7430" />
    <nd ref="7431" />
    <nd ref="7432" />
    <nd ref="7433" />
    <nd ref="7434" />
    <nd ref="7435" />
    <nd ref="7436" />
    <nd ref="7437" />
    <nd ref="7438" />
    <nd ref="7439" />
    <nd ref="7440" />
    <nd ref="7441" />
    <nd ref="7442" />
    <nd ref="7443" />
    <nd ref="7444" />
    <nd ref="7445" />
    <nd ref="7446" />
    <nd ref="7447" />
    <nd ref="7448" />
    <nd ref="7449" />
    <nd ref="7450" />
    <nd ref="7451" />
    <nd ref="7452" />
    <nd ref="7453" />
    <nd ref="7454" />
    <nd ref="7455" />
    <nd ref="7456" />
    <nd ref="7457" />
    <nd ref="7458" />
    <nd ref="7459" />
    <nd ref="7460" />
    <nd ref="7461" />
    <nd ref="7462" />
    <nd ref="7463" />
    <nd ref="7464" />
    <nd ref="7465" />
    <nd ref="7466" />
    <nd ref="7467" />
    <nd ref="7468" />
    <nd ref="7469" />
    <nd ref="7470" />
    <nd ref="7471" />
    <nd ref="7472" />
    <nd ref="7473" />
    <nd ref="7474" />
    <nd ref="7475" />
    <nd ref="7476" />
    <nd ref="7477" />
    <nd ref="7478" />
    <nd ref="7479" />
    <nd ref="7480" />
    <nd ref="7481" />
    <nd ref="7482" />
    <nd ref="7483" />
    <nd ref="7484" />
    <nd ref="7485" />
    <nd ref="7486" />
    <nd ref="7487" />
    <nd ref="7488" />
    <nd ref="7489" />
    <nd ref="7490" />
    <nd ref="7491" />
    <nd ref="7492" />
    <nd ref="7493" />
    <nd ref="7494" />
    <nd ref="7495" />
  </way>
  <way id="8987" visible="true" version="1">
    <nd ref="7496" />
    <nd ref="7497" />
    <nd ref="7498" />
    <nd ref="7499" />
    <nd ref="7500" />
    <nd ref="7501" />
    <nd ref="7502" />
    <nd ref="7503" />
    <nd ref="7504" />
    <nd ref="7505" />
    <nd ref="7506" />
    <nd ref="7507" />
    <nd ref="7508" />
    <nd ref="7509" />
    <nd ref="7510" />
    <nd ref="7511" />
    <nd ref="7512" />
    <nd ref="7513" />
    <nd ref="7514" />
    <nd ref="7515" />
    <nd ref="7516" />
    <nd ref="7517" />
    <nd ref="7518" />
    <nd ref="7519" />
    <nd ref="7520" />
    <nd ref="7521" />
    <nd ref="7522" />
    <nd ref="7523" />
    <nd ref="7524" />
    <nd ref="7525" />
    <nd ref="7526" />
    <nd ref="7527" />
    <nd ref="7528" />
    <nd ref="7529" />
    <nd ref="7530" />
    <nd ref="7531" />
    <nd ref="7532" />
    <nd ref="7533" />
    <nd ref="7534" />
    <nd ref="7535" />
    <nd ref="7536" />
    <nd ref="7537" />
    <nd ref="7538" />
    <nd ref="7539" />
    <nd ref="7540" />
    <nd ref="7541" />
    <nd ref="7542" />
    <nd ref="7543" />
    <nd ref="7544" />
    <nd ref="7545" />
    <nd ref="7546" />
    <nd ref="7547" />
    <nd ref="7548" />
    <nd ref="7549" />
    <nd ref="7550" />
    <nd ref="7551" />
    <nd ref="7552" />
    <nd ref="7553" />
    <nd ref="7554" />
    <nd ref="7555" />
    <nd ref="7556" />
    <nd ref="7557" />
    <nd ref="7558" />
    <nd ref="7559" />
    <nd ref="7560" />
    <nd ref="7561" />
    <nd ref="7562" />
    <nd ref="7563" />
    <nd ref="7564" />
    <nd ref="7565" />
    <nd ref="7566" />
    <nd ref="7567" />
    <nd ref="7568" />
    <nd ref="7569" />
    <nd ref="7570" />
    <nd ref="7571" />
    <nd ref="7572" />
    <nd ref="7573" />
    <nd ref="7574" />
    <nd ref="7575" />
    <nd ref="7576" />
    <nd ref="7577" />
    <nd ref="7578" />
    <nd ref="7579" />
    <nd ref="7580" />
    <nd ref="7581" />
    <nd ref="7582" />
    <nd ref="7583" />
    <nd ref="7584" />
    <nd ref="7585" />
    <nd ref="7586" />
    <nd ref="7587" />
    <nd ref="7588" />
    <nd ref="7589" />
    <nd ref="7590" />
    <nd ref="7591" />
    <nd ref="7592" />
    <nd ref="7593" />
    <nd ref="7594" />
    <nd ref="7595" />
    <nd ref="7596" />
    <nd ref="7597" />
    <nd ref="7598" />
    <nd ref="7599" />
    <nd ref="7600" />
    <nd ref="7601" />
    <nd ref="7602" />
    <nd ref="7603" />
    <nd ref="7604" />
    <nd ref="7605" />
    <nd ref="7606" />
    <nd ref="7607" />
    <nd ref="7608" />
    <nd ref="7609" />
    <nd ref="7610" />
    <nd ref="7611" />
    <nd ref="7612" />
    <nd ref="7613" />
    <nd ref="7614" />
    <nd ref="7615" />
    <nd ref="7616" />
    <nd ref="7617" />
    <nd ref="7618" />
    <nd ref="7619" />
    <nd ref="7620" />
    <nd ref="7621" />
    <nd ref="7622" />
    <nd ref="7623" />
    <nd ref="7624" />
    <nd ref="7625" />
    <nd ref="7626" />
    <nd ref="7627" />
    <nd ref="7628" />
    <nd ref="7629" />
    <nd ref="7630" />
    <nd ref="7631" />
    <nd ref="7632" />
    <nd ref="7633" />
    <nd ref="7634" />
    <nd ref="7635" />
    <nd ref="7636" />
    <nd ref="7637" />
    <nd ref="7638" />
    <nd ref="7639" />
    <nd ref="7640" />
    <nd ref="7641" />
    <nd ref="7642" />
    <nd ref="7643" />
    <nd ref="7644" />
    <nd ref="7645" />
    <nd ref="7646" />
    <nd ref="7647" />
    <nd ref="7648" />
    <nd ref="7649" />
    <nd ref="7650" />
    <nd ref="7651" />
    <nd ref="7652" />
    <nd ref="7653" />
    <nd ref="7654" />
    <nd ref="7655" />
    <nd ref="7656" />
    <nd ref="7657" />
    <nd ref="7658" />
    <nd ref="7659" />
    <nd ref="7660" />
    <nd ref="7661" />
    <nd ref="7662" />
    <nd ref="7663" />
    <nd ref="7664" />
    <nd ref="7665" />
    <nd ref="7666" />
    <nd ref="7667" />
    <nd ref="7668" />
    <nd ref="7669" />
    <nd ref="7670" />
    <nd ref="7671" />
    <nd ref="7672" />
    <nd ref="7673" />
    <nd ref="7674" />
    <nd ref="7675" />
    <nd ref="7676" />
    <nd ref="7677" />
    <nd ref="7678" />
    <nd ref="7679" />
    <nd ref="7680" />
    <nd ref="7681" />
    <nd ref="7682" />
    <nd ref="7683" />
    <nd ref="7684" />
    <nd ref="7685" />
    <nd ref="7686" />
    <nd ref="7687" />
    <nd ref="7688" />
    <nd ref="7689" />
    <nd ref="7690" />
    <nd ref="7691" />
    <nd ref="7692" />
    <nd ref="7693" />
    <nd ref="7694" />
    <nd ref="7695" />
    <nd ref="7696" />
    <nd ref="7697" />
    <nd ref="7698" />
    <nd ref="7699" />
    <nd ref="7700" />
    <nd ref="7701" />
    <nd ref="7702" />
    <nd ref="7703" />
    <nd ref="7704" />
    <nd ref="7705" />
    <nd ref="7706" />
    <nd ref="7707" />
    <nd ref="7708" />
    <nd ref="7709" />
    <nd ref="7710" />
    <nd ref="7711" />
    <nd ref="7712" />
    <nd ref="7713" />
    <nd ref="7714" />
    <nd ref="7715" />
    <nd ref="7716" />
    <nd ref="7717" />
    <nd ref="7718" />
    <nd ref="7719" />
    <nd ref="7720" />
    <nd ref="7721" />
    <nd ref="7722" />
    <nd ref="7723" />
    <nd ref="7724" />
    <nd ref="7725" />
    <nd ref="7726" />
    <nd ref="7727" />
    <nd ref="7728" />
    <nd ref="7729" />
    <nd ref="7730" />
    <nd ref="7731" />
    <nd ref="7732" />
    <nd ref="7733" />
    <nd ref="7734" />
    <nd ref="7735" />
    <nd ref="7736" />
    <nd ref="7737" />
    <nd ref="7738" />
    <nd ref="7739" />
    <nd ref="7740" />
    <nd ref="7741" />
    <nd ref="7742" />
    <nd ref="7743" />
    <nd ref="7744" />
    <nd ref="7745" />
    <nd ref="7746" />
    <nd ref="7747" />
    <nd ref="7748" />
    <nd ref="7749" />
    <nd ref="7750" />
    <nd ref="7751" />
    <nd ref="7752" />
    <nd ref="7753" />
    <nd ref="7754" />
    <nd ref="7755" />
    <nd ref="7756" />
    <nd ref="7757" />
    <nd ref="7758" />
    <nd ref="7759" />
    <nd ref="7760" />
    <nd ref="7761" />
    <nd ref="7762" />
    <nd ref="7763" />
    <nd ref="7764" />
    <nd ref="7765" />
    <nd ref="7766" />
    <nd ref="7767" />
    <nd ref="7768" />
    <nd ref="7769" />
    <nd ref="7770" />
    <nd ref="7771" />
    <nd ref="7772" />
    <nd ref="7773" />
    <nd ref="7774" />
    <nd ref="7775" />
    <nd ref="7776" />
    <nd ref="7777" />
    <nd ref="7778" />
    <nd ref="7779" />
    <nd ref="7780" />
    <nd ref="7781" />
    <nd ref="7782" />
    <nd ref="7783" />
    <nd ref="7784" />
    <nd ref="7785" />
    <nd ref="7786" />
    <nd ref="7787" />
    <nd ref="7788" />
    <nd ref="7789" />
    <nd ref="7790" />
    <nd ref="7791" />
    <nd ref="7792" />
    <nd ref="7793" />
    <nd ref="7794" />
    <nd ref="7795" />
    <nd ref="7796" />
    <nd ref="7797" />
    <nd ref="7798" />
    <nd ref="7799" />
    <nd ref="7800" />
    <nd ref="7801" />
    <nd ref="7802" />
    <nd ref="7803" />
    <nd ref="7804" />
    <nd ref="7805" />
    <nd ref="7806" />
    <nd ref="7807" />
    <nd ref="7808" />
    <nd ref="7809" />
    <nd ref="7810" />
    <nd ref="7811" />
    <nd ref="7812" />
    <nd ref="7813" />
    <nd ref="7814" />
    <nd ref="7815" />
    <nd ref="7816" />
    <nd ref="7817" />
    <nd ref="7818" />
    <nd ref="7819" />
    <nd ref="7820" />
    <nd ref="7821" />
    <nd ref="7822" />
    <nd ref="7823" />
    <nd ref="7824" />
    <nd ref="7825" />
    <nd ref="7826" />
    <nd ref="7827" />
    <nd ref="7828" />
    <nd ref="7829" />
    <nd ref="7830" />
    <nd ref="7831" />
    <nd ref="7832" />
    <nd ref="7833" />
    <nd ref="7834" />
    <nd ref="7835" />
    <nd ref="7836" />
    <nd ref="7837" />
    <nd ref="7838" />
    <nd ref="7839" />
    <nd ref="7840" />
    <nd ref="7841" />
    <nd ref="7842" />
    <nd ref="7843" />
    <nd ref="7844" />
    <nd ref="7845" />
    <nd ref="7846" />
    <nd ref="7847" />
    <nd ref="7848" />
    <nd ref="7849" />
    <nd ref="7850" />
    <nd ref="7851" />
    <nd ref="7852" />
    <nd ref="7853" />
    <nd ref="7854" />
    <nd ref="7855" />
    <nd ref="7856" />
    <nd ref="7857" />
    <nd ref="7858" />
    <nd ref="7859" />
    <nd ref="7860" />
    <nd ref="7861" />
    <nd ref="7862" />
    <nd ref="7863" />
    <nd ref="7864" />
    <nd ref="7865" />
    <nd ref="7866" />
    <nd ref="7867" />
    <nd ref="7868" />
    <nd ref="7869" />
    <nd ref="7870" />
    <nd ref="7871" />
    <nd ref="7872" />
    <nd ref="7873" />
    <nd ref="7874" />
    <nd ref="7875" />
    <nd ref="7876" />
    <nd ref="7877" />
    <nd ref="7878" />
    <nd ref="7879" />
    <nd ref="7880" />
    <nd ref="7881" />
    <nd ref="7882" />
    <nd ref="7883" />
    <nd ref="7884" />
    <nd ref="7885" />
    <nd ref="7886" />
    <nd ref="7887" />
    <nd ref="7888" />
    <nd ref="7889" />
    <nd ref="7890" />
    <nd ref="7891" />
    <nd ref="7892" />
    <nd ref="7893" />
    <nd ref="7894" />
    <nd ref="7895" />
    <nd ref="7896" />
    <nd ref="7897" />
    <nd ref="7898" />
    <nd ref="7899" />
    <nd ref="7900" />
    <nd ref="7901" />
    <nd ref="7902" />
    <nd ref="7903" />
    <nd ref="7904" />
    <nd ref="7905" />
    <nd ref="7906" />
    <nd ref="7907" />
    <nd ref="7908" />
    <nd ref="7909" />
    <nd ref="7910" />
    <nd ref="7911" />
    <nd ref="7912" />
    <nd ref="7913" />
    <nd ref="7914" />
    <nd ref="7915" />
    <nd ref="7916" />
    <nd ref="7917" />
    <nd ref="7918" />
    <nd ref="7919" />
    <nd ref="7920" />
    <nd ref="7921" />
    <nd ref="7922" />
    <nd ref="7923" />
    <nd ref="7924" />
    <nd ref="7925" />
    <nd ref="7926" />
    <nd ref="7927" />
    <nd ref="7928" />
    <nd ref="7929" />
    <nd ref="7930" />
    <nd ref="7931" />
    <nd ref="7932" />
    <nd ref="7933" />
    <nd ref="7934" />
    <nd ref="7935" />
    <nd ref="7936" />
    <nd ref="7937" />
    <nd ref="7938" />
    <nd ref="7939" />
    <nd ref="7940" />
    <nd ref="7941" />
    <nd ref="7942" />
    <nd ref="7943" />
    <nd ref="7944" />
    <nd ref="7945" />
    <nd ref="7946" />
    <nd ref="7947" />
    <nd ref="7948" />
    <nd ref="7949" />
    <nd ref="7950" />
    <nd ref="7951" />
    <nd ref="7952" />
    <nd ref="7953" />
    <nd ref="7954" />
    <nd ref="7955" />
    <nd ref="7956" />
    <nd ref="7957" />
    <nd ref="7958" />
    <nd ref="7959" />
    <nd ref="7960" />
    <nd ref="7961" />
    <nd ref="7962" />
    <nd ref="7963" />
    <nd ref="7964" />
    <nd ref="7965" />
    <nd ref="7966" />
    <nd ref="7967" />
    <nd ref="7968" />
    <nd ref="7969" />
    <nd ref="7970" />
    <nd ref="7971" />
    <nd ref="7972" />
    <nd ref="7973" />
    <nd ref="7974" />
    <nd ref="7975" />
    <nd ref="7976" />
    <nd ref="7977" />
    <nd ref="7978" />
    <nd ref="7979" />
    <nd ref="7980" />
    <nd ref="7981" />
    <nd ref="7982" />
    <nd ref="7983" />
    <nd ref="7984" />
    <nd ref="7985" />
    <nd ref="7986" />
    <nd ref="7987" />
    <nd ref="7988" />
    <nd ref="7989" />
    <nd ref="7990" />
    <nd ref="7991" />
    <nd ref="7992" />
    <nd ref="7993" />
    <nd ref="7994" />
    <nd ref="7995" />
    <nd ref="7996" />
    <nd ref="7997" />
    <nd ref="7998" />
    <nd ref="7999" />
    <nd ref="8000" />
    <nd ref="8001" />
    <nd ref="8002" />
    <nd ref="8003" />
    <nd ref="8004" />
    <nd ref="8005" />
    <nd ref="8006" />
    <nd ref="8007" />
    <nd ref="8008" />
    <nd ref="8009" />
    <nd ref="8010" />
    <nd ref="8011" />
    <nd ref="8012" />
    <nd ref="8013" />
    <nd ref="8014" />
    <nd ref="8015" />
    <nd ref="8016" />
    <nd ref="8017" />
    <nd ref="8018" />
    <nd ref="8019" />
    <nd ref="8020" />
    <nd ref="8021" />
    <nd ref="8022" />
    <nd ref="8023" />
    <nd ref="8024" />
    <nd ref="8025" />
    <nd ref="8026" />
    <nd ref="8027" />
    <nd ref="8028" />
    <nd ref="8029" />
    <nd ref="8030" />
    <nd ref="8031" />
    <nd ref="8032" />
    <nd ref="8033" />
    <nd ref="8034" />
    <nd ref="8035" />
    <nd ref="8036" />
    <nd ref="8037" />
    <nd ref="8038" />
    <nd ref="8039" />
    <nd ref="8040" />
    <nd ref="8041" />
    <nd ref="8042" />
    <nd ref="8043" />
    <nd ref="8044" />
    <nd ref="8045" />
    <nd ref="8046" />
    <nd ref="8047" />
    <nd ref="8048" />
    <nd ref="8049" />
    <nd ref="8050" />
    <nd ref="8051" />
    <nd ref="8052" />
    <nd ref="8053" />
    <nd ref="8054" />
    <nd ref="8055" />
    <nd ref="8056" />
    <nd ref="8057" />
    <nd ref="8058" />
    <nd ref="8059" />
    <nd ref="8060" />
    <nd ref="8061" />
    <nd ref="8062" />
    <nd ref="8063" />
    <nd ref="8064" />
    <nd ref="8065" />
    <nd ref="8066" />
    <nd ref="8067" />
    <nd ref="8068" />
    <nd ref="8069" />
    <nd ref="8070" />
    <nd ref="8071" />
    <nd ref="8072" />
    <nd ref="8073" />
    <nd ref="8074" />
    <nd ref="8075" />
    <nd ref="8076" />
    <nd ref="8077" />
    <nd ref="8078" />
    <nd ref="8079" />
    <nd ref="8080" />
    <nd ref="8081" />
    <nd ref="8082" />
    <nd ref="8083" />
    <nd ref="8084" />
    <nd ref="8085" />
    <nd ref="8086" />
    <nd ref="8087" />
    <nd ref="8088" />
    <nd ref="8089" />
    <nd ref="8090" />
    <nd ref="8091" />
    <nd ref="8092" />
    <nd ref="8093" />
    <nd ref="8094" />
    <nd ref="8095" />
    <nd ref="8096" />
    <nd ref="8097" />
    <nd ref="8098" />
    <nd ref="8099" />
    <nd ref="8100" />
    <nd ref="8101" />
    <nd ref="8102" />
    <nd ref="8103" />
    <nd ref="8104" />
    <nd ref="8105" />
    <nd ref="8106" />
    <nd ref="8107" />
    <nd ref="8108" />
    <nd ref="8109" />
    <nd ref="8110" />
    <nd ref="8111" />
    <nd ref="8112" />
    <nd ref="8113" />
    <nd ref="8114" />
    <nd ref="8115" />
    <nd ref="8116" />
    <nd ref="8117" />
    <nd ref="8118" />
    <nd ref="8119" />
    <nd ref="8120" />
    <nd ref="8121" />
    <nd ref="8122" />
    <nd ref="8123" />
    <nd ref="8124" />
    <nd ref="8125" />
    <nd ref="8126" />
    <nd ref="8127" />
    <nd ref="8128" />
    <nd ref="8129" />
    <nd ref="8130" />
    <nd ref="8131" />
    <nd ref="8132" />
    <nd ref="8133" />
    <nd ref="8134" />
    <nd ref="8135" />
    <nd ref="8136" />
    <nd ref="8137" />
    <nd ref="8138" />
    <nd ref="8139" />
    <nd ref="8140" />
    <nd ref="8141" />
    <nd ref="8142" />
    <nd ref="8143" />
    <nd ref="8144" />
    <nd ref="8145" />
    <nd ref="8146" />
    <nd ref="8147" />
    <nd ref="8148" />
    <nd ref="8149" />
    <nd ref="8150" />
    <nd ref="8151" />
    <nd ref="8152" />
    <nd ref="8153" />
    <nd ref="8154" />
    <nd ref="8155" />
    <nd ref="8156" />
    <nd ref="8157" />
    <nd ref="8158" />
    <nd ref="8159" />
    <nd ref="8160" />
    <nd ref="8161" />
    <nd ref="8162" />
    <nd ref="8163" />
    <nd ref="8164" />
    <nd ref="8165" />
    <nd ref="8166" />
    <nd ref="8167" />
    <nd ref="8168" />
    <nd ref="8169" />
    <nd ref="8170" />
    <nd ref="8171" />
    <nd ref="8172" />
    <nd ref="8173" />
    <nd ref="8174" />
    <nd ref="8175" />
    <nd ref="8176" />
    <nd ref="8177" />
    <nd ref="8178" />
    <nd ref="8179" />
    <nd ref="8180" />
    <nd ref="8181" />
    <nd ref="8182" />
    <nd ref="8183" />
    <nd ref="8184" />
    <nd ref="8185" />
    <nd ref="8186" />
    <nd ref="8187" />
    <nd ref="8188" />
    <nd ref="8189" />
    <nd ref="8190" />
    <nd ref="8191" />
    <nd ref="8192" />
    <nd ref="8193" />
    <nd ref="8194" />
    <nd ref="8195" />
    <nd ref="8196" />
    <nd ref="8197" />
    <nd ref="8198" />
    <nd ref="8199" />
    <nd ref="8200" />
    <nd ref="8201" />
    <nd ref="8202" />
    <nd ref="8203" />
    <nd ref="8204" />
    <nd ref="8205" />
    <nd ref="8206" />
    <nd ref="8207" />
    <nd ref="8208" />
    <nd ref="8209" />
    <nd ref="8210" />
    <nd ref="8211" />
    <nd ref="8212" />
    <nd ref="8213" />
    <nd ref="8214" />
    <nd ref="8215" />
    <nd ref="8216" />
    <nd ref="8217" />
    <nd ref="8218" />
    <nd ref="8219" />
    <nd ref="8220" />
    <nd ref="8221" />
    <nd ref="8222" />
    <nd ref="8223" />
    <nd ref="8224" />
    <nd ref="8225" />
    <nd ref="8226" />
    <nd ref="8227" />
    <nd ref="8228" />
    <nd ref="8229" />
    <nd ref="8230" />
    <nd ref="8231" />
    <nd ref="8232" />
    <nd ref="8233" />
    <nd ref="8234" />
    <nd ref="8235" />
    <nd ref="8236" />
    <nd ref="8237" />
    <nd ref="8238" />
    <nd ref="8239" />
    <nd ref="8240" />
    <nd ref="8241" />
    <nd ref="8242" />
    <nd ref="8243" />
    <nd ref="8244" />
    <nd ref="8245" />
    <nd ref="8246" />
    <nd ref="8247" />
    <nd ref="8248" />
    <nd ref="8249" />
    <nd ref="8250" />
    <nd ref="8251" />
    <nd ref="8252" />
    <nd ref="8253" />
    <nd ref="8254" />
    <nd ref="8255" />
    <nd ref="8256" />
    <nd ref="8257" />
    <nd ref="8258" />
    <nd ref="8259" />
    <nd ref="8260" />
    <nd ref="8261" />
    <nd ref="8262" />
    <nd ref="8263" />
    <nd ref="8264" />
    <nd ref="8265" />
    <nd ref="8266" />
    <nd ref="8267" />
    <nd ref="8268" />
    <nd ref="8269" />
    <nd ref="8270" />
    <nd ref="8271" />
    <nd ref="8272" />
    <nd ref="8273" />
    <nd ref="8274" />
    <nd ref="8275" />
    <nd ref="8276" />
    <nd ref="8277" />
    <nd ref="8278" />
    <nd ref="8279" />
    <nd ref="8280" />
    <nd ref="8281" />
    <nd ref="8282" />
    <nd ref="8283" />
    <nd ref="8284" />
    <nd ref="8285" />
    <nd ref="8286" />
    <nd ref="8287" />
    <nd ref="8288" />
    <nd ref="8289" />
    <nd ref="8290" />
    <nd ref="8291" />
    <nd ref="8292" />
    <nd ref="8293" />
    <nd ref="8294" />
    <nd ref="8295" />
    <nd ref="8296" />
    <nd ref="8297" />
    <nd ref="8298" />
    <nd ref="8299" />
    <nd ref="8300" />
    <nd ref="8301" />
    <nd ref="8302" />
    <nd ref="8303" />
    <nd ref="8304" />
    <nd ref="8305" />
    <nd ref="8306" />
    <nd ref="8307" />
    <nd ref="8308" />
    <nd ref="8309" />
    <nd ref="8310" />
    <nd ref="8311" />
    <nd ref="8312" />
    <nd ref="8313" />
    <nd ref="8314" />
    <nd ref="8315" />
    <nd ref="8316" />
    <nd ref="8317" />
    <nd ref="8318" />
    <nd ref="8319" />
    <nd ref="8320" />
    <nd ref="8321" />
    <nd ref="8322" />
    <nd ref="8323" />
    <nd ref="8324" />
    <nd ref="8325" />
    <nd ref="8326" />
    <nd ref="8327" />
    <nd ref="8328" />
    <nd ref="8329" />
    <nd ref="8330" />
    <nd ref="8331" />
    <nd ref="8332" />
    <nd ref="8333" />
    <nd ref="8334" />
    <nd ref="8335" />
    <nd ref="8336" />
    <nd ref="8337" />
    <nd ref="8338" />
    <nd ref="8339" />
    <nd ref="8340" />
    <nd ref="8341" />
    <nd ref="8342" />
    <nd ref="8343" />
    <nd ref="8344" />
    <nd ref="8345" />
    <nd ref="8346" />
    <nd ref="8347" />
    <nd ref="8348" />
    <nd ref="8349" />
    <nd ref="8350" />
    <nd ref="8351" />
    <nd ref="8352" />
    <nd ref="8353" />
    <nd ref="8354" />
    <nd ref="8355" />
    <nd ref="8356" />
    <nd ref="8357" />
    <nd ref="8358" />
    <nd ref="8359" />
    <nd ref="8360" />
    <nd ref="8361" />
    <nd ref="8362" />
    <nd ref="8363" />
    <nd ref="8364" />
    <nd ref="8365" />
    <nd ref="8366" />
    <nd ref="8367" />
    <nd ref="8368" />
    <nd ref="8369" />
    <nd ref="8370" />
    <nd ref="8371" />
    <nd ref="8372" />
    <nd ref="8373" />
    <nd ref="8374" />
    <nd ref="8375" />
    <nd ref="8376" />
    <nd ref="8377" />
    <nd ref="8378" />
    <nd ref="8379" />
    <nd ref="8380" />
    <nd ref="8381" />
    <nd ref="8382" />
    <nd ref="8383" />
    <nd ref="8384" />
    <nd ref="8385" />
    <nd ref="8386" />
    <nd ref="8387" />
    <nd ref="8388" />
    <nd ref="8389" />
    <nd ref="8390" />
    <nd ref="8391" />
    <nd ref="8392" />
    <nd ref="8393" />
    <nd ref="8394" />
    <nd ref="8395" />
    <nd ref="8396" />
    <nd ref="8397" />
    <nd ref="8398" />
    <nd ref="8399" />
    <nd ref="8400" />
    <nd ref="8401" />
    <nd ref="8402" />
    <nd ref="8403" />
    <nd ref="8404" />
    <nd ref="8405" />
    <nd ref="8406" />
    <nd ref="8407" />
    <nd ref="8408" />
    <nd ref="8409" />
    <nd ref="8410" />
    <nd ref="8411" />
    <nd ref="8412" />
    <nd ref="8413" />
    <nd ref="8414" />
    <nd ref="8415" />
    <nd ref="8416" />
    <nd ref="8417" />
    <nd ref="8418" />
    <nd ref="8419" />
    <nd ref="8420" />
    <nd ref="8421" />
    <nd ref="8422" />
    <nd ref="8423" />
    <nd ref="8424" />
    <nd ref="8425" />
    <nd ref="8426" />
    <nd ref="8427" />
    <nd ref="8428" />
    <nd ref="8429" />
    <nd ref="8430" />
    <nd ref="8431" />
    <nd ref="8432" />
    <nd ref="8433" />
    <nd ref="8434" />
    <nd ref="8435" />
    <nd ref="8436" />
    <nd ref="8437" />
    <nd ref="8438" />
    <nd ref="8439" />
    <nd ref="8440" />
    <nd ref="8441" />
    <nd ref="8442" />
    <nd ref="8443" />
    <nd ref="8444" />
    <nd ref="8445" />
    <nd ref="8446" />
    <nd ref="8447" />
    <nd ref="8448" />
    <nd ref="8449" />
    <nd ref="8450" />
    <nd ref="8451" />
    <nd ref="8452" />
    <nd ref="8453" />
    <nd ref="8454" />
    <nd ref="8455" />
    <nd ref="8456" />
    <nd ref="8457" />
    <nd ref="8458" />
    <nd ref="8459" />
    <nd ref="8460" />
    <nd ref="8461" />
    <nd ref="8462" />
    <nd ref="8463" />
    <nd ref="8464" />
    <nd ref="8465" />
    <nd ref="8466" />
    <nd ref="8467" />
    <nd ref="8468" />
    <nd ref="8469" />
    <nd ref="8470" />
    <nd ref="8471" />
    <nd ref="8472" />
    <nd ref="8473" />
    <nd ref="8474" />
    <nd ref="8475" />
    <nd ref="8476" />
    <nd ref="8477" />
    <nd ref="8478" />
    <nd ref="8479" />
    <nd ref="8480" />
    <nd ref="8481" />
    <nd ref="8482" />
    <nd ref="8483" />
    <nd ref="8484" />
    <nd ref="8485" />
    <nd ref="8486" />
    <nd ref="8487" />
    <nd ref="8488" />
    <nd ref="8489" />
    <nd ref="8490" />
    <nd ref="8491" />
    <nd ref="8492" />
    <nd ref="8493" />
    <nd ref="8494" />
    <nd ref="8495" />
    <nd ref="8496" />
    <nd ref="8497" />
    <nd ref="8498" />
    <nd ref="8499" />
    <nd ref="8500" />
    <nd ref="8501" />
    <nd ref="8502" />
    <nd ref="8503" />
    <nd ref="8504" />
    <nd ref="8505" />
    <nd ref="8506" />
    <nd ref="8507" />
    <nd ref="8508" />
    <nd ref="8509" />
    <nd ref="8510" />
    <nd ref="8511" />
    <nd ref="8512" />
    <nd ref="8513" />
    <nd ref="8514" />
    <nd ref="8515" />
    <nd ref="8516" />
    <nd ref="8517" />
    <nd ref="8518" />
    <nd ref="8519" />
    <nd ref="8520" />
    <nd ref="8521" />
    <nd ref="8522" />
    <nd ref="8523" />
    <nd ref="8524" />
    <nd ref="8525" />
    <nd ref="8526" />
    <nd ref="8527" />
    <nd ref="8528" />
    <nd ref="8529" />
    <nd ref="8530" />
    <nd ref="8531" />
    <nd ref="8532" />
    <nd ref="8533" />
    <nd ref="8534" />
    <nd ref="8535" />
    <nd ref="8536" />
    <nd ref="8537" />
    <nd ref="8538" />
    <nd ref="8539" />
    <nd ref="8540" />
    <nd ref="8541" />
    <nd ref="8542" />
    <nd ref="8543" />
    <nd ref="8544" />
    <nd ref="8545" />
    <nd ref="8546" />
    <nd ref="8547" />
    <nd ref="8548" />
    <nd ref="8549" />
    <nd ref="8550" />
    <nd ref="8551" />
    <nd ref="8552" />
    <nd ref="8553" />
    <nd ref="8554" />
    <nd ref="8555" />
    <nd ref="8556" />
    <nd ref="8557" />
    <nd ref="8558" />
    <nd ref="8559" />
    <nd ref="8560" />
    <nd ref="8561" />
    <nd ref="8562" />
    <nd ref="8563" />
    <nd ref="8564" />
    <nd ref="8565" />
    <nd ref="8566" />
    <nd ref="8567" />
    <nd ref="8568" />
    <nd ref="8569" />
    <nd ref="8570" />
    <nd ref="8571" />
    <nd ref="8572" />
    <nd ref="8573" />
    <nd ref="8574" />
    <nd ref="8575" />
    <nd ref="8576" />
    <nd ref="8577" />
    <nd ref="8578" />
    <nd ref="8579" />
    <nd ref="8580" />
    <nd ref="8581" />
    <nd ref="8582" />
    <nd ref="8583" />
    <nd ref="8584" />
    <nd ref="8585" />
    <nd ref="8586" />
    <nd ref="8587" />
    <nd ref="8588" />
    <nd ref="8589" />
    <nd ref="8590" />
    <nd ref="8591" />
    <nd ref="8592" />
    <nd ref="8593" />
    <nd ref="8594" />
    <nd ref="8595" />
    <nd ref="8596" />
    <nd ref="8597" />
    <nd ref="8598" />
    <nd ref="8599" />
    <nd ref="8600" />
    <nd ref="8601" />
    <nd ref="8602" />
    <nd ref="8603" />
    <nd ref="8604" />
    <nd ref="8605" />
    <nd ref="8606" />
    <nd ref="8607" />
    <nd ref="8608" />
    <nd ref="8609" />
    <nd ref="8610" />
    <nd ref="8611" />
    <nd ref="8612" />
    <nd ref="8613" />
    <nd ref="8614" />
    <nd ref="8615" />
    <nd ref="8616" />
    <nd ref="8617" />
    <nd ref="8618" />
    <nd ref="8619" />
    <nd ref="8620" />
    <nd ref="8621" />
    <nd ref="8622" />
    <nd ref="8623" />
    <nd ref="8624" />
    <nd ref="8625" />
    <nd ref="8626" />
    <nd ref="8627" />
    <nd ref="8628" />
    <nd ref="8629" />
    <nd ref="8630" />
    <nd ref="8631" />
    <nd ref="8632" />
    <nd ref="8633" />
    <nd ref="8634" />
    <nd ref="8635" />
    <nd ref="8636" />
    <nd ref="8637" />
    <nd ref="8638" />
    <nd ref="8639" />
    <nd ref="8640" />
    <nd ref="8641" />
    <nd ref="8642" />
    <nd ref="8643" />
    <nd ref="8644" />
    <nd ref="8645" />
    <nd ref="8646" />
    <nd ref="8647" />
    <nd ref="8648" />
    <nd ref="8649" />
    <nd ref="8650" />
    <nd ref="8651" />
    <nd ref="8652" />
    <nd ref="8653" />
    <nd ref="8654" />
    <nd ref="8655" />
    <nd ref="8656" />
    <nd ref="8657" />
    <nd ref="8658" />
    <nd ref="8659" />
    <nd ref="8660" />
    <nd ref="8661" />
    <nd ref="8662" />
    <nd ref="8663" />
    <nd ref="8664" />
    <nd ref="8665" />
    <nd ref="8666" />
    <nd ref="8667" />
    <nd ref="8668" />
    <nd ref="8669" />
    <nd ref="8670" />
    <nd ref="8671" />
    <nd ref="8672" />
    <nd ref="8673" />
    <nd ref="8674" />
    <nd ref="8675" />
    <nd ref="8676" />
    <nd ref="8677" />
    <nd ref="8678" />
    <nd ref="8679" />
    <nd ref="8680" />
    <nd ref="8681" />
    <nd ref="8682" />
    <nd ref="8683" />
    <nd ref="8684" />
    <nd ref="8685" />
    <nd ref="8686" />
    <nd ref="8687" />
    <nd ref="8688" />
    <nd ref="8689" />
    <nd ref="8690" />
    <nd ref="8691" />
    <nd ref="8692" />
    <nd ref="8693" />
    <nd ref="8694" />
    <nd ref="8695" />
    <nd ref="8696" />
    <nd ref="8697" />
    <nd ref="8698" />
    <nd ref="8699" />
    <nd ref="8700" />
    <nd ref="8701" />
    <nd ref="8702" />
    <nd ref="8703" />
    <nd ref="8704" />
    <nd ref="8705" />
    <nd ref="8706" />
    <nd ref="8707" />
    <nd ref="8708" />
    <nd ref="8709" />
    <nd ref="8710" />
    <nd ref="8711" />
    <nd ref="8712" />
    <nd ref="8713" />
    <nd ref="8714" />
    <nd ref="8715" />
    <nd ref="8716" />
    <nd ref="8717" />
    <nd ref="8718" />
    <nd ref="8719" />
    <nd ref="8720" />
    <nd ref="8721" />
    <nd ref="8722" />
    <nd ref="8723" />
    <nd ref="8724" />
    <nd ref="8725" />
    <nd ref="8726" />
    <nd ref="8727" />
    <nd ref="8728" />
    <nd ref="8729" />
    <nd ref="8730" />
    <nd ref="8731" />
    <nd ref="8732" />
    <nd ref="8733" />
    <nd ref="8734" />
    <nd ref="8735" />
    <nd ref="8736" />
    <nd ref="8737" />
    <nd ref="8738" />
    <nd ref="8739" />
    <nd ref="8740" />
    <nd ref="8741" />
    <nd ref="8742" />
    <nd ref="8743" />
    <nd ref="8744" />
    <nd ref="8745" />
    <nd ref="8746" />
    <nd ref="8747" />
    <nd ref="8748" />
    <nd ref="8749" />
    <nd ref="8750" />
    <nd ref="8751" />
    <nd ref="8752" />
    <nd ref="8753" />
    <nd ref="8754" />
    <nd ref="8755" />
    <nd ref="8756" />
    <nd ref="8757" />
    <nd ref="8758" />
    <nd ref="8759" />
    <nd ref="8760" />
    <nd ref="8761" />
    <nd ref="8762" />
    <nd ref="8763" />
    <nd ref="8764" />
    <nd ref="8765" />
    <nd ref="8766" />
    <nd ref="8767" />
    <nd ref="8768" />
    <nd ref="8769" />
    <nd ref="8770" />
    <nd ref="8771" />
    <nd ref="8772" />
    <nd ref="8773" />
    <nd ref="8774" />
    <nd ref="8775" />
    <nd ref="8776" />
    <nd ref="8777" />
    <nd ref="8778" />
    <nd ref="8779" />
    <nd ref="8780" />
    <nd ref="8781" />
    <nd ref="8782" />
    <nd ref="8783" />
    <nd ref="8784" />
    <nd ref="8785" />
    <nd ref="8786" />
    <nd ref="8787" />
    <nd ref="8788" />
    <nd ref="8789" />
    <nd ref="8790" />
    <nd ref="8791" />
    <nd ref="8792" />
    <nd ref="8793" />
    <nd ref="8794" />
    <nd ref="8795" />
    <nd ref="8796" />
    <nd ref="8797" />
    <nd ref="8798" />
    <nd ref="8799" />
    <nd ref="8800" />
    <nd ref="8801" />
    <nd ref="8802" />
    <nd ref="8803" />
    <nd ref="8804" />
    <nd ref="8805" />
    <nd ref="8806" />
    <nd ref="8807" />
    <nd ref="8808" />
    <nd ref="8809" />
    <nd ref="8810" />
    <nd ref="8811" />
    <nd ref="8812" />
    <nd ref="8813" />
    <nd ref="8814" />
    <nd ref="8815" />
    <nd ref="8816" />
    <nd ref="8817" />
    <nd ref="8818" />
    <nd ref="8819" />
    <nd ref="8820" />
    <nd ref="8821" />
    <nd ref="8822" />
    <nd ref="8823" />
    <nd ref="8824" />
    <nd ref="8825" />
    <nd ref="8826" />
    <nd ref="8827" />
    <nd ref="8828" />
    <nd ref="8829" />
    <nd ref="8830" />
    <nd ref="8831" />
    <nd ref="8832" />
    <nd ref="8833" />
    <nd ref="8834" />
    <nd ref="8835" />
    <nd ref="8836" />
    <nd ref="8837" />
    <nd ref="8838" />
    <nd ref="8839" />
    <nd ref="8840" />
    <nd ref="8841" />
    <nd ref="8842" />
    <nd ref="8843" />
    <nd ref="8844" />
    <nd ref="8845" />
    <nd ref="8846" />
    <nd ref="8847" />
    <nd ref="8848" />
    <nd ref="8849" />
    <nd ref="8850" />
    <nd ref="8851" />
    <nd ref="8852" />
    <nd ref="8853" />
    <nd ref="8854" />
    <nd ref="8855" />
    <nd ref="8856" />
    <nd ref="8857" />
    <nd ref="8858" />
    <nd ref="8859" />
    <nd ref="8860" />
    <nd ref="8861" />
    <nd ref="8862" />
    <nd ref="8863" />
    <nd ref="8864" />
    <nd ref="8865" />
    <nd ref="8866" />
    <nd ref="8867" />
    <nd ref="8868" />
    <nd ref="8869" />
    <nd ref="8870" />
    <nd ref="8871" />
    <nd ref="8872" />
    <nd ref="8873" />
    <nd ref="8874" />
    <nd ref="8875" />
    <nd ref="8876" />
    <nd ref="8877" />
    <nd ref="8878" />
    <nd ref="8879" />
    <nd ref="8880" />
    <nd ref="8881" />
    <nd ref="8882" />
    <nd ref="8883" />
    <nd ref="8884" />
    <nd ref="8885" />
    <nd ref="8886" />
    <nd ref="8887" />
    <nd ref="8888" />
    <nd ref="8889" />
    <nd ref="8890" />
    <nd ref="8891" />
    <nd ref="8892" />
    <nd ref="8893" />
    <nd ref="8894" />
    <nd ref="8895" />
    <nd ref="8896" />
    <nd ref="8897" />
    <nd ref="8898" />
    <nd ref="8899" />
    <nd ref="8900" />
    <nd ref="8901" />
    <nd ref="8902" />
    <nd ref="8903" />
    <nd ref="8904" />
    <nd ref="8905" />
    <nd ref="8906" />
    <nd ref="8907" />
    <nd ref="8908" />
    <nd ref="8909" />
    <nd ref="8910" />
    <nd ref="8911" />
    <nd ref="8912" />
    <nd ref="8913" />
    <nd ref="8914" />
    <nd ref="8915" />
    <nd ref="8916" />
    <nd ref="8917" />
    <nd ref="8918" />
    <nd ref="8919" />
    <nd ref="8920" />
    <nd ref="8921" />
    <nd ref="8922" />
    <nd ref="8923" />
    <nd ref="8924" />
    <nd ref="8925" />
    <nd ref="8926" />
    <nd ref="8927" />
    <nd ref="8928" />
    <nd ref="8929" />
    <nd ref="8930" />
    <nd ref="8931" />
    <nd ref="8932" />
    <nd ref="8933" />
    <nd ref="8934" />
    <nd ref="8935" />
    <nd ref="8936" />
    <nd ref="8937" />
    <nd ref="8938" />
    <nd ref="8939" />
    <nd ref="8940" />
    <nd ref="8941" />
    <nd ref="8942" />
    <nd ref="8943" />
    <nd ref="8944" />
    <nd ref="8945" />
    <nd ref="8946" />
    <nd ref="8947" />
    <nd ref="8948" />
    <nd ref="8949" />
    <nd ref="8950" />
    <nd ref="8951" />
    <nd ref="8952" />
    <nd ref="8953" />
    <nd ref="8954" />
    <nd ref="8955" />
    <nd ref="8956" />
    <nd ref="8957" />
    <nd ref="8958" />
    <nd ref="8959" />
    <nd ref="8960" />
    <nd ref="8961" />
    <nd ref="8962" />
    <nd ref="8963" />
    <nd ref="8964" />
    <nd ref="8965" />
    <nd ref="8966" />
    <nd ref="8967" />
    <nd ref="8968" />
    <nd ref="8969" />
    <nd ref="8970" />
    <nd ref="8971" />
    <nd ref="8972" />
    <nd ref="8973" />
    <nd ref="8974" />
    <nd ref="8975" />
    <nd ref="8976" />
    <nd ref="8977" />
    <nd ref="8978" />
    <nd ref="8979" />
    <nd ref="8980" />
    <nd ref="8981" />
    <nd ref="8982" />
    <nd ref="8983" />
    <nd ref="8984" />
    <nd ref="8985" />
  </way>
  <relation id="8988" visible="true" version="1">
    <member type="way" ref="8986" role="left" />
    <member type="way" ref="8987" role="right" />
    <tag k="one_way" v="no" />
    <tag k="subtype" v="road" />
    <tag k="type" v="lanelet" />
  </relation>
</osm>
