<?xml version="1.0"?>
<osm version="0.6" upload="false" generator="lanelet2">
  <node id="4985" visible="true" version="1" lat="47.46678841392" lon="19.15029084577" />
  <node id="4986" visible="true" version="1" lat="47.46678833066" lon="19.15029077918" />
  <node id="4987" visible="true" version="1" lat="47.46678824229" lon="19.15029070844" />
  <node id="4988" visible="true" version="1" lat="47.46678815495" lon="19.15029063853" />
  <node id="4989" visible="true" version="1" lat="47.46678806395" lon="19.15029056569" />
  <node id="4990" visible="true" version="1" lat="47.46678796916" lon="19.15029048983" />
  <node id="4991" visible="true" version="1" lat="47.46678787046" lon="19.15029041078" />
  <node id="4992" visible="true" version="1" lat="47.46678776861" lon="19.15029032915" />
  <node id="4993" visible="true" version="1" lat="47.46678766358" lon="19.15029024492" />
  <node id="4994" visible="true" version="1" lat="47.46678755636" lon="19.15029015885" />
  <node id="4995" visible="true" version="1" lat="47.46678744745" lon="19.1502900714" />
  <node id="4996" visible="true" version="1" lat="47.46678733657" lon="19.15028998235" />
  <node id="4997" visible="true" version="1" lat="47.46678722383" lon="19.15028989183" />
  <node id="4998" visible="true" version="1" lat="47.46678710867" lon="19.15028979942" />
  <node id="4999" visible="true" version="1" lat="47.46678699026" lon="19.15028970443" />
  <node id="5000" visible="true" version="1" lat="47.46678686834" lon="19.15028960668" />
  <node id="5001" visible="true" version="1" lat="47.46678674294" lon="19.15028950614" />
  <node id="5002" visible="true" version="1" lat="47.46678661421" lon="19.15028940293" />
  <node id="5003" visible="true" version="1" lat="47.46678648187" lon="19.15028929681" />
  <node id="5004" visible="true" version="1" lat="47.46678634602" lon="19.15028918783" />
  <node id="5005" visible="true" version="1" lat="47.46678620694" lon="19.1502890762" />
  <node id="5006" visible="true" version="1" lat="47.46678606452" lon="19.15028896182" />
  <node id="5007" visible="true" version="1" lat="47.46678591872" lon="19.15028884463" />
  <node id="5008" visible="true" version="1" lat="47.46678577022" lon="19.15028872516" />
  <node id="5009" visible="true" version="1" lat="47.46678561943" lon="19.15028860377" />
  <node id="5010" visible="true" version="1" lat="47.46678546626" lon="19.15028848041" />
  <node id="5011" visible="true" version="1" lat="47.46678531166" lon="19.15028835584" />
  <node id="5012" visible="true" version="1" lat="47.46678515508" lon="19.15028822972" />
  <node id="5013" visible="true" version="1" lat="47.46678499625" lon="19.15028810182" />
  <node id="5014" visible="true" version="1" lat="47.46678483531" lon="19.15028797232" />
  <node id="5015" visible="true" version="1" lat="47.46678467232" lon="19.15028784126" />
  <node id="5016" visible="true" version="1" lat="47.46678450631" lon="19.15028770796" />
  <node id="5017" visible="true" version="1" lat="47.46678433842" lon="19.15028757331" />
  <node id="5018" visible="true" version="1" lat="47.46678413073" lon="19.15028740703" />
  <node id="5019" visible="true" version="1" lat="47.46678391816" lon="19.15028723699" />
  <node id="5020" visible="true" version="1" lat="47.46678370144" lon="19.1502870638" />
  <node id="5021" visible="true" version="1" lat="47.46678348029" lon="19.15028688724" />
  <node id="5022" visible="true" version="1" lat="47.46678325538" lon="19.15028670774" />
  <node id="5023" visible="true" version="1" lat="47.46678306283" lon="19.15028655421" />
  <node id="5024" visible="true" version="1" lat="47.46678286545" lon="19.15028639686" />
  <node id="5025" visible="true" version="1" lat="47.46678266439" lon="19.15028623659" />
  <node id="5026" visible="true" version="1" lat="47.46678245991" lon="19.15028607352" />
  <node id="5027" visible="true" version="1" lat="47.46678225165" lon="19.15028590741" />
  <node id="5028" visible="true" version="1" lat="47.46678203984" lon="19.15028573832" />
  <node id="5029" visible="true" version="1" lat="47.46678182556" lon="19.15028556718" />
  <node id="5030" visible="true" version="1" lat="47.46678160769" lon="19.15028539309" />
  <node id="5031" visible="true" version="1" lat="47.46678138704" lon="19.15028521663" />
  <node id="5032" visible="true" version="1" lat="47.46678116397" lon="19.15028503818" />
  <node id="5033" visible="true" version="1" lat="47.46678093806" lon="19.1502848574" />
  <node id="5034" visible="true" version="1" lat="47.46678070937" lon="19.15028467434" />
  <node id="5035" visible="true" version="1" lat="47.46678047826" lon="19.1502844893" />
  <node id="5036" visible="true" version="1" lat="47.46678024475" lon="19.15028430237" />
  <node id="5037" visible="true" version="1" lat="47.46678000877" lon="19.15028411349" />
  <node id="5038" visible="true" version="1" lat="47.46677977013" lon="19.15028392256" />
  <node id="5039" visible="true" version="1" lat="47.46677952893" lon="19.15028372967" />
  <node id="5040" visible="true" version="1" lat="47.46677928515" lon="19.15028353485" />
  <node id="5041" visible="true" version="1" lat="47.46677903839" lon="19.15028333778" />
  <node id="5042" visible="true" version="1" lat="47.46677878872" lon="19.15028313852" />
  <node id="5043" visible="true" version="1" lat="47.46677853582" lon="19.15028293685" />
  <node id="5044" visible="true" version="1" lat="47.46677827935" lon="19.15028273244" />
  <node id="5045" visible="true" version="1" lat="47.46677801939" lon="19.15028252534" />
  <node id="5046" visible="true" version="1" lat="47.46677775557" lon="19.1502823152" />
  <node id="5047" visible="true" version="1" lat="47.46677748761" lon="19.15028210176" />
  <node id="5048" visible="true" version="1" lat="47.46677721634" lon="19.15028188556" />
  <node id="5049" visible="true" version="1" lat="47.46677694168" lon="19.1502816666" />
  <node id="5050" visible="true" version="1" lat="47.46677666372" lon="19.15028144481" />
  <node id="5051" visible="true" version="1" lat="47.46677638312" lon="19.1502812208" />
  <node id="5052" visible="true" version="1" lat="47.46677610017" lon="19.15028099475" />
  <node id="5053" visible="true" version="1" lat="47.46677581451" lon="19.15028076647" />
  <node id="5054" visible="true" version="1" lat="47.46677552653" lon="19.15028053618" />
  <node id="5055" visible="true" version="1" lat="47.4667752372" lon="19.15028030482" />
  <node id="5056" visible="true" version="1" lat="47.4667749464" lon="19.15028007233" />
  <node id="5057" visible="true" version="1" lat="47.46677465412" lon="19.15027983883" />
  <node id="5058" visible="true" version="1" lat="47.46677435989" lon="19.150279604" />
  <node id="5059" visible="true" version="1" lat="47.46677406336" lon="19.15027936762" />
  <node id="5060" visible="true" version="1" lat="47.46677376381" lon="19.1502791291" />
  <node id="5061" visible="true" version="1" lat="47.46677346106" lon="19.15027888828" />
  <node id="5062" visible="true" version="1" lat="47.46677315472" lon="19.15027864479" />
  <node id="5063" visible="true" version="1" lat="47.46677284515" lon="19.15027839886" />
  <node id="5064" visible="true" version="1" lat="47.4667725322" lon="19.15027815038" />
  <node id="5065" visible="true" version="1" lat="47.46677215115" lon="19.15027784781" />
  <node id="5066" visible="true" version="1" lat="47.46677176608" lon="19.15027754199" />
  <node id="5067" visible="true" version="1" lat="47.46677137726" lon="19.15027723301" />
  <node id="5068" visible="true" version="1" lat="47.46677098515" lon="19.15027692122" />
  <node id="5069" visible="true" version="1" lat="47.46677058914" lon="19.15027660601" />
  <node id="5070" visible="true" version="1" lat="47.46677025398" lon="19.15027633883" />
  <node id="5071" visible="true" version="1" lat="47.46676991786" lon="19.15027607054" />
  <node id="5072" visible="true" version="1" lat="47.46676957998" lon="19.1502758006" />
  <node id="5073" visible="true" version="1" lat="47.46676924022" lon="19.15027552884" />
  <node id="5074" visible="true" version="1" lat="47.46676889916" lon="19.15027525583" />
  <node id="5075" visible="true" version="1" lat="47.46676855678" lon="19.15027498156" />
  <node id="5076" visible="true" version="1" lat="47.46676821285" lon="19.15027470598" />
  <node id="5077" visible="true" version="1" lat="47.46676786784" lon="19.15027442943" />
  <node id="5078" visible="true" version="1" lat="47.46676752159" lon="19.15027415199" />
  <node id="5079" visible="true" version="1" lat="47.46676717362" lon="19.15027387323" />
  <node id="5080" visible="true" version="1" lat="47.46676682386" lon="19.15027359325" />
  <node id="5081" visible="true" version="1" lat="47.46676647227" lon="19.15027331194" />
  <node id="5082" visible="true" version="1" lat="47.46676611846" lon="19.15027302917" />
  <node id="5083" visible="true" version="1" lat="47.46676576203" lon="19.15027274448" />
  <node id="5084" visible="true" version="1" lat="47.46676540286" lon="19.15027245788" />
  <node id="5085" visible="true" version="1" lat="47.46676504113" lon="19.15027216939" />
  <node id="5086" visible="true" version="1" lat="47.46676467626" lon="19.15027187868" />
  <node id="5087" visible="true" version="1" lat="47.46676430806" lon="19.15027158537" />
  <node id="5088" visible="true" version="1" lat="47.466763937" lon="19.15027128993" />
  <node id="5089" visible="true" version="1" lat="47.46676356266" lon="19.15027099186" />
  <node id="5090" visible="true" version="1" lat="47.46676318478" lon="19.15027069101" />
  <node id="5091" visible="true" version="1" lat="47.46676280395" lon="19.15027038761" />
  <node id="5092" visible="true" version="1" lat="47.46676241991" lon="19.15027008159" />
  <node id="5093" visible="true" version="1" lat="47.46676203252" lon="19.15026977258" />
  <node id="5094" visible="true" version="1" lat="47.46676164276" lon="19.15026946146" />
  <node id="5095" visible="true" version="1" lat="47.46676125035" lon="19.1502691479" />
  <node id="5096" visible="true" version="1" lat="47.46676085534" lon="19.15026883202" />
  <node id="5097" visible="true" version="1" lat="47.46676045846" lon="19.15026851427" />
  <node id="5098" visible="true" version="1" lat="47.46676005968" lon="19.15026819488" />
  <node id="5099" visible="true" version="1" lat="47.46675965881" lon="19.15026787355" />
  <node id="5100" visible="true" version="1" lat="47.46675925631" lon="19.15026755086" />
  <node id="5101" visible="true" version="1" lat="47.46675885181" lon="19.15026722646" />
  <node id="5102" visible="true" version="1" lat="47.46675844504" lon="19.15026690029" />
  <node id="5103" visible="true" version="1" lat="47.46675803716" lon="19.15026657319" />
  <node id="5104" visible="true" version="1" lat="47.46675754461" lon="19.15026617854" />
  <node id="5105" visible="true" version="1" lat="47.466757049" lon="19.15026578185" />
  <node id="5106" visible="true" version="1" lat="47.4667565503" lon="19.15026538301" />
  <node id="5107" visible="true" version="1" lat="47.46675604854" lon="19.15026498216" />
  <node id="5108" visible="true" version="1" lat="47.46675554377" lon="19.15026457923" />
  <node id="5109" visible="true" version="1" lat="47.46675511778" lon="19.15026423963" />
  <node id="5110" visible="true" version="1" lat="47.46675468719" lon="19.15026389618" />
  <node id="5111" visible="true" version="1" lat="47.4667542536" lon="19.1502635504" />
  <node id="5112" visible="true" version="1" lat="47.46675381665" lon="19.15026320166" />
  <node id="5113" visible="true" version="1" lat="47.46675337689" lon="19.1502628506" />
  <node id="5114" visible="true" version="1" lat="47.46675293446" lon="19.15026249707" />
  <node id="5115" visible="true" version="1" lat="47.46675248971" lon="19.15026214158" />
  <node id="5116" visible="true" version="1" lat="47.46675204276" lon="19.15026178404" />
  <node id="5117" visible="true" version="1" lat="47.46675159388" lon="19.15026142494" />
  <node id="5118" visible="true" version="1" lat="47.46675114291" lon="19.15026106398" />
  <node id="5119" visible="true" version="1" lat="47.46675068984" lon="19.15026070143" />
  <node id="5120" visible="true" version="1" lat="47.46675023412" lon="19.15026033664" />
  <node id="5121" visible="true" version="1" lat="47.46674977566" lon="19.15025996973" />
  <node id="5122" visible="true" version="1" lat="47.46674931452" lon="19.15025960049" />
  <node id="5123" visible="true" version="1" lat="47.4667488507" lon="19.15025922912" />
  <node id="5124" visible="true" version="1" lat="47.46674838448" lon="19.1502588556" />
  <node id="5125" visible="true" version="1" lat="47.4667479159" lon="19.15025848021" />
  <node id="5126" visible="true" version="1" lat="47.46674744535" lon="19.15025810303" />
  <node id="5127" visible="true" version="1" lat="47.46674697294" lon="19.15025772448" />
  <node id="5128" visible="true" version="1" lat="47.46674649866" lon="19.15025734435" />
  <node id="5129" visible="true" version="1" lat="47.46674602219" lon="19.15025696273" />
  <node id="5130" visible="true" version="1" lat="47.46674554371" lon="19.15025657946" />
  <node id="5131" visible="true" version="1" lat="47.46674506294" lon="19.15025619471" />
  <node id="5132" visible="true" version="1" lat="47.46674457948" lon="19.15025580779" />
  <node id="5133" visible="true" version="1" lat="47.46674409357" lon="19.15025541921" />
  <node id="5134" visible="true" version="1" lat="47.46674360503" lon="19.15025502846" />
  <node id="5135" visible="true" version="1" lat="47.46674311379" lon="19.15025463578" />
  <node id="5136" visible="true" version="1" lat="47.46674261984" lon="19.15025424079" />
  <node id="5137" visible="true" version="1" lat="47.46674212348" lon="19.150253844" />
  <node id="5138" visible="true" version="1" lat="47.46674162438" lon="19.15025344483" />
  <node id="5139" visible="true" version="1" lat="47.46674112286" lon="19.15025304375" />
  <node id="5140" visible="true" version="1" lat="47.46674061884" lon="19.15025264042" />
  <node id="5141" visible="true" version="1" lat="47.46674011239" lon="19.15025223511" />
  <node id="5142" visible="true" version="1" lat="47.46673960347" lon="19.15025182751" />
  <node id="5143" visible="true" version="1" lat="47.46673909218" lon="19.15025141791" />
  <node id="5144" visible="true" version="1" lat="47.46673857857" lon="19.15025100607" />
  <node id="5145" visible="true" version="1" lat="47.466738063" lon="19.15025059251" />
  <node id="5146" visible="true" version="1" lat="47.46673754537" lon="19.15025017696" />
  <node id="5147" visible="true" version="1" lat="47.46673702577" lon="19.15024975969" />
  <node id="5148" visible="true" version="1" lat="47.46673650459" lon="19.15024934084" />
  <node id="5149" visible="true" version="1" lat="47.4667359817" lon="19.15024892062" />
  <node id="5150" visible="true" version="1" lat="47.46673545686" lon="19.15024849863" />
  <node id="5151" visible="true" version="1" lat="47.46673493034" lon="19.15024807535" />
  <node id="5152" visible="true" version="1" lat="47.46673440189" lon="19.15024765039" />
  <node id="5153" visible="true" version="1" lat="47.46673387194" lon="19.15024722433" />
  <node id="5154" visible="true" version="1" lat="47.4667333409" lon="19.15024679737" />
  <node id="5155" visible="true" version="1" lat="47.46673280843" lon="19.15024636955" />
  <node id="5156" visible="true" version="1" lat="47.46673227434" lon="19.15024594043" />
  <node id="5157" visible="true" version="1" lat="47.46673173902" lon="19.15024551059" />
  <node id="5158" visible="true" version="1" lat="47.46673120183" lon="19.15024507931" />
  <node id="5159" visible="true" version="1" lat="47.46673066247" lon="19.15024464646" />
  <node id="5160" visible="true" version="1" lat="47.46673012179" lon="19.15024421244" />
  <node id="5161" visible="true" version="1" lat="47.46672958014" lon="19.15024377791" />
  <node id="5162" visible="true" version="1" lat="47.46672903687" lon="19.1502433421" />
  <node id="5163" visible="true" version="1" lat="47.46672849251" lon="19.15024290571" />
  <node id="5164" visible="true" version="1" lat="47.46672794673" lon="19.15024246832" />
  <node id="5165" visible="true" version="1" lat="47.4667273989" lon="19.15024202967" />
  <node id="5166" visible="true" version="1" lat="47.46672684891" lon="19.15024158929" />
  <node id="5167" visible="true" version="1" lat="47.46672629707" lon="19.1502411477" />
  <node id="5168" visible="true" version="1" lat="47.46672574278" lon="19.15024070405" />
  <node id="5169" visible="true" version="1" lat="47.46672518664" lon="19.15024025898" />
  <node id="5170" visible="true" version="1" lat="47.46672462844" lon="19.15023981205" />
  <node id="5171" visible="true" version="1" lat="47.46672406837" lon="19.15023936354" />
  <node id="5172" visible="true" version="1" lat="47.46672350673" lon="19.15023891342" />
  <node id="5173" visible="true" version="1" lat="47.46672294355" lon="19.15023846197" />
  <node id="5174" visible="true" version="1" lat="47.46672237891" lon="19.15023800892" />
  <node id="5175" visible="true" version="1" lat="47.46672181357" lon="19.15023755521" />
  <node id="5176" visible="true" version="1" lat="47.46672124711" lon="19.15023710032" />
  <node id="5177" visible="true" version="1" lat="47.46672067973" lon="19.15023664467" />
  <node id="5178" visible="true" version="1" lat="47.46672011142" lon="19.1502361881" />
  <node id="5179" visible="true" version="1" lat="47.4667195421" lon="19.15023573081" />
  <node id="5180" visible="true" version="1" lat="47.46671897171" lon="19.15023527252" />
  <node id="5181" visible="true" version="1" lat="47.46671840047" lon="19.15023481369" />
  <node id="5182" visible="true" version="1" lat="47.46671782792" lon="19.15023435369" />
  <node id="5183" visible="true" version="1" lat="47.46671725462" lon="19.15023389316" />
  <node id="5184" visible="true" version="1" lat="47.46671668042" lon="19.15023343178" />
  <node id="5185" visible="true" version="1" lat="47.46671610498" lon="19.15023296947" />
  <node id="5186" visible="true" version="1" lat="47.46671552896" lon="19.15023250635" />
  <node id="5187" visible="true" version="1" lat="47.466714953" lon="19.15023204331" />
  <node id="5188" visible="true" version="1" lat="47.46671437653" lon="19.15023157961" />
  <node id="5189" visible="true" version="1" lat="47.46671380019" lon="19.15023111599" />
  <node id="5190" visible="true" version="1" lat="47.46671322427" lon="19.15023065247" />
  <node id="5191" visible="true" version="1" lat="47.46671264842" lon="19.15023018912" />
  <node id="5192" visible="true" version="1" lat="47.4667120727" lon="19.15022972562" />
  <node id="5193" visible="true" version="1" lat="47.46671149765" lon="19.15022926278" />
  <node id="5194" visible="true" version="1" lat="47.46671092307" lon="19.15022880015" />
  <node id="5195" visible="true" version="1" lat="47.46671034922" lon="19.15022833834" />
  <node id="5196" visible="true" version="1" lat="47.46670977605" lon="19.15022787701" />
  <node id="5197" visible="true" version="1" lat="47.4667092037" lon="19.15022741672" />
  <node id="5198" visible="true" version="1" lat="47.46670863176" lon="19.15022695685" />
  <node id="5199" visible="true" version="1" lat="47.46670806025" lon="19.15022649775" />
  <node id="5200" visible="true" version="1" lat="47.46670748895" lon="19.15022603895" />
  <node id="5201" visible="true" version="1" lat="47.46670691771" lon="19.15022558067" />
  <node id="5202" visible="true" version="1" lat="47.46670559232" lon="19.15022444516" />
  <node id="5203" visible="true" version="1" lat="47.46670277106" lon="19.15022150737" />
  <node id="5204" visible="true" version="1" lat="47.46669967832" lon="19.15021838797" />
  <node id="5205" visible="true" version="1" lat="47.46669611146" lon="19.15021487533" />
  <node id="5206" visible="true" version="1" lat="47.46669208742" lon="19.15021099454" />
  <node id="5207" visible="true" version="1" lat="47.46668777606" lon="19.1502068994" />
  <node id="5208" visible="true" version="1" lat="47.46668530284" lon="19.15020491519" />
  <node id="5209" visible="true" version="1" lat="47.46668249681" lon="19.15020264608" />
  <node id="5210" visible="true" version="1" lat="47.46667968516" lon="19.15020038526" />
  <node id="5211" visible="true" version="1" lat="47.46667686244" lon="19.15019810884" />
  <node id="5212" visible="true" version="1" lat="47.46667406001" lon="19.15019584433" />
  <node id="5213" visible="true" version="1" lat="47.46667125887" lon="19.15019358686" />
  <node id="5214" visible="true" version="1" lat="47.46666845384" lon="19.15019132445" />
  <node id="5215" visible="true" version="1" lat="47.46666566717" lon="19.15018906968" />
  <node id="5216" visible="true" version="1" lat="47.46666289058" lon="19.1501868263" />
  <node id="5217" visible="true" version="1" lat="47.46666011117" lon="19.15018458618" />
  <node id="5218" visible="true" version="1" lat="47.46665732973" lon="19.15018235081" />
  <node id="5219" visible="true" version="1" lat="47.46665454128" lon="19.15018010295" />
  <node id="5220" visible="true" version="1" lat="47.46665177225" lon="19.15017786617" />
  <node id="5221" visible="true" version="1" lat="47.46664900242" lon="19.15017564617" />
  <node id="5222" visible="true" version="1" lat="47.46664622961" lon="19.15017341599" />
  <node id="5223" visible="true" version="1" lat="47.46664347019" lon="19.15017119973" />
  <node id="5224" visible="true" version="1" lat="47.46664073058" lon="19.1501690052" />
  <node id="5225" visible="true" version="1" lat="47.46663797385" lon="19.15016682115" />
  <node id="5226" visible="true" version="1" lat="47.46663520666" lon="19.150164611" />
  <node id="5227" visible="true" version="1" lat="47.46663247241" lon="19.15016243209" />
  <node id="5228" visible="true" version="1" lat="47.46662975193" lon="19.15016028056" />
  <node id="5229" visible="true" version="1" lat="47.46662700559" lon="19.15015813045" />
  <node id="5230" visible="true" version="1" lat="47.46662430299" lon="19.15015600645" />
  <node id="5231" visible="true" version="1" lat="47.46662161764" lon="19.15015395971" />
  <node id="5232" visible="true" version="1" lat="47.46661889611" lon="19.15015191164" />
  <node id="5233" visible="true" version="1" lat="47.4666161891" lon="19.15014989785" />
  <node id="5234" visible="true" version="1" lat="47.46661350221" lon="19.15014794358" />
  <node id="5235" visible="true" version="1" lat="47.4666107798" lon="19.15014601073" />
  <node id="5236" visible="true" version="1" lat="47.46660809232" lon="19.15014411497" />
  <node id="5237" visible="true" version="1" lat="47.46660543562" lon="19.15014231577" />
  <node id="5238" visible="true" version="1" lat="47.46660276826" lon="19.15014055903" />
  <node id="5239" visible="true" version="1" lat="47.4666001015" lon="19.15013887283" />
  <node id="5240" visible="true" version="1" lat="47.4665974199" lon="19.15013724829" />
  <node id="5241" visible="true" version="1" lat="47.4665947062" lon="19.15013566966" />
  <node id="5242" visible="true" version="1" lat="47.46659200361" lon="19.1501341463" />
  <node id="5243" visible="true" version="1" lat="47.46658931729" lon="19.1501327163" />
  <node id="5244" visible="true" version="1" lat="47.46658663049" lon="19.15013136511" />
  <node id="5245" visible="true" version="1" lat="47.46658397718" lon="19.15013011404" />
  <node id="5246" visible="true" version="1" lat="47.46658126999" lon="19.15012895629" />
  <node id="5247" visible="true" version="1" lat="47.46657850717" lon="19.1501278398" />
  <node id="5248" visible="true" version="1" lat="47.46657574278" lon="19.1501268137" />
  <node id="5249" visible="true" version="1" lat="47.46657295489" lon="19.15012586003" />
  <node id="5250" visible="true" version="1" lat="47.4665701413" lon="19.15012498197" />
  <node id="5251" visible="true" version="1" lat="47.46656737296" lon="19.15012419677" />
  <node id="5252" visible="true" version="1" lat="47.46656462558" lon="19.15012355756" />
  <node id="5253" visible="true" version="1" lat="47.46656183658" lon="19.15012302356" />
  <node id="5254" visible="true" version="1" lat="47.46655902538" lon="19.15012260801" />
  <node id="5255" visible="true" version="1" lat="47.4665562255" lon="19.15012230712" />
  <node id="5256" visible="true" version="1" lat="47.46655341039" lon="19.15012214746" />
  <node id="5257" visible="true" version="1" lat="47.46655055089" lon="19.15012208828" />
  <node id="5258" visible="true" version="1" lat="47.46654767314" lon="19.15012213638" />
  <node id="5259" visible="true" version="1" lat="47.46654479568" lon="19.15012228928" />
  <node id="5260" visible="true" version="1" lat="47.46654188823" lon="19.15012255644" />
  <node id="5261" visible="true" version="1" lat="47.46653897223" lon="19.15012290652" />
  <node id="5262" visible="true" version="1" lat="47.46653606705" lon="19.15012337175" />
  <node id="5263" visible="true" version="1" lat="47.46653316692" lon="19.15012394542" />
  <node id="5264" visible="true" version="1" lat="47.46653027906" lon="19.15012462959" />
  <node id="5265" visible="true" version="1" lat="47.46652733182" lon="19.15012544841" />
  <node id="5266" visible="true" version="1" lat="47.46652437578" lon="19.15012633639" />
  <node id="5267" visible="true" version="1" lat="47.46652148146" lon="19.15012732331" />
  <node id="5268" visible="true" version="1" lat="47.46651859279" lon="19.15012842706" />
  <node id="5269" visible="true" version="1" lat="47.4665157112" lon="19.15012963767" />
  <node id="5270" visible="true" version="1" lat="47.46651289117" lon="19.15013093857" />
  <node id="5271" visible="true" version="1" lat="47.46651010486" lon="19.15013238752" />
  <node id="5272" visible="true" version="1" lat="47.46650727966" lon="19.15013398052" />
  <node id="5273" visible="true" version="1" lat="47.46650446114" lon="19.15013568481" />
  <node id="5274" visible="true" version="1" lat="47.46650166355" lon="19.15013749615" />
  <node id="5275" visible="true" version="1" lat="47.46649888723" lon="19.15013941052" />
  <node id="5276" visible="true" version="1" lat="47.46649613819" lon="19.15014143358" />
  <node id="5277" visible="true" version="1" lat="47.46649342008" lon="19.15014356142" />
  <node id="5278" visible="true" version="1" lat="47.46649071213" lon="19.15014580085" />
  <node id="5279" visible="true" version="1" lat="47.46648801632" lon="19.15014815055" />
  <node id="5280" visible="true" version="1" lat="47.46648533049" lon="19.15015060442" />
  <node id="5281" visible="true" version="1" lat="47.46648264791" lon="19.15015316285" />
  <node id="5282" visible="true" version="1" lat="47.46647997911" lon="19.15015579942" />
  <node id="5283" visible="true" version="1" lat="47.46647736768" lon="19.15015851031" />
  <node id="5284" visible="true" version="1" lat="47.46647478868" lon="19.15016131929" />
  <node id="5285" visible="true" version="1" lat="47.46647224526" lon="19.15016423411" />
  <node id="5286" visible="true" version="1" lat="47.46646975005" lon="19.15016722993" />
  <node id="5287" visible="true" version="1" lat="47.46646728111" lon="19.15017036778" />
  <node id="5288" visible="true" version="1" lat="47.46646480409" lon="19.15017363739" />
  <node id="5289" visible="true" version="1" lat="47.46646236372" lon="19.15017698193" />
  <node id="5290" visible="true" version="1" lat="47.46645996642" lon="19.15018040458" />
  <node id="5291" visible="true" version="1" lat="47.46645760121" lon="19.15018392184" />
  <node id="5292" visible="true" version="1" lat="47.46645528791" lon="19.15018749051" />
  <node id="5293" visible="true" version="1" lat="47.46645303435" lon="19.15019112393" />
  <node id="5294" visible="true" version="1" lat="47.46645082526" lon="19.15019485513" />
  <node id="5295" visible="true" version="1" lat="47.46644866093" lon="19.15019866922" />
  <node id="5296" visible="true" version="1" lat="47.46644654041" lon="19.15020258596" />
  <node id="5297" visible="true" version="1" lat="47.46644446102" lon="19.15020658242" />
  <node id="5298" visible="true" version="1" lat="47.46644244476" lon="19.15021064056" />
  <node id="5299" visible="true" version="1" lat="47.46644048641" lon="19.15021478217" />
  <node id="5300" visible="true" version="1" lat="47.46643858047" lon="19.15021901634" />
  <node id="5301" visible="true" version="1" lat="47.46643673575" lon="19.15022331148" />
  <node id="5302" visible="true" version="1" lat="47.46643495983" lon="19.15022768929" />
  <node id="5303" visible="true" version="1" lat="47.46643323436" lon="19.15023217537" />
  <node id="5304" visible="true" version="1" lat="47.4664315643" lon="19.15023672383" />
  <node id="5305" visible="true" version="1" lat="47.46642997093" lon="19.15024132391" />
  <node id="5306" visible="true" version="1" lat="47.46642844087" lon="19.15024601504" />
  <node id="5307" visible="true" version="1" lat="47.46642696754" lon="19.15025078716" />
  <node id="5308" visible="true" version="1" lat="47.46642556839" lon="19.15025561669" />
  <node id="5309" visible="true" version="1" lat="47.46642423603" lon="19.15026052237" />
  <node id="5310" visible="true" version="1" lat="47.46642297251" lon="19.15026549955" />
  <node id="5311" visible="true" version="1" lat="47.46642178495" lon="19.15027051292" />
  <node id="5312" visible="true" version="1" lat="47.46642069167" lon="19.15027555287" />
  <node id="5313" visible="true" version="1" lat="47.46641967684" lon="19.15028066089" />
  <node id="5314" visible="true" version="1" lat="47.46641874423" lon="19.1502858284" />
  <node id="5315" visible="true" version="1" lat="47.46641788813" lon="19.15029103468" />
  <node id="5316" visible="true" version="1" lat="47.46641711861" lon="19.15029629017" />
  <node id="5317" visible="true" version="1" lat="47.46641642414" lon="19.15030159107" />
  <node id="5318" visible="true" version="1" lat="47.46641581694" lon="19.15030690371" />
  <node id="5319" visible="true" version="1" lat="47.46641530392" lon="19.15031224062" />
  <node id="5320" visible="true" version="1" lat="47.46641488001" lon="19.15031762553" />
  <node id="5321" visible="true" version="1" lat="47.46641454888" lon="19.15032301592" />
  <node id="5322" visible="true" version="1" lat="47.46641432148" lon="19.15032841707" />
  <node id="5323" visible="true" version="1" lat="47.46641420031" lon="19.15033384478" />
  <node id="5324" visible="true" version="1" lat="47.46641418234" lon="19.15033928549" />
  <node id="5325" visible="true" version="1" lat="47.46641427422" lon="19.15034472112" />
  <node id="5326" visible="true" version="1" lat="47.46641447747" lon="19.15035015981" />
  <node id="5327" visible="true" version="1" lat="47.46641479706" lon="19.15035561889" />
  <node id="5328" visible="true" version="1" lat="47.46641522058" lon="19.15036108806" />
  <node id="5329" visible="true" version="1" lat="47.46641575197" lon="19.15036655785" />
  <node id="5330" visible="true" version="1" lat="47.46641638216" lon="19.1503720006" />
  <node id="5331" visible="true" version="1" lat="47.46641711942" lon="19.15037741318" />
  <node id="5332" visible="true" version="1" lat="47.46641796012" lon="19.15038281057" />
  <node id="5333" visible="true" version="1" lat="47.46641889076" lon="19.15038814678" />
  <node id="5334" visible="true" version="1" lat="47.46641991882" lon="19.15039339631" />
  <node id="5335" visible="true" version="1" lat="47.46642106154" lon="19.15039860265" />
  <node id="5336" visible="true" version="1" lat="47.46642230382" lon="19.1504037783" />
  <node id="5337" visible="true" version="1" lat="47.46642363132" lon="19.15040885227" />
  <node id="5338" visible="true" version="1" lat="47.46642506339" lon="19.15041385157" />
  <node id="5339" visible="true" version="1" lat="47.46642659434" lon="19.15041878631" />
  <node id="5340" visible="true" version="1" lat="47.46642821625" lon="19.15042364266" />
  <node id="5341" visible="true" version="1" lat="47.46642991663" lon="19.15042838048" />
  <node id="5342" visible="true" version="1" lat="47.4664317131" lon="19.15043302109" />
  <node id="5343" visible="true" version="1" lat="47.46643360125" lon="19.15043757369" />
  <node id="5344" visible="true" version="1" lat="47.46643556951" lon="19.15044202981" />
  <node id="5345" visible="true" version="1" lat="47.46643761797" lon="19.15044639058" />
  <node id="5346" visible="true" version="1" lat="47.46643975375" lon="19.15045066993" />
  <node id="5347" visible="true" version="1" lat="47.46644196056" lon="19.15045485415" />
  <node id="5348" visible="true" version="1" lat="47.46644423338" lon="19.15045894707" />
  <node id="5349" visible="true" version="1" lat="47.46644657625" lon="19.15046294835" />
  <node id="5350" visible="true" version="1" lat="47.46644898008" lon="19.15046685176" />
  <node id="5351" visible="true" version="1" lat="47.46645144682" lon="19.15047066275" />
  <node id="5352" visible="true" version="1" lat="47.4664539661" lon="19.15047438797" />
  <node id="5353" visible="true" version="1" lat="47.4664565442" lon="19.15047801397" />
  <node id="5354" visible="true" version="1" lat="47.4664591809" lon="19.15048156205" />
  <node id="5355" visible="true" version="1" lat="47.46646186826" lon="19.15048502679" />
  <node id="5356" visible="true" version="1" lat="47.4664646214" lon="19.1504884396" />
  <node id="5357" visible="true" version="1" lat="47.46646741732" lon="19.15049178227" />
  <node id="5358" visible="true" version="1" lat="47.46647024465" lon="19.15049505044" />
  <node id="5359" visible="true" version="1" lat="47.46647309129" lon="19.15049822869" />
  <node id="5360" visible="true" version="1" lat="47.4664759595" lon="19.15050131255" />
  <node id="5361" visible="true" version="1" lat="47.46647885352" lon="19.15050429091" />
  <node id="5362" visible="true" version="1" lat="47.46648177498" lon="19.15050718343" />
  <node id="5363" visible="true" version="1" lat="47.46648473271" lon="19.1505099914" />
  <node id="5364" visible="true" version="1" lat="47.46648774065" lon="19.1505127553" />
  <node id="5365" visible="true" version="1" lat="47.46649078634" lon="19.15051547939" />
  <node id="5366" visible="true" version="1" lat="47.46649379935" lon="19.15051813093" />
  <node id="5367" visible="true" version="1" lat="47.4664968453" lon="19.15052077171" />
  <node id="5368" visible="true" version="1" lat="47.46649988939" lon="19.15052339766" />
  <node id="5369" visible="true" version="1" lat="47.46650292931" lon="19.15052598916" />
  <node id="5370" visible="true" version="1" lat="47.46650597329" lon="19.15052857379" />
  <node id="5371" visible="true" version="1" lat="47.46650905929" lon="19.1505311807" />
  <node id="5372" visible="true" version="1" lat="47.46651213823" lon="19.15053376906" />
  <node id="5373" visible="true" version="1" lat="47.46651522263" lon="19.15053635578" />
  <node id="5374" visible="true" version="1" lat="47.46651829889" lon="19.15053894087" />
  <node id="5375" visible="true" version="1" lat="47.46652136195" lon="19.15054151213" />
  <node id="5376" visible="true" version="1" lat="47.4665244365" lon="19.15054409488" />
  <node id="5377" visible="true" version="1" lat="47.46652753616" lon="19.15054671773" />
  <node id="5378" visible="true" version="1" lat="47.46653061381" lon="19.15054932659" />
  <node id="5379" visible="true" version="1" lat="47.46653369222" lon="19.15055194047" />
  <node id="5380" visible="true" version="1" lat="47.46653676346" lon="19.15055455872" />
  <node id="5381" visible="true" version="1" lat="47.46653981072" lon="19.15055715799" />
  <node id="5382" visible="true" version="1" lat="47.46654281517" lon="19.15055970866" />
  <node id="5383" visible="true" version="1" lat="47.46654582923" lon="19.15056226426" />
  <node id="5384" visible="true" version="1" lat="47.4665488445" lon="19.1505648147" />
  <node id="5385" visible="true" version="1" lat="47.46655186486" lon="19.1505673675" />
  <node id="5386" visible="true" version="1" lat="47.46655487893" lon="19.1505699128" />
  <node id="5387" visible="true" version="1" lat="47.46655789618" lon="19.15057245767" />
  <node id="5388" visible="true" version="1" lat="47.46656091751" lon="19.15057500765" />
  <node id="5389" visible="true" version="1" lat="47.46656393655" lon="19.15057754827" />
  <node id="5390" visible="true" version="1" lat="47.46656696199" lon="19.15058008135" />
  <node id="5391" visible="true" version="1" lat="47.46656998045" lon="19.15058261518" />
  <node id="5392" visible="true" version="1" lat="47.46657300136" lon="19.15058514301" />
  <node id="5393" visible="true" version="1" lat="47.46657600897" lon="19.15058765679" />
  <node id="5394" visible="true" version="1" lat="47.46657900415" lon="19.15059016121" />
  <node id="5395" visible="true" version="1" lat="47.46658199139" lon="19.1505926523" />
  <node id="5396" visible="true" version="1" lat="47.46658500914" lon="19.15059515785" />
  <node id="5397" visible="true" version="1" lat="47.46658801086" lon="19.15059765846" />
  <node id="5398" visible="true" version="1" lat="47.46659101956" lon="19.15060015652" />
  <node id="5399" visible="true" version="1" lat="47.46659403543" lon="19.15060266441" />
  <node id="5400" visible="true" version="1" lat="47.46659705317" lon="19.1506051709" />
  <node id="5401" visible="true" version="1" lat="47.46660006401" lon="19.15060767048" />
  <node id="5402" visible="true" version="1" lat="47.46660309335" lon="19.15061017308" />
  <node id="5403" visible="true" version="1" lat="47.46660614223" lon="19.15061268957" />
  <node id="5404" visible="true" version="1" lat="47.46660920162" lon="19.15061521562" />
  <node id="5405" visible="true" version="1" lat="47.46661224672" lon="19.15061774494" />
  <node id="5406" visible="true" version="1" lat="47.4666152927" lon="19.15062026804" />
  <node id="5407" visible="true" version="1" lat="47.46661833519" lon="19.15062278979" />
  <node id="5408" visible="true" version="1" lat="47.46662137751" lon="19.15062530519" />
  <node id="5409" visible="true" version="1" lat="47.46662441816" lon="19.15062781239" />
  <node id="5410" visible="true" version="1" lat="47.46662748475" lon="19.15063032726" />
  <node id="5411" visible="true" version="1" lat="47.46663055607" lon="19.15063285168" />
  <node id="5412" visible="true" version="1" lat="47.46663363128" lon="19.15063537859" />
  <node id="5413" visible="true" version="1" lat="47.46663670042" lon="19.15063790058" />
  <node id="5414" visible="true" version="1" lat="47.46663976704" lon="19.15064041548" />
  <node id="5415" visible="true" version="1" lat="47.46664283378" lon="19.15064292062" />
  <node id="5416" visible="true" version="1" lat="47.46664591016" lon="19.1506454311" />
  <node id="5417" visible="true" version="1" lat="47.4666489711" lon="19.15064792362" />
  <node id="5418" visible="true" version="1" lat="47.46665205402" lon="19.15065043326" />
  <node id="5419" visible="true" version="1" lat="47.46665513875" lon="19.15065294678" />
  <node id="5420" visible="true" version="1" lat="47.466658232" lon="19.15065546054" />
  <node id="5421" visible="true" version="1" lat="47.46666133505" lon="19.150657984" />
  <node id="5422" visible="true" version="1" lat="47.46666445685" lon="19.1506605183" />
  <node id="5423" visible="true" version="1" lat="47.46666756632" lon="19.15066303429" />
  <node id="5424" visible="true" version="1" lat="47.4666706841" lon="19.15066555447" />
  <node id="5425" visible="true" version="1" lat="47.46667380721" lon="19.15066807988" />
  <node id="5426" visible="true" version="1" lat="47.4666769224" lon="19.15067059476" />
  <node id="5427" visible="true" version="1" lat="47.46668005916" lon="19.1506731208" />
  <node id="5428" visible="true" version="1" lat="47.46668320665" lon="19.15067566071" />
  <node id="5429" visible="true" version="1" lat="47.46668636027" lon="19.15067820911" />
  <node id="5430" visible="true" version="1" lat="47.46668950556" lon="19.15068075395" />
  <node id="5431" visible="true" version="1" lat="47.46669265047" lon="19.1506832783" />
  <node id="5432" visible="true" version="1" lat="47.46669580747" lon="19.15068582445" />
  <node id="5433" visible="true" version="1" lat="47.46669896115" lon="19.15068836852" />
  <node id="5434" visible="true" version="1" lat="47.46670211611" lon="19.15069091776" />
  <node id="5435" visible="true" version="1" lat="47.46670526696" lon="19.15069346948" />
  <node id="5436" visible="true" version="1" lat="47.4667084257" lon="19.15069603913" />
  <node id="5437" visible="true" version="1" lat="47.46671159659" lon="19.15069860582" />
  <node id="5438" visible="true" version="1" lat="47.4667147707" lon="19.15070118974" />
  <node id="5439" visible="true" version="1" lat="47.46671795129" lon="19.15070376332" />
  <node id="5440" visible="true" version="1" lat="47.46672113673" lon="19.15070634992" />
  <node id="5441" visible="true" version="1" lat="47.46672431914" lon="19.15070892947" />
  <node id="5442" visible="true" version="1" lat="47.46672748584" lon="19.15071151276" />
  <node id="5443" visible="true" version="1" lat="47.46673064181" lon="19.15071407323" />
  <node id="5444" visible="true" version="1" lat="47.46673380177" lon="19.15071663856" />
  <node id="5445" visible="true" version="1" lat="47.4667369627" lon="19.15071919365" />
  <node id="5446" visible="true" version="1" lat="47.46674012876" lon="19.15072175101" />
  <node id="5447" visible="true" version="1" lat="47.46674330792" lon="19.15072432413" />
  <node id="5448" visible="true" version="1" lat="47.4667464719" lon="19.15072687903" />
  <node id="5449" visible="true" version="1" lat="47.46674964158" lon="19.15072942205" />
  <node id="5450" visible="true" version="1" lat="47.46675283112" lon="19.15073197634" />
  <node id="5451" visible="true" version="1" lat="47.46675599808" lon="19.15073451621" />
  <node id="5452" visible="true" version="1" lat="47.46675913354" lon="19.15073699068" />
  <node id="5453" visible="true" version="1" lat="47.46676230197" lon="19.15073946974" />
  <node id="5454" visible="true" version="1" lat="47.46676546109" lon="19.15074192717" />
  <node id="5455" visible="true" version="1" lat="47.46676859972" lon="19.15074434022" />
  <node id="5456" visible="true" version="1" lat="47.46677175812" lon="19.15074672534" />
  <node id="5457" visible="true" version="1" lat="47.46677494256" lon="19.15074911156" />
  <node id="5458" visible="true" version="1" lat="47.46677812884" lon="19.15075148648" />
  <node id="5459" visible="true" version="1" lat="47.46678135079" lon="19.15075387048" />
  <node id="5460" visible="true" version="1" lat="47.46678457546" lon="19.15075629295" />
  <node id="5461" visible="true" version="1" lat="47.46678776429" lon="19.15075866026" />
  <node id="5462" visible="true" version="1" lat="47.46679094178" lon="19.15076099092" />
  <node id="5463" visible="true" version="1" lat="47.46679411404" lon="19.15076326513" />
  <node id="5464" visible="true" version="1" lat="47.4667972556" lon="19.15076546985" />
  <node id="5465" visible="true" version="1" lat="47.46680039404" lon="19.15076756433" />
  <node id="5466" visible="true" version="1" lat="47.46680356955" lon="19.15076960917" />
  <node id="5467" visible="true" version="1" lat="47.46680674316" lon="19.15077157957" />
  <node id="5468" visible="true" version="1" lat="47.46680992522" lon="19.15077346625" />
  <node id="5469" visible="true" version="1" lat="47.46681311568" lon="19.15077527415" />
  <node id="5470" visible="true" version="1" lat="47.46681632965" lon="19.15077700486" />
  <node id="5471" visible="true" version="1" lat="47.46681957214" lon="19.15077867023" />
  <node id="5472" visible="true" version="1" lat="47.46682284692" lon="19.15078029726" />
  <node id="5473" visible="true" version="1" lat="47.46682610879" lon="19.15078184227" />
  <node id="5474" visible="true" version="1" lat="47.46682935654" lon="19.1507832891" />
  <node id="5475" visible="true" version="1" lat="47.46683260627" lon="19.15078462611" />
  <node id="5476" visible="true" version="1" lat="47.46683586549" lon="19.15078587578" />
  <node id="5477" visible="true" version="1" lat="47.46683912947" lon="19.1507870173" />
  <node id="5478" visible="true" version="1" lat="47.4668423806" lon="19.15078804686" />
  <node id="5479" visible="true" version="1" lat="47.46684565597" lon="19.15078896537" />
  <node id="5480" visible="true" version="1" lat="47.4668489222" lon="19.15078978165" />
  <node id="5481" visible="true" version="1" lat="47.46685218142" lon="19.15079047603" />
  <node id="5482" visible="true" version="1" lat="47.46685539989" lon="19.15079102912" />
  <node id="5483" visible="true" version="1" lat="47.46685864468" lon="19.15079144139" />
  <node id="5484" visible="true" version="1" lat="47.46686190292" lon="19.1507917537" />
  <node id="5485" visible="true" version="1" lat="47.46686515302" lon="19.15079193413" />
  <node id="5486" visible="true" version="1" lat="47.46686831158" lon="19.15079200715" />
  <node id="5487" visible="true" version="1" lat="47.46687145117" lon="19.15079186704" />
  <node id="5488" visible="true" version="1" lat="47.46687465306" lon="19.15079162871" />
  <node id="5489" visible="true" version="1" lat="47.46687781574" lon="19.15079125984" />
  <node id="5490" visible="true" version="1" lat="47.46688096523" lon="19.15079077161" />
  <node id="5491" visible="true" version="1" lat="47.46688416346" lon="19.15079014445" />
  <node id="5492" visible="true" version="1" lat="47.46688735273" lon="19.15078946155" />
  <node id="5493" visible="true" version="1" lat="47.46689043918" lon="19.1507886695" />
  <node id="5494" visible="true" version="1" lat="47.46689349946" lon="19.15078772917" />
  <node id="5495" visible="true" version="1" lat="47.46689653578" lon="19.15078667216" />
  <node id="5496" visible="true" version="1" lat="47.46689951139" lon="19.15078547417" />
  <node id="5497" visible="true" version="1" lat="47.46690245062" lon="19.15078414549" />
  <node id="5498" visible="true" version="1" lat="47.46690538955" lon="19.15078268364" />
  <node id="5499" visible="true" version="1" lat="47.46690829281" lon="19.15078112605" />
  <node id="5500" visible="true" version="1" lat="47.46691115428" lon="19.15077945473" />
  <node id="5501" visible="true" version="1" lat="47.46691399976" lon="19.15077767584" />
  <node id="5502" visible="true" version="1" lat="47.46691578047" lon="19.15077664515" />
  <node id="5503" visible="true" version="1" lat="47.46691186872" lon="19.1507868586" />
  <node id="5504" visible="true" version="1" lat="47.46691490802" lon="19.15079626006" />
  <node id="5505" visible="true" version="1" lat="47.46691826896" lon="19.15079861609" />
  <node id="5506" visible="true" version="1" lat="47.46691906807" lon="19.15079873" />
  <node id="5507" visible="true" version="1" lat="47.46691644683" lon="19.1507990014" />
  <node id="5508" visible="true" version="1" lat="47.46691392039" lon="19.15077324797" />
  <node id="5509" visible="true" version="1" lat="47.46691446125" lon="19.15077289345" />
  <node id="5510" visible="true" version="1" lat="47.4669149995" lon="19.15077253603" />
  <node id="5511" visible="true" version="1" lat="47.46691553509" lon="19.15077217597" />
  <node id="5512" visible="true" version="1" lat="47.46691606821" lon="19.15077181274" />
  <node id="5513" visible="true" version="1" lat="47.46691659892" lon="19.15077144654" />
  <node id="5514" visible="true" version="1" lat="47.46691712758" lon="19.15077107678" />
  <node id="5515" visible="true" version="1" lat="47.46691765451" lon="19.1507707035" />
  <node id="5516" visible="true" version="1" lat="47.4669181803" lon="19.15077032608" />
  <node id="5517" visible="true" version="1" lat="47.46691870511" lon="19.15076994471" />
  <node id="5518" visible="true" version="1" lat="47.46691922885" lon="19.15076955933" />
  <node id="5519" visible="true" version="1" lat="47.46691975131" lon="19.15076917035" />
  <node id="5520" visible="true" version="1" lat="47.46692027306" lon="19.15076877718" />
  <node id="5521" visible="true" version="1" lat="47.46692079348" lon="19.15076838065" />
  <node id="5522" visible="true" version="1" lat="47.4669213128" lon="19.15076798032" />
  <node id="5523" visible="true" version="1" lat="47.4669218312" lon="19.15076757639" />
  <node id="5524" visible="true" version="1" lat="47.46692234925" lon="19.15076716825" />
  <node id="5525" visible="true" version="1" lat="47.46692286613" lon="19.15076675697" />
  <node id="5526" visible="true" version="1" lat="47.46692338234" lon="19.15076634182" />
  <node id="5527" visible="true" version="1" lat="47.46692389769" lon="19.15076592345" />
  <node id="5528" visible="true" version="1" lat="47.4669244118" lon="19.15076550185" />
  <node id="5529" visible="true" version="1" lat="47.46692492469" lon="19.15076507733" />
  <node id="5530" visible="true" version="1" lat="47.46692543654" lon="19.1507646495" />
  <node id="5531" visible="true" version="1" lat="47.46692594683" lon="19.15076421914" />
  <node id="5532" visible="true" version="1" lat="47.46692645574" lon="19.15076378576" />
  <node id="5533" visible="true" version="1" lat="47.4669269626" lon="19.15076335027" />
  <node id="5534" visible="true" version="1" lat="47.46692746718" lon="19.15076291243" />
  <node id="5535" visible="true" version="1" lat="47.46692797017" lon="19.15076247188" />
  <node id="5536" visible="true" version="1" lat="47.46692847107" lon="19.15076202888" />
  <node id="5537" visible="true" version="1" lat="47.4669289695" lon="19.15076158381" />
  <node id="5538" visible="true" version="1" lat="47.46692946655" lon="19.15076113549" />
  <node id="5539" visible="true" version="1" lat="47.46692996121" lon="19.15076068511" />
  <node id="5540" visible="true" version="1" lat="47.46693045317" lon="19.15076023255" />
  <node id="5541" visible="true" version="1" lat="47.46693094315" lon="19.15075977734" />
  <node id="5542" visible="true" version="1" lat="47.46693143109" lon="19.15075931936" />
  <node id="5543" visible="true" version="1" lat="47.46693191661" lon="19.15075885908" />
  <node id="5544" visible="true" version="1" lat="47.46693240061" lon="19.15075839545" />
  <node id="5545" visible="true" version="1" lat="47.46693288229" lon="19.15075792951" />
  <node id="5546" visible="true" version="1" lat="47.46693336155" lon="19.15075746099" />
  <node id="5547" visible="true" version="1" lat="47.46693383848" lon="19.15075699001" />
  <node id="5548" visible="true" version="1" lat="47.46693431308" lon="19.1507565163" />
  <node id="5549" visible="true" version="1" lat="47.4669347853" lon="19.15075604006" />
  <node id="5550" visible="true" version="1" lat="47.46693525586" lon="19.15075556033" />
  <node id="5551" visible="true" version="1" lat="47.46693572458" lon="19.15075507755" />
  <node id="5552" visible="true" version="1" lat="47.46693619245" lon="19.1507545905" />
  <node id="5553" visible="true" version="1" lat="47.46693666025" lon="19.15075409881" />
  <node id="5554" visible="true" version="1" lat="47.46693712818" lon="19.15075360224" />
  <node id="5555" visible="true" version="1" lat="47.46693759656" lon="19.15075310086" />
  <node id="5556" visible="true" version="1" lat="47.46693806656" lon="19.15075259354" />
  <node id="5557" visible="true" version="1" lat="47.46693853774" lon="19.15075208137" />
  <node id="5558" visible="true" version="1" lat="47.46693900968" lon="19.15075156485" />
  <node id="5559" visible="true" version="1" lat="47.46693947662" lon="19.15075105077" />
  <node id="5560" visible="true" version="1" lat="47.46694004388" lon="19.15075042107" />
  <node id="5561" visible="true" version="1" lat="47.46694061338" lon="19.1507497856" />
  <node id="5562" visible="true" version="1" lat="47.46694118065" lon="19.15074914919" />
  <node id="5563" visible="true" version="1" lat="47.46694174513" lon="19.15074851225" />
  <node id="5564" visible="true" version="1" lat="47.46694230192" lon="19.15074788013" />
  <node id="5565" visible="true" version="1" lat="47.46694275316" lon="19.1507473625" />
  <node id="5566" visible="true" version="1" lat="47.46694320664" lon="19.15074683818" />
  <node id="5567" visible="true" version="1" lat="47.4669436565" lon="19.15074631339" />
  <node id="5568" visible="true" version="1" lat="47.46694410309" lon="19.15074578765" />
  <node id="5569" visible="true" version="1" lat="47.46694454745" lon="19.15074525948" />
  <node id="5570" visible="true" version="1" lat="47.46694499" lon="19.15074472852" />
  <node id="5571" visible="true" version="1" lat="47.4669454311" lon="19.15074419429" />
  <node id="5572" visible="true" version="1" lat="47.46694587092" lon="19.1507436567" />
  <node id="5573" visible="true" version="1" lat="47.46694630981" lon="19.15074311544" />
  <node id="5574" visible="true" version="1" lat="47.46694674711" lon="19.15074257145" />
  <node id="5575" visible="true" version="1" lat="47.46694718325" lon="19.15074202418" />
  <node id="5576" visible="true" version="1" lat="47.46694761773" lon="19.15074147443" />
  <node id="5577" visible="true" version="1" lat="47.46694805068" lon="19.15074092197" />
  <node id="5578" visible="true" version="1" lat="47.46694848171" lon="19.15074036741" />
  <node id="5579" visible="true" version="1" lat="47.46694891124" lon="19.15073981014" />
  <node id="5580" visible="true" version="1" lat="47.46694933865" lon="19.1507392511" />
  <node id="5581" visible="true" version="1" lat="47.46694976439" lon="19.15073868953" />
  <node id="5582" visible="true" version="1" lat="47.46695018821" lon="19.15073812595" />
  <node id="5583" visible="true" version="1" lat="47.46695061" lon="19.15073756037" />
  <node id="5584" visible="true" version="1" lat="47.46695102949" lon="19.15073699317" />
  <node id="5585" visible="true" version="1" lat="47.46695144706" lon="19.15073642375" />
  <node id="5586" visible="true" version="1" lat="47.46695186223" lon="19.1507358528" />
  <node id="5587" visible="true" version="1" lat="47.46695227573" lon="19.15073527918" />
  <node id="5588" visible="true" version="1" lat="47.46695268737" lon="19.15073470334" />
  <node id="5589" visible="true" version="1" lat="47.46695309711" lon="19.15073412522" />
  <node id="5590" visible="true" version="1" lat="47.46695350484" lon="19.15073354504" />
  <node id="5591" visible="true" version="1" lat="47.46695391126" lon="19.15073296179" />
  <node id="5592" visible="true" version="1" lat="47.46695431573" lon="19.15073237653" />
  <node id="5593" visible="true" version="1" lat="47.46695471886" lon="19.15073178825" />
  <node id="5594" visible="true" version="1" lat="47.46695512085" lon="19.15073119695" />
  <node id="5595" visible="true" version="1" lat="47.46695552212" lon="19.15073060201" />
  <node id="5596" visible="true" version="1" lat="47.46695592242" lon="19.15073000409" />
  <node id="5597" visible="true" version="1" lat="47.46695632169" lon="19.1507294033" />
  <node id="5598" visible="true" version="1" lat="47.46695671922" lon="19.15072880089" />
  <node id="5599" visible="true" version="1" lat="47.46695711489" lon="19.15072819689" />
  <node id="5600" visible="true" version="1" lat="47.46695750801" lon="19.15072759238" />
  <node id="5601" visible="true" version="1" lat="47.46695789761" lon="19.15072698863" />
  <node id="5602" visible="true" version="1" lat="47.46695828306" lon="19.15072638622" />
  <node id="5603" visible="true" version="1" lat="47.46695866548" lon="19.15072578304" />
  <node id="5604" visible="true" version="1" lat="47.46695904469" lon="19.15072517935" />
  <node id="5605" visible="true" version="1" lat="47.46695942103" lon="19.1507245743" />
  <node id="5606" visible="true" version="1" lat="47.4669597951" lon="19.1507239669" />
  <node id="5607" visible="true" version="1" lat="47.46696016785" lon="19.15072335565" />
  <node id="5608" visible="true" version="1" lat="47.46696053868" lon="19.15072274179" />
  <node id="5609" visible="true" version="1" lat="47.46696090808" lon="19.15072212442" />
  <node id="5610" visible="true" version="1" lat="47.46696127596" lon="19.15072150402" />
  <node id="5611" visible="true" version="1" lat="47.46696164257" lon="19.15072088011" />
  <node id="5612" visible="true" version="1" lat="47.46696200733" lon="19.15072025401" />
  <node id="5613" visible="true" version="1" lat="47.46696237048" lon="19.15071962509" />
  <node id="5614" visible="true" version="1" lat="47.46696273147" lon="19.15071899465" />
  <node id="5615" visible="true" version="1" lat="47.46696309035" lon="19.15071836225" />
  <node id="5616" visible="true" version="1" lat="47.46696344678" lon="19.15071772876" />
  <node id="5617" visible="true" version="1" lat="47.4669638009" lon="19.15071709357" />
  <node id="5618" visible="true" version="1" lat="47.46696415266" lon="19.150716457" />
  <node id="5619" visible="true" version="1" lat="47.46696450225" lon="19.15071581845" />
  <node id="5620" visible="true" version="1" lat="47.46696484982" lon="19.15071517784" />
  <node id="5621" visible="true" version="1" lat="47.46696519606" lon="19.15071453382" />
  <node id="5622" visible="true" version="1" lat="47.46696554078" lon="19.15071388713" />
  <node id="5623" visible="true" version="1" lat="47.4669658841" lon="19.15071323744" />
  <node id="5624" visible="true" version="1" lat="47.46696622597" lon="19.15071258513" />
  <node id="5625" visible="true" version="1" lat="47.46696656622" lon="19.15071193055" />
  <node id="5626" visible="true" version="1" lat="47.46696690441" lon="19.15071127456" />
  <node id="5627" visible="true" version="1" lat="47.46696724091" lon="19.1507106164" />
  <node id="5628" visible="true" version="1" lat="47.46696757532" lon="19.15070995695" />
  <node id="5629" visible="true" version="1" lat="47.46696790777" lon="19.15070929582" />
  <node id="5630" visible="true" version="1" lat="47.46696823814" lon="19.15070863324" />
  <node id="5631" visible="true" version="1" lat="47.46696856661" lon="19.15070796883" />
  <node id="5632" visible="true" version="1" lat="47.46696889277" lon="19.15070730332" />
  <node id="5633" visible="true" version="1" lat="47.46696921688" lon="19.15070663611" />
  <node id="5634" visible="true" version="1" lat="47.46696953869" lon="19.15070596764" />
  <node id="5635" visible="true" version="1" lat="47.46696985836" lon="19.15070529752" />
  <node id="5636" visible="true" version="1" lat="47.46697017581" lon="19.15070462574" />
  <node id="5637" visible="true" version="1" lat="47.46697049147" lon="19.15070395151" />
  <node id="5638" visible="true" version="1" lat="47.46697080484" lon="19.15070327576" />
  <node id="5639" visible="true" version="1" lat="47.46697111669" lon="19.15070259686" />
  <node id="5640" visible="true" version="1" lat="47.46697142676" lon="19.15070191547" />
  <node id="5641" visible="true" version="1" lat="47.46697173525" lon="19.15070123118" />
  <node id="5642" visible="true" version="1" lat="47.46697204229" lon="19.15070054379" />
  <node id="5643" visible="true" version="1" lat="47.46697234832" lon="19.15069985256" />
  <node id="5644" visible="true" version="1" lat="47.46697265273" lon="19.15069915894" />
  <node id="5645" visible="true" version="1" lat="47.46697295602" lon="19.15069846192" />
  <node id="5646" visible="true" version="1" lat="47.46697325768" lon="19.15069776289" />
  <node id="5647" visible="true" version="1" lat="47.46697355753" lon="19.15069706215" />
  <node id="5648" visible="true" version="1" lat="47.46697385532" lon="19.1506963603" />
  <node id="5649" visible="true" version="1" lat="47.46697415109" lon="19.15069565718" />
  <node id="5650" visible="true" version="1" lat="47.46697444463" lon="19.15069495307" />
  <node id="5651" visible="true" version="1" lat="47.46697473672" lon="19.15069424618" />
  <node id="5652" visible="true" version="1" lat="47.46697502736" lon="19.15069353659" />
  <node id="5653" visible="true" version="1" lat="47.46697531653" lon="19.15069282445" />
  <node id="5654" visible="true" version="1" lat="47.46697560387" lon="19.15069211041" />
  <node id="5655" visible="true" version="1" lat="47.46697588956" lon="19.15069139419" />
  <node id="5656" visible="true" version="1" lat="47.46697617293" lon="19.15069067711" />
  <node id="5657" visible="true" version="1" lat="47.4669764542" lon="19.15068995861" />
  <node id="5658" visible="true" version="1" lat="47.46697673349" lon="19.15068923813" />
  <node id="5659" visible="true" version="1" lat="47.46697701145" lon="19.15068851438" />
  <node id="5660" visible="true" version="1" lat="47.46697728773" lon="19.15068778815" />
  <node id="5661" visible="true" version="1" lat="47.46697756286" lon="19.1506870585" />
  <node id="5662" visible="true" version="1" lat="47.46697783653" lon="19.15068632609" />
  <node id="5663" visible="true" version="1" lat="47.4669781093" lon="19.15068558998" />
  <node id="5664" visible="true" version="1" lat="47.46697838051" lon="19.15068485178" />
  <node id="5665" visible="true" version="1" lat="47.46697865061" lon="19.15068411066" />
  <node id="5666" visible="true" version="1" lat="47.46697891927" lon="19.1506833674" />
  <node id="5667" visible="true" version="1" lat="47.46697918673" lon="19.15068262176" />
  <node id="5668" visible="true" version="1" lat="47.46697945258" lon="19.15068187451" />
  <node id="5669" visible="true" version="1" lat="47.46697971748" lon="19.15068112431" />
  <node id="5670" visible="true" version="1" lat="47.46697998084" lon="19.15068037268" />
  <node id="5671" visible="true" version="1" lat="47.46698024303" lon="19.15067961885" />
  <node id="5672" visible="true" version="1" lat="47.4669805037" lon="19.1506788636" />
  <node id="5673" visible="true" version="1" lat="47.46698076276" lon="19.15067810755" />
  <node id="5674" visible="true" version="1" lat="47.46698101991" lon="19.15067735097" />
  <node id="5675" visible="true" version="1" lat="47.46698127565" lon="19.15067659289" />
  <node id="5676" visible="true" version="1" lat="47.46698152909" lon="19.15067583536" />
  <node id="5677" visible="true" version="1" lat="47.46698178079" lon="19.15067507686" />
  <node id="5678" visible="true" version="1" lat="47.46698203046" lon="19.15067431783" />
  <node id="5679" visible="true" version="1" lat="47.46698227832" lon="19.15067355795" />
  <node id="5680" visible="true" version="1" lat="47.46698252411" lon="19.15067279732" />
  <node id="5681" visible="true" version="1" lat="47.46698276858" lon="19.15067203425" />
  <node id="5682" visible="true" version="1" lat="47.46698301115" lon="19.15067127006" />
  <node id="5683" visible="true" version="1" lat="47.46698325232" lon="19.15067050372" />
  <node id="5684" visible="true" version="1" lat="47.46698349175" lon="19.15066973586" />
  <node id="5685" visible="true" version="1" lat="47.46698372975" lon="19.15066896607" />
  <node id="5686" visible="true" version="1" lat="47.46698396579" lon="19.15066819552" />
  <node id="5687" visible="true" version="1" lat="47.46698420039" lon="19.15066742301" />
  <node id="5688" visible="true" version="1" lat="47.46698443327" lon="19.15066664899" />
  <node id="5689" visible="true" version="1" lat="47.46698466483" lon="19.15066587283" />
  <node id="5690" visible="true" version="1" lat="47.46698489483" lon="19.15066509471" />
  <node id="5691" visible="true" version="1" lat="47.46698512372" lon="19.15066431414" />
  <node id="5692" visible="true" version="1" lat="47.46698535096" lon="19.15066353213" />
  <node id="5693" visible="true" version="1" lat="47.46698557734" lon="19.15066274699" />
  <node id="5694" visible="true" version="1" lat="47.46698580225" lon="19.15066196037" />
  <node id="5695" visible="true" version="1" lat="47.46698602593" lon="19.15066117221" />
  <node id="5696" visible="true" version="1" lat="47.46698624811" lon="19.15066038262" />
  <node id="5697" visible="true" version="1" lat="47.46698646909" lon="19.15065959168" />
  <node id="5698" visible="true" version="1" lat="47.46698668784" lon="19.15065880189" />
  <node id="5699" visible="true" version="1" lat="47.4669869052" lon="19.1506580107" />
  <node id="5700" visible="true" version="1" lat="47.46698712061" lon="19.1506572196" />
  <node id="5701" visible="true" version="1" lat="47.46698733402" lon="19.15065642912" />
  <node id="5702" visible="true" version="1" lat="47.46698754467" lon="19.15065564092" />
  <node id="5703" visible="true" version="1" lat="47.46698775348" lon="19.15065485175" />
  <node id="5704" visible="true" version="1" lat="47.46698796036" lon="19.15065406182" />
  <node id="5705" visible="true" version="1" lat="47.4669881656" lon="19.15065327031" />
  <node id="5706" visible="true" version="1" lat="47.46698836924" lon="19.15065247707" />
  <node id="5707" visible="true" version="1" lat="47.46698857197" lon="19.15065167994" />
  <node id="5708" visible="true" version="1" lat="47.46698877324" lon="19.15065088163" />
  <node id="5709" visible="true" version="1" lat="47.46698897239" lon="19.15065008433" />
  <node id="5710" visible="true" version="1" lat="47.46698916961" lon="19.15064928694" />
  <node id="5711" visible="true" version="1" lat="47.46698936505" lon="19.15064848888" />
  <node id="5712" visible="true" version="1" lat="47.46698955844" lon="19.15064769106" />
  <node id="5713" visible="true" version="1" lat="47.46698975007" lon="19.15064689207" />
  <node id="5714" visible="true" version="1" lat="47.46698994013" lon="19.1506460913" />
  <node id="5715" visible="true" version="1" lat="47.46699012861" lon="19.15064528896" />
  <node id="5716" visible="true" version="1" lat="47.46699031558" lon="19.15064448468" />
  <node id="5717" visible="true" version="1" lat="47.46699050131" lon="19.15064367779" />
  <node id="5718" visible="true" version="1" lat="47.46699068543" lon="19.15064286998" />
  <node id="5719" visible="true" version="1" lat="47.46699086804" lon="19.15064206073" />
  <node id="5720" visible="true" version="1" lat="47.466991049" lon="19.15064125081" />
  <node id="5721" visible="true" version="1" lat="47.46699122815" lon="19.15064044075" />
  <node id="5722" visible="true" version="1" lat="47.46699140556" lon="19.15063963006" />
  <node id="5723" visible="true" version="1" lat="47.46699158133" lon="19.15063881837" />
  <node id="5724" visible="true" version="1" lat="47.46699175542" lon="19.15063800568" />
  <node id="5725" visible="true" version="1" lat="47.46699192801" lon="19.15063719139" />
  <node id="5726" visible="true" version="1" lat="47.46699209886" lon="19.15063637663" />
  <node id="5727" visible="true" version="1" lat="47.46699226781" lon="19.15063556191" />
  <node id="5728" visible="true" version="1" lat="47.46699243491" lon="19.15063474669" />
  <node id="5729" visible="true" version="1" lat="47.46699260019" lon="19.15063393105" />
  <node id="5730" visible="true" version="1" lat="47.46699276322" lon="19.15063311656" />
  <node id="5731" visible="true" version="1" lat="47.4669929244" lon="19.1506323009" />
  <node id="5732" visible="true" version="1" lat="47.46699308383" lon="19.1506314838" />
  <node id="5733" visible="true" version="1" lat="47.4669932415" lon="19.15063066527" />
  <node id="5734" visible="true" version="1" lat="47.46699339757" lon="19.15062984463" />
  <node id="5735" visible="true" version="1" lat="47.46699355231" lon="19.1506290209" />
  <node id="5736" visible="true" version="1" lat="47.4669937056" lon="19.15062819516" />
  <node id="5737" visible="true" version="1" lat="47.46699385753" lon="19.15062736701" />
  <node id="5738" visible="true" version="1" lat="47.46699400811" lon="19.15062653698" />
  <node id="5739" visible="true" version="1" lat="47.46699415715" lon="19.15062570611" />
  <node id="5740" visible="true" version="1" lat="47.46699430463" lon="19.15062487433" />
  <node id="5741" visible="true" version="1" lat="47.46699445062" lon="19.15062404161" />
  <node id="5742" visible="true" version="1" lat="47.46699459483" lon="19.15062320916" />
  <node id="5743" visible="true" version="1" lat="47.46699473726" lon="19.15062237689" />
  <node id="5744" visible="true" version="1" lat="47.46699487781" lon="19.15062154493" />
  <node id="5745" visible="true" version="1" lat="47.46699501654" lon="19.15062071278" />
  <node id="5746" visible="true" version="1" lat="47.4669951533" lon="19.15061988108" />
  <node id="5747" visible="true" version="1" lat="47.46699528809" lon="19.15061904947" />
  <node id="5748" visible="true" version="1" lat="47.46699542093" lon="19.15061821754" />
  <node id="5749" visible="true" version="1" lat="47.46699555182" lon="19.15061738535" />
  <node id="5750" visible="true" version="1" lat="47.4669956806" lon="19.15061655349" />
  <node id="5751" visible="true" version="1" lat="47.46699580786" lon="19.15061571794" />
  <node id="5752" visible="true" version="1" lat="47.46699593473" lon="19.15061487282" />
  <node id="5753" visible="true" version="1" lat="47.46699606104" lon="19.15061402224" />
  <node id="5754" visible="true" version="1" lat="47.46699618617" lon="19.15061316857" />
  <node id="5755" visible="true" version="1" lat="47.46699631061" lon="19.15061231067" />
  <node id="5756" visible="true" version="1" lat="47.46699643355" lon="19.15061145272" />
  <node id="5757" visible="true" version="1" lat="47.46699655421" lon="19.1506106002" />
  <node id="5758" visible="true" version="1" lat="47.46699667031" lon="19.15060976482" />
  <node id="5759" visible="true" version="1" lat="47.46699680906" lon="19.1506087418" />
  <node id="5760" visible="true" version="1" lat="47.46699694624" lon="19.15060771251" />
  <node id="5761" visible="true" version="1" lat="47.46699708089" lon="19.15060668345" />
  <node id="5762" visible="true" version="1" lat="47.46699721294" lon="19.15060565461" />
  <node id="5763" visible="true" version="1" lat="47.4669973414" lon="19.15060463358" />
  <node id="5764" visible="true" version="1" lat="47.46699744304" lon="19.15060380064" />
  <node id="5765" visible="true" version="1" lat="47.46699754419" lon="19.15060295119" />
  <node id="5766" visible="true" version="1" lat="47.46699764358" lon="19.15060209987" />
  <node id="5767" visible="true" version="1" lat="47.46699774061" lon="19.15060124769" />
  <node id="5768" visible="true" version="1" lat="47.46699783601" lon="19.1506003931" />
  <node id="5769" visible="true" version="1" lat="47.46699792918" lon="19.15059953706" />
  <node id="5770" visible="true" version="1" lat="47.46699802085" lon="19.15059867877" />
  <node id="5771" visible="true" version="1" lat="47.46699811027" lon="19.15059781989" />
  <node id="5772" visible="true" version="1" lat="47.4669981982" lon="19.15059695909" />
  <node id="5773" visible="true" version="1" lat="47.4669982839" lon="19.15059609809" />
  <node id="5774" visible="true" version="1" lat="47.46699836805" lon="19.15059523586" />
  <node id="5775" visible="true" version="1" lat="47.46699844993" lon="19.1505943739" />
  <node id="5776" visible="true" version="1" lat="47.46699853019" lon="19.15059351118" />
  <node id="5777" visible="true" version="1" lat="47.46699860804" lon="19.15059264963" />
  <node id="5778" visible="true" version="1" lat="47.46699868409" lon="19.15059178829" />
  <node id="5779" visible="true" version="1" lat="47.4669987576" lon="19.15059092826" />
  <node id="5780" visible="true" version="1" lat="47.4669988292" lon="19.1505900686" />
  <node id="5781" visible="true" version="1" lat="47.46699889807" lon="19.15058921077" />
  <node id="5782" visible="true" version="1" lat="47.46699896494" lon="19.15058835244" />
  <node id="5783" visible="true" version="1" lat="47.46699902913" lon="19.15058749493" />
  <node id="5784" visible="true" version="1" lat="47.46699909127" lon="19.15058663688" />
  <node id="5785" visible="true" version="1" lat="47.46699915074" lon="19.15058577846" />
  <node id="5786" visible="true" version="1" lat="47.46699920832" lon="19.15058491811" />
  <node id="5787" visible="true" version="1" lat="47.46699926329" lon="19.15058405737" />
  <node id="5788" visible="true" version="1" lat="47.46699931645" lon="19.15058319399" />
  <node id="5789" visible="true" version="1" lat="47.46699936719" lon="19.15058232929" />
  <node id="5790" visible="true" version="1" lat="47.46699941622" lon="19.15058146237" />
  <node id="5791" visible="true" version="1" lat="47.46699946286" lon="19.15058059511" />
  <node id="5792" visible="true" version="1" lat="47.46699950776" lon="19.15057972679" />
  <node id="5793" visible="true" version="1" lat="47.46699955025" lon="19.15057885843" />
  <node id="5794" visible="true" version="1" lat="47.46699959102" lon="19.15057798909" />
  <node id="5795" visible="true" version="1" lat="47.46699962936" lon="19.15057711994" />
  <node id="5796" visible="true" version="1" lat="47.46699966601" lon="19.15057624918" />
  <node id="5797" visible="true" version="1" lat="47.46699970027" lon="19.15057537861" />
  <node id="5798" visible="true" version="1" lat="47.46699973278" lon="19.15057450747" />
  <node id="5799" visible="true" version="1" lat="47.46699976282" lon="19.1505736371" />
  <node id="5800" visible="true" version="1" lat="47.46699979089" lon="19.15057277136" />
  <node id="5801" visible="true" version="1" lat="47.46699981571" lon="19.15057191562" />
  <node id="5802" visible="true" version="1" lat="47.46699983775" lon="19.15057106034" />
  <node id="5803" visible="true" version="1" lat="47.46699985655" lon="19.15057020692" />
  <node id="5804" visible="true" version="1" lat="47.46699987234" lon="19.15056935392" />
  <node id="5805" visible="true" version="1" lat="47.46699988469" lon="19.15056849826" />
  <node id="5806" visible="true" version="1" lat="47.46699989426" lon="19.15056763498" />
  <node id="5807" visible="true" version="1" lat="47.46699990086" lon="19.15056677276" />
  <node id="5808" visible="true" version="1" lat="47.46699990457" lon="19.15056590983" />
  <node id="5809" visible="true" version="1" lat="47.46699990527" lon="19.15056504823" />
  <node id="5810" visible="true" version="1" lat="47.46699990312" lon="19.15056420578" />
  <node id="5811" visible="true" version="1" lat="47.46699989511" lon="19.15056316838" />
  <node id="5812" visible="true" version="1" lat="47.46699988352" lon="19.15056211795" />
  <node id="5813" visible="true" version="1" lat="47.46699986844" lon="19.15056106659" />
  <node id="5814" visible="true" version="1" lat="47.46699984995" lon="19.15056001439" />
  <node id="5815" visible="true" version="1" lat="47.46699982836" lon="19.15055897363" />
  <node id="5816" visible="true" version="1" lat="47.46699980662" lon="19.15055812614" />
  <node id="5817" visible="true" version="1" lat="47.46699978176" lon="19.15055725748" />
  <node id="5818" visible="true" version="1" lat="47.46699975413" lon="19.15055638897" />
  <node id="5819" visible="true" version="1" lat="47.4669997239" lon="19.15055551781" />
  <node id="5820" visible="true" version="1" lat="47.46699969102" lon="19.15055464628" />
  <node id="5821" visible="true" version="1" lat="47.4669996557" lon="19.15055377279" />
  <node id="5822" visible="true" version="1" lat="47.46699961783" lon="19.15055289909" />
  <node id="5823" visible="true" version="1" lat="47.4669995777" lon="19.1505520248" />
  <node id="5824" visible="true" version="1" lat="47.46699953514" lon="19.15055115318" />
  <node id="5825" visible="true" version="1" lat="47.46699949026" lon="19.15055028197" />
  <node id="5826" visible="true" version="1" lat="47.46699944292" lon="19.15054941444" />
  <node id="5827" visible="true" version="1" lat="47.46699939315" lon="19.15054854867" />
  <node id="5828" visible="true" version="1" lat="47.46699934073" lon="19.15054768617" />
  <node id="5829" visible="true" version="1" lat="47.46699928572" lon="19.15054682475" />
  <node id="5830" visible="true" version="1" lat="47.4669992279" lon="19.15054596572" />
  <node id="5831" visible="true" version="1" lat="47.46699916734" lon="19.15054510621" />
  <node id="5832" visible="true" version="1" lat="47.46699910384" lon="19.15054424686" />
  <node id="5833" visible="true" version="1" lat="47.46699903754" lon="19.15054338419" />
  <node id="5834" visible="true" version="1" lat="47.46699896845" lon="19.15054252043" />
  <node id="5835" visible="true" version="1" lat="47.46699889684" lon="19.15054165413" />
  <node id="5836" visible="true" version="1" lat="47.46699882267" lon="19.15054078743" />
  <node id="5837" visible="true" version="1" lat="47.46699874642" lon="19.15053992125" />
  <node id="5838" visible="true" version="1" lat="47.46699866801" lon="19.15053906008" />
  <node id="5839" visible="true" version="1" lat="47.46699858742" lon="19.15053820144" />
  <node id="5840" visible="true" version="1" lat="47.46699850447" lon="19.15053734797" />
  <node id="5841" visible="true" version="1" lat="47.46699841916" lon="19.15053649806" />
  <node id="5842" visible="true" version="1" lat="47.46699833116" lon="19.15053565281" />
  <node id="5843" visible="true" version="1" lat="47.46699824045" lon="19.15053480957" />
  <node id="5844" visible="true" version="1" lat="47.46699814674" lon="19.15053396959" />
  <node id="5845" visible="true" version="1" lat="47.46699805006" lon="19.15053312999" />
  <node id="5846" visible="true" version="1" lat="47.46699795029" lon="19.15053229284" />
  <node id="5847" visible="true" version="1" lat="47.46699784746" lon="19.15053145539" />
  <node id="5848" visible="true" version="1" lat="47.46699761478" lon="19.15052924628" />
  <node id="5849" visible="true" version="1" lat="47.46699737215" lon="19.1505238049" />
  <node id="5850" visible="true" version="1" lat="47.46699698042" lon="19.15051807895" />
  <node id="5851" visible="true" version="1" lat="47.46699639187" lon="19.15051161721" />
  <node id="5852" visible="true" version="1" lat="47.46699559193" lon="19.15050443704" />
  <node id="5853" visible="true" version="1" lat="47.46699467952" lon="19.15049728351" />
  <node id="5854" visible="true" version="1" lat="47.46699388601" lon="19.15049469279" />
  <node id="5855" visible="true" version="1" lat="47.4669927032" lon="19.1504907264" />
  <node id="5856" visible="true" version="1" lat="47.46699145171" lon="19.15048680059" />
  <node id="5857" visible="true" version="1" lat="47.46699013642" lon="19.15048293047" />
  <node id="5858" visible="true" version="1" lat="47.46698876211" lon="19.15047913644" />
  <node id="5859" visible="true" version="1" lat="47.46698732579" lon="19.1504754029" />
  <node id="5860" visible="true" version="1" lat="47.46698582585" lon="19.1504717311" />
  <node id="5861" visible="true" version="1" lat="47.46698425949" lon="19.15046811114" />
  <node id="5862" visible="true" version="1" lat="47.46698262873" lon="19.15046453354" />
  <node id="5863" visible="true" version="1" lat="47.46698093867" lon="19.15046099467" />
  <node id="5864" visible="true" version="1" lat="47.46697919818" lon="19.150457507" />
  <node id="5865" visible="true" version="1" lat="47.46697739921" lon="19.15045406172" />
  <node id="5866" visible="true" version="1" lat="47.46697556079" lon="19.15045066791" />
  <node id="5867" visible="true" version="1" lat="47.46697368284" lon="19.1504473464" />
  <node id="5868" visible="true" version="1" lat="47.46697174059" lon="19.15044405803" />
  <node id="5869" visible="true" version="1" lat="47.46696976552" lon="19.1504408187" />
  <node id="5870" visible="true" version="1" lat="47.46696775167" lon="19.15043764249" />
  <node id="5871" visible="true" version="1" lat="47.46696569432" lon="19.1504345123" />
  <node id="5872" visible="true" version="1" lat="47.46696358912" lon="19.15043142245" />
  <node id="5873" visible="true" version="1" lat="47.46696146826" lon="19.15042839913" />
  <node id="5874" visible="true" version="1" lat="47.46695930596" lon="19.15042545792" />
  <node id="5875" visible="true" version="1" lat="47.46695710893" lon="19.15042256679" />
  <node id="5876" visible="true" version="1" lat="47.46695486369" lon="19.15041974898" />
  <node id="5877" visible="true" version="1" lat="47.46695258133" lon="19.15041698764" />
  <node id="5878" visible="true" version="1" lat="47.46695025421" lon="19.15041429709" />
  <node id="5879" visible="true" version="1" lat="47.46694788367" lon="19.1504116454" />
  <node id="5880" visible="true" version="1" lat="47.46694547234" lon="19.15040905898" />
  <node id="5881" visible="true" version="1" lat="47.46694302747" lon="19.15040650945" />
  <node id="5882" visible="true" version="1" lat="47.46694055327" lon="19.15040401373" />
  <node id="5883" visible="true" version="1" lat="47.46693804458" lon="19.15040156258" />
  <node id="5884" visible="true" version="1" lat="47.46693550494" lon="19.15039915283" />
  <node id="5885" visible="true" version="1" lat="47.46693293108" lon="19.15039677668" />
  <node id="5886" visible="true" version="1" lat="47.4669303333" lon="19.15039443929" />
  <node id="5887" visible="true" version="1" lat="47.46692770288" lon="19.15039213826" />
  <node id="5888" visible="true" version="1" lat="47.46692504719" lon="19.15038986364" />
  <node id="5889" visible="true" version="1" lat="47.46692236343" lon="19.15038761176" />
  <node id="5890" visible="true" version="1" lat="47.46691965747" lon="19.15038537748" />
  <node id="5891" visible="true" version="1" lat="47.46691694157" lon="19.15038316679" />
  <node id="5892" visible="true" version="1" lat="47.46691419641" lon="19.15038096448" />
  <node id="5893" visible="true" version="1" lat="47.46691143082" lon="19.15037875471" />
  <node id="5894" visible="true" version="1" lat="47.46690864703" lon="19.15037654494" />
  <node id="5895" visible="true" version="1" lat="47.46690586624" lon="19.15037433045" />
  <node id="5896" visible="true" version="1" lat="47.46690307322" lon="19.15037212161" />
  <node id="5897" visible="true" version="1" lat="47.46690027853" lon="19.15036990127" />
  <node id="5898" visible="true" version="1" lat="47.46689748549" lon="19.15036768181" />
  <node id="5899" visible="true" version="1" lat="47.46689470825" lon="19.15036547079" />
  <node id="5900" visible="true" version="1" lat="47.46689192949" lon="19.15036327348" />
  <node id="5901" visible="true" version="1" lat="47.46688913747" lon="19.15036106261" />
  <node id="5902" visible="true" version="1" lat="47.46688634499" lon="19.15035883938" />
  <node id="5903" visible="true" version="1" lat="47.46688359346" lon="19.15035662408" />
  <node id="5904" visible="true" version="1" lat="47.46688085625" lon="19.15035442129" />
  <node id="5905" visible="true" version="1" lat="47.4668781256" lon="19.15035220677" />
  <node id="5906" visible="true" version="1" lat="47.46687543227" lon="19.15035000853" />
  <node id="5907" visible="true" version="1" lat="47.46687277015" lon="19.15034783423" />
  <node id="5908" visible="true" version="1" lat="47.46687008443" lon="19.15034565428" />
  <node id="5909" visible="true" version="1" lat="47.46686741793" lon="19.15034346812" />
  <node id="5910" visible="true" version="1" lat="47.46686478146" lon="19.1503413107" />
  <node id="5911" visible="true" version="1" lat="47.46686214757" lon="19.15033915177" />
  <node id="5912" visible="true" version="1" lat="47.46685953882" lon="19.15033701471" />
  <node id="5913" visible="true" version="1" lat="47.46685693655" lon="19.15033489285" />
  <node id="5914" visible="true" version="1" lat="47.46685433793" lon="19.15033277688" />
  <node id="5915" visible="true" version="1" lat="47.46685174442" lon="19.15033066038" />
  <node id="5916" visible="true" version="1" lat="47.4668491667" lon="19.15032855934" />
  <node id="5917" visible="true" version="1" lat="47.4668465976" lon="19.15032645956" />
  <node id="5918" visible="true" version="1" lat="47.46684405376" lon="19.15032437716" />
  <node id="5919" visible="true" version="1" lat="47.46684152533" lon="19.15032231355" />
  <node id="5920" visible="true" version="1" lat="47.46683900643" lon="19.15032025967" />
  <node id="5921" visible="true" version="1" lat="47.46683650467" lon="19.15031821987" />
  <node id="5922" visible="true" version="1" lat="47.46683401351" lon="19.1503161975" />
  <node id="5923" visible="true" version="1" lat="47.46683151752" lon="19.15031417755" />
  <node id="5924" visible="true" version="1" lat="47.46682903143" lon="19.15031216119" />
  <node id="5925" visible="true" version="1" lat="47.46682656258" lon="19.15031016096" />
  <node id="5926" visible="true" version="1" lat="47.46682409505" lon="19.1503081636" />
  <node id="5927" visible="true" version="1" lat="47.46682163956" lon="19.15030616786" />
  <node id="5928" visible="true" version="1" lat="47.46681921174" lon="19.15030419268" />
  <node id="5929" visible="true" version="1" lat="47.46681680153" lon="19.15030222343" />
  <node id="5930" visible="true" version="1" lat="47.46681441367" lon="19.15030027828" />
  <node id="5931" visible="true" version="1" lat="47.4668120435" lon="19.15029834644" />
  <node id="5932" visible="true" version="1" lat="47.46680971565" lon="19.15029645346" />
  <node id="5933" visible="true" version="1" lat="47.46680744228" lon="19.15029460905" />
  <node id="5934" visible="true" version="1" lat="47.46680525452" lon="19.150292838" />
  <node id="5935" visible="true" version="1" lat="47.46680316741" lon="19.15029115186" />
  <node id="5936" visible="true" version="1" lat="47.46680119398" lon="19.15028955842" />
  <node id="5937" visible="true" version="1" lat="47.46679935286" lon="19.15028806192" />
  <node id="5938" visible="true" version="1" lat="47.46679766582" lon="19.15028668666" />
  <node id="5939" visible="true" version="1" lat="47.46679609333" lon="19.15028541578" />
  <node id="5940" visible="true" version="1" lat="47.4667946476" lon="19.15028423149" />
  <node id="5941" visible="true" version="1" lat="47.46679337865" lon="19.15028319152" />
  <node id="5942" visible="true" version="1" lat="47.46679221981" lon="19.1502822546" />
  <node id="5943" visible="true" version="1" lat="47.46679116629" lon="19.15028139061" />
  <node id="5944" visible="true" version="1" lat="47.46679030829" lon="19.15028067847" />
  <node id="5945" visible="true" version="1" lat="47.46678959803" lon="19.15028010261" />
  <node id="5946" visible="true" version="1" lat="47.46678895413" lon="19.15027957926" />
  <node id="5947" visible="true" version="1" lat="47.46678843941" lon="19.15027915427" />
  <node id="5948" visible="true" version="1" lat="47.46678807623" lon="19.15027885566" />
  <node id="5949" visible="true" version="1" lat="47.46678759747" lon="19.15027846246" />
  <node id="5950" visible="true" version="1" lat="47.46678718668" lon="19.15027809643" />
  <node id="5951" visible="true" version="1" lat="47.46679663834" lon="19.15025552142" />
  <node id="5952" visible="true" version="1" lat="47.4667965446" lon="19.15025544407" />
  <node id="5953" visible="true" version="1" lat="47.46679681936" lon="19.15025566717" />
  <node id="5954" visible="true" version="1" lat="47.46679721651" lon="19.15025599361" />
  <node id="5955" visible="true" version="1" lat="47.46679768478" lon="19.15025638035" />
  <node id="5956" visible="true" version="1" lat="47.46679827381" lon="19.15025685889" />
  <node id="5957" visible="true" version="1" lat="47.46679906106" lon="19.15025749754" />
  <node id="5958" visible="true" version="1" lat="47.4667999473" lon="19.15025823288" />
  <node id="5959" visible="true" version="1" lat="47.46680091337" lon="19.1502590252" />
  <node id="5960" visible="true" version="1" lat="47.46680207539" lon="19.15025996468" />
  <node id="5961" visible="true" version="1" lat="47.46680338562" lon="19.15026103835" />
  <node id="5962" visible="true" version="1" lat="47.46680478295" lon="19.15026218311" />
  <node id="5963" visible="true" version="1" lat="47.46680634228" lon="19.15026344328" />
  <node id="5964" visible="true" version="1" lat="47.46680804689" lon="19.15026483281" />
  <node id="5965" visible="true" version="1" lat="47.46680985585" lon="19.15026630319" />
  <node id="5966" visible="true" version="1" lat="47.46681180978" lon="19.15026788086" />
  <node id="5967" visible="true" version="1" lat="47.46681390559" lon="19.15026957401" />
  <node id="5968" visible="true" version="1" lat="47.46681610744" lon="19.15027135646" />
  <node id="5969" visible="true" version="1" lat="47.46681839578" lon="19.15027321302" />
  <node id="5970" visible="true" version="1" lat="47.46682073897" lon="19.15027511847" />
  <node id="5971" visible="true" version="1" lat="47.46682311485" lon="19.15027705495" />
  <node id="5972" visible="true" version="1" lat="47.46682551087" lon="19.15027900675" />
  <node id="5973" visible="true" version="1" lat="47.46682791674" lon="19.15028097247" />
  <node id="5974" visible="true" version="1" lat="47.46683032706" lon="19.15028293339" />
  <node id="5975" visible="true" version="1" lat="47.46683276571" lon="19.15028491545" />
  <node id="5976" visible="true" version="1" lat="47.46683522271" lon="19.15028690427" />
  <node id="5977" visible="true" version="1" lat="47.46683769813" lon="19.15028890983" />
  <node id="5978" visible="true" version="1" lat="47.46684018044" lon="19.15029092313" />
  <node id="5979" visible="true" version="1" lat="47.4668426796" lon="19.15029294564" />
  <node id="5980" visible="true" version="1" lat="47.46684519564" lon="19.15029498821" />
  <node id="5981" visible="true" version="1" lat="47.46684771199" lon="19.15029703989" />
  <node id="5982" visible="true" version="1" lat="47.46685023425" lon="19.15029909651" />
  <node id="5983" visible="true" version="1" lat="47.46685277582" lon="19.15030117086" />
  <node id="5984" visible="true" version="1" lat="47.46685532435" lon="19.15030325709" />
  <node id="5985" visible="true" version="1" lat="47.46685787904" lon="19.15030534509" />
  <node id="5986" visible="true" version="1" lat="47.46686045171" lon="19.15030744201" />
  <node id="5987" visible="true" version="1" lat="47.46686304188" lon="19.15030955578" />
  <node id="5988" visible="true" version="1" lat="47.46686563771" lon="19.15031166948" />
  <node id="5989" visible="true" version="1" lat="47.4668682601" lon="19.15031380775" />
  <node id="5990" visible="true" version="1" lat="47.46687088632" lon="19.1503159591" />
  <node id="5991" visible="true" version="1" lat="47.46687351657" lon="19.15031811506" />
  <node id="5992" visible="true" version="1" lat="47.46687615388" lon="19.15032027316" />
  <node id="5993" visible="true" version="1" lat="47.46687879315" lon="19.15032243707" />
  <node id="5994" visible="true" version="1" lat="47.46688146623" lon="19.15032460671" />
  <node id="5995" visible="true" version="1" lat="47.46688414682" lon="19.15032679607" />
  <node id="5996" visible="true" version="1" lat="47.46688681648" lon="19.15032897502" />
  <node id="5997" visible="true" version="1" lat="47.46688950023" lon="19.15033115151" />
  <node id="5998" visible="true" version="1" lat="47.46689221338" lon="19.15033333491" />
  <node id="5999" visible="true" version="1" lat="47.46689492908" lon="19.15033552144" />
  <node id="6000" visible="true" version="1" lat="47.4668976666" lon="19.15033770084" />
  <node id="6001" visible="true" version="1" lat="47.46690043623" lon="19.15033989397" />
  <node id="6002" visible="true" version="1" lat="47.46690323279" lon="19.15034210537" />
  <node id="6003" visible="true" version="1" lat="47.46690602618" lon="19.15034432923" />
  <node id="6004" visible="true" version="1" lat="47.46690881244" lon="19.15034654329" />
  <node id="6005" visible="true" version="1" lat="47.46691159131" lon="19.15034875107" />
  <node id="6006" visible="true" version="1" lat="47.46691439207" lon="19.15035096605" />
  <node id="6007" visible="true" version="1" lat="47.46691718522" lon="19.15035319035" />
  <node id="6008" visible="true" version="1" lat="47.4669199801" lon="19.15035540896" />
  <node id="6009" visible="true" version="1" lat="47.46692278082" lon="19.15035764678" />
  <node id="6010" visible="true" version="1" lat="47.46692558763" lon="19.15035989867" />
  <node id="6011" visible="true" version="1" lat="47.46692839946" lon="19.15036218744" />
  <node id="6012" visible="true" version="1" lat="47.46693120712" lon="19.15036450574" />
  <node id="6013" visible="true" version="1" lat="47.46693401407" lon="19.1503668611" />
  <node id="6014" visible="true" version="1" lat="47.46693681074" lon="19.1503692565" />
  <node id="6015" visible="true" version="1" lat="47.46693960842" lon="19.15037170412" />
  <node id="6016" visible="true" version="1" lat="47.46694238986" lon="19.15037420667" />
  <node id="6017" visible="true" version="1" lat="47.46694514604" lon="19.15037675122" />
  <node id="6018" visible="true" version="1" lat="47.46694788112" lon="19.15037934652" />
  <node id="6019" visible="true" version="1" lat="47.46695060098" lon="19.15038200414" />
  <node id="6020" visible="true" version="1" lat="47.46695330008" lon="19.15038472682" />
  <node id="6021" visible="true" version="1" lat="47.46695595837" lon="19.15038749864" />
  <node id="6022" visible="true" version="1" lat="47.46695861248" lon="19.15039034641" />
  <node id="6023" visible="true" version="1" lat="47.46696124146" lon="19.15039328659" />
  <node id="6024" visible="true" version="1" lat="47.46696383838" lon="19.15039629008" />
  <node id="6025" visible="true" version="1" lat="47.46696640032" lon="19.15039938896" />
  <node id="6026" visible="true" version="1" lat="47.46696892897" lon="19.15040256343" />
  <node id="6027" visible="true" version="1" lat="47.46697139484" lon="19.15040580708" />
  <node id="6028" visible="true" version="1" lat="47.46697382033" lon="19.15040910752" />
  <node id="6029" visible="true" version="1" lat="47.466976187" lon="19.1504124797" />
  <node id="6030" visible="true" version="1" lat="47.46697850049" lon="19.15041587577" />
  <node id="6031" visible="true" version="1" lat="47.4669807827" lon="19.15041934809" />
  <node id="6032" visible="true" version="1" lat="47.46698302617" lon="19.15042288671" />
  <node id="6033" visible="true" version="1" lat="47.46698521415" lon="19.15042647459" />
  <node id="6034" visible="true" version="1" lat="47.46698737666" lon="19.15043013699" />
  <node id="6035" visible="true" version="1" lat="47.46698949897" lon="19.15043389057" />
  <node id="6036" visible="true" version="1" lat="47.46699155604" lon="19.15043768736" />
  <node id="6037" visible="true" version="1" lat="47.46699357213" lon="19.15044154931" />
  <node id="6038" visible="true" version="1" lat="47.46699553961" lon="19.15044549161" />
  <node id="6039" visible="true" version="1" lat="47.46699745061" lon="19.15044949338" />
  <node id="6040" visible="true" version="1" lat="47.46699931033" lon="19.15045357388" />
  <node id="6041" visible="true" version="1" lat="47.4670011165" lon="19.15045774869" />
  <node id="6042" visible="true" version="1" lat="47.46700285712" lon="19.15046200981" />
  <node id="6043" visible="true" version="1" lat="47.46700452254" lon="19.15046633862" />
  <node id="6044" visible="true" version="1" lat="47.46700611506" lon="19.1504707353" />
  <node id="6045" visible="true" version="1" lat="47.46700763636" lon="19.15047521131" />
  <node id="6046" visible="true" version="1" lat="47.46700908051" lon="19.15047974148" />
  <node id="6047" visible="true" version="1" lat="47.46701045172" lon="19.15048434046" />
  <node id="6048" visible="true" version="1" lat="47.46701206225" lon="19.15049043878" />
  <node id="6049" visible="true" version="1" lat="47.46701330189" lon="19.15049975968" />
  <node id="6050" visible="true" version="1" lat="47.46701418449" lon="19.15050768083" />
  <node id="6051" visible="true" version="1" lat="47.4670148471" lon="19.15051495628" />
  <node id="6052" visible="true" version="1" lat="47.46701530006" lon="19.15052157228" />
  <node id="6053" visible="true" version="1" lat="47.46701554472" lon="19.15052705004" />
  <node id="6054" visible="true" version="1" lat="47.46701554181" lon="19.1505266532" />
  <node id="6055" visible="true" version="1" lat="47.46701566209" lon="19.15052763257" />
  <node id="6056" visible="true" version="1" lat="47.46701577889" lon="19.15052861273" />
  <node id="6057" visible="true" version="1" lat="47.46701589201" lon="19.15052959501" />
  <node id="6058" visible="true" version="1" lat="47.46701600159" lon="19.15053057742" />
  <node id="6059" visible="true" version="1" lat="47.4670161074" lon="19.15053156087" />
  <node id="6060" visible="true" version="1" lat="47.46701620957" lon="19.15053254225" />
  <node id="6061" visible="true" version="1" lat="47.46701630803" lon="19.15053352305" />
  <node id="6062" visible="true" version="1" lat="47.46701640299" lon="19.15053450012" />
  <node id="6063" visible="true" version="1" lat="47.46701649456" lon="19.1505354755" />
  <node id="6064" visible="true" version="1" lat="47.46701658309" lon="19.15053644783" />
  <node id="6065" visible="true" version="1" lat="47.46701666856" lon="19.15053741857" />
  <node id="6066" visible="true" version="1" lat="47.4670167515" lon="19.15053838796" />
  <node id="6067" visible="true" version="1" lat="47.46701683194" lon="19.1505393611" />
  <node id="6068" visible="true" version="1" lat="47.46701690993" lon="19.15054033621" />
  <node id="6069" visible="true" version="1" lat="47.46701698521" lon="19.15054131573" />
  <node id="6070" visible="true" version="1" lat="47.4670170578" lon="19.15054229814" />
  <node id="6071" visible="true" version="1" lat="47.46701712728" lon="19.15054328422" />
  <node id="6072" visible="true" version="1" lat="47.46701719366" lon="19.15054427047" />
  <node id="6073" visible="true" version="1" lat="47.46701725673" lon="19.15054525797" />
  <node id="6074" visible="true" version="1" lat="47.46701731664" lon="19.15054624378" />
  <node id="6075" visible="true" version="1" lat="47.46701737332" lon="19.15054722966" />
  <node id="6076" visible="true" version="1" lat="47.46701742697" lon="19.15054821283" />
  <node id="6077" visible="true" version="1" lat="47.46701747759" lon="19.15054919532" />
  <node id="6078" visible="true" version="1" lat="47.46701752547" lon="19.15055017607" />
  <node id="6079" visible="true" version="1" lat="47.46701757051" lon="19.15055115697" />
  <node id="6080" visible="true" version="1" lat="47.46701761297" lon="19.15055213693" />
  <node id="6081" visible="true" version="1" lat="47.46701765272" lon="19.15055311967" />
  <node id="6082" visible="true" version="1" lat="47.4670176898" lon="19.15055410295" />
  <node id="6083" visible="true" version="1" lat="47.46701772403" lon="19.1505550892" />
  <node id="6084" visible="true" version="1" lat="47.46701775543" lon="19.15055607646" />
  <node id="6085" visible="true" version="1" lat="47.46701778376" lon="19.15055706611" />
  <node id="6086" visible="true" version="1" lat="47.46701780957" lon="19.15055807541" />
  <node id="6087" visible="true" version="1" lat="47.4670178343" lon="19.15055926443" />
  <node id="6088" visible="true" version="1" lat="47.467017855" lon="19.15056044236" />
  <node id="6089" visible="true" version="1" lat="47.46701787191" lon="19.1505616216" />
  <node id="6090" visible="true" version="1" lat="47.46701788494" lon="19.15056280207" />
  <node id="6091" visible="true" version="1" lat="47.46701789408" lon="19.15056399555" />
  <node id="6092" visible="true" version="1" lat="47.46701789676" lon="19.15056501336" />
  <node id="6093" visible="true" version="1" lat="47.46701789595" lon="19.15056600977" />
  <node id="6094" visible="true" version="1" lat="47.46701789167" lon="19.15056700655" />
  <node id="6095" visible="true" version="1" lat="47.46701788404" lon="19.15056800175" />
  <node id="6096" visible="true" version="1" lat="47.467017873" lon="19.15056899765" />
  <node id="6097" visible="true" version="1" lat="47.46701785854" lon="19.15056999812" />
  <node id="6098" visible="true" version="1" lat="47.46701784003" lon="19.15057099942" />
  <node id="6099" visible="true" version="1" lat="47.46701781809" lon="19.15057199495" />
  <node id="6100" visible="true" version="1" lat="47.46701779255" lon="19.15057298629" />
  <node id="6101" visible="true" version="1" lat="47.46701776397" lon="19.15057397147" />
  <node id="6102" visible="true" version="1" lat="47.46701773245" lon="19.15057494475" />
  <node id="6103" visible="true" version="1" lat="47.46701769909" lon="19.15057591086" />
  <node id="6104" visible="true" version="1" lat="47.46701766308" lon="19.15057687617" />
  <node id="6105" visible="true" version="1" lat="47.46701762516" lon="19.15057783955" />
  <node id="6106" visible="true" version="1" lat="47.46701758462" lon="19.15057880296" />
  <node id="6107" visible="true" version="1" lat="47.46701754214" lon="19.15057976565" />
  <node id="6108" visible="true" version="1" lat="47.467017497" lon="19.1505807285" />
  <node id="6109" visible="true" version="1" lat="47.46701744992" lon="19.15058169029" />
  <node id="6110" visible="true" version="1" lat="47.46701740018" lon="19.15058265262" />
  <node id="6111" visible="true" version="1" lat="47.46701734847" lon="19.15058361375" />
  <node id="6112" visible="true" version="1" lat="47.4670172941" lon="19.15058457561" />
  <node id="6113" visible="true" version="1" lat="47.46701723763" lon="19.15058553747" />
  <node id="6114" visible="true" version="1" lat="47.46701717831" lon="19.15058650111" />
  <node id="6115" visible="true" version="1" lat="47.46701711672" lon="19.15058746508" />
  <node id="6116" visible="true" version="1" lat="47.46701705219" lon="19.15058842977" />
  <node id="6117" visible="true" version="1" lat="47.46701698535" lon="19.15058939413" />
  <node id="6118" visible="true" version="1" lat="47.46701691548" lon="19.1505903592" />
  <node id="6119" visible="true" version="1" lat="47.46701684337" lon="19.15059132232" />
  <node id="6120" visible="true" version="1" lat="47.4670167684" lon="19.15059228486" />
  <node id="6121" visible="true" version="1" lat="47.46701669126" lon="19.1505932455" />
  <node id="6122" visible="true" version="1" lat="47.46701661142" lon="19.15059420435" />
  <node id="6123" visible="true" version="1" lat="47.4670165297" lon="19.15059516026" />
  <node id="6124" visible="true" version="1" lat="47.46701644543" lon="19.15059611493" />
  <node id="6125" visible="true" version="1" lat="47.46701635941" lon="19.15059706671" />
  <node id="6126" visible="true" version="1" lat="47.46701627098" lon="19.15059801736" />
  <node id="6127" visible="true" version="1" lat="47.46701618084" lon="19.15059896619" />
  <node id="6128" visible="true" version="1" lat="47.46701608828" lon="19.15059991472" />
  <node id="6129" visible="true" version="1" lat="47.46701599399" lon="19.15060086185" />
  <node id="6130" visible="true" version="1" lat="47.46701589723" lon="19.1506018093" />
  <node id="6131" visible="true" version="1" lat="47.46701579863" lon="19.15060275608" />
  <node id="6132" visible="true" version="1" lat="47.46701569747" lon="19.15060370351" />
  <node id="6133" visible="true" version="1" lat="47.46701559436" lon="19.15060465067" />
  <node id="6134" visible="true" version="1" lat="47.46701548847" lon="19.15060559931" />
  <node id="6135" visible="true" version="1" lat="47.46701538048" lon="19.15060654764" />
  <node id="6136" visible="true" version="1" lat="47.46701526968" lon="19.15060749674" />
  <node id="6137" visible="true" version="1" lat="47.46701515676" lon="19.15060844493" />
  <node id="6138" visible="true" version="1" lat="47.46701503906" lon="19.15060940939" />
  <node id="6139" visible="true" version="1" lat="47.46701489665" lon="19.1506105416" />
  <node id="6140" visible="true" version="1" lat="47.46701475259" lon="19.15061166406" />
  <node id="6141" visible="true" version="1" lat="47.467014606" lon="19.15061278439" />
  <node id="6142" visible="true" version="1" lat="47.46701445699" lon="19.15061390249" />
  <node id="6143" visible="true" version="1" lat="47.46701430472" lon="19.15061502489" />
  <node id="6144" visible="true" version="1" lat="47.46701417281" lon="19.15061597412" />
  <node id="6145" visible="true" version="1" lat="47.46701404094" lon="19.15061690589" />
  <node id="6146" visible="true" version="1" lat="47.46701390876" lon="19.15061782837" />
  <node id="6147" visible="true" version="1" lat="47.46701377557" lon="19.15061874661" />
  <node id="6148" visible="true" version="1" lat="47.46701364123" lon="19.15061966302" />
  <node id="6149" visible="true" version="1" lat="47.46701350534" lon="19.15062057823" />
  <node id="6150" visible="true" version="1" lat="47.46701336801" lon="19.1506214929" />
  <node id="6151" visible="true" version="1" lat="47.4670132278" lon="19.15062241342" />
  <node id="6152" visible="true" version="1" lat="47.46701308505" lon="19.15062333556" />
  <node id="6153" visible="true" version="1" lat="47.4670129403" lon="19.15062425589" />
  <node id="6154" visible="true" version="1" lat="47.46701279365" lon="19.15062517428" />
  <node id="6155" visible="true" version="1" lat="47.46701264501" lon="19.15062609136" />
  <node id="6156" visible="true" version="1" lat="47.46701249456" lon="19.15062700633" />
  <node id="6157" visible="true" version="1" lat="47.46701234237" lon="19.15062791924" />
  <node id="6158" visible="true" version="1" lat="47.46701218848" lon="19.15062883014" />
  <node id="6159" visible="true" version="1" lat="47.46701203292" lon="19.15062973917" />
  <node id="6160" visible="true" version="1" lat="47.46701187582" lon="19.15063064597" />
  <node id="6161" visible="true" version="1" lat="47.46701171717" lon="19.15063155098" />
  <node id="6162" visible="true" version="1" lat="47.4670115569" lon="19.15063245482" />
  <node id="6163" visible="true" version="1" lat="47.46701139487" lon="19.15063335815" />
  <node id="6164" visible="true" version="1" lat="47.46701123122" lon="19.15063426023" />
  <node id="6165" visible="true" version="1" lat="47.46701106564" lon="19.15063516275" />
  <node id="6166" visible="true" version="1" lat="47.46701089805" lon="19.1506360655" />
  <node id="6167" visible="true" version="1" lat="47.46701072836" lon="19.15063696882" />
  <node id="6168" visible="true" version="1" lat="47.46701055642" lon="19.15063787287" />
  <node id="6169" visible="true" version="1" lat="47.4670103822" lon="19.15063877732" />
  <node id="6170" visible="true" version="1" lat="47.46701020593" lon="19.15063968073" />
  <node id="6171" visible="true" version="1" lat="47.4670100275" lon="19.1506405837" />
  <node id="6172" visible="true" version="1" lat="47.46700984706" lon="19.15064148518" />
  <node id="6173" visible="true" version="1" lat="47.46700966499" lon="19.15064238368" />
  <node id="6174" visible="true" version="1" lat="47.46700948121" lon="19.15064328025" />
  <node id="6175" visible="true" version="1" lat="47.46700929557" lon="19.15064417544" />
  <node id="6176" visible="true" version="1" lat="47.46700910836" lon="19.15064506827" />
  <node id="6177" visible="true" version="1" lat="47.46700891942" lon="19.15064595972" />
  <node id="6178" visible="true" version="1" lat="47.46700872862" lon="19.15064685041" />
  <node id="6179" visible="true" version="1" lat="47.46700853594" lon="19.15064774015" />
  <node id="6180" visible="true" version="1" lat="47.46700834152" lon="19.15064862859" />
  <node id="6181" visible="true" version="1" lat="47.46700814528" lon="19.15064951593" />
  <node id="6182" visible="true" version="1" lat="47.4670079475" lon="19.1506504011" />
  <node id="6183" visible="true" version="1" lat="47.46700774797" lon="19.15065128535" />
  <node id="6184" visible="true" version="1" lat="47.46700754663" lon="19.15065216874" />
  <node id="6185" visible="true" version="1" lat="47.46700734349" lon="19.15065305122" />
  <node id="6186" visible="true" version="1" lat="47.46700713831" lon="19.15065393383" />
  <node id="6187" visible="true" version="1" lat="47.46700693094" lon="19.15065481659" />
  <node id="6188" visible="true" version="1" lat="47.46700672165" lon="19.15065569839" />
  <node id="6189" visible="true" version="1" lat="47.46700651016" lon="19.15065658015" />
  <node id="6190" visible="true" version="1" lat="47.46700629676" lon="19.15065746053" />
  <node id="6191" visible="true" version="1" lat="47.46700608166" lon="19.15065833889" />
  <node id="6192" visible="true" version="1" lat="47.46700586483" lon="19.15065921557" />
  <node id="6193" visible="true" version="1" lat="47.46700564631" lon="19.15066009043" />
  <node id="6194" visible="true" version="1" lat="47.4670054266" lon="19.15066096187" />
  <node id="6195" visible="true" version="1" lat="47.4670052051" lon="19.15066183279" />
  <node id="6196" visible="true" version="1" lat="47.467004981" lon="19.15066270575" />
  <node id="6197" visible="true" version="1" lat="47.46700475434" lon="19.15066357984" />
  <node id="6198" visible="true" version="1" lat="47.46700452548" lon="19.15066445367" />
  <node id="6199" visible="true" version="1" lat="47.46700429426" lon="19.15066532759" />
  <node id="6200" visible="true" version="1" lat="47.46700406093" lon="19.15066620064" />
  <node id="6201" visible="true" version="1" lat="47.46700382621" lon="19.15066707006" />
  <node id="6202" visible="true" version="1" lat="47.46700359054" lon="19.15066793558" />
  <node id="6203" visible="true" version="1" lat="47.46700335318" lon="19.15066879956" />
  <node id="6204" visible="true" version="1" lat="47.46700311442" lon="19.15066966159" />
  <node id="6205" visible="true" version="1" lat="47.46700287432" lon="19.15067052101" />
  <node id="6206" visible="true" version="1" lat="47.46700263299" lon="19.15067137862" />
  <node id="6207" visible="true" version="1" lat="47.46700238959" lon="19.15067223628" />
  <node id="6208" visible="true" version="1" lat="47.4670021448" lon="19.15067309242" />
  <node id="6209" visible="true" version="1" lat="47.4670018979" lon="19.15067394872" />
  <node id="6210" visible="true" version="1" lat="47.46700164908" lon="19.15067480496" />
  <node id="6211" visible="true" version="1" lat="47.46700139801" lon="19.15067566121" />
  <node id="6212" visible="true" version="1" lat="47.46700114521" lon="19.15067651643" />
  <node id="6213" visible="true" version="1" lat="47.46700089003" lon="19.15067737177" />
  <node id="6214" visible="true" version="1" lat="47.46700063308" lon="19.1506782258" />
  <node id="6215" visible="true" version="1" lat="47.46700037386" lon="19.15067907935" />
  <node id="6216" visible="true" version="1" lat="47.46700011294" lon="19.15067993114" />
  <node id="6217" visible="true" version="1" lat="47.46699984992" lon="19.15068078186" />
  <node id="6218" visible="true" version="1" lat="47.46699958522" lon="19.15068163073" />
  <node id="6219" visible="true" version="1" lat="47.46699931827" lon="19.15068247902" />
  <node id="6220" visible="true" version="1" lat="47.46699904951" lon="19.15068332568" />
  <node id="6221" visible="true" version="1" lat="47.46699877858" lon="19.15068417139" />
  <node id="6222" visible="true" version="1" lat="47.46699850577" lon="19.15068501559" />
  <node id="6223" visible="true" version="1" lat="47.46699823089" lon="19.15068585836" />
  <node id="6224" visible="true" version="1" lat="47.46699795465" lon="19.15068669814" />
  <node id="6225" visible="true" version="1" lat="47.4669976765" lon="19.15068753634" />
  <node id="6226" visible="true" version="1" lat="47.46699739704" lon="19.15068837165" />
  <node id="6227" visible="true" version="1" lat="47.4669971161" lon="19.15068920444" />
  <node id="6228" visible="true" version="1" lat="47.46699683376" lon="19.15069003514" />
  <node id="6229" visible="true" version="1" lat="47.46699654961" lon="19.15069086442" />
  <node id="6230" visible="true" version="1" lat="47.46699626432" lon="19.15069169097" />
  <node id="6231" visible="true" version="1" lat="47.46699597703" lon="19.15069251701" />
  <node id="6232" visible="true" version="1" lat="47.46699568815" lon="19.15069334145" />
  <node id="6233" visible="true" version="1" lat="47.46699539724" lon="19.1506941653" />
  <node id="6234" visible="true" version="1" lat="47.46699510443" lon="19.1506949883" />
  <node id="6235" visible="true" version="1" lat="47.46699480946" lon="19.15069581069" />
  <node id="6236" visible="true" version="1" lat="47.46699451279" lon="19.15069663141" />
  <node id="6237" visible="true" version="1" lat="47.46699421373" lon="19.150697452" />
  <node id="6238" visible="true" version="1" lat="47.4669939127" lon="19.15069827133" />
  <node id="6239" visible="true" version="1" lat="47.46699360931" lon="19.15069909011" />
  <node id="6240" visible="true" version="1" lat="47.46699330362" lon="19.15069990818" />
  <node id="6241" visible="true" version="1" lat="47.46699299515" lon="19.15070072626" />
  <node id="6242" visible="true" version="1" lat="47.46699268433" lon="19.15070154327" />
  <node id="6243" visible="true" version="1" lat="47.46699237069" lon="19.15070235992" />
  <node id="6244" visible="true" version="1" lat="47.46699205464" lon="19.15070317522" />
  <node id="6245" visible="true" version="1" lat="47.46699173589" lon="19.15070398946" />
  <node id="6246" visible="true" version="1" lat="47.46699141557" lon="19.15070480004" />
  <node id="6247" visible="true" version="1" lat="47.46699109369" lon="19.150705607" />
  <node id="6248" visible="true" version="1" lat="47.46699077042" lon="19.1507064103" />
  <node id="6249" visible="true" version="1" lat="47.46699044529" lon="19.15070721104" />
  <node id="6250" visible="true" version="1" lat="47.4669901187" lon="19.15070800837" />
  <node id="6251" visible="true" version="1" lat="47.46698978984" lon="19.15070880426" />
  <node id="6252" visible="true" version="1" lat="47.46698945873" lon="19.15070959847" />
  <node id="6253" visible="true" version="1" lat="47.4669891257" lon="19.15071039019" />
  <node id="6254" visible="true" version="1" lat="47.46698879116" lon="19.15071117867" />
  <node id="6255" visible="true" version="1" lat="47.4669884546" lon="19.1507119652" />
  <node id="6256" visible="true" version="1" lat="47.46698811635" lon="19.15071274902" />
  <node id="6257" visible="true" version="1" lat="47.46698777579" lon="19.15071353167" />
  <node id="6258" visible="true" version="1" lat="47.46698743274" lon="19.15071431332" />
  <node id="6259" visible="true" version="1" lat="47.46698708712" lon="19.15071509397" />
  <node id="6260" visible="true" version="1" lat="47.4669867389" lon="19.15071587357" />
  <node id="6261" visible="true" version="1" lat="47.4669863877" lon="19.15071665259" />
  <node id="6262" visible="true" version="1" lat="47.46698603419" lon="19.15071742942" />
  <node id="6263" visible="true" version="1" lat="47.46698567809" lon="19.15071820465" />
  <node id="6264" visible="true" version="1" lat="47.46698531962" lon="19.15071897766" />
  <node id="6265" visible="true" version="1" lat="47.46698495895" lon="19.15071974803" />
  <node id="6266" visible="true" version="1" lat="47.4669845963" lon="19.15072051544" />
  <node id="6267" visible="true" version="1" lat="47.46698423145" lon="19.15072128028" />
  <node id="6268" visible="true" version="1" lat="47.46698386502" lon="19.15072204145" />
  <node id="6269" visible="true" version="1" lat="47.46698349659" lon="19.15072279991" />
  <node id="6270" visible="true" version="1" lat="47.46698312651" lon="19.15072355503" />
  <node id="6271" visible="true" version="1" lat="47.46698275457" lon="19.15072430739" />
  <node id="6272" visible="true" version="1" lat="47.46698238095" lon="19.15072505671" />
  <node id="6273" visible="true" version="1" lat="47.46698200522" lon="19.15072580392" />
  <node id="6274" visible="true" version="1" lat="47.46698162782" lon="19.15072654814" />
  <node id="6275" visible="true" version="1" lat="47.46698124833" lon="19.15072729036" />
  <node id="6276" visible="true" version="1" lat="47.46698086685" lon="19.15072803032" />
  <node id="6277" visible="true" version="1" lat="47.46698048315" lon="19.15072876851" />
  <node id="6278" visible="true" version="1" lat="47.46698009734" lon="19.15072950465" />
  <node id="6279" visible="true" version="1" lat="47.4669797086" lon="19.15073024029" />
  <node id="6280" visible="true" version="1" lat="47.46697931726" lon="19.15073097444" />
  <node id="6281" visible="true" version="1" lat="47.46697892286" lon="19.15073170801" />
  <node id="6282" visible="true" version="1" lat="47.46697852558" lon="19.15073244024" />
  <node id="6283" visible="true" version="1" lat="47.46697812549" lon="19.15073317103" />
  <node id="6284" visible="true" version="1" lat="47.4669777232" lon="19.15073389905" />
  <node id="6285" visible="true" version="1" lat="47.46697731854" lon="19.15073462489" />
  <node id="6286" visible="true" version="1" lat="47.46697691198" lon="19.1507353475" />
  <node id="6287" visible="true" version="1" lat="47.4669765033" lon="19.15073606764" />
  <node id="6288" visible="true" version="1" lat="47.46697609263" lon="19.15073678486" />
  <node id="6289" visible="true" version="1" lat="47.46697567966" lon="19.15073750003" />
  <node id="6290" visible="true" version="1" lat="47.46697526426" lon="19.15073821307" />
  <node id="6291" visible="true" version="1" lat="47.46697484614" lon="19.15073892462" />
  <node id="6292" visible="true" version="1" lat="47.46697442513" lon="19.15073963464" />
  <node id="6293" visible="true" version="1" lat="47.46697400081" lon="19.15074034378" />
  <node id="6294" visible="true" version="1" lat="47.4669735735" lon="19.15074105113" />
  <node id="6295" visible="true" version="1" lat="47.46697314313" lon="19.15074175686" />
  <node id="6296" visible="true" version="1" lat="47.46697270961" lon="19.15074246079" />
  <node id="6297" visible="true" version="1" lat="47.4669722734" lon="19.15074316211" />
  <node id="6298" visible="true" version="1" lat="47.46697183583" lon="19.1507438587" />
  <node id="6299" visible="true" version="1" lat="47.46697139692" lon="19.15074455099" />
  <node id="6300" visible="true" version="1" lat="47.46697095713" lon="19.15074523834" />
  <node id="6301" visible="true" version="1" lat="47.46697051725" lon="19.15074592003" />
  <node id="6302" visible="true" version="1" lat="47.46697007731" lon="19.15074659654" />
  <node id="6303" visible="true" version="1" lat="47.46696963599" lon="19.15074727023" />
  <node id="6304" visible="true" version="1" lat="47.46696919327" lon="19.15074794113" />
  <node id="6305" visible="true" version="1" lat="47.46696874852" lon="19.15074861034" />
  <node id="6306" visible="true" version="1" lat="47.46696830153" lon="19.150749278" />
  <node id="6307" visible="true" version="1" lat="47.46696785162" lon="19.15074994504" />
  <node id="6308" visible="true" version="1" lat="47.46696739901" lon="19.15075061081" />
  <node id="6309" visible="true" version="1" lat="47.46696694336" lon="19.15075127571" />
  <node id="6310" visible="true" version="1" lat="47.46696648536" lon="19.15075193843" />
  <node id="6311" visible="true" version="1" lat="47.46696602501" lon="19.15075259908" />
  <node id="6312" visible="true" version="1" lat="47.46696556227" lon="19.15075325754" />
  <node id="6313" visible="true" version="1" lat="47.46696509721" lon="19.15075391369" />
  <node id="6314" visible="true" version="1" lat="47.46696463037" lon="19.15075456677" />
  <node id="6315" visible="true" version="1" lat="47.46696416102" lon="19.15075521787" />
  <node id="6316" visible="true" version="1" lat="47.46696368959" lon="19.15075586618" />
  <node id="6317" visible="true" version="1" lat="47.46696321627" lon="19.15075651163" />
  <node id="6318" visible="true" version="1" lat="47.46696274122" lon="19.15075715395" />
  <node id="6319" visible="true" version="1" lat="47.46696226422" lon="19.15075779357" />
  <node id="6320" visible="true" version="1" lat="47.46696178572" lon="19.15075842986" />
  <node id="6321" visible="true" version="1" lat="47.46696130498" lon="19.15075906396" />
  <node id="6322" visible="true" version="1" lat="47.46696082233" lon="19.15075969527" />
  <node id="6323" visible="true" version="1" lat="47.46696033759" lon="19.15076032417" />
  <node id="6324" visible="true" version="1" lat="47.46695985075" lon="19.15076095054" />
  <node id="6325" visible="true" version="1" lat="47.46695936163" lon="19.15076157467" />
  <node id="6326" visible="true" version="1" lat="47.46695887052" lon="19.15076219607" />
  <node id="6327" visible="true" version="1" lat="47.46695837693" lon="19.15076281542" />
  <node id="6328" visible="true" version="1" lat="47.46695788092" lon="19.15076343245" />
  <node id="6329" visible="true" version="1" lat="47.46695738227" lon="19.1507640474" />
  <node id="6330" visible="true" version="1" lat="47.46695688091" lon="19.15076466021" />
  <node id="6331" visible="true" version="1" lat="47.46695637645" lon="19.15076527118" />
  <node id="6332" visible="true" version="1" lat="47.46695586972" lon="19.15076587913" />
  <node id="6333" visible="true" version="1" lat="47.4669553605" lon="19.1507664844" />
  <node id="6334" visible="true" version="1" lat="47.46695484974" lon="19.15076708569" />
  <node id="6335" visible="true" version="1" lat="47.46695433814" lon="19.15076768249" />
  <node id="6336" visible="true" version="1" lat="47.46695382683" lon="19.15076827371" />
  <node id="6337" visible="true" version="1" lat="47.46695330962" lon="19.150768867" />
  <node id="6338" visible="true" version="1" lat="47.46695269932" lon="19.15076955994" />
  <node id="6339" visible="true" version="1" lat="47.46695209368" lon="19.15077024334" />
  <node id="6340" visible="true" version="1" lat="47.46695148794" lon="19.1507709229" />
  <node id="6341" visible="true" version="1" lat="47.46695088172" lon="19.15077159936" />
  <node id="6342" visible="true" version="1" lat="47.46695027058" lon="19.15077227769" />
  <node id="6343" visible="true" version="1" lat="47.4669497523" lon="19.15077284829" />
  <node id="6344" visible="true" version="1" lat="47.46694923626" lon="19.15077341308" />
  <node id="6345" visible="true" version="1" lat="47.46694871711" lon="19.15077397739" />
  <node id="6346" visible="true" version="1" lat="47.46694819407" lon="19.15077454194" />
  <node id="6347" visible="true" version="1" lat="47.46694766681" lon="19.15077510634" />
  <node id="6348" visible="true" version="1" lat="47.46694713568" lon="19.15077566996" />
  <node id="6349" visible="true" version="1" lat="47.46694660135" lon="19.15077623159" />
  <node id="6350" visible="true" version="1" lat="47.4669460633" lon="19.15077679167" />
  <node id="6351" visible="true" version="1" lat="47.46694552225" lon="19.15077734895" />
  <node id="6352" visible="true" version="1" lat="47.46694497888" lon="19.1507779029" />
  <node id="6353" visible="true" version="1" lat="47.46694443337" lon="19.15077845308" />
  <node id="6354" visible="true" version="1" lat="47.466943886" lon="19.1507789994" />
  <node id="6355" visible="true" version="1" lat="47.46694333727" lon="19.1507795413" />
  <node id="6356" visible="true" version="1" lat="47.46694278671" lon="19.15078007951" />
  <node id="6357" visible="true" version="1" lat="47.46694223485" lon="19.15078061336" />
  <node id="6358" visible="true" version="1" lat="47.46694168135" lon="19.15078114356" />
  <node id="6359" visible="true" version="1" lat="47.4669411257" lon="19.15078167033" />
  <node id="6360" visible="true" version="1" lat="47.46694056826" lon="19.15078219353" />
  <node id="6361" visible="true" version="1" lat="47.46694000924" lon="19.1507827129" />
  <node id="6362" visible="true" version="1" lat="47.46693944811" lon="19.15078322908" />
  <node id="6363" visible="true" version="1" lat="47.46693888603" lon="19.15078374086" />
  <node id="6364" visible="true" version="1" lat="47.46693832259" lon="19.15078424904" />
  <node id="6365" visible="true" version="1" lat="47.46693775717" lon="19.15078475395" />
  <node id="6366" visible="true" version="1" lat="47.46693719049" lon="19.15078525512" />
  <node id="6367" visible="true" version="1" lat="47.46693662283" lon="19.15078575232" />
  <node id="6368" visible="true" version="1" lat="47.4669360532" lon="19.1507862466" />
  <node id="6369" visible="true" version="1" lat="47.46693548277" lon="19.15078673672" />
  <node id="6370" visible="true" version="1" lat="47.4669349112" lon="19.15078722345" />
  <node id="6371" visible="true" version="1" lat="47.46693433811" lon="19.15078770679" />
  <node id="6372" visible="true" version="1" lat="47.46693376323" lon="19.15078818729" />
  <node id="6373" visible="true" version="1" lat="47.46693318658" lon="19.15078866458" />
  <node id="6374" visible="true" version="1" lat="47.46693260785" lon="19.15078913917" />
  <node id="6375" visible="true" version="1" lat="47.46693202745" lon="19.15078961036" />
  <node id="6376" visible="true" version="1" lat="47.4669314447" lon="19.15079007901" />
  <node id="6377" visible="true" version="1" lat="47.46693085971" lon="19.1507905445" />
  <node id="6378" visible="true" version="1" lat="47.4669302725" lon="19.1507910071" />
  <node id="6379" visible="true" version="1" lat="47.46692968261" lon="19.15079146674" />
  <node id="6380" visible="true" version="1" lat="47.4669290901" lon="19.15079192348" />
  <node id="6381" visible="true" version="1" lat="47.46692849555" lon="19.15079237651" />
  <node id="6382" visible="true" version="1" lat="47.46692789869" lon="19.15079282625" />
  <node id="6383" visible="true" version="1" lat="47.46692729936" lon="19.15079327248" />
  <node id="6384" visible="true" version="1" lat="47.46692669762" lon="19.15079371523" />
  <node id="6385" visible="true" version="1" lat="47.4669260936" lon="19.15079415417" />
  <node id="6386" visible="true" version="1" lat="47.46692548676" lon="19.15079458977" />
  <node id="6387" visible="true" version="1" lat="47.46692487762" lon="19.15079502128" />
  <node id="6388" visible="true" version="1" lat="47.46692426633" lon="19.15079544883" />
  <node id="6389" visible="true" version="1" lat="47.46692365357" lon="19.15079587167" />
  <node id="6390" visible="true" version="1" lat="47.46692303944" lon="19.15079629008" />
  <node id="6391" visible="true" version="1" lat="47.46692242442" lon="19.15079670355" />
  <node id="6392" visible="true" version="1" lat="47.46692180846" lon="19.15079711256" />
  <node id="6393" visible="true" version="1" lat="47.46692119201" lon="19.15079751665" />
  <node id="6394" visible="true" version="1" lat="47.4669175049" lon="19.15077251507" />
  <node id="6395" visible="true" version="1" lat="47.46691824147" lon="19.1507722255" />
  <node id="6396" visible="true" version="1" lat="47.4669214727" lon="19.15077250768" />
  <node id="6397" visible="true" version="1" lat="47.46692631248" lon="19.15077573914" />
  <node id="6398" visible="true" version="1" lat="47.46692985974" lon="19.15078666647" />
  <node id="6399" visible="true" version="1" lat="47.466925458" lon="19.15079901252" />
  <node id="6400" visible="true" version="1" lat="47.46692120439" lon="19.15080198826" />
  <node id="6401" visible="true" version="1" lat="47.46691797709" lon="19.15080400553" />
  <node id="6402" visible="true" version="1" lat="47.46691468108" lon="19.15080592982" />
  <node id="6403" visible="true" version="1" lat="47.46691134018" lon="19.15080772302" />
  <node id="6404" visible="true" version="1" lat="47.46690796121" lon="19.15080940293" />
  <node id="6405" visible="true" version="1" lat="47.46690451474" lon="19.15081096019" />
  <node id="6406" visible="true" version="1" lat="47.4669009724" lon="19.15081238543" />
  <node id="6407" visible="true" version="1" lat="47.46689740182" lon="19.15081363015" />
  <node id="6408" visible="true" version="1" lat="47.46689381607" lon="19.15081473057" />
  <node id="6409" visible="true" version="1" lat="47.46689019082" lon="19.15081566196" />
  <node id="6410" visible="true" version="1" lat="47.46688664201" lon="19.15081642408" />
  <node id="6411" visible="true" version="1" lat="47.46688308998" lon="19.15081711854" />
  <node id="6412" visible="true" version="1" lat="47.46687946501" lon="19.15081768073" />
  <node id="6413" visible="true" version="1" lat="47.4668758162" lon="19.15081810581" />
  <node id="6414" visible="true" version="1" lat="47.46687217254" lon="19.1508183783" />
  <node id="6415" visible="true" version="1" lat="47.46686844091" lon="19.15081853906" />
  <node id="6416" visible="true" version="1" lat="47.4668646772" lon="19.15081845744" />
  <node id="6417" visible="true" version="1" lat="47.46686098086" lon="19.15081825143" />
  <node id="6418" visible="true" version="1" lat="47.4668572883" lon="19.15081789847" />
  <node id="6419" visible="true" version="1" lat="47.46685358484" lon="19.15081742634" />
  <node id="6420" visible="true" version="1" lat="47.46684985361" lon="19.1508167856" />
  <node id="6421" visible="true" version="1" lat="47.46684613406" lon="19.15081599371" />
  <node id="6422" visible="true" version="1" lat="47.4668424719" lon="19.15081507915" />
  <node id="6423" visible="true" version="1" lat="47.46683881103" lon="19.150814052" />
  <node id="6424" visible="true" version="1" lat="47.46683516448" lon="19.15081289755" />
  <node id="6425" visible="true" version="1" lat="47.46683152623" lon="19.15081162512" />
  <node id="6426" visible="true" version="1" lat="47.46682792492" lon="19.15081024481" />
  <node id="6427" visible="true" version="1" lat="47.46682433703" lon="19.15080876817" />
  <node id="6428" visible="true" version="1" lat="47.4668207569" lon="19.15080717379" />
  <node id="6429" visible="true" version="1" lat="47.46681722431" lon="19.15080550092" />
  <node id="6430" visible="true" version="1" lat="47.46681374136" lon="19.15080377081" />
  <node id="6431" visible="true" version="1" lat="47.46681028436" lon="19.15080199484" />
  <node id="6432" visible="true" version="1" lat="47.46680680318" lon="19.15080012002" />
  <node id="6433" visible="true" version="1" lat="47.46680334252" lon="19.15079815916" />
  <node id="6434" visible="true" version="1" lat="47.46679989666" lon="19.15079611599" />
  <node id="6435" visible="true" version="1" lat="47.466796479" lon="19.15079399437" />
  <node id="6436" visible="true" version="1" lat="47.46679308453" lon="19.15079180853" />
  <node id="6437" visible="true" version="1" lat="47.46678968078" lon="19.15078953628" />
  <node id="6438" visible="true" version="1" lat="47.46678631602" lon="19.15078717602" />
  <node id="6439" visible="true" version="1" lat="47.46678300253" lon="19.15078480052" />
  <node id="6440" visible="true" version="1" lat="47.46677971328" lon="19.15078238811" />
  <node id="6441" visible="true" version="1" lat="47.46677644717" lon="19.15077996343" />
  <node id="6442" visible="true" version="1" lat="47.46677323306" lon="19.15077754883" />
  <node id="6443" visible="true" version="1" lat="47.46677003673" lon="19.15077518389" />
  <node id="6444" visible="true" version="1" lat="47.46676680953" lon="19.15077277849" />
  <node id="6445" visible="true" version="1" lat="47.46676358262" lon="19.15077036042" />
  <node id="6446" visible="true" version="1" lat="47.46676034072" lon="19.15076791208" />
  <node id="6447" visible="true" version="1" lat="47.4667571054" lon="19.15076542481" />
  <node id="6448" visible="true" version="1" lat="47.46675388872" lon="19.15076292267" />
  <node id="6449" visible="true" version="1" lat="47.46675067271" lon="19.15076040635" />
  <node id="6450" visible="true" version="1" lat="47.46674745551" lon="19.15075786724" />
  <node id="6451" visible="true" version="1" lat="47.46674424045" lon="19.15075528896" />
  <node id="6452" visible="true" version="1" lat="47.46674104952" lon="19.15075273356" />
  <node id="6453" visible="true" version="1" lat="47.46673785234" lon="19.15075016846" />
  <node id="6454" visible="true" version="1" lat="47.46673465921" lon="19.15074759003" />
  <node id="6455" visible="true" version="1" lat="47.46673147901" lon="19.15074501608" />
  <node id="6456" visible="true" version="1" lat="47.46672831722" lon="19.15074246216" />
  <node id="6457" visible="true" version="1" lat="47.46672513953" lon="19.15073989351" />
  <node id="6458" visible="true" version="1" lat="47.46672196734" lon="19.15073731826" />
  <node id="6459" visible="true" version="1" lat="47.46671879519" lon="19.15073474465" />
  <node id="6460" visible="true" version="1" lat="47.46671563161" lon="19.15073216389" />
  <node id="6461" visible="true" version="1" lat="47.46671246457" lon="19.15072959683" />
  <node id="6462" visible="true" version="1" lat="47.46670928492" lon="19.15072701492" />
  <node id="6463" visible="true" version="1" lat="47.46670609594" lon="19.15072443453" />
  <node id="6464" visible="true" version="1" lat="47.46670292054" lon="19.15072184956" />
  <node id="6465" visible="true" version="1" lat="47.46669975199" lon="19.15071928477" />
  <node id="6466" visible="true" version="1" lat="47.46669659154" lon="19.15071671373" />
  <node id="6467" visible="true" version="1" lat="47.4666934633" lon="19.15071418032" />
  <node id="6468" visible="true" version="1" lat="47.46669032131" lon="19.15071164156" />
  <node id="6469" visible="true" version="1" lat="47.46668717381" lon="19.15070910248" />
  <node id="6470" visible="true" version="1" lat="47.46668403336" lon="19.15070656967" />
  <node id="6471" visible="true" version="1" lat="47.46668087778" lon="19.15070403672" />
  <node id="6472" visible="true" version="1" lat="47.46667771027" lon="19.15070147394" />
  <node id="6473" visible="true" version="1" lat="47.46667456539" lon="19.15069893261" />
  <node id="6474" visible="true" version="1" lat="47.46667142936" lon="19.15069640195" />
  <node id="6475" visible="true" version="1" lat="47.46666829126" lon="19.15069387482" />
  <node id="6476" visible="true" version="1" lat="47.46666516238" lon="19.15069134889" />
  <node id="6477" visible="true" version="1" lat="47.46666203505" lon="19.15068882006" />
  <node id="6478" visible="true" version="1" lat="47.46665891515" lon="19.15068629817" />
  <node id="6479" visible="true" version="1" lat="47.46665579134" lon="19.15068377057" />
  <node id="6480" visible="true" version="1" lat="47.46665265284" lon="19.15068122272" />
  <node id="6481" visible="true" version="1" lat="47.46664954627" lon="19.15067869639" />
  <node id="6482" visible="true" version="1" lat="47.46664644645" lon="19.15067617729" />
  <node id="6483" visible="true" version="1" lat="47.46664335604" lon="19.15067365915" />
  <node id="6484" visible="true" version="1" lat="47.46664027527" lon="19.15067115126" />
  <node id="6485" visible="true" version="1" lat="47.4666372061" lon="19.15066865203" />
  <node id="6486" visible="true" version="1" lat="47.46663411923" lon="19.15066613298" />
  <node id="6487" visible="true" version="1" lat="47.46663103602" lon="19.15066361438" />
  <node id="6488" visible="true" version="1" lat="47.46662794963" lon="19.15066108328" />
  <node id="6489" visible="true" version="1" lat="47.46662487391" lon="19.15065855588" />
  <node id="6490" visible="true" version="1" lat="47.46662179786" lon="19.15065602828" />
  <node id="6491" visible="true" version="1" lat="47.4666187331" lon="19.15065350925" />
  <node id="6492" visible="true" version="1" lat="47.46661565589" lon="19.15065098564" />
  <node id="6493" visible="true" version="1" lat="47.46661258796" lon="19.15064845596" />
  <node id="6494" visible="true" version="1" lat="47.46660952829" lon="19.15064592623" />
  <node id="6495" visible="true" version="1" lat="47.46660647959" lon="19.15064339932" />
  <node id="6496" visible="true" version="1" lat="47.46660342641" lon="19.15064087027" />
  <node id="6497" visible="true" version="1" lat="47.46660039213" lon="19.1506383499" />
  <node id="6498" visible="true" version="1" lat="47.46659735393" lon="19.15063584137" />
  <node id="6499" visible="true" version="1" lat="47.46659430321" lon="19.15063332336" />
  <node id="6500" visible="true" version="1" lat="47.46659125444" lon="19.1506308047" />
  <node id="6501" visible="true" version="1" lat="47.46658822553" lon="19.15062829012" />
  <node id="6502" visible="true" version="1" lat="47.46658520224" lon="19.15062577903" />
  <node id="6503" visible="true" version="1" lat="47.4665821876" lon="19.15062327215" />
  <node id="6504" visible="true" version="1" lat="47.4665791729" lon="19.15062076911" />
  <node id="6505" visible="true" version="1" lat="47.46657617122" lon="19.15061826853" />
  <node id="6506" visible="true" version="1" lat="47.46657315007" lon="19.15061576015" />
  <node id="6507" visible="true" version="1" lat="47.46657013911" lon="19.15061324929" />
  <node id="6508" visible="true" version="1" lat="47.46656713632" lon="19.1506107385" />
  <node id="6509" visible="true" version="1" lat="47.46656412616" lon="19.15060822259" />
  <node id="6510" visible="true" version="1" lat="47.4665610907" lon="19.15060568257" />
  <node id="6511" visible="true" version="1" lat="47.4665580703" lon="19.15060314713" />
  <node id="6512" visible="true" version="1" lat="47.46655503647" lon="19.15060060701" />
  <node id="6513" visible="true" version="1" lat="47.46655199053" lon="19.15059804376" />
  <node id="6514" visible="true" version="1" lat="47.46654896157" lon="19.15059548733" />
  <node id="6515" visible="true" version="1" lat="47.46654594241" lon="19.15059294085" />
  <node id="6516" visible="true" version="1" lat="47.46654292135" lon="19.15059038965" />
  <node id="6517" visible="true" version="1" lat="47.46653989554" lon="19.15058783225" />
  <node id="6518" visible="true" version="1" lat="47.46653686951" lon="19.15058527271" />
  <node id="6519" visible="true" version="1" lat="47.46653384305" lon="19.15058270659" />
  <node id="6520" visible="true" version="1" lat="47.46653081829" lon="19.15058013867" />
  <node id="6521" visible="true" version="1" lat="47.46652775709" lon="19.15057752752" />
  <node id="6522" visible="true" version="1" lat="47.46652470127" lon="19.1505749224" />
  <node id="6523" visible="true" version="1" lat="47.46652164201" lon="19.15057232479" />
  <node id="6524" visible="true" version="1" lat="47.46651857596" lon="19.15056972576" />
  <node id="6525" visible="true" version="1" lat="47.46651550665" lon="19.15056712856" />
  <node id="6526" visible="true" version="1" lat="47.46651245913" lon="19.15056456855" />
  <node id="6527" visible="true" version="1" lat="47.46650939486" lon="19.15056199626" />
  <node id="6528" visible="true" version="1" lat="47.46650632181" lon="19.15055941387" />
  <node id="6529" visible="true" version="1" lat="47.46650323606" lon="19.15055682601" />
  <node id="6530" visible="true" version="1" lat="47.46650013267" lon="19.15055421709" />
  <node id="6531" visible="true" version="1" lat="47.46649701325" lon="19.15055158194" />
  <node id="6532" visible="true" version="1" lat="47.46649393836" lon="19.15054897107" />
  <node id="6533" visible="true" version="1" lat="47.46649084492" lon="19.15054633386" />
  <node id="6534" visible="true" version="1" lat="47.46648774389" lon="19.15054365887" />
  <node id="6535" visible="true" version="1" lat="47.46648463017" lon="19.15054095919" />
  <node id="6536" visible="true" version="1" lat="47.46648151051" lon="19.15053821376" />
  <node id="6537" visible="true" version="1" lat="47.46647831752" lon="19.15053535753" />
  <node id="6538" visible="true" version="1" lat="47.46647510507" lon="19.15053240541" />
  <node id="6539" visible="true" version="1" lat="47.46647189011" lon="19.15052935261" />
  <node id="6540" visible="true" version="1" lat="47.46646869005" lon="19.15052618442" />
  <node id="6541" visible="true" version="1" lat="47.46646551056" lon="19.15052291183" />
  <node id="6542" visible="true" version="1" lat="47.46646236133" lon="19.15051952624" />
  <node id="6543" visible="true" version="1" lat="47.46645926451" lon="19.15051606884" />
  <node id="6544" visible="true" version="1" lat="47.4664562019" lon="19.15051252876" />
  <node id="6545" visible="true" version="1" lat="47.46645316695" lon="19.1505089001" />
  <node id="6546" visible="true" version="1" lat="47.46645015822" lon="19.15050517019" />
  <node id="6547" visible="true" version="1" lat="47.46644719515" lon="19.15050134963" />
  <node id="6548" visible="true" version="1" lat="47.46644427064" lon="19.15049741407" />
  <node id="6549" visible="true" version="1" lat="47.46644138676" lon="19.15049335735" />
  <node id="6550" visible="true" version="1" lat="47.4664385691" lon="19.15048919158" />
  <node id="6551" visible="true" version="1" lat="47.46643581172" lon="19.15048493088" />
  <node id="6552" visible="true" version="1" lat="47.4664331065" lon="19.15048053798" />
  <node id="6553" visible="true" version="1" lat="47.46643046341" lon="19.15047602367" />
  <node id="6554" visible="true" version="1" lat="47.46642789838" lon="19.1504714048" />
  <node id="6555" visible="true" version="1" lat="47.46642540574" lon="19.15046667818" />
  <node id="6556" visible="true" version="1" lat="47.4664229763" lon="19.15046180974" />
  <node id="6557" visible="true" version="1" lat="47.4664206352" lon="19.15045682599" />
  <node id="6558" visible="true" version="1" lat="47.46641838715" lon="19.15045173639" />
  <node id="6559" visible="true" version="1" lat="47.46641622398" lon="19.15044651995" />
  <node id="6560" visible="true" version="1" lat="47.46641415121" lon="19.15044116479" />
  <node id="6561" visible="true" version="1" lat="47.46641219339" lon="19.15043571089" />
  <node id="6562" visible="true" version="1" lat="47.46641034198" lon="19.15043016758" />
  <node id="6563" visible="true" version="1" lat="47.46640859407" lon="19.15042453307" />
  <node id="6564" visible="true" version="1" lat="47.46640694966" lon="19.15041879133" />
  <node id="6565" visible="true" version="1" lat="47.46640542909" lon="19.15041298133" />
  <node id="6566" visible="true" version="1" lat="47.46640402074" lon="19.15040711427" />
  <node id="6567" visible="true" version="1" lat="47.46640271515" lon="19.15040116273" />
  <node id="6568" visible="true" version="1" lat="47.4664015341" lon="19.15039513381" />
  <node id="6569" visible="true" version="1" lat="47.46640047878" lon="19.15038908533" />
  <node id="6570" visible="true" version="1" lat="47.46639953043" lon="19.15038299547" />
  <node id="6571" visible="true" version="1" lat="47.46639869312" lon="19.15037684685" />
  <node id="6572" visible="true" version="1" lat="47.46639797793" lon="19.15037067262" />
  <node id="6573" visible="true" version="1" lat="47.46639737608" lon="19.15036447533" />
  <node id="6574" visible="true" version="1" lat="47.46639689505" lon="19.15035826512" />
  <node id="6575" visible="true" version="1" lat="47.46639653056" lon="19.15035203113" />
  <node id="6576" visible="true" version="1" lat="47.46639629691" lon="19.15034578276" />
  <node id="6577" visible="true" version="1" lat="47.46639619153" lon="19.15033955237" />
  <node id="6578" visible="true" version="1" lat="47.4663962118" lon="19.1503333443" />
  <node id="6579" visible="true" version="1" lat="47.46639635" lon="19.15032715895" />
  <node id="6580" visible="true" version="1" lat="47.46639660925" lon="19.1503209984" />
  <node id="6581" visible="true" version="1" lat="47.46639698349" lon="19.15031489964" />
  <node id="6582" visible="true" version="1" lat="47.46639745979" lon="19.15030884914" />
  <node id="6583" visible="true" version="1" lat="47.4663980378" lon="19.15030283717" />
  <node id="6584" visible="true" version="1" lat="47.46639871945" lon="19.15029687064" />
  <node id="6585" visible="true" version="1" lat="47.46639949182" lon="19.15029097344" />
  <node id="6586" visible="true" version="1" lat="47.46640035098" lon="19.15028510826" />
  <node id="6587" visible="true" version="1" lat="47.46640130736" lon="19.15027929005" />
  <node id="6588" visible="true" version="1" lat="47.46640234933" lon="19.1502735182" />
  <node id="6589" visible="true" version="1" lat="47.46640348922" lon="19.15026778055" />
  <node id="6590" visible="true" version="1" lat="47.46640472263" lon="19.15026209561" />
  <node id="6591" visible="true" version="1" lat="47.46640605375" lon="19.15025647404" />
  <node id="6592" visible="true" version="1" lat="47.46640745903" lon="19.15025093863" />
  <node id="6593" visible="true" version="1" lat="47.4664089437" lon="19.15024547216" />
  <node id="6594" visible="true" version="1" lat="47.46641050644" lon="19.15024007817" />
  <node id="6595" visible="true" version="1" lat="47.46641214567" lon="19.1502347678" />
  <node id="6596" visible="true" version="1" lat="47.46641385167" lon="19.15022953818" />
  <node id="6597" visible="true" version="1" lat="47.46641564085" lon="19.15022437281" />
  <node id="6598" visible="true" version="1" lat="47.46641749794" lon="19.15021931357" />
  <node id="6599" visible="true" version="1" lat="47.46641941428" lon="19.15021433223" />
  <node id="6600" visible="true" version="1" lat="47.46642141443" lon="19.1502094024" />
  <node id="6601" visible="true" version="1" lat="47.46642348459" lon="19.15020458112" />
  <node id="6602" visible="true" version="1" lat="47.46642561146" lon="19.15019985652" />
  <node id="6603" visible="true" version="1" lat="47.4664278079" lon="19.15019521151" />
  <node id="6604" visible="true" version="1" lat="47.46643006609" lon="19.15019066606" />
  <node id="6605" visible="true" version="1" lat="47.46643237256" lon="19.1501862325" />
  <node id="6606" visible="true" version="1" lat="47.46643473078" lon="19.15018187754" />
  <node id="6607" visible="true" version="1" lat="47.46643714892" lon="19.15017761569" />
  <node id="6608" visible="true" version="1" lat="47.46643961883" lon="19.15017344441" />
  <node id="6609" visible="true" version="1" lat="47.46644214581" lon="19.15016936987" />
  <node id="6610" visible="true" version="1" lat="47.46644471033" lon="19.15016541293" />
  <node id="6611" visible="true" version="1" lat="47.46644732088" lon="19.15016153118" />
  <node id="6612" visible="true" version="1" lat="47.46644998147" lon="19.15015773262" />
  <node id="6613" visible="true" version="1" lat="47.4664526795" lon="19.15015403462" />
  <node id="6614" visible="true" version="1" lat="47.46645540864" lon="19.15015043224" />
  <node id="6615" visible="true" version="1" lat="47.46645819616" lon="19.15014689139" />
  <node id="6616" visible="true" version="1" lat="47.46646104413" lon="19.15014347085" />
  <node id="6617" visible="true" version="1" lat="47.466463923" lon="19.15014017192" />
  <node id="6618" visible="true" version="1" lat="47.46646684373" lon="19.15013699039" />
  <node id="6619" visible="true" version="1" lat="47.4664697925" lon="19.15013392933" />
  <node id="6620" visible="true" version="1" lat="47.46647275454" lon="19.15013100192" />
  <node id="6621" visible="true" version="1" lat="47.46647570721" lon="19.15012818634" />
  <node id="6622" visible="true" version="1" lat="47.46647870091" lon="19.15012545143" />
  <node id="6623" visible="true" version="1" lat="47.46648173406" lon="19.15012280801" />
  <node id="6624" visible="true" version="1" lat="47.46648480137" lon="19.15012027144" />
  <node id="6625" visible="true" version="1" lat="47.46648790327" lon="19.15011784354" />
  <node id="6626" visible="true" version="1" lat="47.46649105884" lon="19.15011552137" />
  <node id="6627" visible="true" version="1" lat="47.46649423577" lon="19.1501133304" />
  <node id="6628" visible="true" version="1" lat="47.46649743113" lon="19.15011126167" />
  <node id="6629" visible="true" version="1" lat="47.46650065345" lon="19.15010931308" />
  <node id="6630" visible="true" version="1" lat="47.46650390143" lon="19.15010748213" />
  <node id="6631" visible="true" version="1" lat="47.46650721268" lon="19.15010576232" />
  <node id="6632" visible="true" version="1" lat="47.46651055783" lon="19.15010421695" />
  <node id="6633" visible="true" version="1" lat="47.46651387112" lon="19.15010282463" />
  <node id="6634" visible="true" version="1" lat="47.46651719834" lon="19.1501015537" />
  <node id="6635" visible="true" version="1" lat="47.46652055162" lon="19.15010041025" />
  <node id="6636" visible="true" version="1" lat="47.46652387046" lon="19.15009941164" />
  <node id="6637" visible="true" version="1" lat="47.46652718693" lon="19.15009849197" />
  <node id="6638" visible="true" version="1" lat="47.46653054333" lon="19.15009769662" />
  <node id="6639" visible="true" version="1" lat="47.46653389988" lon="19.15009703252" />
  <node id="6640" visible="true" version="1" lat="47.46653726918" lon="19.15009649323" />
  <node id="6641" visible="true" version="1" lat="47.46654059821" lon="19.15009609231" />
  <node id="6642" visible="true" version="1" lat="47.46654391269" lon="19.15009578884" />
  <node id="6643" visible="true" version="1" lat="47.46654724688" lon="19.15009561141" />
  <node id="6644" visible="true" version="1" lat="47.46655057445" lon="19.15009555589" />
  <node id="6645" visible="true" version="1" lat="47.46655388402" lon="19.15009562424" />
  <node id="6646" visible="true" version="1" lat="47.46655722577" lon="19.15009581573" />
  <node id="6647" visible="true" version="1" lat="47.46656057532" lon="19.15009617422" />
  <node id="6648" visible="true" version="1" lat="47.46656389176" lon="19.15009666481" />
  <node id="6649" visible="true" version="1" lat="47.46656718633" lon="19.15009729525" />
  <node id="6650" visible="true" version="1" lat="47.46657047287" lon="19.15009806114" />
  <node id="6651" visible="true" version="1" lat="47.46657370029" lon="19.15009897383" />
  <node id="6652" visible="true" version="1" lat="47.46657684982" lon="19.15009995679" />
  <node id="6653" visible="true" version="1" lat="47.46657997152" lon="19.15010102454" />
  <node id="6654" visible="true" version="1" lat="47.46658308018" lon="19.15010217872" />
  <node id="6655" visible="true" version="1" lat="47.46658615372" lon="19.15010342003" />
  <node id="6656" visible="true" version="1" lat="47.46658922279" lon="19.15010473434" />
  <node id="6657" visible="true" version="1" lat="47.46659227288" lon="19.15010617119" />
  <node id="6658" visible="true" version="1" lat="47.46659527568" lon="19.15010768109" />
  <node id="6659" visible="true" version="1" lat="47.46659826956" lon="19.15010927493" />
  <node id="6660" visible="true" version="1" lat="47.46660121871" lon="19.15011093642" />
  <node id="6661" visible="true" version="1" lat="47.46660413984" lon="19.15011263601" />
  <node id="6662" visible="true" version="1" lat="47.46660706524" lon="19.15011440839" />
  <node id="6663" visible="true" version="1" lat="47.46660998139" lon="19.15011625225" />
  <node id="6664" visible="true" version="1" lat="47.46661285842" lon="19.15011814665" />
  <node id="6665" visible="true" version="1" lat="47.46661572868" lon="19.15012009097" />
  <node id="6666" visible="true" version="1" lat="47.46661856345" lon="19.15012208975" />
  <node id="6667" visible="true" version="1" lat="47.46662138399" lon="19.15012409258" />
  <node id="6668" visible="true" version="1" lat="47.46662421995" lon="19.15012615525" />
  <node id="6669" visible="true" version="1" lat="47.46662703662" lon="19.15012825038" />
  <node id="6670" visible="true" version="1" lat="47.46662983743" lon="19.15013035814" />
  <node id="6671" visible="true" version="1" lat="47.46663266444" lon="19.15013251335" />
  <node id="6672" visible="true" version="1" lat="47.46663545418" lon="19.15013470524" />
  <node id="6673" visible="true" version="1" lat="47.46663822172" lon="19.150136872" />
  <node id="6674" visible="true" version="1" lat="47.46664100064" lon="19.15013906972" />
  <node id="6675" visible="true" version="1" lat="47.46664376751" lon="19.1501412746" />
  <node id="6676" visible="true" version="1" lat="47.46664651545" lon="19.15014346942" />
  <node id="6677" visible="true" version="1" lat="47.46664928184" lon="19.15014566115" />
  <node id="6678" visible="true" version="1" lat="47.46665206663" lon="19.15014789179" />
  <node id="6679" visible="true" version="1" lat="47.46665483959" lon="19.15015011893" />
  <node id="6680" visible="true" version="1" lat="47.4666576055" lon="19.15015234356" />
  <node id="6681" visible="true" version="1" lat="47.46666038971" lon="19.15015457511" />
  <node id="6682" visible="true" version="1" lat="47.46666317784" lon="19.15015682729" />
  <node id="6683" visible="true" version="1" lat="47.46666594936" lon="19.15015906149" />
  <node id="6684" visible="true" version="1" lat="47.46666873016" lon="19.15016129634" />
  <node id="6685" visible="true" version="1" lat="47.46667152722" lon="19.1501635507" />
  <node id="6686" visible="true" version="1" lat="47.4666743168" lon="19.15016580457" />
  <node id="6687" visible="true" version="1" lat="47.46667709766" lon="19.15016805463" />
  <node id="6688" visible="true" version="1" lat="47.46667988947" lon="19.15017030637" />
  <node id="6689" visible="true" version="1" lat="47.46668269678" lon="19.15017256882" />
  <node id="6690" visible="true" version="1" lat="47.46668550148" lon="19.15017483516" />
  <node id="6691" visible="true" version="1" lat="47.46668830789" lon="19.15017709843" />
  <node id="6692" visible="true" version="1" lat="47.46669112856" lon="19.15017936651" />
  <node id="6693" visible="true" version="1" lat="47.46669395153" lon="19.15018164931" />
  <node id="6694" visible="true" version="1" lat="47.46669710956" lon="19.15018421632" />
  <node id="6695" visible="true" version="1" lat="47.466701875" lon="19.15018873157" />
  <node id="6696" visible="true" version="1" lat="47.46670602713" lon="19.15019273597" />
  <node id="6697" visible="true" version="1" lat="47.46670974776" lon="19.15019640007" />
  <node id="6698" visible="true" version="1" lat="47.46671303376" lon="19.15019971467" />
  <node id="6699" visible="true" version="1" lat="47.46671569449" lon="19.15020249001" />
  <node id="6700" visible="true" version="1" lat="47.46671551508" lon="19.15020227377" />
  <node id="6701" visible="true" version="1" lat="47.46671609007" lon="19.15020273507" />
  <node id="6702" visible="true" version="1" lat="47.46671666562" lon="19.15020319728" />
  <node id="6703" visible="true" version="1" lat="47.46671724121" lon="19.15020365965" />
  <node id="6704" visible="true" version="1" lat="47.46671781694" lon="19.15020412257" />
  <node id="6705" visible="true" version="1" lat="47.4667183926" lon="19.15020458552" />
  <node id="6706" visible="true" version="1" lat="47.46671896804" lon="19.15020504868" />
  <node id="6707" visible="true" version="1" lat="47.46671954307" lon="19.15020551144" />
  <node id="6708" visible="true" version="1" lat="47.46672011805" lon="19.15020597439" />
  <node id="6709" visible="true" version="1" lat="47.46672069288" lon="19.15020643705" />
  <node id="6710" visible="true" version="1" lat="47.46672126761" lon="19.15020689976" />
  <node id="6711" visible="true" version="1" lat="47.46672184238" lon="19.15020736223" />
  <node id="6712" visible="true" version="1" lat="47.46672241746" lon="19.15020782507" />
  <node id="6713" visible="true" version="1" lat="47.46672299195" lon="19.15020828721" />
  <node id="6714" visible="true" version="1" lat="47.46672356641" lon="19.1502087493" />
  <node id="6715" visible="true" version="1" lat="47.46672414078" lon="19.15020921105" />
  <node id="6716" visible="true" version="1" lat="47.46672471463" lon="19.15020967243" />
  <node id="6717" visible="true" version="1" lat="47.46672528806" lon="19.15021013313" />
  <node id="6718" visible="true" version="1" lat="47.46672586178" lon="19.15021059412" />
  <node id="6719" visible="true" version="1" lat="47.46672643468" lon="19.15021105433" />
  <node id="6720" visible="true" version="1" lat="47.46672700692" lon="19.15021151408" />
  <node id="6721" visible="true" version="1" lat="47.4667275784" lon="19.1502119731" />
  <node id="6722" visible="true" version="1" lat="47.46672814876" lon="19.15021243137" />
  <node id="6723" visible="true" version="1" lat="47.46672871774" lon="19.15021288838" />
  <node id="6724" visible="true" version="1" lat="47.4667292855" lon="19.15021334452" />
  <node id="6725" visible="true" version="1" lat="47.46672985137" lon="19.15021379895" />
  <node id="6726" visible="true" version="1" lat="47.46673041569" lon="19.15021425212" />
  <node id="6727" visible="true" version="1" lat="47.4667309783" lon="19.15021470365" />
  <node id="6728" visible="true" version="1" lat="47.46673153904" lon="19.15021515357" />
  <node id="6729" visible="true" version="1" lat="47.46673209836" lon="19.15021560192" />
  <node id="6730" visible="true" version="1" lat="47.46673265667" lon="19.15021604938" />
  <node id="6731" visible="true" version="1" lat="47.46673321354" lon="19.15021649533" />
  <node id="6732" visible="true" version="1" lat="47.46673376961" lon="19.15021694055" />
  <node id="6733" visible="true" version="1" lat="47.46673432457" lon="19.15021738468" />
  <node id="6734" visible="true" version="1" lat="47.46673487856" lon="19.15021782809" />
  <node id="6735" visible="true" version="1" lat="47.46673543172" lon="19.15021827073" />
  <node id="6736" visible="true" version="1" lat="47.46673598373" lon="19.15021871273" />
  <node id="6737" visible="true" version="1" lat="47.46673653445" lon="19.1502191537" />
  <node id="6738" visible="true" version="1" lat="47.46673708418" lon="19.15021959426" />
  <node id="6739" visible="true" version="1" lat="47.46673763182" lon="19.15022003328" />
  <node id="6740" visible="true" version="1" lat="47.46673817746" lon="19.15022047099" />
  <node id="6741" visible="true" version="1" lat="47.46673872139" lon="19.15022090734" />
  <node id="6742" visible="true" version="1" lat="47.46673926326" lon="19.15022134233" />
  <node id="6743" visible="true" version="1" lat="47.46673980301" lon="19.15022177549" />
  <node id="6744" visible="true" version="1" lat="47.46674034201" lon="19.15022220823" />
  <node id="6745" visible="true" version="1" lat="47.46674087989" lon="19.15022264012" />
  <node id="6746" visible="true" version="1" lat="47.46674141612" lon="19.15022307096" />
  <node id="6747" visible="true" version="1" lat="47.46674195081" lon="19.15022350057" />
  <node id="6748" visible="true" version="1" lat="47.46674248389" lon="19.15022392917" />
  <node id="6749" visible="true" version="1" lat="47.46674301448" lon="19.15022435575" />
  <node id="6750" visible="true" version="1" lat="47.46674354273" lon="19.15022478054" />
  <node id="6751" visible="true" version="1" lat="47.46674406879" lon="19.15022520345" />
  <node id="6752" visible="true" version="1" lat="47.46674459245" lon="19.1502256245" />
  <node id="6753" visible="true" version="1" lat="47.46674511375" lon="19.15022604344" />
  <node id="6754" visible="true" version="1" lat="47.46674563253" lon="19.15022646036" />
  <node id="6755" visible="true" version="1" lat="47.46674614862" lon="19.15022687481" />
  <node id="6756" visible="true" version="1" lat="47.46674666248" lon="19.15022728734" />
  <node id="6757" visible="true" version="1" lat="47.46674717406" lon="19.1502276977" />
  <node id="6758" visible="true" version="1" lat="47.46674768348" lon="19.15022810619" />
  <node id="6759" visible="true" version="1" lat="47.46674819089" lon="19.15022851268" />
  <node id="6760" visible="true" version="1" lat="47.46674869638" lon="19.15022891753" />
  <node id="6761" visible="true" version="1" lat="47.46674919998" lon="19.15022932057" />
  <node id="6762" visible="true" version="1" lat="47.46674970167" lon="19.15022972203" />
  <node id="6763" visible="true" version="1" lat="47.46675020135" lon="19.15023012165" />
  <node id="6764" visible="true" version="1" lat="47.4667506991" lon="19.15023051974" />
  <node id="6765" visible="true" version="1" lat="47.46675119495" lon="19.15023091612" />
  <node id="6766" visible="true" version="1" lat="47.46675168871" lon="19.15023131096" />
  <node id="6767" visible="true" version="1" lat="47.46675218062" lon="19.15023170418" />
  <node id="6768" visible="true" version="1" lat="47.46675267059" lon="19.15023209607" />
  <node id="6769" visible="true" version="1" lat="47.46675315854" lon="19.15023248628" />
  <node id="6770" visible="true" version="1" lat="47.46675364436" lon="19.15023287509" />
  <node id="6771" visible="true" version="1" lat="47.46675412804" lon="19.15023326217" />
  <node id="6772" visible="true" version="1" lat="47.46675460928" lon="19.15023364766" />
  <node id="6773" visible="true" version="1" lat="47.46675508773" lon="19.15023403087" />
  <node id="6774" visible="true" version="1" lat="47.46675556351" lon="19.1502344122" />
  <node id="6775" visible="true" version="1" lat="47.46675603629" lon="19.15023479105" />
  <node id="6776" visible="true" version="1" lat="47.46675650613" lon="19.15023516767" />
  <node id="6777" visible="true" version="1" lat="47.46675697294" lon="19.15023554164" />
  <node id="6778" visible="true" version="1" lat="47.46675743733" lon="19.1502359137" />
  <node id="6779" visible="true" version="1" lat="47.4667578992" lon="19.15023628351" />
  <node id="6780" visible="true" version="1" lat="47.46675835888" lon="19.15023665158" />
  <node id="6781" visible="true" version="1" lat="47.46675881632" lon="19.15023701768" />
  <node id="6782" visible="true" version="1" lat="47.46675927162" lon="19.15023738213" />
  <node id="6783" visible="true" version="1" lat="47.46675972449" lon="19.15023774453" />
  <node id="6784" visible="true" version="1" lat="47.46676017453" lon="19.15023810474" />
  <node id="6785" visible="true" version="1" lat="47.46676062158" lon="19.15023846239" />
  <node id="6786" visible="true" version="1" lat="47.4667610656" lon="19.15023881759" />
  <node id="6787" visible="true" version="1" lat="47.46676150669" lon="19.15023917015" />
  <node id="6788" visible="true" version="1" lat="47.46676194503" lon="19.15023952042" />
  <node id="6789" visible="true" version="1" lat="47.46676238079" lon="19.15023986829" />
  <node id="6790" visible="true" version="1" lat="47.46676281425" lon="19.15024021425" />
  <node id="6791" visible="true" version="1" lat="47.46676324579" lon="19.15024055839" />
  <node id="6792" visible="true" version="1" lat="47.46676367516" lon="19.15024090086" />
  <node id="6793" visible="true" version="1" lat="47.46676410389" lon="19.15024124261" />
  <node id="6794" visible="true" version="1" lat="47.46676461547" lon="19.15024165093" />
  <node id="6795" visible="true" version="1" lat="47.46676512372" lon="19.15024205697" />
  <node id="6796" visible="true" version="1" lat="47.46676562873" lon="19.15024246087" />
  <node id="6797" visible="true" version="1" lat="47.46676613063" lon="19.1502428626" />
  <node id="6798" visible="true" version="1" lat="47.46676662944" lon="19.15024326231" />
  <node id="6799" visible="true" version="1" lat="47.46676703998" lon="19.15024359159" />
  <node id="6800" visible="true" version="1" lat="47.46676744665" lon="19.15024391768" />
  <node id="6801" visible="true" version="1" lat="47.4667678506" lon="19.15024424165" />
  <node id="6802" visible="true" version="1" lat="47.46676825146" lon="19.15024456303" />
  <node id="6803" visible="true" version="1" lat="47.46676864908" lon="19.15024488176" />
  <node id="6804" visible="true" version="1" lat="47.4667690438" lon="19.1502451979" />
  <node id="6805" visible="true" version="1" lat="47.46676943547" lon="19.15024551148" />
  <node id="6806" visible="true" version="1" lat="47.46676982413" lon="19.15024582228" />
  <node id="6807" visible="true" version="1" lat="47.46677021056" lon="19.15024613107" />
  <node id="6808" visible="true" version="1" lat="47.4667705946" lon="19.15024643763" />
  <node id="6809" visible="true" version="1" lat="47.46677097613" lon="19.15024674198" />
  <node id="6810" visible="true" version="1" lat="47.46677135602" lon="19.15024704468" />
  <node id="6811" visible="true" version="1" lat="47.46677173411" lon="19.15024734591" />
  <node id="6812" visible="true" version="1" lat="47.4667721101" lon="19.15024764526" />
  <node id="6813" visible="true" version="1" lat="47.46677248461" lon="19.15024794347" />
  <node id="6814" visible="true" version="1" lat="47.46677285727" lon="19.15024824018" />
  <node id="6815" visible="true" version="1" lat="47.4667732277" lon="19.15024853528" />
  <node id="6816" visible="true" version="1" lat="47.46677359635" lon="19.150248829" />
  <node id="6817" visible="true" version="1" lat="47.46677396301" lon="19.15024912143" />
  <node id="6818" visible="true" version="1" lat="47.46677432711" lon="19.15024941196" />
  <node id="6819" visible="true" version="1" lat="47.46677468898" lon="19.150249701" />
  <node id="6820" visible="true" version="1" lat="47.46677504847" lon="19.15024998833" />
  <node id="6821" visible="true" version="1" lat="47.4667754053" lon="19.15025027383" />
  <node id="6822" visible="true" version="1" lat="47.4667757592" lon="19.15025055713" />
  <node id="6823" visible="true" version="1" lat="47.46677611032" lon="19.15025083841" />
  <node id="6824" visible="true" version="1" lat="47.46677645856" lon="19.15025111745" />
  <node id="6825" visible="true" version="1" lat="47.4667768036" lon="19.15025139403" />
  <node id="6826" visible="true" version="1" lat="47.4667771454" lon="19.15025166791" />
  <node id="6827" visible="true" version="1" lat="47.46677748452" lon="19.15025193957" />
  <node id="6828" visible="true" version="1" lat="47.4667778206" lon="19.1502522086" />
  <node id="6829" visible="true" version="1" lat="47.46677815387" lon="19.15025247517" />
  <node id="6830" visible="true" version="1" lat="47.46677848482" lon="19.15025273958" />
  <node id="6831" visible="true" version="1" lat="47.46677881334" lon="19.15025300181" />
  <node id="6832" visible="true" version="1" lat="47.46677913855" lon="19.15025326099" />
  <node id="6833" visible="true" version="1" lat="47.46677952708" lon="19.1502535702" />
  <node id="6834" visible="true" version="1" lat="47.46677991409" lon="19.15025387794" />
  <node id="6835" visible="true" version="1" lat="47.46678029879" lon="19.15025418365" />
  <node id="6836" visible="true" version="1" lat="47.46678068147" lon="19.15025448758" />
  <node id="6837" visible="true" version="1" lat="47.46678106223" lon="19.15025478998" />
  <node id="6838" visible="true" version="1" lat="47.46678137661" lon="19.15025503967" />
  <node id="6839" visible="true" version="1" lat="47.46678168909" lon="19.15025528792" />
  <node id="6840" visible="true" version="1" lat="47.46678199961" lon="19.15025553473" />
  <node id="6841" visible="true" version="1" lat="47.46678230833" lon="19.15025578031" />
  <node id="6842" visible="true" version="1" lat="47.46678261496" lon="19.15025602447" />
  <node id="6843" visible="true" version="1" lat="47.46678291931" lon="19.1502562671" />
  <node id="6844" visible="true" version="1" lat="47.46678322068" lon="19.15025650764" />
  <node id="6845" visible="true" version="1" lat="47.46678351859" lon="19.15025674563" />
  <node id="6846" visible="true" version="1" lat="47.46678381262" lon="19.15025698071" />
  <node id="6847" visible="true" version="1" lat="47.46678410265" lon="19.15025721265" />
  <node id="6848" visible="true" version="1" lat="47.46678438849" lon="19.15025744123" />
  <node id="6849" visible="true" version="1" lat="47.46678467109" lon="19.15025766707" />
  <node id="6850" visible="true" version="1" lat="47.46678495077" lon="19.15025789052" />
  <node id="6851" visible="true" version="1" lat="47.46678522712" lon="19.15025811116" />
  <node id="6852" visible="true" version="1" lat="47.46678550045" lon="19.15025832925" />
  <node id="6853" visible="true" version="1" lat="47.46678577134" lon="19.15025854522" />
  <node id="6854" visible="true" version="1" lat="47.46678603983" lon="19.15025875921" />
  <node id="6855" visible="true" version="1" lat="47.46678630579" lon="19.15025897107" />
  <node id="6856" visible="true" version="1" lat="47.46678657007" lon="19.15025918158" />
  <node id="6857" visible="true" version="1" lat="47.46678683219" lon="19.15025939042" />
  <node id="6858" visible="true" version="1" lat="47.46678709187" lon="19.1502595974" />
  <node id="6859" visible="true" version="1" lat="47.46678734914" lon="19.15025980257" />
  <node id="6860" visible="true" version="1" lat="47.46678760363" lon="19.15026000568" />
  <node id="6861" visible="true" version="1" lat="47.46678785496" lon="19.1502602064" />
  <node id="6862" visible="true" version="1" lat="47.46678810335" lon="19.15026040493" />
  <node id="6863" visible="true" version="1" lat="47.46678834822" lon="19.15026060077" />
  <node id="6864" visible="true" version="1" lat="47.46678858966" lon="19.15026079394" />
  <node id="6865" visible="true" version="1" lat="47.46678882774" lon="19.15026098451" />
  <node id="6866" visible="true" version="1" lat="47.46678906223" lon="19.15026117225" />
  <node id="6867" visible="true" version="1" lat="47.46678929299" lon="19.15026135701" />
  <node id="6868" visible="true" version="1" lat="47.46678952023" lon="19.15026153893" />
  <node id="6869" visible="true" version="1" lat="47.46678974405" lon="19.15026171806" />
  <node id="6870" visible="true" version="1" lat="47.46678996468" lon="19.15026189457" />
  <node id="6871" visible="true" version="1" lat="47.46679018166" lon="19.1502620681" />
  <node id="6872" visible="true" version="1" lat="47.46679039532" lon="19.15026223885" />
  <node id="6873" visible="true" version="1" lat="47.46679060641" lon="19.15026240745" />
  <node id="6874" visible="true" version="1" lat="47.46679081392" lon="19.15026257313" />
  <node id="6875" visible="true" version="1" lat="47.46679101876" lon="19.15026273653" />
  <node id="6876" visible="true" version="1" lat="47.46679122122" lon="19.150262898" />
  <node id="6877" visible="true" version="1" lat="47.46679142096" lon="19.15026305724" />
  <node id="6878" visible="true" version="1" lat="47.46679161817" lon="19.15026321447" />
  <node id="6879" visible="true" version="1" lat="47.46679181398" lon="19.15026337052" />
  <node id="6880" visible="true" version="1" lat="47.46679204395" lon="19.15026355398" />
  <node id="6881" visible="true" version="1" lat="47.46679227018" lon="19.15026373462" />
  <node id="6882" visible="true" version="1" lat="47.46679249334" lon="19.15026391297" />
  <node id="6883" visible="true" version="1" lat="47.46679271328" lon="19.15026408891" />
  <node id="6884" visible="true" version="1" lat="47.46679293068" lon="19.15026426311" />
  <node id="6885" visible="true" version="1" lat="47.46679310779" lon="19.15026440531" />
  <node id="6886" visible="true" version="1" lat="47.46679328078" lon="19.15026454424" />
  <node id="6887" visible="true" version="1" lat="47.46679345075" lon="19.15026468093" />
  <node id="6888" visible="true" version="1" lat="47.46679361669" lon="19.15026481448" />
  <node id="6889" visible="true" version="1" lat="47.46679377885" lon="19.1502649451" />
  <node id="6890" visible="true" version="1" lat="47.46679393735" lon="19.15026507279" />
  <node id="6891" visible="true" version="1" lat="47.46679409193" lon="19.15026519737" />
  <node id="6892" visible="true" version="1" lat="47.46679424216" lon="19.1502653184" />
  <node id="6893" visible="true" version="1" lat="47.46679438902" lon="19.15026543666" />
  <node id="6894" visible="true" version="1" lat="47.46679453235" lon="19.15026555199" />
  <node id="6895" visible="true" version="1" lat="47.46679467265" lon="19.1502656648" />
  <node id="6896" visible="true" version="1" lat="47.46679481051" lon="19.15026577555" />
  <node id="6897" visible="true" version="1" lat="47.46679494586" lon="19.15026588423" />
  <node id="6898" visible="true" version="1" lat="47.46679507862" lon="19.15026599076" />
  <node id="6899" visible="true" version="1" lat="47.46679520911" lon="19.15026609544" />
  <node id="6900" visible="true" version="1" lat="47.46679533734" lon="19.15026619829" />
  <node id="6901" visible="true" version="1" lat="47.46679546318" lon="19.15026629922" />
  <node id="6902" visible="true" version="1" lat="47.46679558669" lon="19.1502663983" />
  <node id="6903" visible="true" version="1" lat="47.46679570793" lon="19.1502664956" />
  <node id="6904" visible="true" version="1" lat="47.46679582659" lon="19.15026659088" />
  <node id="6905" visible="true" version="1" lat="47.46679594193" lon="19.15026668354" />
  <node id="6906" visible="true" version="1" lat="47.46679605324" lon="19.15026677298" />
  <node id="6907" visible="true" version="1" lat="47.46679616078" lon="19.15026685939" />
  <node id="6908" visible="true" version="1" lat="47.46679626423" lon="19.1502669425" />
  <node id="6909" visible="true" version="1" lat="47.46679636412" lon="19.15026702268" />
  <node id="6910" visible="true" version="1" lat="47.46679646137" lon="19.15026710068" />
  <node id="6911" visible="true" version="1" lat="47.46679655604" lon="19.15026717658" />
  <node id="6912" visible="true" version="1" lat="47.46679664878" lon="19.15026725088" />
  <node id="6913" visible="true" version="1" lat="47.4667967395" lon="19.15026732357" />
  <node id="6914" visible="true" version="1" lat="47.46679682801" lon="19.15026739446" />
  <node id="6915" visible="true" version="1" lat="47.46679691561" lon="19.15026746469" />
  <node id="6916" visible="true" version="1" lat="47.46679699641" lon="19.15026752942" />
  <way id="6917" visible="true" version="1">
    <nd ref="4985" />
    <nd ref="4986" />
    <nd ref="4987" />
    <nd ref="4988" />
    <nd ref="4989" />
    <nd ref="4990" />
    <nd ref="4991" />
    <nd ref="4992" />
    <nd ref="4993" />
    <nd ref="4994" />
    <nd ref="4995" />
    <nd ref="4996" />
    <nd ref="4997" />
    <nd ref="4998" />
    <nd ref="4999" />
    <nd ref="5000" />
    <nd ref="5001" />
    <nd ref="5002" />
    <nd ref="5003" />
    <nd ref="5004" />
    <nd ref="5005" />
    <nd ref="5006" />
    <nd ref="5007" />
    <nd ref="5008" />
    <nd ref="5009" />
    <nd ref="5010" />
    <nd ref="5011" />
    <nd ref="5012" />
    <nd ref="5013" />
    <nd ref="5014" />
    <nd ref="5015" />
    <nd ref="5016" />
    <nd ref="5017" />
    <nd ref="5018" />
    <nd ref="5019" />
    <nd ref="5020" />
    <nd ref="5021" />
    <nd ref="5022" />
    <nd ref="5023" />
    <nd ref="5024" />
    <nd ref="5025" />
    <nd ref="5026" />
    <nd ref="5027" />
    <nd ref="5028" />
    <nd ref="5029" />
    <nd ref="5030" />
    <nd ref="5031" />
    <nd ref="5032" />
    <nd ref="5033" />
    <nd ref="5034" />
    <nd ref="5035" />
    <nd ref="5036" />
    <nd ref="5037" />
    <nd ref="5038" />
    <nd ref="5039" />
    <nd ref="5040" />
    <nd ref="5041" />
    <nd ref="5042" />
    <nd ref="5043" />
    <nd ref="5044" />
    <nd ref="5045" />
    <nd ref="5046" />
    <nd ref="5047" />
    <nd ref="5048" />
    <nd ref="5049" />
    <nd ref="5050" />
    <nd ref="5051" />
    <nd ref="5052" />
    <nd ref="5053" />
    <nd ref="5054" />
    <nd ref="5055" />
    <nd ref="5056" />
    <nd ref="5057" />
    <nd ref="5058" />
    <nd ref="5059" />
    <nd ref="5060" />
    <nd ref="5061" />
    <nd ref="5062" />
    <nd ref="5063" />
    <nd ref="5064" />
    <nd ref="5065" />
    <nd ref="5066" />
    <nd ref="5067" />
    <nd ref="5068" />
    <nd ref="5069" />
    <nd ref="5070" />
    <nd ref="5071" />
    <nd ref="5072" />
    <nd ref="5073" />
    <nd ref="5074" />
    <nd ref="5075" />
    <nd ref="5076" />
    <nd ref="5077" />
    <nd ref="5078" />
    <nd ref="5079" />
    <nd ref="5080" />
    <nd ref="5081" />
    <nd ref="5082" />
    <nd ref="5083" />
    <nd ref="5084" />
    <nd ref="5085" />
    <nd ref="5086" />
    <nd ref="5087" />
    <nd ref="5088" />
    <nd ref="5089" />
    <nd ref="5090" />
    <nd ref="5091" />
    <nd ref="5092" />
    <nd ref="5093" />
    <nd ref="5094" />
    <nd ref="5095" />
    <nd ref="5096" />
    <nd ref="5097" />
    <nd ref="5098" />
    <nd ref="5099" />
    <nd ref="5100" />
    <nd ref="5101" />
    <nd ref="5102" />
    <nd ref="5103" />
    <nd ref="5104" />
    <nd ref="5105" />
    <nd ref="5106" />
    <nd ref="5107" />
    <nd ref="5108" />
    <nd ref="5109" />
    <nd ref="5110" />
    <nd ref="5111" />
    <nd ref="5112" />
    <nd ref="5113" />
    <nd ref="5114" />
    <nd ref="5115" />
    <nd ref="5116" />
    <nd ref="5117" />
    <nd ref="5118" />
    <nd ref="5119" />
    <nd ref="5120" />
    <nd ref="5121" />
    <nd ref="5122" />
    <nd ref="5123" />
    <nd ref="5124" />
    <nd ref="5125" />
    <nd ref="5126" />
    <nd ref="5127" />
    <nd ref="5128" />
    <nd ref="5129" />
    <nd ref="5130" />
    <nd ref="5131" />
    <nd ref="5132" />
    <nd ref="5133" />
    <nd ref="5134" />
    <nd ref="5135" />
    <nd ref="5136" />
    <nd ref="5137" />
    <nd ref="5138" />
    <nd ref="5139" />
    <nd ref="5140" />
    <nd ref="5141" />
    <nd ref="5142" />
    <nd ref="5143" />
    <nd ref="5144" />
    <nd ref="5145" />
    <nd ref="5146" />
    <nd ref="5147" />
    <nd ref="5148" />
    <nd ref="5149" />
    <nd ref="5150" />
    <nd ref="5151" />
    <nd ref="5152" />
    <nd ref="5153" />
    <nd ref="5154" />
    <nd ref="5155" />
    <nd ref="5156" />
    <nd ref="5157" />
    <nd ref="5158" />
    <nd ref="5159" />
    <nd ref="5160" />
    <nd ref="5161" />
    <nd ref="5162" />
    <nd ref="5163" />
    <nd ref="5164" />
    <nd ref="5165" />
    <nd ref="5166" />
    <nd ref="5167" />
    <nd ref="5168" />
    <nd ref="5169" />
    <nd ref="5170" />
    <nd ref="5171" />
    <nd ref="5172" />
    <nd ref="5173" />
    <nd ref="5174" />
    <nd ref="5175" />
    <nd ref="5176" />
    <nd ref="5177" />
    <nd ref="5178" />
    <nd ref="5179" />
    <nd ref="5180" />
    <nd ref="5181" />
    <nd ref="5182" />
    <nd ref="5183" />
    <nd ref="5184" />
    <nd ref="5185" />
    <nd ref="5186" />
    <nd ref="5187" />
    <nd ref="5188" />
    <nd ref="5189" />
    <nd ref="5190" />
    <nd ref="5191" />
    <nd ref="5192" />
    <nd ref="5193" />
    <nd ref="5194" />
    <nd ref="5195" />
    <nd ref="5196" />
    <nd ref="5197" />
    <nd ref="5198" />
    <nd ref="5199" />
    <nd ref="5200" />
    <nd ref="5201" />
    <nd ref="5202" />
    <nd ref="5203" />
    <nd ref="5204" />
    <nd ref="5205" />
    <nd ref="5206" />
    <nd ref="5207" />
    <nd ref="5208" />
    <nd ref="5209" />
    <nd ref="5210" />
    <nd ref="5211" />
    <nd ref="5212" />
    <nd ref="5213" />
    <nd ref="5214" />
    <nd ref="5215" />
    <nd ref="5216" />
    <nd ref="5217" />
    <nd ref="5218" />
    <nd ref="5219" />
    <nd ref="5220" />
    <nd ref="5221" />
    <nd ref="5222" />
    <nd ref="5223" />
    <nd ref="5224" />
    <nd ref="5225" />
    <nd ref="5226" />
    <nd ref="5227" />
    <nd ref="5228" />
    <nd ref="5229" />
    <nd ref="5230" />
    <nd ref="5231" />
    <nd ref="5232" />
    <nd ref="5233" />
    <nd ref="5234" />
    <nd ref="5235" />
    <nd ref="5236" />
    <nd ref="5237" />
    <nd ref="5238" />
    <nd ref="5239" />
    <nd ref="5240" />
    <nd ref="5241" />
    <nd ref="5242" />
    <nd ref="5243" />
    <nd ref="5244" />
    <nd ref="5245" />
    <nd ref="5246" />
    <nd ref="5247" />
    <nd ref="5248" />
    <nd ref="5249" />
    <nd ref="5250" />
    <nd ref="5251" />
    <nd ref="5252" />
    <nd ref="5253" />
    <nd ref="5254" />
    <nd ref="5255" />
    <nd ref="5256" />
    <nd ref="5257" />
    <nd ref="5258" />
    <nd ref="5259" />
    <nd ref="5260" />
    <nd ref="5261" />
    <nd ref="5262" />
    <nd ref="5263" />
    <nd ref="5264" />
    <nd ref="5265" />
    <nd ref="5266" />
    <nd ref="5267" />
    <nd ref="5268" />
    <nd ref="5269" />
    <nd ref="5270" />
    <nd ref="5271" />
    <nd ref="5272" />
    <nd ref="5273" />
    <nd ref="5274" />
    <nd ref="5275" />
    <nd ref="5276" />
    <nd ref="5277" />
    <nd ref="5278" />
    <nd ref="5279" />
    <nd ref="5280" />
    <nd ref="5281" />
    <nd ref="5282" />
    <nd ref="5283" />
    <nd ref="5284" />
    <nd ref="5285" />
    <nd ref="5286" />
    <nd ref="5287" />
    <nd ref="5288" />
    <nd ref="5289" />
    <nd ref="5290" />
    <nd ref="5291" />
    <nd ref="5292" />
    <nd ref="5293" />
    <nd ref="5294" />
    <nd ref="5295" />
    <nd ref="5296" />
    <nd ref="5297" />
    <nd ref="5298" />
    <nd ref="5299" />
    <nd ref="5300" />
    <nd ref="5301" />
    <nd ref="5302" />
    <nd ref="5303" />
    <nd ref="5304" />
    <nd ref="5305" />
    <nd ref="5306" />
    <nd ref="5307" />
    <nd ref="5308" />
    <nd ref="5309" />
    <nd ref="5310" />
    <nd ref="5311" />
    <nd ref="5312" />
    <nd ref="5313" />
    <nd ref="5314" />
    <nd ref="5315" />
    <nd ref="5316" />
    <nd ref="5317" />
    <nd ref="5318" />
    <nd ref="5319" />
    <nd ref="5320" />
    <nd ref="5321" />
    <nd ref="5322" />
    <nd ref="5323" />
    <nd ref="5324" />
    <nd ref="5325" />
    <nd ref="5326" />
    <nd ref="5327" />
    <nd ref="5328" />
    <nd ref="5329" />
    <nd ref="5330" />
    <nd ref="5331" />
    <nd ref="5332" />
    <nd ref="5333" />
    <nd ref="5334" />
    <nd ref="5335" />
    <nd ref="5336" />
    <nd ref="5337" />
    <nd ref="5338" />
    <nd ref="5339" />
    <nd ref="5340" />
    <nd ref="5341" />
    <nd ref="5342" />
    <nd ref="5343" />
    <nd ref="5344" />
    <nd ref="5345" />
    <nd ref="5346" />
    <nd ref="5347" />
    <nd ref="5348" />
    <nd ref="5349" />
    <nd ref="5350" />
    <nd ref="5351" />
    <nd ref="5352" />
    <nd ref="5353" />
    <nd ref="5354" />
    <nd ref="5355" />
    <nd ref="5356" />
    <nd ref="5357" />
    <nd ref="5358" />
    <nd ref="5359" />
    <nd ref="5360" />
    <nd ref="5361" />
    <nd ref="5362" />
    <nd ref="5363" />
    <nd ref="5364" />
    <nd ref="5365" />
    <nd ref="5366" />
    <nd ref="5367" />
    <nd ref="5368" />
    <nd ref="5369" />
    <nd ref="5370" />
    <nd ref="5371" />
    <nd ref="5372" />
    <nd ref="5373" />
    <nd ref="5374" />
    <nd ref="5375" />
    <nd ref="5376" />
    <nd ref="5377" />
    <nd ref="5378" />
    <nd ref="5379" />
    <nd ref="5380" />
    <nd ref="5381" />
    <nd ref="5382" />
    <nd ref="5383" />
    <nd ref="5384" />
    <nd ref="5385" />
    <nd ref="5386" />
    <nd ref="5387" />
    <nd ref="5388" />
    <nd ref="5389" />
    <nd ref="5390" />
    <nd ref="5391" />
    <nd ref="5392" />
    <nd ref="5393" />
    <nd ref="5394" />
    <nd ref="5395" />
    <nd ref="5396" />
    <nd ref="5397" />
    <nd ref="5398" />
    <nd ref="5399" />
    <nd ref="5400" />
    <nd ref="5401" />
    <nd ref="5402" />
    <nd ref="5403" />
    <nd ref="5404" />
    <nd ref="5405" />
    <nd ref="5406" />
    <nd ref="5407" />
    <nd ref="5408" />
    <nd ref="5409" />
    <nd ref="5410" />
    <nd ref="5411" />
    <nd ref="5412" />
    <nd ref="5413" />
    <nd ref="5414" />
    <nd ref="5415" />
    <nd ref="5416" />
    <nd ref="5417" />
    <nd ref="5418" />
    <nd ref="5419" />
    <nd ref="5420" />
    <nd ref="5421" />
    <nd ref="5422" />
    <nd ref="5423" />
    <nd ref="5424" />
    <nd ref="5425" />
    <nd ref="5426" />
    <nd ref="5427" />
    <nd ref="5428" />
    <nd ref="5429" />
    <nd ref="5430" />
    <nd ref="5431" />
    <nd ref="5432" />
    <nd ref="5433" />
    <nd ref="5434" />
    <nd ref="5435" />
    <nd ref="5436" />
    <nd ref="5437" />
    <nd ref="5438" />
    <nd ref="5439" />
    <nd ref="5440" />
    <nd ref="5441" />
    <nd ref="5442" />
    <nd ref="5443" />
    <nd ref="5444" />
    <nd ref="5445" />
    <nd ref="5446" />
    <nd ref="5447" />
    <nd ref="5448" />
    <nd ref="5449" />
    <nd ref="5450" />
    <nd ref="5451" />
    <nd ref="5452" />
    <nd ref="5453" />
    <nd ref="5454" />
    <nd ref="5455" />
    <nd ref="5456" />
    <nd ref="5457" />
    <nd ref="5458" />
    <nd ref="5459" />
    <nd ref="5460" />
    <nd ref="5461" />
    <nd ref="5462" />
    <nd ref="5463" />
    <nd ref="5464" />
    <nd ref="5465" />
    <nd ref="5466" />
    <nd ref="5467" />
    <nd ref="5468" />
    <nd ref="5469" />
    <nd ref="5470" />
    <nd ref="5471" />
    <nd ref="5472" />
    <nd ref="5473" />
    <nd ref="5474" />
    <nd ref="5475" />
    <nd ref="5476" />
    <nd ref="5477" />
    <nd ref="5478" />
    <nd ref="5479" />
    <nd ref="5480" />
    <nd ref="5481" />
    <nd ref="5482" />
    <nd ref="5483" />
    <nd ref="5484" />
    <nd ref="5485" />
    <nd ref="5486" />
    <nd ref="5487" />
    <nd ref="5488" />
    <nd ref="5489" />
    <nd ref="5490" />
    <nd ref="5491" />
    <nd ref="5492" />
    <nd ref="5493" />
    <nd ref="5494" />
    <nd ref="5495" />
    <nd ref="5496" />
    <nd ref="5497" />
    <nd ref="5498" />
    <nd ref="5499" />
    <nd ref="5500" />
    <nd ref="5501" />
    <nd ref="5502" />
    <nd ref="5503" />
    <nd ref="5504" />
    <nd ref="5505" />
    <nd ref="5506" />
    <nd ref="5507" />
    <nd ref="5508" />
    <nd ref="5509" />
    <nd ref="5510" />
    <nd ref="5511" />
    <nd ref="5512" />
    <nd ref="5513" />
    <nd ref="5514" />
    <nd ref="5515" />
    <nd ref="5516" />
    <nd ref="5517" />
    <nd ref="5518" />
    <nd ref="5519" />
    <nd ref="5520" />
    <nd ref="5521" />
    <nd ref="5522" />
    <nd ref="5523" />
    <nd ref="5524" />
    <nd ref="5525" />
    <nd ref="5526" />
    <nd ref="5527" />
    <nd ref="5528" />
    <nd ref="5529" />
    <nd ref="5530" />
    <nd ref="5531" />
    <nd ref="5532" />
    <nd ref="5533" />
    <nd ref="5534" />
    <nd ref="5535" />
    <nd ref="5536" />
    <nd ref="5537" />
    <nd ref="5538" />
    <nd ref="5539" />
    <nd ref="5540" />
    <nd ref="5541" />
    <nd ref="5542" />
    <nd ref="5543" />
    <nd ref="5544" />
    <nd ref="5545" />
    <nd ref="5546" />
    <nd ref="5547" />
    <nd ref="5548" />
    <nd ref="5549" />
    <nd ref="5550" />
    <nd ref="5551" />
    <nd ref="5552" />
    <nd ref="5553" />
    <nd ref="5554" />
    <nd ref="5555" />
    <nd ref="5556" />
    <nd ref="5557" />
    <nd ref="5558" />
    <nd ref="5559" />
    <nd ref="5560" />
    <nd ref="5561" />
    <nd ref="5562" />
    <nd ref="5563" />
    <nd ref="5564" />
    <nd ref="5565" />
    <nd ref="5566" />
    <nd ref="5567" />
    <nd ref="5568" />
    <nd ref="5569" />
    <nd ref="5570" />
    <nd ref="5571" />
    <nd ref="5572" />
    <nd ref="5573" />
    <nd ref="5574" />
    <nd ref="5575" />
    <nd ref="5576" />
    <nd ref="5577" />
    <nd ref="5578" />
    <nd ref="5579" />
    <nd ref="5580" />
    <nd ref="5581" />
    <nd ref="5582" />
    <nd ref="5583" />
    <nd ref="5584" />
    <nd ref="5585" />
    <nd ref="5586" />
    <nd ref="5587" />
    <nd ref="5588" />
    <nd ref="5589" />
    <nd ref="5590" />
    <nd ref="5591" />
    <nd ref="5592" />
    <nd ref="5593" />
    <nd ref="5594" />
    <nd ref="5595" />
    <nd ref="5596" />
    <nd ref="5597" />
    <nd ref="5598" />
    <nd ref="5599" />
    <nd ref="5600" />
    <nd ref="5601" />
    <nd ref="5602" />
    <nd ref="5603" />
    <nd ref="5604" />
    <nd ref="5605" />
    <nd ref="5606" />
    <nd ref="5607" />
    <nd ref="5608" />
    <nd ref="5609" />
    <nd ref="5610" />
    <nd ref="5611" />
    <nd ref="5612" />
    <nd ref="5613" />
    <nd ref="5614" />
    <nd ref="5615" />
    <nd ref="5616" />
    <nd ref="5617" />
    <nd ref="5618" />
    <nd ref="5619" />
    <nd ref="5620" />
    <nd ref="5621" />
    <nd ref="5622" />
    <nd ref="5623" />
    <nd ref="5624" />
    <nd ref="5625" />
    <nd ref="5626" />
    <nd ref="5627" />
    <nd ref="5628" />
    <nd ref="5629" />
    <nd ref="5630" />
    <nd ref="5631" />
    <nd ref="5632" />
    <nd ref="5633" />
    <nd ref="5634" />
    <nd ref="5635" />
    <nd ref="5636" />
    <nd ref="5637" />
    <nd ref="5638" />
    <nd ref="5639" />
    <nd ref="5640" />
    <nd ref="5641" />
    <nd ref="5642" />
    <nd ref="5643" />
    <nd ref="5644" />
    <nd ref="5645" />
    <nd ref="5646" />
    <nd ref="5647" />
    <nd ref="5648" />
    <nd ref="5649" />
    <nd ref="5650" />
    <nd ref="5651" />
    <nd ref="5652" />
    <nd ref="5653" />
    <nd ref="5654" />
    <nd ref="5655" />
    <nd ref="5656" />
    <nd ref="5657" />
    <nd ref="5658" />
    <nd ref="5659" />
    <nd ref="5660" />
    <nd ref="5661" />
    <nd ref="5662" />
    <nd ref="5663" />
    <nd ref="5664" />
    <nd ref="5665" />
    <nd ref="5666" />
    <nd ref="5667" />
    <nd ref="5668" />
    <nd ref="5669" />
    <nd ref="5670" />
    <nd ref="5671" />
    <nd ref="5672" />
    <nd ref="5673" />
    <nd ref="5674" />
    <nd ref="5675" />
    <nd ref="5676" />
    <nd ref="5677" />
    <nd ref="5678" />
    <nd ref="5679" />
    <nd ref="5680" />
    <nd ref="5681" />
    <nd ref="5682" />
    <nd ref="5683" />
    <nd ref="5684" />
    <nd ref="5685" />
    <nd ref="5686" />
    <nd ref="5687" />
    <nd ref="5688" />
    <nd ref="5689" />
    <nd ref="5690" />
    <nd ref="5691" />
    <nd ref="5692" />
    <nd ref="5693" />
    <nd ref="5694" />
    <nd ref="5695" />
    <nd ref="5696" />
    <nd ref="5697" />
    <nd ref="5698" />
    <nd ref="5699" />
    <nd ref="5700" />
    <nd ref="5701" />
    <nd ref="5702" />
    <nd ref="5703" />
    <nd ref="5704" />
    <nd ref="5705" />
    <nd ref="5706" />
    <nd ref="5707" />
    <nd ref="5708" />
    <nd ref="5709" />
    <nd ref="5710" />
    <nd ref="5711" />
    <nd ref="5712" />
    <nd ref="5713" />
    <nd ref="5714" />
    <nd ref="5715" />
    <nd ref="5716" />
    <nd ref="5717" />
    <nd ref="5718" />
    <nd ref="5719" />
    <nd ref="5720" />
    <nd ref="5721" />
    <nd ref="5722" />
    <nd ref="5723" />
    <nd ref="5724" />
    <nd ref="5725" />
    <nd ref="5726" />
    <nd ref="5727" />
    <nd ref="5728" />
    <nd ref="5729" />
    <nd ref="5730" />
    <nd ref="5731" />
    <nd ref="5732" />
    <nd ref="5733" />
    <nd ref="5734" />
    <nd ref="5735" />
    <nd ref="5736" />
    <nd ref="5737" />
    <nd ref="5738" />
    <nd ref="5739" />
    <nd ref="5740" />
    <nd ref="5741" />
    <nd ref="5742" />
    <nd ref="5743" />
    <nd ref="5744" />
    <nd ref="5745" />
    <nd ref="5746" />
    <nd ref="5747" />
    <nd ref="5748" />
    <nd ref="5749" />
    <nd ref="5750" />
    <nd ref="5751" />
    <nd ref="5752" />
    <nd ref="5753" />
    <nd ref="5754" />
    <nd ref="5755" />
    <nd ref="5756" />
    <nd ref="5757" />
    <nd ref="5758" />
    <nd ref="5759" />
    <nd ref="5760" />
    <nd ref="5761" />
    <nd ref="5762" />
    <nd ref="5763" />
    <nd ref="5764" />
    <nd ref="5765" />
    <nd ref="5766" />
    <nd ref="5767" />
    <nd ref="5768" />
    <nd ref="5769" />
    <nd ref="5770" />
    <nd ref="5771" />
    <nd ref="5772" />
    <nd ref="5773" />
    <nd ref="5774" />
    <nd ref="5775" />
    <nd ref="5776" />
    <nd ref="5777" />
    <nd ref="5778" />
    <nd ref="5779" />
    <nd ref="5780" />
    <nd ref="5781" />
    <nd ref="5782" />
    <nd ref="5783" />
    <nd ref="5784" />
    <nd ref="5785" />
    <nd ref="5786" />
    <nd ref="5787" />
    <nd ref="5788" />
    <nd ref="5789" />
    <nd ref="5790" />
    <nd ref="5791" />
    <nd ref="5792" />
    <nd ref="5793" />
    <nd ref="5794" />
    <nd ref="5795" />
    <nd ref="5796" />
    <nd ref="5797" />
    <nd ref="5798" />
    <nd ref="5799" />
    <nd ref="5800" />
    <nd ref="5801" />
    <nd ref="5802" />
    <nd ref="5803" />
    <nd ref="5804" />
    <nd ref="5805" />
    <nd ref="5806" />
    <nd ref="5807" />
    <nd ref="5808" />
    <nd ref="5809" />
    <nd ref="5810" />
    <nd ref="5811" />
    <nd ref="5812" />
    <nd ref="5813" />
    <nd ref="5814" />
    <nd ref="5815" />
    <nd ref="5816" />
    <nd ref="5817" />
    <nd ref="5818" />
    <nd ref="5819" />
    <nd ref="5820" />
    <nd ref="5821" />
    <nd ref="5822" />
    <nd ref="5823" />
    <nd ref="5824" />
    <nd ref="5825" />
    <nd ref="5826" />
    <nd ref="5827" />
    <nd ref="5828" />
    <nd ref="5829" />
    <nd ref="5830" />
    <nd ref="5831" />
    <nd ref="5832" />
    <nd ref="5833" />
    <nd ref="5834" />
    <nd ref="5835" />
    <nd ref="5836" />
    <nd ref="5837" />
    <nd ref="5838" />
    <nd ref="5839" />
    <nd ref="5840" />
    <nd ref="5841" />
    <nd ref="5842" />
    <nd ref="5843" />
    <nd ref="5844" />
    <nd ref="5845" />
    <nd ref="5846" />
    <nd ref="5847" />
    <nd ref="5848" />
    <nd ref="5849" />
    <nd ref="5850" />
    <nd ref="5851" />
    <nd ref="5852" />
    <nd ref="5853" />
    <nd ref="5854" />
    <nd ref="5855" />
    <nd ref="5856" />
    <nd ref="5857" />
    <nd ref="5858" />
    <nd ref="5859" />
    <nd ref="5860" />
    <nd ref="5861" />
    <nd ref="5862" />
    <nd ref="5863" />
    <nd ref="5864" />
    <nd ref="5865" />
    <nd ref="5866" />
    <nd ref="5867" />
    <nd ref="5868" />
    <nd ref="5869" />
    <nd ref="5870" />
    <nd ref="5871" />
    <nd ref="5872" />
    <nd ref="5873" />
    <nd ref="5874" />
    <nd ref="5875" />
    <nd ref="5876" />
    <nd ref="5877" />
    <nd ref="5878" />
    <nd ref="5879" />
    <nd ref="5880" />
    <nd ref="5881" />
    <nd ref="5882" />
    <nd ref="5883" />
    <nd ref="5884" />
    <nd ref="5885" />
    <nd ref="5886" />
    <nd ref="5887" />
    <nd ref="5888" />
    <nd ref="5889" />
    <nd ref="5890" />
    <nd ref="5891" />
    <nd ref="5892" />
    <nd ref="5893" />
    <nd ref="5894" />
    <nd ref="5895" />
    <nd ref="5896" />
    <nd ref="5897" />
    <nd ref="5898" />
    <nd ref="5899" />
    <nd ref="5900" />
    <nd ref="5901" />
    <nd ref="5902" />
    <nd ref="5903" />
    <nd ref="5904" />
    <nd ref="5905" />
    <nd ref="5906" />
    <nd ref="5907" />
    <nd ref="5908" />
    <nd ref="5909" />
    <nd ref="5910" />
    <nd ref="5911" />
    <nd ref="5912" />
    <nd ref="5913" />
    <nd ref="5914" />
    <nd ref="5915" />
    <nd ref="5916" />
    <nd ref="5917" />
    <nd ref="5918" />
    <nd ref="5919" />
    <nd ref="5920" />
    <nd ref="5921" />
    <nd ref="5922" />
    <nd ref="5923" />
    <nd ref="5924" />
    <nd ref="5925" />
    <nd ref="5926" />
    <nd ref="5927" />
    <nd ref="5928" />
    <nd ref="5929" />
    <nd ref="5930" />
    <nd ref="5931" />
    <nd ref="5932" />
    <nd ref="5933" />
    <nd ref="5934" />
    <nd ref="5935" />
    <nd ref="5936" />
    <nd ref="5937" />
    <nd ref="5938" />
    <nd ref="5939" />
    <nd ref="5940" />
    <nd ref="5941" />
    <nd ref="5942" />
    <nd ref="5943" />
    <nd ref="5944" />
    <nd ref="5945" />
    <nd ref="5946" />
    <nd ref="5947" />
    <nd ref="5948" />
    <nd ref="5949" />
    <nd ref="5950" />
  </way>
  <way id="6918" visible="true" version="1">
    <nd ref="5951" />
    <nd ref="5952" />
    <nd ref="5953" />
    <nd ref="5954" />
    <nd ref="5955" />
    <nd ref="5956" />
    <nd ref="5957" />
    <nd ref="5958" />
    <nd ref="5959" />
    <nd ref="5960" />
    <nd ref="5961" />
    <nd ref="5962" />
    <nd ref="5963" />
    <nd ref="5964" />
    <nd ref="5965" />
    <nd ref="5966" />
    <nd ref="5967" />
    <nd ref="5968" />
    <nd ref="5969" />
    <nd ref="5970" />
    <nd ref="5971" />
    <nd ref="5972" />
    <nd ref="5973" />
    <nd ref="5974" />
    <nd ref="5975" />
    <nd ref="5976" />
    <nd ref="5977" />
    <nd ref="5978" />
    <nd ref="5979" />
    <nd ref="5980" />
    <nd ref="5981" />
    <nd ref="5982" />
    <nd ref="5983" />
    <nd ref="5984" />
    <nd ref="5985" />
    <nd ref="5986" />
    <nd ref="5987" />
    <nd ref="5988" />
    <nd ref="5989" />
    <nd ref="5990" />
    <nd ref="5991" />
    <nd ref="5992" />
    <nd ref="5993" />
    <nd ref="5994" />
    <nd ref="5995" />
    <nd ref="5996" />
    <nd ref="5997" />
    <nd ref="5998" />
    <nd ref="5999" />
    <nd ref="6000" />
    <nd ref="6001" />
    <nd ref="6002" />
    <nd ref="6003" />
    <nd ref="6004" />
    <nd ref="6005" />
    <nd ref="6006" />
    <nd ref="6007" />
    <nd ref="6008" />
    <nd ref="6009" />
    <nd ref="6010" />
    <nd ref="6011" />
    <nd ref="6012" />
    <nd ref="6013" />
    <nd ref="6014" />
    <nd ref="6015" />
    <nd ref="6016" />
    <nd ref="6017" />
    <nd ref="6018" />
    <nd ref="6019" />
    <nd ref="6020" />
    <nd ref="6021" />
    <nd ref="6022" />
    <nd ref="6023" />
    <nd ref="6024" />
    <nd ref="6025" />
    <nd ref="6026" />
    <nd ref="6027" />
    <nd ref="6028" />
    <nd ref="6029" />
    <nd ref="6030" />
    <nd ref="6031" />
    <nd ref="6032" />
    <nd ref="6033" />
    <nd ref="6034" />
    <nd ref="6035" />
    <nd ref="6036" />
    <nd ref="6037" />
    <nd ref="6038" />
    <nd ref="6039" />
    <nd ref="6040" />
    <nd ref="6041" />
    <nd ref="6042" />
    <nd ref="6043" />
    <nd ref="6044" />
    <nd ref="6045" />
    <nd ref="6046" />
    <nd ref="6047" />
    <nd ref="6048" />
    <nd ref="6049" />
    <nd ref="6050" />
    <nd ref="6051" />
    <nd ref="6052" />
    <nd ref="6053" />
    <nd ref="6054" />
    <nd ref="6055" />
    <nd ref="6056" />
    <nd ref="6057" />
    <nd ref="6058" />
    <nd ref="6059" />
    <nd ref="6060" />
    <nd ref="6061" />
    <nd ref="6062" />
    <nd ref="6063" />
    <nd ref="6064" />
    <nd ref="6065" />
    <nd ref="6066" />
    <nd ref="6067" />
    <nd ref="6068" />
    <nd ref="6069" />
    <nd ref="6070" />
    <nd ref="6071" />
    <nd ref="6072" />
    <nd ref="6073" />
    <nd ref="6074" />
    <nd ref="6075" />
    <nd ref="6076" />
    <nd ref="6077" />
    <nd ref="6078" />
    <nd ref="6079" />
    <nd ref="6080" />
    <nd ref="6081" />
    <nd ref="6082" />
    <nd ref="6083" />
    <nd ref="6084" />
    <nd ref="6085" />
    <nd ref="6086" />
    <nd ref="6087" />
    <nd ref="6088" />
    <nd ref="6089" />
    <nd ref="6090" />
    <nd ref="6091" />
    <nd ref="6092" />
    <nd ref="6093" />
    <nd ref="6094" />
    <nd ref="6095" />
    <nd ref="6096" />
    <nd ref="6097" />
    <nd ref="6098" />
    <nd ref="6099" />
    <nd ref="6100" />
    <nd ref="6101" />
    <nd ref="6102" />
    <nd ref="6103" />
    <nd ref="6104" />
    <nd ref="6105" />
    <nd ref="6106" />
    <nd ref="6107" />
    <nd ref="6108" />
    <nd ref="6109" />
    <nd ref="6110" />
    <nd ref="6111" />
    <nd ref="6112" />
    <nd ref="6113" />
    <nd ref="6114" />
    <nd ref="6115" />
    <nd ref="6116" />
    <nd ref="6117" />
    <nd ref="6118" />
    <nd ref="6119" />
    <nd ref="6120" />
    <nd ref="6121" />
    <nd ref="6122" />
    <nd ref="6123" />
    <nd ref="6124" />
    <nd ref="6125" />
    <nd ref="6126" />
    <nd ref="6127" />
    <nd ref="6128" />
    <nd ref="6129" />
    <nd ref="6130" />
    <nd ref="6131" />
    <nd ref="6132" />
    <nd ref="6133" />
    <nd ref="6134" />
    <nd ref="6135" />
    <nd ref="6136" />
    <nd ref="6137" />
    <nd ref="6138" />
    <nd ref="6139" />
    <nd ref="6140" />
    <nd ref="6141" />
    <nd ref="6142" />
    <nd ref="6143" />
    <nd ref="6144" />
    <nd ref="6145" />
    <nd ref="6146" />
    <nd ref="6147" />
    <nd ref="6148" />
    <nd ref="6149" />
    <nd ref="6150" />
    <nd ref="6151" />
    <nd ref="6152" />
    <nd ref="6153" />
    <nd ref="6154" />
    <nd ref="6155" />
    <nd ref="6156" />
    <nd ref="6157" />
    <nd ref="6158" />
    <nd ref="6159" />
    <nd ref="6160" />
    <nd ref="6161" />
    <nd ref="6162" />
    <nd ref="6163" />
    <nd ref="6164" />
    <nd ref="6165" />
    <nd ref="6166" />
    <nd ref="6167" />
    <nd ref="6168" />
    <nd ref="6169" />
    <nd ref="6170" />
    <nd ref="6171" />
    <nd ref="6172" />
    <nd ref="6173" />
    <nd ref="6174" />
    <nd ref="6175" />
    <nd ref="6176" />
    <nd ref="6177" />
    <nd ref="6178" />
    <nd ref="6179" />
    <nd ref="6180" />
    <nd ref="6181" />
    <nd ref="6182" />
    <nd ref="6183" />
    <nd ref="6184" />
    <nd ref="6185" />
    <nd ref="6186" />
    <nd ref="6187" />
    <nd ref="6188" />
    <nd ref="6189" />
    <nd ref="6190" />
    <nd ref="6191" />
    <nd ref="6192" />
    <nd ref="6193" />
    <nd ref="6194" />
    <nd ref="6195" />
    <nd ref="6196" />
    <nd ref="6197" />
    <nd ref="6198" />
    <nd ref="6199" />
    <nd ref="6200" />
    <nd ref="6201" />
    <nd ref="6202" />
    <nd ref="6203" />
    <nd ref="6204" />
    <nd ref="6205" />
    <nd ref="6206" />
    <nd ref="6207" />
    <nd ref="6208" />
    <nd ref="6209" />
    <nd ref="6210" />
    <nd ref="6211" />
    <nd ref="6212" />
    <nd ref="6213" />
    <nd ref="6214" />
    <nd ref="6215" />
    <nd ref="6216" />
    <nd ref="6217" />
    <nd ref="6218" />
    <nd ref="6219" />
    <nd ref="6220" />
    <nd ref="6221" />
    <nd ref="6222" />
    <nd ref="6223" />
    <nd ref="6224" />
    <nd ref="6225" />
    <nd ref="6226" />
    <nd ref="6227" />
    <nd ref="6228" />
    <nd ref="6229" />
    <nd ref="6230" />
    <nd ref="6231" />
    <nd ref="6232" />
    <nd ref="6233" />
    <nd ref="6234" />
    <nd ref="6235" />
    <nd ref="6236" />
    <nd ref="6237" />
    <nd ref="6238" />
    <nd ref="6239" />
    <nd ref="6240" />
    <nd ref="6241" />
    <nd ref="6242" />
    <nd ref="6243" />
    <nd ref="6244" />
    <nd ref="6245" />
    <nd ref="6246" />
    <nd ref="6247" />
    <nd ref="6248" />
    <nd ref="6249" />
    <nd ref="6250" />
    <nd ref="6251" />
    <nd ref="6252" />
    <nd ref="6253" />
    <nd ref="6254" />
    <nd ref="6255" />
    <nd ref="6256" />
    <nd ref="6257" />
    <nd ref="6258" />
    <nd ref="6259" />
    <nd ref="6260" />
    <nd ref="6261" />
    <nd ref="6262" />
    <nd ref="6263" />
    <nd ref="6264" />
    <nd ref="6265" />
    <nd ref="6266" />
    <nd ref="6267" />
    <nd ref="6268" />
    <nd ref="6269" />
    <nd ref="6270" />
    <nd ref="6271" />
    <nd ref="6272" />
    <nd ref="6273" />
    <nd ref="6274" />
    <nd ref="6275" />
    <nd ref="6276" />
    <nd ref="6277" />
    <nd ref="6278" />
    <nd ref="6279" />
    <nd ref="6280" />
    <nd ref="6281" />
    <nd ref="6282" />
    <nd ref="6283" />
    <nd ref="6284" />
    <nd ref="6285" />
    <nd ref="6286" />
    <nd ref="6287" />
    <nd ref="6288" />
    <nd ref="6289" />
    <nd ref="6290" />
    <nd ref="6291" />
    <nd ref="6292" />
    <nd ref="6293" />
    <nd ref="6294" />
    <nd ref="6295" />
    <nd ref="6296" />
    <nd ref="6297" />
    <nd ref="6298" />
    <nd ref="6299" />
    <nd ref="6300" />
    <nd ref="6301" />
    <nd ref="6302" />
    <nd ref="6303" />
    <nd ref="6304" />
    <nd ref="6305" />
    <nd ref="6306" />
    <nd ref="6307" />
    <nd ref="6308" />
    <nd ref="6309" />
    <nd ref="6310" />
    <nd ref="6311" />
    <nd ref="6312" />
    <nd ref="6313" />
    <nd ref="6314" />
    <nd ref="6315" />
    <nd ref="6316" />
    <nd ref="6317" />
    <nd ref="6318" />
    <nd ref="6319" />
    <nd ref="6320" />
    <nd ref="6321" />
    <nd ref="6322" />
    <nd ref="6323" />
    <nd ref="6324" />
    <nd ref="6325" />
    <nd ref="6326" />
    <nd ref="6327" />
    <nd ref="6328" />
    <nd ref="6329" />
    <nd ref="6330" />
    <nd ref="6331" />
    <nd ref="6332" />
    <nd ref="6333" />
    <nd ref="6334" />
    <nd ref="6335" />
    <nd ref="6336" />
    <nd ref="6337" />
    <nd ref="6338" />
    <nd ref="6339" />
    <nd ref="6340" />
    <nd ref="6341" />
    <nd ref="6342" />
    <nd ref="6343" />
    <nd ref="6344" />
    <nd ref="6345" />
    <nd ref="6346" />
    <nd ref="6347" />
    <nd ref="6348" />
    <nd ref="6349" />
    <nd ref="6350" />
    <nd ref="6351" />
    <nd ref="6352" />
    <nd ref="6353" />
    <nd ref="6354" />
    <nd ref="6355" />
    <nd ref="6356" />
    <nd ref="6357" />
    <nd ref="6358" />
    <nd ref="6359" />
    <nd ref="6360" />
    <nd ref="6361" />
    <nd ref="6362" />
    <nd ref="6363" />
    <nd ref="6364" />
    <nd ref="6365" />
    <nd ref="6366" />
    <nd ref="6367" />
    <nd ref="6368" />
    <nd ref="6369" />
    <nd ref="6370" />
    <nd ref="6371" />
    <nd ref="6372" />
    <nd ref="6373" />
    <nd ref="6374" />
    <nd ref="6375" />
    <nd ref="6376" />
    <nd ref="6377" />
    <nd ref="6378" />
    <nd ref="6379" />
    <nd ref="6380" />
    <nd ref="6381" />
    <nd ref="6382" />
    <nd ref="6383" />
    <nd ref="6384" />
    <nd ref="6385" />
    <nd ref="6386" />
    <nd ref="6387" />
    <nd ref="6388" />
    <nd ref="6389" />
    <nd ref="6390" />
    <nd ref="6391" />
    <nd ref="6392" />
    <nd ref="6393" />
    <nd ref="6394" />
    <nd ref="6395" />
    <nd ref="6396" />
    <nd ref="6397" />
    <nd ref="6398" />
    <nd ref="6399" />
    <nd ref="6400" />
    <nd ref="6401" />
    <nd ref="6402" />
    <nd ref="6403" />
    <nd ref="6404" />
    <nd ref="6405" />
    <nd ref="6406" />
    <nd ref="6407" />
    <nd ref="6408" />
    <nd ref="6409" />
    <nd ref="6410" />
    <nd ref="6411" />
    <nd ref="6412" />
    <nd ref="6413" />
    <nd ref="6414" />
    <nd ref="6415" />
    <nd ref="6416" />
    <nd ref="6417" />
    <nd ref="6418" />
    <nd ref="6419" />
    <nd ref="6420" />
    <nd ref="6421" />
    <nd ref="6422" />
    <nd ref="6423" />
    <nd ref="6424" />
    <nd ref="6425" />
    <nd ref="6426" />
    <nd ref="6427" />
    <nd ref="6428" />
    <nd ref="6429" />
    <nd ref="6430" />
    <nd ref="6431" />
    <nd ref="6432" />
    <nd ref="6433" />
    <nd ref="6434" />
    <nd ref="6435" />
    <nd ref="6436" />
    <nd ref="6437" />
    <nd ref="6438" />
    <nd ref="6439" />
    <nd ref="6440" />
    <nd ref="6441" />
    <nd ref="6442" />
    <nd ref="6443" />
    <nd ref="6444" />
    <nd ref="6445" />
    <nd ref="6446" />
    <nd ref="6447" />
    <nd ref="6448" />
    <nd ref="6449" />
    <nd ref="6450" />
    <nd ref="6451" />
    <nd ref="6452" />
    <nd ref="6453" />
    <nd ref="6454" />
    <nd ref="6455" />
    <nd ref="6456" />
    <nd ref="6457" />
    <nd ref="6458" />
    <nd ref="6459" />
    <nd ref="6460" />
    <nd ref="6461" />
    <nd ref="6462" />
    <nd ref="6463" />
    <nd ref="6464" />
    <nd ref="6465" />
    <nd ref="6466" />
    <nd ref="6467" />
    <nd ref="6468" />
    <nd ref="6469" />
    <nd ref="6470" />
    <nd ref="6471" />
    <nd ref="6472" />
    <nd ref="6473" />
    <nd ref="6474" />
    <nd ref="6475" />
    <nd ref="6476" />
    <nd ref="6477" />
    <nd ref="6478" />
    <nd ref="6479" />
    <nd ref="6480" />
    <nd ref="6481" />
    <nd ref="6482" />
    <nd ref="6483" />
    <nd ref="6484" />
    <nd ref="6485" />
    <nd ref="6486" />
    <nd ref="6487" />
    <nd ref="6488" />
    <nd ref="6489" />
    <nd ref="6490" />
    <nd ref="6491" />
    <nd ref="6492" />
    <nd ref="6493" />
    <nd ref="6494" />
    <nd ref="6495" />
    <nd ref="6496" />
    <nd ref="6497" />
    <nd ref="6498" />
    <nd ref="6499" />
    <nd ref="6500" />
    <nd ref="6501" />
    <nd ref="6502" />
    <nd ref="6503" />
    <nd ref="6504" />
    <nd ref="6505" />
    <nd ref="6506" />
    <nd ref="6507" />
    <nd ref="6508" />
    <nd ref="6509" />
    <nd ref="6510" />
    <nd ref="6511" />
    <nd ref="6512" />
    <nd ref="6513" />
    <nd ref="6514" />
    <nd ref="6515" />
    <nd ref="6516" />
    <nd ref="6517" />
    <nd ref="6518" />
    <nd ref="6519" />
    <nd ref="6520" />
    <nd ref="6521" />
    <nd ref="6522" />
    <nd ref="6523" />
    <nd ref="6524" />
    <nd ref="6525" />
    <nd ref="6526" />
    <nd ref="6527" />
    <nd ref="6528" />
    <nd ref="6529" />
    <nd ref="6530" />
    <nd ref="6531" />
    <nd ref="6532" />
    <nd ref="6533" />
    <nd ref="6534" />
    <nd ref="6535" />
    <nd ref="6536" />
    <nd ref="6537" />
    <nd ref="6538" />
    <nd ref="6539" />
    <nd ref="6540" />
    <nd ref="6541" />
    <nd ref="6542" />
    <nd ref="6543" />
    <nd ref="6544" />
    <nd ref="6545" />
    <nd ref="6546" />
    <nd ref="6547" />
    <nd ref="6548" />
    <nd ref="6549" />
    <nd ref="6550" />
    <nd ref="6551" />
    <nd ref="6552" />
    <nd ref="6553" />
    <nd ref="6554" />
    <nd ref="6555" />
    <nd ref="6556" />
    <nd ref="6557" />
    <nd ref="6558" />
    <nd ref="6559" />
    <nd ref="6560" />
    <nd ref="6561" />
    <nd ref="6562" />
    <nd ref="6563" />
    <nd ref="6564" />
    <nd ref="6565" />
    <nd ref="6566" />
    <nd ref="6567" />
    <nd ref="6568" />
    <nd ref="6569" />
    <nd ref="6570" />
    <nd ref="6571" />
    <nd ref="6572" />
    <nd ref="6573" />
    <nd ref="6574" />
    <nd ref="6575" />
    <nd ref="6576" />
    <nd ref="6577" />
    <nd ref="6578" />
    <nd ref="6579" />
    <nd ref="6580" />
    <nd ref="6581" />
    <nd ref="6582" />
    <nd ref="6583" />
    <nd ref="6584" />
    <nd ref="6585" />
    <nd ref="6586" />
    <nd ref="6587" />
    <nd ref="6588" />
    <nd ref="6589" />
    <nd ref="6590" />
    <nd ref="6591" />
    <nd ref="6592" />
    <nd ref="6593" />
    <nd ref="6594" />
    <nd ref="6595" />
    <nd ref="6596" />
    <nd ref="6597" />
    <nd ref="6598" />
    <nd ref="6599" />
    <nd ref="6600" />
    <nd ref="6601" />
    <nd ref="6602" />
    <nd ref="6603" />
    <nd ref="6604" />
    <nd ref="6605" />
    <nd ref="6606" />
    <nd ref="6607" />
    <nd ref="6608" />
    <nd ref="6609" />
    <nd ref="6610" />
    <nd ref="6611" />
    <nd ref="6612" />
    <nd ref="6613" />
    <nd ref="6614" />
    <nd ref="6615" />
    <nd ref="6616" />
    <nd ref="6617" />
    <nd ref="6618" />
    <nd ref="6619" />
    <nd ref="6620" />
    <nd ref="6621" />
    <nd ref="6622" />
    <nd ref="6623" />
    <nd ref="6624" />
    <nd ref="6625" />
    <nd ref="6626" />
    <nd ref="6627" />
    <nd ref="6628" />
    <nd ref="6629" />
    <nd ref="6630" />
    <nd ref="6631" />
    <nd ref="6632" />
    <nd ref="6633" />
    <nd ref="6634" />
    <nd ref="6635" />
    <nd ref="6636" />
    <nd ref="6637" />
    <nd ref="6638" />
    <nd ref="6639" />
    <nd ref="6640" />
    <nd ref="6641" />
    <nd ref="6642" />
    <nd ref="6643" />
    <nd ref="6644" />
    <nd ref="6645" />
    <nd ref="6646" />
    <nd ref="6647" />
    <nd ref="6648" />
    <nd ref="6649" />
    <nd ref="6650" />
    <nd ref="6651" />
    <nd ref="6652" />
    <nd ref="6653" />
    <nd ref="6654" />
    <nd ref="6655" />
    <nd ref="6656" />
    <nd ref="6657" />
    <nd ref="6658" />
    <nd ref="6659" />
    <nd ref="6660" />
    <nd ref="6661" />
    <nd ref="6662" />
    <nd ref="6663" />
    <nd ref="6664" />
    <nd ref="6665" />
    <nd ref="6666" />
    <nd ref="6667" />
    <nd ref="6668" />
    <nd ref="6669" />
    <nd ref="6670" />
    <nd ref="6671" />
    <nd ref="6672" />
    <nd ref="6673" />
    <nd ref="6674" />
    <nd ref="6675" />
    <nd ref="6676" />
    <nd ref="6677" />
    <nd ref="6678" />
    <nd ref="6679" />
    <nd ref="6680" />
    <nd ref="6681" />
    <nd ref="6682" />
    <nd ref="6683" />
    <nd ref="6684" />
    <nd ref="6685" />
    <nd ref="6686" />
    <nd ref="6687" />
    <nd ref="6688" />
    <nd ref="6689" />
    <nd ref="6690" />
    <nd ref="6691" />
    <nd ref="6692" />
    <nd ref="6693" />
    <nd ref="6694" />
    <nd ref="6695" />
    <nd ref="6696" />
    <nd ref="6697" />
    <nd ref="6698" />
    <nd ref="6699" />
    <nd ref="6700" />
    <nd ref="6701" />
    <nd ref="6702" />
    <nd ref="6703" />
    <nd ref="6704" />
    <nd ref="6705" />
    <nd ref="6706" />
    <nd ref="6707" />
    <nd ref="6708" />
    <nd ref="6709" />
    <nd ref="6710" />
    <nd ref="6711" />
    <nd ref="6712" />
    <nd ref="6713" />
    <nd ref="6714" />
    <nd ref="6715" />
    <nd ref="6716" />
    <nd ref="6717" />
    <nd ref="6718" />
    <nd ref="6719" />
    <nd ref="6720" />
    <nd ref="6721" />
    <nd ref="6722" />
    <nd ref="6723" />
    <nd ref="6724" />
    <nd ref="6725" />
    <nd ref="6726" />
    <nd ref="6727" />
    <nd ref="6728" />
    <nd ref="6729" />
    <nd ref="6730" />
    <nd ref="6731" />
    <nd ref="6732" />
    <nd ref="6733" />
    <nd ref="6734" />
    <nd ref="6735" />
    <nd ref="6736" />
    <nd ref="6737" />
    <nd ref="6738" />
    <nd ref="6739" />
    <nd ref="6740" />
    <nd ref="6741" />
    <nd ref="6742" />
    <nd ref="6743" />
    <nd ref="6744" />
    <nd ref="6745" />
    <nd ref="6746" />
    <nd ref="6747" />
    <nd ref="6748" />
    <nd ref="6749" />
    <nd ref="6750" />
    <nd ref="6751" />
    <nd ref="6752" />
    <nd ref="6753" />
    <nd ref="6754" />
    <nd ref="6755" />
    <nd ref="6756" />
    <nd ref="6757" />
    <nd ref="6758" />
    <nd ref="6759" />
    <nd ref="6760" />
    <nd ref="6761" />
    <nd ref="6762" />
    <nd ref="6763" />
    <nd ref="6764" />
    <nd ref="6765" />
    <nd ref="6766" />
    <nd ref="6767" />
    <nd ref="6768" />
    <nd ref="6769" />
    <nd ref="6770" />
    <nd ref="6771" />
    <nd ref="6772" />
    <nd ref="6773" />
    <nd ref="6774" />
    <nd ref="6775" />
    <nd ref="6776" />
    <nd ref="6777" />
    <nd ref="6778" />
    <nd ref="6779" />
    <nd ref="6780" />
    <nd ref="6781" />
    <nd ref="6782" />
    <nd ref="6783" />
    <nd ref="6784" />
    <nd ref="6785" />
    <nd ref="6786" />
    <nd ref="6787" />
    <nd ref="6788" />
    <nd ref="6789" />
    <nd ref="6790" />
    <nd ref="6791" />
    <nd ref="6792" />
    <nd ref="6793" />
    <nd ref="6794" />
    <nd ref="6795" />
    <nd ref="6796" />
    <nd ref="6797" />
    <nd ref="6798" />
    <nd ref="6799" />
    <nd ref="6800" />
    <nd ref="6801" />
    <nd ref="6802" />
    <nd ref="6803" />
    <nd ref="6804" />
    <nd ref="6805" />
    <nd ref="6806" />
    <nd ref="6807" />
    <nd ref="6808" />
    <nd ref="6809" />
    <nd ref="6810" />
    <nd ref="6811" />
    <nd ref="6812" />
    <nd ref="6813" />
    <nd ref="6814" />
    <nd ref="6815" />
    <nd ref="6816" />
    <nd ref="6817" />
    <nd ref="6818" />
    <nd ref="6819" />
    <nd ref="6820" />
    <nd ref="6821" />
    <nd ref="6822" />
    <nd ref="6823" />
    <nd ref="6824" />
    <nd ref="6825" />
    <nd ref="6826" />
    <nd ref="6827" />
    <nd ref="6828" />
    <nd ref="6829" />
    <nd ref="6830" />
    <nd ref="6831" />
    <nd ref="6832" />
    <nd ref="6833" />
    <nd ref="6834" />
    <nd ref="6835" />
    <nd ref="6836" />
    <nd ref="6837" />
    <nd ref="6838" />
    <nd ref="6839" />
    <nd ref="6840" />
    <nd ref="6841" />
    <nd ref="6842" />
    <nd ref="6843" />
    <nd ref="6844" />
    <nd ref="6845" />
    <nd ref="6846" />
    <nd ref="6847" />
    <nd ref="6848" />
    <nd ref="6849" />
    <nd ref="6850" />
    <nd ref="6851" />
    <nd ref="6852" />
    <nd ref="6853" />
    <nd ref="6854" />
    <nd ref="6855" />
    <nd ref="6856" />
    <nd ref="6857" />
    <nd ref="6858" />
    <nd ref="6859" />
    <nd ref="6860" />
    <nd ref="6861" />
    <nd ref="6862" />
    <nd ref="6863" />
    <nd ref="6864" />
    <nd ref="6865" />
    <nd ref="6866" />
    <nd ref="6867" />
    <nd ref="6868" />
    <nd ref="6869" />
    <nd ref="6870" />
    <nd ref="6871" />
    <nd ref="6872" />
    <nd ref="6873" />
    <nd ref="6874" />
    <nd ref="6875" />
    <nd ref="6876" />
    <nd ref="6877" />
    <nd ref="6878" />
    <nd ref="6879" />
    <nd ref="6880" />
    <nd ref="6881" />
    <nd ref="6882" />
    <nd ref="6883" />
    <nd ref="6884" />
    <nd ref="6885" />
    <nd ref="6886" />
    <nd ref="6887" />
    <nd ref="6888" />
    <nd ref="6889" />
    <nd ref="6890" />
    <nd ref="6891" />
    <nd ref="6892" />
    <nd ref="6893" />
    <nd ref="6894" />
    <nd ref="6895" />
    <nd ref="6896" />
    <nd ref="6897" />
    <nd ref="6898" />
    <nd ref="6899" />
    <nd ref="6900" />
    <nd ref="6901" />
    <nd ref="6902" />
    <nd ref="6903" />
    <nd ref="6904" />
    <nd ref="6905" />
    <nd ref="6906" />
    <nd ref="6907" />
    <nd ref="6908" />
    <nd ref="6909" />
    <nd ref="6910" />
    <nd ref="6911" />
    <nd ref="6912" />
    <nd ref="6913" />
    <nd ref="6914" />
    <nd ref="6915" />
    <nd ref="6916" />
  </way>
  <relation id="6919" visible="true" version="1">
    <member type="way" ref="6917" role="left" />
    <member type="way" ref="6918" role="right" />
    <tag k="one_way" v="yes" />
    <tag k="subtype" v="road" />
    <tag k="type" v="lanelet" />
  </relation>
</osm>
