<?xml version="1.0" encoding="UTF-8"?>
<osm version="0.6" generator="VMB">
  <MetaInfo format_version="1" map_version="15" validation_version="1"/>
  <node version="1" id="10" lat="" lon="">
    <tag k="local_x" v="-2.5208"/>
    <tag k="local_y" v="48.6376"/>
    <tag k="ele" v="-2.3107"/>
  </node>
  <node version="1" id="11" lat="" lon="">
    <tag k="local_x" v="-0.9709"/>
    <tag k="local_y" v="41.8817"/>
    <tag k="ele" v="-2.3444"/>
  </node>
  <node version="1" id="13" lat="" lon="">
    <tag k="local_x" v="2.9994"/>
    <tag k="local_y" v="49.336"/>
    <tag k="ele" v="-2.3107"/>
  </node>
  <node version="1" id="14" lat="" lon="">
    <tag k="local_x" v="4.5493"/>
    <tag k="local_y" v="42.5802"/>
    <tag k="ele" v="-2.3444"/>
  </node>
  <node version="1" id="17" lat="" lon="">
    <tag k="local_x" v="1.396"/>
    <tag k="local_y" v="32.2199"/>
    <tag k="ele" v="-2.3576"/>
  </node>
  <node version="1" id="19" lat="" lon="">
    <tag k="local_x" v="6.7126"/>
    <tag k="local_y" v="32.7309"/>
    <tag k="ele" v="-2.3576"/>
  </node>
  <node version="1" id="22" lat="" lon="">
    <tag k="local_x" v="6.4449"/>
    <tag k="local_y" v="11.5739"/>
    <tag k="ele" v="-2.4595"/>
  </node>
  <node version="1" id="24" lat="" lon="">
    <tag k="local_x" v="11.7129"/>
    <tag k="local_y" v="12.0328"/>
    <tag k="ele" v="-2.4595"/>
  </node>
  <node version="1" id="38" lat="" lon="">
    <tag k="local_x" v="-80.0506"/>
    <tag k="local_y" v="-245.4723"/>
    <tag k="ele" v="1.8531"/>
  </node>
  <node version="1" id="39" lat="" lon="">
    <tag k="local_x" v="-71.2365"/>
    <tag k="local_y" v="-238.1564"/>
    <tag k="ele" v="1.3676"/>
  </node>
  <node version="1" id="41" lat="" lon="">
    <tag k="local_x" v="-81.7883"/>
    <tag k="local_y" v="-243.3087"/>
    <tag k="ele" v="1.8531"/>
  </node>
  <node version="1" id="42" lat="" lon="">
    <tag k="local_x" v="-72.9917"/>
    <tag k="local_y" v="-236.0067"/>
    <tag k="ele" v="1.3676"/>
  </node>
  <node version="1" id="45" lat="" lon="">
    <tag k="local_x" v="-62.1509"/>
    <tag k="local_y" v="-230.3444"/>
    <tag k="ele" v="1.0044"/>
  </node>
  <node version="1" id="46" lat="" lon="">
    <tag k="local_x" v="-63.8866"/>
    <tag k="local_y" v="-228.1775"/>
    <tag k="ele" v="1.0044"/>
  </node>
  <node version="1" id="47" lat="" lon="">
    <tag k="local_x" v="-54.5049"/>
    <tag k="local_y" v="-224.3121"/>
    <tag k="ele" v="0.7577"/>
  </node>
  <node version="1" id="48" lat="" lon="">
    <tag k="local_x" v="-56.2231"/>
    <tag k="local_y" v="-222.1306"/>
    <tag k="ele" v="0.7577"/>
  </node>
  <node version="1" id="49" lat="" lon="">
    <tag k="local_x" v="-47.5067"/>
    <tag k="local_y" v="-218.4461"/>
    <tag k="ele" v="0.5365"/>
  </node>
  <node version="1" id="50" lat="" lon="">
    <tag k="local_x" v="-49.3319"/>
    <tag k="local_y" v="-216.3567"/>
    <tag k="ele" v="0.5365"/>
  </node>
  <node version="1" id="51" lat="" lon="">
    <tag k="local_x" v="-39.7305"/>
    <tag k="local_y" v="-210.8553"/>
    <tag k="ele" v="0.2562"/>
  </node>
  <node version="1" id="52" lat="" lon="">
    <tag k="local_x" v="-41.6864"/>
    <tag k="local_y" v="-208.894"/>
    <tag k="ele" v="0.2562"/>
  </node>
  <node version="1" id="53" lat="" lon="">
    <tag k="local_x" v="-31.6929"/>
    <tag k="local_y" v="-201.7733"/>
    <tag k="ele" v="-0.0563"/>
  </node>
  <node version="1" id="54" lat="" lon="">
    <tag k="local_x" v="-33.7409"/>
    <tag k="local_y" v="-199.9146"/>
    <tag k="ele" v="-0.0563"/>
  </node>
  <node version="1" id="55" lat="" lon="">
    <tag k="local_x" v="-25.3332"/>
    <tag k="local_y" v="-193.8938"/>
    <tag k="ele" v="-0.3288"/>
  </node>
  <node version="1" id="56" lat="" lon="">
    <tag k="local_x" v="-27.3883"/>
    <tag k="local_y" v="-192.0438"/>
    <tag k="ele" v="-0.3288"/>
  </node>
  <node version="1" id="57" lat="" lon="">
    <tag k="local_x" v="-20.8761"/>
    <tag k="local_y" v="-188.9099"/>
    <tag k="ele" v="-0.5278"/>
  </node>
  <node version="1" id="58" lat="" lon="">
    <tag k="local_x" v="-22.8646"/>
    <tag k="local_y" v="-186.9835"/>
    <tag k="ele" v="-0.5278"/>
  </node>
  <node version="1" id="59" lat="" lon="">
    <tag k="local_x" v="-17.7334"/>
    <tag k="local_y" v="-186.1027"/>
    <tag k="ele" v="-0.5942"/>
  </node>
  <node version="1" id="60" lat="" lon="">
    <tag k="local_x" v="-20.4581"/>
    <tag k="local_y" v="-184.5442"/>
    <tag k="ele" v="-0.5942"/>
  </node>
  <node version="1" id="80" lat="" lon="">
    <tag k="local_x" v="-139.5337"/>
    <tag k="local_y" v="111.4274"/>
    <tag k="ele" v="-1.8405"/>
  </node>
  <node version="1" id="81" lat="" lon="">
    <tag k="local_x" v="-138.766"/>
    <tag k="local_y" v="103.0678"/>
    <tag k="ele" v="-1.832"/>
  </node>
  <node version="1" id="83" lat="" lon="">
    <tag k="local_x" v="-137.5421"/>
    <tag k="local_y" v="111.6103"/>
    <tag k="ele" v="-1.8405"/>
  </node>
  <node version="1" id="84" lat="" lon="">
    <tag k="local_x" v="-136.7744"/>
    <tag k="local_y" v="103.2507"/>
    <tag k="ele" v="-1.832"/>
  </node>
  <node version="1" id="87" lat="" lon="">
    <tag k="local_x" v="-142.0023"/>
    <tag k="local_y" v="137.5784"/>
    <tag k="ele" v="-1.7549"/>
  </node>
  <node version="1" id="88" lat="" lon="">
    <tag k="local_x" v="-140.4718"/>
    <tag k="local_y" v="119.1871"/>
    <tag k="ele" v="-1.8192"/>
  </node>
  <node version="1" id="90" lat="" lon="">
    <tag k="local_x" v="-139.511"/>
    <tag k="local_y" v="137.7857"/>
    <tag k="ele" v="-1.7549"/>
  </node>
  <node version="1" id="91" lat="" lon="">
    <tag k="local_x" v="-137.9804"/>
    <tag k="local_y" v="119.3944"/>
    <tag k="ele" v="-1.8192"/>
  </node>
  <node version="1" id="97" lat="" lon="">
    <tag k="local_x" v="-132.6678"/>
    <tag k="local_y" v="51.0131"/>
    <tag k="ele" v="-1.9132"/>
  </node>
  <node version="1" id="99" lat="" lon="">
    <tag k="local_x" v="-128.8948"/>
    <tag k="local_y" v="51.1996"/>
    <tag k="ele" v="-1.9132"/>
  </node>
  <node version="1" id="102" lat="" lon="">
    <tag k="local_x" v="-133.5271"/>
    <tag k="local_y" v="96.8142"/>
    <tag k="ele" v="-1.8726"/>
  </node>
  <node version="1" id="103" lat="" lon="">
    <tag k="local_x" v="-138.0409"/>
    <tag k="local_y" v="96.5688"/>
    <tag k="ele" v="-1.8726"/>
  </node>
  <node version="1" id="109" lat="" lon="">
    <tag k="local_x" v="-133.2806"/>
    <tag k="local_y" v="46.3743"/>
    <tag k="ele" v="-2.0322"/>
  </node>
  <node version="1" id="111" lat="" lon="">
    <tag k="local_x" v="-128.861"/>
    <tag k="local_y" v="45.1284"/>
    <tag k="ele" v="-2.0322"/>
  </node>
  <node version="1" id="114" lat="" lon="">
    <tag k="local_x" v="-134.1324"/>
    <tag k="local_y" v="41.3446"/>
    <tag k="ele" v="-2.0834"/>
  </node>
  <node version="1" id="115" lat="" lon="">
    <tag k="local_x" v="-130.676"/>
    <tag k="local_y" v="40.1663"/>
    <tag k="ele" v="-2.0834"/>
  </node>
  <node version="1" id="116" lat="" lon="">
    <tag k="local_x" v="-134.4266"/>
    <tag k="local_y" v="36.0618"/>
    <tag k="ele" v="-2.1197"/>
  </node>
  <node version="1" id="117" lat="" lon="">
    <tag k="local_x" v="-131.3404"/>
    <tag k="local_y" v="36.0619"/>
    <tag k="ele" v="-2.1197"/>
  </node>
  <node version="1" id="118" lat="" lon="">
    <tag k="local_x" v="-133.3148"/>
    <tag k="local_y" v="26.3707"/>
    <tag k="ele" v="-2.1132"/>
  </node>
  <node version="1" id="119" lat="" lon="">
    <tag k="local_x" v="-130.2664"/>
    <tag k="local_y" v="26.8334"/>
    <tag k="ele" v="-2.1132"/>
  </node>
  <node version="1" id="120" lat="" lon="">
    <tag k="local_x" v="-132.2022"/>
    <tag k="local_y" v="16.4355"/>
    <tag k="ele" v="-2.0807"/>
  </node>
  <node version="1" id="122" lat="" lon="">
    <tag k="local_x" v="-128.2389"/>
    <tag k="local_y" v="17.4608"/>
    <tag k="ele" v="-2.0807"/>
  </node>
  <node version="1" id="127" lat="" lon="">
    <tag k="local_x" v="-128.3013"/>
    <tag k="local_y" v="5.7536"/>
    <tag k="ele" v="-1.978"/>
  </node>
  <node version="1" id="128" lat="" lon="">
    <tag k="local_x" v="-123.1729"/>
    <tag k="local_y" v="6.9158"/>
    <tag k="ele" v="-1.978"/>
  </node>
  <node version="1" id="129" lat="" lon="">
    <tag k="local_x" v="-127.6622"/>
    <tag k="local_y" v="-0.7636"/>
    <tag k="ele" v="-1.9864"/>
  </node>
  <node version="1" id="130" lat="" lon="">
    <tag k="local_x" v="-122.3261"/>
    <tag k="local_y" v="-0.2663"/>
    <tag k="ele" v="-1.9864"/>
  </node>
  <node version="1" id="133" lat="" lon="">
    <tag k="local_x" v="-112.5153"/>
    <tag k="local_y" v="-11.5294"/>
    <tag k="ele" v="-1.933"/>
  </node>
  <node version="1" id="134" lat="" lon="">
    <tag k="local_x" v="-104.1837"/>
    <tag k="local_y" v="-10.7447"/>
    <tag k="ele" v="-1.9033"/>
  </node>
  <node version="1" id="136" lat="" lon="">
    <tag k="local_x" v="-112.6316"/>
    <tag k="local_y" v="-7.8683"/>
    <tag k="ele" v="-1.933"/>
  </node>
  <node version="1" id="137" lat="" lon="">
    <tag k="local_x" v="-104.4721"/>
    <tag k="local_y" v="-7.0931"/>
    <tag k="ele" v="-1.9033"/>
  </node>
  <node version="1" id="140" lat="" lon="">
    <tag k="local_x" v="-92.0247"/>
    <tag k="local_y" v="-9.5543"/>
    <tag k="ele" v="-1.9014"/>
  </node>
  <node version="1" id="141" lat="" lon="">
    <tag k="local_x" v="-92.3259"/>
    <tag k="local_y" v="-5.904"/>
    <tag k="ele" v="-1.9014"/>
  </node>
  <node version="1" id="142" lat="" lon="">
    <tag k="local_x" v="-68.9844"/>
    <tag k="local_y" v="-7.1922"/>
    <tag k="ele" v="-1.9127"/>
  </node>
  <node version="1" id="143" lat="" lon="">
    <tag k="local_x" v="-69.2812"/>
    <tag k="local_y" v="-3.7383"/>
    <tag k="ele" v="-1.9127"/>
  </node>
  <node version="1" id="169" lat="" lon="">
    <tag k="local_x" v="-60.9312"/>
    <tag k="local_y" v="-6.4204"/>
    <tag k="ele" v="-1.8736"/>
  </node>
  <node version="1" id="171" lat="" lon="">
    <tag k="local_x" v="-61.2489"/>
    <tag k="local_y" v="-2.917"/>
    <tag k="ele" v="-1.8736"/>
  </node>
  <node version="1" id="189" lat="" lon="">
    <tag k="local_x" v="-52.3811"/>
    <tag k="local_y" v="-5.9045"/>
    <tag k="ele" v="-1.8465"/>
  </node>
  <node version="1" id="190" lat="" lon="">
    <tag k="local_x" v="-52.6964"/>
    <tag k="local_y" v="-2.1184"/>
    <tag k="ele" v="-1.8465"/>
  </node>
  <node version="1" id="191" lat="" lon="">
    <tag k="local_x" v="-44.7164"/>
    <tag k="local_y" v="-5.764"/>
    <tag k="ele" v="-1.8297"/>
  </node>
  <node version="1" id="193" lat="" lon="">
    <tag k="local_x" v="-44.999"/>
    <tag k="local_y" v="-1.4018"/>
    <tag k="ele" v="-1.8297"/>
  </node>
  <node version="1" id="196" lat="" lon="">
    <tag k="local_x" v="-35.5844"/>
    <tag k="local_y" v="-4.9757"/>
    <tag k="ele" v="-1.8159"/>
  </node>
  <node version="1" id="198" lat="" lon="">
    <tag k="local_x" v="-36.1922"/>
    <tag k="local_y" v="0.4486"/>
    <tag k="ele" v="-1.8159"/>
  </node>
  <node version="1" id="201" lat="" lon="">
    <tag k="local_x" v="-174.307"/>
    <tag k="local_y" v="140.5076"/>
    <tag k="ele" v="-1.709"/>
  </node>
  <node version="1" id="202" lat="" lon="">
    <tag k="local_x" v="-151.5028"/>
    <tag k="local_y" v="142.8499"/>
    <tag k="ele" v="-1.6401"/>
  </node>
  <node version="1" id="204" lat="" lon="">
    <tag k="local_x" v="-174.593"/>
    <tag k="local_y" v="143.2929"/>
    <tag k="ele" v="-1.709"/>
  </node>
  <node version="1" id="205" lat="" lon="">
    <tag k="local_x" v="-151.7888"/>
    <tag k="local_y" v="145.6352"/>
    <tag k="ele" v="-1.6401"/>
  </node>
  <node version="1" id="208" lat="" lon="">
    <tag k="local_x" v="-147.392"/>
    <tag k="local_y" v="145.8768"/>
    <tag k="ele" v="-1.6326"/>
  </node>
  <node version="1" id="209" lat="" lon="">
    <tag k="local_x" v="-145.8073"/>
    <tag k="local_y" v="145.5362"/>
    <tag k="ele" v="-1.6326"/>
  </node>
  <node version="1" id="210" lat="" lon="">
    <tag k="local_x" v="-144.1937"/>
    <tag k="local_y" v="144.844"/>
    <tag k="ele" v="-1.6326"/>
  </node>
  <node version="1" id="211" lat="" lon="">
    <tag k="local_x" v="-142.7517"/>
    <tag k="local_y" v="143.8488"/>
    <tag k="ele" v="-1.6326"/>
  </node>
  <node version="1" id="212" lat="" lon="">
    <tag k="local_x" v="-141.5372"/>
    <tag k="local_y" v="142.5911"/>
    <tag k="ele" v="-1.6326"/>
  </node>
  <node version="1" id="213" lat="" lon="">
    <tag k="local_x" v="-140.597"/>
    <tag k="local_y" v="141.1216"/>
    <tag k="ele" v="-1.6326"/>
  </node>
  <node version="1" id="214" lat="" lon="">
    <tag k="local_x" v="-140.0084"/>
    <tag k="local_y" v="139.6196"/>
    <tag k="ele" v="-1.6326"/>
  </node>
  <node version="1" id="215" lat="" lon="">
    <tag k="local_x" v="-147.9367"/>
    <tag k="local_y" v="143.1303"/>
    <tag k="ele" v="-1.6326"/>
  </node>
  <node version="1" id="216" lat="" lon="">
    <tag k="local_x" v="-146.6109"/>
    <tag k="local_y" v="142.8936"/>
    <tag k="ele" v="-1.6326"/>
  </node>
  <node version="1" id="217" lat="" lon="">
    <tag k="local_x" v="-145.4853"/>
    <tag k="local_y" v="142.4453"/>
    <tag k="ele" v="-1.6326"/>
  </node>
  <node version="1" id="218" lat="" lon="">
    <tag k="local_x" v="-144.4673"/>
    <tag k="local_y" v="141.7815"/>
    <tag k="ele" v="-1.6326"/>
  </node>
  <node version="1" id="219" lat="" lon="">
    <tag k="local_x" v="-143.5978"/>
    <tag k="local_y" v="140.9271"/>
    <tag k="ele" v="-1.6326"/>
  </node>
  <node version="1" id="220" lat="" lon="">
    <tag k="local_x" v="-142.9121"/>
    <tag k="local_y" v="139.9146"/>
    <tag k="ele" v="-1.6326"/>
  </node>
  <node version="1" id="221" lat="" lon="">
    <tag k="local_x" v="-142.3968"/>
    <tag k="local_y" v="138.6624"/>
    <tag k="ele" v="-1.6326"/>
  </node>
  <node version="1" id="225" lat="" lon="">
    <tag k="local_x" v="-160.3508"/>
    <tag k="local_y" v="144.7558"/>
    <tag k="ele" v="-1.6745"/>
  </node>
  <node version="1" id="226" lat="" lon="">
    <tag k="local_x" v="-160.0647"/>
    <tag k="local_y" v="141.9705"/>
    <tag k="ele" v="-1.6745"/>
  </node>
  <node version="1" id="232" lat="" lon="">
    <tag k="local_x" v="-129.9771"/>
    <tag k="local_y" v="145.4862"/>
    <tag k="ele" v="-1.7555"/>
  </node>
  <node version="1" id="233" lat="" lon="">
    <tag k="local_x" v="-94.5216"/>
    <tag k="local_y" v="148.9193"/>
    <tag k="ele" v="-1.8406"/>
  </node>
  <node version="1" id="235" lat="" lon="">
    <tag k="local_x" v="-130.2374"/>
    <tag k="local_y" v="148.1737"/>
    <tag k="ele" v="-1.7555"/>
  </node>
  <node version="1" id="236" lat="" lon="">
    <tag k="local_x" v="-94.7819"/>
    <tag k="local_y" v="151.6068"/>
    <tag k="ele" v="-1.8406"/>
  </node>
  <node version="1" id="242" lat="" lon="">
    <tag k="local_x" v="-134.9455"/>
    <tag k="local_y" v="122.3049"/>
    <tag k="ele" v="-1.7523"/>
  </node>
  <node version="1" id="243" lat="" lon="">
    <tag k="local_x" v="-136.1081"/>
    <tag k="local_y" v="133.3793"/>
    <tag k="ele" v="-1.7361"/>
  </node>
  <node version="1" id="245" lat="" lon="">
    <tag k="local_x" v="-137.6308"/>
    <tag k="local_y" v="122.0231"/>
    <tag k="ele" v="-1.7523"/>
  </node>
  <node version="1" id="246" lat="" lon="">
    <tag k="local_x" v="-138.7933"/>
    <tag k="local_y" v="133.0975"/>
    <tag k="ele" v="-1.7361"/>
  </node>
  <node version="1" id="249" lat="" lon="">
    <tag k="local_x" v="-139.2589"/>
    <tag k="local_y" v="138.9253"/>
    <tag k="ele" v="-1.73"/>
  </node>
  <node version="1" id="250" lat="" lon="">
    <tag k="local_x" v="-139.0606"/>
    <tag k="local_y" v="140.3843"/>
    <tag k="ele" v="-1.73"/>
  </node>
  <node version="1" id="251" lat="" lon="">
    <tag k="local_x" v="-138.6089"/>
    <tag k="local_y" v="141.8971"/>
    <tag k="ele" v="-1.73"/>
  </node>
  <node version="1" id="252" lat="" lon="">
    <tag k="local_x" v="-137.925"/>
    <tag k="local_y" v="143.3202"/>
    <tag k="ele" v="-1.73"/>
  </node>
  <node version="1" id="253" lat="" lon="">
    <tag k="local_x" v="-137.0259"/>
    <tag k="local_y" v="144.618"/>
    <tag k="ele" v="-1.73"/>
  </node>
  <node version="1" id="254" lat="" lon="">
    <tag k="local_x" v="-135.9338"/>
    <tag k="local_y" v="145.7583"/>
    <tag k="ele" v="-1.73"/>
  </node>
  <node version="1" id="255" lat="" lon="">
    <tag k="local_x" v="-134.6761"/>
    <tag k="local_y" v="146.7127"/>
    <tag k="ele" v="-1.73"/>
  </node>
  <node version="1" id="256" lat="" lon="">
    <tag k="local_x" v="-133.2839"/>
    <tag k="local_y" v="147.4575"/>
    <tag k="ele" v="-1.73"/>
  </node>
  <node version="1" id="257" lat="" lon="">
    <tag k="local_x" v="-131.894"/>
    <tag k="local_y" v="147.9433"/>
    <tag k="ele" v="-1.73"/>
  </node>
  <node version="1" id="258" lat="" lon="">
    <tag k="local_x" v="-136.5825"/>
    <tag k="local_y" v="138.5693"/>
    <tag k="ele" v="-1.73"/>
  </node>
  <node version="1" id="259" lat="" lon="">
    <tag k="local_x" v="-136.4206"/>
    <tag k="local_y" v="139.8183"/>
    <tag k="ele" v="-1.73"/>
  </node>
  <node version="1" id="260" lat="" lon="">
    <tag k="local_x" v="-136.0907"/>
    <tag k="local_y" v="140.9231"/>
    <tag k="ele" v="-1.73"/>
  </node>
  <node version="1" id="261" lat="" lon="">
    <tag k="local_x" v="-135.5913"/>
    <tag k="local_y" v="141.9624"/>
    <tag k="ele" v="-1.73"/>
  </node>
  <node version="1" id="262" lat="" lon="">
    <tag k="local_x" v="-134.9346"/>
    <tag k="local_y" v="142.9101"/>
    <tag k="ele" v="-1.73"/>
  </node>
  <node version="1" id="263" lat="" lon="">
    <tag k="local_x" v="-134.1371"/>
    <tag k="local_y" v="143.7429"/>
    <tag k="ele" v="-1.73"/>
  </node>
  <node version="1" id="264" lat="" lon="">
    <tag k="local_x" v="-133.2186"/>
    <tag k="local_y" v="144.4398"/>
    <tag k="ele" v="-1.73"/>
  </node>
  <node version="1" id="265" lat="" lon="">
    <tag k="local_x" v="-132.202"/>
    <tag k="local_y" v="144.9837"/>
    <tag k="ele" v="-1.73"/>
  </node>
  <node version="1" id="266" lat="" lon="">
    <tag k="local_x" v="-131.0105"/>
    <tag k="local_y" v="145.3919"/>
    <tag k="ele" v="-1.73"/>
  </node>
  <node version="1" id="270" lat="" lon="">
    <tag k="local_x" v="-28.7765"/>
    <tag k="local_y" v="-4.3683"/>
    <tag k="ele" v="-1.8015"/>
  </node>
  <node version="1" id="272" lat="" lon="">
    <tag k="local_x" v="-28.9683"/>
    <tag k="local_y" v="1.3602"/>
    <tag k="ele" v="-1.8015"/>
  </node>
  <node version="1" id="275" lat="" lon="">
    <tag k="local_x" v="-16.3455"/>
    <tag k="local_y" v="-3.2471"/>
    <tag k="ele" v="-2.2396"/>
  </node>
  <node version="1" id="277" lat="" lon="">
    <tag k="local_x" v="-16.5972"/>
    <tag k="local_y" v="2.2422"/>
    <tag k="ele" v="-2.2396"/>
  </node>
  <node version="1" id="280" lat="" lon="">
    <tag k="local_x" v="2.646"/>
    <tag k="local_y" v="-1.5139"/>
    <tag k="ele" v="-2.2911"/>
  </node>
  <node version="1" id="281" lat="" lon="">
    <tag k="local_x" v="2.3555"/>
    <tag k="local_y" v="4.2938"/>
    <tag k="ele" v="-2.2911"/>
  </node>
  <node version="1" id="282" lat="" lon="">
    <tag k="local_x" v="-232.6509"/>
    <tag k="local_y" v="106.9315"/>
    <tag k="ele" v="-0.9226"/>
  </node>
  <node version="1" id="283" lat="" lon="">
    <tag k="local_x" v="-193.857"/>
    <tag k="local_y" v="133.6269"/>
    <tag k="ele" v="-1.6433"/>
  </node>
  <node version="1" id="285" lat="" lon="">
    <tag k="local_x" v="-234.175"/>
    <tag k="local_y" v="109.1599"/>
    <tag k="ele" v="-0.9226"/>
  </node>
  <node version="1" id="286" lat="" lon="">
    <tag k="local_x" v="-195.4572"/>
    <tag k="local_y" v="135.9921"/>
    <tag k="ele" v="-1.6433"/>
  </node>
  <node version="1" id="289" lat="" lon="">
    <tag k="local_x" v="-194.1966"/>
    <tag k="local_y" v="136.8286"/>
    <tag k="ele" v="-1.6433"/>
  </node>
  <node version="1" id="290" lat="" lon="">
    <tag k="local_x" v="-192.9379"/>
    <tag k="local_y" v="137.5984"/>
    <tag k="ele" v="-1.6433"/>
  </node>
  <node version="1" id="291" lat="" lon="">
    <tag k="local_x" v="-191.6304"/>
    <tag k="local_y" v="138.3352"/>
    <tag k="ele" v="-1.6433"/>
  </node>
  <node version="1" id="292" lat="" lon="">
    <tag k="local_x" v="-190.2973"/>
    <tag k="local_y" v="139.0247"/>
    <tag k="ele" v="-1.6433"/>
  </node>
  <node version="1" id="293" lat="" lon="">
    <tag k="local_x" v="-188.9405"/>
    <tag k="local_y" v="139.6659"/>
    <tag k="ele" v="-1.6433"/>
  </node>
  <node version="1" id="294" lat="" lon="">
    <tag k="local_x" v="-187.5616"/>
    <tag k="local_y" v="140.258"/>
    <tag k="ele" v="-1.6433"/>
  </node>
  <node version="1" id="295" lat="" lon="">
    <tag k="local_x" v="-186.1625"/>
    <tag k="local_y" v="140.8002"/>
    <tag k="ele" v="-1.6433"/>
  </node>
  <node version="1" id="296" lat="" lon="">
    <tag k="local_x" v="-184.7449"/>
    <tag k="local_y" v="141.292"/>
    <tag k="ele" v="-1.6433"/>
  </node>
  <node version="1" id="297" lat="" lon="">
    <tag k="local_x" v="-183.3107"/>
    <tag k="local_y" v="141.7325"/>
    <tag k="ele" v="-1.6433"/>
  </node>
  <node version="1" id="298" lat="" lon="">
    <tag k="local_x" v="-181.8616"/>
    <tag k="local_y" v="142.1214"/>
    <tag k="ele" v="-1.6433"/>
  </node>
  <node version="1" id="299" lat="" lon="">
    <tag k="local_x" v="-180.3997"/>
    <tag k="local_y" v="142.458"/>
    <tag k="ele" v="-1.6433"/>
  </node>
  <node version="1" id="300" lat="" lon="">
    <tag k="local_x" v="-178.9267"/>
    <tag k="local_y" v="142.742"/>
    <tag k="ele" v="-1.6433"/>
  </node>
  <node version="1" id="301" lat="" lon="">
    <tag k="local_x" v="-177.4694"/>
    <tag k="local_y" v="142.9693"/>
    <tag k="ele" v="-1.6433"/>
  </node>
  <node version="1" id="302" lat="" lon="">
    <tag k="local_x" v="-192.7025"/>
    <tag k="local_y" v="134.395"/>
    <tag k="ele" v="-1.6433"/>
  </node>
  <node version="1" id="303" lat="" lon="">
    <tag k="local_x" v="-191.4901"/>
    <tag k="local_y" v="135.1423"/>
    <tag k="ele" v="-1.6433"/>
  </node>
  <node version="1" id="304" lat="" lon="">
    <tag k="local_x" v="-190.2737"/>
    <tag k="local_y" v="135.8329"/>
    <tag k="ele" v="-1.6433"/>
  </node>
  <node version="1" id="305" lat="" lon="">
    <tag k="local_x" v="-189.0333"/>
    <tag k="local_y" v="136.4795"/>
    <tag k="ele" v="-1.6433"/>
  </node>
  <node version="1" id="306" lat="" lon="">
    <tag k="local_x" v="-187.7705"/>
    <tag k="local_y" v="137.0813"/>
    <tag k="ele" v="-1.6433"/>
  </node>
  <node version="1" id="307" lat="" lon="">
    <tag k="local_x" v="-186.4868"/>
    <tag k="local_y" v="137.6374"/>
    <tag k="ele" v="-1.6433"/>
  </node>
  <node version="1" id="308" lat="" lon="">
    <tag k="local_x" v="-185.1839"/>
    <tag k="local_y" v="138.1472"/>
    <tag k="ele" v="-1.6433"/>
  </node>
  <node version="1" id="309" lat="" lon="">
    <tag k="local_x" v="-183.8635"/>
    <tag k="local_y" v="138.6099"/>
    <tag k="ele" v="-1.6433"/>
  </node>
  <node version="1" id="310" lat="" lon="">
    <tag k="local_x" v="-182.5273"/>
    <tag k="local_y" v="139.0251"/>
    <tag k="ele" v="-1.6433"/>
  </node>
  <node version="1" id="311" lat="" lon="">
    <tag k="local_x" v="-181.1769"/>
    <tag k="local_y" v="139.3921"/>
    <tag k="ele" v="-1.6433"/>
  </node>
  <node version="1" id="312" lat="" lon="">
    <tag k="local_x" v="-179.8143"/>
    <tag k="local_y" v="139.7105"/>
    <tag k="ele" v="-1.6433"/>
  </node>
  <node version="1" id="313" lat="" lon="">
    <tag k="local_x" v="-178.4409"/>
    <tag k="local_y" v="139.9798"/>
    <tag k="ele" v="-1.6433"/>
  </node>
  <node version="1" id="314" lat="" lon="">
    <tag k="local_x" v="-177.0339"/>
    <tag k="local_y" v="140.2034"/>
    <tag k="ele" v="-1.6433"/>
  </node>
  <node version="1" id="318" lat="" lon="">
    <tag k="local_x" v="-254.9478"/>
    <tag k="local_y" v="49.5198"/>
    <tag k="ele" v="-0.0453"/>
  </node>
  <node version="1" id="319" lat="" lon="">
    <tag k="local_x" v="-258.9361"/>
    <tag k="local_y" v="73.5971"/>
    <tag k="ele" v="-0.3057"/>
  </node>
  <node version="1" id="321" lat="" lon="">
    <tag k="local_x" v="-257.4141"/>
    <tag k="local_y" v="49.1112"/>
    <tag k="ele" v="-0.0453"/>
  </node>
  <node version="1" id="322" lat="" lon="">
    <tag k="local_x" v="-261.4024"/>
    <tag k="local_y" v="73.1885"/>
    <tag k="ele" v="-0.3057"/>
  </node>
  <node version="1" id="325" lat="" lon="">
    <tag k="local_x" v="-250.3804"/>
    <tag k="local_y" v="94.1006"/>
    <tag k="ele" v="-0.5208"/>
  </node>
  <node version="1" id="326" lat="" lon="">
    <tag k="local_x" v="-237.8687"/>
    <tag k="local_y" v="103.4886"/>
    <tag k="ele" v="-0.7988"/>
  </node>
  <node version="1" id="328" lat="" lon="">
    <tag k="local_x" v="-251.992"/>
    <tag k="local_y" v="96.3455"/>
    <tag k="ele" v="-0.5208"/>
  </node>
  <node version="1" id="329" lat="" lon="">
    <tag k="local_x" v="-239.4705"/>
    <tag k="local_y" v="105.6702"/>
    <tag k="ele" v="-0.7988"/>
  </node>
  <node version="1" id="370" lat="" lon="">
    <tag k="local_x" v="-257.569"/>
    <tag k="local_y" v="82.4725"/>
    <tag k="ele" v="-0.4254"/>
  </node>
  <node version="1" id="371" lat="" lon="">
    <tag k="local_x" v="-254.7744"/>
    <tag k="local_y" v="88.2093"/>
    <tag k="ele" v="-0.4937"/>
  </node>
  <node version="1" id="373" lat="" lon="">
    <tag k="local_x" v="-259.8164"/>
    <tag k="local_y" v="83.5672"/>
    <tag k="ele" v="-0.4254"/>
  </node>
  <node version="1" id="374" lat="" lon="">
    <tag k="local_x" v="-257.0218"/>
    <tag k="local_y" v="89.304"/>
    <tag k="ele" v="-0.4937"/>
  </node>
  <node version="1" id="377" lat="" lon="">
    <tag k="local_x" v="-261.5838"/>
    <tag k="local_y" v="74.7226"/>
    <tag k="ele" v="-0.3057"/>
  </node>
  <node version="1" id="378" lat="" lon="">
    <tag k="local_x" v="-261.6282"/>
    <tag k="local_y" v="76.1565"/>
    <tag k="ele" v="-0.3057"/>
  </node>
  <node version="1" id="379" lat="" lon="">
    <tag k="local_x" v="-261.5443"/>
    <tag k="local_y" v="77.6438"/>
    <tag k="ele" v="-0.3057"/>
  </node>
  <node version="1" id="380" lat="" lon="">
    <tag k="local_x" v="-261.3297"/>
    <tag k="local_y" v="79.118"/>
    <tag k="ele" v="-0.3057"/>
  </node>
  <node version="1" id="381" lat="" lon="">
    <tag k="local_x" v="-260.986"/>
    <tag k="local_y" v="80.5675"/>
    <tag k="ele" v="-0.3057"/>
  </node>
  <node version="1" id="382" lat="" lon="">
    <tag k="local_x" v="-260.5345"/>
    <tag k="local_y" v="81.9292"/>
    <tag k="ele" v="-0.3057"/>
  </node>
  <node version="1" id="383" lat="" lon="">
    <tag k="local_x" v="-259.0851"/>
    <tag k="local_y" v="74.8022"/>
    <tag k="ele" v="-0.3057"/>
  </node>
  <node version="1" id="384" lat="" lon="">
    <tag k="local_x" v="-259.1285"/>
    <tag k="local_y" v="76.1258"/>
    <tag k="ele" v="-0.3057"/>
  </node>
  <node version="1" id="385" lat="" lon="">
    <tag k="local_x" v="-259.057"/>
    <tag k="local_y" v="77.3931"/>
    <tag k="ele" v="-0.3057"/>
  </node>
  <node version="1" id="386" lat="" lon="">
    <tag k="local_x" v="-258.8742"/>
    <tag k="local_y" v="78.6491"/>
    <tag k="ele" v="-0.3057"/>
  </node>
  <node version="1" id="387" lat="" lon="">
    <tag k="local_x" v="-258.5814"/>
    <tag k="local_y" v="79.8841"/>
    <tag k="ele" v="-0.3057"/>
  </node>
  <node version="1" id="388" lat="" lon="">
    <tag k="local_x" v="-258.1624"/>
    <tag k="local_y" v="81.1405"/>
    <tag k="ele" v="-0.3057"/>
  </node>
  <node version="1" id="392" lat="" lon="">
    <tag k="local_x" v="-255.4424"/>
    <tag k="local_y" v="92.3866"/>
    <tag k="ele" v="-0.516"/>
  </node>
  <node version="1" id="393" lat="" lon="">
    <tag k="local_x" v="-254.7677"/>
    <tag k="local_y" v="93.457"/>
    <tag k="ele" v="-0.516"/>
  </node>
  <node version="1" id="394" lat="" lon="">
    <tag k="local_x" v="-253.955"/>
    <tag k="local_y" v="94.5084"/>
    <tag k="ele" v="-0.516"/>
  </node>
  <node version="1" id="395" lat="" lon="">
    <tag k="local_x" v="-253.0907"/>
    <tag k="local_y" v="95.4356"/>
    <tag k="ele" v="-0.516"/>
  </node>
  <node version="1" id="396" lat="" lon="">
    <tag k="local_x" v="-253.3735"/>
    <tag k="local_y" v="90.9834"/>
    <tag k="ele" v="-0.516"/>
  </node>
  <node version="1" id="397" lat="" lon="">
    <tag k="local_x" v="-252.6976"/>
    <tag k="local_y" v="91.9043"/>
    <tag k="ele" v="-0.516"/>
  </node>
  <node version="1" id="398" lat="" lon="">
    <tag k="local_x" v="-251.9767"/>
    <tag k="local_y" v="92.707"/>
    <tag k="ele" v="-0.516"/>
  </node>
  <node version="1" id="399" lat="" lon="">
    <tag k="local_x" v="-251.1382"/>
    <tag k="local_y" v="93.4799"/>
    <tag k="ele" v="-0.516"/>
  </node>
  <node version="1" id="403" lat="" lon="">
    <tag k="local_x" v="-243.73"/>
    <tag k="local_y" v="-20.7765"/>
    <tag k="ele" v="0.0029"/>
  </node>
  <node version="1" id="404" lat="" lon="">
    <tag k="local_x" v="-252.9249"/>
    <tag k="local_y" v="37.6308"/>
    <tag k="ele" v="-0.0656"/>
  </node>
  <node version="1" id="406" lat="" lon="">
    <tag k="local_x" v="-246.4504"/>
    <tag k="local_y" v="-21.1617"/>
    <tag k="ele" v="0.0029"/>
  </node>
  <node version="1" id="407" lat="" lon="">
    <tag k="local_x" v="-255.5709"/>
    <tag k="local_y" v="37.0617"/>
    <tag k="ele" v="-0.0656"/>
  </node>
  <node version="1" id="423" lat="" lon="">
    <tag k="local_x" v="-250.2537"/>
    <tag k="local_y" v="41.5686"/>
    <tag k="ele" v="0.0146"/>
  </node>
  <node version="1" id="424" lat="" lon="">
    <tag k="local_x" v="-244.2258"/>
    <tag k="local_y" v="42.3562"/>
    <tag k="ele" v="0.0939"/>
  </node>
  <node version="1" id="426" lat="" lon="">
    <tag k="local_x" v="-250.5776"/>
    <tag k="local_y" v="44.0474"/>
    <tag k="ele" v="0.0146"/>
  </node>
  <node version="1" id="427" lat="" lon="">
    <tag k="local_x" v="-244.5497"/>
    <tag k="local_y" v="44.8349"/>
    <tag k="ele" v="0.0939"/>
  </node>
  <node version="1" id="445" lat="" lon="">
    <tag k="local_x" v="-245.2346"/>
    <tag k="local_y" v="47.7406"/>
    <tag k="ele" v="0.0666"/>
  </node>
  <node version="1" id="446" lat="" lon="">
    <tag k="local_x" v="-250.9286"/>
    <tag k="local_y" v="46.9474"/>
    <tag k="ele" v="-0.0059"/>
  </node>
  <node version="1" id="448" lat="" lon="">
    <tag k="local_x" v="-244.8897"/>
    <tag k="local_y" v="45.2648"/>
    <tag k="ele" v="0.0666"/>
  </node>
  <node version="1" id="449" lat="" lon="">
    <tag k="local_x" v="-250.5836"/>
    <tag k="local_y" v="44.4715"/>
    <tag k="ele" v="-0.0059"/>
  </node>
  <node version="1" id="452" lat="" lon="">
    <tag k="local_x" v="-252.9583"/>
    <tag k="local_y" v="44.4859"/>
    <tag k="ele" v="-0.0115"/>
  </node>
  <node version="1" id="453" lat="" lon="">
    <tag k="local_x" v="-254.4291"/>
    <tag k="local_y" v="44.9973"/>
    <tag k="ele" v="-0.0115"/>
  </node>
  <node version="1" id="454" lat="" lon="">
    <tag k="local_x" v="-255.8385"/>
    <tag k="local_y" v="46.0338"/>
    <tag k="ele" v="-0.0115"/>
  </node>
  <node version="1" id="455" lat="" lon="">
    <tag k="local_x" v="-256.765"/>
    <tag k="local_y" v="47.2854"/>
    <tag k="ele" v="-0.0115"/>
  </node>
  <node version="1" id="456" lat="" lon="">
    <tag k="local_x" v="-252.1599"/>
    <tag k="local_y" v="46.8548"/>
    <tag k="ele" v="-0.0115"/>
  </node>
  <node version="1" id="457" lat="" lon="">
    <tag k="local_x" v="-253.2756"/>
    <tag k="local_y" v="47.2151"/>
    <tag k="ele" v="-0.0115"/>
  </node>
  <node version="1" id="458" lat="" lon="">
    <tag k="local_x" v="-254.0652"/>
    <tag k="local_y" v="47.7958"/>
    <tag k="ele" v="-0.0115"/>
  </node>
  <node version="1" id="459" lat="" lon="">
    <tag k="local_x" v="-254.7416"/>
    <tag k="local_y" v="48.7535"/>
    <tag k="ele" v="-0.0115"/>
  </node>
  <node version="1" id="474" lat="" lon="">
    <tag k="local_x" v="-227.3778"/>
    <tag k="local_y" v="-60.1902"/>
    <tag k="ele" v="0.1489"/>
  </node>
  <node version="1" id="475" lat="" lon="">
    <tag k="local_x" v="-236.0667"/>
    <tag k="local_y" v="-46.6876"/>
    <tag k="ele" v="0.0654"/>
  </node>
  <node version="1" id="477" lat="" lon="">
    <tag k="local_x" v="-229.1266"/>
    <tag k="local_y" v="-61.5738"/>
    <tag k="ele" v="0.1489"/>
  </node>
  <node version="1" id="478" lat="" lon="">
    <tag k="local_x" v="-238.057"/>
    <tag k="local_y" v="-47.8634"/>
    <tag k="ele" v="0.0654"/>
  </node>
  <node version="1" id="481" lat="" lon="">
    <tag k="local_x" v="-238.6711"/>
    <tag k="local_y" v="-40.4622"/>
    <tag k="ele" v="0.0431"/>
  </node>
  <node version="1" id="482" lat="" lon="">
    <tag k="local_x" v="-241.1073"/>
    <tag k="local_y" v="-33.6573"/>
    <tag k="ele" v="0.0175"/>
  </node>
  <node version="1" id="484" lat="" lon="">
    <tag k="local_x" v="-240.8274"/>
    <tag k="local_y" v="-41.5669"/>
    <tag k="ele" v="0.0431"/>
  </node>
  <node version="1" id="485" lat="" lon="">
    <tag k="local_x" v="-243.4667"/>
    <tag k="local_y" v="-34.4838"/>
    <tag k="ele" v="0.0175"/>
  </node>
  <node version="1" id="488" lat="" lon="">
    <tag k="local_x" v="-242.8912"/>
    <tag k="local_y" v="-26.9999"/>
    <tag k="ele" v="0.0114"/>
  </node>
  <node version="1" id="489" lat="" lon="">
    <tag k="local_x" v="-245.3056"/>
    <tag k="local_y" v="-27.6482"/>
    <tag k="ele" v="0.0114"/>
  </node>
  <node version="1" id="496" lat="" lon="">
    <tag k="local_x" v="-206.524"/>
    <tag k="local_y" v="-94.8313"/>
    <tag k="ele" v="0.1013"/>
  </node>
  <node version="1" id="497" lat="" lon="">
    <tag k="local_x" v="-215.3663"/>
    <tag k="local_y" v="-80.7955"/>
    <tag k="ele" v="0.1162"/>
  </node>
  <node version="1" id="499" lat="" lon="">
    <tag k="local_x" v="-208.5066"/>
    <tag k="local_y" v="-96.0733"/>
    <tag k="ele" v="0.1013"/>
  </node>
  <node version="1" id="500" lat="" lon="">
    <tag k="local_x" v="-217.4077"/>
    <tag k="local_y" v="-81.9437"/>
    <tag k="ele" v="0.1162"/>
  </node>
  <node version="1" id="503" lat="" lon="">
    <tag k="local_x" v="-222.8649"/>
    <tag k="local_y" v="-67.394"/>
    <tag k="ele" v="0.1213"/>
  </node>
  <node version="1" id="505" lat="" lon="">
    <tag k="local_x" v="-224.786"/>
    <tag k="local_y" v="-68.8559"/>
    <tag k="ele" v="0.1213"/>
  </node>
  <node version="1" id="511" lat="" lon="">
    <tag k="local_x" v="-32.6925"/>
    <tag k="local_y" v="9.7817"/>
    <tag k="ele" v="-1.9458"/>
  </node>
  <node version="1" id="512" lat="" lon="">
    <tag k="local_x" v="-34.5519"/>
    <tag k="local_y" v="35.3596"/>
    <tag k="ele" v="-2.0347"/>
  </node>
  <node version="1" id="514" lat="" lon="">
    <tag k="local_x" v="-39.1999"/>
    <tag k="local_y" v="9.5641"/>
    <tag k="ele" v="-1.9458"/>
  </node>
  <node version="1" id="515" lat="" lon="">
    <tag k="local_x" v="-40.1089"/>
    <tag k="local_y" v="35.142"/>
    <tag k="ele" v="-2.0347"/>
  </node>
  <node version="1" id="549" lat="" lon="">
    <tag k="local_x" v="17.0421"/>
    <tag k="local_y" v="0.189"/>
    <tag k="ele" v="-2.328"/>
  </node>
  <node version="1" id="551" lat="" lon="">
    <tag k="local_x" v="16.8415"/>
    <tag k="local_y" v="3.5072"/>
    <tag k="ele" v="-2.328"/>
  </node>
  <node version="1" id="554" lat="" lon="">
    <tag k="local_x" v="32.9991"/>
    <tag k="local_y" v="1.6078"/>
    <tag k="ele" v="-2.3556"/>
  </node>
  <node version="1" id="556" lat="" lon="">
    <tag k="local_x" v="32.8525"/>
    <tag k="local_y" v="3.9577"/>
    <tag k="ele" v="-2.3556"/>
  </node>
  <node version="1" id="577" lat="" lon="">
    <tag k="local_x" v="44.0167"/>
    <tag k="local_y" v="2.7987"/>
    <tag k="ele" v="-2.3762"/>
  </node>
  <node version="1" id="579" lat="" lon="">
    <tag k="local_x" v="43.7304"/>
    <tag k="local_y" v="5.282"/>
    <tag k="ele" v="-2.3762"/>
  </node>
  <node version="1" id="597" lat="" lon="">
    <tag k="local_x" v="-117.7948"/>
    <tag k="local_y" v="-152.2163"/>
    <tag k="ele" v="-0.547"/>
  </node>
  <node version="1" id="598" lat="" lon="">
    <tag k="local_x" v="-148.8456"/>
    <tag k="local_y" v="-155.1977"/>
    <tag k="ele" v="0.1057"/>
  </node>
  <node version="1" id="600" lat="" lon="">
    <tag k="local_x" v="-120.6872"/>
    <tag k="local_y" v="-154.7665"/>
    <tag k="ele" v="-0.547"/>
  </node>
  <node version="1" id="601" lat="" lon="">
    <tag k="local_x" v="-148.68"/>
    <tag k="local_y" v="-157.3663"/>
    <tag k="ele" v="0.1057"/>
  </node>
  <node version="1" id="604" lat="" lon="">
    <tag k="local_x" v="-153.4854"/>
    <tag k="local_y" v="-155.0318"/>
    <tag k="ele" v="0.1429"/>
  </node>
  <node version="1" id="605" lat="" lon="">
    <tag k="local_x" v="-153.6223"/>
    <tag k="local_y" v="-157.2029"/>
    <tag k="ele" v="0.1429"/>
  </node>
  <node version="1" id="606" lat="" lon="">
    <tag k="local_x" v="-156.5931"/>
    <tag k="local_y" v="-154.7358"/>
    <tag k="ele" v="0.1422"/>
  </node>
  <node version="1" id="607" lat="" lon="">
    <tag k="local_x" v="-156.8784"/>
    <tag k="local_y" v="-156.8931"/>
    <tag k="ele" v="0.1422"/>
  </node>
  <node version="1" id="608" lat="" lon="">
    <tag k="local_x" v="-159.562"/>
    <tag k="local_y" v="-154.2723"/>
    <tag k="ele" v="0.1389"/>
  </node>
  <node version="1" id="609" lat="" lon="">
    <tag k="local_x" v="-159.9999"/>
    <tag k="local_y" v="-156.4053"/>
    <tag k="ele" v="0.1389"/>
  </node>
  <node version="1" id="610" lat="" lon="">
    <tag k="local_x" v="-161.8049"/>
    <tag k="local_y" v="-153.7287"/>
    <tag k="ele" v="0.0988"/>
  </node>
  <node version="1" id="611" lat="" lon="">
    <tag k="local_x" v="-162.6644"/>
    <tag k="local_y" v="-155.7536"/>
    <tag k="ele" v="0.0988"/>
  </node>
  <node version="1" id="612" lat="" lon="">
    <tag k="local_x" v="-163.8968"/>
    <tag k="local_y" v="-152.7658"/>
    <tag k="ele" v="0.0625"/>
  </node>
  <node version="1" id="613" lat="" lon="">
    <tag k="local_x" v="-165.5164"/>
    <tag k="local_y" v="-154.7205"/>
    <tag k="ele" v="0.0625"/>
  </node>
  <node version="1" id="614" lat="" lon="">
    <tag k="local_x" v="-169.5322"/>
    <tag k="local_y" v="-149.2341"/>
    <tag k="ele" v="0.0254"/>
  </node>
  <node version="1" id="616" lat="" lon="">
    <tag k="local_x" v="-171.0317"/>
    <tag k="local_y" v="-150.7877"/>
    <tag k="ele" v="0.0254"/>
  </node>
  <node version="1" id="619" lat="" lon="">
    <tag k="local_x" v="-173.3596"/>
    <tag k="local_y" v="-146.1983"/>
    <tag k="ele" v="0.0381"/>
  </node>
  <node version="1" id="620" lat="" lon="">
    <tag k="local_x" v="-175.1923"/>
    <tag k="local_y" v="-147.5374"/>
    <tag k="ele" v="0.0381"/>
  </node>
  <node version="1" id="621" lat="" lon="">
    <tag k="local_x" v="-177.1237"/>
    <tag k="local_y" v="-142.4892"/>
    <tag k="ele" v="0.0469"/>
  </node>
  <node version="1" id="622" lat="" lon="">
    <tag k="local_x" v="-178.6148"/>
    <tag k="local_y" v="-143.9278"/>
    <tag k="ele" v="0.0469"/>
  </node>
  <node version="1" id="623" lat="" lon="">
    <tag k="local_x" v="-180.2136"/>
    <tag k="local_y" v="-137.9936"/>
    <tag k="ele" v="0.0955"/>
  </node>
  <node version="1" id="624" lat="" lon="">
    <tag k="local_x" v="-181.994"/>
    <tag k="local_y" v="-139.2509"/>
    <tag k="ele" v="0.0955"/>
  </node>
  <node version="1" id="625" lat="" lon="">
    <tag k="local_x" v="-184.9553"/>
    <tag k="local_y" v="-130.8129"/>
    <tag k="ele" v="0.1303"/>
  </node>
  <node version="1" id="626" lat="" lon="">
    <tag k="local_x" v="-186.8008"/>
    <tag k="local_y" v="-132.0419"/>
    <tag k="ele" v="0.1303"/>
  </node>
  <node version="1" id="627" lat="" lon="">
    <tag k="local_x" v="-191.8831"/>
    <tag k="local_y" v="-119.8196"/>
    <tag k="ele" v="0.1168"/>
  </node>
  <node version="1" id="628" lat="" lon="">
    <tag k="local_x" v="-193.6922"/>
    <tag k="local_y" v="-121.0331"/>
    <tag k="ele" v="0.1168"/>
  </node>
  <node version="1" id="629" lat="" lon="">
    <tag k="local_x" v="-200.5557"/>
    <tag k="local_y" v="-104.305"/>
    <tag k="ele" v="0.104"/>
  </node>
  <node version="1" id="630" lat="" lon="">
    <tag k="local_x" v="-202.5888"/>
    <tag k="local_y" v="-105.467"/>
    <tag k="ele" v="0.104"/>
  </node>
  <node version="1" id="631" lat="" lon="">
    <tag k="local_x" v="-203.3172"/>
    <tag k="local_y" v="-104.3115"/>
    <tag k="ele" v="0.104"/>
  </node>
  <node version="1" id="632" lat="" lon="">
    <tag k="local_x" v="-204.0478"/>
    <tag k="local_y" v="-103.1512"/>
    <tag k="ele" v="0.104"/>
  </node>
  <node version="1" id="633" lat="" lon="">
    <tag k="local_x" v="-204.7773"/>
    <tag k="local_y" v="-101.993"/>
    <tag k="ele" v="0.104"/>
  </node>
  <node version="1" id="634" lat="" lon="">
    <tag k="local_x" v="-205.5072"/>
    <tag k="local_y" v="-100.8351"/>
    <tag k="ele" v="0.104"/>
  </node>
  <node version="1" id="635" lat="" lon="">
    <tag k="local_x" v="-206.2362"/>
    <tag k="local_y" v="-99.6773"/>
    <tag k="ele" v="0.104"/>
  </node>
  <node version="1" id="636" lat="" lon="">
    <tag k="local_x" v="-206.9657"/>
    <tag k="local_y" v="-98.5193"/>
    <tag k="ele" v="0.104"/>
  </node>
  <node version="1" id="637" lat="" lon="">
    <tag k="local_x" v="-207.6968"/>
    <tag k="local_y" v="-97.3588"/>
    <tag k="ele" v="0.104"/>
  </node>
  <node version="1" id="638" lat="" lon="">
    <tag k="local_x" v="-201.2928"/>
    <tag k="local_y" v="-103.1344"/>
    <tag k="ele" v="0.104"/>
  </node>
  <node version="1" id="639" lat="" lon="">
    <tag k="local_x" v="-202.0274"/>
    <tag k="local_y" v="-101.969"/>
    <tag k="ele" v="0.104"/>
  </node>
  <node version="1" id="640" lat="" lon="">
    <tag k="local_x" v="-202.7628"/>
    <tag k="local_y" v="-100.8012"/>
    <tag k="ele" v="0.104"/>
  </node>
  <node version="1" id="641" lat="" lon="">
    <tag k="local_x" v="-203.4987"/>
    <tag k="local_y" v="-99.6331"/>
    <tag k="ele" v="0.104"/>
  </node>
  <node version="1" id="642" lat="" lon="">
    <tag k="local_x" v="-204.2346"/>
    <tag k="local_y" v="-98.4653"/>
    <tag k="ele" v="0.104"/>
  </node>
  <node version="1" id="643" lat="" lon="">
    <tag k="local_x" v="-204.9704"/>
    <tag k="local_y" v="-97.2974"/>
    <tag k="ele" v="0.104"/>
  </node>
  <node version="1" id="644" lat="" lon="">
    <tag k="local_x" v="-205.7046"/>
    <tag k="local_y" v="-96.1321"/>
    <tag k="ele" v="0.104"/>
  </node>
  <node version="1" id="648" lat="" lon="">
    <tag k="local_x" v="57.9298"/>
    <tag k="local_y" v="3.8397"/>
    <tag k="ele" v="-2.5603"/>
  </node>
  <node version="1" id="650" lat="" lon="">
    <tag k="local_x" v="57.6435"/>
    <tag k="local_y" v="6.3893"/>
    <tag k="ele" v="-2.5603"/>
  </node>
  <node version="1" id="653" lat="" lon="">
    <tag k="local_x" v="46.2819"/>
    <tag k="local_y" v="-2.3016"/>
    <tag k="ele" v="-2.3572"/>
  </node>
  <node version="1" id="654" lat="" lon="">
    <tag k="local_x" v="46.9268"/>
    <tag k="local_y" v="-5.8236"/>
    <tag k="ele" v="-2.3021"/>
  </node>
  <node version="1" id="656" lat="" lon="">
    <tag k="local_x" v="50.4457"/>
    <tag k="local_y" v="-1.7658"/>
    <tag k="ele" v="-2.3572"/>
  </node>
  <node version="1" id="657" lat="" lon="">
    <tag k="local_x" v="51.5488"/>
    <tag k="local_y" v="-5.2645"/>
    <tag k="ele" v="-2.3021"/>
  </node>
  <node version="1" id="660" lat="" lon="">
    <tag k="local_x" v="48.2662"/>
    <tag k="local_y" v="-9.3739"/>
    <tag k="ele" v="-2.2989"/>
  </node>
  <node version="1" id="661" lat="" lon="">
    <tag k="local_x" v="52.7999"/>
    <tag k="local_y" v="-8.8802"/>
    <tag k="ele" v="-2.2989"/>
  </node>
  <node version="1" id="662" lat="" lon="">
    <tag k="local_x" v="49.9681"/>
    <tag k="local_y" v="-12.3884"/>
    <tag k="ele" v="-2.3042"/>
  </node>
  <node version="1" id="663" lat="" lon="">
    <tag k="local_x" v="53.7161"/>
    <tag k="local_y" v="-11.6104"/>
    <tag k="ele" v="-2.3042"/>
  </node>
  <node version="1" id="664" lat="" lon="">
    <tag k="local_x" v="51.7932"/>
    <tag k="local_y" v="-14.8037"/>
    <tag k="ele" v="-2.3011"/>
  </node>
  <node version="1" id="665" lat="" lon="">
    <tag k="local_x" v="54.628"/>
    <tag k="local_y" v="-18.4653"/>
    <tag k="ele" v="-2.3878"/>
  </node>
  <node version="1" id="667" lat="" lon="">
    <tag k="local_x" v="53.8125"/>
    <tag k="local_y" v="-13.6418"/>
    <tag k="ele" v="-2.3011"/>
  </node>
  <node version="1" id="668" lat="" lon="">
    <tag k="local_x" v="56.2094"/>
    <tag k="local_y" v="-17.241"/>
    <tag k="ele" v="-2.3878"/>
  </node>
  <node version="1" id="683" lat="" lon="">
    <tag k="local_x" v="68.5122"/>
    <tag k="local_y" v="4.3707"/>
    <tag k="ele" v="-2.5723"/>
  </node>
  <node version="1" id="685" lat="" lon="">
    <tag k="local_x" v="67.5215"/>
    <tag k="local_y" v="7.0866"/>
    <tag k="ele" v="-2.5723"/>
  </node>
  <node version="1" id="689" lat="" lon="">
    <tag k="local_x" v="71.741"/>
    <tag k="local_y" v="2.5636"/>
    <tag k="ele" v="-2.4582"/>
  </node>
  <node version="1" id="692" lat="" lon="">
    <tag k="local_x" v="79.7151"/>
    <tag k="local_y" v="6.5517"/>
    <tag k="ele" v="-2.4582"/>
  </node>
  <node version="1" id="698" lat="" lon="">
    <tag k="local_x" v="76.4242"/>
    <tag k="local_y" v="-2.0527"/>
    <tag k="ele" v="-2.4854"/>
  </node>
  <node version="1" id="699" lat="" lon="">
    <tag k="local_x" v="81.0809"/>
    <tag k="local_y" v="-5.9135"/>
    <tag k="ele" v="-2.5552"/>
  </node>
  <node version="1" id="701" lat="" lon="">
    <tag k="local_x" v="81.1651"/>
    <tag k="local_y" v="4.4957"/>
    <tag k="ele" v="-2.4854"/>
  </node>
  <node version="1" id="702" lat="" lon="">
    <tag k="local_x" v="84.4133"/>
    <tag k="local_y" v="1.8788"/>
    <tag k="ele" v="-2.5552"/>
  </node>
  <node version="1" id="709" lat="" lon="">
    <tag k="local_x" v="73.6606"/>
    <tag k="local_y" v="0.3661"/>
    <tag k="ele" v="-2.4578"/>
  </node>
  <node version="1" id="710" lat="" lon="">
    <tag k="local_x" v="75.056"/>
    <tag k="local_y" v="-0.8563"/>
    <tag k="ele" v="-2.4578"/>
  </node>
  <node version="1" id="714" lat="" lon="">
    <tag k="local_x" v="72.1176"/>
    <tag k="local_y" v="-1.2405"/>
    <tag k="ele" v="-2.559"/>
  </node>
  <node version="1" id="715" lat="" lon="">
    <tag k="local_x" v="71.2113"/>
    <tag k="local_y" v="-3.923"/>
    <tag k="ele" v="-2.5708"/>
  </node>
  <node version="1" id="717" lat="" lon="">
    <tag k="local_x" v="75.3846"/>
    <tag k="local_y" v="-2.3852"/>
    <tag k="ele" v="-2.559"/>
  </node>
  <node version="1" id="718" lat="" lon="">
    <tag k="local_x" v="74.0138"/>
    <tag k="local_y" v="-6.0719"/>
    <tag k="ele" v="-2.5708"/>
  </node>
  <node version="1" id="724" lat="" lon="">
    <tag k="local_x" v="83.7056"/>
    <tag k="local_y" v="34.625"/>
    <tag k="ele" v="-2.5131"/>
  </node>
  <node version="1" id="725" lat="" lon="">
    <tag k="local_x" v="80.999"/>
    <tag k="local_y" v="33.0866"/>
    <tag k="ele" v="-2.5453"/>
  </node>
  <node version="1" id="727" lat="" lon="">
    <tag k="local_x" v="86.7183"/>
    <tag k="local_y" v="27.9989"/>
    <tag k="ele" v="-2.5131"/>
  </node>
  <node version="1" id="728" lat="" lon="">
    <tag k="local_x" v="84.6835"/>
    <tag k="local_y" v="26.7048"/>
    <tag k="ele" v="-2.5453"/>
  </node>
  <node version="1" id="731" lat="" lon="">
    <tag k="local_x" v="78.4539"/>
    <tag k="local_y" v="31.2727"/>
    <tag k="ele" v="-2.5492"/>
  </node>
  <node version="1" id="732" lat="" lon="">
    <tag k="local_x" v="82.6644"/>
    <tag k="local_y" v="25.035"/>
    <tag k="ele" v="-2.5492"/>
  </node>
  <node version="1" id="733" lat="" lon="">
    <tag k="local_x" v="75.6429"/>
    <tag k="local_y" v="28.2484"/>
    <tag k="ele" v="-2.5482"/>
  </node>
  <node version="1" id="734" lat="" lon="">
    <tag k="local_x" v="80.7099"/>
    <tag k="local_y" v="22.587"/>
    <tag k="ele" v="-2.5482"/>
  </node>
  <node version="1" id="735" lat="" lon="">
    <tag k="local_x" v="73.4225"/>
    <tag k="local_y" v="24.8618"/>
    <tag k="ele" v="-2.5098"/>
  </node>
  <node version="1" id="736" lat="" lon="">
    <tag k="local_x" v="79.2639"/>
    <tag k="local_y" v="20.0845"/>
    <tag k="ele" v="-2.5098"/>
  </node>
  <node version="1" id="737" lat="" lon="">
    <tag k="local_x" v="71.5793"/>
    <tag k="local_y" v="20.814"/>
    <tag k="ele" v="-2.5012"/>
  </node>
  <node version="1" id="738" lat="" lon="">
    <tag k="local_x" v="78.512"/>
    <tag k="local_y" v="18.4663"/>
    <tag k="ele" v="-2.5012"/>
  </node>
  <node version="1" id="739" lat="" lon="">
    <tag k="local_x" v="66.4381"/>
    <tag k="local_y" v="14.0507"/>
    <tag k="ele" v="-2.656"/>
  </node>
  <node version="1" id="740" lat="" lon="">
    <tag k="local_x" v="62.9873"/>
    <tag k="local_y" v="11.814"/>
    <tag k="ele" v="-2.6401"/>
  </node>
  <node version="1" id="742" lat="" lon="">
    <tag k="local_x" v="69.2535"/>
    <tag k="local_y" v="11.5792"/>
    <tag k="ele" v="-2.656"/>
  </node>
  <node version="1" id="743" lat="" lon="">
    <tag k="local_x" v="65.5806"/>
    <tag k="local_y" v="9.8789"/>
    <tag k="ele" v="-2.6401"/>
  </node>
  <node version="1" id="746" lat="" lon="">
    <tag k="local_x" v="61.5035"/>
    <tag k="local_y" v="11.2245"/>
    <tag k="ele" v="-2.622"/>
  </node>
  <node version="1" id="747" lat="" lon="">
    <tag k="local_x" v="61.9676"/>
    <tag k="local_y" v="8.7681"/>
    <tag k="ele" v="-2.622"/>
  </node>
  <node version="1" id="748" lat="" lon="">
    <tag k="local_x" v="56.4536"/>
    <tag k="local_y" v="10.6434"/>
    <tag k="ele" v="-2.5696"/>
  </node>
  <node version="1" id="749" lat="" lon="">
    <tag k="local_x" v="56.785"/>
    <tag k="local_y" v="8.1657"/>
    <tag k="ele" v="-2.5696"/>
  </node>
  <node version="1" id="750" lat="" lon="">
    <tag k="local_x" v="51.3461"/>
    <tag k="local_y" v="9.8675"/>
    <tag k="ele" v="-2.4993"/>
  </node>
  <node version="1" id="751" lat="" lon="">
    <tag k="local_x" v="51.7217"/>
    <tag k="local_y" v="7.3961"/>
    <tag k="ele" v="-2.4993"/>
  </node>
  <node version="1" id="752" lat="" lon="">
    <tag k="local_x" v="50.8989"/>
    <tag k="local_y" v="7.1961"/>
    <tag k="ele" v="-2.4993"/>
  </node>
  <node version="1" id="753" lat="" lon="">
    <tag k="local_x" v="49.9614"/>
    <tag k="local_y" v="6.5621"/>
    <tag k="ele" v="-2.4993"/>
  </node>
  <node version="1" id="754" lat="" lon="">
    <tag k="local_x" v="49.333"/>
    <tag k="local_y" v="5.8367"/>
    <tag k="ele" v="-2.4993"/>
  </node>
  <node version="1" id="755" lat="" lon="">
    <tag k="local_x" v="48.9072"/>
    <tag k="local_y" v="5.0052"/>
    <tag k="ele" v="-2.4993"/>
  </node>
  <node version="1" id="756" lat="" lon="">
    <tag k="local_x" v="48.6977"/>
    <tag k="local_y" v="4.1211"/>
    <tag k="ele" v="-2.4993"/>
  </node>
  <node version="1" id="757" lat="" lon="">
    <tag k="local_x" v="48.6934"/>
    <tag k="local_y" v="3.0256"/>
    <tag k="ele" v="-2.4993"/>
  </node>
  <node version="1" id="758" lat="" lon="">
    <tag k="local_x" v="49.6853"/>
    <tag k="local_y" v="9.3815"/>
    <tag k="ele" v="-2.4993"/>
  </node>
  <node version="1" id="759" lat="" lon="">
    <tag k="local_x" v="48.3703"/>
    <tag k="local_y" v="8.7646"/>
    <tag k="ele" v="-2.4993"/>
  </node>
  <node version="1" id="760" lat="" lon="">
    <tag k="local_x" v="47.1034"/>
    <tag k="local_y" v="7.7444"/>
    <tag k="ele" v="-2.4993"/>
  </node>
  <node version="1" id="761" lat="" lon="">
    <tag k="local_x" v="46.0978"/>
    <tag k="local_y" v="6.4335"/>
    <tag k="ele" v="-2.4993"/>
  </node>
  <node version="1" id="762" lat="" lon="">
    <tag k="local_x" v="45.4197"/>
    <tag k="local_y" v="4.8988"/>
    <tag k="ele" v="-2.4993"/>
  </node>
  <node version="1" id="763" lat="" lon="">
    <tag k="local_x" v="45.1304"/>
    <tag k="local_y" v="3.4344"/>
    <tag k="ele" v="-2.4993"/>
  </node>
  <node version="1" id="770" lat="" lon="">
    <tag k="local_x" v="77.4239"/>
    <tag k="local_y" v="16.4403"/>
    <tag k="ele" v="-2.5012"/>
  </node>
  <node version="1" id="771" lat="" lon="">
    <tag k="local_x" v="75.5486"/>
    <tag k="local_y" v="15.0195"/>
    <tag k="ele" v="-2.5012"/>
  </node>
  <node version="1" id="773" lat="" lon="">
    <tag k="local_x" v="71.5646"/>
    <tag k="local_y" v="20.8269"/>
    <tag k="ele" v="-2.5012"/>
  </node>
  <node version="1" id="774" lat="" lon="">
    <tag k="local_x" v="69.7501"/>
    <tag k="local_y" v="17.6379"/>
    <tag k="ele" v="-2.5012"/>
  </node>
  <node version="1" id="779" lat="" lon="">
    <tag k="local_x" v="70.9015"/>
    <tag k="local_y" v="17.4643"/>
    <tag k="ele" v="-2.5187"/>
  </node>
  <node version="1" id="781" lat="" lon="">
    <tag k="local_x" v="77.8987"/>
    <tag k="local_y" v="16.7465"/>
    <tag k="ele" v="-2.5187"/>
  </node>
  <node version="1" id="784" lat="" lon="">
    <tag k="local_x" v="70.3598"/>
    <tag k="local_y" v="14.061"/>
    <tag k="ele" v="-2.5136"/>
  </node>
  <node version="1" id="785" lat="" lon="">
    <tag k="local_x" v="77.7336"/>
    <tag k="local_y" v="14.2973"/>
    <tag k="ele" v="-2.5136"/>
  </node>
  <node version="1" id="786" lat="" lon="">
    <tag k="local_x" v="70.2523"/>
    <tag k="local_y" v="10.225"/>
    <tag k="ele" v="-2.4773"/>
  </node>
  <node version="1" id="787" lat="" lon="">
    <tag k="local_x" v="77.8812"/>
    <tag k="local_y" v="12.1623"/>
    <tag k="ele" v="-2.4773"/>
  </node>
  <node version="1" id="788" lat="" lon="">
    <tag k="local_x" v="70.4897"/>
    <tag k="local_y" v="8.2167"/>
    <tag k="ele" v="-2.4529"/>
  </node>
  <node version="1" id="789" lat="" lon="">
    <tag k="local_x" v="78.3006"/>
    <tag k="local_y" v="10.2666"/>
    <tag k="ele" v="-2.4529"/>
  </node>
  <node version="1" id="790" lat="" lon="">
    <tag k="local_x" v="70.8227"/>
    <tag k="local_y" v="6.1506"/>
    <tag k="ele" v="-2.4504"/>
  </node>
  <node version="1" id="791" lat="" lon="">
    <tag k="local_x" v="78.7134"/>
    <tag k="local_y" v="8.8297"/>
    <tag k="ele" v="-2.4504"/>
  </node>
  <node version="1" id="792" lat="" lon="">
    <tag k="local_x" v="97.5938"/>
    <tag k="local_y" v="36.9231"/>
    <tag k="ele" v="-2.5169"/>
  </node>
  <node version="1" id="793" lat="" lon="">
    <tag k="local_x" v="94.3184"/>
    <tag k="local_y" v="37.3554"/>
    <tag k="ele" v="-2.5445"/>
  </node>
  <node version="1" id="795" lat="" lon="">
    <tag k="local_x" v="95.4961"/>
    <tag k="local_y" v="28.672"/>
    <tag k="ele" v="-2.5169"/>
  </node>
  <node version="1" id="796" lat="" lon="">
    <tag k="local_x" v="93.4407"/>
    <tag k="local_y" v="28.9664"/>
    <tag k="ele" v="-2.5445"/>
  </node>
  <node version="1" id="799" lat="" lon="">
    <tag k="local_x" v="90.3662"/>
    <tag k="local_y" v="37.2115"/>
    <tag k="ele" v="-2.5013"/>
  </node>
  <node version="1" id="800" lat="" lon="">
    <tag k="local_x" v="91.1983"/>
    <tag k="local_y" v="28.9637"/>
    <tag k="ele" v="-2.5013"/>
  </node>
  <node version="1" id="801" lat="" lon="">
    <tag k="local_x" v="89.0339"/>
    <tag k="local_y" v="28.6534"/>
    <tag k="ele" v="-2.5013"/>
  </node>
  <node version="1" id="803" lat="" lon="">
    <tag k="local_x" v="87.56"/>
    <tag k="local_y" v="36.5994"/>
    <tag k="ele" v="-2.5013"/>
  </node>
  <node version="1" id="808" lat="" lon="">
    <tag k="local_x" v="93.6508"/>
    <tag k="local_y" v="60.6677"/>
    <tag k="ele" v="-2.6828"/>
  </node>
  <node version="1" id="809" lat="" lon="">
    <tag k="local_x" v="91.4857"/>
    <tag k="local_y" v="48.649"/>
    <tag k="ele" v="-2.6463"/>
  </node>
  <node version="1" id="811" lat="" lon="">
    <tag k="local_x" v="96.4059"/>
    <tag k="local_y" v="60.1678"/>
    <tag k="ele" v="-2.6828"/>
  </node>
  <node version="1" id="812" lat="" lon="">
    <tag k="local_x" v="94.1365"/>
    <tag k="local_y" v="47.7471"/>
    <tag k="ele" v="-2.6463"/>
  </node>
  <node version="1" id="817" lat="" lon="">
    <tag k="local_x" v="88.9302"/>
    <tag k="local_y" v="41.1385"/>
    <tag k="ele" v="-2.6105"/>
  </node>
  <node version="1" id="819" lat="" lon="">
    <tag k="local_x" v="91.581"/>
    <tag k="local_y" v="40.2366"/>
    <tag k="ele" v="-2.6105"/>
  </node>
  <node version="1" id="822" lat="" lon="">
    <tag k="local_x" v="90.0435"/>
    <tag k="local_y" v="35.7394"/>
    <tag k="ele" v="-2.5838"/>
  </node>
  <node version="1" id="823" lat="" lon="">
    <tag k="local_x" v="88.9574"/>
    <tag k="local_y" v="31.7171"/>
    <tag k="ele" v="-2.5838"/>
  </node>
  <node version="1" id="824" lat="" lon="">
    <tag k="local_x" v="88.0136"/>
    <tag k="local_y" v="29.6586"/>
    <tag k="ele" v="-2.5838"/>
  </node>
  <node version="1" id="825" lat="" lon="">
    <tag k="local_x" v="86.8333"/>
    <tag k="local_y" v="36.7659"/>
    <tag k="ele" v="-2.5838"/>
  </node>
  <node version="1" id="826" lat="" lon="">
    <tag k="local_x" v="85.4283"/>
    <tag k="local_y" v="35.6056"/>
    <tag k="ele" v="-2.5838"/>
  </node>
  <node version="1" id="827" lat="" lon="">
    <tag k="local_x" v="83.797"/>
    <tag k="local_y" v="34.6597"/>
    <tag k="ele" v="-2.5838"/>
  </node>
  <node version="1" id="831" lat="" lon="">
    <tag k="local_x" v="82.8613"/>
    <tag k="local_y" v="3.0014"/>
    <tag k="ele" v="-2.5203"/>
  </node>
  <node version="1" id="832" lat="" lon="">
    <tag k="local_x" v="78.5599"/>
    <tag k="local_y" v="-3.9232"/>
    <tag k="ele" v="-2.5203"/>
  </node>
  <node version="1" id="838" lat="" lon="">
    <tag k="local_x" v="83.9341"/>
    <tag k="local_y" v="-7.3359"/>
    <tag k="ele" v="-2.551"/>
  </node>
  <node version="1" id="840" lat="" lon="">
    <tag k="local_x" v="86.3671"/>
    <tag k="local_y" v="0.8294"/>
    <tag k="ele" v="-2.551"/>
  </node>
  <node version="1" id="843" lat="" lon="">
    <tag k="local_x" v="87.3269"/>
    <tag k="local_y" v="-8.3403"/>
    <tag k="ele" v="-2.5502"/>
  </node>
  <node version="1" id="844" lat="" lon="">
    <tag k="local_x" v="88.3226"/>
    <tag k="local_y" v="0.256"/>
    <tag k="ele" v="-2.5502"/>
  </node>
  <node version="1" id="845" lat="" lon="">
    <tag k="local_x" v="90.024"/>
    <tag k="local_y" v="-8.6007"/>
    <tag k="ele" v="-2.5623"/>
  </node>
  <node version="1" id="846" lat="" lon="">
    <tag k="local_x" v="89.8657"/>
    <tag k="local_y" v="-0.1021"/>
    <tag k="ele" v="-2.5623"/>
  </node>
  <node version="1" id="847" lat="" lon="">
    <tag k="local_x" v="66.8546"/>
    <tag k="local_y" v="-11.0519"/>
    <tag k="ele" v="-2.5973"/>
  </node>
  <node version="1" id="849" lat="" lon="">
    <tag k="local_x" v="69.655"/>
    <tag k="local_y" v="-13.2041"/>
    <tag k="ele" v="-2.5973"/>
  </node>
  <node version="1" id="852" lat="" lon="">
    <tag k="local_x" v="62.1882"/>
    <tag k="local_y" v="-18.6427"/>
    <tag k="ele" v="-2.6686"/>
  </node>
  <node version="1" id="853" lat="" lon="">
    <tag k="local_x" v="64.9831"/>
    <tag k="local_y" v="-20.8039"/>
    <tag k="ele" v="-2.6686"/>
  </node>
  <node version="1" id="854" lat="" lon="">
    <tag k="local_x" v="55.4982"/>
    <tag k="local_y" v="-29.4219"/>
    <tag k="ele" v="-2.5897"/>
  </node>
  <node version="1" id="855" lat="" lon="">
    <tag k="local_x" v="58.252"/>
    <tag k="local_y" v="-31.6475"/>
    <tag k="ele" v="-2.5897"/>
  </node>
  <node version="1" id="856" lat="" lon="">
    <tag k="local_x" v="27.499"/>
    <tag k="local_y" v="-72.0635"/>
    <tag k="ele" v="-2.1762"/>
  </node>
  <node version="1" id="858" lat="" lon="">
    <tag k="local_x" v="29.9116"/>
    <tag k="local_y" v="-73.4844"/>
    <tag k="ele" v="-2.1762"/>
  </node>
  <node version="1" id="861" lat="" lon="">
    <tag k="local_x" v="57.3484"/>
    <tag k="local_y" v="-18.7363"/>
    <tag k="ele" v="-2.4126"/>
  </node>
  <node version="1" id="862" lat="" lon="">
    <tag k="local_x" v="57.6426"/>
    <tag k="local_y" v="-19.1501"/>
    <tag k="ele" v="-2.4126"/>
  </node>
  <node version="1" id="863" lat="" lon="">
    <tag k="local_x" v="57.9293"/>
    <tag k="local_y" v="-19.5999"/>
    <tag k="ele" v="-2.4126"/>
  </node>
  <node version="1" id="864" lat="" lon="">
    <tag k="local_x" v="58.1937"/>
    <tag k="local_y" v="-20.0641"/>
    <tag k="ele" v="-2.4126"/>
  </node>
  <node version="1" id="865" lat="" lon="">
    <tag k="local_x" v="58.4352"/>
    <tag k="local_y" v="-20.5416"/>
    <tag k="ele" v="-2.4126"/>
  </node>
  <node version="1" id="866" lat="" lon="">
    <tag k="local_x" v="58.653"/>
    <tag k="local_y" v="-21.0313"/>
    <tag k="ele" v="-2.4126"/>
  </node>
  <node version="1" id="867" lat="" lon="">
    <tag k="local_x" v="58.8465"/>
    <tag k="local_y" v="-21.5321"/>
    <tag k="ele" v="-2.4126"/>
  </node>
  <node version="1" id="868" lat="" lon="">
    <tag k="local_x" v="59.0152"/>
    <tag k="local_y" v="-22.0426"/>
    <tag k="ele" v="-2.4126"/>
  </node>
  <node version="1" id="869" lat="" lon="">
    <tag k="local_x" v="59.1587"/>
    <tag k="local_y" v="-22.5617"/>
    <tag k="ele" v="-2.4126"/>
  </node>
  <node version="1" id="870" lat="" lon="">
    <tag k="local_x" v="59.2763"/>
    <tag k="local_y" v="-23.0881"/>
    <tag k="ele" v="-2.4126"/>
  </node>
  <node version="1" id="871" lat="" lon="">
    <tag k="local_x" v="59.3679"/>
    <tag k="local_y" v="-23.6206"/>
    <tag k="ele" v="-2.4126"/>
  </node>
  <node version="1" id="872" lat="" lon="">
    <tag k="local_x" v="59.433"/>
    <tag k="local_y" v="-24.1578"/>
    <tag k="ele" v="-2.4126"/>
  </node>
  <node version="1" id="873" lat="" lon="">
    <tag k="local_x" v="59.4714"/>
    <tag k="local_y" v="-24.6984"/>
    <tag k="ele" v="-2.4126"/>
  </node>
  <node version="1" id="874" lat="" lon="">
    <tag k="local_x" v="59.483"/>
    <tag k="local_y" v="-25.2412"/>
    <tag k="ele" v="-2.4126"/>
  </node>
  <node version="1" id="875" lat="" lon="">
    <tag k="local_x" v="59.4676"/>
    <tag k="local_y" v="-25.7847"/>
    <tag k="ele" v="-2.4126"/>
  </node>
  <node version="1" id="876" lat="" lon="">
    <tag k="local_x" v="59.4252"/>
    <tag k="local_y" v="-26.3276"/>
    <tag k="ele" v="-2.4126"/>
  </node>
  <node version="1" id="877" lat="" lon="">
    <tag k="local_x" v="59.3558"/>
    <tag k="local_y" v="-26.8686"/>
    <tag k="ele" v="-2.4126"/>
  </node>
  <node version="1" id="878" lat="" lon="">
    <tag k="local_x" v="59.2595"/>
    <tag k="local_y" v="-27.4064"/>
    <tag k="ele" v="-2.4126"/>
  </node>
  <node version="1" id="879" lat="" lon="">
    <tag k="local_x" v="59.1364"/>
    <tag k="local_y" v="-27.9395"/>
    <tag k="ele" v="-2.4126"/>
  </node>
  <node version="1" id="880" lat="" lon="">
    <tag k="local_x" v="58.9868"/>
    <tag k="local_y" v="-28.4667"/>
    <tag k="ele" v="-2.4126"/>
  </node>
  <node version="1" id="881" lat="" lon="">
    <tag k="local_x" v="58.811"/>
    <tag k="local_y" v="-28.9867"/>
    <tag k="ele" v="-2.4126"/>
  </node>
  <node version="1" id="882" lat="" lon="">
    <tag k="local_x" v="58.6092"/>
    <tag k="local_y" v="-29.4981"/>
    <tag k="ele" v="-2.4126"/>
  </node>
  <node version="1" id="883" lat="" lon="">
    <tag k="local_x" v="58.3819"/>
    <tag k="local_y" v="-29.9996"/>
    <tag k="ele" v="-2.4126"/>
  </node>
  <node version="1" id="884" lat="" lon="">
    <tag k="local_x" v="58.1469"/>
    <tag k="local_y" v="-30.4599"/>
    <tag k="ele" v="-2.4126"/>
  </node>
  <node version="1" id="885" lat="" lon="">
    <tag k="local_x" v="55.6804"/>
    <tag k="local_y" v="-19.8397"/>
    <tag k="ele" v="-2.4126"/>
  </node>
  <node version="1" id="886" lat="" lon="">
    <tag k="local_x" v="55.9183"/>
    <tag k="local_y" v="-20.2302"/>
    <tag k="ele" v="-2.4126"/>
  </node>
  <node version="1" id="887" lat="" lon="">
    <tag k="local_x" v="56.1232"/>
    <tag k="local_y" v="-20.6102"/>
    <tag k="ele" v="-2.4126"/>
  </node>
  <node version="1" id="888" lat="" lon="">
    <tag k="local_x" v="56.3086"/>
    <tag k="local_y" v="-20.9991"/>
    <tag k="ele" v="-2.4126"/>
  </node>
  <node version="1" id="889" lat="" lon="">
    <tag k="local_x" v="56.4741"/>
    <tag k="local_y" v="-21.3959"/>
    <tag k="ele" v="-2.4126"/>
  </node>
  <node version="1" id="890" lat="" lon="">
    <tag k="local_x" v="56.6194"/>
    <tag k="local_y" v="-21.7997"/>
    <tag k="ele" v="-2.4126"/>
  </node>
  <node version="1" id="891" lat="" lon="">
    <tag k="local_x" v="56.7443"/>
    <tag k="local_y" v="-22.2093"/>
    <tag k="ele" v="-2.4126"/>
  </node>
  <node version="1" id="892" lat="" lon="">
    <tag k="local_x" v="56.8484"/>
    <tag k="local_y" v="-22.6238"/>
    <tag k="ele" v="-2.4126"/>
  </node>
  <node version="1" id="893" lat="" lon="">
    <tag k="local_x" v="56.9317"/>
    <tag k="local_y" v="-23.0421"/>
    <tag k="ele" v="-2.4126"/>
  </node>
  <node version="1" id="894" lat="" lon="">
    <tag k="local_x" v="56.994"/>
    <tag k="local_y" v="-23.4632"/>
    <tag k="ele" v="-2.4126"/>
  </node>
  <node version="1" id="895" lat="" lon="">
    <tag k="local_x" v="57.0352"/>
    <tag k="local_y" v="-23.886"/>
    <tag k="ele" v="-2.4126"/>
  </node>
  <node version="1" id="896" lat="" lon="">
    <tag k="local_x" v="57.0553"/>
    <tag k="local_y" v="-24.3094"/>
    <tag k="ele" v="-2.4126"/>
  </node>
  <node version="1" id="897" lat="" lon="">
    <tag k="local_x" v="57.0544"/>
    <tag k="local_y" v="-24.7325"/>
    <tag k="ele" v="-2.4126"/>
  </node>
  <node version="1" id="898" lat="" lon="">
    <tag k="local_x" v="57.0325"/>
    <tag k="local_y" v="-25.1542"/>
    <tag k="ele" v="-2.4126"/>
  </node>
  <node version="1" id="899" lat="" lon="">
    <tag k="local_x" v="56.9897"/>
    <tag k="local_y" v="-25.5733"/>
    <tag k="ele" v="-2.4126"/>
  </node>
  <node version="1" id="900" lat="" lon="">
    <tag k="local_x" v="56.9264"/>
    <tag k="local_y" v="-25.989"/>
    <tag k="ele" v="-2.4126"/>
  </node>
  <node version="1" id="901" lat="" lon="">
    <tag k="local_x" v="56.8427"/>
    <tag k="local_y" v="-26.4002"/>
    <tag k="ele" v="-2.4126"/>
  </node>
  <node version="1" id="902" lat="" lon="">
    <tag k="local_x" v="56.7388"/>
    <tag k="local_y" v="-26.8059"/>
    <tag k="ele" v="-2.4126"/>
  </node>
  <node version="1" id="903" lat="" lon="">
    <tag k="local_x" v="56.6152"/>
    <tag k="local_y" v="-27.2051"/>
    <tag k="ele" v="-2.4126"/>
  </node>
  <node version="1" id="904" lat="" lon="">
    <tag k="local_x" v="56.4722"/>
    <tag k="local_y" v="-27.5969"/>
    <tag k="ele" v="-2.4126"/>
  </node>
  <node version="1" id="905" lat="" lon="">
    <tag k="local_x" v="56.3103"/>
    <tag k="local_y" v="-27.9803"/>
    <tag k="ele" v="-2.4126"/>
  </node>
  <node version="1" id="906" lat="" lon="">
    <tag k="local_x" v="56.1299"/>
    <tag k="local_y" v="-28.3544"/>
    <tag k="ele" v="-2.4126"/>
  </node>
  <node version="1" id="907" lat="" lon="">
    <tag k="local_x" v="55.9316"/>
    <tag k="local_y" v="-28.7183"/>
    <tag k="ele" v="-2.4126"/>
  </node>
  <node version="1" id="908" lat="" lon="">
    <tag k="local_x" v="55.6987"/>
    <tag k="local_y" v="-29.1013"/>
    <tag k="ele" v="-2.4126"/>
  </node>
  <node version="1" id="912" lat="" lon="">
    <tag k="local_x" v="22.418"/>
    <tag k="local_y" v="-79.8801"/>
    <tag k="ele" v="-2.0942"/>
  </node>
  <node version="1" id="914" lat="" lon="">
    <tag k="local_x" v="25.311"/>
    <tag k="local_y" v="-81.2955"/>
    <tag k="ele" v="-2.0942"/>
  </node>
  <node version="1" id="917" lat="" lon="">
    <tag k="local_x" v="11.3637"/>
    <tag k="local_y" v="-100.1129"/>
    <tag k="ele" v="-1.892"/>
  </node>
  <node version="1" id="919" lat="" lon="">
    <tag k="local_x" v="14.1003"/>
    <tag k="local_y" v="-101.4736"/>
    <tag k="ele" v="-1.892"/>
  </node>
  <node version="1" id="922" lat="" lon="">
    <tag k="local_x" v="3.5464"/>
    <tag k="local_y" v="-115.7023"/>
    <tag k="ele" v="-1.7653"/>
  </node>
  <node version="1" id="923" lat="" lon="">
    <tag k="local_x" v="6.5233"/>
    <tag k="local_y" v="-116.9545"/>
    <tag k="ele" v="-1.7653"/>
  </node>
  <node version="1" id="924" lat="" lon="">
    <tag k="local_x" v="-4.4025"/>
    <tag k="local_y" v="-133.7094"/>
    <tag k="ele" v="-1.5516"/>
  </node>
  <node version="1" id="925" lat="" lon="">
    <tag k="local_x" v="-0.0502"/>
    <tag k="local_y" v="-131.4139"/>
    <tag k="ele" v="-1.5516"/>
  </node>
  <node version="1" id="926" lat="" lon="">
    <tag k="local_x" v="-9.6415"/>
    <tag k="local_y" v="-144.4263"/>
    <tag k="ele" v="-1.3357"/>
  </node>
  <node version="1" id="927" lat="" lon="">
    <tag k="local_x" v="-7.1103"/>
    <tag k="local_y" v="-146.0973"/>
    <tag k="ele" v="-1.3357"/>
  </node>
  <node version="1" id="928" lat="" lon="">
    <tag k="local_x" v="-12.1585"/>
    <tag k="local_y" v="-148.3908"/>
    <tag k="ele" v="-1.1485"/>
  </node>
  <node version="1" id="930" lat="" lon="">
    <tag k="local_x" v="-9.8739"/>
    <tag k="local_y" v="-150.006"/>
    <tag k="ele" v="-1.1485"/>
  </node>
  <node version="1" id="943" lat="" lon="">
    <tag k="local_x" v="-28.4714"/>
    <tag k="local_y" v="-155.8444"/>
    <tag k="ele" v="-0.9222"/>
  </node>
  <node version="1" id="944" lat="" lon="">
    <tag k="local_x" v="-36.9729"/>
    <tag k="local_y" v="-154.7448"/>
    <tag k="ele" v="-0.9174"/>
  </node>
  <node version="1" id="946" lat="" lon="">
    <tag k="local_x" v="-29.227"/>
    <tag k="local_y" v="-159.2015"/>
    <tag k="ele" v="-0.9222"/>
  </node>
  <node version="1" id="947" lat="" lon="">
    <tag k="local_x" v="-37.4363"/>
    <tag k="local_y" v="-157.2015"/>
    <tag k="ele" v="-0.9174"/>
  </node>
  <node version="1" id="1620" lat="" lon="">
    <tag k="local_x" v="-44.431"/>
    <tag k="local_y" v="-153.4233"/>
    <tag k="ele" v="-0.9026"/>
  </node>
  <node version="1" id="1622" lat="" lon="">
    <tag k="local_x" v="-44.8988"/>
    <tag k="local_y" v="-155.7773"/>
    <tag k="ele" v="-0.9026"/>
  </node>
  <node version="1" id="1625" lat="" lon="">
    <tag k="local_x" v="-51.177"/>
    <tag k="local_y" v="-152.0828"/>
    <tag k="ele" v="-0.928"/>
  </node>
  <node version="1" id="1627" lat="" lon="">
    <tag k="local_x" v="-51.6097"/>
    <tag k="local_y" v="-154.4435"/>
    <tag k="ele" v="-0.928"/>
  </node>
  <node version="1" id="1630" lat="" lon="">
    <tag k="local_x" v="-60.0447"/>
    <tag k="local_y" v="-150.5616"/>
    <tag k="ele" v="-0.921"/>
  </node>
  <node version="1" id="1631" lat="" lon="">
    <tag k="local_x" v="-60.3212"/>
    <tag k="local_y" v="-152.9456"/>
    <tag k="ele" v="-0.921"/>
  </node>
  <node version="1" id="1632" lat="" lon="">
    <tag k="local_x" v="-70.8177"/>
    <tag k="local_y" v="-149.8046"/>
    <tag k="ele" v="-0.9555"/>
  </node>
  <node version="1" id="1633" lat="" lon="">
    <tag k="local_x" v="-70.9333"/>
    <tag k="local_y" v="-152.2018"/>
    <tag k="ele" v="-0.9555"/>
  </node>
  <node version="1" id="1634" lat="" lon="">
    <tag k="local_x" v="-80.7955"/>
    <tag k="local_y" v="-149.5609"/>
    <tag k="ele" v="-1.0041"/>
  </node>
  <node version="1" id="1635" lat="" lon="">
    <tag k="local_x" v="-80.8176"/>
    <tag k="local_y" v="-151.9608"/>
    <tag k="ele" v="-1.0041"/>
  </node>
  <node version="1" id="1636" lat="" lon="">
    <tag k="local_x" v="-90.5161"/>
    <tag k="local_y" v="-149.6235"/>
    <tag k="ele" v="-1.0534"/>
  </node>
  <node version="1" id="1637" lat="" lon="">
    <tag k="local_x" v="-90.3848"/>
    <tag k="local_y" v="-152.0199"/>
    <tag k="ele" v="-1.0534"/>
  </node>
  <node version="1" id="1638" lat="" lon="">
    <tag k="local_x" v="-104.7236"/>
    <tag k="local_y" v="-151.0567"/>
    <tag k="ele" v="-0.8806"/>
  </node>
  <node version="1" id="1639" lat="" lon="">
    <tag k="local_x" v="-107.2619"/>
    <tag k="local_y" v="-153.4133"/>
    <tag k="ele" v="-0.8806"/>
  </node>
  <node version="1" id="1889" lat="" lon="">
    <tag k="local_x" v="-187.8424"/>
    <tag k="local_y" v="-105.5792"/>
    <tag k="ele" v="0.1975"/>
  </node>
  <node version="1" id="1890" lat="" lon="">
    <tag k="local_x" v="-194.625"/>
    <tag k="local_y" v="-106.1689"/>
    <tag k="ele" v="0.1208"/>
  </node>
  <node version="1" id="1892" lat="" lon="">
    <tag k="local_x" v="-187.6518"/>
    <tag k="local_y" v="-107.7708"/>
    <tag k="ele" v="0.1975"/>
  </node>
  <node version="1" id="1893" lat="" lon="">
    <tag k="local_x" v="-194.4344"/>
    <tag k="local_y" v="-108.3604"/>
    <tag k="ele" v="0.1208"/>
  </node>
  <node version="1" id="2065" lat="" lon="">
    <tag k="local_x" v="-198.285"/>
    <tag k="local_y" v="-108.5277"/>
    <tag k="ele" v="0.0997"/>
  </node>
  <node version="1" id="2066" lat="" lon="">
    <tag k="local_x" v="-199.8476"/>
    <tag k="local_y" v="-107.9717"/>
    <tag k="ele" v="0.0997"/>
  </node>
  <node version="1" id="2067" lat="" lon="">
    <tag k="local_x" v="-201.209"/>
    <tag k="local_y" v="-107.0245"/>
    <tag k="ele" v="0.0997"/>
  </node>
  <node version="1" id="2068" lat="" lon="">
    <tag k="local_x" v="-197.4644"/>
    <tag k="local_y" v="-106.1664"/>
    <tag k="ele" v="0.0997"/>
  </node>
  <node version="1" id="2069" lat="" lon="">
    <tag k="local_x" v="-198.7045"/>
    <tag k="local_y" v="-105.7484"/>
    <tag k="ele" v="0.0997"/>
  </node>
  <node version="1" id="2070" lat="" lon="">
    <tag k="local_x" v="-199.766"/>
    <tag k="local_y" v="-104.983"/>
    <tag k="ele" v="0.0997"/>
  </node>
  <node version="1" id="2074" lat="" lon="">
    <tag k="local_x" v="-194.4697"/>
    <tag k="local_y" v="-119.7147"/>
    <tag k="ele" v="0.1104"/>
  </node>
  <node version="1" id="2075" lat="" lon="">
    <tag k="local_x" v="-192.6122"/>
    <tag k="local_y" v="-118.5798"/>
    <tag k="ele" v="0.1104"/>
  </node>
  <node version="1" id="2081" lat="" lon="">
    <tag k="local_x" v="-190.0004"/>
    <tag k="local_y" v="-110.5689"/>
    <tag k="ele" v="0.1364"/>
  </node>
  <node version="1" id="2082" lat="" lon="">
    <tag k="local_x" v="-187.2779"/>
    <tag k="local_y" v="-110.0417"/>
    <tag k="ele" v="0.1769"/>
  </node>
  <node version="1" id="2084" lat="" lon="">
    <tag k="local_x" v="-190.3018"/>
    <tag k="local_y" v="-108.2056"/>
    <tag k="ele" v="0.1364"/>
  </node>
  <node version="1" id="2085" lat="" lon="">
    <tag k="local_x" v="-187.5854"/>
    <tag k="local_y" v="-107.9357"/>
    <tag k="ele" v="0.1769"/>
  </node>
  <node version="1" id="2088" lat="" lon="">
    <tag k="local_x" v="-195.7609"/>
    <tag k="local_y" v="-116.4361"/>
    <tag k="ele" v="0.1025"/>
  </node>
  <node version="1" id="2089" lat="" lon="">
    <tag k="local_x" v="-195.9824"/>
    <tag k="local_y" v="-114.9894"/>
    <tag k="ele" v="0.1025"/>
  </node>
  <node version="1" id="2090" lat="" lon="">
    <tag k="local_x" v="-195.8443"/>
    <tag k="local_y" v="-113.3816"/>
    <tag k="ele" v="0.1025"/>
  </node>
  <node version="1" id="2091" lat="" lon="">
    <tag k="local_x" v="-195.3216"/>
    <tag k="local_y" v="-111.8575"/>
    <tag k="ele" v="0.1025"/>
  </node>
  <node version="1" id="2092" lat="" lon="">
    <tag k="local_x" v="-194.4466"/>
    <tag k="local_y" v="-110.5073"/>
    <tag k="ele" v="0.1025"/>
  </node>
  <node version="1" id="2093" lat="" lon="">
    <tag k="local_x" v="-193.2723"/>
    <tag k="local_y" v="-109.411"/>
    <tag k="ele" v="0.1025"/>
  </node>
  <node version="1" id="2094" lat="" lon="">
    <tag k="local_x" v="-192.0006"/>
    <tag k="local_y" v="-108.6964"/>
    <tag k="ele" v="0.1025"/>
  </node>
  <node version="1" id="2095" lat="" lon="">
    <tag k="local_x" v="-193.2952"/>
    <tag k="local_y" v="-116.0257"/>
    <tag k="ele" v="0.1025"/>
  </node>
  <node version="1" id="2096" lat="" lon="">
    <tag k="local_x" v="-193.5046"/>
    <tag k="local_y" v="-114.8837"/>
    <tag k="ele" v="0.1025"/>
  </node>
  <node version="1" id="2097" lat="" lon="">
    <tag k="local_x" v="-193.4338"/>
    <tag k="local_y" v="-113.8754"/>
    <tag k="ele" v="0.1025"/>
  </node>
  <node version="1" id="2098" lat="" lon="">
    <tag k="local_x" v="-193.1201"/>
    <tag k="local_y" v="-112.9119"/>
    <tag k="ele" v="0.1025"/>
  </node>
  <node version="1" id="2099" lat="" lon="">
    <tag k="local_x" v="-192.5811"/>
    <tag k="local_y" v="-112.0512"/>
    <tag k="ele" v="0.1025"/>
  </node>
  <node version="1" id="2100" lat="" lon="">
    <tag k="local_x" v="-191.8479"/>
    <tag k="local_y" v="-111.345"/>
    <tag k="ele" v="0.1025"/>
  </node>
  <node version="1" id="2101" lat="" lon="">
    <tag k="local_x" v="-190.8324"/>
    <tag k="local_y" v="-110.7727"/>
    <tag k="ele" v="0.1025"/>
  </node>
  <node version="1" id="2105" lat="" lon="">
    <tag k="local_x" v="-212.6957"/>
    <tag k="local_y" v="-74.4331"/>
    <tag k="ele" v="0.0841"/>
  </node>
  <node version="1" id="2106" lat="" lon="">
    <tag k="local_x" v="-206.6072"/>
    <tag k="local_y" v="-74.0101"/>
    <tag k="ele" v="0.1192"/>
  </node>
  <node version="1" id="2108" lat="" lon="">
    <tag k="local_x" v="-212.8482"/>
    <tag k="local_y" v="-72.2385"/>
    <tag k="ele" v="0.0841"/>
  </node>
  <node version="1" id="2109" lat="" lon="">
    <tag k="local_x" v="-206.7596"/>
    <tag k="local_y" v="-71.8155"/>
    <tag k="ele" v="0.1192"/>
  </node>
  <node version="1" id="2112" lat="" lon="">
    <tag k="local_x" v="-207.0114"/>
    <tag k="local_y" v="-69.2993"/>
    <tag k="ele" v="0.1074"/>
  </node>
  <node version="1" id="2113" lat="" lon="">
    <tag k="local_x" v="-216.3726"/>
    <tag k="local_y" v="-69.9219"/>
    <tag k="ele" v="0.0653"/>
  </node>
  <node version="1" id="2115" lat="" lon="">
    <tag k="local_x" v="-206.8655"/>
    <tag k="local_y" v="-71.4945"/>
    <tag k="ele" v="0.1074"/>
  </node>
  <node version="1" id="2116" lat="" lon="">
    <tag k="local_x" v="-216.2266"/>
    <tag k="local_y" v="-72.1171"/>
    <tag k="ele" v="0.0653"/>
  </node>
  <node version="1" id="2119" lat="" lon="">
    <tag k="local_x" v="-219.6171"/>
    <tag k="local_y" v="-72.1306"/>
    <tag k="ele" v="0.058"/>
  </node>
  <node version="1" id="2120" lat="" lon="">
    <tag k="local_x" v="-221.124"/>
    <tag k="local_y" v="-71.7765"/>
    <tag k="ele" v="0.058"/>
  </node>
  <node version="1" id="2121" lat="" lon="">
    <tag k="local_x" v="-222.6378"/>
    <tag k="local_y" v="-71.053"/>
    <tag k="ele" v="0.058"/>
  </node>
  <node version="1" id="2122" lat="" lon="">
    <tag k="local_x" v="-223.8695"/>
    <tag k="local_y" v="-70.1058"/>
    <tag k="ele" v="0.058"/>
  </node>
  <node version="1" id="2123" lat="" lon="">
    <tag k="local_x" v="-219.0542"/>
    <tag k="local_y" v="-70.0038"/>
    <tag k="ele" v="0.058"/>
  </node>
  <node version="1" id="2124" lat="" lon="">
    <tag k="local_x" v="-220.2985"/>
    <tag k="local_y" v="-69.6297"/>
    <tag k="ele" v="0.058"/>
  </node>
  <node version="1" id="2125" lat="" lon="">
    <tag k="local_x" v="-221.3148"/>
    <tag k="local_y" v="-69.0506"/>
    <tag k="ele" v="0.058"/>
  </node>
  <node version="1" id="2126" lat="" lon="">
    <tag k="local_x" v="-222.2739"/>
    <tag k="local_y" v="-68.1813"/>
    <tag k="ele" v="0.058"/>
  </node>
  <node version="1" id="2130" lat="" lon="">
    <tag k="local_x" v="-218.373"/>
    <tag k="local_y" v="-79.6816"/>
    <tag k="ele" v="0.1167"/>
  </node>
  <node version="1" id="2131" lat="" lon="">
    <tag k="local_x" v="-218.5331"/>
    <tag k="local_y" v="-78.0703"/>
    <tag k="ele" v="0.1167"/>
  </node>
  <node version="1" id="2132" lat="" lon="">
    <tag k="local_x" v="-218.2003"/>
    <tag k="local_y" v="-76.3071"/>
    <tag k="ele" v="0.1167"/>
  </node>
  <node version="1" id="2133" lat="" lon="">
    <tag k="local_x" v="-217.3718"/>
    <tag k="local_y" v="-74.7255"/>
    <tag k="ele" v="0.1167"/>
  </node>
  <node version="1" id="2134" lat="" lon="">
    <tag k="local_x" v="-216.1243"/>
    <tag k="local_y" v="-73.4605"/>
    <tag k="ele" v="0.1167"/>
  </node>
  <node version="1" id="2135" lat="" lon="">
    <tag k="local_x" v="-214.717"/>
    <tag k="local_y" v="-72.6877"/>
    <tag k="ele" v="0.1167"/>
  </node>
  <node version="1" id="2136" lat="" lon="">
    <tag k="local_x" v="-215.8928"/>
    <tag k="local_y" v="-79.3678"/>
    <tag k="ele" v="0.1167"/>
  </node>
  <node version="1" id="2137" lat="" lon="">
    <tag k="local_x" v="-216.0938"/>
    <tag k="local_y" v="-78.1242"/>
    <tag k="ele" v="0.1167"/>
  </node>
  <node version="1" id="2138" lat="" lon="">
    <tag k="local_x" v="-215.9397"/>
    <tag k="local_y" v="-77.0511"/>
    <tag k="ele" v="0.1167"/>
  </node>
  <node version="1" id="2139" lat="" lon="">
    <tag k="local_x" v="-215.4754"/>
    <tag k="local_y" v="-76.0617"/>
    <tag k="ele" v="0.1167"/>
  </node>
  <node version="1" id="2140" lat="" lon="">
    <tag k="local_x" v="-214.7367"/>
    <tag k="local_y" v="-75.2443"/>
    <tag k="ele" v="0.1167"/>
  </node>
  <node version="1" id="2141" lat="" lon="">
    <tag k="local_x" v="-213.637"/>
    <tag k="local_y" v="-74.6043"/>
    <tag k="ele" v="0.1167"/>
  </node>
  <node version="1" id="2145" lat="" lon="">
    <tag k="local_x" v="-95.5177"/>
    <tag k="local_y" v="154.414"/>
    <tag k="ele" v="-1.769"/>
  </node>
  <node version="1" id="2146" lat="" lon="">
    <tag k="local_x" v="-131.7114"/>
    <tag k="local_y" v="150.8101"/>
    <tag k="ele" v="-1.8028"/>
  </node>
  <node version="1" id="2148" lat="" lon="">
    <tag k="local_x" v="-95.2502"/>
    <tag k="local_y" v="151.7273"/>
    <tag k="ele" v="-1.769"/>
  </node>
  <node version="1" id="2149" lat="" lon="">
    <tag k="local_x" v="-131.4439"/>
    <tag k="local_y" v="148.1234"/>
    <tag k="ele" v="-1.8028"/>
  </node>
  <node version="1" id="2152" lat="" lon="">
    <tag k="local_x" v="-152.1298"/>
    <tag k="local_y" v="148.438"/>
    <tag k="ele" v="-1.6234"/>
  </node>
  <node version="1" id="2154" lat="" lon="">
    <tag k="local_x" v="-151.8392"/>
    <tag k="local_y" v="145.7537"/>
    <tag k="ele" v="-1.6234"/>
  </node>
  <node version="1" id="2157" lat="" lon="">
    <tag k="local_x" v="-174.8877"/>
    <tag k="local_y" v="146.1359"/>
    <tag k="ele" v="-1.6542"/>
  </node>
  <node version="1" id="2158" lat="" lon="">
    <tag k="local_x" v="-174.616"/>
    <tag k="local_y" v="143.4496"/>
    <tag k="ele" v="-1.6542"/>
  </node>
  <node version="1" id="2160" lat="" lon="">
    <tag k="local_x" v="-151.7438"/>
    <tag k="local_y" v="145.7648"/>
    <tag k="ele" v="-1.7131"/>
  </node>
  <node version="1" id="2161" lat="" lon="">
    <tag k="local_x" v="-152.0554"/>
    <tag k="local_y" v="148.4466"/>
    <tag k="ele" v="-1.7131"/>
  </node>
  <node version="1" id="2167" lat="" lon="">
    <tag k="local_x" v="-160.4655"/>
    <tag k="local_y" v="144.8811"/>
    <tag k="ele" v="-1.6388"/>
  </node>
  <node version="1" id="2168" lat="" lon="">
    <tag k="local_x" v="-160.7372"/>
    <tag k="local_y" v="147.5673"/>
    <tag k="ele" v="-1.6388"/>
  </node>
  <node version="1" id="2174" lat="" lon="">
    <tag k="local_x" v="-145.0805"/>
    <tag k="local_y" v="146.539"/>
    <tag k="ele" v="-1.7579"/>
  </node>
  <node version="1" id="2175" lat="" lon="">
    <tag k="local_x" v="-145.3921"/>
    <tag k="local_y" v="149.2207"/>
    <tag k="ele" v="-1.7579"/>
  </node>
  <node version="1" id="2181" lat="" lon="">
    <tag k="local_x" v="-138.6819"/>
    <tag k="local_y" v="153.8254"/>
    <tag k="ele" v="-1.8112"/>
  </node>
  <node version="1" id="2182" lat="" lon="">
    <tag k="local_x" v="-139.0992"/>
    <tag k="local_y" v="156.334"/>
    <tag k="ele" v="-1.8194"/>
  </node>
  <node version="1" id="2184" lat="" lon="">
    <tag k="local_x" v="-141.148"/>
    <tag k="local_y" v="153.4152"/>
    <tag k="ele" v="-1.8112"/>
  </node>
  <node version="1" id="2185" lat="" lon="">
    <tag k="local_x" v="-141.5653"/>
    <tag k="local_y" v="155.9237"/>
    <tag k="ele" v="-1.8194"/>
  </node>
  <node version="1" id="2188" lat="" lon="">
    <tag k="local_x" v="-144.524"/>
    <tag k="local_y" v="155.6405"/>
    <tag k="ele" v="-1.7657"/>
  </node>
  <node version="1" id="2189" lat="" lon="">
    <tag k="local_x" v="-144.0009"/>
    <tag k="local_y" v="152.8494"/>
    <tag k="ele" v="-1.6909"/>
  </node>
  <node version="1" id="2191" lat="" lon="">
    <tag k="local_x" v="-142.0677"/>
    <tag k="local_y" v="156.1009"/>
    <tag k="ele" v="-1.7657"/>
  </node>
  <node version="1" id="2192" lat="" lon="">
    <tag k="local_x" v="-141.5445"/>
    <tag k="local_y" v="153.3097"/>
    <tag k="ele" v="-1.6909"/>
  </node>
  <node version="1" id="2197" lat="" lon="">
    <tag k="local_x" v="-141.3851"/>
    <tag k="local_y" v="149.7937"/>
    <tag k="ele" v="-1.6513"/>
  </node>
  <node version="1" id="2198" lat="" lon="">
    <tag k="local_x" v="-142.0108"/>
    <tag k="local_y" v="148.374"/>
    <tag k="ele" v="-1.6513"/>
  </node>
  <node version="1" id="2199" lat="" lon="">
    <tag k="local_x" v="-143.1143"/>
    <tag k="local_y" v="147.2809"/>
    <tag k="ele" v="-1.6513"/>
  </node>
  <node version="1" id="2200" lat="" lon="">
    <tag k="local_x" v="-143.6569"/>
    <tag k="local_y" v="150.8352"/>
    <tag k="ele" v="-1.6513"/>
  </node>
  <node version="1" id="2201" lat="" lon="">
    <tag k="local_x" v="-144.1036"/>
    <tag k="local_y" v="149.9157"/>
    <tag k="ele" v="-1.6513"/>
  </node>
  <node version="1" id="2202" lat="" lon="">
    <tag k="local_x" v="-144.9163"/>
    <tag k="local_y" v="149.2912"/>
    <tag k="ele" v="-1.6513"/>
  </node>
  <node version="1" id="2206" lat="" lon="">
    <tag k="local_x" v="-141.2829"/>
    <tag k="local_y" v="152.3079"/>
    <tag k="ele" v="-1.6909"/>
  </node>
  <node version="1" id="2207" lat="" lon="">
    <tag k="local_x" v="-140.7547"/>
    <tag k="local_y" v="151.187"/>
    <tag k="ele" v="-1.6909"/>
  </node>
  <node version="1" id="2208" lat="" lon="">
    <tag k="local_x" v="-140.1054"/>
    <tag k="local_y" v="150.2572"/>
    <tag k="ele" v="-1.6909"/>
  </node>
  <node version="1" id="2209" lat="" lon="">
    <tag k="local_x" v="-139.3142"/>
    <tag k="local_y" v="149.4481"/>
    <tag k="ele" v="-1.6909"/>
  </node>
  <node version="1" id="2210" lat="" lon="">
    <tag k="local_x" v="-138.4029"/>
    <tag k="local_y" v="148.7812"/>
    <tag k="ele" v="-1.6909"/>
  </node>
  <node version="1" id="2211" lat="" lon="">
    <tag k="local_x" v="-137.3967"/>
    <tag k="local_y" v="148.2737"/>
    <tag k="ele" v="-1.6909"/>
  </node>
  <node version="1" id="2212" lat="" lon="">
    <tag k="local_x" v="-136.3231"/>
    <tag k="local_y" v="147.9387"/>
    <tag k="ele" v="-1.6909"/>
  </node>
  <node version="1" id="2213" lat="" lon="">
    <tag k="local_x" v="-135.1011"/>
    <tag k="local_y" v="147.7725"/>
    <tag k="ele" v="-1.6909"/>
  </node>
  <node version="1" id="2214" lat="" lon="">
    <tag k="local_x" v="-143.5522"/>
    <tag k="local_y" v="151.2608"/>
    <tag k="ele" v="-1.6909"/>
  </node>
  <node version="1" id="2215" lat="" lon="">
    <tag k="local_x" v="-142.9551"/>
    <tag k="local_y" v="149.9428"/>
    <tag k="ele" v="-1.6909"/>
  </node>
  <node version="1" id="2216" lat="" lon="">
    <tag k="local_x" v="-142.0945"/>
    <tag k="local_y" v="148.6511"/>
    <tag k="ele" v="-1.6909"/>
  </node>
  <node version="1" id="2217" lat="" lon="">
    <tag k="local_x" v="-141.0321"/>
    <tag k="local_y" v="147.5162"/>
    <tag k="ele" v="-1.6909"/>
  </node>
  <node version="1" id="2218" lat="" lon="">
    <tag k="local_x" v="-139.7962"/>
    <tag k="local_y" v="146.5695"/>
    <tag k="ele" v="-1.6909"/>
  </node>
  <node version="1" id="2219" lat="" lon="">
    <tag k="local_x" v="-138.4197"/>
    <tag k="local_y" v="145.837"/>
    <tag k="ele" v="-1.6909"/>
  </node>
  <node version="1" id="2220" lat="" lon="">
    <tag k="local_x" v="-136.9395"/>
    <tag k="local_y" v="145.3394"/>
    <tag k="ele" v="-1.6909"/>
  </node>
  <node version="1" id="2221" lat="" lon="">
    <tag k="local_x" v="-135.5058"/>
    <tag k="local_y" v="145.1029"/>
    <tag k="ele" v="-1.6909"/>
  </node>
  <node version="1" id="2225" lat="" lon="">
    <tag k="local_x" v="-135.8507"/>
    <tag k="local_y" v="147.9465"/>
    <tag k="ele" v="-1.8052"/>
  </node>
  <node version="1" id="2226" lat="" lon="">
    <tag k="local_x" v="-137.2777"/>
    <tag k="local_y" v="148.3891"/>
    <tag k="ele" v="-1.8052"/>
  </node>
  <node version="1" id="2227" lat="" lon="">
    <tag k="local_x" v="-138.6959"/>
    <tag k="local_y" v="149.2448"/>
    <tag k="ele" v="-1.8052"/>
  </node>
  <node version="1" id="2228" lat="" lon="">
    <tag k="local_x" v="-139.853"/>
    <tag k="local_y" v="150.4215"/>
    <tag k="ele" v="-1.8052"/>
  </node>
  <node version="1" id="2229" lat="" lon="">
    <tag k="local_x" v="-140.6063"/>
    <tag k="local_y" v="151.7041"/>
    <tag k="ele" v="-1.8052"/>
  </node>
  <node version="1" id="2230" lat="" lon="">
    <tag k="local_x" v="-135.1122"/>
    <tag k="local_y" v="150.5435"/>
    <tag k="ele" v="-1.8052"/>
  </node>
  <node version="1" id="2231" lat="" lon="">
    <tag k="local_x" v="-136.2396"/>
    <tag k="local_y" v="150.8273"/>
    <tag k="ele" v="-1.8052"/>
  </node>
  <node version="1" id="2232" lat="" lon="">
    <tag k="local_x" v="-137.1155"/>
    <tag k="local_y" v="151.3094"/>
    <tag k="ele" v="-1.8052"/>
  </node>
  <node version="1" id="2233" lat="" lon="">
    <tag k="local_x" v="-137.8488"/>
    <tag k="local_y" v="151.9981"/>
    <tag k="ele" v="-1.8052"/>
  </node>
  <node version="1" id="2234" lat="" lon="">
    <tag k="local_x" v="-138.4635"/>
    <tag k="local_y" v="152.9919"/>
    <tag k="ele" v="-1.8052"/>
  </node>
  <node version="1" id="2257" lat="" lon="">
    <tag k="local_x" v="-144.9501"/>
    <tag k="local_y" v="146.4407"/>
    <tag k="ele" v="-1.6978"/>
  </node>
  <node version="1" id="2258" lat="" lon="">
    <tag k="local_x" v="-144.6136"/>
    <tag k="local_y" v="143.6936"/>
    <tag k="ele" v="-1.6978"/>
  </node>
  <node version="1" id="2264" lat="" lon="">
    <tag k="local_x" v="-144.0737"/>
    <tag k="local_y" v="146.6219"/>
    <tag k="ele" v="-1.6978"/>
  </node>
  <node version="1" id="2265" lat="" lon="">
    <tag k="local_x" v="-142.9756"/>
    <tag k="local_y" v="147.1339"/>
    <tag k="ele" v="-1.6978"/>
  </node>
  <node version="1" id="2266" lat="" lon="">
    <tag k="local_x" v="-142.1472"/>
    <tag k="local_y" v="147.7923"/>
    <tag k="ele" v="-1.6978"/>
  </node>
  <node version="1" id="2267" lat="" lon="">
    <tag k="local_x" v="-141.4878"/>
    <tag k="local_y" v="148.6278"/>
    <tag k="ele" v="-1.6978"/>
  </node>
  <node version="1" id="2268" lat="" lon="">
    <tag k="local_x" v="-141.0346"/>
    <tag k="local_y" v="149.5976"/>
    <tag k="ele" v="-1.6978"/>
  </node>
  <node version="1" id="2269" lat="" lon="">
    <tag k="local_x" v="-140.7964"/>
    <tag k="local_y" v="150.7946"/>
    <tag k="ele" v="-1.6978"/>
  </node>
  <node version="1" id="2270" lat="" lon="">
    <tag k="local_x" v="-142.8305"/>
    <tag k="local_y" v="144.1492"/>
    <tag k="ele" v="-1.6978"/>
  </node>
  <node version="1" id="2271" lat="" lon="">
    <tag k="local_x" v="-141.4853"/>
    <tag k="local_y" v="144.8656"/>
    <tag k="ele" v="-1.6978"/>
  </node>
  <node version="1" id="2272" lat="" lon="">
    <tag k="local_x" v="-140.2163"/>
    <tag k="local_y" v="145.962"/>
    <tag k="ele" v="-1.6978"/>
  </node>
  <node version="1" id="2273" lat="" lon="">
    <tag k="local_x" v="-139.2355"/>
    <tag k="local_y" v="147.3149"/>
    <tag k="ele" v="-1.6978"/>
  </node>
  <node version="1" id="2274" lat="" lon="">
    <tag k="local_x" v="-138.5928"/>
    <tag k="local_y" v="148.8506"/>
    <tag k="ele" v="-1.6978"/>
  </node>
  <node version="1" id="2275" lat="" lon="">
    <tag k="local_x" v="-138.3375"/>
    <tag k="local_y" v="150.3434"/>
    <tag k="ele" v="-1.6978"/>
  </node>
  <node version="1" id="2279" lat="" lon="">
    <tag k="local_x" v="-197.2459"/>
    <tag k="local_y" v="138.298"/>
    <tag k="ele" v="-1.607"/>
  </node>
  <node version="1" id="2280" lat="" lon="">
    <tag k="local_x" v="-235.9591"/>
    <tag k="local_y" v="111.4974"/>
    <tag k="ele" v="-0.978"/>
  </node>
  <node version="1" id="2282" lat="" lon="">
    <tag k="local_x" v="-195.7093"/>
    <tag k="local_y" v="136.0782"/>
    <tag k="ele" v="-1.607"/>
  </node>
  <node version="1" id="2283" lat="" lon="">
    <tag k="local_x" v="-234.4859"/>
    <tag k="local_y" v="109.2351"/>
    <tag k="ele" v="-0.978"/>
  </node>
  <node version="1" id="2286" lat="" lon="">
    <tag k="local_x" v="-177.4997"/>
    <tag k="local_y" v="143.1351"/>
    <tag k="ele" v="-1.6558"/>
  </node>
  <node version="1" id="2287" lat="" lon="">
    <tag k="local_x" v="-178.9124"/>
    <tag k="local_y" v="142.9199"/>
    <tag k="ele" v="-1.6558"/>
  </node>
  <node version="1" id="2288" lat="" lon="">
    <tag k="local_x" v="-180.2947"/>
    <tag k="local_y" v="142.6613"/>
    <tag k="ele" v="-1.6558"/>
  </node>
  <node version="1" id="2289" lat="" lon="">
    <tag k="local_x" v="-181.6675"/>
    <tag k="local_y" v="142.3564"/>
    <tag k="ele" v="-1.6558"/>
  </node>
  <node version="1" id="2290" lat="" lon="">
    <tag k="local_x" v="-183.0293"/>
    <tag k="local_y" v="142.0055"/>
    <tag k="ele" v="-1.6558"/>
  </node>
  <node version="1" id="2291" lat="" lon="">
    <tag k="local_x" v="-184.3784"/>
    <tag k="local_y" v="141.6089"/>
    <tag k="ele" v="-1.6558"/>
  </node>
  <node version="1" id="2292" lat="" lon="">
    <tag k="local_x" v="-185.7135"/>
    <tag k="local_y" v="141.1672"/>
    <tag k="ele" v="-1.6558"/>
  </node>
  <node version="1" id="2293" lat="" lon="">
    <tag k="local_x" v="-187.033"/>
    <tag k="local_y" v="140.6809"/>
    <tag k="ele" v="-1.6558"/>
  </node>
  <node version="1" id="2294" lat="" lon="">
    <tag k="local_x" v="-188.3354"/>
    <tag k="local_y" v="140.1504"/>
    <tag k="ele" v="-1.6558"/>
  </node>
  <node version="1" id="2295" lat="" lon="">
    <tag k="local_x" v="-189.6191"/>
    <tag k="local_y" v="139.5764"/>
    <tag k="ele" v="-1.6558"/>
  </node>
  <node version="1" id="2296" lat="" lon="">
    <tag k="local_x" v="-190.8829"/>
    <tag k="local_y" v="138.9596"/>
    <tag k="ele" v="-1.6558"/>
  </node>
  <node version="1" id="2297" lat="" lon="">
    <tag k="local_x" v="-192.1252"/>
    <tag k="local_y" v="138.3005"/>
    <tag k="ele" v="-1.6558"/>
  </node>
  <node version="1" id="2298" lat="" lon="">
    <tag k="local_x" v="-193.3446"/>
    <tag k="local_y" v="137.6001"/>
    <tag k="ele" v="-1.6558"/>
  </node>
  <node version="1" id="2299" lat="" lon="">
    <tag k="local_x" v="-194.5589"/>
    <tag k="local_y" v="136.8469"/>
    <tag k="ele" v="-1.6558"/>
  </node>
  <node version="1" id="2300" lat="" lon="">
    <tag k="local_x" v="-177.9067"/>
    <tag k="local_y" v="145.8042"/>
    <tag k="ele" v="-1.6558"/>
  </node>
  <node version="1" id="2301" lat="" lon="">
    <tag k="local_x" v="-179.3642"/>
    <tag k="local_y" v="145.5818"/>
    <tag k="ele" v="-1.6558"/>
  </node>
  <node version="1" id="2302" lat="" lon="">
    <tag k="local_x" v="-180.8357"/>
    <tag k="local_y" v="145.3065"/>
    <tag k="ele" v="-1.6558"/>
  </node>
  <node version="1" id="2303" lat="" lon="">
    <tag k="local_x" v="-182.2972"/>
    <tag k="local_y" v="144.9819"/>
    <tag k="ele" v="-1.6558"/>
  </node>
  <node version="1" id="2304" lat="" lon="">
    <tag k="local_x" v="-183.7469"/>
    <tag k="local_y" v="144.6083"/>
    <tag k="ele" v="-1.6558"/>
  </node>
  <node version="1" id="2305" lat="" lon="">
    <tag k="local_x" v="-185.1833"/>
    <tag k="local_y" v="144.1861"/>
    <tag k="ele" v="-1.6558"/>
  </node>
  <node version="1" id="2306" lat="" lon="">
    <tag k="local_x" v="-186.6046"/>
    <tag k="local_y" v="143.7158"/>
    <tag k="ele" v="-1.6558"/>
  </node>
  <node version="1" id="2307" lat="" lon="">
    <tag k="local_x" v="-188.0093"/>
    <tag k="local_y" v="143.198"/>
    <tag k="ele" v="-1.6558"/>
  </node>
  <node version="1" id="2308" lat="" lon="">
    <tag k="local_x" v="-189.3958"/>
    <tag k="local_y" v="142.6333"/>
    <tag k="ele" v="-1.6558"/>
  </node>
  <node version="1" id="2309" lat="" lon="">
    <tag k="local_x" v="-190.7624"/>
    <tag k="local_y" v="142.0222"/>
    <tag k="ele" v="-1.6558"/>
  </node>
  <node version="1" id="2310" lat="" lon="">
    <tag k="local_x" v="-192.1078"/>
    <tag k="local_y" v="141.3655"/>
    <tag k="ele" v="-1.6558"/>
  </node>
  <node version="1" id="2311" lat="" lon="">
    <tag k="local_x" v="-193.4303"/>
    <tag k="local_y" v="140.6639"/>
    <tag k="ele" v="-1.6558"/>
  </node>
  <node version="1" id="2312" lat="" lon="">
    <tag k="local_x" v="-194.7285"/>
    <tag k="local_y" v="139.9182"/>
    <tag k="ele" v="-1.6558"/>
  </node>
  <node version="1" id="2313" lat="" lon="">
    <tag k="local_x" v="-195.9816"/>
    <tag k="local_y" v="139.1414"/>
    <tag k="ele" v="-1.6558"/>
  </node>
  <node version="1" id="2317" lat="" lon="">
    <tag k="local_x" v="-241.1737"/>
    <tag k="local_y" v="108.1"/>
    <tag k="ele" v="-0.8819"/>
  </node>
  <node version="1" id="2319" lat="" lon="">
    <tag k="local_x" v="-239.6297"/>
    <tag k="local_y" v="105.8855"/>
    <tag k="ele" v="-0.8819"/>
  </node>
  <node version="1" id="2322" lat="" lon="">
    <tag k="local_x" v="-246.8481"/>
    <tag k="local_y" v="103.9048"/>
    <tag k="ele" v="-0.7577"/>
  </node>
  <node version="1" id="2323" lat="" lon="">
    <tag k="local_x" v="-245.2351"/>
    <tag k="local_y" v="101.7403"/>
    <tag k="ele" v="-0.7577"/>
  </node>
  <node version="1" id="2324" lat="" lon="">
    <tag k="local_x" v="-253.7024"/>
    <tag k="local_y" v="98.7651"/>
    <tag k="ele" v="-0.5664"/>
  </node>
  <node version="1" id="2325" lat="" lon="">
    <tag k="local_x" v="-252.083"/>
    <tag k="local_y" v="96.6055"/>
    <tag k="ele" v="-0.5664"/>
  </node>
  <node version="1" id="2326" lat="" lon="">
    <tag k="local_x" v="-259.7445"/>
    <tag k="local_y" v="90.6294"/>
    <tag k="ele" v="-0.3999"/>
  </node>
  <node version="1" id="2327" lat="" lon="">
    <tag k="local_x" v="-262.4881"/>
    <tag k="local_y" v="84.9082"/>
    <tag k="ele" v="-0.3082"/>
  </node>
  <node version="1" id="2329" lat="" lon="">
    <tag k="local_x" v="-257.3102"/>
    <tag k="local_y" v="89.462"/>
    <tag k="ele" v="-0.3999"/>
  </node>
  <node version="1" id="2330" lat="" lon="">
    <tag k="local_x" v="-260.0538"/>
    <tag k="local_y" v="83.7408"/>
    <tag k="ele" v="-0.3082"/>
  </node>
  <node version="1" id="2333" lat="" lon="">
    <tag k="local_x" v="-252.9345"/>
    <tag k="local_y" v="95.9163"/>
    <tag k="ele" v="-0.5664"/>
  </node>
  <node version="1" id="2334" lat="" lon="">
    <tag k="local_x" v="-253.8045"/>
    <tag k="local_y" v="95.085"/>
    <tag k="ele" v="-0.5664"/>
  </node>
  <node version="1" id="2335" lat="" lon="">
    <tag k="local_x" v="-254.5686"/>
    <tag k="local_y" v="94.2265"/>
    <tag k="ele" v="-0.5664"/>
  </node>
  <node version="1" id="2336" lat="" lon="">
    <tag k="local_x" v="-255.2616"/>
    <tag k="local_y" v="93.3096"/>
    <tag k="ele" v="-0.5664"/>
  </node>
  <node version="1" id="2337" lat="" lon="">
    <tag k="local_x" v="-255.9072"/>
    <tag k="local_y" v="92.294"/>
    <tag k="ele" v="-0.5664"/>
  </node>
  <node version="1" id="2338" lat="" lon="">
    <tag k="local_x" v="-254.8009"/>
    <tag k="local_y" v="97.8664"/>
    <tag k="ele" v="-0.5664"/>
  </node>
  <node version="1" id="2339" lat="" lon="">
    <tag k="local_x" v="-255.7475"/>
    <tag k="local_y" v="96.959"/>
    <tag k="ele" v="-0.5664"/>
  </node>
  <node version="1" id="2340" lat="" lon="">
    <tag k="local_x" v="-256.6553"/>
    <tag k="local_y" v="95.9391"/>
    <tag k="ele" v="-0.5664"/>
  </node>
  <node version="1" id="2341" lat="" lon="">
    <tag k="local_x" v="-257.4787"/>
    <tag k="local_y" v="94.85"/>
    <tag k="ele" v="-0.5664"/>
  </node>
  <node version="1" id="2342" lat="" lon="">
    <tag k="local_x" v="-258.1842"/>
    <tag k="local_y" v="93.7446"/>
    <tag k="ele" v="-0.5664"/>
  </node>
  <node version="1" id="2346" lat="" lon="">
    <tag k="local_x" v="-264.2439"/>
    <tag k="local_y" v="72.8286"/>
    <tag k="ele" v="-0.2713"/>
  </node>
  <node version="1" id="2347" lat="" lon="">
    <tag k="local_x" v="-260.2735"/>
    <tag k="local_y" v="48.7065"/>
    <tag k="ele" v="0.0078"/>
  </node>
  <node version="1" id="2349" lat="" lon="">
    <tag k="local_x" v="-261.5799"/>
    <tag k="local_y" v="73.2671"/>
    <tag k="ele" v="-0.2713"/>
  </node>
  <node version="1" id="2350" lat="" lon="">
    <tag k="local_x" v="-257.6095"/>
    <tag k="local_y" v="49.145"/>
    <tag k="ele" v="0.0078"/>
  </node>
  <node version="1" id="2353" lat="" lon="">
    <tag k="local_x" v="-260.6067"/>
    <tag k="local_y" v="82.4817"/>
    <tag k="ele" v="-0.3068"/>
  </node>
  <node version="1" id="2354" lat="" lon="">
    <tag k="local_x" v="-261.0595"/>
    <tag k="local_y" v="81.1744"/>
    <tag k="ele" v="-0.3068"/>
  </node>
  <node version="1" id="2355" lat="" lon="">
    <tag k="local_x" v="-261.3973"/>
    <tag k="local_y" v="79.886"/>
    <tag k="ele" v="-0.3068"/>
  </node>
  <node version="1" id="2356" lat="" lon="">
    <tag k="local_x" v="-261.636"/>
    <tag k="local_y" v="78.5755"/>
    <tag k="ele" v="-0.3068"/>
  </node>
  <node version="1" id="2357" lat="" lon="">
    <tag k="local_x" v="-261.7741"/>
    <tag k="local_y" v="77.2507"/>
    <tag k="ele" v="-0.3068"/>
  </node>
  <node version="1" id="2358" lat="" lon="">
    <tag k="local_x" v="-261.8108"/>
    <tag k="local_y" v="75.9192"/>
    <tag k="ele" v="-0.3068"/>
  </node>
  <node version="1" id="2359" lat="" lon="">
    <tag k="local_x" v="-261.7425"/>
    <tag k="local_y" v="74.5374"/>
    <tag k="ele" v="-0.3068"/>
  </node>
  <node version="1" id="2360" lat="" lon="">
    <tag k="local_x" v="-263.1584"/>
    <tag k="local_y" v="83.3635"/>
    <tag k="ele" v="-0.3068"/>
  </node>
  <node version="1" id="2361" lat="" lon="">
    <tag k="local_x" v="-263.6429"/>
    <tag k="local_y" v="81.9583"/>
    <tag k="ele" v="-0.3068"/>
  </node>
  <node version="1" id="2362" lat="" lon="">
    <tag k="local_x" v="-264.033"/>
    <tag k="local_y" v="80.4707"/>
    <tag k="ele" v="-0.3068"/>
  </node>
  <node version="1" id="2363" lat="" lon="">
    <tag k="local_x" v="-264.3086"/>
    <tag k="local_y" v="78.9576"/>
    <tag k="ele" v="-0.3068"/>
  </node>
  <node version="1" id="2364" lat="" lon="">
    <tag k="local_x" v="-264.4681"/>
    <tag k="local_y" v="77.428"/>
    <tag k="ele" v="-0.3068"/>
  </node>
  <node version="1" id="2365" lat="" lon="">
    <tag k="local_x" v="-264.5105"/>
    <tag k="local_y" v="75.8906"/>
    <tag k="ele" v="-0.3068"/>
  </node>
  <node version="1" id="2366" lat="" lon="">
    <tag k="local_x" v="-264.4391"/>
    <tag k="local_y" v="74.4059"/>
    <tag k="ele" v="-0.3068"/>
  </node>
  <node version="1" id="2370" lat="" lon="">
    <tag k="local_x" v="-257.3619"/>
    <tag k="local_y" v="48.1389"/>
    <tag k="ele" v="0.0078"/>
  </node>
  <node version="1" id="2371" lat="" lon="">
    <tag k="local_x" v="-256.8173"/>
    <tag k="local_y" v="46.9633"/>
    <tag k="ele" v="0.0078"/>
  </node>
  <node version="1" id="2372" lat="" lon="">
    <tag k="local_x" v="-256.129"/>
    <tag k="local_y" v="46.0181"/>
    <tag k="ele" v="0.0078"/>
  </node>
  <node version="1" id="2373" lat="" lon="">
    <tag k="local_x" v="-255.2705"/>
    <tag k="local_y" v="45.2197"/>
    <tag k="ele" v="0.0078"/>
  </node>
  <node version="1" id="2374" lat="" lon="">
    <tag k="local_x" v="-254.2725"/>
    <tag k="local_y" v="44.5984"/>
    <tag k="ele" v="0.0078"/>
  </node>
  <node version="1" id="2375" lat="" lon="">
    <tag k="local_x" v="-253.1712"/>
    <tag k="local_y" v="44.178"/>
    <tag k="ele" v="0.0078"/>
  </node>
  <node version="1" id="2376" lat="" lon="">
    <tag k="local_x" v="-251.8874"/>
    <tag k="local_y" v="43.962"/>
    <tag k="ele" v="0.0078"/>
  </node>
  <node version="1" id="2377" lat="" lon="">
    <tag k="local_x" v="-259.7913"/>
    <tag k="local_y" v="46.9611"/>
    <tag k="ele" v="0.0078"/>
  </node>
  <node version="1" id="2378" lat="" lon="">
    <tag k="local_x" v="-259.0941"/>
    <tag k="local_y" v="45.5751"/>
    <tag k="ele" v="0.0078"/>
  </node>
  <node version="1" id="2379" lat="" lon="">
    <tag k="local_x" v="-258.0741"/>
    <tag k="local_y" v="44.2431"/>
    <tag k="ele" v="0.0078"/>
  </node>
  <node version="1" id="2380" lat="" lon="">
    <tag k="local_x" v="-256.8208"/>
    <tag k="local_y" v="43.1326"/>
    <tag k="ele" v="0.0078"/>
  </node>
  <node version="1" id="2381" lat="" lon="">
    <tag k="local_x" v="-255.3812"/>
    <tag k="local_y" v="42.2836"/>
    <tag k="ele" v="0.0078"/>
  </node>
  <node version="1" id="2382" lat="" lon="">
    <tag k="local_x" v="-253.8089"/>
    <tag k="local_y" v="41.7263"/>
    <tag k="ele" v="0.0078"/>
  </node>
  <node version="1" id="2383" lat="" lon="">
    <tag k="local_x" v="-252.2817"/>
    <tag k="local_y" v="41.4934"/>
    <tag k="ele" v="0.0078"/>
  </node>
  <node version="1" id="2390" lat="" lon="">
    <tag k="local_x" v="-258.7761"/>
    <tag k="local_y" v="39.0167"/>
    <tag k="ele" v="0.0256"/>
  </node>
  <node version="1" id="2392" lat="" lon="">
    <tag k="local_x" v="-256.1085"/>
    <tag k="local_y" v="39.4337"/>
    <tag k="ele" v="0.0256"/>
  </node>
  <node version="1" id="2395" lat="" lon="">
    <tag k="local_x" v="-249.2857"/>
    <tag k="local_y" v="-21.6907"/>
    <tag k="ele" v="0.0661"/>
  </node>
  <node version="1" id="2397" lat="" lon="">
    <tag k="local_x" v="-246.6264"/>
    <tag k="local_y" v="-21.2239"/>
    <tag k="ele" v="0.0661"/>
  </node>
  <node version="1" id="2400" lat="" lon="">
    <tag k="local_x" v="-248.1935"/>
    <tag k="local_y" v="-28.3855"/>
    <tag k="ele" v="0.0758"/>
  </node>
  <node version="1" id="2402" lat="" lon="">
    <tag k="local_x" v="-245.5857"/>
    <tag k="local_y" v="-27.6856"/>
    <tag k="ele" v="0.0758"/>
  </node>
  <node version="1" id="2405" lat="" lon="">
    <tag k="local_x" v="-253.5814"/>
    <tag k="local_y" v="43.9619"/>
    <tag k="ele" v="-0.0325"/>
  </node>
  <node version="1" id="2406" lat="" lon="">
    <tag k="local_x" v="-254.6571"/>
    <tag k="local_y" v="43.3078"/>
    <tag k="ele" v="-0.0325"/>
  </node>
  <node version="1" id="2407" lat="" lon="">
    <tag k="local_x" v="-255.3971"/>
    <tag k="local_y" v="42.5106"/>
    <tag k="ele" v="-0.0325"/>
  </node>
  <node version="1" id="2408" lat="" lon="">
    <tag k="local_x" v="-255.8996"/>
    <tag k="local_y" v="41.5533"/>
    <tag k="ele" v="-0.0325"/>
  </node>
  <node version="1" id="2409" lat="" lon="">
    <tag k="local_x" v="-256.1639"/>
    <tag k="local_y" v="40.3287"/>
    <tag k="ele" v="-0.0325"/>
  </node>
  <node version="1" id="2410" lat="" lon="">
    <tag k="local_x" v="-254.8565"/>
    <tag k="local_y" v="46.112"/>
    <tag k="ele" v="-0.0325"/>
  </node>
  <node version="1" id="2411" lat="" lon="">
    <tag k="local_x" v="-256.2357"/>
    <tag k="local_y" v="45.3103"/>
    <tag k="ele" v="-0.0325"/>
  </node>
  <node version="1" id="2412" lat="" lon="">
    <tag k="local_x" v="-257.4846"/>
    <tag k="local_y" v="44.0604"/>
    <tag k="ele" v="-0.0325"/>
  </node>
  <node version="1" id="2413" lat="" lon="">
    <tag k="local_x" v="-258.3663"/>
    <tag k="local_y" v="42.5216"/>
    <tag k="ele" v="-0.0325"/>
  </node>
  <node version="1" id="2414" lat="" lon="">
    <tag k="local_x" v="-258.7854"/>
    <tag k="local_y" v="40.9752"/>
    <tag k="ele" v="-0.0325"/>
  </node>
  <node version="1" id="2418" lat="" lon="">
    <tag k="local_x" v="-255.5574"/>
    <tag k="local_y" v="39.3563"/>
    <tag k="ele" v="-0.0658"/>
  </node>
  <node version="1" id="2419" lat="" lon="">
    <tag k="local_x" v="-255.0176"/>
    <tag k="local_y" v="40.9379"/>
    <tag k="ele" v="-0.0658"/>
  </node>
  <node version="1" id="2420" lat="" lon="">
    <tag k="local_x" v="-253.9026"/>
    <tag k="local_y" v="42.4378"/>
    <tag k="ele" v="-0.0658"/>
  </node>
  <node version="1" id="2421" lat="" lon="">
    <tag k="local_x" v="-252.5436"/>
    <tag k="local_y" v="43.4123"/>
    <tag k="ele" v="-0.0658"/>
  </node>
  <node version="1" id="2422" lat="" lon="">
    <tag k="local_x" v="-253.2226"/>
    <tag k="local_y" v="38.5741"/>
    <tag k="ele" v="-0.0658"/>
  </node>
  <node version="1" id="2423" lat="" lon="">
    <tag k="local_x" v="-252.8257"/>
    <tag k="local_y" v="39.7887"/>
    <tag k="ele" v="-0.0658"/>
  </node>
  <node version="1" id="2424" lat="" lon="">
    <tag k="local_x" v="-252.1736"/>
    <tag k="local_y" v="40.6496"/>
    <tag k="ele" v="-0.0658"/>
  </node>
  <node version="1" id="2425" lat="" lon="">
    <tag k="local_x" v="-251.1138"/>
    <tag k="local_y" v="41.3617"/>
    <tag k="ele" v="-0.0658"/>
  </node>
  <node version="1" id="2429" lat="" lon="">
    <tag k="local_x" v="-246.311"/>
    <tag k="local_y" v="-35.3855"/>
    <tag k="ele" v="0.0716"/>
  </node>
  <node version="1" id="2431" lat="" lon="">
    <tag k="local_x" v="-243.7421"/>
    <tag k="local_y" v="-34.5547"/>
    <tag k="ele" v="0.0716"/>
  </node>
  <node version="1" id="2434" lat="" lon="">
    <tag k="local_x" v="-243.5647"/>
    <tag k="local_y" v="-42.6894"/>
    <tag k="ele" v="0.0829"/>
  </node>
  <node version="1" id="2435" lat="" lon="">
    <tag k="local_x" v="-241.0598"/>
    <tag k="local_y" v="-41.6817"/>
    <tag k="ele" v="0.0829"/>
  </node>
  <node version="1" id="2436" lat="" lon="">
    <tag k="local_x" v="-240.6554"/>
    <tag k="local_y" v="-49.394"/>
    <tag k="ele" v="0.0603"/>
  </node>
  <node version="1" id="2437" lat="" lon="">
    <tag k="local_x" v="-238.3124"/>
    <tag k="local_y" v="-48.0523"/>
    <tag k="ele" v="0.0603"/>
  </node>
  <node version="1" id="2438" lat="" lon="">
    <tag k="local_x" v="-231.8878"/>
    <tag k="local_y" v="-63.126"/>
    <tag k="ele" v="0.1376"/>
  </node>
  <node version="1" id="2439" lat="" lon="">
    <tag k="local_x" v="-229.6087"/>
    <tag k="local_y" v="-61.6782"/>
    <tag k="ele" v="0.1376"/>
  </node>
  <node version="1" id="2440" lat="" lon="">
    <tag k="local_x" v="-227.5154"/>
    <tag k="local_y" v="-70.0785"/>
    <tag k="ele" v="0.1344"/>
  </node>
  <node version="1" id="2441" lat="" lon="">
    <tag k="local_x" v="-225.1785"/>
    <tag k="local_y" v="-68.7262"/>
    <tag k="ele" v="0.1344"/>
  </node>
  <node version="1" id="2442" lat="" lon="">
    <tag k="local_x" v="-220.0706"/>
    <tag k="local_y" v="-83.4803"/>
    <tag k="ele" v="0.133"/>
  </node>
  <node version="1" id="2444" lat="" lon="">
    <tag k="local_x" v="-217.7806"/>
    <tag k="local_y" v="-82.05"/>
    <tag k="ele" v="0.133"/>
  </node>
  <node version="1" id="2447" lat="" lon="">
    <tag k="local_x" v="41.1875"/>
    <tag k="local_y" v="5.0156"/>
    <tag k="ele" v="-2.3659"/>
  </node>
  <node version="1" id="2448" lat="" lon="">
    <tag k="local_x" v="41.7219"/>
    <tag k="local_y" v="2.6247"/>
    <tag k="ele" v="-2.3659"/>
  </node>
  <node version="1" id="2456" lat="" lon="">
    <tag k="local_x" v="-205.4559"/>
    <tag k="local_y" v="-106.8782"/>
    <tag k="ele" v="0.1428"/>
  </node>
  <node version="1" id="2458" lat="" lon="">
    <tag k="local_x" v="-203.1337"/>
    <tag k="local_y" v="-105.5007"/>
    <tag k="ele" v="0.1428"/>
  </node>
  <node version="1" id="2461" lat="" lon="">
    <tag k="local_x" v="-202.0922"/>
    <tag k="local_y" v="-106.3755"/>
    <tag k="ele" v="0.1428"/>
  </node>
  <node version="1" id="2462" lat="" lon="">
    <tag k="local_x" v="-201.1746"/>
    <tag k="local_y" v="-107.3056"/>
    <tag k="ele" v="0.1428"/>
  </node>
  <node version="1" id="2463" lat="" lon="">
    <tag k="local_x" v="-200.2014"/>
    <tag k="local_y" v="-108.0081"/>
    <tag k="ele" v="0.1428"/>
  </node>
  <node version="1" id="2464" lat="" lon="">
    <tag k="local_x" v="-199.1212"/>
    <tag k="local_y" v="-108.543"/>
    <tag k="ele" v="0.1428"/>
  </node>
  <node version="1" id="2465" lat="" lon="">
    <tag k="local_x" v="-197.9625"/>
    <tag k="local_y" v="-108.894"/>
    <tag k="ele" v="0.1428"/>
  </node>
  <node version="1" id="2466" lat="" lon="">
    <tag k="local_x" v="-196.6583"/>
    <tag k="local_y" v="-109.0561"/>
    <tag k="ele" v="0.1428"/>
  </node>
  <node version="1" id="2467" lat="" lon="">
    <tag k="local_x" v="-203.9608"/>
    <tag k="local_y" v="-108.3244"/>
    <tag k="ele" v="0.1428"/>
  </node>
  <node version="1" id="2468" lat="" lon="">
    <tag k="local_x" v="-202.8357"/>
    <tag k="local_y" v="-109.3529"/>
    <tag k="ele" v="0.1428"/>
  </node>
  <node version="1" id="2469" lat="" lon="">
    <tag k="local_x" v="-201.4714"/>
    <tag k="local_y" v="-110.2458"/>
    <tag k="ele" v="0.1428"/>
  </node>
  <node version="1" id="2470" lat="" lon="">
    <tag k="local_x" v="-199.9835"/>
    <tag k="local_y" v="-110.8996"/>
    <tag k="ele" v="0.1428"/>
  </node>
  <node version="1" id="2471" lat="" lon="">
    <tag k="local_x" v="-198.4132"/>
    <tag k="local_y" v="-111.2981"/>
    <tag k="ele" v="0.1428"/>
  </node>
  <node version="1" id="2472" lat="" lon="">
    <tag k="local_x" v="-196.9023"/>
    <tag k="local_y" v="-111.426"/>
    <tag k="ele" v="0.1428"/>
  </node>
  <node version="1" id="2476" lat="" lon="">
    <tag k="local_x" v="-196.3359"/>
    <tag k="local_y" v="-122.1204"/>
    <tag k="ele" v="0.1357"/>
  </node>
  <node version="1" id="2478" lat="" lon="">
    <tag k="local_x" v="-194.3542"/>
    <tag k="local_y" v="-120.9532"/>
    <tag k="ele" v="0.1357"/>
  </node>
  <node version="1" id="2481" lat="" lon="">
    <tag k="local_x" v="-195.5755"/>
    <tag k="local_y" v="-123.4114"/>
    <tag k="ele" v="0.1523"/>
  </node>
  <node version="1" id="2483" lat="" lon="">
    <tag k="local_x" v="-193.6237"/>
    <tag k="local_y" v="-122.1947"/>
    <tag k="ele" v="0.1523"/>
  </node>
  <node version="1" id="2486" lat="" lon="">
    <tag k="local_x" v="-188.2675"/>
    <tag k="local_y" v="-135.0634"/>
    <tag k="ele" v="0.1688"/>
  </node>
  <node version="1" id="2487" lat="" lon="">
    <tag k="local_x" v="-186.3283"/>
    <tag k="local_y" v="-133.8267"/>
    <tag k="ele" v="0.1688"/>
  </node>
  <node version="1" id="2488" lat="" lon="">
    <tag k="local_x" v="-183.6343"/>
    <tag k="local_y" v="-142.1354"/>
    <tag k="ele" v="0.1091"/>
  </node>
  <node version="1" id="2489" lat="" lon="">
    <tag k="local_x" v="-181.7676"/>
    <tag k="local_y" v="-140.7918"/>
    <tag k="ele" v="0.1091"/>
  </node>
  <node version="1" id="2490" lat="" lon="">
    <tag k="local_x" v="-179.5223"/>
    <tag k="local_y" v="-147.214"/>
    <tag k="ele" v="0.091"/>
  </node>
  <node version="1" id="2491" lat="" lon="">
    <tag k="local_x" v="-177.7944"/>
    <tag k="local_y" v="-145.6961"/>
    <tag k="ele" v="0.091"/>
  </node>
  <node version="1" id="2492" lat="" lon="">
    <tag k="local_x" v="-176.3803"/>
    <tag k="local_y" v="-150.3929"/>
    <tag k="ele" v="0.0741"/>
  </node>
  <node version="1" id="2493" lat="" lon="">
    <tag k="local_x" v="-174.8554"/>
    <tag k="local_y" v="-148.671"/>
    <tag k="ele" v="0.0741"/>
  </node>
  <node version="1" id="2494" lat="" lon="">
    <tag k="local_x" v="-171.746"/>
    <tag k="local_y" v="-154.1006"/>
    <tag k="ele" v="0.0773"/>
  </node>
  <node version="1" id="2495" lat="" lon="">
    <tag k="local_x" v="-170.2962"/>
    <tag k="local_y" v="-152.3152"/>
    <tag k="ele" v="0.0773"/>
  </node>
  <node version="1" id="2496" lat="" lon="">
    <tag k="local_x" v="-167.2408"/>
    <tag k="local_y" v="-157.3669"/>
    <tag k="ele" v="0.159"/>
  </node>
  <node version="1" id="2497" lat="" lon="">
    <tag k="local_x" v="-165.5341"/>
    <tag k="local_y" v="-155.4477"/>
    <tag k="ele" v="0.159"/>
  </node>
  <node version="1" id="2498" lat="" lon="">
    <tag k="local_x" v="-195.3246"/>
    <tag k="local_y" v="-108.5262"/>
    <tag k="ele" v="0.1208"/>
  </node>
  <node version="1" id="2499" lat="" lon="">
    <tag k="local_x" v="-196.3596"/>
    <tag k="local_y" v="-109.0825"/>
    <tag k="ele" v="0.1208"/>
  </node>
  <node version="1" id="2500" lat="" lon="">
    <tag k="local_x" v="-197.1048"/>
    <tag k="local_y" v="-109.7884"/>
    <tag k="ele" v="0.1208"/>
  </node>
  <node version="1" id="2501" lat="" lon="">
    <tag k="local_x" v="-197.6441"/>
    <tag k="local_y" v="-110.6494"/>
    <tag k="ele" v="0.1208"/>
  </node>
  <node version="1" id="2502" lat="" lon="">
    <tag k="local_x" v="-197.9476"/>
    <tag k="local_y" v="-111.608"/>
    <tag k="ele" v="0.1208"/>
  </node>
  <node version="1" id="2503" lat="" lon="">
    <tag k="local_x" v="-198.001"/>
    <tag k="local_y" v="-112.6016"/>
    <tag k="ele" v="0.1208"/>
  </node>
  <node version="1" id="2504" lat="" lon="">
    <tag k="local_x" v="-197.7689"/>
    <tag k="local_y" v="-113.7328"/>
    <tag k="ele" v="0.1208"/>
  </node>
  <node version="1" id="2505" lat="" lon="">
    <tag k="local_x" v="-196.312"/>
    <tag k="local_y" v="-106.5605"/>
    <tag k="ele" v="0.1208"/>
  </node>
  <node version="1" id="2506" lat="" lon="">
    <tag k="local_x" v="-197.6332"/>
    <tag k="local_y" v="-107.1876"/>
    <tag k="ele" v="0.1208"/>
  </node>
  <node version="1" id="2507" lat="" lon="">
    <tag k="local_x" v="-198.8737"/>
    <tag k="local_y" v="-108.2164"/>
    <tag k="ele" v="0.1208"/>
  </node>
  <node version="1" id="2508" lat="" lon="">
    <tag k="local_x" v="-199.8238"/>
    <tag k="local_y" v="-109.5312"/>
    <tag k="ele" v="0.1208"/>
  </node>
  <node version="1" id="2509" lat="" lon="">
    <tag k="local_x" v="-200.4189"/>
    <tag k="local_y" v="-111.0515"/>
    <tag k="ele" v="0.1208"/>
  </node>
  <node version="1" id="2510" lat="" lon="">
    <tag k="local_x" v="-200.6162"/>
    <tag k="local_y" v="-112.6827"/>
    <tag k="ele" v="0.1208"/>
  </node>
  <node version="1" id="2511" lat="" lon="">
    <tag k="local_x" v="-200.4353"/>
    <tag k="local_y" v="-114.1557"/>
    <tag k="ele" v="0.1208"/>
  </node>
  <node version="1" id="2515" lat="" lon="">
    <tag k="local_x" v="-149.8171"/>
    <tag k="local_y" v="-160.2627"/>
    <tag k="ele" v="0.1528"/>
  </node>
  <node version="1" id="2516" lat="" lon="">
    <tag k="local_x" v="-120.4148"/>
    <tag k="local_y" v="-157.1831"/>
    <tag k="ele" v="-0.4934"/>
  </node>
  <node version="1" id="2518" lat="" lon="">
    <tag k="local_x" v="-148.7317"/>
    <tag k="local_y" v="-157.5849"/>
    <tag k="ele" v="0.1528"/>
  </node>
  <node version="1" id="2519" lat="" lon="">
    <tag k="local_x" v="-120.6587"/>
    <tag k="local_y" v="-154.8402"/>
    <tag k="ele" v="-0.4934"/>
  </node>
  <node version="1" id="2556" lat="" lon="">
    <tag k="local_x" v="-107.2178"/>
    <tag k="local_y" v="-155.8417"/>
    <tag k="ele" v="-0.8373"/>
  </node>
  <node version="1" id="2558" lat="" lon="">
    <tag k="local_x" v="-107.3974"/>
    <tag k="local_y" v="-153.549"/>
    <tag k="ele" v="-0.8373"/>
  </node>
  <node version="1" id="2561" lat="" lon="">
    <tag k="local_x" v="-90.4091"/>
    <tag k="local_y" v="-154.7756"/>
    <tag k="ele" v="-0.9932"/>
  </node>
  <node version="1" id="2562" lat="" lon="">
    <tag k="local_x" v="-90.5066"/>
    <tag k="local_y" v="-152.4777"/>
    <tag k="ele" v="-0.9932"/>
  </node>
  <node version="1" id="2563" lat="" lon="">
    <tag k="local_x" v="-80.8173"/>
    <tag k="local_y" v="-154.7218"/>
    <tag k="ele" v="-0.9544"/>
  </node>
  <node version="1" id="2564" lat="" lon="">
    <tag k="local_x" v="-80.7967"/>
    <tag k="local_y" v="-152.4219"/>
    <tag k="ele" v="-0.9544"/>
  </node>
  <node version="1" id="2565" lat="" lon="">
    <tag k="local_x" v="-71.0286"/>
    <tag k="local_y" v="-154.9496"/>
    <tag k="ele" v="-0.9035"/>
  </node>
  <node version="1" id="2566" lat="" lon="">
    <tag k="local_x" v="-70.9278"/>
    <tag k="local_y" v="-152.6518"/>
    <tag k="ele" v="-0.9035"/>
  </node>
  <node version="1" id="2567" lat="" lon="">
    <tag k="local_x" v="-60.8889"/>
    <tag k="local_y" v="-155.5962"/>
    <tag k="ele" v="-0.8809"/>
  </node>
  <node version="1" id="2568" lat="" lon="">
    <tag k="local_x" v="-60.7425"/>
    <tag k="local_y" v="-153.3009"/>
    <tag k="ele" v="-0.8809"/>
  </node>
  <node version="1" id="2569" lat="" lon="">
    <tag k="local_x" v="-51.9839"/>
    <tag k="local_y" v="-157.4391"/>
    <tag k="ele" v="-0.8558"/>
  </node>
  <node version="1" id="2571" lat="" lon="">
    <tag k="local_x" v="-51.3959"/>
    <tag k="local_y" v="-154.9065"/>
    <tag k="ele" v="-0.8558"/>
  </node>
  <node version="1" id="2574" lat="" lon="">
    <tag k="local_x" v="-43.6837"/>
    <tag k="local_y" v="-159.5875"/>
    <tag k="ele" v="-0.8441"/>
  </node>
  <node version="1" id="2575" lat="" lon="">
    <tag k="local_x" v="-42.9632"/>
    <tag k="local_y" v="-157.0893"/>
    <tag k="ele" v="-0.8441"/>
  </node>
  <node version="1" id="2576" lat="" lon="">
    <tag k="local_x" v="-41.1955"/>
    <tag k="local_y" v="-160.6201"/>
    <tag k="ele" v="-0.8412"/>
  </node>
  <node version="1" id="2577" lat="" lon="">
    <tag k="local_x" v="-39.3431"/>
    <tag k="local_y" v="-158.6022"/>
    <tag k="ele" v="-0.8412"/>
  </node>
  <node version="1" id="2578" lat="" lon="">
    <tag k="local_x" v="-37.6051"/>
    <tag k="local_y" v="-162.9039"/>
    <tag k="ele" v="-0.8334"/>
  </node>
  <node version="1" id="2579" lat="" lon="">
    <tag k="local_x" v="-36.5368"/>
    <tag k="local_y" v="-160.2773"/>
    <tag k="ele" v="-0.8334"/>
  </node>
  <node version="1" id="2580" lat="" lon="">
    <tag k="local_x" v="-35.2855"/>
    <tag k="local_y" v="-164.605"/>
    <tag k="ele" v="-0.8212"/>
  </node>
  <node version="1" id="2581" lat="" lon="">
    <tag k="local_x" v="-33.3491"/>
    <tag k="local_y" v="-162.3122"/>
    <tag k="ele" v="-0.8212"/>
  </node>
  <node version="1" id="2582" lat="" lon="">
    <tag k="local_x" v="-32.3019"/>
    <tag k="local_y" v="-167.2007"/>
    <tag k="ele" v="-0.8051"/>
  </node>
  <node version="1" id="2583" lat="" lon="">
    <tag k="local_x" v="-30.8417"/>
    <tag k="local_y" v="-164.1725"/>
    <tag k="ele" v="-0.8051"/>
  </node>
  <node version="1" id="2584" lat="" lon="">
    <tag k="local_x" v="-136.7542"/>
    <tag k="local_y" v="107.4818"/>
    <tag k="ele" v="-1.8399"/>
  </node>
  <node version="1" id="2585" lat="" lon="">
    <tag k="local_x" v="-139.7498"/>
    <tag k="local_y" v="107.2984"/>
    <tag k="ele" v="-1.8368"/>
  </node>
  <node version="1" id="2587" lat="" lon="">
    <tag k="local_x" v="-140.241"/>
    <tag k="local_y" v="107.8148"/>
    <tag k="ele" v="-0.0409"/>
  </node>
  <node version="1" id="2588" lat="" lon="">
    <tag k="local_x" v="-141.0377"/>
    <tag k="local_y" v="107.7416"/>
    <tag k="ele" v="-0.0401"/>
  </node>
  <node version="1" id="2604" lat="" lon="">
    <tag k="local_x" v="-71.8651"/>
    <tag k="local_y" v="-158.245"/>
    <tag k="ele" v="-0.7106"/>
  </node>
  <node version="1" id="2605" lat="" lon="">
    <tag k="local_x" v="-72.3505"/>
    <tag k="local_y" v="-146.7673"/>
    <tag k="ele" v="-0.8979"/>
  </node>
  <node version="1" id="2607" lat="" lon="">
    <tag k="local_x" v="-75.7728"/>
    <tag k="local_y" v="-158.1673"/>
    <tag k="ele" v="-0.7106"/>
  </node>
  <node version="1" id="2608" lat="" lon="">
    <tag k="local_x" v="-76.2582"/>
    <tag k="local_y" v="-146.6896"/>
    <tag k="ele" v="-0.8979"/>
  </node>
  <node version="1" id="2611" lat="" lon="">
    <tag k="local_x" v="-37.1553"/>
    <tag k="local_y" v="-166.1632"/>
    <tag k="ele" v="-0.7003"/>
  </node>
  <node version="1" id="2612" lat="" lon="">
    <tag k="local_x" v="-34.3567"/>
    <tag k="local_y" v="-160.1873"/>
    <tag k="ele" v="-1.0503"/>
  </node>
  <node version="1" id="2614" lat="" lon="">
    <tag k="local_x" v="-40.746"/>
    <tag k="local_y" v="-164.3913"/>
    <tag k="ele" v="-0.7003"/>
  </node>
  <node version="1" id="2615" lat="" lon="">
    <tag k="local_x" v="-37.9474"/>
    <tag k="local_y" v="-158.4154"/>
    <tag k="ele" v="-1.0503"/>
  </node>
  <node version="1" id="2618" lat="" lon="">
    <tag k="local_x" v="-30.7855"/>
    <tag k="local_y" v="-153.6985"/>
    <tag k="ele" v="-0.9079"/>
  </node>
  <node version="1" id="2619" lat="" lon="">
    <tag k="local_x" v="-34.3175"/>
    <tag k="local_y" v="-151.811"/>
    <tag k="ele" v="-0.9079"/>
  </node>
  <node version="1" id="2620" lat="" lon="">
    <tag k="local_x" v="0.7673"/>
    <tag k="local_y" v="-151.7838"/>
    <tag k="ele" v="-1.343"/>
  </node>
  <node version="1" id="2621" lat="" lon="">
    <tag k="local_x" v="-12.9621"/>
    <tag k="local_y" v="-143.9259"/>
    <tag k="ele" v="-1.295"/>
  </node>
  <node version="1" id="2623" lat="" lon="">
    <tag k="local_x" v="-0.5582"/>
    <tag k="local_y" v="-154.8511"/>
    <tag k="ele" v="-1.343"/>
  </node>
  <node version="1" id="2624" lat="" lon="">
    <tag k="local_x" v="-14.2877"/>
    <tag k="local_y" v="-146.9932"/>
    <tag k="ele" v="-1.295"/>
  </node>
  <node version="1" id="2639" lat="" lon="">
    <tag k="local_x" v="95.9136"/>
    <tag k="local_y" v="-10.7987"/>
    <tag k="ele" v="-2.611"/>
  </node>
  <node version="1" id="2640" lat="" lon="">
    <tag k="local_x" v="98.6587"/>
    <tag k="local_y" v="-13.4804"/>
    <tag k="ele" v="-2.6068"/>
  </node>
  <node version="1" id="2642" lat="" lon="">
    <tag k="local_x" v="98.155"/>
    <tag k="local_y" v="-8.4179"/>
    <tag k="ele" v="-2.611"/>
  </node>
  <node version="1" id="2643" lat="" lon="">
    <tag k="local_x" v="100.7182"/>
    <tag k="local_y" v="-11.7344"/>
    <tag k="ele" v="-2.6068"/>
  </node>
  <node version="1" id="2646" lat="" lon="">
    <tag k="local_x" v="102.2412"/>
    <tag k="local_y" v="-18.2513"/>
    <tag k="ele" v="-2.5827"/>
  </node>
  <node version="1" id="2647" lat="" lon="">
    <tag k="local_x" v="104.5208"/>
    <tag k="local_y" v="-16.8045"/>
    <tag k="ele" v="-2.5827"/>
  </node>
  <node version="1" id="2648" lat="" lon="">
    <tag k="local_x" v="106.547"/>
    <tag k="local_y" v="-25.9296"/>
    <tag k="ele" v="-2.577"/>
  </node>
  <node version="1" id="2649" lat="" lon="">
    <tag k="local_x" v="108.9016"/>
    <tag k="local_y" v="-24.6085"/>
    <tag k="ele" v="-2.577"/>
  </node>
  <node version="1" id="2657" lat="" lon="">
    <tag k="local_x" v="92.0197"/>
    <tag k="local_y" v="-8.7794"/>
    <tag k="ele" v="-2.5801"/>
  </node>
  <node version="1" id="2659" lat="" lon="">
    <tag k="local_x" v="93.1316"/>
    <tag k="local_y" v="-2.0344"/>
    <tag k="ele" v="-2.5801"/>
  </node>
  <node version="1" id="2662" lat="" lon="">
    <tag k="local_x" v="94.0495"/>
    <tag k="local_y" v="-9.5408"/>
    <tag k="ele" v="-2.5822"/>
  </node>
  <node version="1" id="2663" lat="" lon="">
    <tag k="local_x" v="96.0193"/>
    <tag k="local_y" v="-5.3614"/>
    <tag k="ele" v="-2.5822"/>
  </node>
  <node version="1" id="2671" lat="" lon="">
    <tag k="local_x" v="96.1879"/>
    <tag k="local_y" v="-8.4772"/>
    <tag k="ele" v="-2.5724"/>
  </node>
  <node version="1" id="2673" lat="" lon="">
    <tag k="local_x" v="93.3089"/>
    <tag k="local_y" v="-0.1719"/>
    <tag k="ele" v="-2.5724"/>
  </node>
  <node version="1" id="2676" lat="" lon="">
    <tag k="local_x" v="98.9418"/>
    <tag k="local_y" v="-7.7691"/>
    <tag k="ele" v="-2.5682"/>
  </node>
  <node version="1" id="2677" lat="" lon="">
    <tag k="local_x" v="96.9408"/>
    <tag k="local_y" v="0.4763"/>
    <tag k="ele" v="-2.5682"/>
  </node>
  <node version="1" id="2678" lat="" lon="">
    <tag k="local_x" v="102.75"/>
    <tag k="local_y" v="-6.5249"/>
    <tag k="ele" v="-2.559"/>
  </node>
  <node version="1" id="2679" lat="" lon="">
    <tag k="local_x" v="99.5991"/>
    <tag k="local_y" v="1.747"/>
    <tag k="ele" v="-2.559"/>
  </node>
  <node version="1" id="2680" lat="" lon="">
    <tag k="local_x" v="105.8935"/>
    <tag k="local_y" v="-5.1014"/>
    <tag k="ele" v="-2.598"/>
  </node>
  <node version="1" id="2681" lat="" lon="">
    <tag k="local_x" v="102.026"/>
    <tag k="local_y" v="3.3066"/>
    <tag k="ele" v="-2.598"/>
  </node>
  <node version="1" id="2682" lat="" lon="">
    <tag k="local_x" v="27.9131"/>
    <tag k="local_y" v="-83.1027"/>
    <tag k="ele" v="-2.1021"/>
  </node>
  <node version="1" id="2683" lat="" lon="">
    <tag k="local_x" v="32.5866"/>
    <tag k="local_y" v="-75.1657"/>
    <tag k="ele" v="-2.1869"/>
  </node>
  <node version="1" id="2685" lat="" lon="">
    <tag k="local_x" v="25.4825"/>
    <tag k="local_y" v="-81.7127"/>
    <tag k="ele" v="-2.1021"/>
  </node>
  <node version="1" id="2686" lat="" lon="">
    <tag k="local_x" v="30.2504"/>
    <tag k="local_y" v="-73.6224"/>
    <tag k="ele" v="-2.1869"/>
  </node>
  <node version="1" id="2689" lat="" lon="">
    <tag k="local_x" v="60.9282"/>
    <tag k="local_y" v="-33.1287"/>
    <tag k="ele" v="-2.5962"/>
  </node>
  <node version="1" id="2690" lat="" lon="">
    <tag k="local_x" v="58.6434"/>
    <tag k="local_y" v="-31.51"/>
    <tag k="ele" v="-2.5962"/>
  </node>
  <node version="1" id="2691" lat="" lon="">
    <tag k="local_x" v="21.7669"/>
    <tag k="local_y" v="-76.6682"/>
    <tag k="ele" v="-2.1001"/>
  </node>
  <node version="1" id="2692" lat="" lon="">
    <tag k="local_x" v="29.8545"/>
    <tag k="local_y" v="-83.0106"/>
    <tag k="ele" v="-2.3304"/>
  </node>
  <node version="1" id="2694" lat="" lon="">
    <tag k="local_x" v="23.4279"/>
    <tag k="local_y" v="-73.6522"/>
    <tag k="ele" v="-2.1001"/>
  </node>
  <node version="1" id="2695" lat="" lon="">
    <tag k="local_x" v="31.3769"/>
    <tag k="local_y" v="-80.013"/>
    <tag k="ele" v="-2.3304"/>
  </node>
  <node version="1" id="2698" lat="" lon="">
    <tag k="local_x" v="68.3902"/>
    <tag k="local_y" v="-22.5918"/>
    <tag k="ele" v="-2.6061"/>
  </node>
  <node version="1" id="2700" lat="" lon="">
    <tag k="local_x" v="66.2047"/>
    <tag k="local_y" v="-20.8414"/>
    <tag k="ele" v="-2.6061"/>
  </node>
  <node version="1" id="2703" lat="" lon="">
    <tag k="local_x" v="75.1701"/>
    <tag k="local_y" v="-15.5073"/>
    <tag k="ele" v="-2.6188"/>
  </node>
  <node version="1" id="2704" lat="" lon="">
    <tag k="local_x" v="72.9246"/>
    <tag k="local_y" v="-13.3175"/>
    <tag k="ele" v="-2.6188"/>
  </node>
  <node version="1" id="2705" lat="" lon="">
    <tag k="local_x" v="80.0885"/>
    <tag k="local_y" v="-10.8896"/>
    <tag k="ele" v="-2.6468"/>
  </node>
  <node version="1" id="2706" lat="" lon="">
    <tag k="local_x" v="77.6645"/>
    <tag k="local_y" v="-8.5522"/>
    <tag k="ele" v="-2.6468"/>
  </node>
  <node version="1" id="2707" lat="" lon="">
    <tag k="local_x" v="82.7841"/>
    <tag k="local_y" v="-9.2069"/>
    <tag k="ele" v="-2.6286"/>
  </node>
  <node version="1" id="2708" lat="" lon="">
    <tag k="local_x" v="80.3962"/>
    <tag k="local_y" v="-6.3462"/>
    <tag k="ele" v="-2.6286"/>
  </node>
  <node version="1" id="4031" lat="" lon="">
    <tag k="local_x" v="83.175"/>
    <tag k="local_y" v="-4.2565"/>
    <tag k="ele" v="-2.623"/>
  </node>
  <node version="1" id="4034" lat="" lon="">
    <tag k="local_x" v="86.405"/>
    <tag k="local_y" v="-1.984"/>
    <tag k="ele" v="-2.623"/>
  </node>
  <node version="1" id="4037" lat="" lon="">
    <tag k="local_x" v="85.2541"/>
    <tag k="local_y" v="-8.6636"/>
    <tag k="ele" v="-2.623"/>
  </node>
  <node version="1" id="4038" lat="" lon="">
    <tag k="local_x" v="88.1105"/>
    <tag k="local_y" v="-8.5141"/>
    <tag k="ele" v="-2.623"/>
  </node>
  <node version="1" id="4042" lat="" lon="">
    <tag k="local_x" v="-0.3418"/>
    <tag k="local_y" v="-145.1816"/>
    <tag k="ele" v="-1.3673"/>
  </node>
  <node version="1" id="4043" lat="" lon="">
    <tag k="local_x" v="8.3416"/>
    <tag k="local_y" v="-122.7675"/>
    <tag k="ele" v="-1.6898"/>
  </node>
  <node version="1" id="4045" lat="" lon="">
    <tag k="local_x" v="-3.1094"/>
    <tag k="local_y" v="-144.325"/>
    <tag k="ele" v="-1.3673"/>
  </node>
  <node version="1" id="4046" lat="" lon="">
    <tag k="local_x" v="5.7408"/>
    <tag k="local_y" v="-121.7309"/>
    <tag k="ele" v="-1.6898"/>
  </node>
  <node version="1" id="4049" lat="" lon="">
    <tag k="local_x" v="16.924"/>
    <tag k="local_y" v="-103.2234"/>
    <tag k="ele" v="-1.8579"/>
  </node>
  <node version="1" id="4050" lat="" lon="">
    <tag k="local_x" v="14.4547"/>
    <tag k="local_y" v="-101.8095"/>
    <tag k="ele" v="-1.8579"/>
  </node>
  <node version="1" id="4051" lat="" lon="">
    <tag k="local_x" v="25.9058"/>
    <tag k="local_y" v="-86.611"/>
    <tag k="ele" v="-2.0897"/>
  </node>
  <node version="1" id="4052" lat="" lon="">
    <tag k="local_x" v="23.4273"/>
    <tag k="local_y" v="-85.3086"/>
    <tag k="ele" v="-2.0897"/>
  </node>
  <node version="1" id="4053" lat="" lon="">
    <tag k="local_x" v="-30.2064"/>
    <tag k="local_y" v="-180.8998"/>
    <tag k="ele" v="-0.575"/>
  </node>
  <node version="1" id="4054" lat="" lon="">
    <tag k="local_x" v="-32.5973"/>
    <tag k="local_y" v="-186.2504"/>
    <tag k="ele" v="-0.4068"/>
  </node>
  <node version="1" id="4056" lat="" lon="">
    <tag k="local_x" v="-26.6704"/>
    <tag k="local_y" v="-181.3351"/>
    <tag k="ele" v="-0.575"/>
  </node>
  <node version="1" id="4057" lat="" lon="">
    <tag k="local_x" v="-30.0808"/>
    <tag k="local_y" v="-187.6124"/>
    <tag k="ele" v="-0.4068"/>
  </node>
  <node version="1" id="4060" lat="" lon="">
    <tag k="local_x" v="-35.0284"/>
    <tag k="local_y" v="-190.7713"/>
    <tag k="ele" v="-0.2224"/>
  </node>
  <node version="1" id="4061" lat="" lon="">
    <tag k="local_x" v="-32.63"/>
    <tag k="local_y" v="-192.35"/>
    <tag k="ele" v="-0.2224"/>
  </node>
  <node version="1" id="4062" lat="" lon="">
    <tag k="local_x" v="-38.3501"/>
    <tag k="local_y" v="-195.7841"/>
    <tag k="ele" v="-0.0458"/>
  </node>
  <node version="1" id="4063" lat="" lon="">
    <tag k="local_x" v="-36.1017"/>
    <tag k="local_y" v="-197.587"/>
    <tag k="ele" v="-0.0458"/>
  </node>
  <node version="1" id="4064" lat="" lon="">
    <tag k="local_x" v="-41.9989"/>
    <tag k="local_y" v="-200.1566"/>
    <tag k="ele" v="0.0962"/>
  </node>
  <node version="1" id="4065" lat="" lon="">
    <tag k="local_x" v="-40.0093"/>
    <tag k="local_y" v="-202.2605"/>
    <tag k="ele" v="0.0962"/>
  </node>
  <node version="1" id="4066" lat="" lon="">
    <tag k="local_x" v="-54.4663"/>
    <tag k="local_y" v="-212.0125"/>
    <tag k="ele" v="0.5412"/>
  </node>
  <node version="1" id="4067" lat="" lon="">
    <tag k="local_x" v="-52.5868"/>
    <tag k="local_y" v="-214.2214"/>
    <tag k="ele" v="0.5412"/>
  </node>
  <node version="1" id="4068" lat="" lon="">
    <tag k="local_x" v="-69.9006"/>
    <tag k="local_y" v="-225.3778"/>
    <tag k="ele" v="1.0785"/>
  </node>
  <node version="1" id="4069" lat="" lon="">
    <tag k="local_x" v="-68.0735"/>
    <tag k="local_y" v="-227.6326"/>
    <tag k="ele" v="1.0785"/>
  </node>
  <node version="1" id="4070" lat="" lon="">
    <tag k="local_x" v="-80.3643"/>
    <tag k="local_y" v="-234.2804"/>
    <tag k="ele" v="1.5512"/>
  </node>
  <node version="1" id="4071" lat="" lon="">
    <tag k="local_x" v="-78.5097"/>
    <tag k="local_y" v="-236.5103"/>
    <tag k="ele" v="1.5512"/>
  </node>
  <node version="1" id="4072" lat="" lon="">
    <tag k="local_x" v="-85.8256"/>
    <tag k="local_y" v="-239.124"/>
    <tag k="ele" v="1.8539"/>
  </node>
  <node version="1" id="4073" lat="" lon="">
    <tag k="local_x" v="-83.9002"/>
    <tag k="local_y" v="-241.1535"/>
    <tag k="ele" v="1.8539"/>
  </node>
  <node version="1" id="4086" lat="" lon="">
    <tag k="local_x" v="-81.979"/>
    <tag k="local_y" v="-239.8022"/>
    <tag k="ele" v="1.7026"/>
  </node>
  <node version="1" id="4087" lat="" lon="">
    <tag k="local_x" v="-83.9063"/>
    <tag k="local_y" v="-237.6402"/>
    <tag k="ele" v="1.7026"/>
  </node>
  <node version="1" id="4108" lat="" lon="">
    <tag k="local_x" v="-0.8077"/>
    <tag k="local_y" v="-178.1576"/>
    <tag k="ele" v="-1.108"/>
  </node>
  <node version="1" id="4109" lat="" lon="">
    <tag k="local_x" v="4.3074"/>
    <tag k="local_y" v="-178.5524"/>
    <tag k="ele" v="-1.0274"/>
  </node>
  <node version="1" id="4111" lat="" lon="">
    <tag k="local_x" v="-0.365"/>
    <tag k="local_y" v="-175.3149"/>
    <tag k="ele" v="-1.108"/>
  </node>
  <node version="1" id="4112" lat="" lon="">
    <tag k="local_x" v="4.8861"/>
    <tag k="local_y" v="-175.7236"/>
    <tag k="ele" v="-1.0274"/>
  </node>
  <node version="1" id="4115" lat="" lon="">
    <tag k="local_x" v="8.5177"/>
    <tag k="local_y" v="-179.3412"/>
    <tag k="ele" v="-1.0824"/>
  </node>
  <node version="1" id="4116" lat="" lon="">
    <tag k="local_x" v="9.533"/>
    <tag k="local_y" v="-176.6058"/>
    <tag k="ele" v="-1.0824"/>
  </node>
  <node version="1" id="4117" lat="" lon="">
    <tag k="local_x" v="13.0226"/>
    <tag k="local_y" v="-181.1999"/>
    <tag k="ele" v="-1.0942"/>
  </node>
  <node version="1" id="4118" lat="" lon="">
    <tag k="local_x" v="14.2831"/>
    <tag k="local_y" v="-178.5517"/>
    <tag k="ele" v="-1.0942"/>
  </node>
  <node version="1" id="4130" lat="" lon="">
    <tag k="local_x" v="-3.037"/>
    <tag k="local_y" v="-156.7306"/>
    <tag k="ele" v="-1.1546"/>
  </node>
  <node version="1" id="4131" lat="" lon="">
    <tag k="local_x" v="-2.0339"/>
    <tag k="local_y" v="-151.3917"/>
    <tag k="ele" v="-1.4211"/>
  </node>
  <node version="1" id="4133" lat="" lon="">
    <tag k="local_x" v="-6.4934"/>
    <tag k="local_y" v="-155.7642"/>
    <tag k="ele" v="-1.1546"/>
  </node>
  <node version="1" id="4134" lat="" lon="">
    <tag k="local_x" v="-4.291"/>
    <tag k="local_y" v="-147.7982"/>
    <tag k="ele" v="-1.4211"/>
  </node>
  <node version="1" id="4164" lat="" lon="">
    <tag k="local_x" v="30.0843"/>
    <tag k="local_y" v="-73.9043"/>
    <tag k="ele" v="-2.1445"/>
  </node>
  <node version="1" id="4165" lat="" lon="">
    <tag k="local_x" v="32.4938"/>
    <tag k="local_y" v="-75.3232"/>
    <tag k="ele" v="-2.1445"/>
  </node>
  <node version="1" id="4171" lat="" lon="">
    <tag k="local_x" v="43.4225"/>
    <tag k="local_y" v="5.4576"/>
    <tag k="ele" v="-2.4384"/>
  </node>
  <node version="1" id="4172" lat="" lon="">
    <tag k="local_x" v="43.785"/>
    <tag k="local_y" v="2.4796"/>
    <tag k="ele" v="-2.4524"/>
  </node>
  <node version="1" id="4174" lat="" lon="">
    <tag k="local_x" v="43.3017"/>
    <tag k="local_y" v="6.4503"/>
    <tag k="ele" v="-0.6337"/>
  </node>
  <node version="1" id="4175" lat="" lon="">
    <tag k="local_x" v="43.3984"/>
    <tag k="local_y" v="5.6561"/>
    <tag k="ele" v="-0.6374"/>
  </node>
  <node version="1" id="4178" lat="" lon="">
    <tag k="local_x" v="110.1987"/>
    <tag k="local_y" v="-0.0415"/>
    <tag k="ele" v="-2.4545"/>
  </node>
  <node version="1" id="4180" lat="" lon="">
    <tag k="local_x" v="104.1626"/>
    <tag k="local_y" v="5.8636"/>
    <tag k="ele" v="-2.4545"/>
  </node>
  <node version="1" id="4183" lat="" lon="">
    <tag k="local_x" v="113.672"/>
    <tag k="local_y" v="6.476"/>
    <tag k="ele" v="-2.4595"/>
  </node>
  <node version="1" id="4184" lat="" lon="">
    <tag k="local_x" v="105.6965"/>
    <tag k="local_y" v="8.7879"/>
    <tag k="ele" v="-2.4595"/>
  </node>
  <node version="1" id="4185" lat="" lon="">
    <tag k="local_x" v="114.7526"/>
    <tag k="local_y" v="10.9256"/>
    <tag k="ele" v="-2.4558"/>
  </node>
  <node version="1" id="4186" lat="" lon="">
    <tag k="local_x" v="106.5778"/>
    <tag k="local_y" v="11.9112"/>
    <tag k="ele" v="-2.4558"/>
  </node>
  <node version="1" id="4187" lat="" lon="">
    <tag k="local_x" v="114.9842"/>
    <tag k="local_y" v="15.5897"/>
    <tag k="ele" v="-2.473"/>
  </node>
  <node version="1" id="4188" lat="" lon="">
    <tag k="local_x" v="106.4874"/>
    <tag k="local_y" v="15.5656"/>
    <tag k="ele" v="-2.473"/>
  </node>
  <node version="1" id="4189" lat="" lon="">
    <tag k="local_x" v="115.9461"/>
    <tag k="local_y" v="24.3774"/>
    <tag k="ele" v="-2.6572"/>
  </node>
  <node version="1" id="4190" lat="" lon="">
    <tag k="local_x" v="119.7543"/>
    <tag k="local_y" v="28.8016"/>
    <tag k="ele" v="-2.7253"/>
  </node>
  <node version="1" id="4192" lat="" lon="">
    <tag k="local_x" v="112.9716"/>
    <tag k="local_y" v="26.704"/>
    <tag k="ele" v="-2.6572"/>
  </node>
  <node version="1" id="4193" lat="" lon="">
    <tag k="local_x" v="116.6146"/>
    <tag k="local_y" v="31.256"/>
    <tag k="ele" v="-2.7253"/>
  </node>
  <node version="1" id="4196" lat="" lon="">
    <tag k="local_x" v="124.576"/>
    <tag k="local_y" v="33.8792"/>
    <tag k="ele" v="-2.7202"/>
  </node>
  <node version="1" id="4197" lat="" lon="">
    <tag k="local_x" v="122.5758"/>
    <tag k="local_y" v="37.0715"/>
    <tag k="ele" v="-2.7202"/>
  </node>
  <node version="1" id="4198" lat="" lon="">
    <tag k="local_x" v="133.1484"/>
    <tag k="local_y" v="41.5155"/>
    <tag k="ele" v="-2.735"/>
  </node>
  <node version="1" id="4199" lat="" lon="">
    <tag k="local_x" v="130.9091"/>
    <tag k="local_y" v="44.0159"/>
    <tag k="ele" v="-2.735"/>
  </node>
  <node version="1" id="4200" lat="" lon="">
    <tag k="local_x" v="137.8609"/>
    <tag k="local_y" v="45.4502"/>
    <tag k="ele" v="-2.7443"/>
  </node>
  <node version="1" id="4201" lat="" lon="">
    <tag k="local_x" v="135.6201"/>
    <tag k="local_y" v="47.9494"/>
    <tag k="ele" v="-2.7443"/>
  </node>
  <node version="1" id="4207" lat="" lon="">
    <tag k="local_x" v="108.762"/>
    <tag k="local_y" v="20.6584"/>
    <tag k="ele" v="-2.473"/>
  </node>
  <node version="1" id="4212" lat="" lon="">
    <tag k="local_x" v="114.8102"/>
    <tag k="local_y" v="18.5591"/>
    <tag k="ele" v="-2.473"/>
  </node>
  <node version="1" id="4213" lat="" lon="">
    <tag k="local_x" v="115.113"/>
    <tag k="local_y" v="21.4965"/>
    <tag k="ele" v="-2.473"/>
  </node>
  <node version="1" id="4218" lat="" lon="">
    <tag k="local_x" v="120.5736"/>
    <tag k="local_y" v="41.7693"/>
    <tag k="ele" v="-2.6936"/>
  </node>
  <node version="1" id="4219" lat="" lon="">
    <tag k="local_x" v="113.4891"/>
    <tag k="local_y" v="37.5314"/>
    <tag k="ele" v="-2.6691"/>
  </node>
  <node version="1" id="4221" lat="" lon="">
    <tag k="local_x" v="122.1344"/>
    <tag k="local_y" v="38.6928"/>
    <tag k="ele" v="-2.6936"/>
  </node>
  <node version="1" id="4222" lat="" lon="">
    <tag k="local_x" v="115.3807"/>
    <tag k="local_y" v="34.9629"/>
    <tag k="ele" v="-2.6691"/>
  </node>
  <node version="1" id="4225" lat="" lon="">
    <tag k="local_x" v="109.3913"/>
    <tag k="local_y" v="35.5475"/>
    <tag k="ele" v="-2.648"/>
  </node>
  <node version="1" id="4226" lat="" lon="">
    <tag k="local_x" v="110.4598"/>
    <tag k="local_y" v="32.5015"/>
    <tag k="ele" v="-2.648"/>
  </node>
  <node version="1" id="4227" lat="" lon="">
    <tag k="local_x" v="106.204"/>
    <tag k="local_y" v="34.5647"/>
    <tag k="ele" v="-2.6358"/>
  </node>
  <node version="1" id="4228" lat="" lon="">
    <tag k="local_x" v="108.3298"/>
    <tag k="local_y" v="31.752"/>
    <tag k="ele" v="-2.6358"/>
  </node>
  <node version="1" id="4231" lat="" lon="">
    <tag k="local_x" v="100.8483"/>
    <tag k="local_y" v="28.7261"/>
    <tag k="ele" v="-2.6358"/>
  </node>
  <node version="1" id="4236" lat="" lon="">
    <tag k="local_x" v="103.5703"/>
    <tag k="local_y" v="35.0112"/>
    <tag k="ele" v="-2.6358"/>
  </node>
  <node version="1" id="4242" lat="" lon="">
    <tag k="local_x" v="134.1281"/>
    <tag k="local_y" v="46.7036"/>
    <tag k="ele" v="-2.7396"/>
  </node>
  <node version="1" id="4243" lat="" lon="">
    <tag k="local_x" v="136.2781"/>
    <tag k="local_y" v="44.1286"/>
    <tag k="ele" v="-2.7396"/>
  </node>
  <node version="1" id="4249" lat="" lon="">
    <tag k="local_x" v="113.9458"/>
    <tag k="local_y" v="21.2525"/>
    <tag k="ele" v="-2.4783"/>
  </node>
  <node version="1" id="4251" lat="" lon="">
    <tag k="local_x" v="105.8579"/>
    <tag k="local_y" v="18.8901"/>
    <tag k="ele" v="-2.4783"/>
  </node>
  <node version="1" id="4254" lat="" lon="">
    <tag k="local_x" v="112.3966"/>
    <tag k="local_y" v="25.5985"/>
    <tag k="ele" v="-2.4701"/>
  </node>
  <node version="1" id="4255" lat="" lon="">
    <tag k="local_x" v="104.5741"/>
    <tag k="local_y" v="21.7535"/>
    <tag k="ele" v="-2.4701"/>
  </node>
  <node version="1" id="4256" lat="" lon="">
    <tag k="local_x" v="109.4068"/>
    <tag k="local_y" v="30.203"/>
    <tag k="ele" v="-2.4519"/>
  </node>
  <node version="1" id="4257" lat="" lon="">
    <tag k="local_x" v="102.5077"/>
    <tag k="local_y" v="24.2296"/>
    <tag k="ele" v="-2.4519"/>
  </node>
  <node version="1" id="4258" lat="" lon="">
    <tag k="local_x" v="104.7791"/>
    <tag k="local_y" v="34.2295"/>
    <tag k="ele" v="-2.4643"/>
  </node>
  <node version="1" id="4259" lat="" lon="">
    <tag k="local_x" v="99.4993"/>
    <tag k="local_y" v="26.9054"/>
    <tag k="ele" v="-2.4643"/>
  </node>
  <node version="1" id="4260" lat="" lon="">
    <tag k="local_x" v="102.0184"/>
    <tag k="local_y" v="24.6648"/>
    <tag k="ele" v="-2.4581"/>
  </node>
  <node version="1" id="4261" lat="" lon="">
    <tag k="local_x" v="107.9439"/>
    <tag k="local_y" v="31.4758"/>
    <tag k="ele" v="-2.4581"/>
  </node>
  <node version="1" id="4267" lat="" lon="">
    <tag k="local_x" v="104.2267"/>
    <tag k="local_y" v="34.1614"/>
    <tag k="ele" v="-2.6046"/>
  </node>
  <node version="1" id="4269" lat="" lon="">
    <tag k="local_x" v="98.6437"/>
    <tag k="local_y" v="31.5372"/>
    <tag k="ele" v="-2.6046"/>
  </node>
  <node version="1" id="4272" lat="" lon="">
    <tag k="local_x" v="102.1082"/>
    <tag k="local_y" v="36.8738"/>
    <tag k="ele" v="-2.5867"/>
  </node>
  <node version="1" id="4274" lat="" lon="">
    <tag k="local_x" v="101.0701"/>
    <tag k="local_y" v="39.1294"/>
    <tag k="ele" v="-2.6062"/>
  </node>
  <node version="1" id="4275" lat="" lon="">
    <tag k="local_x" v="97.6575"/>
    <tag k="local_y" v="37.8209"/>
    <tag k="ele" v="-2.6062"/>
  </node>
  <node version="1" id="4276" lat="" lon="">
    <tag k="local_x" v="100.728"/>
    <tag k="local_y" v="44.522"/>
    <tag k="ele" v="-2.6492"/>
  </node>
  <node version="1" id="4277" lat="" lon="">
    <tag k="local_x" v="97.1226"/>
    <tag k="local_y" v="44.8419"/>
    <tag k="ele" v="-2.6492"/>
  </node>
  <node version="1" id="4278" lat="" lon="">
    <tag k="local_x" v="100.9827"/>
    <tag k="local_y" v="56.9241"/>
    <tag k="ele" v="-2.6964"/>
  </node>
  <node version="1" id="4279" lat="" lon="">
    <tag k="local_x" v="97.6444"/>
    <tag k="local_y" v="56.8726"/>
    <tag k="ele" v="-2.6964"/>
  </node>
  <node version="1" id="4280" lat="" lon="">
    <tag k="local_x" v="97.1965"/>
    <tag k="local_y" v="43.8719"/>
    <tag k="ele" v="-2.6277"/>
  </node>
  <node version="1" id="4281" lat="" lon="">
    <tag k="local_x" v="100.7538"/>
    <tag k="local_y" v="44.1151"/>
    <tag k="ele" v="-2.6277"/>
  </node>
  <node version="1" id="4287" lat="" lon="">
    <tag k="local_x" v="112.7513"/>
    <tag k="local_y" v="-22.4747"/>
    <tag k="ele" v="-2.5652"/>
  </node>
  <node version="1" id="4288" lat="" lon="">
    <tag k="local_x" v="110.6259"/>
    <tag k="local_y" v="-17.3256"/>
    <tag k="ele" v="-2.5687"/>
  </node>
  <node version="1" id="4290" lat="" lon="">
    <tag k="local_x" v="110.6554"/>
    <tag k="local_y" v="-23.3704"/>
    <tag k="ele" v="-2.5652"/>
  </node>
  <node version="1" id="4291" lat="" lon="">
    <tag k="local_x" v="108.53"/>
    <tag k="local_y" v="-18.2213"/>
    <tag k="ele" v="-2.5687"/>
  </node>
  <node version="1" id="4294" lat="" lon="">
    <tag k="local_x" v="108.4589"/>
    <tag k="local_y" v="-10.2728"/>
    <tag k="ele" v="-2.5958"/>
  </node>
  <node version="1" id="4295" lat="" lon="">
    <tag k="local_x" v="106.3002"/>
    <tag k="local_y" v="-10.994"/>
    <tag k="ele" v="-2.5958"/>
  </node>
  <node version="1" id="4296" lat="" lon="">
    <tag k="local_x" v="108.22"/>
    <tag k="local_y" v="-6.0613"/>
    <tag k="ele" v="-2.5907"/>
  </node>
  <node version="1" id="4297" lat="" lon="">
    <tag k="local_x" v="105.7698"/>
    <tag k="local_y" v="-6.2545"/>
    <tag k="ele" v="-2.5907"/>
  </node>
  <node version="1" id="4298" lat="" lon="">
    <tag k="local_x" v="105.109"/>
    <tag k="local_y" v="7.6679"/>
    <tag k="ele" v="-2.457"/>
  </node>
  <node version="1" id="4299" lat="" lon="">
    <tag k="local_x" v="112.2865"/>
    <tag k="local_y" v="3.8762"/>
    <tag k="ele" v="-2.457"/>
  </node>
  <node version="1" id="4307" lat="" lon="">
    <tag k="local_x" v="104.6425"/>
    <tag k="local_y" v="-0.3011"/>
    <tag k="ele" v="-2.589"/>
  </node>
  <node version="1" id="4309" lat="" lon="">
    <tag k="local_x" v="104.2609"/>
    <tag k="local_y" v="2.8714"/>
    <tag k="ele" v="-2.589"/>
  </node>
  <node version="1" id="4310" lat="" lon="">
    <tag k="local_x" v="104.2632"/>
    <tag k="local_y" v="4.5223"/>
    <tag k="ele" v="-2.589"/>
  </node>
  <node version="1" id="4311" lat="" lon="">
    <tag k="local_x" v="104.3435"/>
    <tag k="local_y" v="6.0629"/>
    <tag k="ele" v="-2.589"/>
  </node>
  <node version="1" id="4315" lat="" lon="">
    <tag k="local_x" v="108.8597"/>
    <tag k="local_y" v="-2.4666"/>
    <tag k="ele" v="-2.589"/>
  </node>
  <node version="1" id="4318" lat="" lon="">
    <tag k="local_x" v="110.8292"/>
    <tag k="local_y" v="1.5754"/>
    <tag k="ele" v="-2.589"/>
  </node>
  <node version="1" id="4368" lat="" lon="">
    <tag k="local_x" v="38.3997"/>
    <tag k="local_y" v="11.5875"/>
    <tag k="ele" v="-2.2565"/>
  </node>
  <node version="1" id="4369" lat="" lon="">
    <tag k="local_x" v="38.698"/>
    <tag k="local_y" v="11.6081"/>
    <tag k="ele" v="-2.2565"/>
  </node>
  <node version="1" id="4384" lat="" lon="">
    <tag k="local_x" v="-32.2565"/>
    <tag k="local_y" v="3.6319"/>
    <tag k="ele" v="-1.9253"/>
  </node>
  <node version="1" id="4385" lat="" lon="">
    <tag k="local_x" v="-31.8683"/>
    <tag k="local_y" v="2.739"/>
    <tag k="ele" v="-1.9253"/>
  </node>
  <node version="1" id="4386" lat="" lon="">
    <tag k="local_x" v="-31.4643"/>
    <tag k="local_y" v="2.2207"/>
    <tag k="ele" v="-1.9253"/>
  </node>
  <node version="1" id="4387" lat="" lon="">
    <tag k="local_x" v="-30.9575"/>
    <tag k="local_y" v="1.8084"/>
    <tag k="ele" v="-1.9253"/>
  </node>
  <node version="1" id="4388" lat="" lon="">
    <tag k="local_x" v="-30.3747"/>
    <tag k="local_y" v="1.5217"/>
    <tag k="ele" v="-1.9253"/>
  </node>
  <node version="1" id="4389" lat="" lon="">
    <tag k="local_x" v="-29.4298"/>
    <tag k="local_y" v="1.309"/>
    <tag k="ele" v="-1.9253"/>
  </node>
  <node version="1" id="4390" lat="" lon="">
    <tag k="local_x" v="-37.355"/>
    <tag k="local_y" v="1.4106"/>
    <tag k="ele" v="-1.9253"/>
  </node>
  <node version="1" id="4391" lat="" lon="">
    <tag k="local_x" v="-36.7139"/>
    <tag k="local_y" v="-0.059"/>
    <tag k="ele" v="-1.9253"/>
  </node>
  <node version="1" id="4392" lat="" lon="">
    <tag k="local_x" v="-35.5864"/>
    <tag k="local_y" v="-1.6133"/>
    <tag k="ele" v="-1.9253"/>
  </node>
  <node version="1" id="4393" lat="" lon="">
    <tag k="local_x" v="-34.1369"/>
    <tag k="local_y" v="-2.8785"/>
    <tag k="ele" v="-1.9253"/>
  </node>
  <node version="1" id="4394" lat="" lon="">
    <tag k="local_x" v="-32.4378"/>
    <tag k="local_y" v="-3.7893"/>
    <tag k="ele" v="-1.9253"/>
  </node>
  <node version="1" id="4395" lat="" lon="">
    <tag k="local_x" v="-30.8908"/>
    <tag k="local_y" v="-4.2334"/>
    <tag k="ele" v="-1.9253"/>
  </node>
  <node version="1" id="4399" lat="" lon="">
    <tag k="local_x" v="-36.4925"/>
    <tag k="local_y" v="-23.0961"/>
    <tag k="ele" v="-2.0925"/>
  </node>
  <node version="1" id="4400" lat="" lon="">
    <tag k="local_x" v="-37.615"/>
    <tag k="local_y" v="-7.8727"/>
    <tag k="ele" v="-2.1766"/>
  </node>
  <node version="1" id="4402" lat="" lon="">
    <tag k="local_x" v="-42.0654"/>
    <tag k="local_y" v="-23.2431"/>
    <tag k="ele" v="-2.0925"/>
  </node>
  <node version="1" id="4403" lat="" lon="">
    <tag k="local_x" v="-43.1879"/>
    <tag k="local_y" v="-8.0197"/>
    <tag k="ele" v="-2.1766"/>
  </node>
  <node version="1" id="4439" lat="" lon="">
    <tag k="local_x" v="-43.0028"/>
    <tag k="local_y" v="-5.5511"/>
    <tag k="ele" v="-2.178"/>
  </node>
  <node version="1" id="4440" lat="" lon="">
    <tag k="local_x" v="-42.4616"/>
    <tag k="local_y" v="-3.9868"/>
    <tag k="ele" v="-2.178"/>
  </node>
  <node version="1" id="4441" lat="" lon="">
    <tag k="local_x" v="-41.372"/>
    <tag k="local_y" v="-2.3012"/>
    <tag k="ele" v="-2.178"/>
  </node>
  <node version="1" id="4442" lat="" lon="">
    <tag k="local_x" v="-39.8938"/>
    <tag k="local_y" v="-0.9491"/>
    <tag k="ele" v="-2.178"/>
  </node>
  <node version="1" id="4443" lat="" lon="">
    <tag k="local_x" v="-38.4422"/>
    <tag k="local_y" v="-0.1622"/>
    <tag k="ele" v="-2.178"/>
  </node>
  <node version="1" id="4444" lat="" lon="">
    <tag k="local_x" v="-37.6946"/>
    <tag k="local_y" v="-7.2546"/>
    <tag k="ele" v="-2.178"/>
  </node>
  <node version="1" id="4445" lat="" lon="">
    <tag k="local_x" v="-37.4408"/>
    <tag k="local_y" v="-6.3419"/>
    <tag k="ele" v="-2.178"/>
  </node>
  <node version="1" id="4446" lat="" lon="">
    <tag k="local_x" v="-37.1339"/>
    <tag k="local_y" v="-5.8326"/>
    <tag k="ele" v="-2.178"/>
  </node>
  <node version="1" id="4447" lat="" lon="">
    <tag k="local_x" v="-36.7053"/>
    <tag k="local_y" v="-5.4151"/>
    <tag k="ele" v="-2.178"/>
  </node>
  <node version="1" id="4448" lat="" lon="">
    <tag k="local_x" v="-35.8639"/>
    <tag k="local_y" v="-4.9731"/>
    <tag k="ele" v="-2.178"/>
  </node>
  <node version="1" id="4459" lat="" lon="">
    <tag k="local_x" v="-21.8921"/>
    <tag k="local_y" v="1.8647"/>
    <tag k="ele" v="-2.0205"/>
  </node>
  <node version="1" id="4460" lat="" lon="">
    <tag k="local_x" v="-21.4667"/>
    <tag k="local_y" v="-3.709"/>
    <tag k="ele" v="-2.0205"/>
  </node>
  <node version="1" id="4466" lat="" lon="">
    <tag k="local_x" v="-21.5521"/>
    <tag k="local_y" v="-22.1927"/>
    <tag k="ele" v="-2.1436"/>
  </node>
  <node version="1" id="4467" lat="" lon="">
    <tag k="local_x" v="-23.0954"/>
    <tag k="local_y" v="-6.829"/>
    <tag k="ele" v="-2.1913"/>
  </node>
  <node version="1" id="4469" lat="" lon="">
    <tag k="local_x" v="-26.4186"/>
    <tag k="local_y" v="-22.3926"/>
    <tag k="ele" v="-2.1436"/>
  </node>
  <node version="1" id="4470" lat="" lon="">
    <tag k="local_x" v="-27.962"/>
    <tag k="local_y" v="-7.0289"/>
    <tag k="ele" v="-2.1913"/>
  </node>
  <node version="1" id="4473" lat="" lon="">
    <tag k="local_x" v="-27.8366"/>
    <tag k="local_y" v="-3.4176"/>
    <tag k="ele" v="-2.1952"/>
  </node>
  <node version="1" id="4474" lat="" lon="">
    <tag k="local_x" v="-27.2625"/>
    <tag k="local_y" v="-1.7294"/>
    <tag k="ele" v="-2.1952"/>
  </node>
  <node version="1" id="4475" lat="" lon="">
    <tag k="local_x" v="-25.9414"/>
    <tag k="local_y" v="0.0396"/>
    <tag k="ele" v="-2.1952"/>
  </node>
  <node version="1" id="4476" lat="" lon="">
    <tag k="local_x" v="-24.4954"/>
    <tag k="local_y" v="1.1224"/>
    <tag k="ele" v="-2.1952"/>
  </node>
  <node version="1" id="4477" lat="" lon="">
    <tag k="local_x" v="-23.308"/>
    <tag k="local_y" v="-5.2106"/>
    <tag k="ele" v="-2.1952"/>
  </node>
  <node version="1" id="4478" lat="" lon="">
    <tag k="local_x" v="-22.8688"/>
    <tag k="local_y" v="-4.3395"/>
    <tag k="ele" v="-2.1952"/>
  </node>
  <node version="1" id="4479" lat="" lon="">
    <tag k="local_x" v="-22.427"/>
    <tag k="local_y" v="-3.9944"/>
    <tag k="ele" v="-2.1952"/>
  </node>
  <node version="1" id="4480" lat="" lon="">
    <tag k="local_x" v="-21.5373"/>
    <tag k="local_y" v="-3.6206"/>
    <tag k="ele" v="-2.1952"/>
  </node>
  <node version="1" id="4509" lat="" lon="">
    <tag k="local_x" v="-5.5471"/>
    <tag k="local_y" v="64.4616"/>
    <tag k="ele" v="-1.9353"/>
  </node>
  <node version="1" id="4510" lat="" lon="">
    <tag k="local_x" v="-4.2971"/>
    <tag k="local_y" v="58.8053"/>
    <tag k="ele" v="-1.9478"/>
  </node>
  <node version="1" id="4512" lat="" lon="">
    <tag k="local_x" v="-1.2817"/>
    <tag k="local_y" v="64.7993"/>
    <tag k="ele" v="-1.9353"/>
  </node>
  <node version="1" id="4513" lat="" lon="">
    <tag k="local_x" v="-0.0317"/>
    <tag k="local_y" v="59.143"/>
    <tag k="ele" v="-1.9478"/>
  </node>
  <node version="1" id="4522" lat="" lon="">
    <tag k="local_x" v="-40.0068"/>
    <tag k="local_y" v="32.7067"/>
    <tag k="ele" v="-1.9902"/>
  </node>
  <node version="1" id="4523" lat="" lon="">
    <tag k="local_x" v="-40.9869"/>
    <tag k="local_y" v="30.9829"/>
    <tag k="ele" v="-1.968"/>
  </node>
  <node version="1" id="4524" lat="" lon="">
    <tag k="local_x" v="13.0248"/>
    <tag k="local_y" v="6.8234"/>
    <tag k="ele" v="-2.4844"/>
  </node>
  <node version="1" id="4525" lat="" lon="">
    <tag k="local_x" v="13.4777"/>
    <tag k="local_y" v="5.6685"/>
    <tag k="ele" v="-2.4844"/>
  </node>
  <node version="1" id="4526" lat="" lon="">
    <tag k="local_x" v="14.0143"/>
    <tag k="local_y" v="4.8316"/>
    <tag k="ele" v="-2.4844"/>
  </node>
  <node version="1" id="4527" lat="" lon="">
    <tag k="local_x" v="14.778"/>
    <tag k="local_y" v="4.1121"/>
    <tag k="ele" v="-2.4844"/>
  </node>
  <node version="1" id="4528" lat="" lon="">
    <tag k="local_x" v="15.9283"/>
    <tag k="local_y" v="3.527"/>
    <tag k="ele" v="-2.4844"/>
  </node>
  <node version="1" id="4529" lat="" lon="">
    <tag k="local_x" v="8.6195"/>
    <tag k="local_y" v="3.8985"/>
    <tag k="ele" v="-2.4844"/>
  </node>
  <node version="1" id="4530" lat="" lon="">
    <tag k="local_x" v="9.815"/>
    <tag k="local_y" v="2.5707"/>
    <tag k="ele" v="-2.4844"/>
  </node>
  <node version="1" id="4531" lat="" lon="">
    <tag k="local_x" v="11.4531"/>
    <tag k="local_y" v="1.3699"/>
    <tag k="ele" v="-2.4844"/>
  </node>
  <node version="1" id="4532" lat="" lon="">
    <tag k="local_x" v="13.2741"/>
    <tag k="local_y" v="0.6059"/>
    <tag k="ele" v="-2.4844"/>
  </node>
  <node version="1" id="4533" lat="" lon="">
    <tag k="local_x" v="14.98"/>
    <tag k="local_y" v="0.3409"/>
    <tag k="ele" v="-2.4844"/>
  </node>
  <node version="1" id="4537" lat="" lon="">
    <tag k="local_x" v="-258.4215"/>
    <tag k="local_y" v="70.4907"/>
    <tag k="ele" v="-0.1755"/>
  </node>
  <node version="1" id="4538" lat="" lon="">
    <tag k="local_x" v="-258.6795"/>
    <tag k="local_y" v="69.7852"/>
    <tag k="ele" v="-0.1104"/>
  </node>
  <node version="1" id="4539" lat="" lon="">
    <tag k="local_x" v="-257.4152"/>
    <tag k="local_y" v="61.9627"/>
    <tag k="ele" v="-0.0778"/>
  </node>
  <node version="1" id="4540" lat="" lon="">
    <tag k="local_x" v="-256.7125"/>
    <tag k="local_y" v="60.1735"/>
    <tag k="ele" v="-0.0615"/>
  </node>
  <node version="1" id="4541" lat="" lon="">
    <tag k="local_x" v="-105.3539"/>
    <tag k="local_y" v="-148.9998"/>
    <tag k="ele" v="-0.8806"/>
  </node>
  <node version="1" id="4542" lat="" lon="">
    <tag k="local_x" v="-117.2621"/>
    <tag k="local_y" v="-150.2358"/>
    <tag k="ele" v="-0.547"/>
  </node>
  <node version="1" id="4545" lat="" lon="">
    <tag k="local_x" v="0.1473"/>
    <tag k="local_y" v="-130.9796"/>
    <tag k="ele" v="-1.6585"/>
  </node>
  <node version="1" id="4546" lat="" lon="">
    <tag k="local_x" v="-2.6444"/>
    <tag k="local_y" v="-129.7268"/>
    <tag k="ele" v="-1.6585"/>
  </node>
  <node version="1" id="4552" lat="" lon="">
    <tag k="local_x" v="20.1324"/>
    <tag k="local_y" v="-90.6164"/>
    <tag k="ele" v="-1.9931"/>
  </node>
  <node version="1" id="4553" lat="" lon="">
    <tag k="local_x" v="17.3211"/>
    <tag k="local_y" v="-89.0546"/>
    <tag k="ele" v="-1.9931"/>
  </node>
  <node version="1" id="4559" lat="" lon="">
    <tag k="local_x" v="15.105"/>
    <tag k="local_y" v="-88.8334"/>
    <tag k="ele" v="-1.9931"/>
  </node>
  <node version="1" id="4560" lat="" lon="">
    <tag k="local_x" v="8.949"/>
    <tag k="local_y" v="-98.5016"/>
    <tag k="ele" v="-1.9931"/>
  </node>
  <node version="1" id="4561" lat="" lon="">
    <tag k="local_x" v="1.0267"/>
    <tag k="local_y" v="-114.2638"/>
    <tag k="ele" v="-1.892"/>
  </node>
  <node version="1" id="4562" lat="" lon="">
    <tag k="local_x" v="-2.1623"/>
    <tag k="local_y" v="-125.5596"/>
    <tag k="ele" v="-1.6585"/>
  </node>
  <node version="1" id="4565" lat="" lon="">
    <tag k="local_x" v="52.6577"/>
    <tag k="local_y" v="-28.8536"/>
    <tag k="ele" v="-2.5897"/>
  </node>
  <node version="1" id="4566" lat="" lon="">
    <tag k="local_x" v="26.3025"/>
    <tag k="local_y" v="-68.7656"/>
    <tag k="ele" v="-2.1762"/>
  </node>
  <node version="1" id="4577" lat="" lon="">
    <tag k="local_x" v="51.0712"/>
    <tag k="local_y" v="-3.174"/>
    <tag k="ele" v="-2.4744"/>
  </node>
  <node version="1" id="4578" lat="" lon="">
    <tag k="local_x" v="56.4462"/>
    <tag k="local_y" v="-1.5802"/>
    <tag k="ele" v="-2.4476"/>
  </node>
  <node version="1" id="4579" lat="" lon="">
    <tag k="local_x" v="59.8524"/>
    <tag k="local_y" v="-8.7677"/>
    <tag k="ele" v="-2.4558"/>
  </node>
  <node version="1" id="4581" lat="" lon="">
    <tag k="local_x" v="53.8524"/>
    <tag k="local_y" v="-11.049"/>
    <tag k="ele" v="-2.4124"/>
  </node>
  <node version="1" id="4592" lat="" lon="">
    <tag k="local_x" v="23.2822"/>
    <tag k="local_y" v="11.58"/>
    <tag k="ele" v="-2.2032"/>
  </node>
  <node version="1" id="4593" lat="" lon="">
    <tag k="local_x" v="31.7469"/>
    <tag k="local_y" v="12.5761"/>
    <tag k="ele" v="-2.215"/>
  </node>
  <node version="1" id="4594" lat="" lon="">
    <tag k="local_x" v="32.1873"/>
    <tag k="local_y" v="8.7682"/>
    <tag k="ele" v="-2.2806"/>
  </node>
  <node version="1" id="4596" lat="" lon="">
    <tag k="local_x" v="23.7293"/>
    <tag k="local_y" v="7.4614"/>
    <tag k="ele" v="-2.2708"/>
  </node>
  <node version="1" id="4597" lat="" lon="">
    <tag k="local_x" v="57.4068"/>
    <tag k="local_y" v="-33.3441"/>
    <tag k="ele" v="-2.3915"/>
  </node>
  <node version="1" id="4598" lat="" lon="">
    <tag k="local_x" v="59.7279"/>
    <tag k="local_y" v="-34.909"/>
    <tag k="ele" v="-2.3915"/>
  </node>
  <node version="1" id="4604" lat="" lon="">
    <tag k="local_x" v="37.3601"/>
    <tag k="local_y" v="-63.0773"/>
    <tag k="ele" v="-2.2892"/>
  </node>
  <node version="1" id="4605" lat="" lon="">
    <tag k="local_x" v="39.6815"/>
    <tag k="local_y" v="-64.6424"/>
    <tag k="ele" v="-2.2892"/>
  </node>
  <node version="1" id="4617" lat="" lon="">
    <tag k="local_x" v="61.5935"/>
    <tag k="local_y" v="-27.3475"/>
    <tag k="ele" v="-2.6011"/>
  </node>
  <node version="1" id="4618" lat="" lon="">
    <tag k="local_x" v="63.8767"/>
    <tag k="local_y" v="-28.9653"/>
    <tag k="ele" v="-2.6011"/>
  </node>
  <node version="1" id="4626" lat="" lon="">
    <tag k="local_x" v="42.0017"/>
    <tag k="local_y" v="-66.2067"/>
    <tag k="ele" v="-2.2892"/>
  </node>
  <node version="1" id="4627" lat="" lon="">
    <tag k="local_x" v="62.0472"/>
    <tag k="local_y" v="-36.4727"/>
    <tag k="ele" v="-2.2892"/>
  </node>
  <node version="1" id="4628" lat="" lon="">
    <tag k="local_x" v="63.2106"/>
    <tag k="local_y" v="-34.7445"/>
    <tag k="ele" v="-2.5962"/>
  </node>
  <node version="1" id="4629" lat="" lon="">
    <tag k="local_x" v="66.1599"/>
    <tag k="local_y" v="-30.5831"/>
    <tag k="ele" v="-2.6011"/>
  </node>
  <node version="1" id="4634" lat="" lon="">
    <tag k="local_x" v="-162.1964"/>
    <tag k="local_y" v="-156.7523"/>
    <tag k="ele" v="0.159"/>
  </node>
  <node version="1" id="4636" lat="" lon="">
    <tag k="local_x" v="-159.2446"/>
    <tag k="local_y" v="-157.4633"/>
    <tag k="ele" v="0.159"/>
  </node>
  <node version="1" id="4638" lat="" lon="">
    <tag k="local_x" v="-156.4424"/>
    <tag k="local_y" v="-157.6928"/>
    <tag k="ele" v="0.159"/>
  </node>
  <node version="1" id="4640" lat="" lon="">
    <tag k="local_x" v="-164.4417"/>
    <tag k="local_y" v="-158.9218"/>
    <tag k="ele" v="0.159"/>
  </node>
  <node version="1" id="4642" lat="" lon="">
    <tag k="local_x" v="-161.1633"/>
    <tag k="local_y" v="-159.8642"/>
    <tag k="ele" v="0.159"/>
  </node>
  <node version="1" id="4645" lat="" lon="">
    <tag k="local_x" v="-156.2389"/>
    <tag k="local_y" v="-159.9477"/>
    <tag k="ele" v="0.159"/>
  </node>
  <node version="1" id="4649" lat="" lon="">
    <tag k="local_x" v="-124.542"/>
    <tag k="local_y" v="12.5824"/>
    <tag k="ele" v="-1.9971"/>
  </node>
  <node version="1" id="4650" lat="" lon="">
    <tag k="local_x" v="-129.9819"/>
    <tag k="local_y" v="10.5699"/>
    <tag k="ele" v="-1.9971"/>
  </node>
  <node version="1" id="4656" lat="" lon="">
    <tag k="local_x" v="-120.6742"/>
    <tag k="local_y" v="12.8249"/>
    <tag k="ele" v="-1.9971"/>
  </node>
  <node version="1" id="4657" lat="" lon="">
    <tag k="local_x" v="-120.1497"/>
    <tag k="local_y" v="7.1841"/>
    <tag k="ele" v="-1.978"/>
  </node>
  <node version="1" id="4658" lat="" lon="">
    <tag k="local_x" v="-119.4787"/>
    <tag k="local_y" v="0.3983"/>
    <tag k="ele" v="-1.9864"/>
  </node>
  <node version="1" id="4696" lat="" lon="">
    <tag k="local_x" v="-122.1878"/>
    <tag k="local_y" v="-1.1262"/>
    <tag k="ele" v="-1.9864"/>
  </node>
  <node version="1" id="4697" lat="" lon="">
    <tag k="local_x" v="-121.8751"/>
    <tag k="local_y" v="-2.3881"/>
    <tag k="ele" v="-1.9864"/>
  </node>
  <node version="1" id="4698" lat="" lon="">
    <tag k="local_x" v="-121.4601"/>
    <tag k="local_y" v="-3.4325"/>
    <tag k="ele" v="-1.9864"/>
  </node>
  <node version="1" id="4699" lat="" lon="">
    <tag k="local_x" v="-120.8943"/>
    <tag k="local_y" v="-4.4189"/>
    <tag k="ele" v="-1.9864"/>
  </node>
  <node version="1" id="4700" lat="" lon="">
    <tag k="local_x" v="-120.186"/>
    <tag k="local_y" v="-5.3255"/>
    <tag k="ele" v="-1.9864"/>
  </node>
  <node version="1" id="4701" lat="" lon="">
    <tag k="local_x" v="-119.3465"/>
    <tag k="local_y" v="-6.1314"/>
    <tag k="ele" v="-1.9864"/>
  </node>
  <node version="1" id="4702" lat="" lon="">
    <tag k="local_x" v="-118.3903"/>
    <tag k="local_y" v="-6.8178"/>
    <tag k="ele" v="-1.9864"/>
  </node>
  <node version="1" id="4703" lat="" lon="">
    <tag k="local_x" v="-117.3346"/>
    <tag k="local_y" v="-7.3676"/>
    <tag k="ele" v="-1.9864"/>
  </node>
  <node version="1" id="4704" lat="" lon="">
    <tag k="local_x" v="-116.1991"/>
    <tag k="local_y" v="-7.7664"/>
    <tag k="ele" v="-1.9864"/>
  </node>
  <node version="1" id="4705" lat="" lon="">
    <tag k="local_x" v="-114.8762"/>
    <tag k="local_y" v="-8.0133"/>
    <tag k="ele" v="-1.9864"/>
  </node>
  <node version="1" id="4706" lat="" lon="">
    <tag k="local_x" v="-127.2742"/>
    <tag k="local_y" v="-2.8143"/>
    <tag k="ele" v="-1.9864"/>
  </node>
  <node version="1" id="4707" lat="" lon="">
    <tag k="local_x" v="-126.6552"/>
    <tag k="local_y" v="-4.3597"/>
    <tag k="ele" v="-1.9864"/>
  </node>
  <node version="1" id="4708" lat="" lon="">
    <tag k="local_x" v="-125.7519"/>
    <tag k="local_y" v="-5.9631"/>
    <tag k="ele" v="-1.9864"/>
  </node>
  <node version="1" id="4709" lat="" lon="">
    <tag k="local_x" v="-124.639"/>
    <tag k="local_y" v="-7.4119"/>
    <tag k="ele" v="-1.9864"/>
  </node>
  <node version="1" id="4710" lat="" lon="">
    <tag k="local_x" v="-123.3418"/>
    <tag k="local_y" v="-8.6795"/>
    <tag k="ele" v="-1.9864"/>
  </node>
  <node version="1" id="4711" lat="" lon="">
    <tag k="local_x" v="-121.8891"/>
    <tag k="local_y" v="-9.7431"/>
    <tag k="ele" v="-1.9864"/>
  </node>
  <node version="1" id="4712" lat="" lon="">
    <tag k="local_x" v="-120.3124"/>
    <tag k="local_y" v="-10.5841"/>
    <tag k="ele" v="-1.9864"/>
  </node>
  <node version="1" id="4713" lat="" lon="">
    <tag k="local_x" v="-118.645"/>
    <tag k="local_y" v="-11.1891"/>
    <tag k="ele" v="-1.9864"/>
  </node>
  <node version="1" id="4714" lat="" lon="">
    <tag k="local_x" v="-116.9218"/>
    <tag k="local_y" v="-11.5494"/>
    <tag k="ele" v="-1.9864"/>
  </node>
  <node version="1" id="4715" lat="" lon="">
    <tag k="local_x" v="-115.3074"/>
    <tag k="local_y" v="-11.6508"/>
    <tag k="ele" v="-1.9864"/>
  </node>
  <node version="1" id="4745" lat="" lon="">
    <tag k="local_x" v="-112.3988"/>
    <tag k="local_y" v="-15.1974"/>
    <tag k="ele" v="-1.933"/>
  </node>
  <node version="1" id="4746" lat="" lon="">
    <tag k="local_x" v="-103.7583"/>
    <tag k="local_y" v="-14.3837"/>
    <tag k="ele" v="-1.9033"/>
  </node>
  <node version="1" id="4747" lat="" lon="">
    <tag k="local_x" v="-91.5788"/>
    <tag k="local_y" v="-13.1913"/>
    <tag k="ele" v="-1.9014"/>
  </node>
  <node version="1" id="4748" lat="" lon="">
    <tag k="local_x" v="-68.6875"/>
    <tag k="local_y" v="-10.8437"/>
    <tag k="ele" v="-1.9127"/>
  </node>
  <node version="1" id="4761" lat="" lon="">
    <tag k="local_x" v="20.1016"/>
    <tag k="local_y" v="5.9639"/>
    <tag k="ele" v="-2.328"/>
  </node>
  <node version="1" id="4762" lat="" lon="">
    <tag k="local_x" v="32.6861"/>
    <tag k="local_y" v="7.2735"/>
    <tag k="ele" v="-2.3556"/>
  </node>
  <node version="1" id="4774" lat="" lon="">
    <tag k="local_x" v="-11.5537"/>
    <tag k="local_y" v="-152.3874"/>
    <tag k="ele" v="-1.0942"/>
  </node>
  <node version="1" id="4775" lat="" lon="">
    <tag k="local_x" v="-12.4915"/>
    <tag k="local_y" v="-153.5055"/>
    <tag k="ele" v="-1.0942"/>
  </node>
  <node version="1" id="4776" lat="" lon="">
    <tag k="local_x" v="-13.5612"/>
    <tag k="local_y" v="-154.5848"/>
    <tag k="ele" v="-1.0942"/>
  </node>
  <node version="1" id="4777" lat="" lon="">
    <tag k="local_x" v="-14.7185"/>
    <tag k="local_y" v="-155.573"/>
    <tag k="ele" v="-1.0942"/>
  </node>
  <node version="1" id="4778" lat="" lon="">
    <tag k="local_x" v="-15.9557"/>
    <tag k="local_y" v="-156.4631"/>
    <tag k="ele" v="-1.0942"/>
  </node>
  <node version="1" id="4779" lat="" lon="">
    <tag k="local_x" v="-17.2644"/>
    <tag k="local_y" v="-157.2484"/>
    <tag k="ele" v="-1.0942"/>
  </node>
  <node version="1" id="4780" lat="" lon="">
    <tag k="local_x" v="-18.6358"/>
    <tag k="local_y" v="-157.9234"/>
    <tag k="ele" v="-1.0942"/>
  </node>
  <node version="1" id="4781" lat="" lon="">
    <tag k="local_x" v="-20.0606"/>
    <tag k="local_y" v="-158.483"/>
    <tag k="ele" v="-1.0942"/>
  </node>
  <node version="1" id="4782" lat="" lon="">
    <tag k="local_x" v="-21.5291"/>
    <tag k="local_y" v="-158.923"/>
    <tag k="ele" v="-1.0942"/>
  </node>
  <node version="1" id="4783" lat="" lon="">
    <tag k="local_x" v="-23.0312"/>
    <tag k="local_y" v="-159.24"/>
    <tag k="ele" v="-1.0942"/>
  </node>
  <node version="1" id="4784" lat="" lon="">
    <tag k="local_x" v="-24.5567"/>
    <tag k="local_y" v="-159.4315"/>
    <tag k="ele" v="-1.0942"/>
  </node>
  <node version="1" id="4785" lat="" lon="">
    <tag k="local_x" v="-26.095"/>
    <tag k="local_y" v="-159.4957"/>
    <tag k="ele" v="-1.0942"/>
  </node>
  <node version="1" id="4786" lat="" lon="">
    <tag k="local_x" v="-27.5643"/>
    <tag k="local_y" v="-159.4376"/>
    <tag k="ele" v="-1.0942"/>
  </node>
  <node version="1" id="4787" lat="" lon="">
    <tag k="local_x" v="-13.6656"/>
    <tag k="local_y" v="-150.5521"/>
    <tag k="ele" v="-1.0942"/>
  </node>
  <node version="1" id="4788" lat="" lon="">
    <tag k="local_x" v="-14.5642"/>
    <tag k="local_y" v="-151.5472"/>
    <tag k="ele" v="-1.0942"/>
  </node>
  <node version="1" id="4789" lat="" lon="">
    <tag k="local_x" v="-15.5"/>
    <tag k="local_y" v="-152.4214"/>
    <tag k="ele" v="-1.0942"/>
  </node>
  <node version="1" id="4790" lat="" lon="">
    <tag k="local_x" v="-16.5034"/>
    <tag k="local_y" v="-153.2134"/>
    <tag k="ele" v="-1.0942"/>
  </node>
  <node version="1" id="4791" lat="" lon="">
    <tag k="local_x" v="-17.5673"/>
    <tag k="local_y" v="-153.9181"/>
    <tag k="ele" v="-1.0942"/>
  </node>
  <node version="1" id="4792" lat="" lon="">
    <tag k="local_x" v="-18.684"/>
    <tag k="local_y" v="-154.531"/>
    <tag k="ele" v="-1.0942"/>
  </node>
  <node version="1" id="4793" lat="" lon="">
    <tag k="local_x" v="-19.8458"/>
    <tag k="local_y" v="-155.0481"/>
    <tag k="ele" v="-1.0942"/>
  </node>
  <node version="1" id="4794" lat="" lon="">
    <tag k="local_x" v="-21.0443"/>
    <tag k="local_y" v="-155.4662"/>
    <tag k="ele" v="-1.0942"/>
  </node>
  <node version="1" id="4795" lat="" lon="">
    <tag k="local_x" v="-22.2713"/>
    <tag k="local_y" v="-155.7828"/>
    <tag k="ele" v="-1.0942"/>
  </node>
  <node version="1" id="4796" lat="" lon="">
    <tag k="local_x" v="-23.5182"/>
    <tag k="local_y" v="-155.9961"/>
    <tag k="ele" v="-1.0942"/>
  </node>
  <node version="1" id="4797" lat="" lon="">
    <tag k="local_x" v="-24.7762"/>
    <tag k="local_y" v="-156.1048"/>
    <tag k="ele" v="-1.0942"/>
  </node>
  <node version="1" id="4798" lat="" lon="">
    <tag k="local_x" v="-26.0367"/>
    <tag k="local_y" v="-156.1088"/>
    <tag k="ele" v="-1.0942"/>
  </node>
  <node version="1" id="4799" lat="" lon="">
    <tag k="local_x" v="-27.3623"/>
    <tag k="local_y" v="-156.0025"/>
    <tag k="ele" v="-1.0942"/>
  </node>
  <node version="1" id="4803" lat="" lon="">
    <tag k="local_x" v="-26.1091"/>
    <tag k="local_y" v="-160.3737"/>
    <tag k="ele" v="-0.6865"/>
  </node>
  <node version="1" id="4804" lat="" lon="">
    <tag k="local_x" v="-28.4216"/>
    <tag k="local_y" v="-165.0612"/>
    <tag k="ele" v="-0.6223"/>
  </node>
  <node version="1" id="4806" lat="" lon="">
    <tag k="local_x" v="-22.2534"/>
    <tag k="local_y" v="-162.4773"/>
    <tag k="ele" v="-0.6865"/>
  </node>
  <node version="1" id="4807" lat="" lon="">
    <tag k="local_x" v="-24.4408"/>
    <tag k="local_y" v="-166.9773"/>
    <tag k="ele" v="-0.6223"/>
  </node>
  <node version="1" id="4816" lat="" lon="">
    <tag k="local_x" v="-15.8132"/>
    <tag k="local_y" v="-152.9365"/>
    <tag k="ele" v="-0.9175"/>
  </node>
  <node version="1" id="4820" lat="" lon="">
    <tag k="local_x" v="-14.8774"/>
    <tag k="local_y" v="-156.4574"/>
    <tag k="ele" v="-0.9175"/>
  </node>
  <node version="1" id="4821" lat="" lon="">
    <tag k="local_x" v="-15.6524"/>
    <tag k="local_y" v="-179.9602"/>
    <tag k="ele" v="-0.6759"/>
  </node>
  <node version="1" id="4822" lat="" lon="">
    <tag k="local_x" v="-14.5079"/>
    <tag k="local_y" v="-179.0975"/>
    <tag k="ele" v="-0.6759"/>
  </node>
  <node version="1" id="4823" lat="" lon="">
    <tag k="local_x" v="-13.2617"/>
    <tag k="local_y" v="-178.2863"/>
    <tag k="ele" v="-0.6759"/>
  </node>
  <node version="1" id="4824" lat="" lon="">
    <tag k="local_x" v="-11.9628"/>
    <tag k="local_y" v="-177.5644"/>
    <tag k="ele" v="-0.6759"/>
  </node>
  <node version="1" id="4825" lat="" lon="">
    <tag k="local_x" v="-10.6175"/>
    <tag k="local_y" v="-176.9353"/>
    <tag k="ele" v="-0.6759"/>
  </node>
  <node version="1" id="4826" lat="" lon="">
    <tag k="local_x" v="-9.2324"/>
    <tag k="local_y" v="-176.4019"/>
    <tag k="ele" v="-0.6759"/>
  </node>
  <node version="1" id="4827" lat="" lon="">
    <tag k="local_x" v="-7.8144"/>
    <tag k="local_y" v="-175.9666"/>
    <tag k="ele" v="-0.6759"/>
  </node>
  <node version="1" id="4828" lat="" lon="">
    <tag k="local_x" v="-6.3703"/>
    <tag k="local_y" v="-175.6316"/>
    <tag k="ele" v="-0.6759"/>
  </node>
  <node version="1" id="4829" lat="" lon="">
    <tag k="local_x" v="-4.9073"/>
    <tag k="local_y" v="-175.3983"/>
    <tag k="ele" v="-0.6759"/>
  </node>
  <node version="1" id="4830" lat="" lon="">
    <tag k="local_x" v="-3.4325"/>
    <tag k="local_y" v="-175.2677"/>
    <tag k="ele" v="-0.6759"/>
  </node>
  <node version="1" id="4831" lat="" lon="">
    <tag k="local_x" v="-2.0033"/>
    <tag k="local_y" v="-175.2408"/>
    <tag k="ele" v="-0.6759"/>
  </node>
  <node version="1" id="4832" lat="" lon="">
    <tag k="local_x" v="-13.7385"/>
    <tag k="local_y" v="-182.4482"/>
    <tag k="ele" v="-0.6759"/>
  </node>
  <node version="1" id="4833" lat="" lon="">
    <tag k="local_x" v="-12.6973"/>
    <tag k="local_y" v="-181.6295"/>
    <tag k="ele" v="-0.6759"/>
  </node>
  <node version="1" id="4834" lat="" lon="">
    <tag k="local_x" v="-11.6459"/>
    <tag k="local_y" v="-180.9161"/>
    <tag k="ele" v="-0.6759"/>
  </node>
  <node version="1" id="4835" lat="" lon="">
    <tag k="local_x" v="-10.5464"/>
    <tag k="local_y" v="-180.2773"/>
    <tag k="ele" v="-0.6759"/>
  </node>
  <node version="1" id="4836" lat="" lon="">
    <tag k="local_x" v="-9.4043"/>
    <tag k="local_y" v="-179.7163"/>
    <tag k="ele" v="-0.6759"/>
  </node>
  <node version="1" id="4837" lat="" lon="">
    <tag k="local_x" v="-8.225"/>
    <tag k="local_y" v="-179.2361"/>
    <tag k="ele" v="-0.6759"/>
  </node>
  <node version="1" id="4838" lat="" lon="">
    <tag k="local_x" v="-7.0141"/>
    <tag k="local_y" v="-178.839"/>
    <tag k="ele" v="-0.6759"/>
  </node>
  <node version="1" id="4839" lat="" lon="">
    <tag k="local_x" v="-5.7776"/>
    <tag k="local_y" v="-178.5271"/>
    <tag k="ele" v="-0.6759"/>
  </node>
  <node version="1" id="4840" lat="" lon="">
    <tag k="local_x" v="-4.5215"/>
    <tag k="local_y" v="-178.3021"/>
    <tag k="ele" v="-0.6759"/>
  </node>
  <node version="1" id="4841" lat="" lon="">
    <tag k="local_x" v="-3.2518"/>
    <tag k="local_y" v="-178.1652"/>
    <tag k="ele" v="-0.6759"/>
  </node>
  <node version="1" id="4842" lat="" lon="">
    <tag k="local_x" v="-1.9246"/>
    <tag k="local_y" v="-178.1167"/>
    <tag k="ele" v="-0.6759"/>
  </node>
  <node version="1" id="4846" lat="" lon="">
    <tag k="local_x" v="-29.2828"/>
    <tag k="local_y" v="-165.5001"/>
    <tag k="ele" v="-0.8051"/>
  </node>
  <node version="1" id="4847" lat="" lon="">
    <tag k="local_x" v="-28.2943"/>
    <tag k="local_y" v="-166.6048"/>
    <tag k="ele" v="-0.8051"/>
  </node>
  <node version="1" id="4848" lat="" lon="">
    <tag k="local_x" v="-27.3792"/>
    <tag k="local_y" v="-167.8908"/>
    <tag k="ele" v="-0.8051"/>
  </node>
  <node version="1" id="4849" lat="" lon="">
    <tag k="local_x" v="-26.6141"/>
    <tag k="local_y" v="-169.2725"/>
    <tag k="ele" v="-0.8051"/>
  </node>
  <node version="1" id="4850" lat="" lon="">
    <tag k="local_x" v="-26.009"/>
    <tag k="local_y" v="-170.7327"/>
    <tag k="ele" v="-0.8051"/>
  </node>
  <node version="1" id="4851" lat="" lon="">
    <tag k="local_x" v="-25.5718"/>
    <tag k="local_y" v="-172.2527"/>
    <tag k="ele" v="-0.8051"/>
  </node>
  <node version="1" id="4852" lat="" lon="">
    <tag k="local_x" v="-25.3082"/>
    <tag k="local_y" v="-173.8135"/>
    <tag k="ele" v="-0.8051"/>
  </node>
  <node version="1" id="4853" lat="" lon="">
    <tag k="local_x" v="-25.222"/>
    <tag k="local_y" v="-175.3951"/>
    <tag k="ele" v="-0.8051"/>
  </node>
  <node version="1" id="4854" lat="" lon="">
    <tag k="local_x" v="-25.3145"/>
    <tag k="local_y" v="-176.9775"/>
    <tag k="ele" v="-0.8051"/>
  </node>
  <node version="1" id="4855" lat="" lon="">
    <tag k="local_x" v="-25.5847"/>
    <tag k="local_y" v="-178.5406"/>
    <tag k="ele" v="-0.8051"/>
  </node>
  <node version="1" id="4856" lat="" lon="">
    <tag k="local_x" v="-25.998"/>
    <tag k="local_y" v="-179.969"/>
    <tag k="ele" v="-0.8051"/>
  </node>
  <node version="1" id="4857" lat="" lon="">
    <tag k="local_x" v="-31.7992"/>
    <tag k="local_y" v="-167.7294"/>
    <tag k="ele" v="-0.8051"/>
  </node>
  <node version="1" id="4858" lat="" lon="">
    <tag k="local_x" v="-30.9482"/>
    <tag k="local_y" v="-168.7011"/>
    <tag k="ele" v="-0.8051"/>
  </node>
  <node version="1" id="4859" lat="" lon="">
    <tag k="local_x" v="-30.2692"/>
    <tag k="local_y" v="-169.6856"/>
    <tag k="ele" v="-0.8051"/>
  </node>
  <node version="1" id="4860" lat="" lon="">
    <tag k="local_x" v="-29.706"/>
    <tag k="local_y" v="-170.7392"/>
    <tag k="ele" v="-0.8051"/>
  </node>
  <node version="1" id="4861" lat="" lon="">
    <tag k="local_x" v="-29.2653"/>
    <tag k="local_y" v="-171.8485"/>
    <tag k="ele" v="-0.8051"/>
  </node>
  <node version="1" id="4862" lat="" lon="">
    <tag k="local_x" v="-28.9526"/>
    <tag k="local_y" v="-172.9993"/>
    <tag k="ele" v="-0.8051"/>
  </node>
  <node version="1" id="4863" lat="" lon="">
    <tag k="local_x" v="-28.7716"/>
    <tag k="local_y" v="-174.1768"/>
    <tag k="ele" v="-0.8051"/>
  </node>
  <node version="1" id="4864" lat="" lon="">
    <tag k="local_x" v="-28.7244"/>
    <tag k="local_y" v="-175.3661"/>
    <tag k="ele" v="-0.8051"/>
  </node>
  <node version="1" id="4865" lat="" lon="">
    <tag k="local_x" v="-28.8112"/>
    <tag k="local_y" v="-176.552"/>
    <tag k="ele" v="-0.8051"/>
  </node>
  <node version="1" id="4866" lat="" lon="">
    <tag k="local_x" v="-29.0308"/>
    <tag k="local_y" v="-177.7195"/>
    <tag k="ele" v="-0.8051"/>
  </node>
  <node version="1" id="4867" lat="" lon="">
    <tag k="local_x" v="-29.4116"/>
    <tag k="local_y" v="-178.9492"/>
    <tag k="ele" v="-0.8051"/>
  </node>
  <node version="1" id="4871" lat="" lon="">
    <tag k="local_x" v="-24.3165"/>
    <tag k="local_y" v="-178.6972"/>
    <tag k="ele" v="-0.4636"/>
  </node>
  <node version="1" id="4872" lat="" lon="">
    <tag k="local_x" v="-19.5391"/>
    <tag k="local_y" v="-181.4882"/>
    <tag k="ele" v="-0.4404"/>
  </node>
  <node version="1" id="4874" lat="" lon="">
    <tag k="local_x" v="-22.3253"/>
    <tag k="local_y" v="-174.9859"/>
    <tag k="ele" v="-0.4636"/>
  </node>
  <node version="1" id="4875" lat="" lon="">
    <tag k="local_x" v="-17.5479"/>
    <tag k="local_y" v="-177.7769"/>
    <tag k="ele" v="-0.4404"/>
  </node>
  <node version="1" id="4884" lat="" lon="">
    <tag k="local_x" v="-29.3292"/>
    <tag k="local_y" v="-176.6126"/>
    <tag k="ele" v="-0.5986"/>
  </node>
  <node version="1" id="4885" lat="" lon="">
    <tag k="local_x" v="-25.5686"/>
    <tag k="local_y" v="-177.3862"/>
    <tag k="ele" v="-0.5986"/>
  </node>
  <node version="1" id="4889" lat="" lon="">
    <tag k="local_x" v="-12.4249"/>
    <tag k="local_y" v="-177.2552"/>
    <tag k="ele" v="-0.7742"/>
  </node>
  <node version="1" id="4890" lat="" lon="">
    <tag k="local_x" v="-11.9701"/>
    <tag k="local_y" v="-180.9885"/>
    <tag k="ele" v="-0.7742"/>
  </node>
  <node version="1" id="4891" lat="" lon="">
    <tag k="local_x" v="-5.8551"/>
    <tag k="local_y" v="-176.3784"/>
    <tag k="ele" v="-0.5893"/>
  </node>
  <node version="1" id="4892" lat="" lon="">
    <tag k="local_x" v="-3.6332"/>
    <tag k="local_y" v="-171.9202"/>
    <tag k="ele" v="-0.6596"/>
  </node>
  <node version="1" id="4894" lat="" lon="">
    <tag k="local_x" v="-9.2762"/>
    <tag k="local_y" v="-174.224"/>
    <tag k="ele" v="-0.5893"/>
  </node>
  <node version="1" id="4895" lat="" lon="">
    <tag k="local_x" v="-7.5313"/>
    <tag k="local_y" v="-170.3045"/>
    <tag k="ele" v="-0.6596"/>
  </node>
  <node version="1" id="4968" lat="" lon="">
    <tag k="local_x" v="-14.4419"/>
    <tag k="local_y" v="-181.1154"/>
    <tag k="ele" v="-0.4739"/>
  </node>
  <node version="1" id="4970" lat="" lon="">
    <tag k="local_x" v="-14.8206"/>
    <tag k="local_y" v="-177.3814"/>
    <tag k="ele" v="-0.4739"/>
  </node>
  <node version="1" id="4973" lat="" lon="">
    <tag k="local_x" v="-9.3515"/>
    <tag k="local_y" v="-179.4019"/>
    <tag k="ele" v="-0.5443"/>
  </node>
  <node version="1" id="4974" lat="" lon="">
    <tag k="local_x" v="-11.3708"/>
    <tag k="local_y" v="-176.0791"/>
    <tag k="ele" v="-0.5443"/>
  </node>
  <node version="1" id="4975" lat="" lon="">
    <tag k="local_x" v="-28.3343"/>
    <tag k="local_y" v="-169.981"/>
    <tag k="ele" v="-0.5568"/>
  </node>
  <node version="1" id="4977" lat="" lon="">
    <tag k="local_x" v="-24.4819"/>
    <tag k="local_y" v="-169.6317"/>
    <tag k="ele" v="-0.5568"/>
  </node>
  <node version="1" id="4980" lat="" lon="">
    <tag k="local_x" v="-27.1614"/>
    <tag k="local_y" v="-174.5119"/>
    <tag k="ele" v="-0.512"/>
  </node>
  <node version="1" id="4981" lat="" lon="">
    <tag k="local_x" v="-23.7825"/>
    <tag k="local_y" v="-173.0328"/>
    <tag k="ele" v="-0.512"/>
  </node>
  <node version="1" id="4982" lat="" lon="">
    <tag k="local_x" v="-7.9563"/>
    <tag k="local_y" v="-158.3969"/>
    <tag k="ele" v="-0.7445"/>
  </node>
  <node version="1" id="4983" lat="" lon="">
    <tag k="local_x" v="-12.1029"/>
    <tag k="local_y" v="-156.3023"/>
    <tag k="ele" v="-0.7339"/>
  </node>
  <node version="1" id="4985" lat="" lon="">
    <tag k="local_x" v="-9.9188"/>
    <tag k="local_y" v="-162.1711"/>
    <tag k="ele" v="-0.7445"/>
  </node>
  <node version="1" id="4986" lat="" lon="">
    <tag k="local_x" v="-14.0654"/>
    <tag k="local_y" v="-160.0765"/>
    <tag k="ele" v="-0.7339"/>
  </node>
  <node version="1" id="4992" lat="" lon="">
    <tag k="local_x" v="-23.3434"/>
    <tag k="local_y" v="-156.2106"/>
    <tag k="ele" v="-0.828"/>
  </node>
  <node version="1" id="4993" lat="" lon="">
    <tag k="local_x" v="-24.0933"/>
    <tag k="local_y" v="-159.7294"/>
    <tag k="ele" v="-0.828"/>
  </node>
  <node version="1" id="4994" lat="" lon="">
    <tag k="local_x" v="-17.6553"/>
    <tag k="local_y" v="-156.2592"/>
    <tag k="ele" v="-0.7069"/>
  </node>
  <node version="1" id="4996" lat="" lon="">
    <tag k="local_x" v="-16.256"/>
    <tag k="local_y" v="-160.0702"/>
    <tag k="ele" v="-0.7069"/>
  </node>
  <node version="1" id="4999" lat="" lon="">
    <tag k="local_x" v="-21.5642"/>
    <tag k="local_y" v="-157.1319"/>
    <tag k="ele" v="-0.6867"/>
  </node>
  <node version="1" id="5000" lat="" lon="">
    <tag k="local_x" v="-19.8822"/>
    <tag k="local_y" v="-160.8548"/>
    <tag k="ele" v="-0.6867"/>
  </node>
  <node version="1" id="5001" lat="" lon="">
    <tag k="local_x" v="-2.8872"/>
    <tag k="local_y" v="-167.3023"/>
    <tag k="ele" v="-0.7003"/>
  </node>
  <node version="1" id="5003" lat="" lon="">
    <tag k="local_x" v="-6.9365"/>
    <tag k="local_y" v="-167.4947"/>
    <tag k="ele" v="-0.7003"/>
  </node>
  <node version="1" id="5006" lat="" lon="">
    <tag k="local_x" v="-4.1342"/>
    <tag k="local_y" v="-162.3285"/>
    <tag k="ele" v="-0.7431"/>
  </node>
  <node version="1" id="5007" lat="" lon="">
    <tag k="local_x" v="-8.0768"/>
    <tag k="local_y" v="-163.917"/>
    <tag k="ele" v="-0.7431"/>
  </node>
  <node version="1" id="5011" lat="" lon="">
    <tag k="local_x" v="-3.0744"/>
    <tag k="local_y" v="-161.129"/>
    <tag k="ele" v="-0.9071"/>
  </node>
  <node version="1" id="5012" lat="" lon="">
    <tag k="local_x" v="-2.605"/>
    <tag k="local_y" v="-167.1175"/>
    <tag k="ele" v="-0.7833"/>
  </node>
  <node version="1" id="5013" lat="" lon="">
    <tag k="local_x" v="-6.8906"/>
    <tag k="local_y" v="-160.5101"/>
    <tag k="ele" v="-0.9071"/>
  </node>
  <node version="1" id="5014" lat="" lon="">
    <tag k="local_x" v="-6.9474"/>
    <tag k="local_y" v="-167.1005"/>
    <tag k="ele" v="-0.7833"/>
  </node>
  <node version="1" id="5020" lat="" lon="">
    <tag k="local_x" v="-45.6194"/>
    <tag k="local_y" v="0.8451"/>
    <tag k="ele" v="-2.1794"/>
  </node>
  <node version="1" id="5021" lat="" lon="">
    <tag k="local_x" v="-45.0091"/>
    <tag k="local_y" v="-1.3598"/>
    <tag k="ele" v="-2.2297"/>
  </node>
  <node version="1" id="5022" lat="" lon="">
    <tag k="local_x" v="-52.6671"/>
    <tag k="local_y" v="-2.0882"/>
    <tag k="ele" v="-2.2171"/>
  </node>
  <node version="1" id="5024" lat="" lon="">
    <tag k="local_x" v="-61.27"/>
    <tag k="local_y" v="-2.915"/>
    <tag k="ele" v="-2.2072"/>
  </node>
  <node version="1" id="5025" lat="" lon="">
    <tag k="local_x" v="-69.302"/>
    <tag k="local_y" v="-3.7418"/>
    <tag k="ele" v="-2.184"/>
  </node>
  <node version="1" id="5026" lat="" lon="">
    <tag k="local_x" v="-92.3152"/>
    <tag k="local_y" v="-5.8876"/>
    <tag k="ele" v="-2.043"/>
  </node>
  <node version="1" id="5027" lat="" lon="">
    <tag k="local_x" v="-104.4617"/>
    <tag k="local_y" v="-7.0688"/>
    <tag k="ele" v="-1.9888"/>
  </node>
  <node version="1" id="5028" lat="" lon="">
    <tag k="local_x" v="-112.6118"/>
    <tag k="local_y" v="-7.8366"/>
    <tag k="ele" v="-1.96"/>
  </node>
  <node version="1" id="5029" lat="" lon="">
    <tag k="local_x" v="-114.8757"/>
    <tag k="local_y" v="-8.0138"/>
    <tag k="ele" v="-1.9612"/>
  </node>
  <node version="1" id="5030" lat="" lon="">
    <tag k="local_x" v="-114.9938"/>
    <tag k="local_y" v="-5.7301"/>
    <tag k="ele" v="-1.9409"/>
  </node>
  <node version="1" id="5031" lat="" lon="">
    <tag k="local_x" v="70.2267"/>
    <tag k="local_y" v="7.3877"/>
    <tag k="ele" v="-2.5728"/>
  </node>
  <node version="1" id="5032" lat="" lon="">
    <tag k="local_x" v="71.7027"/>
    <tag k="local_y" v="7.0792"/>
    <tag k="ele" v="-2.5728"/>
  </node>
  <node version="1" id="5033" lat="" lon="">
    <tag k="local_x" v="73.2171"/>
    <tag k="local_y" v="6.207"/>
    <tag k="ele" v="-2.5728"/>
  </node>
  <node version="1" id="5034" lat="" lon="">
    <tag k="local_x" v="74.4869"/>
    <tag k="local_y" v="4.9756"/>
    <tag k="ele" v="-2.5728"/>
  </node>
  <node version="1" id="5035" lat="" lon="">
    <tag k="local_x" v="75.4274"/>
    <tag k="local_y" v="3.4525"/>
    <tag k="ele" v="-2.5728"/>
  </node>
  <node version="1" id="5036" lat="" lon="">
    <tag k="local_x" v="75.9724"/>
    <tag k="local_y" v="1.7252"/>
    <tag k="ele" v="-2.5728"/>
  </node>
  <node version="1" id="5037" lat="" lon="">
    <tag k="local_x" v="76.0917"/>
    <tag k="local_y" v="0.1506"/>
    <tag k="ele" v="-2.5728"/>
  </node>
  <node version="1" id="5038" lat="" lon="">
    <tag k="local_x" v="69.2872"/>
    <tag k="local_y" v="4.0768"/>
    <tag k="ele" v="-2.5728"/>
  </node>
  <node version="1" id="5039" lat="" lon="">
    <tag k="local_x" v="70.087"/>
    <tag k="local_y" v="3.6217"/>
    <tag k="ele" v="-2.5728"/>
  </node>
  <node version="1" id="5040" lat="" lon="">
    <tag k="local_x" v="70.9619"/>
    <tag k="local_y" v="3.1274"/>
    <tag k="ele" v="-2.5728"/>
  </node>
  <node version="1" id="5041" lat="" lon="">
    <tag k="local_x" v="71.5992"/>
    <tag k="local_y" v="2.7613"/>
    <tag k="ele" v="-2.5728"/>
  </node>
  <node version="1" id="5042" lat="" lon="">
    <tag k="local_x" v="72.0599"/>
    <tag k="local_y" v="2.0528"/>
    <tag k="ele" v="-2.5728"/>
  </node>
  <node version="1" id="5043" lat="" lon="">
    <tag k="local_x" v="72.2203"/>
    <tag k="local_y" v="1.1924"/>
    <tag k="ele" v="-2.5728"/>
  </node>
  <node version="1" id="5044" lat="" lon="">
    <tag k="local_x" v="72.2802"/>
    <tag k="local_y" v="0.1035"/>
    <tag k="ele" v="-2.5728"/>
  </node>
  <node version="1" id="5051" lat="" lon="">
    <tag k="local_x" v="72.1637"/>
    <tag k="local_y" v="0.748"/>
    <tag k="ele" v="-2.5086"/>
  </node>
  <node version="1" id="5258" lat="" lon="">
    <tag k="local_x" v="65.028"/>
    <tag k="local_y" v="3.2988"/>
    <tag k="ele" v="-2.715"/>
  </node>
  <node version="1" id="5259" lat="" lon="">
    <tag k="local_x" v="63.351"/>
    <tag k="local_y" v="13.3168"/>
    <tag k="ele" v="-2.8472"/>
  </node>
  <node version="1" id="5261" lat="" lon="">
    <tag k="local_x" v="60.9368"/>
    <tag k="local_y" v="2.641"/>
    <tag k="ele" v="-2.715"/>
  </node>
  <node version="1" id="5262" lat="" lon="">
    <tag k="local_x" v="59.2598"/>
    <tag k="local_y" v="12.659"/>
    <tag k="ele" v="-2.8472"/>
  </node>
  <node version="1" id="5274" lat="" lon="">
    <tag k="local_x" v="67.1674"/>
    <tag k="local_y" v="-7.6787"/>
    <tag k="ele" v="-2.7675"/>
  </node>
  <node version="1" id="5275" lat="" lon="">
    <tag k="local_x" v="79.3078"/>
    <tag k="local_y" v="-16.4136"/>
    <tag k="ele" v="-2.7425"/>
  </node>
  <node version="1" id="5277" lat="" lon="">
    <tag k="local_x" v="70.171"/>
    <tag k="local_y" v="-3.653"/>
    <tag k="ele" v="-2.7675"/>
  </node>
  <node version="1" id="5278" lat="" lon="">
    <tag k="local_x" v="82.3114"/>
    <tag k="local_y" v="-12.388"/>
    <tag k="ele" v="-2.7425"/>
  </node>
  <node version="1" id="5281" lat="" lon="">
    <tag k="local_x" v="57.2448"/>
    <tag k="local_y" v="-15.0099"/>
    <tag k="ele" v="-2.5115"/>
  </node>
  <node version="1" id="5282" lat="" lon="">
    <tag k="local_x" v="52.3212"/>
    <tag k="local_y" v="-23.2284"/>
    <tag k="ele" v="-2.5093"/>
  </node>
  <node version="1" id="5284" lat="" lon="">
    <tag k="local_x" v="58.9644"/>
    <tag k="local_y" v="-18.0883"/>
    <tag k="ele" v="-2.5115"/>
  </node>
  <node version="1" id="5285" lat="" lon="">
    <tag k="local_x" v="54.0408"/>
    <tag k="local_y" v="-26.3068"/>
    <tag k="ele" v="-2.5093"/>
  </node>
  <node version="1" id="5288" lat="" lon="">
    <tag k="local_x" v="70.4236"/>
    <tag k="local_y" v="3.8284"/>
    <tag k="ele" v="-2.7174"/>
  </node>
  <node version="1" id="5290" lat="" lon="">
    <tag k="local_x" v="75.0674"/>
    <tag k="local_y" v="7.2596"/>
    <tag k="ele" v="-2.7174"/>
  </node>
  <node version="1" id="5293" lat="" lon="">
    <tag k="local_x" v="51.8742"/>
    <tag k="local_y" v="7.1892"/>
    <tag k="ele" v="-2.6882"/>
  </node>
  <node version="1" id="5294" lat="" lon="">
    <tag k="local_x" v="51.4234"/>
    <tag k="local_y" v="10.1549"/>
    <tag k="ele" v="-2.647"/>
  </node>
  <node version="1" id="5296" lat="" lon="">
    <tag k="local_x" v="51.3889"/>
    <tag k="local_y" v="10.3577"/>
    <tag k="ele" v="-0.9019"/>
  </node>
  <node version="1" id="5297" lat="" lon="">
    <tag k="local_x" v="51.2687"/>
    <tag k="local_y" v="11.1485"/>
    <tag k="ele" v="-0.8909"/>
  </node>
  <way version="1" id="12">
    <nd ref="10"/>
    <nd ref="11"/>
    <tag k="type" v="line_thin"/>
    <tag k="subtype" v="solid"/>
  </way>
  <way version="1" id="15">
    <nd ref="13"/>
    <nd ref="14"/>
    <tag k="type" v="line_thin"/>
    <tag k="subtype" v="solid"/>
  </way>
  <way version="1" id="18">
    <nd ref="11"/>
    <nd ref="17"/>
    <tag k="type" v="line_thin"/>
    <tag k="subtype" v="solid"/>
  </way>
  <way version="1" id="20">
    <nd ref="14"/>
    <nd ref="19"/>
    <tag k="type" v="line_thin"/>
    <tag k="subtype" v="solid"/>
  </way>
  <way version="1" id="23">
    <nd ref="17"/>
    <nd ref="22"/>
    <tag k="type" v="line_thin"/>
    <tag k="subtype" v="solid"/>
  </way>
  <way version="1" id="25">
    <nd ref="19"/>
    <nd ref="24"/>
    <tag k="type" v="line_thin"/>
    <tag k="subtype" v="solid"/>
  </way>
  <way version="1" id="40">
    <nd ref="38"/>
    <nd ref="39"/>
    <nd ref="45"/>
    <nd ref="47"/>
    <nd ref="49"/>
    <nd ref="51"/>
    <nd ref="53"/>
    <nd ref="55"/>
    <nd ref="57"/>
    <nd ref="59"/>
    <tag k="type" v="line_thin"/>
    <tag k="subtype" v="solid"/>
  </way>
  <way version="1" id="43">
    <nd ref="41"/>
    <nd ref="42"/>
    <nd ref="46"/>
    <nd ref="48"/>
    <nd ref="50"/>
    <nd ref="52"/>
    <nd ref="54"/>
    <nd ref="56"/>
    <nd ref="58"/>
    <nd ref="60"/>
    <tag k="type" v="line_thin"/>
    <tag k="subtype" v="solid"/>
  </way>
  <way version="1" id="82">
    <nd ref="80"/>
    <nd ref="81"/>
    <tag k="type" v="line_thin"/>
    <tag k="subtype" v="solid"/>
  </way>
  <way version="1" id="85">
    <nd ref="83"/>
    <nd ref="84"/>
    <tag k="type" v="line_thin"/>
    <tag k="subtype" v="solid"/>
  </way>
  <way version="1" id="89">
    <nd ref="87"/>
    <nd ref="88"/>
    <tag k="type" v="line_thin"/>
    <tag k="subtype" v="solid"/>
  </way>
  <way version="1" id="92">
    <nd ref="90"/>
    <nd ref="91"/>
    <tag k="type" v="line_thin"/>
    <tag k="subtype" v="solid"/>
  </way>
  <way version="1" id="94">
    <nd ref="91"/>
    <nd ref="83"/>
    <tag k="type" v="line_thin"/>
    <tag k="subtype" v="solid"/>
  </way>
  <way version="1" id="95">
    <nd ref="88"/>
    <nd ref="80"/>
    <tag k="type" v="line_thin"/>
    <tag k="subtype" v="solid"/>
  </way>
  <way version="1" id="104">
    <nd ref="84"/>
    <nd ref="102"/>
    <tag k="type" v="line_thin"/>
    <tag k="subtype" v="solid"/>
  </way>
  <way version="1" id="105">
    <nd ref="102"/>
    <nd ref="99"/>
    <tag k="type" v="line_thin"/>
    <tag k="subtype" v="solid"/>
  </way>
  <way version="1" id="106">
    <nd ref="81"/>
    <nd ref="103"/>
    <tag k="type" v="line_thin"/>
    <tag k="subtype" v="solid"/>
  </way>
  <way version="1" id="107">
    <nd ref="103"/>
    <nd ref="97"/>
    <tag k="type" v="line_thin"/>
    <tag k="subtype" v="solid"/>
  </way>
  <way version="1" id="110">
    <nd ref="97"/>
    <nd ref="109"/>
    <nd ref="114"/>
    <nd ref="116"/>
    <nd ref="118"/>
    <tag k="type" v="line_thin"/>
    <tag k="subtype" v="solid"/>
  </way>
  <way version="1" id="112">
    <nd ref="99"/>
    <nd ref="111"/>
    <nd ref="115"/>
    <nd ref="117"/>
    <nd ref="119"/>
    <tag k="type" v="line_thin"/>
    <tag k="subtype" v="solid"/>
  </way>
  <way version="1" id="135">
    <nd ref="133"/>
    <nd ref="134"/>
    <nd ref="140"/>
    <nd ref="142"/>
    <tag k="type" v="line_thin"/>
    <tag k="subtype" v="solid"/>
  </way>
  <way version="1" id="138">
    <nd ref="136"/>
    <nd ref="137"/>
    <nd ref="141"/>
    <nd ref="143"/>
    <tag k="type" v="line_thin"/>
    <tag k="subtype" v="solid"/>
  </way>
  <way version="1" id="170">
    <nd ref="142"/>
    <nd ref="169"/>
    <tag k="type" v="line_thin"/>
    <tag k="subtype" v="solid"/>
  </way>
  <way version="1" id="172">
    <nd ref="143"/>
    <nd ref="171"/>
    <tag k="type" v="line_thin"/>
    <tag k="subtype" v="solid"/>
  </way>
  <way version="1" id="185">
    <nd ref="169"/>
    <nd ref="189"/>
    <tag k="type" v="line_thin"/>
    <tag k="subtype" v="solid"/>
  </way>
  <way version="1" id="187">
    <nd ref="171"/>
    <nd ref="190"/>
    <tag k="type" v="line_thin"/>
    <tag k="subtype" v="solid"/>
  </way>
  <way version="1" id="192">
    <nd ref="189"/>
    <nd ref="191"/>
    <tag k="type" v="line_thin"/>
    <tag k="subtype" v="solid"/>
  </way>
  <way version="1" id="194">
    <nd ref="190"/>
    <nd ref="193"/>
    <tag k="type" v="line_thin"/>
    <tag k="subtype" v="solid"/>
  </way>
  <way version="1" id="197">
    <nd ref="191"/>
    <nd ref="196"/>
    <tag k="type" v="line_thin"/>
    <tag k="subtype" v="solid"/>
  </way>
  <way version="1" id="199">
    <nd ref="193"/>
    <nd ref="198"/>
    <tag k="type" v="line_thin"/>
    <tag k="subtype" v="solid"/>
  </way>
  <way version="1" id="222">
    <nd ref="205"/>
    <nd ref="208"/>
    <nd ref="209"/>
    <nd ref="210"/>
    <nd ref="211"/>
    <nd ref="212"/>
    <nd ref="213"/>
    <nd ref="214"/>
    <nd ref="90"/>
    <tag k="type" v="line_thin"/>
    <tag k="subtype" v="solid"/>
  </way>
  <way version="1" id="223">
    <nd ref="202"/>
    <nd ref="215"/>
    <nd ref="216"/>
    <nd ref="217"/>
    <nd ref="218"/>
    <nd ref="219"/>
    <nd ref="220"/>
    <nd ref="221"/>
    <nd ref="87"/>
    <tag k="type" v="line_thin"/>
    <tag k="subtype" v="solid"/>
  </way>
  <way version="1" id="227">
    <nd ref="204"/>
    <nd ref="225"/>
    <tag k="type" v="line_thin"/>
    <tag k="subtype" v="solid"/>
  </way>
  <way version="1" id="228">
    <nd ref="225"/>
    <nd ref="205"/>
    <tag k="type" v="line_thin"/>
    <tag k="subtype" v="solid"/>
  </way>
  <way version="1" id="229">
    <nd ref="201"/>
    <nd ref="226"/>
    <tag k="type" v="line_thin"/>
    <tag k="subtype" v="solid"/>
  </way>
  <way version="1" id="230">
    <nd ref="226"/>
    <nd ref="202"/>
    <tag k="type" v="line_thin"/>
    <tag k="subtype" v="solid"/>
  </way>
  <way version="1" id="234">
    <nd ref="232"/>
    <nd ref="233"/>
    <tag k="type" v="line_thin"/>
    <tag k="subtype" v="solid"/>
  </way>
  <way version="1" id="237">
    <nd ref="235"/>
    <nd ref="236"/>
    <tag k="type" v="line_thin"/>
    <tag k="subtype" v="solid"/>
  </way>
  <way version="1" id="244">
    <nd ref="242"/>
    <nd ref="243"/>
    <tag k="type" v="line_thin"/>
    <tag k="subtype" v="solid"/>
  </way>
  <way version="1" id="247">
    <nd ref="245"/>
    <nd ref="246"/>
    <tag k="type" v="line_thin"/>
    <tag k="subtype" v="solid"/>
  </way>
  <way version="1" id="267">
    <nd ref="246"/>
    <nd ref="249"/>
    <nd ref="250"/>
    <nd ref="251"/>
    <nd ref="252"/>
    <nd ref="253"/>
    <nd ref="254"/>
    <nd ref="255"/>
    <nd ref="256"/>
    <nd ref="257"/>
    <nd ref="235"/>
    <tag k="type" v="line_thin"/>
    <tag k="subtype" v="solid"/>
  </way>
  <way version="1" id="268">
    <nd ref="243"/>
    <nd ref="258"/>
    <nd ref="259"/>
    <nd ref="260"/>
    <nd ref="261"/>
    <nd ref="262"/>
    <nd ref="263"/>
    <nd ref="264"/>
    <nd ref="265"/>
    <nd ref="266"/>
    <nd ref="232"/>
    <tag k="type" v="line_thin"/>
    <tag k="subtype" v="solid"/>
  </way>
  <way version="1" id="271">
    <nd ref="196"/>
    <nd ref="270"/>
    <tag k="type" v="line_thin"/>
    <tag k="subtype" v="solid"/>
  </way>
  <way version="1" id="273">
    <nd ref="198"/>
    <nd ref="272"/>
    <tag k="type" v="line_thin"/>
    <tag k="subtype" v="solid"/>
  </way>
  <way version="1" id="284">
    <nd ref="282"/>
    <nd ref="283"/>
    <tag k="type" v="line_thin"/>
    <tag k="subtype" v="solid"/>
  </way>
  <way version="1" id="287">
    <nd ref="285"/>
    <nd ref="286"/>
    <tag k="type" v="line_thin"/>
    <tag k="subtype" v="solid"/>
  </way>
  <way version="1" id="315">
    <nd ref="286"/>
    <nd ref="289"/>
    <nd ref="290"/>
    <nd ref="291"/>
    <nd ref="292"/>
    <nd ref="293"/>
    <nd ref="294"/>
    <nd ref="295"/>
    <nd ref="296"/>
    <nd ref="297"/>
    <nd ref="298"/>
    <nd ref="299"/>
    <nd ref="300"/>
    <nd ref="301"/>
    <nd ref="204"/>
    <tag k="type" v="line_thin"/>
    <tag k="subtype" v="solid"/>
  </way>
  <way version="1" id="316">
    <nd ref="283"/>
    <nd ref="302"/>
    <nd ref="303"/>
    <nd ref="304"/>
    <nd ref="305"/>
    <nd ref="306"/>
    <nd ref="307"/>
    <nd ref="308"/>
    <nd ref="309"/>
    <nd ref="310"/>
    <nd ref="311"/>
    <nd ref="312"/>
    <nd ref="313"/>
    <nd ref="314"/>
    <nd ref="201"/>
    <tag k="type" v="line_thin"/>
    <tag k="subtype" v="solid"/>
  </way>
  <way version="1" id="320">
    <nd ref="318"/>
    <nd ref="4540"/>
    <nd ref="4539"/>
    <nd ref="4538"/>
    <nd ref="4537"/>
    <nd ref="319"/>
    <tag k="type" v="line_thin"/>
    <tag k="subtype" v="solid"/>
  </way>
  <way version="1" id="323">
    <nd ref="321"/>
    <nd ref="322"/>
    <tag k="type" v="line_thin"/>
    <tag k="subtype" v="solid"/>
  </way>
  <way version="1" id="327">
    <nd ref="325"/>
    <nd ref="326"/>
    <tag k="type" v="line_thin"/>
    <tag k="subtype" v="solid"/>
  </way>
  <way version="1" id="330">
    <nd ref="328"/>
    <nd ref="329"/>
    <tag k="type" v="line_thin"/>
    <tag k="subtype" v="solid"/>
  </way>
  <way version="1" id="367">
    <nd ref="329"/>
    <nd ref="285"/>
    <tag k="type" v="line_thin"/>
    <tag k="subtype" v="solid"/>
  </way>
  <way version="1" id="368">
    <nd ref="326"/>
    <nd ref="282"/>
    <tag k="type" v="line_thin"/>
    <tag k="subtype" v="solid"/>
  </way>
  <way version="1" id="372">
    <nd ref="370"/>
    <nd ref="371"/>
    <tag k="type" v="line_thin"/>
    <tag k="subtype" v="solid"/>
  </way>
  <way version="1" id="375">
    <nd ref="373"/>
    <nd ref="374"/>
    <tag k="type" v="line_thin"/>
    <tag k="subtype" v="solid"/>
  </way>
  <way version="1" id="389">
    <nd ref="322"/>
    <nd ref="377"/>
    <nd ref="378"/>
    <nd ref="379"/>
    <nd ref="380"/>
    <nd ref="381"/>
    <nd ref="382"/>
    <nd ref="373"/>
    <tag k="type" v="line_thin"/>
    <tag k="subtype" v="solid"/>
  </way>
  <way version="1" id="390">
    <nd ref="319"/>
    <nd ref="383"/>
    <nd ref="384"/>
    <nd ref="385"/>
    <nd ref="386"/>
    <nd ref="387"/>
    <nd ref="388"/>
    <nd ref="370"/>
    <tag k="type" v="line_thin"/>
    <tag k="subtype" v="solid"/>
  </way>
  <way version="1" id="400">
    <nd ref="374"/>
    <nd ref="392"/>
    <nd ref="393"/>
    <nd ref="394"/>
    <nd ref="395"/>
    <nd ref="328"/>
    <tag k="type" v="line_thin"/>
    <tag k="subtype" v="solid"/>
  </way>
  <way version="1" id="401">
    <nd ref="371"/>
    <nd ref="396"/>
    <nd ref="397"/>
    <nd ref="398"/>
    <nd ref="399"/>
    <nd ref="325"/>
    <tag k="type" v="line_thin"/>
    <tag k="subtype" v="solid"/>
  </way>
  <way version="1" id="405">
    <nd ref="403"/>
    <nd ref="404"/>
    <tag k="type" v="line_thin"/>
    <tag k="subtype" v="solid"/>
  </way>
  <way version="1" id="408">
    <nd ref="406"/>
    <nd ref="407"/>
    <tag k="type" v="line_thin"/>
    <tag k="subtype" v="solid"/>
  </way>
  <way version="1" id="425">
    <nd ref="423"/>
    <nd ref="424"/>
    <tag k="type" v="line_thin"/>
    <tag k="subtype" v="solid"/>
  </way>
  <way version="1" id="428">
    <nd ref="426"/>
    <nd ref="427"/>
    <tag k="type" v="line_thin"/>
    <tag k="subtype" v="solid"/>
  </way>
  <way version="1" id="447">
    <nd ref="445"/>
    <nd ref="446"/>
    <tag k="type" v="line_thin"/>
    <tag k="subtype" v="solid"/>
  </way>
  <way version="1" id="450">
    <nd ref="448"/>
    <nd ref="449"/>
    <tag k="type" v="line_thin"/>
    <tag k="subtype" v="solid"/>
  </way>
  <way version="1" id="460">
    <nd ref="449"/>
    <nd ref="452"/>
    <nd ref="453"/>
    <nd ref="454"/>
    <nd ref="455"/>
    <nd ref="321"/>
    <tag k="type" v="line_thin"/>
    <tag k="subtype" v="solid"/>
  </way>
  <way version="1" id="461">
    <nd ref="446"/>
    <nd ref="456"/>
    <nd ref="457"/>
    <nd ref="458"/>
    <nd ref="459"/>
    <nd ref="318"/>
    <tag k="type" v="line_thin"/>
    <tag k="subtype" v="solid"/>
  </way>
  <way version="1" id="476">
    <nd ref="474"/>
    <nd ref="475"/>
    <tag k="type" v="line_thin"/>
    <tag k="subtype" v="solid"/>
  </way>
  <way version="1" id="479">
    <nd ref="477"/>
    <nd ref="478"/>
    <tag k="type" v="line_thin"/>
    <tag k="subtype" v="solid"/>
  </way>
  <way version="1" id="483">
    <nd ref="481"/>
    <nd ref="482"/>
    <nd ref="488"/>
    <tag k="type" v="line_thin"/>
    <tag k="subtype" v="solid"/>
  </way>
  <way version="1" id="486">
    <nd ref="484"/>
    <nd ref="485"/>
    <nd ref="489"/>
    <tag k="type" v="line_thin"/>
    <tag k="subtype" v="solid"/>
  </way>
  <way version="1" id="490">
    <nd ref="489"/>
    <nd ref="406"/>
    <tag k="type" v="line_thin"/>
    <tag k="subtype" v="solid"/>
  </way>
  <way version="1" id="491">
    <nd ref="488"/>
    <nd ref="403"/>
    <tag k="type" v="line_thin"/>
    <tag k="subtype" v="solid"/>
  </way>
  <way version="1" id="493">
    <nd ref="478"/>
    <nd ref="484"/>
    <tag k="type" v="line_thin"/>
    <tag k="subtype" v="solid"/>
  </way>
  <way version="1" id="494">
    <nd ref="475"/>
    <nd ref="481"/>
    <tag k="type" v="line_thin"/>
    <tag k="subtype" v="solid"/>
  </way>
  <way version="1" id="504">
    <nd ref="497"/>
    <nd ref="503"/>
    <tag k="type" v="line_thin"/>
    <tag k="subtype" v="solid"/>
  </way>
  <way version="1" id="506">
    <nd ref="500"/>
    <nd ref="505"/>
    <tag k="type" v="line_thin"/>
    <tag k="subtype" v="solid"/>
  </way>
  <way version="1" id="508">
    <nd ref="505"/>
    <nd ref="477"/>
    <tag k="type" v="line_thin"/>
    <tag k="subtype" v="solid"/>
  </way>
  <way version="1" id="509">
    <nd ref="503"/>
    <nd ref="474"/>
    <tag k="type" v="line_thin"/>
    <tag k="subtype" v="solid"/>
  </way>
  <way version="1" id="513">
    <nd ref="511"/>
    <nd ref="512"/>
    <tag k="type" v="line_thin"/>
    <tag k="subtype" v="solid"/>
  </way>
  <way version="1" id="516">
    <nd ref="514"/>
    <nd ref="4523"/>
    <nd ref="4522"/>
    <nd ref="515"/>
    <tag k="type" v="line_thin"/>
    <tag k="subtype" v="solid"/>
  </way>
  <way version="1" id="550">
    <nd ref="280"/>
    <nd ref="549"/>
    <tag k="type" v="line_thin"/>
    <tag k="subtype" v="solid"/>
  </way>
  <way version="1" id="552">
    <nd ref="281"/>
    <nd ref="551"/>
    <tag k="type" v="line_thin"/>
    <tag k="subtype" v="solid"/>
  </way>
  <way version="1" id="555">
    <nd ref="549"/>
    <nd ref="554"/>
    <tag k="type" v="line_thin"/>
    <tag k="subtype" v="solid"/>
  </way>
  <way version="1" id="557">
    <nd ref="551"/>
    <nd ref="556"/>
    <tag k="type" v="line_thin"/>
    <tag k="subtype" v="solid"/>
    <tag k="lane_change" v="yes"/>
  </way>
  <way version="1" id="599">
    <nd ref="597"/>
    <nd ref="598"/>
    <nd ref="604"/>
    <nd ref="606"/>
    <nd ref="608"/>
    <nd ref="610"/>
    <nd ref="612"/>
    <tag k="type" v="line_thin"/>
    <tag k="subtype" v="solid"/>
  </way>
  <way version="1" id="602">
    <nd ref="600"/>
    <nd ref="601"/>
    <nd ref="605"/>
    <nd ref="607"/>
    <nd ref="609"/>
    <nd ref="611"/>
    <nd ref="613"/>
    <tag k="type" v="line_thin"/>
    <tag k="subtype" v="solid"/>
  </way>
  <way version="1" id="649">
    <nd ref="577"/>
    <nd ref="648"/>
    <tag k="type" v="line_thin"/>
    <tag k="subtype" v="solid"/>
  </way>
  <way version="1" id="651">
    <nd ref="579"/>
    <nd ref="650"/>
    <tag k="type" v="line_thin"/>
    <tag k="subtype" v="solid"/>
  </way>
  <way version="1" id="655">
    <nd ref="653"/>
    <nd ref="654"/>
    <nd ref="660"/>
    <nd ref="662"/>
    <tag k="type" v="line_thin"/>
    <tag k="subtype" v="solid"/>
  </way>
  <way version="1" id="658">
    <nd ref="656"/>
    <nd ref="657"/>
    <nd ref="661"/>
    <nd ref="663"/>
    <tag k="type" v="line_thin"/>
    <tag k="subtype" v="solid"/>
  </way>
  <way version="1" id="666">
    <nd ref="664"/>
    <nd ref="665"/>
    <tag k="type" v="line_thin"/>
    <tag k="subtype" v="solid"/>
  </way>
  <way version="1" id="669">
    <nd ref="667"/>
    <nd ref="668"/>
    <tag k="type" v="line_thin"/>
    <tag k="subtype" v="solid"/>
  </way>
  <way version="1" id="671">
    <nd ref="663"/>
    <nd ref="667"/>
    <tag k="type" v="line_thin"/>
    <tag k="subtype" v="solid"/>
  </way>
  <way version="1" id="672">
    <nd ref="662"/>
    <nd ref="664"/>
    <tag k="type" v="line_thin"/>
    <tag k="subtype" v="solid"/>
  </way>
  <way version="1" id="684">
    <nd ref="648"/>
    <nd ref="683"/>
    <tag k="type" v="line_thin"/>
    <tag k="subtype" v="solid"/>
  </way>
  <way version="1" id="686">
    <nd ref="650"/>
    <nd ref="685"/>
    <tag k="type" v="line_thin"/>
    <tag k="subtype" v="solid"/>
  </way>
  <way version="1" id="711">
    <nd ref="692"/>
    <nd ref="701"/>
    <tag k="type" v="line_thin"/>
    <tag k="subtype" v="solid"/>
  </way>
  <way version="1" id="712">
    <nd ref="689"/>
    <nd ref="709"/>
    <nd ref="710"/>
    <nd ref="698"/>
    <tag k="type" v="line_thin"/>
    <tag k="subtype" v="solid"/>
  </way>
  <way version="1" id="716">
    <nd ref="714"/>
    <nd ref="715"/>
    <tag k="type" v="line_thin"/>
    <tag k="subtype" v="solid"/>
  </way>
  <way version="1" id="719">
    <nd ref="717"/>
    <nd ref="718"/>
    <tag k="type" v="line_thin"/>
    <tag k="subtype" v="solid"/>
  </way>
  <way version="1" id="726">
    <nd ref="724"/>
    <nd ref="725"/>
    <nd ref="731"/>
    <nd ref="733"/>
    <nd ref="735"/>
    <nd ref="737"/>
    <tag k="type" v="line_thin"/>
    <tag k="subtype" v="solid"/>
  </way>
  <way version="1" id="729">
    <nd ref="727"/>
    <nd ref="728"/>
    <nd ref="732"/>
    <nd ref="734"/>
    <nd ref="736"/>
    <nd ref="738"/>
    <tag k="type" v="line_thin"/>
    <tag k="subtype" v="solid"/>
  </way>
  <way version="1" id="741">
    <nd ref="739"/>
    <nd ref="740"/>
    <nd ref="746"/>
    <nd ref="748"/>
    <nd ref="750"/>
    <tag k="type" v="line_thin"/>
    <tag k="subtype" v="solid"/>
  </way>
  <way version="1" id="744">
    <nd ref="742"/>
    <nd ref="743"/>
    <nd ref="747"/>
    <nd ref="749"/>
    <nd ref="751"/>
    <tag k="type" v="line_thin"/>
    <tag k="subtype" v="solid"/>
  </way>
  <way version="1" id="764">
    <nd ref="751"/>
    <nd ref="752"/>
    <nd ref="753"/>
    <nd ref="754"/>
    <nd ref="755"/>
    <nd ref="756"/>
    <nd ref="757"/>
    <nd ref="656"/>
    <tag k="type" v="line_thin"/>
    <tag k="subtype" v="solid"/>
  </way>
  <way version="1" id="765">
    <nd ref="750"/>
    <nd ref="758"/>
    <nd ref="759"/>
    <nd ref="760"/>
    <nd ref="761"/>
    <nd ref="762"/>
    <nd ref="763"/>
    <nd ref="653"/>
    <tag k="type" v="line_thin"/>
    <tag k="subtype" v="solid"/>
  </way>
  <way version="1" id="776">
    <nd ref="738"/>
    <nd ref="770"/>
    <nd ref="771"/>
    <nd ref="742"/>
    <tag k="type" v="line_thin"/>
    <tag k="subtype" v="solid"/>
  </way>
  <way version="1" id="777">
    <nd ref="737"/>
    <nd ref="773"/>
    <nd ref="774"/>
    <nd ref="739"/>
    <tag k="type" v="line_thin"/>
    <tag k="subtype" v="solid"/>
  </way>
  <way version="1" id="780">
    <nd ref="737"/>
    <nd ref="779"/>
    <nd ref="784"/>
    <nd ref="786"/>
    <nd ref="788"/>
    <nd ref="790"/>
    <nd ref="689"/>
    <tag k="type" v="line_thin"/>
    <tag k="subtype" v="solid"/>
  </way>
  <way version="1" id="782">
    <nd ref="738"/>
    <nd ref="781"/>
    <nd ref="785"/>
    <nd ref="787"/>
    <nd ref="789"/>
    <nd ref="791"/>
    <nd ref="692"/>
    <tag k="type" v="line_thin"/>
    <tag k="subtype" v="solid"/>
  </way>
  <way version="1" id="794">
    <nd ref="792"/>
    <nd ref="793"/>
    <nd ref="799"/>
    <tag k="type" v="line_thin"/>
    <tag k="subtype" v="solid"/>
  </way>
  <way version="1" id="797">
    <nd ref="795"/>
    <nd ref="796"/>
    <nd ref="800"/>
    <tag k="type" v="line_thin"/>
    <tag k="subtype" v="solid"/>
  </way>
  <way version="1" id="805">
    <nd ref="800"/>
    <nd ref="801"/>
    <nd ref="727"/>
    <tag k="type" v="line_thin"/>
    <tag k="subtype" v="solid"/>
  </way>
  <way version="1" id="806">
    <nd ref="799"/>
    <nd ref="803"/>
    <nd ref="724"/>
    <tag k="type" v="line_thin"/>
    <tag k="subtype" v="solid"/>
  </way>
  <way version="1" id="810">
    <nd ref="808"/>
    <nd ref="809"/>
    <tag k="type" v="line_thin"/>
    <tag k="subtype" v="solid"/>
  </way>
  <way version="1" id="813">
    <nd ref="811"/>
    <nd ref="812"/>
    <tag k="type" v="line_thin"/>
    <tag k="subtype" v="solid"/>
  </way>
  <way version="1" id="818">
    <nd ref="809"/>
    <nd ref="817"/>
    <tag k="type" v="line_thin"/>
    <tag k="subtype" v="solid"/>
  </way>
  <way version="1" id="820">
    <nd ref="812"/>
    <nd ref="819"/>
    <tag k="type" v="line_thin"/>
    <tag k="subtype" v="solid"/>
  </way>
  <way version="1" id="828">
    <nd ref="819"/>
    <nd ref="822"/>
    <nd ref="823"/>
    <nd ref="824"/>
    <nd ref="727"/>
    <tag k="type" v="line_thin"/>
    <tag k="subtype" v="solid"/>
  </way>
  <way version="1" id="829">
    <nd ref="817"/>
    <nd ref="825"/>
    <nd ref="826"/>
    <nd ref="827"/>
    <nd ref="724"/>
    <tag k="type" v="line_thin"/>
    <tag k="subtype" v="solid"/>
  </way>
  <way version="1" id="833">
    <nd ref="701"/>
    <nd ref="831"/>
    <tag k="type" v="line_thin"/>
    <tag k="subtype" v="solid"/>
  </way>
  <way version="1" id="834">
    <nd ref="831"/>
    <nd ref="702"/>
    <tag k="type" v="line_thin"/>
    <tag k="subtype" v="solid"/>
  </way>
  <way version="1" id="835">
    <nd ref="698"/>
    <nd ref="832"/>
    <tag k="type" v="line_thin"/>
    <tag k="subtype" v="solid"/>
  </way>
  <way version="1" id="836">
    <nd ref="832"/>
    <nd ref="699"/>
    <tag k="type" v="line_thin"/>
    <tag k="subtype" v="solid"/>
  </way>
  <way version="1" id="839">
    <nd ref="699"/>
    <nd ref="838"/>
    <nd ref="843"/>
    <nd ref="845"/>
    <tag k="type" v="line_thin"/>
    <tag k="subtype" v="solid"/>
  </way>
  <way version="1" id="841">
    <nd ref="702"/>
    <nd ref="840"/>
    <nd ref="844"/>
    <nd ref="846"/>
    <tag k="type" v="line_thin"/>
    <tag k="subtype" v="solid"/>
  </way>
  <way version="1" id="848">
    <nd ref="715"/>
    <nd ref="847"/>
    <nd ref="852"/>
    <nd ref="854"/>
    <tag k="type" v="line_thin"/>
    <tag k="subtype" v="solid"/>
  </way>
  <way version="1" id="850">
    <nd ref="718"/>
    <nd ref="849"/>
    <nd ref="853"/>
    <nd ref="855"/>
    <tag k="type" v="line_thin"/>
    <tag k="subtype" v="solid"/>
  </way>
  <way version="1" id="857">
    <nd ref="854"/>
    <nd ref="856"/>
    <tag k="type" v="line_thin"/>
    <tag k="subtype" v="solid"/>
  </way>
  <way version="1" id="859">
    <nd ref="855"/>
    <nd ref="858"/>
    <tag k="type" v="line_thin"/>
    <tag k="subtype" v="solid"/>
  </way>
  <way version="1" id="909">
    <nd ref="668"/>
    <nd ref="861"/>
    <nd ref="862"/>
    <nd ref="863"/>
    <nd ref="864"/>
    <nd ref="865"/>
    <nd ref="866"/>
    <nd ref="867"/>
    <nd ref="868"/>
    <nd ref="869"/>
    <nd ref="870"/>
    <nd ref="871"/>
    <nd ref="872"/>
    <nd ref="873"/>
    <nd ref="874"/>
    <nd ref="875"/>
    <nd ref="876"/>
    <nd ref="877"/>
    <nd ref="878"/>
    <nd ref="879"/>
    <nd ref="880"/>
    <nd ref="881"/>
    <nd ref="882"/>
    <nd ref="883"/>
    <nd ref="884"/>
    <nd ref="855"/>
    <tag k="type" v="line_thin"/>
    <tag k="subtype" v="solid"/>
  </way>
  <way version="1" id="910">
    <nd ref="665"/>
    <nd ref="885"/>
    <nd ref="886"/>
    <nd ref="887"/>
    <nd ref="888"/>
    <nd ref="889"/>
    <nd ref="890"/>
    <nd ref="891"/>
    <nd ref="892"/>
    <nd ref="893"/>
    <nd ref="894"/>
    <nd ref="895"/>
    <nd ref="896"/>
    <nd ref="897"/>
    <nd ref="898"/>
    <nd ref="899"/>
    <nd ref="900"/>
    <nd ref="901"/>
    <nd ref="902"/>
    <nd ref="903"/>
    <nd ref="904"/>
    <nd ref="905"/>
    <nd ref="906"/>
    <nd ref="907"/>
    <nd ref="908"/>
    <nd ref="854"/>
    <tag k="type" v="line_thin"/>
    <tag k="subtype" v="solid"/>
  </way>
  <way version="1" id="913">
    <nd ref="856"/>
    <nd ref="912"/>
    <tag k="type" v="line_thin"/>
    <tag k="subtype" v="solid"/>
  </way>
  <way version="1" id="915">
    <nd ref="858"/>
    <nd ref="914"/>
    <tag k="type" v="line_thin"/>
    <tag k="subtype" v="solid"/>
  </way>
  <way version="1" id="929">
    <nd ref="926"/>
    <nd ref="928"/>
    <tag k="type" v="line_thin"/>
    <tag k="subtype" v="solid"/>
  </way>
  <way version="1" id="931">
    <nd ref="927"/>
    <nd ref="930"/>
    <tag k="type" v="line_thin"/>
    <tag k="subtype" v="solid"/>
  </way>
  <way version="1" id="945">
    <nd ref="943"/>
    <nd ref="944"/>
    <tag k="type" v="line_thin"/>
    <tag k="subtype" v="solid"/>
  </way>
  <way version="1" id="948">
    <nd ref="946"/>
    <nd ref="947"/>
    <tag k="type" v="line_thin"/>
    <tag k="subtype" v="solid"/>
  </way>
  <way version="1" id="1621">
    <nd ref="944"/>
    <nd ref="1620"/>
    <tag k="type" v="line_thin"/>
    <tag k="subtype" v="solid"/>
  </way>
  <way version="1" id="1623">
    <nd ref="947"/>
    <nd ref="1622"/>
    <tag k="type" v="line_thin"/>
    <tag k="subtype" v="solid"/>
  </way>
  <way version="1" id="1626">
    <nd ref="1620"/>
    <nd ref="1625"/>
    <nd ref="1630"/>
    <nd ref="1632"/>
    <nd ref="1634"/>
    <nd ref="1636"/>
    <nd ref="1638"/>
    <tag k="type" v="line_thin"/>
    <tag k="subtype" v="solid"/>
  </way>
  <way version="1" id="1628">
    <nd ref="1622"/>
    <nd ref="1627"/>
    <nd ref="1631"/>
    <nd ref="1633"/>
    <nd ref="1635"/>
    <nd ref="1637"/>
    <nd ref="1639"/>
    <tag k="type" v="line_thin"/>
    <tag k="subtype" v="solid"/>
  </way>
  <way version="1" id="1640">
    <nd ref="1639"/>
    <nd ref="600"/>
    <tag k="type" v="line_thin"/>
    <tag k="subtype" v="solid"/>
  </way>
  <way version="1" id="1641">
    <nd ref="1638"/>
    <nd ref="597"/>
    <tag k="type" v="line_thin"/>
    <tag k="subtype" v="solid"/>
  </way>
  <way version="1" id="1891">
    <nd ref="1889"/>
    <nd ref="1890"/>
    <tag k="type" v="line_thin"/>
    <tag k="subtype" v="solid"/>
  </way>
  <way version="1" id="1894">
    <nd ref="1892"/>
    <nd ref="1893"/>
    <tag k="type" v="line_thin"/>
    <tag k="subtype" v="solid"/>
  </way>
  <way version="1" id="2071">
    <nd ref="1893"/>
    <nd ref="2065"/>
    <nd ref="2066"/>
    <nd ref="2067"/>
    <nd ref="630"/>
    <tag k="type" v="line_thin"/>
    <tag k="subtype" v="solid"/>
  </way>
  <way version="1" id="2072">
    <nd ref="1890"/>
    <nd ref="2068"/>
    <nd ref="2069"/>
    <nd ref="2070"/>
    <nd ref="629"/>
    <tag k="type" v="line_thin"/>
    <tag k="subtype" v="solid"/>
  </way>
  <way version="1" id="2076">
    <nd ref="613"/>
    <nd ref="616"/>
    <nd ref="620"/>
    <nd ref="622"/>
    <nd ref="624"/>
    <nd ref="626"/>
    <nd ref="628"/>
    <nd ref="2074"/>
    <tag k="type" v="line_thin"/>
    <tag k="subtype" v="solid"/>
  </way>
  <way version="1" id="2077">
    <nd ref="2074"/>
    <nd ref="630"/>
    <tag k="type" v="line_thin"/>
    <tag k="subtype" v="solid"/>
  </way>
  <way version="1" id="2078">
    <nd ref="612"/>
    <nd ref="614"/>
    <nd ref="619"/>
    <nd ref="621"/>
    <nd ref="623"/>
    <nd ref="625"/>
    <nd ref="627"/>
    <nd ref="2075"/>
    <tag k="type" v="line_thin"/>
    <tag k="subtype" v="solid"/>
  </way>
  <way version="1" id="2079">
    <nd ref="2075"/>
    <nd ref="629"/>
    <tag k="type" v="line_thin"/>
    <tag k="subtype" v="solid"/>
  </way>
  <way version="1" id="2083">
    <nd ref="2081"/>
    <nd ref="2082"/>
    <tag k="type" v="line_thin"/>
    <tag k="subtype" v="solid"/>
  </way>
  <way version="1" id="2086">
    <nd ref="2084"/>
    <nd ref="2085"/>
    <tag k="type" v="line_thin"/>
    <tag k="subtype" v="solid"/>
  </way>
  <way version="1" id="2102">
    <nd ref="2074"/>
    <nd ref="2088"/>
    <nd ref="2089"/>
    <nd ref="2090"/>
    <nd ref="2091"/>
    <nd ref="2092"/>
    <nd ref="2093"/>
    <nd ref="2094"/>
    <nd ref="2084"/>
    <tag k="type" v="line_thin"/>
    <tag k="subtype" v="solid"/>
  </way>
  <way version="1" id="2103">
    <nd ref="2075"/>
    <nd ref="2095"/>
    <nd ref="2096"/>
    <nd ref="2097"/>
    <nd ref="2098"/>
    <nd ref="2099"/>
    <nd ref="2100"/>
    <nd ref="2101"/>
    <nd ref="2081"/>
    <tag k="type" v="line_thin"/>
    <tag k="subtype" v="solid"/>
  </way>
  <way version="1" id="2107">
    <nd ref="2105"/>
    <nd ref="2106"/>
    <tag k="type" v="line_thin"/>
    <tag k="subtype" v="solid"/>
  </way>
  <way version="1" id="2110">
    <nd ref="2108"/>
    <nd ref="2109"/>
    <tag k="type" v="line_thin"/>
    <tag k="subtype" v="solid"/>
  </way>
  <way version="1" id="2114">
    <nd ref="2112"/>
    <nd ref="2113"/>
    <tag k="type" v="line_thin"/>
    <tag k="subtype" v="solid"/>
  </way>
  <way version="1" id="2117">
    <nd ref="2115"/>
    <nd ref="2116"/>
    <tag k="type" v="line_thin"/>
    <tag k="subtype" v="solid"/>
  </way>
  <way version="1" id="2127">
    <nd ref="2116"/>
    <nd ref="2119"/>
    <nd ref="2120"/>
    <nd ref="2121"/>
    <nd ref="2122"/>
    <nd ref="505"/>
    <tag k="type" v="line_thin"/>
    <tag k="subtype" v="solid"/>
  </way>
  <way version="1" id="2128">
    <nd ref="2113"/>
    <nd ref="2123"/>
    <nd ref="2124"/>
    <nd ref="2125"/>
    <nd ref="2126"/>
    <nd ref="503"/>
    <tag k="type" v="line_thin"/>
    <tag k="subtype" v="solid"/>
  </way>
  <way version="1" id="2142">
    <nd ref="500"/>
    <nd ref="2130"/>
    <nd ref="2131"/>
    <nd ref="2132"/>
    <nd ref="2133"/>
    <nd ref="2134"/>
    <nd ref="2135"/>
    <nd ref="2108"/>
    <tag k="type" v="line_thin"/>
    <tag k="subtype" v="solid"/>
  </way>
  <way version="1" id="2143">
    <nd ref="497"/>
    <nd ref="2136"/>
    <nd ref="2137"/>
    <nd ref="2138"/>
    <nd ref="2139"/>
    <nd ref="2140"/>
    <nd ref="2141"/>
    <nd ref="2105"/>
    <tag k="type" v="line_thin"/>
    <tag k="subtype" v="solid"/>
  </way>
  <way version="1" id="2147">
    <nd ref="2145"/>
    <nd ref="2146"/>
    <tag k="type" v="line_thin"/>
    <tag k="subtype" v="solid"/>
  </way>
  <way version="1" id="2150">
    <nd ref="2148"/>
    <nd ref="2149"/>
    <tag k="type" v="line_thin"/>
    <tag k="subtype" v="solid"/>
  </way>
  <way version="1" id="2169">
    <nd ref="2160"/>
    <nd ref="2154"/>
    <nd ref="2167"/>
    <tag k="type" v="line_thin"/>
    <tag k="subtype" v="solid"/>
  </way>
  <way version="1" id="2170">
    <nd ref="2167"/>
    <nd ref="2158"/>
    <tag k="type" v="line_thin"/>
    <tag k="subtype" v="solid"/>
  </way>
  <way version="1" id="2171">
    <nd ref="2161"/>
    <nd ref="2152"/>
    <nd ref="2168"/>
    <tag k="type" v="line_thin"/>
    <tag k="subtype" v="solid"/>
  </way>
  <way version="1" id="2172">
    <nd ref="2168"/>
    <nd ref="2157"/>
    <tag k="type" v="line_thin"/>
    <tag k="subtype" v="solid"/>
  </way>
  <way version="1" id="2176">
    <nd ref="2149"/>
    <nd ref="2174"/>
    <tag k="type" v="line_thin"/>
    <tag k="subtype" v="solid"/>
  </way>
  <way version="1" id="2177">
    <nd ref="2174"/>
    <nd ref="2160"/>
    <tag k="type" v="line_thin"/>
    <tag k="subtype" v="solid"/>
  </way>
  <way version="1" id="2178">
    <nd ref="2146"/>
    <nd ref="2175"/>
    <tag k="type" v="line_thin"/>
    <tag k="subtype" v="solid"/>
  </way>
  <way version="1" id="2179">
    <nd ref="2175"/>
    <nd ref="2161"/>
    <tag k="type" v="line_thin"/>
    <tag k="subtype" v="solid"/>
  </way>
  <way version="1" id="2183">
    <nd ref="2181"/>
    <nd ref="2182"/>
    <tag k="type" v="line_thin"/>
    <tag k="subtype" v="solid"/>
  </way>
  <way version="1" id="2186">
    <nd ref="2184"/>
    <nd ref="2185"/>
    <tag k="type" v="line_thin"/>
    <tag k="subtype" v="solid"/>
  </way>
  <way version="1" id="2190">
    <nd ref="2188"/>
    <nd ref="2189"/>
    <tag k="type" v="line_thin"/>
    <tag k="subtype" v="solid"/>
  </way>
  <way version="1" id="2193">
    <nd ref="2191"/>
    <nd ref="2192"/>
    <tag k="type" v="line_thin"/>
    <tag k="subtype" v="solid"/>
  </way>
  <way version="1" id="2203">
    <nd ref="2192"/>
    <nd ref="2197"/>
    <nd ref="2198"/>
    <nd ref="2199"/>
    <nd ref="2174"/>
    <tag k="type" v="line_thin"/>
    <tag k="subtype" v="solid"/>
  </way>
  <way version="1" id="2204">
    <nd ref="2189"/>
    <nd ref="2200"/>
    <nd ref="2201"/>
    <nd ref="2202"/>
    <nd ref="2175"/>
    <tag k="type" v="line_thin"/>
    <tag k="subtype" v="solid"/>
  </way>
  <way version="1" id="2222">
    <nd ref="2192"/>
    <nd ref="2206"/>
    <nd ref="2207"/>
    <nd ref="2208"/>
    <nd ref="2209"/>
    <nd ref="2210"/>
    <nd ref="2211"/>
    <nd ref="2212"/>
    <nd ref="2213"/>
    <nd ref="235"/>
    <tag k="type" v="line_thin"/>
    <tag k="subtype" v="solid"/>
  </way>
  <way version="1" id="2223">
    <nd ref="2189"/>
    <nd ref="2214"/>
    <nd ref="2215"/>
    <nd ref="2216"/>
    <nd ref="2217"/>
    <nd ref="2218"/>
    <nd ref="2219"/>
    <nd ref="2220"/>
    <nd ref="2221"/>
    <nd ref="232"/>
    <tag k="type" v="line_thin"/>
    <tag k="subtype" v="solid"/>
  </way>
  <way version="1" id="2235">
    <nd ref="2149"/>
    <nd ref="2225"/>
    <nd ref="2226"/>
    <nd ref="2227"/>
    <nd ref="2228"/>
    <nd ref="2229"/>
    <nd ref="2184"/>
    <tag k="type" v="line_thin"/>
    <tag k="subtype" v="solid"/>
  </way>
  <way version="1" id="2236">
    <nd ref="2146"/>
    <nd ref="2230"/>
    <nd ref="2231"/>
    <nd ref="2232"/>
    <nd ref="2233"/>
    <nd ref="2234"/>
    <nd ref="2181"/>
    <tag k="type" v="line_thin"/>
    <tag k="subtype" v="solid"/>
  </way>
  <way version="1" id="2259">
    <nd ref="205"/>
    <nd ref="2257"/>
    <tag k="type" v="line_thin"/>
    <tag k="subtype" v="solid"/>
  </way>
  <way version="1" id="2260">
    <nd ref="2257"/>
    <nd ref="235"/>
    <tag k="type" v="line_thin"/>
    <tag k="subtype" v="solid"/>
  </way>
  <way version="1" id="2261">
    <nd ref="202"/>
    <nd ref="2258"/>
    <tag k="type" v="line_thin"/>
    <tag k="subtype" v="solid"/>
  </way>
  <way version="1" id="2262">
    <nd ref="2258"/>
    <nd ref="232"/>
    <tag k="type" v="line_thin"/>
    <tag k="subtype" v="solid"/>
  </way>
  <way version="1" id="2276">
    <nd ref="2257"/>
    <nd ref="2264"/>
    <nd ref="2265"/>
    <nd ref="2266"/>
    <nd ref="2267"/>
    <nd ref="2268"/>
    <nd ref="2269"/>
    <nd ref="2184"/>
    <tag k="type" v="line_thin"/>
    <tag k="subtype" v="solid"/>
  </way>
  <way version="1" id="2277">
    <nd ref="2258"/>
    <nd ref="2270"/>
    <nd ref="2271"/>
    <nd ref="2272"/>
    <nd ref="2273"/>
    <nd ref="2274"/>
    <nd ref="2275"/>
    <nd ref="2181"/>
    <tag k="type" v="line_thin"/>
    <tag k="subtype" v="solid"/>
  </way>
  <way version="1" id="2281">
    <nd ref="2279"/>
    <nd ref="2280"/>
    <tag k="type" v="line_thin"/>
    <tag k="subtype" v="solid"/>
  </way>
  <way version="1" id="2284">
    <nd ref="2282"/>
    <nd ref="2283"/>
    <tag k="type" v="line_thin"/>
    <tag k="subtype" v="solid"/>
  </way>
  <way version="1" id="2314">
    <nd ref="2158"/>
    <nd ref="2286"/>
    <nd ref="2287"/>
    <nd ref="2288"/>
    <nd ref="2289"/>
    <nd ref="2290"/>
    <nd ref="2291"/>
    <nd ref="2292"/>
    <nd ref="2293"/>
    <nd ref="2294"/>
    <nd ref="2295"/>
    <nd ref="2296"/>
    <nd ref="2297"/>
    <nd ref="2298"/>
    <nd ref="2299"/>
    <nd ref="2282"/>
    <tag k="type" v="line_thin"/>
    <tag k="subtype" v="solid"/>
  </way>
  <way version="1" id="2315">
    <nd ref="2157"/>
    <nd ref="2300"/>
    <nd ref="2301"/>
    <nd ref="2302"/>
    <nd ref="2303"/>
    <nd ref="2304"/>
    <nd ref="2305"/>
    <nd ref="2306"/>
    <nd ref="2307"/>
    <nd ref="2308"/>
    <nd ref="2309"/>
    <nd ref="2310"/>
    <nd ref="2311"/>
    <nd ref="2312"/>
    <nd ref="2313"/>
    <nd ref="2279"/>
    <tag k="type" v="line_thin"/>
    <tag k="subtype" v="solid"/>
  </way>
  <way version="1" id="2318">
    <nd ref="2280"/>
    <nd ref="2317"/>
    <nd ref="2322"/>
    <nd ref="2324"/>
    <tag k="type" v="line_thin"/>
    <tag k="subtype" v="solid"/>
  </way>
  <way version="1" id="2320">
    <nd ref="2283"/>
    <nd ref="2319"/>
    <nd ref="2323"/>
    <nd ref="2325"/>
    <tag k="type" v="line_thin"/>
    <tag k="subtype" v="solid"/>
  </way>
  <way version="1" id="2328">
    <nd ref="2326"/>
    <nd ref="2327"/>
    <tag k="type" v="line_thin"/>
    <tag k="subtype" v="solid"/>
  </way>
  <way version="1" id="2331">
    <nd ref="2329"/>
    <nd ref="2330"/>
    <tag k="type" v="line_thin"/>
    <tag k="subtype" v="solid"/>
  </way>
  <way version="1" id="2343">
    <nd ref="2325"/>
    <nd ref="2333"/>
    <nd ref="2334"/>
    <nd ref="2335"/>
    <nd ref="2336"/>
    <nd ref="2337"/>
    <nd ref="2329"/>
    <tag k="type" v="line_thin"/>
    <tag k="subtype" v="solid"/>
  </way>
  <way version="1" id="2344">
    <nd ref="2324"/>
    <nd ref="2338"/>
    <nd ref="2339"/>
    <nd ref="2340"/>
    <nd ref="2341"/>
    <nd ref="2342"/>
    <nd ref="2326"/>
    <tag k="type" v="line_thin"/>
    <tag k="subtype" v="solid"/>
  </way>
  <way version="1" id="2348">
    <nd ref="2346"/>
    <nd ref="2347"/>
    <tag k="type" v="line_thin"/>
    <tag k="subtype" v="solid"/>
  </way>
  <way version="1" id="2351">
    <nd ref="2349"/>
    <nd ref="2350"/>
    <tag k="type" v="line_thin"/>
    <tag k="subtype" v="solid"/>
  </way>
  <way version="1" id="2367">
    <nd ref="2330"/>
    <nd ref="2353"/>
    <nd ref="2354"/>
    <nd ref="2355"/>
    <nd ref="2356"/>
    <nd ref="2357"/>
    <nd ref="2358"/>
    <nd ref="2359"/>
    <nd ref="2349"/>
    <tag k="type" v="line_thin"/>
    <tag k="subtype" v="solid"/>
  </way>
  <way version="1" id="2368">
    <nd ref="2327"/>
    <nd ref="2360"/>
    <nd ref="2361"/>
    <nd ref="2362"/>
    <nd ref="2363"/>
    <nd ref="2364"/>
    <nd ref="2365"/>
    <nd ref="2366"/>
    <nd ref="2346"/>
    <tag k="type" v="line_thin"/>
    <tag k="subtype" v="solid"/>
  </way>
  <way version="1" id="2384">
    <nd ref="2350"/>
    <nd ref="2370"/>
    <nd ref="2371"/>
    <nd ref="2372"/>
    <nd ref="2373"/>
    <nd ref="2374"/>
    <nd ref="2375"/>
    <nd ref="2376"/>
    <nd ref="426"/>
    <tag k="type" v="line_thin"/>
    <tag k="subtype" v="solid"/>
  </way>
  <way version="1" id="2385">
    <nd ref="2347"/>
    <nd ref="2377"/>
    <nd ref="2378"/>
    <nd ref="2379"/>
    <nd ref="2380"/>
    <nd ref="2381"/>
    <nd ref="2382"/>
    <nd ref="2383"/>
    <nd ref="423"/>
    <tag k="type" v="line_thin"/>
    <tag k="subtype" v="solid"/>
  </way>
  <way version="1" id="2387">
    <nd ref="407"/>
    <nd ref="321"/>
    <tag k="type" v="line_thin"/>
    <tag k="subtype" v="solid"/>
  </way>
  <way version="1" id="2388">
    <nd ref="404"/>
    <nd ref="318"/>
    <tag k="type" v="line_thin"/>
    <tag k="subtype" v="solid"/>
  </way>
  <way version="1" id="2391">
    <nd ref="2347"/>
    <nd ref="2390"/>
    <tag k="type" v="line_thin"/>
    <tag k="subtype" v="solid"/>
  </way>
  <way version="1" id="2393">
    <nd ref="2350"/>
    <nd ref="2392"/>
    <tag k="type" v="line_thin"/>
    <tag k="subtype" v="solid"/>
  </way>
  <way version="1" id="2396">
    <nd ref="2390"/>
    <nd ref="2395"/>
    <tag k="type" v="line_thin"/>
    <tag k="subtype" v="solid"/>
  </way>
  <way version="1" id="2398">
    <nd ref="2392"/>
    <nd ref="2397"/>
    <tag k="type" v="line_thin"/>
    <tag k="subtype" v="solid"/>
  </way>
  <way version="1" id="2401">
    <nd ref="2395"/>
    <nd ref="2400"/>
    <tag k="type" v="line_thin"/>
    <tag k="subtype" v="solid"/>
  </way>
  <way version="1" id="2403">
    <nd ref="2397"/>
    <nd ref="2402"/>
    <tag k="type" v="line_thin"/>
    <tag k="subtype" v="solid"/>
  </way>
  <way version="1" id="2415">
    <nd ref="449"/>
    <nd ref="2405"/>
    <nd ref="2406"/>
    <nd ref="2407"/>
    <nd ref="2408"/>
    <nd ref="2409"/>
    <nd ref="2392"/>
    <tag k="type" v="line_thin"/>
    <tag k="subtype" v="solid"/>
  </way>
  <way version="1" id="2416">
    <nd ref="446"/>
    <nd ref="2410"/>
    <nd ref="2411"/>
    <nd ref="2412"/>
    <nd ref="2413"/>
    <nd ref="2414"/>
    <nd ref="2390"/>
    <tag k="type" v="line_thin"/>
    <tag k="subtype" v="solid"/>
  </way>
  <way version="1" id="2426">
    <nd ref="407"/>
    <nd ref="2418"/>
    <nd ref="2419"/>
    <nd ref="2420"/>
    <nd ref="2421"/>
    <nd ref="426"/>
    <tag k="type" v="line_thin"/>
    <tag k="subtype" v="solid"/>
  </way>
  <way version="1" id="2427">
    <nd ref="404"/>
    <nd ref="2422"/>
    <nd ref="2423"/>
    <nd ref="2424"/>
    <nd ref="2425"/>
    <nd ref="423"/>
    <tag k="type" v="line_thin"/>
    <tag k="subtype" v="solid"/>
  </way>
  <way version="1" id="2430">
    <nd ref="2400"/>
    <nd ref="2429"/>
    <nd ref="2434"/>
    <nd ref="2436"/>
    <nd ref="2438"/>
    <nd ref="2440"/>
    <tag k="type" v="line_thin"/>
    <tag k="subtype" v="solid"/>
  </way>
  <way version="1" id="2432">
    <nd ref="2402"/>
    <nd ref="2431"/>
    <nd ref="2435"/>
    <nd ref="2437"/>
    <nd ref="2439"/>
    <nd ref="2441"/>
    <tag k="type" v="line_thin"/>
    <tag k="subtype" v="solid"/>
  </way>
  <way version="1" id="2443">
    <nd ref="2440"/>
    <nd ref="2442"/>
    <tag k="type" v="line_thin"/>
    <tag k="subtype" v="solid"/>
  </way>
  <way version="1" id="2445">
    <nd ref="2441"/>
    <nd ref="2444"/>
    <tag k="type" v="line_thin"/>
    <tag k="subtype" v="solid"/>
  </way>
  <way version="1" id="2449">
    <nd ref="556"/>
    <nd ref="2447"/>
    <tag k="type" v="line_thin"/>
    <tag k="subtype" v="solid"/>
  </way>
  <way version="1" id="2450">
    <nd ref="2447"/>
    <nd ref="579"/>
    <tag k="type" v="line_thin"/>
    <tag k="subtype" v="solid"/>
  </way>
  <way version="1" id="2451">
    <nd ref="554"/>
    <nd ref="2448"/>
    <tag k="type" v="line_thin"/>
    <tag k="subtype" v="solid"/>
  </way>
  <way version="1" id="2452">
    <nd ref="2448"/>
    <nd ref="577"/>
    <tag k="type" v="line_thin"/>
    <tag k="subtype" v="solid"/>
  </way>
  <way version="1" id="2454">
    <nd ref="630"/>
    <nd ref="631"/>
    <nd ref="632"/>
    <nd ref="633"/>
    <nd ref="634"/>
    <nd ref="635"/>
    <nd ref="636"/>
    <nd ref="637"/>
    <nd ref="499"/>
    <nd ref="500"/>
    <tag k="type" v="line_thin"/>
    <tag k="subtype" v="solid"/>
  </way>
  <way version="1" id="2455">
    <nd ref="629"/>
    <nd ref="638"/>
    <nd ref="639"/>
    <nd ref="640"/>
    <nd ref="641"/>
    <nd ref="642"/>
    <nd ref="643"/>
    <nd ref="644"/>
    <nd ref="496"/>
    <nd ref="497"/>
    <tag k="type" v="line_thin"/>
    <tag k="subtype" v="solid"/>
  </way>
  <way version="1" id="2457">
    <nd ref="2442"/>
    <nd ref="2456"/>
    <tag k="type" v="line_thin"/>
    <tag k="subtype" v="solid"/>
  </way>
  <way version="1" id="2459">
    <nd ref="2444"/>
    <nd ref="2458"/>
    <tag k="type" v="line_thin"/>
    <tag k="subtype" v="solid"/>
  </way>
  <way version="1" id="2473">
    <nd ref="2458"/>
    <nd ref="2461"/>
    <nd ref="2462"/>
    <nd ref="2463"/>
    <nd ref="2464"/>
    <nd ref="2465"/>
    <nd ref="2466"/>
    <nd ref="2084"/>
    <tag k="type" v="line_thin"/>
    <tag k="subtype" v="solid"/>
  </way>
  <way version="1" id="2474">
    <nd ref="2456"/>
    <nd ref="2467"/>
    <nd ref="2468"/>
    <nd ref="2469"/>
    <nd ref="2470"/>
    <nd ref="2471"/>
    <nd ref="2472"/>
    <nd ref="2081"/>
    <tag k="type" v="line_thin"/>
    <tag k="subtype" v="solid"/>
  </way>
  <way version="1" id="2477">
    <nd ref="2456"/>
    <nd ref="2476"/>
    <tag k="type" v="line_thin"/>
    <tag k="subtype" v="solid"/>
  </way>
  <way version="1" id="2479">
    <nd ref="2458"/>
    <nd ref="2478"/>
    <tag k="type" v="line_thin"/>
    <tag k="subtype" v="solid"/>
  </way>
  <way version="1" id="2482">
    <nd ref="2476"/>
    <nd ref="2481"/>
    <nd ref="2486"/>
    <nd ref="2488"/>
    <nd ref="2490"/>
    <nd ref="2492"/>
    <nd ref="2494"/>
    <nd ref="2496"/>
    <tag k="type" v="line_thin"/>
    <tag k="subtype" v="solid"/>
  </way>
  <way version="1" id="2484">
    <nd ref="2478"/>
    <nd ref="2483"/>
    <nd ref="2487"/>
    <nd ref="2489"/>
    <nd ref="2491"/>
    <nd ref="2493"/>
    <nd ref="2495"/>
    <nd ref="2497"/>
    <tag k="type" v="line_thin"/>
    <tag k="subtype" v="solid"/>
  </way>
  <way version="1" id="2512">
    <nd ref="1893"/>
    <nd ref="2498"/>
    <nd ref="2499"/>
    <nd ref="2500"/>
    <nd ref="2501"/>
    <nd ref="2502"/>
    <nd ref="2503"/>
    <nd ref="2504"/>
    <nd ref="2478"/>
    <tag k="type" v="line_thin"/>
    <tag k="subtype" v="solid"/>
  </way>
  <way version="1" id="2513">
    <nd ref="1890"/>
    <nd ref="2505"/>
    <nd ref="2506"/>
    <nd ref="2507"/>
    <nd ref="2508"/>
    <nd ref="2509"/>
    <nd ref="2510"/>
    <nd ref="2511"/>
    <nd ref="2476"/>
    <tag k="type" v="line_thin"/>
    <tag k="subtype" v="solid"/>
  </way>
  <way version="1" id="2517">
    <nd ref="2515"/>
    <nd ref="2516"/>
    <tag k="type" v="line_thin"/>
    <tag k="subtype" v="solid"/>
  </way>
  <way version="1" id="2520">
    <nd ref="2518"/>
    <nd ref="2519"/>
    <tag k="type" v="line_thin"/>
    <tag k="subtype" v="solid"/>
  </way>
  <way version="1" id="2557">
    <nd ref="2516"/>
    <nd ref="2556"/>
    <nd ref="2561"/>
    <nd ref="2563"/>
    <nd ref="2565"/>
    <nd ref="2567"/>
    <tag k="type" v="line_thin"/>
    <tag k="subtype" v="solid"/>
  </way>
  <way version="1" id="2559">
    <nd ref="2519"/>
    <nd ref="2558"/>
    <nd ref="2562"/>
    <nd ref="2564"/>
    <nd ref="2566"/>
    <nd ref="2568"/>
    <tag k="type" v="line_thin"/>
    <tag k="subtype" v="solid"/>
  </way>
  <way version="1" id="2570">
    <nd ref="2567"/>
    <nd ref="2569"/>
    <nd ref="2574"/>
    <nd ref="2576"/>
    <nd ref="2578"/>
    <nd ref="2580"/>
    <nd ref="2582"/>
    <tag k="type" v="line_thin"/>
    <tag k="subtype" v="solid"/>
  </way>
  <way version="1" id="2572">
    <nd ref="2568"/>
    <nd ref="2571"/>
    <nd ref="2575"/>
    <nd ref="2577"/>
    <nd ref="2579"/>
    <nd ref="2581"/>
    <nd ref="2583"/>
    <tag k="type" v="line_thin"/>
    <tag k="subtype" v="solid"/>
  </way>
  <way version="1" id="2586">
    <nd ref="2584"/>
    <nd ref="2585"/>
    <tag k="type" v="stop_line"/>
    <tag k="subtype" v="solid"/>
  </way>
  <way version="1" id="2589">
    <nd ref="2587"/>
    <nd ref="2588"/>
    <tag k="type" v="traffic_sign"/>
    <tag k="subtype" v="stop_sign"/>
  </way>
  <way version="1" id="2606">
    <nd ref="2604"/>
    <nd ref="2605"/>
    <tag k="type" v="line_thin"/>
    <tag k="subtype" v="solid"/>
  </way>
  <way version="1" id="2609">
    <nd ref="2607"/>
    <nd ref="2608"/>
    <tag k="type" v="line_thin"/>
    <tag k="subtype" v="solid"/>
  </way>
  <way version="1" id="2613">
    <nd ref="2611"/>
    <nd ref="2612"/>
    <nd ref="2618"/>
    <tag k="type" v="line_thin"/>
    <tag k="subtype" v="solid"/>
  </way>
  <way version="1" id="2616">
    <nd ref="2614"/>
    <nd ref="2615"/>
    <nd ref="2619"/>
    <tag k="type" v="line_thin"/>
    <tag k="subtype" v="solid"/>
  </way>
  <way version="1" id="2622">
    <nd ref="2620"/>
    <nd ref="2621"/>
    <tag k="type" v="line_thin"/>
    <tag k="subtype" v="solid"/>
  </way>
  <way version="1" id="2625">
    <nd ref="2623"/>
    <nd ref="2624"/>
    <tag k="type" v="line_thin"/>
    <tag k="subtype" v="solid"/>
  </way>
  <way version="1" id="2641">
    <nd ref="2639"/>
    <nd ref="2640"/>
    <nd ref="2646"/>
    <nd ref="2648"/>
    <tag k="type" v="line_thin"/>
    <tag k="subtype" v="solid"/>
  </way>
  <way version="1" id="2644">
    <nd ref="2642"/>
    <nd ref="2643"/>
    <nd ref="2647"/>
    <nd ref="2649"/>
    <tag k="type" v="line_thin"/>
    <tag k="subtype" v="solid"/>
  </way>
  <way version="1" id="2658">
    <nd ref="845"/>
    <nd ref="2657"/>
    <nd ref="2662"/>
    <nd ref="2639"/>
    <tag k="type" v="line_thin"/>
    <tag k="subtype" v="solid"/>
  </way>
  <way version="1" id="2660">
    <nd ref="846"/>
    <nd ref="2659"/>
    <nd ref="2663"/>
    <nd ref="2642"/>
    <tag k="type" v="line_thin"/>
    <tag k="subtype" v="solid"/>
  </way>
  <way version="1" id="2672">
    <nd ref="845"/>
    <nd ref="2671"/>
    <nd ref="2676"/>
    <nd ref="2678"/>
    <nd ref="2680"/>
    <tag k="type" v="line_thin"/>
    <tag k="subtype" v="solid"/>
  </way>
  <way version="1" id="2674">
    <nd ref="846"/>
    <nd ref="2673"/>
    <nd ref="2677"/>
    <nd ref="2679"/>
    <nd ref="2681"/>
    <tag k="type" v="line_thin"/>
    <tag k="subtype" v="solid"/>
  </way>
  <way version="1" id="2693">
    <nd ref="2691"/>
    <nd ref="2692"/>
    <tag k="type" v="line_thin"/>
    <tag k="subtype" v="solid"/>
  </way>
  <way version="1" id="2696">
    <nd ref="2694"/>
    <nd ref="2695"/>
    <tag k="type" v="line_thin"/>
    <tag k="subtype" v="solid"/>
  </way>
  <way version="1" id="4039">
    <nd ref="2708"/>
    <nd ref="4031"/>
    <nd ref="4034"/>
    <nd ref="846"/>
    <tag k="type" v="line_thin"/>
    <tag k="subtype" v="solid"/>
  </way>
  <way version="1" id="4040">
    <nd ref="2707"/>
    <nd ref="4037"/>
    <nd ref="4038"/>
    <nd ref="845"/>
    <tag k="type" v="line_thin"/>
    <tag k="subtype" v="solid"/>
  </way>
  <way version="1" id="4044">
    <nd ref="4042"/>
    <nd ref="4043"/>
    <nd ref="4049"/>
    <nd ref="4051"/>
    <nd ref="2682"/>
    <tag k="type" v="line_thin"/>
    <tag k="subtype" v="solid"/>
  </way>
  <way version="1" id="4047">
    <nd ref="4045"/>
    <nd ref="4046"/>
    <nd ref="4050"/>
    <nd ref="4052"/>
    <nd ref="2685"/>
    <tag k="type" v="line_thin"/>
    <tag k="subtype" v="solid"/>
  </way>
  <way version="1" id="4088">
    <nd ref="4056"/>
    <nd ref="4057"/>
    <nd ref="4061"/>
    <nd ref="4063"/>
    <nd ref="4065"/>
    <nd ref="4067"/>
    <nd ref="4069"/>
    <nd ref="4071"/>
    <nd ref="4086"/>
    <tag k="type" v="line_thin"/>
    <tag k="subtype" v="solid"/>
  </way>
  <way version="1" id="4089">
    <nd ref="4086"/>
    <nd ref="4073"/>
    <tag k="type" v="line_thin"/>
    <tag k="subtype" v="solid"/>
  </way>
  <way version="1" id="4090">
    <nd ref="4053"/>
    <nd ref="4054"/>
    <nd ref="4060"/>
    <nd ref="4062"/>
    <nd ref="4064"/>
    <nd ref="4066"/>
    <nd ref="4068"/>
    <nd ref="4070"/>
    <nd ref="4087"/>
    <tag k="type" v="line_thin"/>
    <tag k="subtype" v="solid"/>
  </way>
  <way version="1" id="4091">
    <nd ref="4087"/>
    <nd ref="4072"/>
    <tag k="type" v="line_thin"/>
    <tag k="subtype" v="solid"/>
  </way>
  <way version="1" id="4110">
    <nd ref="4108"/>
    <nd ref="4109"/>
    <nd ref="4115"/>
    <nd ref="4117"/>
    <tag k="type" v="line_thin"/>
    <tag k="subtype" v="solid"/>
  </way>
  <way version="1" id="4113">
    <nd ref="4111"/>
    <nd ref="4112"/>
    <nd ref="4116"/>
    <nd ref="4118"/>
    <tag k="type" v="line_thin"/>
    <tag k="subtype" v="solid"/>
  </way>
  <way version="1" id="4132">
    <nd ref="4130"/>
    <nd ref="4131"/>
    <nd ref="4042"/>
    <tag k="type" v="line_thin"/>
    <tag k="subtype" v="solid"/>
  </way>
  <way version="1" id="4135">
    <nd ref="4133"/>
    <nd ref="4134"/>
    <nd ref="4045"/>
    <tag k="type" v="line_thin"/>
    <tag k="subtype" v="solid"/>
  </way>
  <way version="1" id="4166">
    <nd ref="2685"/>
    <nd ref="4164"/>
    <tag k="type" v="line_thin"/>
    <tag k="subtype" v="solid"/>
  </way>
  <way version="1" id="4168">
    <nd ref="2682"/>
    <nd ref="4165"/>
    <tag k="type" v="line_thin"/>
    <tag k="subtype" v="solid"/>
  </way>
  <way version="1" id="4173">
    <nd ref="4171"/>
    <nd ref="4172"/>
    <tag k="type" v="stop_line"/>
    <tag k="subtype" v="solid"/>
  </way>
  <way version="1" id="4176">
    <nd ref="4174"/>
    <nd ref="4175"/>
    <tag k="type" v="traffic_sign"/>
    <tag k="subtype" v="stop_sign"/>
  </way>
  <way version="1" id="4215">
    <nd ref="4188"/>
    <nd ref="4207"/>
    <nd ref="4192"/>
    <tag k="type" v="line_thin"/>
    <tag k="subtype" v="solid"/>
  </way>
  <way version="1" id="4216">
    <nd ref="4187"/>
    <nd ref="4212"/>
    <nd ref="4213"/>
    <nd ref="4189"/>
    <tag k="type" v="line_thin"/>
    <tag k="subtype" v="solid"/>
  </way>
  <way version="1" id="4220">
    <nd ref="4218"/>
    <nd ref="4219"/>
    <nd ref="4225"/>
    <nd ref="4227"/>
    <tag k="type" v="line_thin"/>
    <tag k="subtype" v="solid"/>
  </way>
  <way version="1" id="4223">
    <nd ref="4221"/>
    <nd ref="4222"/>
    <nd ref="4226"/>
    <nd ref="4228"/>
    <tag k="type" v="line_thin"/>
    <tag k="subtype" v="solid"/>
  </way>
  <way version="1" id="4239">
    <nd ref="4228"/>
    <nd ref="4231"/>
    <nd ref="795"/>
    <tag k="type" v="line_thin"/>
    <tag k="subtype" v="solid"/>
  </way>
  <way version="1" id="4240">
    <nd ref="4227"/>
    <nd ref="4236"/>
    <nd ref="792"/>
    <tag k="type" v="line_thin"/>
    <tag k="subtype" v="solid"/>
  </way>
  <way version="1" id="4244">
    <nd ref="4192"/>
    <nd ref="4193"/>
    <nd ref="4197"/>
    <nd ref="4199"/>
    <nd ref="4242"/>
    <tag k="type" v="line_thin"/>
    <tag k="subtype" v="solid"/>
  </way>
  <way version="1" id="4245">
    <nd ref="4242"/>
    <nd ref="4201"/>
    <tag k="type" v="line_thin"/>
    <tag k="subtype" v="solid"/>
  </way>
  <way version="1" id="4246">
    <nd ref="4189"/>
    <nd ref="4190"/>
    <nd ref="4196"/>
    <nd ref="4198"/>
    <nd ref="4243"/>
    <tag k="type" v="line_thin"/>
    <tag k="subtype" v="solid"/>
  </way>
  <way version="1" id="4247">
    <nd ref="4243"/>
    <nd ref="4200"/>
    <tag k="type" v="line_thin"/>
    <tag k="subtype" v="solid"/>
  </way>
  <way version="1" id="4262">
    <nd ref="4188"/>
    <nd ref="4251"/>
    <nd ref="4255"/>
    <nd ref="4257"/>
    <nd ref="4260"/>
    <tag k="type" v="line_thin"/>
    <tag k="subtype" v="solid"/>
  </way>
  <way version="1" id="4263">
    <nd ref="4260"/>
    <nd ref="4259"/>
    <nd ref="795"/>
    <tag k="type" v="line_thin"/>
    <tag k="subtype" v="solid"/>
  </way>
  <way version="1" id="4264">
    <nd ref="4187"/>
    <nd ref="4249"/>
    <nd ref="4254"/>
    <nd ref="4256"/>
    <nd ref="4261"/>
    <tag k="type" v="line_thin"/>
    <tag k="subtype" v="solid"/>
  </way>
  <way version="1" id="4265">
    <nd ref="4261"/>
    <nd ref="4258"/>
    <nd ref="792"/>
    <tag k="type" v="line_thin"/>
    <tag k="subtype" v="solid"/>
  </way>
  <way version="1" id="4282">
    <nd ref="4260"/>
    <nd ref="4269"/>
    <nd ref="4275"/>
    <nd ref="4280"/>
    <tag k="type" v="line_thin"/>
    <tag k="subtype" v="solid"/>
  </way>
  <way version="1" id="4283">
    <nd ref="4280"/>
    <nd ref="4277"/>
    <nd ref="4279"/>
    <tag k="type" v="line_thin"/>
    <tag k="subtype" v="solid"/>
  </way>
  <way version="1" id="4284">
    <nd ref="4261"/>
    <nd ref="4267"/>
    <nd ref="4272"/>
    <nd ref="4274"/>
    <nd ref="4281"/>
    <tag k="type" v="line_thin"/>
    <tag k="subtype" v="solid"/>
  </way>
  <way version="1" id="4285">
    <nd ref="4281"/>
    <nd ref="4276"/>
    <nd ref="4278"/>
    <tag k="type" v="line_thin"/>
    <tag k="subtype" v="solid"/>
  </way>
  <way version="1" id="4289">
    <nd ref="4287"/>
    <nd ref="4288"/>
    <nd ref="4294"/>
    <nd ref="4296"/>
    <tag k="type" v="line_thin"/>
    <tag k="subtype" v="solid"/>
  </way>
  <way version="1" id="4292">
    <nd ref="4290"/>
    <nd ref="4291"/>
    <nd ref="4295"/>
    <nd ref="4297"/>
    <tag k="type" v="line_thin"/>
    <tag k="subtype" v="solid"/>
  </way>
  <way version="1" id="4300">
    <nd ref="2681"/>
    <nd ref="4180"/>
    <nd ref="4298"/>
    <tag k="type" v="line_thin"/>
    <tag k="subtype" v="solid"/>
  </way>
  <way version="1" id="4301">
    <nd ref="4298"/>
    <nd ref="4184"/>
    <nd ref="4186"/>
    <nd ref="4188"/>
    <tag k="type" v="line_thin"/>
    <tag k="subtype" v="solid"/>
  </way>
  <way version="1" id="4302">
    <nd ref="2680"/>
    <nd ref="4178"/>
    <nd ref="4299"/>
    <tag k="type" v="line_thin"/>
    <tag k="subtype" v="solid"/>
  </way>
  <way version="1" id="4303">
    <nd ref="4299"/>
    <nd ref="4183"/>
    <nd ref="4185"/>
    <nd ref="4187"/>
    <tag k="type" v="line_thin"/>
    <tag k="subtype" v="solid"/>
  </way>
  <way version="1" id="4319">
    <nd ref="4297"/>
    <nd ref="4307"/>
    <nd ref="4309"/>
    <nd ref="4310"/>
    <nd ref="4311"/>
    <nd ref="4298"/>
    <tag k="type" v="line_thin"/>
    <tag k="subtype" v="solid"/>
  </way>
  <way version="1" id="4320">
    <nd ref="4296"/>
    <nd ref="4315"/>
    <nd ref="4318"/>
    <nd ref="4299"/>
    <tag k="type" v="line_thin"/>
    <tag k="subtype" v="solid"/>
  </way>
  <way version="1" id="4370">
    <nd ref="4368"/>
    <nd ref="4369"/>
    <tag k="type" v="line_thin"/>
    <tag k="subtype" v="solid"/>
  </way>
  <way version="1" id="4396">
    <nd ref="511"/>
    <nd ref="4384"/>
    <nd ref="4385"/>
    <nd ref="4386"/>
    <nd ref="4387"/>
    <nd ref="4388"/>
    <nd ref="4389"/>
    <nd ref="272"/>
    <tag k="type" v="line_thin"/>
    <tag k="subtype" v="solid"/>
  </way>
  <way version="1" id="4397">
    <nd ref="514"/>
    <nd ref="4390"/>
    <nd ref="4391"/>
    <nd ref="4392"/>
    <nd ref="4393"/>
    <nd ref="4394"/>
    <nd ref="4395"/>
    <nd ref="270"/>
    <tag k="type" v="line_thin"/>
    <tag k="subtype" v="solid"/>
  </way>
  <way version="1" id="4401">
    <nd ref="4399"/>
    <nd ref="4400"/>
    <tag k="type" v="line_thin"/>
    <tag k="subtype" v="solid"/>
  </way>
  <way version="1" id="4404">
    <nd ref="4402"/>
    <nd ref="4403"/>
    <tag k="type" v="line_thin"/>
    <tag k="subtype" v="solid"/>
  </way>
  <way version="1" id="4449">
    <nd ref="4403"/>
    <nd ref="4439"/>
    <nd ref="4440"/>
    <nd ref="4441"/>
    <nd ref="4442"/>
    <nd ref="4443"/>
    <nd ref="198"/>
    <tag k="type" v="line_thin"/>
    <tag k="subtype" v="solid"/>
  </way>
  <way version="1" id="4450">
    <nd ref="4400"/>
    <nd ref="4444"/>
    <nd ref="4445"/>
    <nd ref="4446"/>
    <nd ref="4447"/>
    <nd ref="4448"/>
    <nd ref="196"/>
    <tag k="type" v="line_thin"/>
    <tag k="subtype" v="solid"/>
  </way>
  <way version="1" id="4461">
    <nd ref="272"/>
    <nd ref="4459"/>
    <tag k="type" v="line_thin"/>
    <tag k="subtype" v="solid"/>
  </way>
  <way version="1" id="4462">
    <nd ref="4459"/>
    <nd ref="277"/>
    <nd ref="281"/>
    <tag k="type" v="line_thin"/>
    <tag k="subtype" v="solid"/>
  </way>
  <way version="1" id="4463">
    <nd ref="270"/>
    <nd ref="4460"/>
    <tag k="type" v="line_thin"/>
    <tag k="subtype" v="solid"/>
  </way>
  <way version="1" id="4464">
    <nd ref="4460"/>
    <nd ref="275"/>
    <nd ref="280"/>
    <tag k="type" v="line_thin"/>
    <tag k="subtype" v="solid"/>
  </way>
  <way version="1" id="4468">
    <nd ref="4466"/>
    <nd ref="4467"/>
    <tag k="type" v="line_thin"/>
    <tag k="subtype" v="solid"/>
  </way>
  <way version="1" id="4471">
    <nd ref="4469"/>
    <nd ref="4470"/>
    <tag k="type" v="line_thin"/>
    <tag k="subtype" v="solid"/>
  </way>
  <way version="1" id="4481">
    <nd ref="4470"/>
    <nd ref="4473"/>
    <nd ref="4474"/>
    <nd ref="4475"/>
    <nd ref="4476"/>
    <nd ref="4459"/>
    <tag k="type" v="line_thin"/>
    <tag k="subtype" v="solid"/>
  </way>
  <way version="1" id="4482">
    <nd ref="4467"/>
    <nd ref="4477"/>
    <nd ref="4478"/>
    <nd ref="4479"/>
    <nd ref="4480"/>
    <nd ref="4460"/>
    <tag k="type" v="line_thin"/>
    <tag k="subtype" v="solid"/>
  </way>
  <way version="1" id="4511">
    <nd ref="4509"/>
    <nd ref="4510"/>
    <tag k="type" v="line_thin"/>
    <tag k="subtype" v="solid"/>
  </way>
  <way version="1" id="4514">
    <nd ref="4512"/>
    <nd ref="4513"/>
    <tag k="type" v="line_thin"/>
    <tag k="subtype" v="solid"/>
  </way>
  <way version="1" id="4519">
    <nd ref="4513"/>
    <nd ref="13"/>
    <tag k="type" v="line_thin"/>
    <tag k="subtype" v="solid"/>
  </way>
  <way version="1" id="4520">
    <nd ref="4510"/>
    <nd ref="10"/>
    <tag k="type" v="line_thin"/>
    <tag k="subtype" v="solid"/>
  </way>
  <way version="1" id="4534">
    <nd ref="24"/>
    <nd ref="4524"/>
    <nd ref="4525"/>
    <nd ref="4526"/>
    <nd ref="4527"/>
    <nd ref="4528"/>
    <nd ref="551"/>
    <tag k="type" v="line_thin"/>
    <tag k="subtype" v="solid"/>
  </way>
  <way version="1" id="4535">
    <nd ref="22"/>
    <nd ref="4529"/>
    <nd ref="4530"/>
    <nd ref="4531"/>
    <nd ref="4532"/>
    <nd ref="4533"/>
    <nd ref="549"/>
    <tag k="type" v="line_thin"/>
    <tag k="subtype" v="solid"/>
  </way>
  <way version="1" id="4543">
    <nd ref="4541"/>
    <nd ref="4542"/>
    <tag k="type" v="line_thin"/>
    <tag k="subtype" v="solid"/>
  </way>
  <way version="1" id="4548">
    <nd ref="4545"/>
    <nd ref="925"/>
    <nd ref="927"/>
    <tag k="type" v="line_thin"/>
    <tag k="subtype" v="solid"/>
  </way>
  <way version="1" id="4550">
    <nd ref="4546"/>
    <nd ref="924"/>
    <nd ref="926"/>
    <tag k="type" v="line_thin"/>
    <tag k="subtype" v="solid"/>
  </way>
  <way version="1" id="4554">
    <nd ref="914"/>
    <nd ref="4552"/>
    <tag k="type" v="line_thin"/>
    <tag k="subtype" v="solid"/>
  </way>
  <way version="1" id="4555">
    <nd ref="4552"/>
    <nd ref="919"/>
    <nd ref="923"/>
    <nd ref="4545"/>
    <tag k="type" v="line_thin"/>
    <tag k="subtype" v="solid"/>
  </way>
  <way version="1" id="4556">
    <nd ref="912"/>
    <nd ref="4553"/>
    <tag k="type" v="line_thin"/>
    <tag k="subtype" v="solid"/>
  </way>
  <way version="1" id="4557">
    <nd ref="4553"/>
    <nd ref="917"/>
    <nd ref="922"/>
    <nd ref="4546"/>
    <tag k="type" v="line_thin"/>
    <tag k="subtype" v="solid"/>
  </way>
  <way version="1" id="4563">
    <nd ref="4559"/>
    <nd ref="4560"/>
    <nd ref="4561"/>
    <nd ref="4562"/>
    <tag k="type" v="line_thin"/>
    <tag k="subtype" v="solid"/>
  </way>
  <way version="1" id="4567">
    <nd ref="4565"/>
    <nd ref="4566"/>
    <tag k="type" v="line_thin"/>
    <tag k="subtype" v="solid"/>
  </way>
  <way version="1" id="4606">
    <nd ref="4164"/>
    <nd ref="2686"/>
    <nd ref="4604"/>
    <tag k="type" v="line_thin"/>
    <tag k="subtype" v="solid"/>
  </way>
  <way version="1" id="4608">
    <nd ref="4165"/>
    <nd ref="2683"/>
    <nd ref="4605"/>
    <tag k="type" v="line_thin"/>
    <tag k="subtype" v="solid"/>
  </way>
  <way version="1" id="4620">
    <nd ref="4617"/>
    <nd ref="2700"/>
    <nd ref="2704"/>
    <nd ref="2706"/>
    <nd ref="2708"/>
    <tag k="type" v="line_thin"/>
    <tag k="subtype" v="solid"/>
  </way>
  <way version="1" id="4622">
    <nd ref="4618"/>
    <nd ref="2698"/>
    <nd ref="2703"/>
    <nd ref="2705"/>
    <nd ref="2707"/>
    <tag k="type" v="line_thin"/>
    <tag k="subtype" v="solid"/>
  </way>
  <way version="1" id="4624">
    <nd ref="4604"/>
    <nd ref="4597"/>
    <nd ref="2690"/>
    <nd ref="4617"/>
    <tag k="type" v="line_thin"/>
    <tag k="subtype" v="solid"/>
  </way>
  <way version="1" id="4625">
    <nd ref="4605"/>
    <nd ref="4598"/>
    <nd ref="2689"/>
    <nd ref="4618"/>
    <tag k="type" v="line_thin"/>
    <tag k="subtype" v="solid"/>
  </way>
  <way version="1" id="4630">
    <nd ref="4626"/>
    <nd ref="4627"/>
    <nd ref="4628"/>
    <nd ref="4629"/>
    <tag k="type" v="line_thin"/>
    <tag k="subtype" v="solid"/>
  </way>
  <way version="1" id="4646">
    <nd ref="2497"/>
    <nd ref="4634"/>
    <nd ref="4636"/>
    <nd ref="4638"/>
    <nd ref="2518"/>
    <tag k="type" v="line_thin"/>
    <tag k="subtype" v="solid"/>
  </way>
  <way version="1" id="4647">
    <nd ref="2496"/>
    <nd ref="4640"/>
    <nd ref="4642"/>
    <nd ref="4645"/>
    <nd ref="2515"/>
    <tag k="type" v="line_thin"/>
    <tag k="subtype" v="solid"/>
  </way>
  <way version="1" id="4651">
    <nd ref="119"/>
    <nd ref="122"/>
    <nd ref="4649"/>
    <tag k="type" v="line_thin"/>
    <tag k="subtype" v="solid"/>
  </way>
  <way version="1" id="4652">
    <nd ref="4649"/>
    <nd ref="128"/>
    <nd ref="130"/>
    <tag k="type" v="line_thin"/>
    <tag k="subtype" v="solid"/>
  </way>
  <way version="1" id="4653">
    <nd ref="118"/>
    <nd ref="120"/>
    <nd ref="4650"/>
    <tag k="type" v="line_thin"/>
    <tag k="subtype" v="solid"/>
  </way>
  <way version="1" id="4654">
    <nd ref="4650"/>
    <nd ref="127"/>
    <nd ref="129"/>
    <tag k="type" v="line_thin"/>
    <tag k="subtype" v="solid"/>
  </way>
  <way version="1" id="4659">
    <nd ref="4656"/>
    <nd ref="4657"/>
    <nd ref="4658"/>
    <tag k="type" v="line_thin"/>
    <tag k="subtype" v="solid"/>
  </way>
  <way version="1" id="4716">
    <nd ref="130"/>
    <nd ref="4696"/>
    <nd ref="4697"/>
    <nd ref="4698"/>
    <nd ref="4699"/>
    <nd ref="4700"/>
    <nd ref="4701"/>
    <nd ref="4702"/>
    <nd ref="4703"/>
    <nd ref="4704"/>
    <nd ref="4705"/>
    <nd ref="136"/>
    <tag k="type" v="line_thin"/>
    <tag k="subtype" v="solid"/>
  </way>
  <way version="1" id="4717">
    <nd ref="129"/>
    <nd ref="4706"/>
    <nd ref="4707"/>
    <nd ref="4708"/>
    <nd ref="4709"/>
    <nd ref="4710"/>
    <nd ref="4711"/>
    <nd ref="4712"/>
    <nd ref="4713"/>
    <nd ref="4714"/>
    <nd ref="4715"/>
    <nd ref="133"/>
    <tag k="type" v="line_thin"/>
    <tag k="subtype" v="solid"/>
  </way>
  <way version="1" id="4749">
    <nd ref="4745"/>
    <nd ref="4746"/>
    <nd ref="4747"/>
    <nd ref="4748"/>
    <tag k="type" v="line_thin"/>
    <tag k="subtype" v="solid"/>
  </way>
  <way version="1" id="4763">
    <nd ref="4761"/>
    <nd ref="4762"/>
    <tag k="type" v="line_thin"/>
    <tag k="subtype" v="solid"/>
  </way>
  <way version="1" id="4768">
    <nd ref="4762"/>
    <nd ref="2447"/>
    <tag k="type" v="line_thin"/>
    <tag k="subtype" v="solid"/>
  </way>
  <way version="1" id="4769">
    <nd ref="556"/>
    <nd ref="2448"/>
    <tag k="type" v="line_thin"/>
    <tag k="subtype" v="solid"/>
  </way>
  <way version="1" id="4771">
    <nd ref="281"/>
    <nd ref="4761"/>
    <tag k="type" v="line_thin"/>
    <tag k="subtype" v="solid"/>
  </way>
  <way version="1" id="4772">
    <nd ref="280"/>
    <nd ref="551"/>
    <tag k="type" v="line_thin"/>
    <tag k="subtype" v="solid"/>
  </way>
  <way version="1" id="4800">
    <nd ref="930"/>
    <nd ref="4774"/>
    <nd ref="4775"/>
    <nd ref="4776"/>
    <nd ref="4777"/>
    <nd ref="4778"/>
    <nd ref="4779"/>
    <nd ref="4780"/>
    <nd ref="4781"/>
    <nd ref="4782"/>
    <nd ref="4783"/>
    <nd ref="4784"/>
    <nd ref="4785"/>
    <nd ref="4786"/>
    <nd ref="946"/>
    <tag k="type" v="line_thin"/>
    <tag k="subtype" v="solid"/>
  </way>
  <way version="1" id="4801">
    <nd ref="928"/>
    <nd ref="4787"/>
    <nd ref="4788"/>
    <nd ref="4789"/>
    <nd ref="4790"/>
    <nd ref="4791"/>
    <nd ref="4792"/>
    <nd ref="4793"/>
    <nd ref="4794"/>
    <nd ref="4795"/>
    <nd ref="4796"/>
    <nd ref="4797"/>
    <nd ref="4798"/>
    <nd ref="4799"/>
    <nd ref="943"/>
    <tag k="type" v="line_thin"/>
    <tag k="subtype" v="solid"/>
  </way>
  <way version="1" id="4805">
    <nd ref="4803"/>
    <nd ref="4804"/>
    <tag k="type" v="line_thin"/>
    <tag k="subtype" v="solid"/>
  </way>
  <way version="1" id="4808">
    <nd ref="4806"/>
    <nd ref="4807"/>
    <tag k="type" v="line_thin"/>
    <tag k="subtype" v="solid"/>
  </way>
  <way version="1" id="4813">
    <nd ref="930"/>
    <nd ref="4820"/>
    <nd ref="4806"/>
    <tag k="type" v="line_thin"/>
    <tag k="subtype" v="solid"/>
  </way>
  <way version="1" id="4814">
    <nd ref="928"/>
    <nd ref="4816"/>
    <nd ref="4803"/>
    <tag k="type" v="line_thin"/>
    <tag k="subtype" v="solid"/>
  </way>
  <way version="1" id="4843">
    <nd ref="60"/>
    <nd ref="4821"/>
    <nd ref="4822"/>
    <nd ref="4823"/>
    <nd ref="4824"/>
    <nd ref="4825"/>
    <nd ref="4826"/>
    <nd ref="4827"/>
    <nd ref="4828"/>
    <nd ref="4829"/>
    <nd ref="4830"/>
    <nd ref="4831"/>
    <nd ref="4111"/>
    <tag k="type" v="line_thin"/>
    <tag k="subtype" v="solid"/>
  </way>
  <way version="1" id="4844">
    <nd ref="59"/>
    <nd ref="4832"/>
    <nd ref="4833"/>
    <nd ref="4834"/>
    <nd ref="4835"/>
    <nd ref="4836"/>
    <nd ref="4837"/>
    <nd ref="4838"/>
    <nd ref="4839"/>
    <nd ref="4840"/>
    <nd ref="4841"/>
    <nd ref="4842"/>
    <nd ref="4108"/>
    <tag k="type" v="line_thin"/>
    <tag k="subtype" v="solid"/>
  </way>
  <way version="1" id="4868">
    <nd ref="2583"/>
    <nd ref="4846"/>
    <nd ref="4847"/>
    <nd ref="4848"/>
    <nd ref="4849"/>
    <nd ref="4850"/>
    <nd ref="4851"/>
    <nd ref="4852"/>
    <nd ref="4853"/>
    <nd ref="4854"/>
    <nd ref="4855"/>
    <nd ref="4856"/>
    <nd ref="4056"/>
    <tag k="type" v="line_thin"/>
    <tag k="subtype" v="solid"/>
  </way>
  <way version="1" id="4869">
    <nd ref="2582"/>
    <nd ref="4857"/>
    <nd ref="4858"/>
    <nd ref="4859"/>
    <nd ref="4860"/>
    <nd ref="4861"/>
    <nd ref="4862"/>
    <nd ref="4863"/>
    <nd ref="4864"/>
    <nd ref="4865"/>
    <nd ref="4866"/>
    <nd ref="4867"/>
    <nd ref="4053"/>
    <tag k="type" v="line_thin"/>
    <tag k="subtype" v="solid"/>
  </way>
  <way version="1" id="4873">
    <nd ref="4871"/>
    <nd ref="4872"/>
    <tag k="type" v="line_thin"/>
    <tag k="subtype" v="solid"/>
  </way>
  <way version="1" id="4876">
    <nd ref="4874"/>
    <nd ref="4875"/>
    <tag k="type" v="line_thin"/>
    <tag k="subtype" v="solid"/>
  </way>
  <way version="1" id="4878">
    <nd ref="2583"/>
    <nd ref="4874"/>
    <tag k="type" v="line_thin"/>
    <tag k="subtype" v="solid"/>
  </way>
  <way version="1" id="4879">
    <nd ref="2582"/>
    <nd ref="4871"/>
    <tag k="type" v="line_thin"/>
    <tag k="subtype" v="solid"/>
  </way>
  <way version="1" id="4881">
    <nd ref="4807"/>
    <nd ref="4885"/>
    <nd ref="4056"/>
    <tag k="type" v="line_thin"/>
    <tag k="subtype" v="solid"/>
  </way>
  <way version="1" id="4882">
    <nd ref="4804"/>
    <nd ref="4884"/>
    <nd ref="4053"/>
    <tag k="type" v="line_thin"/>
    <tag k="subtype" v="solid"/>
  </way>
  <way version="1" id="4886">
    <nd ref="4875"/>
    <nd ref="4889"/>
    <nd ref="4111"/>
    <tag k="type" v="line_thin"/>
    <tag k="subtype" v="solid"/>
  </way>
  <way version="1" id="4887">
    <nd ref="4872"/>
    <nd ref="4890"/>
    <nd ref="4108"/>
    <tag k="type" v="line_thin"/>
    <tag k="subtype" v="solid"/>
  </way>
  <way version="1" id="4893">
    <nd ref="4891"/>
    <nd ref="4892"/>
    <tag k="type" v="line_thin"/>
    <tag k="subtype" v="solid"/>
  </way>
  <way version="1" id="4896">
    <nd ref="4894"/>
    <nd ref="4895"/>
    <tag k="type" v="line_thin"/>
    <tag k="subtype" v="solid"/>
  </way>
  <way version="1" id="4969">
    <nd ref="4872"/>
    <nd ref="4968"/>
    <nd ref="4973"/>
    <nd ref="4891"/>
    <tag k="type" v="line_thin"/>
    <tag k="subtype" v="solid"/>
  </way>
  <way version="1" id="4971">
    <nd ref="4875"/>
    <nd ref="4970"/>
    <nd ref="4974"/>
    <nd ref="4894"/>
    <tag k="type" v="line_thin"/>
    <tag k="subtype" v="solid"/>
  </way>
  <way version="1" id="4976">
    <nd ref="4804"/>
    <nd ref="4975"/>
    <nd ref="4980"/>
    <nd ref="4871"/>
    <tag k="type" v="line_thin"/>
    <tag k="subtype" v="solid"/>
  </way>
  <way version="1" id="4978">
    <nd ref="4807"/>
    <nd ref="4977"/>
    <nd ref="4981"/>
    <nd ref="4874"/>
    <tag k="type" v="line_thin"/>
    <tag k="subtype" v="solid"/>
  </way>
  <way version="1" id="4984">
    <nd ref="4982"/>
    <nd ref="4983"/>
    <tag k="type" v="line_thin"/>
    <tag k="subtype" v="solid"/>
  </way>
  <way version="1" id="4987">
    <nd ref="4985"/>
    <nd ref="4986"/>
    <tag k="type" v="line_thin"/>
    <tag k="subtype" v="solid"/>
  </way>
  <way version="1" id="4989">
    <nd ref="4986"/>
    <nd ref="4993"/>
    <nd ref="946"/>
    <tag k="type" v="line_thin"/>
    <tag k="subtype" v="solid"/>
  </way>
  <way version="1" id="4990">
    <nd ref="4983"/>
    <nd ref="4992"/>
    <nd ref="943"/>
    <tag k="type" v="line_thin"/>
    <tag k="subtype" v="solid"/>
  </way>
  <way version="1" id="4995">
    <nd ref="4983"/>
    <nd ref="4994"/>
    <nd ref="4999"/>
    <nd ref="4803"/>
    <tag k="type" v="line_thin"/>
    <tag k="subtype" v="solid"/>
  </way>
  <way version="1" id="4997">
    <nd ref="4986"/>
    <nd ref="4996"/>
    <nd ref="5000"/>
    <nd ref="4806"/>
    <tag k="type" v="line_thin"/>
    <tag k="subtype" v="solid"/>
  </way>
  <way version="1" id="5002">
    <nd ref="4892"/>
    <nd ref="5001"/>
    <nd ref="5006"/>
    <nd ref="4982"/>
    <tag k="type" v="line_thin"/>
    <tag k="subtype" v="solid"/>
  </way>
  <way version="1" id="5004">
    <nd ref="4895"/>
    <nd ref="5003"/>
    <nd ref="5007"/>
    <nd ref="4985"/>
    <tag k="type" v="line_thin"/>
    <tag k="subtype" v="solid"/>
  </way>
  <way version="1" id="5008">
    <nd ref="4895"/>
    <nd ref="5014"/>
    <nd ref="5013"/>
    <nd ref="4133"/>
    <tag k="type" v="line_thin"/>
    <tag k="subtype" v="solid"/>
  </way>
  <way version="1" id="5009">
    <nd ref="4892"/>
    <nd ref="5012"/>
    <nd ref="5011"/>
    <nd ref="4130"/>
    <tag k="type" v="line_thin"/>
    <tag k="subtype" v="solid"/>
  </way>
  <way version="1" id="5045">
    <nd ref="685"/>
    <nd ref="5031"/>
    <nd ref="5032"/>
    <nd ref="5033"/>
    <nd ref="5034"/>
    <nd ref="5035"/>
    <nd ref="5036"/>
    <nd ref="5037"/>
    <nd ref="717"/>
    <tag k="type" v="line_thin"/>
    <tag k="subtype" v="solid"/>
  </way>
  <way version="1" id="5046">
    <nd ref="683"/>
    <nd ref="5038"/>
    <nd ref="5039"/>
    <nd ref="5040"/>
    <nd ref="5041"/>
    <nd ref="5042"/>
    <nd ref="5043"/>
    <nd ref="5044"/>
    <nd ref="714"/>
    <tag k="type" v="line_thin"/>
    <tag k="subtype" v="solid"/>
  </way>
  <way version="1" id="5048">
    <nd ref="692"/>
    <nd ref="717"/>
    <tag k="type" v="line_thin"/>
    <tag k="subtype" v="solid"/>
  </way>
  <way version="1" id="5049">
    <nd ref="689"/>
    <nd ref="5051"/>
    <nd ref="714"/>
    <tag k="type" v="line_thin"/>
    <tag k="subtype" v="solid"/>
  </way>
  <way version="1" id="5260">
    <nd ref="5258"/>
    <nd ref="5259"/>
    <tag k="type" v="line_thin"/>
    <tag k="subtype" v="solid"/>
  </way>
  <way version="1" id="5263">
    <nd ref="5261"/>
    <nd ref="5262"/>
    <tag k="type" v="line_thin"/>
    <tag k="subtype" v="solid"/>
  </way>
  <way version="1" id="5276">
    <nd ref="5274"/>
    <nd ref="5275"/>
    <tag k="type" v="line_thin"/>
    <tag k="subtype" v="solid"/>
  </way>
  <way version="1" id="5279">
    <nd ref="5277"/>
    <nd ref="5278"/>
    <tag k="type" v="line_thin"/>
    <tag k="subtype" v="solid"/>
  </way>
  <way version="1" id="5283">
    <nd ref="5281"/>
    <nd ref="5282"/>
    <tag k="type" v="line_thin"/>
    <tag k="subtype" v="solid"/>
  </way>
  <way version="1" id="5286">
    <nd ref="5284"/>
    <nd ref="5285"/>
    <tag k="type" v="line_thin"/>
    <tag k="subtype" v="solid"/>
  </way>
  <way version="1" id="5289">
    <nd ref="683"/>
    <nd ref="5288"/>
    <nd ref="689"/>
    <tag k="type" v="line_thin"/>
    <tag k="subtype" v="solid"/>
  </way>
  <way version="1" id="5291">
    <nd ref="685"/>
    <nd ref="5290"/>
    <nd ref="692"/>
    <tag k="type" v="line_thin"/>
    <tag k="subtype" v="solid"/>
  </way>
  <way version="1" id="5295">
    <nd ref="5293"/>
    <nd ref="5294"/>
    <tag k="type" v="stop_line"/>
    <tag k="subtype" v="solid"/>
  </way>
  <way version="1" id="5298">
    <nd ref="5296"/>
    <nd ref="5297"/>
    <tag k="type" v="traffic_sign"/>
    <tag k="subtype" v="stop_sign"/>
  </way>
  <way version="1" id="4580">
    <nd ref="4577"/>
    <nd ref="4578"/>
    <nd ref="4579"/>
    <nd ref="4581"/>
    <tag k="type" v="parking_lot"/>
    <tag k="area" v="yes"/>
  </way>
  <way version="1" id="4595">
    <nd ref="4592"/>
    <nd ref="4593"/>
    <nd ref="4594"/>
    <nd ref="4596"/>
    <tag k="type" v="parking_lot"/>
    <tag k="area" v="yes"/>
  </way>
  <way version="1" id="5023">
    <nd ref="5020"/>
    <nd ref="5021"/>
    <nd ref="5022"/>
    <nd ref="5024"/>
    <nd ref="5025"/>
    <nd ref="5026"/>
    <nd ref="5027"/>
    <nd ref="5028"/>
    <nd ref="5029"/>
    <nd ref="5030"/>
    <tag k="type" v="parking_lot"/>
    <tag k="area" v="yes"/>
  </way>
  <relation version="1" id="16">
    <member type="way" role="left" ref="15"/>
    <member type="way" role="right" ref="12"/>
    <tag k="type" v="lanelet"/>
    <tag k="subtype" v="road"/>
    <tag k="speed_limit" v="20"/>
    <tag k="location" v="urban"/>
    <tag k="one_way" v="yes"/>
  </relation>
  <relation version="1" id="21">
    <member type="way" role="left" ref="20"/>
    <member type="way" role="right" ref="18"/>
    <tag k="type" v="lanelet"/>
    <tag k="subtype" v="road"/>
    <tag k="speed_limit" v="20"/>
    <tag k="location" v="urban"/>
    <tag k="one_way" v="yes"/>
  </relation>
  <relation version="1" id="26">
    <member type="way" role="left" ref="25"/>
    <member type="way" role="right" ref="23"/>
    <tag k="type" v="lanelet"/>
    <tag k="subtype" v="road"/>
    <tag k="speed_limit" v="10"/>
    <tag k="location" v="urban"/>
    <tag k="one_way" v="yes"/>
  </relation>
  <relation version="1" id="44">
    <member type="way" role="left" ref="43"/>
    <member type="way" role="right" ref="40"/>
    <tag k="type" v="lanelet"/>
    <tag k="subtype" v="road"/>
    <tag k="speed_limit" v="30"/>
    <tag k="location" v="urban"/>
    <tag k="one_way" v="yes"/>
  </relation>
  <relation version="1" id="86">
    <member type="way" role="left" ref="85"/>
    <member type="way" role="right" ref="82"/>
    <member type="relation" role="regulatory_element" ref="2590"/>
    <tag k="type" v="lanelet"/>
    <tag k="subtype" v="road"/>
    <tag k="speed_limit" v="5"/>
    <tag k="location" v="urban"/>
    <tag k="one_way" v="yes"/>
  </relation>
  <relation version="1" id="93">
    <member type="way" role="left" ref="92"/>
    <member type="way" role="right" ref="89"/>
    <tag k="type" v="lanelet"/>
    <tag k="subtype" v="road"/>
    <tag k="speed_limit" v="20"/>
    <tag k="location" v="urban"/>
    <tag k="one_way" v="yes"/>
  </relation>
  <relation version="1" id="96">
    <member type="way" role="left" ref="94"/>
    <member type="way" role="right" ref="95"/>
    <tag k="type" v="lanelet"/>
    <tag k="subtype" v="road"/>
    <tag k="speed_limit" v="10"/>
    <tag k="location" v="urban"/>
    <tag k="one_way" v="yes"/>
  </relation>
  <relation version="1" id="101">
    <member type="way" role="left" ref="104"/>
    <member type="way" role="right" ref="106"/>
    <tag k="type" v="lanelet"/>
    <tag k="subtype" v="road"/>
    <tag k="speed_limit" v="10"/>
    <tag k="location" v="urban"/>
    <tag k="one_way" v="yes"/>
  </relation>
  <relation version="1" id="108">
    <member type="way" role="left" ref="105"/>
    <member type="way" role="right" ref="107"/>
    <tag k="type" v="lanelet"/>
    <tag k="subtype" v="road"/>
    <tag k="speed_limit" v="10"/>
    <tag k="location" v="urban"/>
    <tag k="one_way" v="yes"/>
  </relation>
  <relation version="1" id="113">
    <member type="way" role="left" ref="112"/>
    <member type="way" role="right" ref="110"/>
    <tag k="type" v="lanelet"/>
    <tag k="subtype" v="road"/>
    <tag k="speed_limit" v="10"/>
    <tag k="location" v="urban"/>
    <tag k="one_way" v="yes"/>
  </relation>
  <relation version="1" id="124">
    <member type="way" role="left" ref="4651"/>
    <member type="way" role="right" ref="4653"/>
    <tag k="type" v="lanelet"/>
    <tag k="subtype" v="road"/>
    <tag k="speed_limit" v="10"/>
    <tag k="location" v="urban"/>
    <tag k="one_way" v="yes"/>
  </relation>
  <relation version="1" id="139">
    <member type="way" role="left" ref="138"/>
    <member type="way" role="right" ref="135"/>
    <tag k="type" v="lanelet"/>
    <tag k="subtype" v="road"/>
    <tag k="speed_limit" v="10"/>
    <tag k="location" v="urban"/>
    <tag k="one_way" v="yes"/>
  </relation>
  <relation version="1" id="173">
    <member type="way" role="left" ref="172"/>
    <member type="way" role="right" ref="170"/>
    <tag k="type" v="lanelet"/>
    <tag k="subtype" v="road"/>
    <tag k="speed_limit" v="10"/>
    <tag k="location" v="urban"/>
    <tag k="one_way" v="yes"/>
  </relation>
  <relation version="1" id="188">
    <member type="way" role="left" ref="187"/>
    <member type="way" role="right" ref="185"/>
    <tag k="type" v="lanelet"/>
    <tag k="subtype" v="road"/>
    <tag k="speed_limit" v="10"/>
    <tag k="location" v="urban"/>
    <tag k="one_way" v="yes"/>
  </relation>
  <relation version="1" id="195">
    <member type="way" role="left" ref="194"/>
    <member type="way" role="right" ref="192"/>
    <tag k="type" v="lanelet"/>
    <tag k="subtype" v="road"/>
    <tag k="speed_limit" v="10"/>
    <tag k="location" v="urban"/>
    <tag k="one_way" v="yes"/>
  </relation>
  <relation version="1" id="200">
    <member type="way" role="left" ref="199"/>
    <member type="way" role="right" ref="197"/>
    <tag k="type" v="lanelet"/>
    <tag k="subtype" v="road"/>
    <tag k="speed_limit" v="10"/>
    <tag k="location" v="urban"/>
    <tag k="one_way" v="yes"/>
  </relation>
  <relation version="1" id="207">
    <member type="way" role="left" ref="227"/>
    <member type="way" role="right" ref="229"/>
    <tag k="type" v="lanelet"/>
    <tag k="subtype" v="road"/>
    <tag k="speed_limit" v="20"/>
    <tag k="location" v="urban"/>
    <tag k="one_way" v="yes"/>
  </relation>
  <relation version="1" id="224">
    <member type="way" role="left" ref="222"/>
    <member type="way" role="right" ref="223"/>
    <tag k="type" v="lanelet"/>
    <tag k="subtype" v="road"/>
    <tag k="speed_limit" v="20"/>
    <tag k="location" v="urban"/>
    <tag k="one_way" v="yes"/>
    <tag k="turn_direction" v="right"/>
  </relation>
  <relation version="1" id="231">
    <member type="way" role="left" ref="228"/>
    <member type="way" role="right" ref="230"/>
    <tag k="type" v="lanelet"/>
    <tag k="subtype" v="road"/>
    <tag k="speed_limit" v="10"/>
    <tag k="location" v="urban"/>
    <tag k="one_way" v="yes"/>
  </relation>
  <relation version="1" id="238">
    <member type="way" role="left" ref="237"/>
    <member type="way" role="right" ref="234"/>
    <tag k="type" v="lanelet"/>
    <tag k="subtype" v="road"/>
    <tag k="speed_limit" v="20"/>
    <tag k="location" v="urban"/>
    <tag k="one_way" v="yes"/>
  </relation>
  <relation version="1" id="241">
    <member type="way" role="left" ref="2259"/>
    <member type="way" role="right" ref="2261"/>
    <tag k="type" v="lanelet"/>
    <tag k="subtype" v="road"/>
    <tag k="speed_limit" v="20"/>
    <tag k="location" v="urban"/>
    <tag k="one_way" v="yes"/>
  </relation>
  <relation version="1" id="248">
    <member type="way" role="left" ref="247"/>
    <member type="way" role="right" ref="244"/>
    <tag k="type" v="lanelet"/>
    <tag k="subtype" v="road"/>
    <tag k="speed_limit" v="20"/>
    <tag k="location" v="urban"/>
    <tag k="one_way" v="yes"/>
  </relation>
  <relation version="1" id="269">
    <member type="way" role="left" ref="267"/>
    <member type="way" role="right" ref="268"/>
    <tag k="type" v="lanelet"/>
    <tag k="subtype" v="road"/>
    <tag k="speed_limit" v="20"/>
    <tag k="location" v="urban"/>
    <tag k="one_way" v="yes"/>
    <tag k="turn_direction" v="right"/>
  </relation>
  <relation version="1" id="274">
    <member type="way" role="left" ref="273"/>
    <member type="way" role="right" ref="271"/>
    <tag k="type" v="lanelet"/>
    <tag k="subtype" v="road"/>
    <tag k="speed_limit" v="10"/>
    <tag k="location" v="urban"/>
    <tag k="one_way" v="yes"/>
  </relation>
  <relation version="1" id="279">
    <member type="way" role="left" ref="4461"/>
    <member type="way" role="right" ref="4463"/>
    <tag k="type" v="lanelet"/>
    <tag k="subtype" v="road"/>
    <tag k="speed_limit" v="10"/>
    <tag k="location" v="urban"/>
    <tag k="one_way" v="yes"/>
  </relation>
  <relation version="1" id="288">
    <member type="way" role="left" ref="287"/>
    <member type="way" role="right" ref="284"/>
    <tag k="type" v="lanelet"/>
    <tag k="subtype" v="road"/>
    <tag k="speed_limit" v="20"/>
    <tag k="location" v="urban"/>
    <tag k="one_way" v="yes"/>
  </relation>
  <relation version="1" id="317">
    <member type="way" role="left" ref="315"/>
    <member type="way" role="right" ref="316"/>
    <tag k="type" v="lanelet"/>
    <tag k="subtype" v="road"/>
    <tag k="speed_limit" v="20"/>
    <tag k="location" v="urban"/>
    <tag k="one_way" v="yes"/>
  </relation>
  <relation version="1" id="324">
    <member type="way" role="left" ref="323"/>
    <member type="way" role="right" ref="320"/>
    <tag k="type" v="lanelet"/>
    <tag k="subtype" v="road"/>
    <tag k="speed_limit" v="20"/>
    <tag k="location" v="urban"/>
    <tag k="one_way" v="yes"/>
  </relation>
  <relation version="1" id="331">
    <member type="way" role="left" ref="330"/>
    <member type="way" role="right" ref="327"/>
    <tag k="type" v="lanelet"/>
    <tag k="subtype" v="road"/>
    <tag k="speed_limit" v="20"/>
    <tag k="location" v="urban"/>
    <tag k="one_way" v="yes"/>
  </relation>
  <relation version="1" id="369">
    <member type="way" role="left" ref="367"/>
    <member type="way" role="right" ref="368"/>
    <tag k="type" v="lanelet"/>
    <tag k="subtype" v="road"/>
    <tag k="speed_limit" v="20"/>
    <tag k="location" v="urban"/>
    <tag k="one_way" v="yes"/>
  </relation>
  <relation version="1" id="376">
    <member type="way" role="left" ref="375"/>
    <member type="way" role="right" ref="372"/>
    <tag k="type" v="lanelet"/>
    <tag k="subtype" v="road"/>
    <tag k="speed_limit" v="20"/>
    <tag k="location" v="urban"/>
    <tag k="one_way" v="yes"/>
  </relation>
  <relation version="1" id="391">
    <member type="way" role="left" ref="389"/>
    <member type="way" role="right" ref="390"/>
    <tag k="type" v="lanelet"/>
    <tag k="subtype" v="road"/>
    <tag k="speed_limit" v="20"/>
    <tag k="location" v="urban"/>
    <tag k="one_way" v="yes"/>
  </relation>
  <relation version="1" id="402">
    <member type="way" role="left" ref="400"/>
    <member type="way" role="right" ref="401"/>
    <tag k="type" v="lanelet"/>
    <tag k="subtype" v="road"/>
    <tag k="speed_limit" v="20"/>
    <tag k="location" v="urban"/>
    <tag k="one_way" v="yes"/>
  </relation>
  <relation version="1" id="409">
    <member type="way" role="left" ref="408"/>
    <member type="way" role="right" ref="405"/>
    <tag k="type" v="lanelet"/>
    <tag k="subtype" v="road"/>
    <tag k="speed_limit" v="20"/>
    <tag k="location" v="urban"/>
    <tag k="one_way" v="yes"/>
  </relation>
  <relation version="1" id="429">
    <member type="way" role="left" ref="428"/>
    <member type="way" role="right" ref="425"/>
    <tag k="type" v="lanelet"/>
    <tag k="subtype" v="road"/>
    <tag k="speed_limit" v="20"/>
    <tag k="location" v="urban"/>
    <tag k="one_way" v="yes"/>
  </relation>
  <relation version="1" id="451">
    <member type="way" role="left" ref="450"/>
    <member type="way" role="right" ref="447"/>
    <tag k="type" v="lanelet"/>
    <tag k="subtype" v="road"/>
    <tag k="speed_limit" v="20"/>
    <tag k="location" v="urban"/>
    <tag k="one_way" v="yes"/>
  </relation>
  <relation version="1" id="462">
    <member type="way" role="left" ref="460"/>
    <member type="way" role="right" ref="461"/>
    <tag k="type" v="lanelet"/>
    <tag k="subtype" v="road"/>
    <tag k="speed_limit" v="20"/>
    <tag k="location" v="urban"/>
    <tag k="one_way" v="yes"/>
    <tag k="turn_direction" v="right"/>
  </relation>
  <relation version="1" id="480">
    <member type="way" role="left" ref="479"/>
    <member type="way" role="right" ref="476"/>
    <tag k="type" v="lanelet"/>
    <tag k="subtype" v="road"/>
    <tag k="speed_limit" v="20"/>
    <tag k="location" v="urban"/>
    <tag k="one_way" v="yes"/>
  </relation>
  <relation version="1" id="487">
    <member type="way" role="left" ref="486"/>
    <member type="way" role="right" ref="483"/>
    <tag k="type" v="lanelet"/>
    <tag k="subtype" v="road"/>
    <tag k="speed_limit" v="20"/>
    <tag k="location" v="urban"/>
    <tag k="one_way" v="yes"/>
  </relation>
  <relation version="1" id="492">
    <member type="way" role="left" ref="490"/>
    <member type="way" role="right" ref="491"/>
    <tag k="type" v="lanelet"/>
    <tag k="subtype" v="road"/>
    <tag k="speed_limit" v="10"/>
    <tag k="location" v="urban"/>
    <tag k="one_way" v="yes"/>
  </relation>
  <relation version="1" id="495">
    <member type="way" role="left" ref="493"/>
    <member type="way" role="right" ref="494"/>
    <tag k="type" v="lanelet"/>
    <tag k="subtype" v="road"/>
    <tag k="speed_limit" v="20"/>
    <tag k="location" v="urban"/>
    <tag k="one_way" v="yes"/>
  </relation>
  <relation version="1" id="507">
    <member type="way" role="left" ref="506"/>
    <member type="way" role="right" ref="504"/>
    <tag k="type" v="lanelet"/>
    <tag k="subtype" v="road"/>
    <tag k="speed_limit" v="20"/>
    <tag k="location" v="urban"/>
    <tag k="one_way" v="yes"/>
  </relation>
  <relation version="1" id="510">
    <member type="way" role="left" ref="508"/>
    <member type="way" role="right" ref="509"/>
    <tag k="type" v="lanelet"/>
    <tag k="subtype" v="road"/>
    <tag k="speed_limit" v="20"/>
    <tag k="location" v="urban"/>
    <tag k="one_way" v="yes"/>
  </relation>
  <relation version="1" id="517">
    <member type="way" role="left" ref="513"/>
    <member type="way" role="right" ref="516"/>
    <tag k="type" v="lanelet"/>
    <tag k="subtype" v="road"/>
    <tag k="speed_limit" v="10"/>
    <tag k="location" v="urban"/>
    <tag k="one_way" v="no"/>
  </relation>
  <relation version="1" id="553">
    <member type="way" role="left" ref="552"/>
    <member type="way" role="right" ref="550"/>
    <tag k="type" v="lanelet"/>
    <tag k="subtype" v="road"/>
    <tag k="speed_limit" v="10"/>
    <tag k="location" v="urban"/>
    <tag k="one_way" v="yes"/>
  </relation>
  <relation version="1" id="558">
    <member type="way" role="left" ref="557"/>
    <member type="way" role="right" ref="555"/>
    <tag k="type" v="lanelet"/>
    <tag k="subtype" v="road"/>
    <tag k="speed_limit" v="10"/>
    <tag k="location" v="urban"/>
    <tag k="one_way" v="yes"/>
  </relation>
  <relation version="1" id="581">
    <member type="way" role="left" ref="2449"/>
    <member type="way" role="right" ref="2451"/>
    <tag k="type" v="lanelet"/>
    <tag k="subtype" v="road"/>
    <tag k="speed_limit" v="10"/>
    <tag k="location" v="urban"/>
    <tag k="one_way" v="yes"/>
  </relation>
  <relation version="1" id="603">
    <member type="way" role="left" ref="602"/>
    <member type="way" role="right" ref="599"/>
    <tag k="type" v="lanelet"/>
    <tag k="subtype" v="road"/>
    <tag k="speed_limit" v="20"/>
    <tag k="location" v="urban"/>
    <tag k="one_way" v="yes"/>
  </relation>
  <relation version="1" id="618">
    <member type="way" role="left" ref="2076"/>
    <member type="way" role="right" ref="2078"/>
    <tag k="type" v="lanelet"/>
    <tag k="subtype" v="road"/>
    <tag k="speed_limit" v="20"/>
    <tag k="location" v="urban"/>
    <tag k="one_way" v="yes"/>
  </relation>
  <relation version="1" id="647">
    <member type="way" role="left" ref="2454"/>
    <member type="way" role="right" ref="2455"/>
    <tag k="type" v="lanelet"/>
    <tag k="subtype" v="road"/>
    <tag k="speed_limit" v="20"/>
    <tag k="location" v="urban"/>
    <tag k="one_way" v="yes"/>
  </relation>
  <relation version="1" id="652">
    <member type="way" role="left" ref="651"/>
    <member type="way" role="right" ref="649"/>
    <tag k="type" v="lanelet"/>
    <tag k="subtype" v="road"/>
    <tag k="speed_limit" v="20"/>
    <tag k="location" v="urban"/>
    <tag k="one_way" v="yes"/>
  </relation>
  <relation version="1" id="659">
    <member type="way" role="left" ref="658"/>
    <member type="way" role="right" ref="655"/>
    <tag k="type" v="lanelet"/>
    <tag k="subtype" v="road"/>
    <tag k="speed_limit" v="10"/>
    <tag k="location" v="urban"/>
    <tag k="one_way" v="yes"/>
  </relation>
  <relation version="1" id="670">
    <member type="way" role="left" ref="669"/>
    <member type="way" role="right" ref="666"/>
    <tag k="type" v="lanelet"/>
    <tag k="subtype" v="road"/>
    <tag k="speed_limit" v="10"/>
    <tag k="location" v="urban"/>
    <tag k="one_way" v="yes"/>
  </relation>
  <relation version="1" id="673">
    <member type="way" role="left" ref="671"/>
    <member type="way" role="right" ref="672"/>
    <tag k="type" v="lanelet"/>
    <tag k="subtype" v="road"/>
    <tag k="speed_limit" v="10"/>
    <tag k="location" v="urban"/>
    <tag k="one_way" v="yes"/>
  </relation>
  <relation version="1" id="687">
    <member type="way" role="left" ref="686"/>
    <member type="way" role="right" ref="684"/>
    <tag k="type" v="lanelet"/>
    <tag k="subtype" v="road"/>
    <tag k="speed_limit" v="20"/>
    <tag k="location" v="urban"/>
    <tag k="one_way" v="yes"/>
  </relation>
  <relation version="1" id="704">
    <member type="way" role="left" ref="833"/>
    <member type="way" role="right" ref="835"/>
    <tag k="type" v="lanelet"/>
    <tag k="subtype" v="road"/>
    <tag k="speed_limit" v="30"/>
    <tag k="location" v="urban"/>
    <tag k="one_way" v="yes"/>
  </relation>
  <relation version="1" id="713">
    <member type="way" role="left" ref="711"/>
    <member type="way" role="right" ref="712"/>
    <tag k="type" v="lanelet"/>
    <tag k="subtype" v="road"/>
    <tag k="speed_limit" v="30"/>
    <tag k="location" v="urban"/>
    <tag k="one_way" v="yes"/>
  </relation>
  <relation version="1" id="720">
    <member type="way" role="left" ref="719"/>
    <member type="way" role="right" ref="716"/>
    <tag k="type" v="lanelet"/>
    <tag k="subtype" v="road"/>
    <tag k="speed_limit" v="30"/>
    <tag k="location" v="urban"/>
    <tag k="one_way" v="yes"/>
  </relation>
  <relation version="1" id="730">
    <member type="way" role="left" ref="729"/>
    <member type="way" role="right" ref="726"/>
    <tag k="type" v="lanelet"/>
    <tag k="subtype" v="road"/>
    <tag k="speed_limit" v="30"/>
    <tag k="location" v="urban"/>
    <tag k="one_way" v="yes"/>
  </relation>
  <relation version="1" id="745">
    <member type="way" role="left" ref="744"/>
    <member type="way" role="right" ref="741"/>
    <member type="relation" role="regulatory_element" ref="5299"/>
    <tag k="type" v="lanelet"/>
    <tag k="subtype" v="road"/>
    <tag k="speed_limit" v="20"/>
    <tag k="location" v="urban"/>
    <tag k="one_way" v="yes"/>
  </relation>
  <relation version="1" id="766">
    <member type="way" role="left" ref="764"/>
    <member type="way" role="right" ref="765"/>
    <tag k="type" v="lanelet"/>
    <tag k="subtype" v="road"/>
    <tag k="speed_limit" v="10"/>
    <tag k="location" v="urban"/>
    <tag k="one_way" v="yes"/>
    <tag k="turn_direction" v="left"/>
  </relation>
  <relation version="1" id="778">
    <member type="way" role="left" ref="776"/>
    <member type="way" role="right" ref="777"/>
    <tag k="type" v="lanelet"/>
    <tag k="subtype" v="road"/>
    <tag k="speed_limit" v="30"/>
    <tag k="location" v="urban"/>
    <tag k="one_way" v="yes"/>
    <tag k="turn_direction" v="right"/>
  </relation>
  <relation version="1" id="783">
    <member type="way" role="left" ref="782"/>
    <member type="way" role="right" ref="780"/>
    <tag k="type" v="lanelet"/>
    <tag k="subtype" v="road"/>
    <tag k="speed_limit" v="30"/>
    <tag k="location" v="urban"/>
    <tag k="one_way" v="yes"/>
  </relation>
  <relation version="1" id="798">
    <member type="way" role="left" ref="797"/>
    <member type="way" role="right" ref="794"/>
    <tag k="type" v="lanelet"/>
    <tag k="subtype" v="road"/>
    <tag k="speed_limit" v="30"/>
    <tag k="location" v="urban"/>
    <tag k="one_way" v="yes"/>
  </relation>
  <relation version="1" id="807">
    <member type="way" role="left" ref="805"/>
    <member type="way" role="right" ref="806"/>
    <tag k="type" v="lanelet"/>
    <tag k="subtype" v="road"/>
    <tag k="speed_limit" v="30"/>
    <tag k="location" v="urban"/>
    <tag k="one_way" v="yes"/>
  </relation>
  <relation version="1" id="814">
    <member type="way" role="left" ref="813"/>
    <member type="way" role="right" ref="810"/>
    <tag k="type" v="lanelet"/>
    <tag k="subtype" v="road"/>
    <tag k="speed_limit" v="30"/>
    <tag k="location" v="urban"/>
    <tag k="one_way" v="yes"/>
  </relation>
  <relation version="1" id="821">
    <member type="way" role="left" ref="820"/>
    <member type="way" role="right" ref="818"/>
    <tag k="type" v="lanelet"/>
    <tag k="subtype" v="road"/>
    <tag k="speed_limit" v="30"/>
    <tag k="location" v="urban"/>
    <tag k="one_way" v="yes"/>
  </relation>
  <relation version="1" id="830">
    <member type="way" role="left" ref="828"/>
    <member type="way" role="right" ref="829"/>
    <tag k="type" v="lanelet"/>
    <tag k="subtype" v="road"/>
    <tag k="speed_limit" v="10"/>
    <tag k="location" v="urban"/>
    <tag k="one_way" v="yes"/>
  </relation>
  <relation version="1" id="837">
    <member type="way" role="left" ref="834"/>
    <member type="way" role="right" ref="836"/>
    <tag k="type" v="lanelet"/>
    <tag k="subtype" v="road"/>
    <tag k="speed_limit" v="30"/>
    <tag k="location" v="urban"/>
    <tag k="one_way" v="yes"/>
  </relation>
  <relation version="1" id="842">
    <member type="way" role="left" ref="841"/>
    <member type="way" role="right" ref="839"/>
    <tag k="type" v="lanelet"/>
    <tag k="subtype" v="road"/>
    <tag k="speed_limit" v="30"/>
    <tag k="location" v="urban"/>
    <tag k="one_way" v="yes"/>
  </relation>
  <relation version="1" id="851">
    <member type="way" role="left" ref="850"/>
    <member type="way" role="right" ref="848"/>
    <tag k="type" v="lanelet"/>
    <tag k="subtype" v="road"/>
    <tag k="speed_limit" v="30"/>
    <tag k="location" v="urban"/>
    <tag k="one_way" v="yes"/>
  </relation>
  <relation version="1" id="860">
    <member type="way" role="left" ref="859"/>
    <member type="way" role="right" ref="857"/>
    <tag k="type" v="lanelet"/>
    <tag k="subtype" v="road"/>
    <tag k="speed_limit" v="30"/>
    <tag k="location" v="urban"/>
    <tag k="one_way" v="yes"/>
  </relation>
  <relation version="1" id="911">
    <member type="way" role="left" ref="909"/>
    <member type="way" role="right" ref="910"/>
    <tag k="type" v="lanelet"/>
    <tag k="subtype" v="road"/>
    <tag k="speed_limit" v="10"/>
    <tag k="location" v="urban"/>
    <tag k="one_way" v="yes"/>
    <tag k="turn_direction" v="right"/>
  </relation>
  <relation version="1" id="916">
    <member type="way" role="left" ref="915"/>
    <member type="way" role="right" ref="913"/>
    <tag k="type" v="lanelet"/>
    <tag k="subtype" v="road"/>
    <tag k="speed_limit" v="30"/>
    <tag k="location" v="urban"/>
    <tag k="one_way" v="yes"/>
  </relation>
  <relation version="1" id="921">
    <member type="way" role="left" ref="4554"/>
    <member type="way" role="right" ref="4556"/>
    <tag k="type" v="lanelet"/>
    <tag k="subtype" v="road"/>
    <tag k="speed_limit" v="30"/>
    <tag k="location" v="urban"/>
    <tag k="one_way" v="yes"/>
  </relation>
  <relation version="1" id="932">
    <member type="way" role="left" ref="931"/>
    <member type="way" role="right" ref="929"/>
    <tag k="type" v="lanelet"/>
    <tag k="subtype" v="road"/>
    <tag k="speed_limit" v="30"/>
    <tag k="location" v="urban"/>
    <tag k="one_way" v="yes"/>
  </relation>
  <relation version="1" id="949">
    <member type="way" role="left" ref="948"/>
    <member type="way" role="right" ref="945"/>
    <tag k="type" v="lanelet"/>
    <tag k="subtype" v="road"/>
    <tag k="speed_limit" v="30"/>
    <tag k="location" v="urban"/>
    <tag k="one_way" v="yes"/>
  </relation>
  <relation version="1" id="1624">
    <member type="way" role="left" ref="1623"/>
    <member type="way" role="right" ref="1621"/>
    <tag k="type" v="lanelet"/>
    <tag k="subtype" v="road"/>
    <tag k="speed_limit" v="30"/>
    <tag k="location" v="urban"/>
    <tag k="one_way" v="yes"/>
  </relation>
  <relation version="1" id="1629">
    <member type="way" role="left" ref="1628"/>
    <member type="way" role="right" ref="1626"/>
    <tag k="type" v="lanelet"/>
    <tag k="subtype" v="road"/>
    <tag k="speed_limit" v="20"/>
    <tag k="location" v="urban"/>
    <tag k="one_way" v="yes"/>
  </relation>
  <relation version="1" id="1642">
    <member type="way" role="left" ref="1640"/>
    <member type="way" role="right" ref="1641"/>
    <tag k="type" v="lanelet"/>
    <tag k="subtype" v="road"/>
    <tag k="speed_limit" v="20"/>
    <tag k="location" v="urban"/>
    <tag k="one_way" v="yes"/>
  </relation>
  <relation version="1" id="1895">
    <member type="way" role="left" ref="1894"/>
    <member type="way" role="right" ref="1891"/>
    <tag k="type" v="lanelet"/>
    <tag k="subtype" v="road"/>
    <tag k="speed_limit" v="20"/>
    <tag k="location" v="urban"/>
    <tag k="one_way" v="yes"/>
  </relation>
  <relation version="1" id="2073">
    <member type="way" role="left" ref="2071"/>
    <member type="way" role="right" ref="2072"/>
    <tag k="type" v="lanelet"/>
    <tag k="subtype" v="road"/>
    <tag k="speed_limit" v="20"/>
    <tag k="location" v="urban"/>
    <tag k="one_way" v="yes"/>
    <tag k="turn_direction" v="right"/>
  </relation>
  <relation version="1" id="2080">
    <member type="way" role="left" ref="2077"/>
    <member type="way" role="right" ref="2079"/>
    <tag k="type" v="lanelet"/>
    <tag k="subtype" v="road"/>
    <tag k="speed_limit" v="20"/>
    <tag k="location" v="urban"/>
    <tag k="one_way" v="yes"/>
  </relation>
  <relation version="1" id="2087">
    <member type="way" role="left" ref="2086"/>
    <member type="way" role="right" ref="2083"/>
    <tag k="type" v="lanelet"/>
    <tag k="subtype" v="road"/>
    <tag k="speed_limit" v="20"/>
    <tag k="location" v="urban"/>
    <tag k="one_way" v="yes"/>
  </relation>
  <relation version="1" id="2104">
    <member type="way" role="left" ref="2102"/>
    <member type="way" role="right" ref="2103"/>
    <tag k="type" v="lanelet"/>
    <tag k="subtype" v="road"/>
    <tag k="speed_limit" v="20"/>
    <tag k="location" v="urban"/>
    <tag k="one_way" v="yes"/>
    <tag k="turn_direction" v="right"/>
  </relation>
  <relation version="1" id="2111">
    <member type="way" role="left" ref="2110"/>
    <member type="way" role="right" ref="2107"/>
    <tag k="type" v="lanelet"/>
    <tag k="subtype" v="road"/>
    <tag k="speed_limit" v="20"/>
    <tag k="location" v="urban"/>
    <tag k="one_way" v="yes"/>
  </relation>
  <relation version="1" id="2118">
    <member type="way" role="left" ref="2117"/>
    <member type="way" role="right" ref="2114"/>
    <tag k="type" v="lanelet"/>
    <tag k="subtype" v="road"/>
    <tag k="speed_limit" v="20"/>
    <tag k="location" v="urban"/>
    <tag k="one_way" v="yes"/>
  </relation>
  <relation version="1" id="2129">
    <member type="way" role="left" ref="2127"/>
    <member type="way" role="right" ref="2128"/>
    <tag k="type" v="lanelet"/>
    <tag k="subtype" v="road"/>
    <tag k="speed_limit" v="20"/>
    <tag k="location" v="urban"/>
    <tag k="one_way" v="yes"/>
    <tag k="turn_direction" v="right"/>
  </relation>
  <relation version="1" id="2144">
    <member type="way" role="left" ref="2142"/>
    <member type="way" role="right" ref="2143"/>
    <tag k="type" v="lanelet"/>
    <tag k="subtype" v="road"/>
    <tag k="speed_limit" v="20"/>
    <tag k="location" v="urban"/>
    <tag k="one_way" v="yes"/>
    <tag k="turn_direction" v="right"/>
  </relation>
  <relation version="1" id="2151">
    <member type="way" role="left" ref="2150"/>
    <member type="way" role="right" ref="2147"/>
    <tag k="type" v="lanelet"/>
    <tag k="subtype" v="road"/>
    <tag k="speed_limit" v="20"/>
    <tag k="location" v="urban"/>
    <tag k="one_way" v="yes"/>
  </relation>
  <relation version="1" id="2156">
    <member type="way" role="left" ref="2176"/>
    <member type="way" role="right" ref="2178"/>
    <tag k="type" v="lanelet"/>
    <tag k="subtype" v="road"/>
    <tag k="speed_limit" v="20"/>
    <tag k="location" v="urban"/>
    <tag k="one_way" v="yes"/>
  </relation>
  <relation version="1" id="2166">
    <member type="way" role="left" ref="2169"/>
    <member type="way" role="right" ref="2171"/>
    <tag k="type" v="lanelet"/>
    <tag k="subtype" v="road"/>
    <tag k="speed_limit" v="10"/>
    <tag k="location" v="urban"/>
    <tag k="one_way" v="yes"/>
  </relation>
  <relation version="1" id="2173">
    <member type="way" role="left" ref="2170"/>
    <member type="way" role="right" ref="2172"/>
    <tag k="type" v="lanelet"/>
    <tag k="subtype" v="road"/>
    <tag k="speed_limit" v="20"/>
    <tag k="location" v="urban"/>
    <tag k="one_way" v="yes"/>
  </relation>
  <relation version="1" id="2180">
    <member type="way" role="left" ref="2177"/>
    <member type="way" role="right" ref="2179"/>
    <tag k="type" v="lanelet"/>
    <tag k="subtype" v="road"/>
    <tag k="speed_limit" v="20"/>
    <tag k="location" v="urban"/>
    <tag k="one_way" v="yes"/>
  </relation>
  <relation version="1" id="2187">
    <member type="way" role="left" ref="2186"/>
    <member type="way" role="right" ref="2183"/>
    <tag k="type" v="lanelet"/>
    <tag k="subtype" v="road"/>
    <tag k="speed_limit" v="20"/>
    <tag k="location" v="urban"/>
    <tag k="one_way" v="yes"/>
  </relation>
  <relation version="1" id="2194">
    <member type="way" role="left" ref="2193"/>
    <member type="way" role="right" ref="2190"/>
    <tag k="type" v="lanelet"/>
    <tag k="subtype" v="road"/>
    <tag k="speed_limit" v="20"/>
    <tag k="location" v="urban"/>
    <tag k="one_way" v="yes"/>
  </relation>
  <relation version="1" id="2205">
    <member type="way" role="left" ref="2203"/>
    <member type="way" role="right" ref="2204"/>
    <tag k="type" v="lanelet"/>
    <tag k="subtype" v="road"/>
    <tag k="speed_limit" v="20"/>
    <tag k="location" v="urban"/>
    <tag k="one_way" v="yes"/>
    <tag k="turn_direction" v="right"/>
  </relation>
  <relation version="1" id="2224">
    <member type="way" role="left" ref="2222"/>
    <member type="way" role="right" ref="2223"/>
    <tag k="type" v="lanelet"/>
    <tag k="subtype" v="road"/>
    <tag k="speed_limit" v="20"/>
    <tag k="location" v="urban"/>
    <tag k="one_way" v="yes"/>
    <tag k="turn_direction" v="left"/>
  </relation>
  <relation version="1" id="2237">
    <member type="way" role="left" ref="2235"/>
    <member type="way" role="right" ref="2236"/>
    <tag k="type" v="lanelet"/>
    <tag k="subtype" v="road"/>
    <tag k="speed_limit" v="20"/>
    <tag k="location" v="urban"/>
    <tag k="one_way" v="yes"/>
    <tag k="turn_direction" v="right"/>
  </relation>
  <relation version="1" id="2263">
    <member type="way" role="left" ref="2260"/>
    <member type="way" role="right" ref="2262"/>
    <tag k="type" v="lanelet"/>
    <tag k="subtype" v="road"/>
    <tag k="speed_limit" v="20"/>
    <tag k="location" v="urban"/>
    <tag k="one_way" v="yes"/>
  </relation>
  <relation version="1" id="2278">
    <member type="way" role="left" ref="2276"/>
    <member type="way" role="right" ref="2277"/>
    <tag k="type" v="lanelet"/>
    <tag k="subtype" v="road"/>
    <tag k="speed_limit" v="20"/>
    <tag k="location" v="urban"/>
    <tag k="one_way" v="yes"/>
    <tag k="turn_direction" v="left"/>
  </relation>
  <relation version="1" id="2285">
    <member type="way" role="left" ref="2284"/>
    <member type="way" role="right" ref="2281"/>
    <tag k="type" v="lanelet"/>
    <tag k="subtype" v="road"/>
    <tag k="speed_limit" v="20"/>
    <tag k="location" v="urban"/>
    <tag k="one_way" v="yes"/>
  </relation>
  <relation version="1" id="2316">
    <member type="way" role="left" ref="2314"/>
    <member type="way" role="right" ref="2315"/>
    <tag k="type" v="lanelet"/>
    <tag k="subtype" v="road"/>
    <tag k="speed_limit" v="20"/>
    <tag k="location" v="urban"/>
    <tag k="one_way" v="yes"/>
  </relation>
  <relation version="1" id="2321">
    <member type="way" role="left" ref="2320"/>
    <member type="way" role="right" ref="2318"/>
    <tag k="type" v="lanelet"/>
    <tag k="subtype" v="road"/>
    <tag k="speed_limit" v="20"/>
    <tag k="location" v="urban"/>
    <tag k="one_way" v="yes"/>
  </relation>
  <relation version="1" id="2332">
    <member type="way" role="left" ref="2331"/>
    <member type="way" role="right" ref="2328"/>
    <tag k="type" v="lanelet"/>
    <tag k="subtype" v="road"/>
    <tag k="speed_limit" v="20"/>
    <tag k="location" v="urban"/>
    <tag k="one_way" v="yes"/>
  </relation>
  <relation version="1" id="2345">
    <member type="way" role="left" ref="2343"/>
    <member type="way" role="right" ref="2344"/>
    <tag k="type" v="lanelet"/>
    <tag k="subtype" v="road"/>
    <tag k="speed_limit" v="20"/>
    <tag k="location" v="urban"/>
    <tag k="one_way" v="yes"/>
  </relation>
  <relation version="1" id="2352">
    <member type="way" role="left" ref="2351"/>
    <member type="way" role="right" ref="2348"/>
    <tag k="type" v="lanelet"/>
    <tag k="subtype" v="road"/>
    <tag k="speed_limit" v="20"/>
    <tag k="location" v="urban"/>
    <tag k="one_way" v="yes"/>
  </relation>
  <relation version="1" id="2369">
    <member type="way" role="left" ref="2367"/>
    <member type="way" role="right" ref="2368"/>
    <tag k="type" v="lanelet"/>
    <tag k="subtype" v="road"/>
    <tag k="speed_limit" v="20"/>
    <tag k="location" v="urban"/>
    <tag k="one_way" v="yes"/>
  </relation>
  <relation version="1" id="2386">
    <member type="way" role="left" ref="2384"/>
    <member type="way" role="right" ref="2385"/>
    <tag k="type" v="lanelet"/>
    <tag k="subtype" v="road"/>
    <tag k="speed_limit" v="20"/>
    <tag k="location" v="urban"/>
    <tag k="one_way" v="yes"/>
    <tag k="turn_direction" v="left"/>
  </relation>
  <relation version="1" id="2389">
    <member type="way" role="left" ref="2387"/>
    <member type="way" role="right" ref="2388"/>
    <tag k="type" v="lanelet"/>
    <tag k="subtype" v="road"/>
    <tag k="speed_limit" v="20"/>
    <tag k="location" v="urban"/>
    <tag k="one_way" v="yes"/>
  </relation>
  <relation version="1" id="2394">
    <member type="way" role="left" ref="2393"/>
    <member type="way" role="right" ref="2391"/>
    <tag k="type" v="lanelet"/>
    <tag k="subtype" v="road"/>
    <tag k="speed_limit" v="20"/>
    <tag k="location" v="urban"/>
    <tag k="one_way" v="yes"/>
  </relation>
  <relation version="1" id="2399">
    <member type="way" role="left" ref="2398"/>
    <member type="way" role="right" ref="2396"/>
    <tag k="type" v="lanelet"/>
    <tag k="subtype" v="road"/>
    <tag k="speed_limit" v="20"/>
    <tag k="location" v="urban"/>
    <tag k="one_way" v="yes"/>
  </relation>
  <relation version="1" id="2404">
    <member type="way" role="left" ref="2403"/>
    <member type="way" role="right" ref="2401"/>
    <tag k="type" v="lanelet"/>
    <tag k="subtype" v="road"/>
    <tag k="speed_limit" v="10"/>
    <tag k="location" v="urban"/>
    <tag k="one_way" v="yes"/>
  </relation>
  <relation version="1" id="2417">
    <member type="way" role="left" ref="2415"/>
    <member type="way" role="right" ref="2416"/>
    <tag k="type" v="lanelet"/>
    <tag k="subtype" v="road"/>
    <tag k="speed_limit" v="20"/>
    <tag k="location" v="urban"/>
    <tag k="one_way" v="yes"/>
    <tag k="turn_direction" v="left"/>
  </relation>
  <relation version="1" id="2428">
    <member type="way" role="left" ref="2426"/>
    <member type="way" role="right" ref="2427"/>
    <tag k="type" v="lanelet"/>
    <tag k="subtype" v="road"/>
    <tag k="speed_limit" v="20"/>
    <tag k="location" v="urban"/>
    <tag k="one_way" v="yes"/>
    <tag k="turn_direction" v="right"/>
  </relation>
  <relation version="1" id="2433">
    <member type="way" role="left" ref="2432"/>
    <member type="way" role="right" ref="2430"/>
    <tag k="type" v="lanelet"/>
    <tag k="subtype" v="road"/>
    <tag k="speed_limit" v="20"/>
    <tag k="location" v="urban"/>
    <tag k="one_way" v="yes"/>
  </relation>
  <relation version="1" id="2446">
    <member type="way" role="left" ref="2445"/>
    <member type="way" role="right" ref="2443"/>
    <tag k="type" v="lanelet"/>
    <tag k="subtype" v="road"/>
    <tag k="speed_limit" v="20"/>
    <tag k="location" v="urban"/>
    <tag k="one_way" v="yes"/>
  </relation>
  <relation version="1" id="2453">
    <member type="way" role="left" ref="2450"/>
    <member type="way" role="right" ref="2452"/>
    <member type="relation" role="regulatory_element" ref="4177"/>
    <tag k="type" v="lanelet"/>
    <tag k="subtype" v="road"/>
    <tag k="speed_limit" v="5"/>
    <tag k="location" v="urban"/>
    <tag k="one_way" v="yes"/>
  </relation>
  <relation version="1" id="2460">
    <member type="way" role="left" ref="2459"/>
    <member type="way" role="right" ref="2457"/>
    <tag k="type" v="lanelet"/>
    <tag k="subtype" v="road"/>
    <tag k="speed_limit" v="20"/>
    <tag k="location" v="urban"/>
    <tag k="one_way" v="yes"/>
  </relation>
  <relation version="1" id="2475">
    <member type="way" role="left" ref="2473"/>
    <member type="way" role="right" ref="2474"/>
    <tag k="type" v="lanelet"/>
    <tag k="subtype" v="road"/>
    <tag k="speed_limit" v="20"/>
    <tag k="location" v="urban"/>
    <tag k="one_way" v="yes"/>
    <tag k="turn_direction" v="left"/>
  </relation>
  <relation version="1" id="2480">
    <member type="way" role="left" ref="2479"/>
    <member type="way" role="right" ref="2477"/>
    <tag k="type" v="lanelet"/>
    <tag k="subtype" v="road"/>
    <tag k="speed_limit" v="20"/>
    <tag k="location" v="urban"/>
    <tag k="one_way" v="yes"/>
  </relation>
  <relation version="1" id="2485">
    <member type="way" role="left" ref="2484"/>
    <member type="way" role="right" ref="2482"/>
    <tag k="type" v="lanelet"/>
    <tag k="subtype" v="road"/>
    <tag k="speed_limit" v="20"/>
    <tag k="location" v="urban"/>
    <tag k="one_way" v="yes"/>
  </relation>
  <relation version="1" id="2514">
    <member type="way" role="left" ref="2512"/>
    <member type="way" role="right" ref="2513"/>
    <tag k="type" v="lanelet"/>
    <tag k="subtype" v="road"/>
    <tag k="speed_limit" v="10"/>
    <tag k="location" v="urban"/>
    <tag k="one_way" v="yes"/>
    <tag k="turn_direction" v="left"/>
  </relation>
  <relation version="1" id="2521">
    <member type="way" role="left" ref="2520"/>
    <member type="way" role="right" ref="2517"/>
    <tag k="type" v="lanelet"/>
    <tag k="subtype" v="road"/>
    <tag k="speed_limit" v="20"/>
    <tag k="location" v="urban"/>
    <tag k="one_way" v="yes"/>
  </relation>
  <relation version="1" id="2560">
    <member type="way" role="left" ref="2559"/>
    <member type="way" role="right" ref="2557"/>
    <tag k="type" v="lanelet"/>
    <tag k="subtype" v="road"/>
    <tag k="speed_limit" v="20"/>
    <tag k="location" v="urban"/>
    <tag k="one_way" v="yes"/>
  </relation>
  <relation version="1" id="2573">
    <member type="way" role="left" ref="2572"/>
    <member type="way" role="right" ref="2570"/>
    <tag k="type" v="lanelet"/>
    <tag k="subtype" v="road"/>
    <tag k="speed_limit" v="30"/>
    <tag k="location" v="urban"/>
    <tag k="one_way" v="yes"/>
  </relation>
  <relation version="1" id="2610">
    <member type="way" role="left" ref="2609"/>
    <member type="way" role="right" ref="2606"/>
    <tag k="type" v="lanelet"/>
    <tag k="subtype" v="crosswalk"/>
    <tag k="speed_limit" v="10"/>
    <tag k="location" v="urban"/>
    <tag k="one_way" v="no"/>
  </relation>
  <relation version="1" id="2617">
    <member type="way" role="left" ref="2616"/>
    <member type="way" role="right" ref="2613"/>
    <tag k="type" v="lanelet"/>
    <tag k="subtype" v="crosswalk"/>
    <tag k="speed_limit" v="10"/>
    <tag k="location" v="urban"/>
    <tag k="one_way" v="no"/>
  </relation>
  <relation version="1" id="2626">
    <member type="way" role="left" ref="2625"/>
    <member type="way" role="right" ref="2622"/>
    <tag k="type" v="lanelet"/>
    <tag k="subtype" v="crosswalk"/>
    <tag k="speed_limit" v="10"/>
    <tag k="location" v="urban"/>
    <tag k="one_way" v="no"/>
  </relation>
  <relation version="1" id="2645">
    <member type="way" role="left" ref="2644"/>
    <member type="way" role="right" ref="2641"/>
    <tag k="type" v="lanelet"/>
    <tag k="subtype" v="road"/>
    <tag k="speed_limit" v="30"/>
    <tag k="location" v="urban"/>
    <tag k="one_way" v="yes"/>
  </relation>
  <relation version="1" id="2661">
    <member type="way" role="left" ref="2660"/>
    <member type="way" role="right" ref="2658"/>
    <tag k="type" v="lanelet"/>
    <tag k="subtype" v="road"/>
    <tag k="speed_limit" v="30"/>
    <tag k="location" v="urban"/>
    <tag k="one_way" v="yes"/>
    <tag k="turn_direction" v="right"/>
  </relation>
  <relation version="1" id="2675">
    <member type="way" role="left" ref="2674"/>
    <member type="way" role="right" ref="2672"/>
    <tag k="type" v="lanelet"/>
    <tag k="subtype" v="road"/>
    <tag k="speed_limit" v="30"/>
    <tag k="location" v="urban"/>
    <tag k="one_way" v="yes"/>
  </relation>
  <relation version="1" id="2688">
    <member type="way" role="left" ref="4166"/>
    <member type="way" role="right" ref="4168"/>
    <tag k="type" v="lanelet"/>
    <tag k="subtype" v="road"/>
    <tag k="speed_limit" v="30"/>
    <tag k="location" v="urban"/>
    <tag k="one_way" v="yes"/>
  </relation>
  <relation version="1" id="2697">
    <member type="way" role="left" ref="2696"/>
    <member type="way" role="right" ref="2693"/>
    <tag k="type" v="lanelet"/>
    <tag k="subtype" v="crosswalk"/>
    <tag k="speed_limit" v="10"/>
    <tag k="location" v="urban"/>
    <tag k="one_way" v="no"/>
  </relation>
  <relation version="1" id="4041">
    <member type="way" role="left" ref="4039"/>
    <member type="way" role="right" ref="4040"/>
    <tag k="type" v="lanelet"/>
    <tag k="subtype" v="road"/>
    <tag k="speed_limit" v="30"/>
    <tag k="location" v="urban"/>
    <tag k="one_way" v="yes"/>
  </relation>
  <relation version="1" id="4048">
    <member type="way" role="left" ref="4047"/>
    <member type="way" role="right" ref="4044"/>
    <tag k="type" v="lanelet"/>
    <tag k="subtype" v="road"/>
    <tag k="speed_limit" v="30"/>
    <tag k="location" v="urban"/>
    <tag k="one_way" v="yes"/>
  </relation>
  <relation version="1" id="4059">
    <member type="way" role="left" ref="4088"/>
    <member type="way" role="right" ref="4090"/>
    <tag k="type" v="lanelet"/>
    <tag k="subtype" v="road"/>
    <tag k="speed_limit" v="30"/>
    <tag k="location" v="urban"/>
    <tag k="one_way" v="yes"/>
  </relation>
  <relation version="1" id="4092">
    <member type="way" role="left" ref="4089"/>
    <member type="way" role="right" ref="4091"/>
    <tag k="type" v="lanelet"/>
    <tag k="subtype" v="road"/>
    <tag k="speed_limit" v="30"/>
    <tag k="location" v="urban"/>
    <tag k="one_way" v="yes"/>
  </relation>
  <relation version="1" id="4114">
    <member type="way" role="left" ref="4113"/>
    <member type="way" role="right" ref="4110"/>
    <tag k="type" v="lanelet"/>
    <tag k="subtype" v="road"/>
    <tag k="speed_limit" v="30"/>
    <tag k="location" v="urban"/>
    <tag k="one_way" v="yes"/>
  </relation>
  <relation version="1" id="4136">
    <member type="way" role="left" ref="4135"/>
    <member type="way" role="right" ref="4132"/>
    <tag k="type" v="lanelet"/>
    <tag k="subtype" v="road"/>
    <tag k="speed_limit" v="30"/>
    <tag k="location" v="urban"/>
    <tag k="one_way" v="yes"/>
  </relation>
  <relation version="1" id="4170">
    <member type="way" role="left" ref="4606"/>
    <member type="way" role="right" ref="4608"/>
    <tag k="type" v="lanelet"/>
    <tag k="subtype" v="road"/>
    <tag k="speed_limit" v="30"/>
    <tag k="location" v="urban"/>
    <tag k="one_way" v="yes"/>
  </relation>
  <relation version="1" id="4182">
    <member type="way" role="left" ref="4300"/>
    <member type="way" role="right" ref="4302"/>
    <tag k="type" v="lanelet"/>
    <tag k="subtype" v="road"/>
    <tag k="speed_limit" v="30"/>
    <tag k="location" v="urban"/>
    <tag k="one_way" v="yes"/>
  </relation>
  <relation version="1" id="4195">
    <member type="way" role="left" ref="4244"/>
    <member type="way" role="right" ref="4246"/>
    <tag k="type" v="lanelet"/>
    <tag k="subtype" v="road"/>
    <tag k="speed_limit" v="30"/>
    <tag k="location" v="urban"/>
    <tag k="one_way" v="yes"/>
  </relation>
  <relation version="1" id="4217">
    <member type="way" role="left" ref="4215"/>
    <member type="way" role="right" ref="4216"/>
    <tag k="type" v="lanelet"/>
    <tag k="subtype" v="road"/>
    <tag k="speed_limit" v="30"/>
    <tag k="location" v="urban"/>
    <tag k="one_way" v="yes"/>
    <tag k="turn_direction" v="right"/>
  </relation>
  <relation version="1" id="4224">
    <member type="way" role="left" ref="4223"/>
    <member type="way" role="right" ref="4220"/>
    <tag k="type" v="lanelet"/>
    <tag k="subtype" v="road"/>
    <tag k="speed_limit" v="30"/>
    <tag k="location" v="urban"/>
    <tag k="one_way" v="yes"/>
  </relation>
  <relation version="1" id="4241">
    <member type="way" role="left" ref="4239"/>
    <member type="way" role="right" ref="4240"/>
    <tag k="type" v="lanelet"/>
    <tag k="subtype" v="road"/>
    <tag k="speed_limit" v="30"/>
    <tag k="location" v="urban"/>
    <tag k="one_way" v="yes"/>
  </relation>
  <relation version="1" id="4248">
    <member type="way" role="left" ref="4245"/>
    <member type="way" role="right" ref="4247"/>
    <tag k="type" v="lanelet"/>
    <tag k="subtype" v="road"/>
    <tag k="speed_limit" v="30"/>
    <tag k="location" v="urban"/>
    <tag k="one_way" v="yes"/>
  </relation>
  <relation version="1" id="4253">
    <member type="way" role="left" ref="4262"/>
    <member type="way" role="right" ref="4264"/>
    <tag k="type" v="lanelet"/>
    <tag k="subtype" v="road"/>
    <tag k="speed_limit" v="30"/>
    <tag k="location" v="urban"/>
    <tag k="one_way" v="yes"/>
  </relation>
  <relation version="1" id="4266">
    <member type="way" role="left" ref="4263"/>
    <member type="way" role="right" ref="4265"/>
    <tag k="type" v="lanelet"/>
    <tag k="subtype" v="road"/>
    <tag k="speed_limit" v="30"/>
    <tag k="location" v="urban"/>
    <tag k="one_way" v="yes"/>
  </relation>
  <relation version="1" id="4271">
    <member type="way" role="left" ref="4282"/>
    <member type="way" role="right" ref="4284"/>
    <tag k="type" v="lanelet"/>
    <tag k="subtype" v="road"/>
    <tag k="speed_limit" v="30"/>
    <tag k="location" v="urban"/>
    <tag k="one_way" v="yes"/>
    <tag k="turn_direction" v="right"/>
  </relation>
  <relation version="1" id="4286">
    <member type="way" role="left" ref="4283"/>
    <member type="way" role="right" ref="4285"/>
    <tag k="type" v="lanelet"/>
    <tag k="subtype" v="road"/>
    <tag k="speed_limit" v="30"/>
    <tag k="location" v="urban"/>
    <tag k="one_way" v="yes"/>
  </relation>
  <relation version="1" id="4293">
    <member type="way" role="left" ref="4292"/>
    <member type="way" role="right" ref="4289"/>
    <tag k="type" v="lanelet"/>
    <tag k="subtype" v="road"/>
    <tag k="speed_limit" v="30"/>
    <tag k="location" v="urban"/>
    <tag k="one_way" v="yes"/>
  </relation>
  <relation version="1" id="4304">
    <member type="way" role="left" ref="4301"/>
    <member type="way" role="right" ref="4303"/>
    <tag k="type" v="lanelet"/>
    <tag k="subtype" v="road"/>
    <tag k="speed_limit" v="30"/>
    <tag k="location" v="urban"/>
    <tag k="one_way" v="yes"/>
  </relation>
  <relation version="1" id="4321">
    <member type="way" role="left" ref="4319"/>
    <member type="way" role="right" ref="4320"/>
    <tag k="type" v="lanelet"/>
    <tag k="subtype" v="road"/>
    <tag k="speed_limit" v="30"/>
    <tag k="location" v="urban"/>
    <tag k="one_way" v="yes"/>
  </relation>
  <relation version="1" id="4398">
    <member type="way" role="left" ref="4396"/>
    <member type="way" role="right" ref="4397"/>
    <tag k="type" v="lanelet"/>
    <tag k="subtype" v="road"/>
    <tag k="speed_limit" v="10"/>
    <tag k="location" v="urban"/>
    <tag k="one_way" v="yes"/>
    <tag k="turn_direction" v="left"/>
  </relation>
  <relation version="1" id="4405">
    <member type="way" role="left" ref="4404"/>
    <member type="way" role="right" ref="4401"/>
    <tag k="type" v="lanelet"/>
    <tag k="subtype" v="road"/>
    <tag k="speed_limit" v="10"/>
    <tag k="location" v="urban"/>
    <tag k="one_way" v="yes"/>
  </relation>
  <relation version="1" id="4451">
    <member type="way" role="left" ref="4449"/>
    <member type="way" role="right" ref="4450"/>
    <tag k="type" v="lanelet"/>
    <tag k="subtype" v="road"/>
    <tag k="speed_limit" v="10"/>
    <tag k="location" v="urban"/>
    <tag k="one_way" v="yes"/>
    <tag k="turn_direction" v="right"/>
  </relation>
  <relation version="1" id="4465">
    <member type="way" role="left" ref="4462"/>
    <member type="way" role="right" ref="4464"/>
    <tag k="type" v="lanelet"/>
    <tag k="subtype" v="road"/>
    <tag k="speed_limit" v="10"/>
    <tag k="location" v="urban"/>
    <tag k="one_way" v="yes"/>
  </relation>
  <relation version="1" id="4472">
    <member type="way" role="left" ref="4471"/>
    <member type="way" role="right" ref="4468"/>
    <tag k="type" v="lanelet"/>
    <tag k="subtype" v="road"/>
    <tag k="speed_limit" v="10"/>
    <tag k="location" v="urban"/>
    <tag k="one_way" v="yes"/>
  </relation>
  <relation version="1" id="4483">
    <member type="way" role="left" ref="4481"/>
    <member type="way" role="right" ref="4482"/>
    <tag k="type" v="lanelet"/>
    <tag k="subtype" v="road"/>
    <tag k="speed_limit" v="10"/>
    <tag k="location" v="urban"/>
    <tag k="one_way" v="yes"/>
    <tag k="turn_direction" v="right"/>
  </relation>
  <relation version="1" id="4515">
    <member type="way" role="left" ref="4514"/>
    <member type="way" role="right" ref="4511"/>
    <tag k="type" v="lanelet"/>
    <tag k="subtype" v="road"/>
    <tag k="speed_limit" v="20"/>
    <tag k="location" v="urban"/>
    <tag k="one_way" v="yes"/>
  </relation>
  <relation version="1" id="4521">
    <member type="way" role="left" ref="4519"/>
    <member type="way" role="right" ref="4520"/>
    <tag k="type" v="lanelet"/>
    <tag k="subtype" v="road"/>
    <tag k="speed_limit" v="20"/>
    <tag k="location" v="urban"/>
    <tag k="one_way" v="yes"/>
  </relation>
  <relation version="1" id="4536">
    <member type="way" role="left" ref="4534"/>
    <member type="way" role="right" ref="4535"/>
    <tag k="type" v="lanelet"/>
    <tag k="subtype" v="road"/>
    <tag k="speed_limit" v="10"/>
    <tag k="location" v="urban"/>
    <tag k="one_way" v="yes"/>
    <tag k="turn_direction" v="left"/>
  </relation>
  <relation version="1" id="4544">
    <member type="way" role="left" ref="1641"/>
    <member type="way" role="right" ref="4543"/>
    <tag k="type" v="lanelet"/>
    <tag k="subtype" v="road_shoulder"/>
    <tag k="speed_limit" v="10"/>
    <tag k="location" v="urban"/>
    <tag k="one_way" v="yes"/>
  </relation>
  <relation version="1" id="4551">
    <member type="way" role="left" ref="4548"/>
    <member type="way" role="right" ref="4550"/>
    <tag k="type" v="lanelet"/>
    <tag k="subtype" v="road"/>
    <tag k="speed_limit" v="30"/>
    <tag k="location" v="urban"/>
    <tag k="one_way" v="yes"/>
  </relation>
  <relation version="1" id="4558">
    <member type="way" role="left" ref="4555"/>
    <member type="way" role="right" ref="4557"/>
    <tag k="type" v="lanelet"/>
    <tag k="subtype" v="road"/>
    <tag k="speed_limit" v="30"/>
    <tag k="location" v="urban"/>
    <tag k="one_way" v="yes"/>
  </relation>
  <relation version="1" id="4564">
    <member type="way" role="left" ref="4557"/>
    <member type="way" role="right" ref="4563"/>
    <tag k="type" v="lanelet"/>
    <tag k="subtype" v="road_shoulder"/>
    <tag k="speed_limit" v="10"/>
    <tag k="location" v="urban"/>
    <tag k="one_way" v="yes"/>
  </relation>
  <relation version="1" id="4568">
    <member type="way" role="left" ref="857"/>
    <member type="way" role="right" ref="4567"/>
    <tag k="type" v="lanelet"/>
    <tag k="subtype" v="road_shoulder"/>
    <tag k="speed_limit" v="10"/>
    <tag k="location" v="urban"/>
    <tag k="one_way" v="yes"/>
  </relation>
  <relation version="1" id="4610">
    <member type="way" role="left" ref="4624"/>
    <member type="way" role="right" ref="4625"/>
    <tag k="type" v="lanelet"/>
    <tag k="subtype" v="road"/>
    <tag k="speed_limit" v="30"/>
    <tag k="location" v="urban"/>
    <tag k="one_way" v="yes"/>
  </relation>
  <relation version="1" id="4623">
    <member type="way" role="left" ref="4620"/>
    <member type="way" role="right" ref="4622"/>
    <tag k="type" v="lanelet"/>
    <tag k="subtype" v="road"/>
    <tag k="speed_limit" v="30"/>
    <tag k="location" v="urban"/>
    <tag k="one_way" v="yes"/>
  </relation>
  <relation version="1" id="4631">
    <member type="way" role="left" ref="4625"/>
    <member type="way" role="right" ref="4630"/>
    <tag k="type" v="lanelet"/>
    <tag k="subtype" v="road_shoulder"/>
    <tag k="speed_limit" v="10"/>
    <tag k="location" v="urban"/>
    <tag k="one_way" v="yes"/>
  </relation>
  <relation version="1" id="4648">
    <member type="way" role="left" ref="4646"/>
    <member type="way" role="right" ref="4647"/>
    <tag k="type" v="lanelet"/>
    <tag k="subtype" v="road"/>
    <tag k="speed_limit" v="10"/>
    <tag k="location" v="urban"/>
    <tag k="one_way" v="yes"/>
    <tag k="turn_direction" v="straight"/>
  </relation>
  <relation version="1" id="4655">
    <member type="way" role="left" ref="4652"/>
    <member type="way" role="right" ref="4654"/>
    <tag k="type" v="lanelet"/>
    <tag k="subtype" v="road"/>
    <tag k="speed_limit" v="10"/>
    <tag k="location" v="urban"/>
    <tag k="one_way" v="yes"/>
  </relation>
  <relation version="1" id="4660">
    <member type="way" role="left" ref="4659"/>
    <member type="way" role="right" ref="4652"/>
    <tag k="type" v="lanelet"/>
    <tag k="subtype" v="road_shoulder"/>
    <tag k="speed_limit" v="10"/>
    <tag k="location" v="urban"/>
    <tag k="one_way" v="yes"/>
  </relation>
  <relation version="1" id="4718">
    <member type="way" role="left" ref="4716"/>
    <member type="way" role="right" ref="4717"/>
    <tag k="type" v="lanelet"/>
    <tag k="subtype" v="road"/>
    <tag k="speed_limit" v="10"/>
    <tag k="location" v="urban"/>
    <tag k="one_way" v="yes"/>
  </relation>
  <relation version="1" id="4750">
    <member type="way" role="left" ref="135"/>
    <member type="way" role="right" ref="4749"/>
    <tag k="type" v="lanelet"/>
    <tag k="subtype" v="road"/>
    <tag k="speed_limit" v="10"/>
    <tag k="location" v="urban"/>
    <tag k="one_way" v="yes"/>
  </relation>
  <relation version="1" id="4764">
    <member type="way" role="left" ref="4763"/>
    <member type="way" role="right" ref="557"/>
    <tag k="type" v="lanelet"/>
    <tag k="subtype" v="road"/>
    <tag k="speed_limit" v="10"/>
    <tag k="location" v="urban"/>
    <tag k="one_way" v="yes"/>
  </relation>
  <relation version="1" id="4770">
    <member type="way" role="left" ref="4768"/>
    <member type="way" role="right" ref="4769"/>
    <tag k="type" v="lanelet"/>
    <tag k="subtype" v="road"/>
    <tag k="speed_limit" v="10"/>
    <tag k="location" v="urban"/>
    <tag k="one_way" v="yes"/>
    <tag k="turn_direction" v="right"/>
  </relation>
  <relation version="1" id="4773">
    <member type="way" role="left" ref="4771"/>
    <member type="way" role="right" ref="4772"/>
    <tag k="type" v="lanelet"/>
    <tag k="subtype" v="road"/>
    <tag k="speed_limit" v="10"/>
    <tag k="location" v="urban"/>
    <tag k="one_way" v="yes"/>
    <tag k="turn_direction" v="left"/>
  </relation>
  <relation version="1" id="4802">
    <member type="way" role="left" ref="4800"/>
    <member type="way" role="right" ref="4801"/>
    <tag k="type" v="lanelet"/>
    <tag k="subtype" v="road"/>
    <tag k="speed_limit" v="30"/>
    <tag k="location" v="urban"/>
    <tag k="one_way" v="yes"/>
    <tag k="turn_direction" v="right"/>
  </relation>
  <relation version="1" id="4809">
    <member type="way" role="left" ref="4808"/>
    <member type="way" role="right" ref="4805"/>
    <tag k="type" v="lanelet"/>
    <tag k="subtype" v="road"/>
    <tag k="speed_limit" v="30"/>
    <tag k="location" v="urban"/>
    <tag k="one_way" v="yes"/>
  </relation>
  <relation version="1" id="4815">
    <member type="way" role="left" ref="4813"/>
    <member type="way" role="right" ref="4814"/>
    <tag k="type" v="lanelet"/>
    <tag k="subtype" v="road"/>
    <tag k="speed_limit" v="30"/>
    <tag k="location" v="urban"/>
    <tag k="one_way" v="yes"/>
  </relation>
  <relation version="1" id="4845">
    <member type="way" role="left" ref="4843"/>
    <member type="way" role="right" ref="4844"/>
    <tag k="type" v="lanelet"/>
    <tag k="subtype" v="road"/>
    <tag k="speed_limit" v="30"/>
    <tag k="location" v="urban"/>
    <tag k="one_way" v="yes"/>
    <tag k="turn_direction" v="right"/>
  </relation>
  <relation version="1" id="4870">
    <member type="way" role="left" ref="4868"/>
    <member type="way" role="right" ref="4869"/>
    <tag k="type" v="lanelet"/>
    <tag k="subtype" v="road"/>
    <tag k="speed_limit" v="30"/>
    <tag k="location" v="urban"/>
    <tag k="one_way" v="yes"/>
    <tag k="turn_direction" v="right"/>
  </relation>
  <relation version="1" id="4877">
    <member type="way" role="left" ref="4876"/>
    <member type="way" role="right" ref="4873"/>
    <tag k="type" v="lanelet"/>
    <tag k="subtype" v="road"/>
    <tag k="speed_limit" v="30"/>
    <tag k="location" v="urban"/>
    <tag k="one_way" v="yes"/>
  </relation>
  <relation version="1" id="4880">
    <member type="way" role="left" ref="4878"/>
    <member type="way" role="right" ref="4879"/>
    <tag k="type" v="lanelet"/>
    <tag k="subtype" v="road"/>
    <tag k="speed_limit" v="30"/>
    <tag k="location" v="urban"/>
    <tag k="one_way" v="yes"/>
  </relation>
  <relation version="1" id="4883">
    <member type="way" role="left" ref="4881"/>
    <member type="way" role="right" ref="4882"/>
    <tag k="type" v="lanelet"/>
    <tag k="subtype" v="road"/>
    <tag k="speed_limit" v="30"/>
    <tag k="location" v="urban"/>
    <tag k="one_way" v="yes"/>
    <tag k="turn_direction" v="right"/>
  </relation>
  <relation version="1" id="4888">
    <member type="way" role="left" ref="4886"/>
    <member type="way" role="right" ref="4887"/>
    <tag k="type" v="lanelet"/>
    <tag k="subtype" v="road"/>
    <tag k="speed_limit" v="30"/>
    <tag k="location" v="urban"/>
    <tag k="one_way" v="yes"/>
    <tag k="turn_direction" v="right"/>
  </relation>
  <relation version="1" id="4897">
    <member type="way" role="left" ref="4896"/>
    <member type="way" role="right" ref="4893"/>
    <tag k="type" v="lanelet"/>
    <tag k="subtype" v="road"/>
    <tag k="speed_limit" v="30"/>
    <tag k="location" v="urban"/>
    <tag k="one_way" v="yes"/>
  </relation>
  <relation version="1" id="4972">
    <member type="way" role="left" ref="4971"/>
    <member type="way" role="right" ref="4969"/>
    <tag k="type" v="lanelet"/>
    <tag k="subtype" v="road"/>
    <tag k="speed_limit" v="30"/>
    <tag k="location" v="urban"/>
    <tag k="one_way" v="yes"/>
  </relation>
  <relation version="1" id="4979">
    <member type="way" role="left" ref="4978"/>
    <member type="way" role="right" ref="4976"/>
    <tag k="type" v="lanelet"/>
    <tag k="subtype" v="road"/>
    <tag k="speed_limit" v="30"/>
    <tag k="location" v="urban"/>
    <tag k="one_way" v="yes"/>
  </relation>
  <relation version="1" id="4988">
    <member type="way" role="left" ref="4987"/>
    <member type="way" role="right" ref="4984"/>
    <tag k="type" v="lanelet"/>
    <tag k="subtype" v="road"/>
    <tag k="speed_limit" v="30"/>
    <tag k="location" v="urban"/>
    <tag k="one_way" v="yes"/>
  </relation>
  <relation version="1" id="4991">
    <member type="way" role="left" ref="4989"/>
    <member type="way" role="right" ref="4990"/>
    <tag k="type" v="lanelet"/>
    <tag k="subtype" v="road"/>
    <tag k="speed_limit" v="30"/>
    <tag k="location" v="urban"/>
    <tag k="one_way" v="yes"/>
    <tag k="turn_direction" v="right"/>
  </relation>
  <relation version="1" id="4998">
    <member type="way" role="left" ref="4997"/>
    <member type="way" role="right" ref="4995"/>
    <tag k="type" v="lanelet"/>
    <tag k="subtype" v="road"/>
    <tag k="speed_limit" v="30"/>
    <tag k="location" v="urban"/>
    <tag k="one_way" v="yes"/>
  </relation>
  <relation version="1" id="5005">
    <member type="way" role="left" ref="5004"/>
    <member type="way" role="right" ref="5002"/>
    <tag k="type" v="lanelet"/>
    <tag k="subtype" v="road"/>
    <tag k="speed_limit" v="30"/>
    <tag k="location" v="urban"/>
    <tag k="one_way" v="yes"/>
  </relation>
  <relation version="1" id="5010">
    <member type="way" role="left" ref="5008"/>
    <member type="way" role="right" ref="5009"/>
    <tag k="type" v="lanelet"/>
    <tag k="subtype" v="road"/>
    <tag k="speed_limit" v="30"/>
    <tag k="location" v="urban"/>
    <tag k="one_way" v="yes"/>
    <tag k="turn_direction" v="right"/>
  </relation>
  <relation version="1" id="5047">
    <member type="way" role="left" ref="5045"/>
    <member type="way" role="right" ref="5046"/>
    <tag k="type" v="lanelet"/>
    <tag k="subtype" v="road"/>
    <tag k="speed_limit" v="20"/>
    <tag k="location" v="urban"/>
    <tag k="one_way" v="yes"/>
    <tag k="turn_direction" v="right"/>
  </relation>
  <relation version="1" id="5050">
    <member type="way" role="left" ref="5048"/>
    <member type="way" role="right" ref="5049"/>
    <tag k="type" v="lanelet"/>
    <tag k="subtype" v="road"/>
    <tag k="speed_limit" v="30"/>
    <tag k="location" v="urban"/>
    <tag k="one_way" v="yes"/>
    <tag k="turn_direction" v="right"/>
  </relation>
  <relation version="1" id="5264">
    <member type="way" role="left" ref="5263"/>
    <member type="way" role="right" ref="5260"/>
    <tag k="type" v="lanelet"/>
    <tag k="subtype" v="crosswalk"/>
    <tag k="speed_limit" v="10"/>
    <tag k="location" v="urban"/>
    <tag k="one_way" v="no"/>
  </relation>
  <relation version="1" id="5280">
    <member type="way" role="left" ref="5279"/>
    <member type="way" role="right" ref="5276"/>
    <tag k="type" v="lanelet"/>
    <tag k="subtype" v="crosswalk"/>
    <tag k="speed_limit" v="10"/>
    <tag k="location" v="urban"/>
    <tag k="one_way" v="no"/>
  </relation>
  <relation version="1" id="5287">
    <member type="way" role="left" ref="5286"/>
    <member type="way" role="right" ref="5283"/>
    <tag k="type" v="lanelet"/>
    <tag k="subtype" v="crosswalk"/>
    <tag k="speed_limit" v="10"/>
    <tag k="location" v="urban"/>
    <tag k="one_way" v="no"/>
  </relation>
  <relation version="1" id="5292">
    <member type="way" role="left" ref="5291"/>
    <member type="way" role="right" ref="5289"/>
    <tag k="type" v="lanelet"/>
    <tag k="subtype" v="road"/>
    <tag k="speed_limit" v="20"/>
    <tag k="location" v="urban"/>
    <tag k="one_way" v="yes"/>
  </relation>
  <relation version="1" id="2590">
    <member type="way" role="ref_line" ref="2586"/>
    <member type="way" role="refers" ref="2589"/>
    <tag k="type" v="regulatory_element"/>
    <tag k="subtype" v="traffic_sign"/>
  </relation>
  <relation version="1" id="4177">
    <member type="way" role="ref_line" ref="4173"/>
    <member type="way" role="refers" ref="4176"/>
    <tag k="type" v="regulatory_element"/>
    <tag k="subtype" v="traffic_sign"/>
  </relation>
  <relation version="1" id="5299">
    <member type="way" role="ref_line" ref="5295"/>
    <member type="way" role="refers" ref="5298"/>
    <tag k="type" v="regulatory_element"/>
    <tag k="subtype" v="traffic_sign"/>
  </relation>
</osm>
